session_id,participant_code,round_number,series_round,treated,paid_round,pay_for_data,paid_dummy,data_available,investment_amount,investment_share,return_forecast,belief_informative,informative,fin_quiz,self_literacy,overconfidence,gender_female,finance_course,age,trading_experience,risk_aversion,high_education,last_imbalance_1,last_return_1,next_return,seed
9vfoiax5,ttbhrq7x,3,8,1,1,1.0,1,1,5.0,5.2631578947368425,17.0,1.0,0.0,0.8333333333333334,8.0,-0.033333333333333326,0,1.0,22.0,1.0,8.0,1,8.30613918663683,15.3352032889933,19.2982240105404,11687
9vfoiax5,h6ra9n61,3,7,1,0,1.0,0,1,80.0,80.0,20.0,1.0,1.0,0.9166666666666666,9.0,-0.016666666666666607,0,1.0,21.0,1.0,6.0,1,-8.69500157023721,15.1796074842736,-4.77007384032043,11983
9vfoiax5,4tucoz6l,3,18,1,1,1.0,1,1,20.0,21.05263157894737,25.0,1.0,0.0,0.6666666666666666,3.0,-0.36666666666666664,1,0.0,21.0,0.0,7.0,1,10.1008360062988,15.3738697895262,17.9942787562462,930
9vfoiax5,47cbw4kl,3,13,1,1,1.0,1,1,15.0,15.789473684210526,20.0,1.0,1.0,0.9166666666666666,3.0,-0.6166666666666667,0,1.0,20.0,1.0,8.0,1,9.07079175282812,15.2098450069864,12.2928746925969,101
9vfoiax5,w1hg4dq2,3,19,1,0,1.0,0,1,5.0,5.0,15.0,0.0,0.0,0.6666666666666666,6.0,-0.06666666666666665,1,1.0,21.0,0.0,6.0,1,8.27693716878569,15.0728085690886,27.2611152781865,4107
9vfoiax5,2am1bt7m,3,9,1,0,1.0,0,1,5.0,5.0,12.0,1.0,1.0,0.5833333333333334,5.0,-0.08333333333333337,1,1.0,31.0,0.0,7.0,1,5.74536607212394,14.4738059185499,24.2659454381039,6569
9vfoiax5,f0dtgw15,3,18,1,0,1.0,0,1,75.0,75.0,25.0,0.0,0.0,0.8333333333333334,4.0,-0.43333333333333335,0,1.0,22.0,1.0,10.0,1,10.1008360062988,15.3738697895262,17.9942787562462,930
9vfoiax5,gtr4o4u4,3,11,1,1,1.0,1,1,0.0,0.0,5.0,0.0,0.0,0.9166666666666666,5.0,-0.41666666666666663,0,1.0,24.0,1.0,7.0,1,-10.6498152440075,15.1659550204512,37.6588629338984,798
9vfoiax5,edlvyy4x,3,9,1,1,1.0,1,1,20.0,21.05263157894737,20.0,1.0,1.0,1.0,8.0,-0.19999999999999996,0,1.0,31.0,0.0,6.0,1,5.74536607212394,14.4738059185499,24.2659454381039,6569
9vfoiax5,454urtzl,3,20,1,1,1.0,1,1,10.0,10.526315789473685,4.0,1.0,1.0,0.9166666666666666,4.0,-0.5166666666666666,0,1.0,22.0,0.0,4.0,1,-18.5046274258981,15.1098174886843,-8.79848578409706,3851
9vfoiax5,y7r9sa4u,3,5,1,0,0.0,0,1,0.0,0.0,12.0,1.0,1.0,0.9166666666666666,6.0,-0.31666666666666665,0,1.0,27.0,1.0,7.0,1,-12.6327970336565,14.7639768809906,-11.0647641062684,3118
9vfoiax5,pm665xdw,3,15,1,0,1.0,0,1,5.0,5.0,12.0,1.0,0.0,0.8333333333333334,3.0,-0.5333333333333334,0,0.0,22.0,0.0,8.0,1,-8.78871018746978,14.8851744288267,-0.723989516491677,10420
9vfoiax5,qgszrtu9,3,8,1,0,1.0,0,1,15.0,15.0,18.0,0.0,0.0,0.8333333333333334,5.0,-0.33333333333333337,0,1.0,21.0,0.0,6.0,1,8.30613918663683,15.3352032889933,19.2982240105404,11687
9vfoiax5,0z4ddbix,3,18,1,1,1.0,1,1,95.0,100.0,4.0,1.0,0.0,0.9166666666666666,7.0,-0.21666666666666667,0,0.0,37.0,1.0,8.0,1,10.1008360062988,15.3738697895262,17.9942787562462,930
9vfoiax5,t6rthajw,3,8,1,1,1.0,1,1,30.0,31.57894736842105,20.0,1.0,0.0,0.6666666666666666,6.0,-0.06666666666666665,0,0.0,23.0,1.0,7.0,1,8.30613918663683,15.3352032889933,19.2982240105404,11687
9vfoiax5,wel7w6gg,3,4,1,1,1.0,1,1,5.0,5.2631578947368425,15.0,1.0,1.0,0.9166666666666666,7.0,-0.21666666666666667,0,0.0,34.0,1.0,6.0,1,14.2517599224379,15.5718949491859,16.9752110267725,10145
9vfoiax5,u4dpd5wy,3,10,1,0,1.0,0,1,10.0,10.0,20.0,1.0,0.0,1.0,4.0,-0.6,0,0.0,29.0,0.0,3.0,1,-5.93528096088877,15.4765191734232,28.6089312735897,10682
9vfoiax5,y3uiqp3t,3,11,1,0,1.0,0,1,30.0,30.0,15.0,1.0,0.0,0.8333333333333334,6.0,-0.2333333333333334,0,1.0,21.0,1.0,8.0,1,-10.6498152440075,15.1659550204512,37.6588629338984,798
9vfoiax5,atqtlu6a,3,19,1,1,1.0,1,1,18.0,18.94736842105263,18.0,0.0,0.0,0.8333333333333334,3.0,-0.5333333333333334,0,0.0,22.0,0.0,5.0,1,8.27693716878569,15.0728085690886,27.2611152781865,4107
9vfoiax5,cuq5iz33,3,18,1,0,1.0,0,1,20.0,20.0,15.0,1.0,0.0,0.6666666666666666,9.0,0.2333333333333334,1,1.0,22.0,1.0,6.0,1,10.1008360062988,15.3738697895262,17.9942787562462,930
9vfoiax5,4yux8e22,3,19,1,1,1.0,1,1,5.0,5.2631578947368425,25.0,1.0,0.0,0.9166666666666666,6.0,-0.31666666666666665,0,0.0,43.0,1.0,11.0,1,8.27693716878569,15.0728085690886,27.2611152781865,4107
9vfoiax5,f291tr7u,3,19,1,1,1.0,1,1,75.0,78.94736842105263,17.0,0.0,0.0,0.8333333333333334,3.0,-0.5333333333333334,1,0.0,29.0,0.0,6.0,1,8.27693716878569,15.0728085690886,27.2611152781865,4107
9vfoiax5,w3cukoe0,3,10,1,0,1.0,0,1,15.0,15.0,17.0,0.0,0.0,0.6666666666666666,1.0,-0.5666666666666667,1,0.0,22.0,0.0,5.0,1,-5.93528096088877,15.4765191734232,28.6089312735897,10682
9vfoiax5,4zd5ned9,3,12,1,1,0.0,0,0,5.0,5.0,11.0,,1.0,0.75,5.0,-0.25,0,1.0,22.0,1.0,6.0,1,8.37348426153206,15.5031697191143,30.3829281992374,1434
9vfoiax5,mknb67le,3,5,1,0,1.0,0,1,5.0,5.0,-8.0,1.0,1.0,0.75,4.0,-0.35,1,1.0,22.0,0.0,10.0,1,-12.6327970336565,14.7639768809906,-11.0647641062684,3118
9vfoiax5,sp03734d,3,11,1,1,1.0,1,1,2.0,2.1052631578947367,10.0,0.0,0.0,0.75,6.0,-0.15000000000000002,0,1.0,22.0,0.0,7.0,1,-10.6498152440075,15.1659550204512,37.6588629338984,798
9vfoiax5,m7hitpc7,3,5,1,0,1.0,0,1,10.0,10.0,10.0,1.0,1.0,0.75,6.0,-0.15000000000000002,0,0.0,22.0,0.0,6.0,1,-12.6327970336565,14.7639768809906,-11.0647641062684,3118
9vfoiax5,92y585sb,3,13,1,1,1.0,1,1,35.0,36.8421052631579,21.5,1.0,1.0,0.8333333333333334,5.0,-0.33333333333333337,0,1.0,23.0,1.0,6.0,1,9.07079175282812,15.2098450069864,12.2928746925969,101
9vfoiax5,ki9t1ots,3,19,1,0,1.0,0,1,10.0,10.0,14.0,0.0,0.0,0.75,3.0,-0.45,0,1.0,23.0,1.0,10.0,1,8.27693716878569,15.0728085690886,27.2611152781865,4107
9vfoiax5,8ygvklh3,3,3,1,0,1.0,0,1,15.0,15.0,20.0,1.0,1.0,0.9166666666666666,6.0,-0.31666666666666665,0,0.0,29.0,1.0,5.0,1,7.35487993020429,14.5282644745692,16.8775714200622,5385
9vfoiax5,j6pfvo4x,3,11,1,0,1.0,0,1,5.0,5.0,16.0,1.0,0.0,0.5833333333333334,4.0,-0.18333333333333335,1,0.0,21.0,0.0,7.0,1,-10.6498152440075,15.1659550204512,37.6588629338984,798
9vfoiax5,mrwqmc94,3,12,1,1,1.0,1,1,15.0,15.789473684210526,18.0,1.0,1.0,0.5833333333333334,8.0,0.21666666666666667,0,1.0,22.0,1.0,8.0,1,8.37348426153206,15.5031697191143,30.3829281992374,1434
9vfoiax5,8lotxa0v,3,20,1,1,1.0,1,1,95.0,100.0,16.0,0.0,1.0,0.9166666666666666,7.0,-0.21666666666666667,1,1.0,21.0,1.0,7.0,1,-18.5046274258981,15.1098174886843,-8.79848578409706,3851
9vfoiax5,zy0t07g5,3,18,1,0,1.0,0,1,100.0,100.0,20.0,1.0,0.0,0.6666666666666666,3.0,-0.36666666666666664,0,0.0,31.0,0.0,8.0,1,10.1008360062988,15.3738697895262,17.9942787562462,930
9vfoiax5,zs0yllk7,3,15,1,1,1.0,1,1,95.0,100.0,25.0,0.0,0.0,0.5833333333333334,5.0,-0.08333333333333337,1,1.0,23.0,1.0,1.0,1,-8.78871018746978,14.8851744288267,-0.723989516491677,10420
9vfoiax5,9ozs75r2,3,11,1,0,1.0,0,1,15.0,15.0,12.0,0.0,0.0,0.8333333333333334,6.0,-0.2333333333333334,0,1.0,27.0,1.0,4.0,1,-10.6498152440075,15.1659550204512,37.6588629338984,798
9vfoiax5,nn4f2puj,3,7,1,0,1.0,0,1,40.0,40.0,15.0,1.0,1.0,0.6666666666666666,5.0,-0.16666666666666663,1,0.0,22.0,1.0,6.0,1,-8.69500157023721,15.1796074842736,-4.77007384032043,11983
9vfoiax5,ttbhrq7x,4,19,1,1,0.0,0,0,10.0,10.0,15.0,,0.0,0.8333333333333334,8.0,-0.033333333333333326,0,1.0,22.0,1.0,8.0,1,8.27693716878569,15.0728085690886,27.2611152781865,4107
9vfoiax5,h6ra9n61,4,12,1,0,1.0,0,1,80.0,80.0,20.0,1.0,1.0,0.9166666666666666,9.0,-0.016666666666666607,0,1.0,21.0,1.0,6.0,1,8.37348426153206,15.5031697191143,30.3829281992374,1434
9vfoiax5,4tucoz6l,4,14,1,0,0.0,0,1,15.0,15.0,8.95,1.0,0.0,0.6666666666666666,3.0,-0.36666666666666664,1,0.0,21.0,0.0,7.0,1,-18.6939033943952,15.2594062687008,5.87642608043333,8378
9vfoiax5,47cbw4kl,4,12,1,1,1.0,1,1,95.0,100.0,19.0,1.0,1.0,0.9166666666666666,3.0,-0.6166666666666667,0,1.0,20.0,1.0,8.0,1,8.37348426153206,15.5031697191143,30.3829281992374,1434
9vfoiax5,w1hg4dq2,4,12,1,0,1.0,0,1,5.0,5.0,20.0,1.0,1.0,0.6666666666666666,6.0,-0.06666666666666665,1,1.0,21.0,0.0,6.0,1,8.37348426153206,15.5031697191143,30.3829281992374,1434
9vfoiax5,2am1bt7m,4,13,1,1,1.0,1,1,10.0,10.526315789473685,22.0,1.0,1.0,0.5833333333333334,5.0,-0.08333333333333337,1,1.0,31.0,0.0,7.0,1,9.07079175282812,15.2098450069864,12.2928746925969,101
9vfoiax5,f0dtgw15,4,13,1,1,1.0,1,1,75.0,78.94736842105263,25.0,1.0,1.0,0.8333333333333334,4.0,-0.43333333333333335,0,1.0,22.0,1.0,10.0,1,9.07079175282812,15.2098450069864,12.2928746925969,101
9vfoiax5,gtr4o4u4,4,10,1,0,1.0,0,1,0.0,0.0,10.0,0.0,0.0,0.9166666666666666,5.0,-0.41666666666666663,0,1.0,24.0,1.0,7.0,1,-5.93528096088877,15.4765191734232,28.6089312735897,10682
9vfoiax5,edlvyy4x,4,20,1,0,1.0,0,1,15.0,15.0,5.0,1.0,1.0,1.0,8.0,-0.19999999999999996,0,1.0,31.0,0.0,6.0,1,-18.5046274258981,15.1098174886843,-8.79848578409706,3851
9vfoiax5,454urtzl,4,14,1,1,0.0,0,0,100.0,100.0,20.0,,0.0,0.9166666666666666,4.0,-0.5166666666666666,0,1.0,22.0,0.0,4.0,1,-18.6939033943952,15.2594062687008,5.87642608043333,8378
9vfoiax5,y7r9sa4u,4,17,1,1,0.0,0,0,50.0,50.0,17.0,,0.0,0.9166666666666666,6.0,-0.31666666666666665,0,1.0,27.0,1.0,7.0,1,11.8143050187262,15.4620400803003,22.9090225541578,4521
9vfoiax5,pm665xdw,4,18,1,0,0.0,0,1,20.0,20.0,10.0,1.0,0.0,0.8333333333333334,3.0,-0.5333333333333334,0,0.0,22.0,0.0,8.0,1,10.1008360062988,15.3738697895262,17.9942787562462,930
9vfoiax5,qgszrtu9,4,11,1,1,1.0,1,1,15.0,15.789473684210526,17.0,1.0,0.0,0.8333333333333334,5.0,-0.33333333333333337,0,1.0,21.0,0.0,6.0,1,-10.6498152440075,15.1659550204512,37.6588629338984,798
9vfoiax5,0z4ddbix,4,13,1,0,1.0,0,1,100.0,100.0,5.0,0.0,1.0,0.9166666666666666,7.0,-0.21666666666666667,0,0.0,37.0,1.0,8.0,1,9.07079175282812,15.2098450069864,12.2928746925969,101
9vfoiax5,t6rthajw,4,15,1,1,0.0,0,0,0.0,0.0,-5.0,,0.0,0.6666666666666666,6.0,-0.06666666666666665,0,0.0,23.0,1.0,7.0,1,-8.78871018746978,14.8851744288267,-0.723989516491677,10420
9vfoiax5,wel7w6gg,4,13,1,1,0.0,0,0,10.0,10.0,15.0,,1.0,0.9166666666666666,7.0,-0.21666666666666667,0,0.0,34.0,1.0,6.0,1,9.07079175282812,15.2098450069864,12.2928746925969,101
9vfoiax5,u4dpd5wy,4,13,1,1,1.0,1,1,15.0,15.789473684210526,25.0,1.0,1.0,1.0,4.0,-0.6,0,0.0,29.0,0.0,3.0,1,9.07079175282812,15.2098450069864,12.2928746925969,101
9vfoiax5,y3uiqp3t,4,5,1,1,0.0,0,0,60.0,60.0,25.0,,1.0,0.8333333333333334,6.0,-0.2333333333333334,0,1.0,21.0,1.0,8.0,1,-12.6327970336565,14.7639768809906,-11.0647641062684,3118
9vfoiax5,atqtlu6a,4,4,1,0,0.0,0,1,70.0,70.0,23.0,1.0,1.0,0.8333333333333334,3.0,-0.5333333333333334,0,0.0,22.0,0.0,5.0,1,14.2517599224379,15.5718949491859,16.9752110267725,10145
9vfoiax5,cuq5iz33,4,10,1,1,1.0,1,1,10.0,10.526315789473685,8.0,0.0,0.0,0.6666666666666666,9.0,0.2333333333333334,1,1.0,22.0,1.0,6.0,1,-5.93528096088877,15.4765191734232,28.6089312735897,10682
9vfoiax5,4yux8e22,4,15,1,0,1.0,0,1,7.0,7.0,20.0,1.0,0.0,0.9166666666666666,6.0,-0.31666666666666665,0,0.0,43.0,1.0,11.0,1,-8.78871018746978,14.8851744288267,-0.723989516491677,10420
9vfoiax5,f291tr7u,4,18,1,1,1.0,1,1,75.0,78.94736842105263,20.0,0.0,0.0,0.8333333333333334,3.0,-0.5333333333333334,1,0.0,29.0,0.0,6.0,1,10.1008360062988,15.3738697895262,17.9942787562462,930
9vfoiax5,w3cukoe0,4,12,1,0,1.0,0,1,10.0,10.0,15.0,1.0,1.0,0.6666666666666666,1.0,-0.5666666666666667,1,0.0,22.0,0.0,5.0,1,8.37348426153206,15.5031697191143,30.3829281992374,1434
9vfoiax5,4zd5ned9,4,3,1,1,0.0,0,0,25.0,25.0,25.0,,1.0,0.75,5.0,-0.25,0,1.0,22.0,1.0,6.0,1,7.35487993020429,14.5282644745692,16.8775714200622,5385
9vfoiax5,mknb67le,4,13,1,1,1.0,1,1,5.0,5.2631578947368425,18.0,1.0,1.0,0.75,4.0,-0.35,1,1.0,22.0,0.0,10.0,1,9.07079175282812,15.2098450069864,12.2928746925969,101
9vfoiax5,sp03734d,4,3,1,0,0.0,0,1,10.0,10.0,18.0,1.0,1.0,0.75,6.0,-0.15000000000000002,0,1.0,22.0,0.0,7.0,1,7.35487993020429,14.5282644745692,16.8775714200622,5385
9vfoiax5,m7hitpc7,4,18,1,0,0.0,0,1,10.0,10.0,10.0,1.0,0.0,0.75,6.0,-0.15000000000000002,0,0.0,22.0,0.0,6.0,1,10.1008360062988,15.3738697895262,17.9942787562462,930
9vfoiax5,92y585sb,4,19,1,0,1.0,0,1,80.0,80.0,18.5,0.0,0.0,0.8333333333333334,5.0,-0.33333333333333337,0,1.0,23.0,1.0,6.0,1,8.27693716878569,15.0728085690886,27.2611152781865,4107
9vfoiax5,ki9t1ots,4,3,1,1,0.0,0,0,5.0,5.0,21.0,,1.0,0.75,3.0,-0.45,0,1.0,23.0,1.0,10.0,1,7.35487993020429,14.5282644745692,16.8775714200622,5385
9vfoiax5,8ygvklh3,4,15,1,0,0.0,0,1,5.0,5.0,7.0,0.0,0.0,0.9166666666666666,6.0,-0.31666666666666665,0,0.0,29.0,1.0,5.0,1,-8.78871018746978,14.8851744288267,-0.723989516491677,10420
9vfoiax5,j6pfvo4x,4,16,1,1,0.0,0,0,1.0,1.0,25.0,,1.0,0.5833333333333334,4.0,-0.18333333333333335,1,0.0,21.0,0.0,7.0,1,-10.7034666037922,15.0827396168302,6.32159774566318,1887
9vfoiax5,mrwqmc94,4,14,1,0,1.0,0,1,0.0,0.0,10.0,0.0,0.0,0.5833333333333334,8.0,0.21666666666666667,0,1.0,22.0,1.0,8.0,1,-18.6939033943952,15.2594062687008,5.87642608043333,8378
9vfoiax5,8lotxa0v,4,3,1,1,0.0,0,0,100.0,100.0,8.0,,1.0,0.9166666666666666,7.0,-0.21666666666666667,1,1.0,21.0,1.0,7.0,1,7.35487993020429,14.5282644745692,16.8775714200622,5385
9vfoiax5,zy0t07g5,4,16,1,1,1.0,1,1,0.0,0.0,0.0,1.0,1.0,0.6666666666666666,3.0,-0.36666666666666664,0,0.0,31.0,0.0,8.0,1,-10.7034666037922,15.0827396168302,6.32159774566318,1887
9vfoiax5,zs0yllk7,4,9,1,1,1.0,1,1,95.0,100.0,15.0,0.0,1.0,0.5833333333333334,5.0,-0.08333333333333337,1,1.0,23.0,1.0,1.0,1,5.74536607212394,14.4738059185499,24.2659454381039,6569
9vfoiax5,9ozs75r2,4,14,1,1,0.0,0,0,0.0,0.0,-5.0,,0.0,0.8333333333333334,6.0,-0.2333333333333334,0,1.0,27.0,1.0,4.0,1,-18.6939033943952,15.2594062687008,5.87642608043333,8378
9vfoiax5,nn4f2puj,4,5,1,1,0.0,0,0,20.0,20.0,15.0,,1.0,0.6666666666666666,5.0,-0.16666666666666663,1,0.0,22.0,1.0,6.0,1,-12.6327970336565,14.7639768809906,-11.0647641062684,3118
9vfoiax5,ttbhrq7x,5,3,1,0,0.0,0,1,10.0,10.0,20.0,1.0,1.0,0.8333333333333334,8.0,-0.033333333333333326,0,1.0,22.0,1.0,8.0,1,7.35487993020429,14.5282644745692,16.8775714200622,5385
9vfoiax5,h6ra9n61,5,20,1,1,1.0,1,1,95.0,100.0,20.0,1.0,1.0,0.9166666666666666,9.0,-0.016666666666666607,0,1.0,21.0,1.0,6.0,1,-18.5046274258981,15.1098174886843,-8.79848578409706,3851
9vfoiax5,4tucoz6l,5,20,1,1,0.0,0,0,15.0,15.0,15.0,,1.0,0.6666666666666666,3.0,-0.36666666666666664,1,0.0,21.0,0.0,7.0,1,-18.5046274258981,15.1098174886843,-8.79848578409706,3851
9vfoiax5,47cbw4kl,5,6,1,0,1.0,0,1,0.0,0.0,12.0,1.0,0.0,0.9166666666666666,3.0,-0.6166666666666667,0,1.0,20.0,1.0,8.0,1,-11.2220986754594,14.8724659161298,22.4078126217597,1097
9vfoiax5,w1hg4dq2,5,6,1,0,1.0,0,1,5.0,5.0,15.0,0.0,0.0,0.6666666666666666,6.0,-0.06666666666666665,1,1.0,21.0,0.0,6.0,1,-11.2220986754594,14.8724659161298,22.4078126217597,1097
9vfoiax5,2am1bt7m,5,3,1,1,0.0,0,0,5.0,5.0,20.0,,1.0,0.5833333333333334,5.0,-0.08333333333333337,1,1.0,31.0,0.0,7.0,1,7.35487993020429,14.5282644745692,16.8775714200622,5385
9vfoiax5,f0dtgw15,5,19,1,0,1.0,0,1,20.0,20.0,12.0,0.0,0.0,0.8333333333333334,4.0,-0.43333333333333335,0,1.0,22.0,1.0,10.0,1,8.27693716878569,15.0728085690886,27.2611152781865,4107
9vfoiax5,gtr4o4u4,5,17,1,0,1.0,0,1,5.0,5.0,20.0,0.0,0.0,0.9166666666666666,5.0,-0.41666666666666663,0,1.0,24.0,1.0,7.0,1,11.8143050187262,15.4620400803003,22.9090225541578,4521
9vfoiax5,edlvyy4x,5,12,1,1,1.0,1,1,20.0,21.05263157894737,10.0,1.0,1.0,1.0,8.0,-0.19999999999999996,0,1.0,31.0,0.0,6.0,1,8.37348426153206,15.5031697191143,30.3829281992374,1434
9vfoiax5,454urtzl,5,12,1,0,1.0,0,1,100.0,100.0,15.0,0.0,1.0,0.9166666666666666,4.0,-0.5166666666666666,0,1.0,22.0,0.0,4.0,1,8.37348426153206,15.5031697191143,30.3829281992374,1434
9vfoiax5,y7r9sa4u,5,18,1,0,1.0,0,1,50.0,50.0,18.0,1.0,0.0,0.9166666666666666,6.0,-0.31666666666666665,0,1.0,27.0,1.0,7.0,1,10.1008360062988,15.3738697895262,17.9942787562462,930
9vfoiax5,pm665xdw,5,9,1,0,1.0,0,1,5.0,5.0,15.0,0.0,1.0,0.8333333333333334,3.0,-0.5333333333333334,0,0.0,22.0,0.0,8.0,1,5.74536607212394,14.4738059185499,24.2659454381039,6569
9vfoiax5,qgszrtu9,5,15,1,1,0.0,0,0,10.0,10.0,20.0,,0.0,0.8333333333333334,5.0,-0.33333333333333337,0,1.0,21.0,0.0,6.0,1,-8.78871018746978,14.8851744288267,-0.723989516491677,10420
9vfoiax5,0z4ddbix,5,4,1,1,1.0,1,1,95.0,100.0,15.0,1.0,1.0,0.9166666666666666,7.0,-0.21666666666666667,0,0.0,37.0,1.0,8.0,1,14.2517599224379,15.5718949491859,16.9752110267725,10145
9vfoiax5,t6rthajw,5,12,1,0,1.0,0,1,25.0,25.0,18.0,0.0,1.0,0.6666666666666666,6.0,-0.06666666666666665,0,0.0,23.0,1.0,7.0,1,8.37348426153206,15.5031697191143,30.3829281992374,1434
9vfoiax5,wel7w6gg,5,3,1,0,1.0,0,1,15.0,15.0,15.0,1.0,1.0,0.9166666666666666,7.0,-0.21666666666666667,0,0.0,34.0,1.0,6.0,1,7.35487993020429,14.5282644745692,16.8775714200622,5385
9vfoiax5,u4dpd5wy,5,6,1,0,1.0,0,1,10.0,10.0,10.0,0.0,0.0,1.0,4.0,-0.6,0,0.0,29.0,0.0,3.0,1,-11.2220986754594,14.8724659161298,22.4078126217597,1097
9vfoiax5,y3uiqp3t,5,9,1,1,1.0,1,1,60.0,63.1578947368421,20.0,0.0,1.0,0.8333333333333334,6.0,-0.2333333333333334,0,1.0,21.0,1.0,8.0,1,5.74536607212394,14.4738059185499,24.2659454381039,6569
9vfoiax5,atqtlu6a,5,18,1,1,0.0,0,0,30.0,30.0,20.0,,0.0,0.8333333333333334,3.0,-0.5333333333333334,0,0.0,22.0,0.0,5.0,1,10.1008360062988,15.3738697895262,17.9942787562462,930
9vfoiax5,cuq5iz33,5,20,1,1,1.0,1,1,50.0,52.63157894736842,10.0,0.0,1.0,0.6666666666666666,9.0,0.2333333333333334,1,1.0,22.0,1.0,6.0,1,-18.5046274258981,15.1098174886843,-8.79848578409706,3851
9vfoiax5,4yux8e22,5,14,1,1,1.0,1,1,5.0,5.2631578947368425,25.0,1.0,0.0,0.9166666666666666,6.0,-0.31666666666666665,0,0.0,43.0,1.0,11.0,1,-18.6939033943952,15.2594062687008,5.87642608043333,8378
9vfoiax5,f291tr7u,5,10,1,1,1.0,1,1,95.0,100.0,15.0,0.0,0.0,0.8333333333333334,3.0,-0.5333333333333334,1,0.0,29.0,0.0,6.0,1,-5.93528096088877,15.4765191734232,28.6089312735897,10682
9vfoiax5,w3cukoe0,5,18,1,0,1.0,0,1,10.0,10.0,0.0,0.0,0.0,0.6666666666666666,1.0,-0.5666666666666667,1,0.0,22.0,0.0,5.0,1,10.1008360062988,15.3738697895262,17.9942787562462,930
9vfoiax5,4zd5ned9,5,7,1,0,1.0,0,1,10.0,10.0,5.0,1.0,1.0,0.75,5.0,-0.25,0,1.0,22.0,1.0,6.0,1,-8.69500157023721,15.1796074842736,-4.77007384032043,11983
9vfoiax5,mknb67le,5,7,1,0,1.0,0,1,10.0,10.0,10.0,1.0,1.0,0.75,4.0,-0.35,1,1.0,22.0,0.0,10.0,1,-8.69500157023721,15.1796074842736,-4.77007384032043,11983
9vfoiax5,sp03734d,5,15,1,0,1.0,0,1,20.0,20.0,10.0,0.0,0.0,0.75,6.0,-0.15000000000000002,0,1.0,22.0,0.0,7.0,1,-8.78871018746978,14.8851744288267,-0.723989516491677,10420
9vfoiax5,m7hitpc7,5,3,1,0,1.0,0,1,10.0,10.0,17.0,1.0,1.0,0.75,6.0,-0.15000000000000002,0,0.0,22.0,0.0,6.0,1,7.35487993020429,14.5282644745692,16.8775714200622,5385
9vfoiax5,92y585sb,5,14,1,1,1.0,1,1,77.0,81.05263157894737,-5.0,1.0,0.0,0.8333333333333334,5.0,-0.33333333333333337,0,1.0,23.0,1.0,6.0,1,-18.6939033943952,15.2594062687008,5.87642608043333,8378
9vfoiax5,ki9t1ots,5,9,1,0,0.0,0,1,5.0,5.0,14.0,1.0,1.0,0.75,3.0,-0.45,0,1.0,23.0,1.0,10.0,1,5.74536607212394,14.4738059185499,24.2659454381039,6569
9vfoiax5,8ygvklh3,5,9,1,1,0.0,0,0,10.0,10.0,15.0,,1.0,0.9166666666666666,6.0,-0.31666666666666665,0,0.0,29.0,1.0,5.0,1,5.74536607212394,14.4738059185499,24.2659454381039,6569
9vfoiax5,j6pfvo4x,5,14,1,1,1.0,1,1,5.0,5.2631578947368425,20.0,0.0,0.0,0.5833333333333334,4.0,-0.18333333333333335,1,0.0,21.0,0.0,7.0,1,-18.6939033943952,15.2594062687008,5.87642608043333,8378
9vfoiax5,mrwqmc94,5,4,1,1,1.0,1,1,80.0,84.21052631578948,30.0,1.0,1.0,0.5833333333333334,8.0,0.21666666666666667,0,1.0,22.0,1.0,8.0,1,14.2517599224379,15.5718949491859,16.9752110267725,10145
9vfoiax5,8lotxa0v,5,6,1,0,0.0,0,1,100.0,100.0,18.0,1.0,0.0,0.9166666666666666,7.0,-0.21666666666666667,1,1.0,21.0,1.0,7.0,1,-11.2220986754594,14.8724659161298,22.4078126217597,1097
9vfoiax5,zy0t07g5,5,14,1,1,0.0,0,0,50.0,50.0,12.0,,0.0,0.6666666666666666,3.0,-0.36666666666666664,0,0.0,31.0,0.0,8.0,1,-18.6939033943952,15.2594062687008,5.87642608043333,8378
9vfoiax5,zs0yllk7,5,13,1,0,1.0,0,1,100.0,100.0,25.0,1.0,1.0,0.5833333333333334,5.0,-0.08333333333333337,1,1.0,23.0,1.0,1.0,1,9.07079175282812,15.2098450069864,12.2928746925969,101
9vfoiax5,9ozs75r2,5,3,1,1,1.0,1,1,20.0,21.05263157894737,20.0,1.0,1.0,0.8333333333333334,6.0,-0.2333333333333334,0,1.0,27.0,1.0,4.0,1,7.35487993020429,14.5282644745692,16.8775714200622,5385
9vfoiax5,nn4f2puj,5,3,1,1,1.0,1,1,30.0,31.57894736842105,11.0,1.0,1.0,0.6666666666666666,5.0,-0.16666666666666663,1,0.0,22.0,1.0,6.0,1,7.35487993020429,14.5282644745692,16.8775714200622,5385
9vfoiax5,ttbhrq7x,6,12,1,0,1.0,0,1,10.0,10.0,15.0,0.0,1.0,0.8333333333333334,8.0,-0.033333333333333326,0,1.0,22.0,1.0,8.0,1,8.37348426153206,15.5031697191143,30.3829281992374,1434
9vfoiax5,h6ra9n61,6,19,1,1,1.0,1,1,95.0,100.0,20.0,0.0,0.0,0.9166666666666666,9.0,-0.016666666666666607,0,1.0,21.0,1.0,6.0,1,8.27693716878569,15.0728085690886,27.2611152781865,4107
9vfoiax5,4tucoz6l,6,4,1,1,1.0,1,1,35.0,36.8421052631579,27.0,1.0,1.0,0.6666666666666666,3.0,-0.36666666666666664,1,0.0,21.0,0.0,7.0,1,14.2517599224379,15.5718949491859,16.9752110267725,10145
9vfoiax5,47cbw4kl,6,14,1,0,1.0,0,1,15.0,15.0,17.0,0.0,0.0,0.9166666666666666,3.0,-0.6166666666666667,0,1.0,20.0,1.0,8.0,1,-18.6939033943952,15.2594062687008,5.87642608043333,8378
9vfoiax5,w1hg4dq2,6,11,1,0,1.0,0,1,5.0,5.0,12.0,0.0,0.0,0.6666666666666666,6.0,-0.06666666666666665,1,1.0,21.0,0.0,6.0,1,-10.6498152440075,15.1659550204512,37.6588629338984,798
9vfoiax5,2am1bt7m,6,11,1,1,0.0,0,0,10.0,10.0,27.0,,0.0,0.5833333333333334,5.0,-0.08333333333333337,1,1.0,31.0,0.0,7.0,1,-10.6498152440075,15.1659550204512,37.6588629338984,798
9vfoiax5,f0dtgw15,6,4,1,0,1.0,0,1,100.0,100.0,30.0,1.0,1.0,0.8333333333333334,4.0,-0.43333333333333335,0,1.0,22.0,1.0,10.0,1,14.2517599224379,15.5718949491859,16.9752110267725,10145
9vfoiax5,gtr4o4u4,6,4,1,0,1.0,0,1,20.0,20.0,25.0,1.0,1.0,0.9166666666666666,5.0,-0.41666666666666663,0,1.0,24.0,1.0,7.0,1,14.2517599224379,15.5718949491859,16.9752110267725,10145
9vfoiax5,edlvyy4x,6,18,1,0,1.0,0,1,25.0,25.0,20.0,0.0,0.0,1.0,8.0,-0.19999999999999996,0,1.0,31.0,0.0,6.0,1,10.1008360062988,15.3738697895262,17.9942787562462,930
9vfoiax5,454urtzl,6,4,1,0,1.0,0,1,100.0,100.0,33.0,1.0,1.0,0.9166666666666666,4.0,-0.5166666666666666,0,1.0,22.0,0.0,4.0,1,14.2517599224379,15.5718949491859,16.9752110267725,10145
9vfoiax5,y7r9sa4u,6,8,1,0,1.0,0,1,100.0,100.0,19.0,0.0,0.0,0.9166666666666666,6.0,-0.31666666666666665,0,1.0,27.0,1.0,7.0,1,8.30613918663683,15.3352032889933,19.2982240105404,11687
9vfoiax5,pm665xdw,6,14,1,1,1.0,1,1,0.0,0.0,5.0,1.0,0.0,0.8333333333333334,3.0,-0.5333333333333334,0,0.0,22.0,0.0,8.0,1,-18.6939033943952,15.2594062687008,5.87642608043333,8378
9vfoiax5,qgszrtu9,6,18,1,1,1.0,1,1,15.0,15.789473684210526,16.0,1.0,0.0,0.8333333333333334,5.0,-0.33333333333333337,0,1.0,21.0,0.0,6.0,1,10.1008360062988,15.3738697895262,17.9942787562462,930
9vfoiax5,0z4ddbix,6,7,1,0,1.0,0,1,0.0,0.0,-10.0,1.0,1.0,0.9166666666666666,7.0,-0.21666666666666667,0,0.0,37.0,1.0,8.0,1,-8.69500157023721,15.1796074842736,-4.77007384032043,11983
9vfoiax5,t6rthajw,6,20,1,1,0.0,0,0,45.0,45.0,22.0,,1.0,0.6666666666666666,6.0,-0.06666666666666665,0,0.0,23.0,1.0,7.0,1,-18.5046274258981,15.1098174886843,-8.79848578409706,3851
9vfoiax5,wel7w6gg,6,7,1,0,0.0,0,1,20.0,20.0,10.0,1.0,1.0,0.9166666666666666,7.0,-0.21666666666666667,0,0.0,34.0,1.0,6.0,1,-8.69500157023721,15.1796074842736,-4.77007384032043,11983
9vfoiax5,u4dpd5wy,6,15,1,1,1.0,1,1,15.0,15.789473684210526,20.0,0.0,0.0,1.0,4.0,-0.6,0,0.0,29.0,0.0,3.0,1,-8.78871018746978,14.8851744288267,-0.723989516491677,10420
9vfoiax5,y3uiqp3t,6,13,1,1,1.0,1,1,95.0,100.0,25.0,1.0,1.0,0.8333333333333334,6.0,-0.2333333333333334,0,1.0,21.0,1.0,8.0,1,9.07079175282812,15.2098450069864,12.2928746925969,101
9vfoiax5,atqtlu6a,6,9,1,1,1.0,1,1,70.0,73.6842105263158,25.0,1.0,1.0,0.8333333333333334,3.0,-0.5333333333333334,0,0.0,22.0,0.0,5.0,1,5.74536607212394,14.4738059185499,24.2659454381039,6569
9vfoiax5,cuq5iz33,6,16,1,0,1.0,0,1,60.0,60.0,20.0,1.0,1.0,0.6666666666666666,9.0,0.2333333333333334,1,1.0,22.0,1.0,6.0,1,-10.7034666037922,15.0827396168302,6.32159774566318,1887
9vfoiax5,4yux8e22,6,3,1,0,1.0,0,1,5.0,5.0,10.0,1.0,1.0,0.9166666666666666,6.0,-0.31666666666666665,0,0.0,43.0,1.0,11.0,1,7.35487993020429,14.5282644745692,16.8775714200622,5385
9vfoiax5,f291tr7u,6,17,1,0,1.0,0,1,100.0,100.0,20.0,0.0,0.0,0.8333333333333334,3.0,-0.5333333333333334,1,0.0,29.0,0.0,6.0,1,11.8143050187262,15.4620400803003,22.9090225541578,4521
9vfoiax5,w3cukoe0,6,19,1,1,1.0,1,1,5.0,5.2631578947368425,5.88,0.0,0.0,0.6666666666666666,1.0,-0.5666666666666667,1,0.0,22.0,0.0,5.0,1,8.27693716878569,15.0728085690886,27.2611152781865,4107
9vfoiax5,4zd5ned9,6,11,1,0,1.0,0,1,30.0,30.0,28.0,0.0,0.0,0.75,5.0,-0.25,0,1.0,22.0,1.0,6.0,1,-10.6498152440075,15.1659550204512,37.6588629338984,798
9vfoiax5,mknb67le,6,6,1,1,0.0,0,0,5.0,5.0,20.0,,0.0,0.75,4.0,-0.35,1,1.0,22.0,0.0,10.0,1,-11.2220986754594,14.8724659161298,22.4078126217597,1097
9vfoiax5,sp03734d,6,14,1,0,1.0,0,1,25.0,25.0,5.0,1.0,0.0,0.75,6.0,-0.15000000000000002,0,1.0,22.0,0.0,7.0,1,-18.6939033943952,15.2594062687008,5.87642608043333,8378
9vfoiax5,m7hitpc7,6,11,1,0,1.0,0,1,5.0,5.0,10.0,0.0,0.0,0.75,6.0,-0.15000000000000002,0,0.0,22.0,0.0,6.0,1,-10.6498152440075,15.1659550204512,37.6588629338984,798
9vfoiax5,92y585sb,6,7,1,0,1.0,0,1,90.0,90.0,10.0,1.0,1.0,0.8333333333333334,5.0,-0.33333333333333337,0,1.0,23.0,1.0,6.0,1,-8.69500157023721,15.1796074842736,-4.77007384032043,11983
9vfoiax5,ki9t1ots,6,6,1,0,0.0,0,1,5.0,5.0,13.0,0.0,0.0,0.75,3.0,-0.45,0,1.0,23.0,1.0,10.0,1,-11.2220986754594,14.8724659161298,22.4078126217597,1097
9vfoiax5,8ygvklh3,6,7,1,1,1.0,1,1,5.0,5.2631578947368425,10.0,1.0,1.0,0.9166666666666666,6.0,-0.31666666666666665,0,0.0,29.0,1.0,5.0,1,-8.69500157023721,15.1796074842736,-4.77007384032043,11983
9vfoiax5,j6pfvo4x,6,3,1,0,0.0,0,1,30.0,30.0,35.0,0.0,1.0,0.5833333333333334,4.0,-0.18333333333333335,1,0.0,21.0,0.0,7.0,1,7.35487993020429,14.5282644745692,16.8775714200622,5385
9vfoiax5,mrwqmc94,6,10,1,1,1.0,1,1,15.0,15.789473684210526,12.0,0.0,0.0,0.5833333333333334,8.0,0.21666666666666667,0,1.0,22.0,1.0,8.0,1,-5.93528096088877,15.4765191734232,28.6089312735897,10682
9vfoiax5,8lotxa0v,6,5,1,1,0.0,0,0,100.0,100.0,16.0,,1.0,0.9166666666666666,7.0,-0.21666666666666667,1,1.0,21.0,1.0,7.0,1,-12.6327970336565,14.7639768809906,-11.0647641062684,3118
9vfoiax5,zy0t07g5,6,17,1,1,1.0,1,1,95.0,100.0,20.0,1.0,0.0,0.6666666666666666,3.0,-0.36666666666666664,0,0.0,31.0,0.0,8.0,1,11.8143050187262,15.4620400803003,22.9090225541578,4521
9vfoiax5,zs0yllk7,6,10,1,0,1.0,0,1,100.0,100.0,25.0,0.0,0.0,0.5833333333333334,5.0,-0.08333333333333337,1,1.0,23.0,1.0,1.0,1,-5.93528096088877,15.4765191734232,28.6089312735897,10682
9vfoiax5,9ozs75r2,6,6,1,1,0.0,0,0,20.0,20.0,25.0,,0.0,0.8333333333333334,6.0,-0.2333333333333334,0,1.0,27.0,1.0,4.0,1,-11.2220986754594,14.8724659161298,22.4078126217597,1097
9vfoiax5,nn4f2puj,6,4,1,0,1.0,0,1,50.0,50.0,14.0,1.0,1.0,0.6666666666666666,5.0,-0.16666666666666663,1,0.0,22.0,1.0,6.0,1,14.2517599224379,15.5718949491859,16.9752110267725,10145
9vfoiax5,ttbhrq7x,7,5,1,1,1.0,1,1,10.0,10.526315789473685,10.0,1.0,1.0,0.8333333333333334,8.0,-0.033333333333333326,0,1.0,22.0,1.0,8.0,1,-12.6327970336565,14.7639768809906,-11.0647641062684,3118
9vfoiax5,h6ra9n61,7,14,1,1,0.0,0,0,100.0,100.0,20.0,,0.0,0.9166666666666666,9.0,-0.016666666666666607,0,1.0,21.0,1.0,6.0,1,-18.6939033943952,15.2594062687008,5.87642608043333,8378
9vfoiax5,4tucoz6l,7,5,1,1,1.0,1,1,25.0,26.31578947368421,11.0,1.0,1.0,0.6666666666666666,3.0,-0.36666666666666664,1,0.0,21.0,0.0,7.0,1,-12.6327970336565,14.7639768809906,-11.0647641062684,3118
9vfoiax5,47cbw4kl,7,18,1,0,1.0,0,1,80.0,80.0,25.0,0.0,0.0,0.9166666666666666,3.0,-0.6166666666666667,0,1.0,20.0,1.0,8.0,1,10.1008360062988,15.3738697895262,17.9942787562462,930
9vfoiax5,w1hg4dq2,7,5,1,0,1.0,0,1,5.0,5.0,20.0,1.0,1.0,0.6666666666666666,6.0,-0.06666666666666665,1,1.0,21.0,0.0,6.0,1,-12.6327970336565,14.7639768809906,-11.0647641062684,3118
9vfoiax5,2am1bt7m,7,17,1,0,0.0,0,1,5.0,5.0,25.0,0.0,0.0,0.5833333333333334,5.0,-0.08333333333333337,1,1.0,31.0,0.0,7.0,1,11.8143050187262,15.4620400803003,22.9090225541578,4521
9vfoiax5,f0dtgw15,7,9,1,0,1.0,0,1,75.0,75.0,20.0,1.0,1.0,0.8333333333333334,4.0,-0.43333333333333335,0,1.0,22.0,1.0,10.0,1,5.74536607212394,14.4738059185499,24.2659454381039,6569
9vfoiax5,gtr4o4u4,7,6,1,0,1.0,0,1,5.0,5.0,5.0,0.0,0.0,0.9166666666666666,5.0,-0.41666666666666663,0,1.0,24.0,1.0,7.0,1,-11.2220986754594,14.8724659161298,22.4078126217597,1097
9vfoiax5,edlvyy4x,7,17,1,0,1.0,0,1,25.0,25.0,25.0,0.0,0.0,1.0,8.0,-0.19999999999999996,0,1.0,31.0,0.0,6.0,1,11.8143050187262,15.4620400803003,22.9090225541578,4521
9vfoiax5,454urtzl,7,15,1,1,1.0,1,1,95.0,100.0,11.0,0.0,0.0,0.9166666666666666,4.0,-0.5166666666666666,0,1.0,22.0,0.0,4.0,1,-8.78871018746978,14.8851744288267,-0.723989516491677,10420
9vfoiax5,y7r9sa4u,7,10,1,1,1.0,1,1,0.0,0.0,13.0,1.0,0.0,0.9166666666666666,6.0,-0.31666666666666665,0,1.0,27.0,1.0,7.0,1,-5.93528096088877,15.4765191734232,28.6089312735897,10682
9vfoiax5,pm665xdw,7,19,1,0,0.0,0,1,50.0,50.0,15.0,0.0,0.0,0.8333333333333334,3.0,-0.5333333333333334,0,0.0,22.0,0.0,8.0,1,8.27693716878569,15.0728085690886,27.2611152781865,4107
9vfoiax5,qgszrtu9,7,19,1,0,1.0,0,1,20.0,20.0,20.0,1.0,0.0,0.8333333333333334,5.0,-0.33333333333333337,0,1.0,21.0,0.0,6.0,1,8.27693716878569,15.0728085690886,27.2611152781865,4107
9vfoiax5,0z4ddbix,7,10,1,1,1.0,1,1,0.0,0.0,-4.0,0.0,0.0,0.9166666666666666,7.0,-0.21666666666666667,0,0.0,37.0,1.0,8.0,1,-5.93528096088877,15.4765191734232,28.6089312735897,10682
9vfoiax5,t6rthajw,7,6,1,0,1.0,0,1,45.0,45.0,30.0,0.0,0.0,0.6666666666666666,6.0,-0.06666666666666665,0,0.0,23.0,1.0,7.0,1,-11.2220986754594,14.8724659161298,22.4078126217597,1097
9vfoiax5,wel7w6gg,7,18,1,1,1.0,1,1,25.0,26.31578947368421,12.5,0.0,0.0,0.9166666666666666,7.0,-0.21666666666666667,0,0.0,34.0,1.0,6.0,1,10.1008360062988,15.3738697895262,17.9942787562462,930
9vfoiax5,u4dpd5wy,7,3,1,0,1.0,0,1,25.0,25.0,25.0,1.0,1.0,1.0,4.0,-0.6,0,0.0,29.0,0.0,3.0,1,7.35487993020429,14.5282644745692,16.8775714200622,5385
9vfoiax5,y3uiqp3t,7,6,1,0,1.0,0,1,30.0,30.0,10.0,0.0,0.0,0.8333333333333334,6.0,-0.2333333333333334,0,1.0,21.0,1.0,8.0,1,-11.2220986754594,14.8724659161298,22.4078126217597,1097
9vfoiax5,atqtlu6a,7,8,1,1,1.0,1,1,50.0,52.63157894736842,18.0,0.0,0.0,0.8333333333333334,3.0,-0.5333333333333334,0,0.0,22.0,0.0,5.0,1,8.30613918663683,15.3352032889933,19.2982240105404,11687
9vfoiax5,cuq5iz33,7,9,1,1,0.0,0,0,80.0,80.0,10.0,,1.0,0.6666666666666666,9.0,0.2333333333333334,1,1.0,22.0,1.0,6.0,1,5.74536607212394,14.4738059185499,24.2659454381039,6569
9vfoiax5,4yux8e22,7,12,1,0,1.0,0,1,5.0,5.0,12.0,1.0,1.0,0.9166666666666666,6.0,-0.31666666666666665,0,0.0,43.0,1.0,11.0,1,8.37348426153206,15.5031697191143,30.3829281992374,1434
9vfoiax5,f291tr7u,7,11,1,1,1.0,1,1,95.0,100.0,15.0,0.0,0.0,0.8333333333333334,3.0,-0.5333333333333334,1,0.0,29.0,0.0,6.0,1,-10.6498152440075,15.1659550204512,37.6588629338984,798
9vfoiax5,w3cukoe0,7,5,1,1,1.0,1,1,0.0,0.0,2.0,1.0,1.0,0.6666666666666666,1.0,-0.5666666666666667,1,0.0,22.0,0.0,5.0,1,-12.6327970336565,14.7639768809906,-11.0647641062684,3118
9vfoiax5,4zd5ned9,7,10,1,1,1.0,1,1,40.0,42.10526315789474,10.0,0.0,0.0,0.75,5.0,-0.25,0,1.0,22.0,1.0,6.0,1,-5.93528096088877,15.4765191734232,28.6089312735897,10682
9vfoiax5,mknb67le,7,11,1,1,1.0,1,1,5.0,5.2631578947368425,12.0,0.0,0.0,0.75,4.0,-0.35,1,1.0,22.0,0.0,10.0,1,-10.6498152440075,15.1659550204512,37.6588629338984,798
9vfoiax5,sp03734d,7,5,1,0,1.0,0,1,30.0,30.0,7.5,1.0,1.0,0.75,6.0,-0.15000000000000002,0,1.0,22.0,0.0,7.0,1,-12.6327970336565,14.7639768809906,-11.0647641062684,3118
9vfoiax5,m7hitpc7,7,16,1,0,0.0,0,1,0.0,0.0,5.0,1.0,1.0,0.75,6.0,-0.15000000000000002,0,0.0,22.0,0.0,6.0,1,-10.7034666037922,15.0827396168302,6.32159774566318,1887
9vfoiax5,92y585sb,7,11,1,1,1.0,1,1,78.0,82.10526315789474,15.0,0.0,0.0,0.8333333333333334,5.0,-0.33333333333333337,0,1.0,23.0,1.0,6.0,1,-10.6498152440075,15.1659550204512,37.6588629338984,798
9vfoiax5,ki9t1ots,7,12,1,1,0.0,0,0,3.0,3.0,13.0,,1.0,0.75,3.0,-0.45,0,1.0,23.0,1.0,10.0,1,8.37348426153206,15.5031697191143,30.3829281992374,1434
9vfoiax5,8ygvklh3,7,8,1,1,1.0,1,1,95.0,100.0,23.0,1.0,0.0,0.9166666666666666,6.0,-0.31666666666666665,0,0.0,29.0,1.0,5.0,1,8.30613918663683,15.3352032889933,19.2982240105404,11687
9vfoiax5,j6pfvo4x,7,10,1,1,1.0,1,1,50.0,52.63157894736842,15.0,0.0,0.0,0.5833333333333334,4.0,-0.18333333333333335,1,0.0,21.0,0.0,7.0,1,-5.93528096088877,15.4765191734232,28.6089312735897,10682
9vfoiax5,mrwqmc94,7,17,1,0,1.0,0,1,80.0,80.0,27.0,1.0,0.0,0.5833333333333334,8.0,0.21666666666666667,0,1.0,22.0,1.0,8.0,1,11.8143050187262,15.4620400803003,22.9090225541578,4521
9vfoiax5,8lotxa0v,7,8,1,0,0.0,0,1,100.0,100.0,20.0,0.0,0.0,0.9166666666666666,7.0,-0.21666666666666667,1,1.0,21.0,1.0,7.0,1,8.30613918663683,15.3352032889933,19.2982240105404,11687
9vfoiax5,zy0t07g5,7,3,1,0,1.0,0,1,100.0,100.0,26.0,1.0,1.0,0.6666666666666666,3.0,-0.36666666666666664,0,0.0,31.0,0.0,8.0,1,7.35487993020429,14.5282644745692,16.8775714200622,5385
9vfoiax5,zs0yllk7,7,3,1,1,1.0,1,1,95.0,100.0,15.0,1.0,1.0,0.5833333333333334,5.0,-0.08333333333333337,1,1.0,23.0,1.0,1.0,1,7.35487993020429,14.5282644745692,16.8775714200622,5385
9vfoiax5,9ozs75r2,7,18,1,0,0.0,0,1,0.0,0.0,-15.0,0.0,0.0,0.8333333333333334,6.0,-0.2333333333333334,0,1.0,27.0,1.0,4.0,1,10.1008360062988,15.3738697895262,17.9942787562462,930
9vfoiax5,nn4f2puj,7,20,1,1,1.0,1,1,50.0,52.63157894736842,-17.5,1.0,1.0,0.6666666666666666,5.0,-0.16666666666666663,1,0.0,22.0,1.0,6.0,1,-18.5046274258981,15.1098174886843,-8.79848578409706,3851
9vfoiax5,ttbhrq7x,8,18,1,0,0.0,0,1,10.0,10.0,20.0,0.0,0.0,0.8333333333333334,8.0,-0.033333333333333326,0,1.0,22.0,1.0,8.0,1,10.1008360062988,15.3738697895262,17.9942787562462,930
9vfoiax5,h6ra9n61,8,6,1,0,0.0,0,1,100.0,100.0,20.0,0.0,0.0,0.9166666666666666,9.0,-0.016666666666666607,0,1.0,21.0,1.0,6.0,1,-11.2220986754594,14.8724659161298,22.4078126217597,1097
9vfoiax5,4tucoz6l,8,9,1,1,0.0,0,0,10.0,10.0,24.0,,1.0,0.6666666666666666,3.0,-0.36666666666666664,1,0.0,21.0,0.0,7.0,1,5.74536607212394,14.4738059185499,24.2659454381039,6569
9vfoiax5,47cbw4kl,8,7,1,1,1.0,1,1,15.0,15.789473684210526,8.0,1.0,1.0,0.9166666666666666,3.0,-0.6166666666666667,0,1.0,20.0,1.0,8.0,1,-8.69500157023721,15.1796074842736,-4.77007384032043,11983
9vfoiax5,w1hg4dq2,8,13,1,1,1.0,1,1,5.0,5.2631578947368425,20.0,1.0,1.0,0.6666666666666666,6.0,-0.06666666666666665,1,1.0,21.0,0.0,6.0,1,9.07079175282812,15.2098450069864,12.2928746925969,101
9vfoiax5,2am1bt7m,8,14,1,0,0.0,0,1,10.0,10.0,7.0,1.0,0.0,0.5833333333333334,5.0,-0.08333333333333337,1,1.0,31.0,0.0,7.0,1,-18.6939033943952,15.2594062687008,5.87642608043333,8378
9vfoiax5,f0dtgw15,8,3,1,0,1.0,0,1,75.0,75.0,20.0,1.0,1.0,0.8333333333333334,4.0,-0.43333333333333335,0,1.0,22.0,1.0,10.0,1,7.35487993020429,14.5282644745692,16.8775714200622,5385
9vfoiax5,gtr4o4u4,8,3,1,0,1.0,0,1,50.0,50.0,20.0,1.0,1.0,0.9166666666666666,5.0,-0.41666666666666663,0,1.0,24.0,1.0,7.0,1,7.35487993020429,14.5282644745692,16.8775714200622,5385
9vfoiax5,edlvyy4x,8,8,1,0,0.0,0,1,50.0,50.0,20.0,0.0,0.0,1.0,8.0,-0.19999999999999996,0,1.0,31.0,0.0,6.0,1,8.30613918663683,15.3352032889933,19.2982240105404,11687
9vfoiax5,454urtzl,8,10,1,0,1.0,0,1,100.0,100.0,5.0,0.0,0.0,0.9166666666666666,4.0,-0.5166666666666666,0,1.0,22.0,0.0,4.0,1,-5.93528096088877,15.4765191734232,28.6089312735897,10682
9vfoiax5,y7r9sa4u,8,16,1,1,1.0,1,1,0.0,0.0,13.0,1.0,1.0,0.9166666666666666,6.0,-0.31666666666666665,0,1.0,27.0,1.0,7.0,1,-10.7034666037922,15.0827396168302,6.32159774566318,1887
9vfoiax5,pm665xdw,8,4,1,0,1.0,0,1,60.0,60.0,25.0,1.0,1.0,0.8333333333333334,3.0,-0.5333333333333334,0,0.0,22.0,0.0,8.0,1,14.2517599224379,15.5718949491859,16.9752110267725,10145
9vfoiax5,qgszrtu9,8,12,1,0,1.0,0,1,2.0,2.0,12.0,1.0,1.0,0.8333333333333334,5.0,-0.33333333333333337,0,1.0,21.0,0.0,6.0,1,8.37348426153206,15.5031697191143,30.3829281992374,1434
9vfoiax5,0z4ddbix,8,9,1,1,1.0,1,1,95.0,100.0,10.0,0.0,1.0,0.9166666666666666,7.0,-0.21666666666666667,0,0.0,37.0,1.0,8.0,1,5.74536607212394,14.4738059185499,24.2659454381039,6569
9vfoiax5,t6rthajw,8,13,1,0,1.0,0,1,45.0,45.0,8.0,1.0,1.0,0.6666666666666666,6.0,-0.06666666666666665,0,0.0,23.0,1.0,7.0,1,9.07079175282812,15.2098450069864,12.2928746925969,101
9vfoiax5,wel7w6gg,8,19,1,1,1.0,1,1,25.0,26.31578947368421,11.0,0.0,0.0,0.9166666666666666,7.0,-0.21666666666666667,0,0.0,34.0,1.0,6.0,1,8.27693716878569,15.0728085690886,27.2611152781865,4107
9vfoiax5,u4dpd5wy,8,11,1,1,1.0,1,1,50.0,52.63157894736842,10.0,0.0,0.0,1.0,4.0,-0.6,0,0.0,29.0,0.0,3.0,1,-10.6498152440075,15.1659550204512,37.6588629338984,798
9vfoiax5,y3uiqp3t,8,12,1,0,1.0,0,1,100.0,100.0,18.0,1.0,1.0,0.8333333333333334,6.0,-0.2333333333333334,0,1.0,21.0,1.0,8.0,1,8.37348426153206,15.5031697191143,30.3829281992374,1434
9vfoiax5,atqtlu6a,8,13,1,1,1.0,1,1,65.0,68.42105263157895,19.5,1.0,1.0,0.8333333333333334,3.0,-0.5333333333333334,0,0.0,22.0,0.0,5.0,1,9.07079175282812,15.2098450069864,12.2928746925969,101
9vfoiax5,cuq5iz33,8,6,1,0,0.0,0,1,0.0,0.0,-2.0,1.0,0.0,0.6666666666666666,9.0,0.2333333333333334,1,1.0,22.0,1.0,6.0,1,-11.2220986754594,14.8724659161298,22.4078126217597,1097
9vfoiax5,4yux8e22,8,13,1,1,1.0,1,1,10.0,10.526315789473685,10.0,1.0,1.0,0.9166666666666666,6.0,-0.31666666666666665,0,0.0,43.0,1.0,11.0,1,9.07079175282812,15.2098450069864,12.2928746925969,101
9vfoiax5,f291tr7u,8,14,1,0,1.0,0,1,100.0,100.0,20.0,0.0,0.0,0.8333333333333334,3.0,-0.5333333333333334,1,0.0,29.0,0.0,6.0,1,-18.6939033943952,15.2594062687008,5.87642608043333,8378
9vfoiax5,w3cukoe0,8,6,1,0,1.0,0,1,0.0,0.0,0.0,0.0,0.0,0.6666666666666666,1.0,-0.5666666666666667,1,0.0,22.0,0.0,5.0,1,-11.2220986754594,14.8724659161298,22.4078126217597,1097
9vfoiax5,4zd5ned9,8,8,1,0,1.0,0,1,30.0,30.0,12.0,0.0,0.0,0.75,5.0,-0.25,0,1.0,22.0,1.0,6.0,1,8.30613918663683,15.3352032889933,19.2982240105404,11687
9vfoiax5,mknb67le,8,20,1,0,1.0,0,1,10.0,10.0,-5.0,1.0,1.0,0.75,4.0,-0.35,1,1.0,22.0,0.0,10.0,1,-18.5046274258981,15.1098174886843,-8.79848578409706,3851
9vfoiax5,sp03734d,8,17,1,1,0.0,0,0,20.0,20.0,18.5,,0.0,0.75,6.0,-0.15000000000000002,0,1.0,22.0,0.0,7.0,1,11.8143050187262,15.4620400803003,22.9090225541578,4521
9vfoiax5,m7hitpc7,8,12,1,1,1.0,1,1,10.0,10.526315789473685,16.0,1.0,1.0,0.75,6.0,-0.15000000000000002,0,0.0,22.0,0.0,6.0,1,8.37348426153206,15.5031697191143,30.3829281992374,1434
9vfoiax5,92y585sb,8,8,1,1,1.0,1,1,80.0,84.21052631578948,5.0,0.0,0.0,0.8333333333333334,5.0,-0.33333333333333337,0,1.0,23.0,1.0,6.0,1,8.30613918663683,15.3352032889933,19.2982240105404,11687
9vfoiax5,ki9t1ots,8,17,1,0,0.0,0,1,5.0,5.0,23.0,1.0,0.0,0.75,3.0,-0.45,0,1.0,23.0,1.0,10.0,1,11.8143050187262,15.4620400803003,22.9090225541578,4521
9vfoiax5,8ygvklh3,8,5,1,1,1.0,1,1,15.0,15.789473684210526,-4.0,0.0,1.0,0.9166666666666666,6.0,-0.31666666666666665,0,0.0,29.0,1.0,5.0,1,-12.6327970336565,14.7639768809906,-11.0647641062684,3118
9vfoiax5,j6pfvo4x,8,5,1,0,1.0,0,1,20.0,20.0,10.0,1.0,1.0,0.5833333333333334,4.0,-0.18333333333333335,1,0.0,21.0,0.0,7.0,1,-12.6327970336565,14.7639768809906,-11.0647641062684,3118
9vfoiax5,mrwqmc94,8,18,1,0,1.0,0,1,90.0,90.0,26.0,0.0,0.0,0.5833333333333334,8.0,0.21666666666666667,0,1.0,22.0,1.0,8.0,1,10.1008360062988,15.3738697895262,17.9942787562462,930
9vfoiax5,8lotxa0v,8,13,1,0,0.0,0,1,25.0,25.0,-8.0,0.0,1.0,0.9166666666666666,7.0,-0.21666666666666667,1,1.0,21.0,1.0,7.0,1,9.07079175282812,15.2098450069864,12.2928746925969,101
9vfoiax5,zy0t07g5,8,11,1,1,1.0,1,1,95.0,100.0,8.0,1.0,0.0,0.6666666666666666,3.0,-0.36666666666666664,0,0.0,31.0,0.0,8.0,1,-10.6498152440075,15.1659550204512,37.6588629338984,798
9vfoiax5,zs0yllk7,8,8,1,0,1.0,0,1,100.0,100.0,5.0,1.0,0.0,0.5833333333333334,5.0,-0.08333333333333337,1,1.0,23.0,1.0,1.0,1,8.30613918663683,15.3352032889933,19.2982240105404,11687
9vfoiax5,9ozs75r2,8,13,1,0,0.0,0,1,0.0,0.0,-5.0,0.0,1.0,0.8333333333333334,6.0,-0.2333333333333334,0,1.0,27.0,1.0,4.0,1,9.07079175282812,15.2098450069864,12.2928746925969,101
9vfoiax5,nn4f2puj,8,9,1,1,1.0,1,1,50.0,52.63157894736842,5.0,1.0,1.0,0.6666666666666666,5.0,-0.16666666666666663,1,0.0,22.0,1.0,6.0,1,5.74536607212394,14.4738059185499,24.2659454381039,6569
9vfoiax5,ttbhrq7x,9,20,1,0,0.0,0,1,20.0,20.0,17.0,1.0,1.0,0.8333333333333334,8.0,-0.033333333333333326,0,1.0,22.0,1.0,8.0,1,-18.5046274258981,15.1098174886843,-8.79848578409706,3851
9vfoiax5,h6ra9n61,9,3,1,1,0.0,0,0,100.0,100.0,22.0,,1.0,0.9166666666666666,9.0,-0.016666666666666607,0,1.0,21.0,1.0,6.0,1,7.35487993020429,14.5282644745692,16.8775714200622,5385
9vfoiax5,4tucoz6l,9,3,1,1,1.0,1,1,26.0,27.36842105263158,19.0,1.0,1.0,0.6666666666666666,3.0,-0.36666666666666664,1,0.0,21.0,0.0,7.0,1,7.35487993020429,14.5282644745692,16.8775714200622,5385
9vfoiax5,47cbw4kl,9,19,1,0,1.0,0,1,100.0,100.0,15.0,0.0,0.0,0.9166666666666666,3.0,-0.6166666666666667,0,1.0,20.0,1.0,8.0,1,8.27693716878569,15.0728085690886,27.2611152781865,4107
9vfoiax5,w1hg4dq2,9,18,1,1,0.0,0,0,5.0,5.0,12.0,,0.0,0.6666666666666666,6.0,-0.06666666666666665,1,1.0,21.0,0.0,6.0,1,10.1008360062988,15.3738697895262,17.9942787562462,930
9vfoiax5,2am1bt7m,9,19,1,1,0.0,0,0,10.0,10.0,23.0,,0.0,0.5833333333333334,5.0,-0.08333333333333337,1,1.0,31.0,0.0,7.0,1,8.27693716878569,15.0728085690886,27.2611152781865,4107
9vfoiax5,f0dtgw15,9,16,1,1,1.0,1,1,50.0,52.63157894736842,15.0,0.0,1.0,0.8333333333333334,4.0,-0.43333333333333335,0,1.0,22.0,1.0,10.0,1,-10.7034666037922,15.0827396168302,6.32159774566318,1887
9vfoiax5,gtr4o4u4,9,9,1,1,1.0,1,1,50.0,52.63157894736842,20.0,1.0,1.0,0.9166666666666666,5.0,-0.41666666666666663,0,1.0,24.0,1.0,7.0,1,5.74536607212394,14.4738059185499,24.2659454381039,6569
9vfoiax5,edlvyy4x,9,15,1,0,0.0,0,1,20.0,20.0,15.0,0.0,0.0,1.0,8.0,-0.19999999999999996,0,1.0,31.0,0.0,6.0,1,-8.78871018746978,14.8851744288267,-0.723989516491677,10420
9vfoiax5,454urtzl,9,11,1,0,1.0,0,1,50.0,50.0,4.0,1.0,0.0,0.9166666666666666,4.0,-0.5166666666666666,0,1.0,22.0,0.0,4.0,1,-10.6498152440075,15.1659550204512,37.6588629338984,798
9vfoiax5,y7r9sa4u,9,11,1,1,1.0,1,1,0.0,0.0,12.0,0.0,0.0,0.9166666666666666,6.0,-0.31666666666666665,0,1.0,27.0,1.0,7.0,1,-10.6498152440075,15.1659550204512,37.6588629338984,798
9vfoiax5,pm665xdw,9,20,1,0,1.0,0,1,50.0,50.0,5.0,1.0,1.0,0.8333333333333334,3.0,-0.5333333333333334,0,0.0,22.0,0.0,8.0,1,-18.5046274258981,15.1098174886843,-8.79848578409706,3851
9vfoiax5,qgszrtu9,9,20,1,0,1.0,0,1,0.0,0.0,0.0,1.0,1.0,0.8333333333333334,5.0,-0.33333333333333337,0,1.0,21.0,0.0,6.0,1,-18.5046274258981,15.1098174886843,-8.79848578409706,3851
9vfoiax5,0z4ddbix,9,20,1,0,1.0,0,1,0.0,0.0,-20.0,1.0,1.0,0.9166666666666666,7.0,-0.21666666666666667,0,0.0,37.0,1.0,8.0,1,-18.5046274258981,15.1098174886843,-8.79848578409706,3851
9vfoiax5,t6rthajw,9,5,1,1,0.0,0,0,0.0,0.0,-2.0,,1.0,0.6666666666666666,6.0,-0.06666666666666665,0,0.0,23.0,1.0,7.0,1,-12.6327970336565,14.7639768809906,-11.0647641062684,3118
9vfoiax5,wel7w6gg,9,6,1,0,1.0,0,1,25.0,25.0,-5.0,1.0,0.0,0.9166666666666666,7.0,-0.21666666666666667,0,0.0,34.0,1.0,6.0,1,-11.2220986754594,14.8724659161298,22.4078126217597,1097
9vfoiax5,u4dpd5wy,9,17,1,1,1.0,1,1,40.0,42.10526315789474,10.0,0.0,0.0,1.0,4.0,-0.6,0,0.0,29.0,0.0,3.0,1,11.8143050187262,15.4620400803003,22.9090225541578,4521
9vfoiax5,y3uiqp3t,9,10,1,0,1.0,0,1,100.0,100.0,20.0,1.0,0.0,0.8333333333333334,6.0,-0.2333333333333334,0,1.0,21.0,1.0,8.0,1,-5.93528096088877,15.4765191734232,28.6089312735897,10682
9vfoiax5,atqtlu6a,9,14,1,0,0.0,0,1,10.0,10.0,8.0,0.0,0.0,0.8333333333333334,3.0,-0.5333333333333334,0,0.0,22.0,0.0,5.0,1,-18.6939033943952,15.2594062687008,5.87642608043333,8378
9vfoiax5,cuq5iz33,9,11,1,1,0.0,0,0,80.0,80.0,25.0,,0.0,0.6666666666666666,9.0,0.2333333333333334,1,1.0,22.0,1.0,6.0,1,-10.6498152440075,15.1659550204512,37.6588629338984,798
9vfoiax5,4yux8e22,9,8,1,0,1.0,0,1,10.0,10.0,23.0,1.0,0.0,0.9166666666666666,6.0,-0.31666666666666665,0,0.0,43.0,1.0,11.0,1,8.30613918663683,15.3352032889933,19.2982240105404,11687
9vfoiax5,f291tr7u,9,20,1,0,1.0,0,1,100.0,100.0,20.0,0.0,1.0,0.8333333333333334,3.0,-0.5333333333333334,1,0.0,29.0,0.0,6.0,1,-18.5046274258981,15.1098174886843,-8.79848578409706,3851
9vfoiax5,w3cukoe0,9,17,1,0,1.0,0,1,75.0,75.0,25.0,0.0,0.0,0.6666666666666666,1.0,-0.5666666666666667,1,0.0,22.0,0.0,5.0,1,11.8143050187262,15.4620400803003,22.9090225541578,4521
9vfoiax5,4zd5ned9,9,17,1,1,1.0,1,1,55.0,57.89473684210526,25.0,0.0,0.0,0.75,5.0,-0.25,0,1.0,22.0,1.0,6.0,1,11.8143050187262,15.4620400803003,22.9090225541578,4521
9vfoiax5,mknb67le,9,3,1,1,1.0,1,1,15.0,15.789473684210526,20.0,1.0,1.0,0.75,4.0,-0.35,1,1.0,22.0,0.0,10.0,1,7.35487993020429,14.5282644745692,16.8775714200622,5385
9vfoiax5,sp03734d,9,10,1,1,0.0,0,0,20.0,20.0,20.0,,0.0,0.75,6.0,-0.15000000000000002,0,1.0,22.0,0.0,7.0,1,-5.93528096088877,15.4765191734232,28.6089312735897,10682
9vfoiax5,m7hitpc7,9,15,1,1,0.0,0,0,5.0,5.0,6.0,,0.0,0.75,6.0,-0.15000000000000002,0,0.0,22.0,0.0,6.0,1,-8.78871018746978,14.8851744288267,-0.723989516491677,10420
9vfoiax5,92y585sb,9,9,1,1,1.0,1,1,88.0,92.63157894736842,18.5,1.0,1.0,0.8333333333333334,5.0,-0.33333333333333337,0,1.0,23.0,1.0,6.0,1,5.74536607212394,14.4738059185499,24.2659454381039,6569
9vfoiax5,ki9t1ots,9,14,1,1,1.0,1,1,5.0,5.2631578947368425,13.0,1.0,0.0,0.75,3.0,-0.45,0,1.0,23.0,1.0,10.0,1,-18.6939033943952,15.2594062687008,5.87642608043333,8378
9vfoiax5,8ygvklh3,9,12,1,0,0.0,0,1,100.0,100.0,22.0,1.0,1.0,0.9166666666666666,6.0,-0.31666666666666665,0,0.0,29.0,1.0,5.0,1,8.37348426153206,15.5031697191143,30.3829281992374,1434
9vfoiax5,j6pfvo4x,9,17,1,1,1.0,1,1,50.0,52.63157894736842,25.0,0.0,0.0,0.5833333333333334,4.0,-0.18333333333333335,1,0.0,21.0,0.0,7.0,1,11.8143050187262,15.4620400803003,22.9090225541578,4521
9vfoiax5,mrwqmc94,9,9,1,1,1.0,1,1,95.0,100.0,27.5,1.0,1.0,0.5833333333333334,8.0,0.21666666666666667,0,1.0,22.0,1.0,8.0,1,5.74536607212394,14.4738059185499,24.2659454381039,6569
9vfoiax5,8lotxa0v,9,10,1,0,0.0,0,1,100.0,100.0,18.0,1.0,0.0,0.9166666666666666,7.0,-0.21666666666666667,1,1.0,21.0,1.0,7.0,1,-5.93528096088877,15.4765191734232,28.6089312735897,10682
9vfoiax5,zy0t07g5,9,20,1,1,1.0,1,1,0.0,0.0,0.0,1.0,1.0,0.6666666666666666,3.0,-0.36666666666666664,0,0.0,31.0,0.0,8.0,1,-18.5046274258981,15.1098174886843,-8.79848578409706,3851
9vfoiax5,zs0yllk7,9,6,1,0,1.0,0,1,100.0,100.0,25.0,0.0,0.0,0.5833333333333334,5.0,-0.08333333333333337,1,1.0,23.0,1.0,1.0,1,-11.2220986754594,14.8724659161298,22.4078126217597,1097
9vfoiax5,9ozs75r2,9,16,1,1,0.0,0,0,20.0,20.0,5.0,,1.0,0.8333333333333334,6.0,-0.2333333333333334,0,1.0,27.0,1.0,4.0,1,-10.7034666037922,15.0827396168302,6.32159774566318,1887
9vfoiax5,nn4f2puj,9,14,1,0,1.0,0,1,50.0,50.0,-17.0,1.0,0.0,0.6666666666666666,5.0,-0.16666666666666663,1,0.0,22.0,1.0,6.0,1,-18.6939033943952,15.2594062687008,5.87642608043333,8378
9vfoiax5,ttbhrq7x,10,10,1,1,0.0,0,0,10.0,10.0,7.0,,0.0,0.8333333333333334,8.0,-0.033333333333333326,0,1.0,22.0,1.0,8.0,1,-5.93528096088877,15.4765191734232,28.6089312735897,10682
9vfoiax5,h6ra9n61,10,17,1,1,0.0,0,0,100.0,100.0,20.0,,0.0,0.9166666666666666,9.0,-0.016666666666666607,0,1.0,21.0,1.0,6.0,1,11.8143050187262,15.4620400803003,22.9090225541578,4521
9vfoiax5,4tucoz6l,10,13,1,0,1.0,0,1,30.0,30.0,21.0,1.0,1.0,0.6666666666666666,3.0,-0.36666666666666664,1,0.0,21.0,0.0,7.0,1,9.07079175282812,15.2098450069864,12.2928746925969,101
9vfoiax5,47cbw4kl,10,9,1,1,1.0,1,1,95.0,100.0,20.0,1.0,1.0,0.9166666666666666,3.0,-0.6166666666666667,0,1.0,20.0,1.0,8.0,1,5.74536607212394,14.4738059185499,24.2659454381039,6569
9vfoiax5,w1hg4dq2,10,7,1,1,1.0,1,1,5.0,5.2631578947368425,15.0,0.0,1.0,0.6666666666666666,6.0,-0.06666666666666665,1,1.0,21.0,0.0,6.0,1,-8.69500157023721,15.1796074842736,-4.77007384032043,11983
9vfoiax5,2am1bt7m,10,6,1,1,0.0,0,0,5.0,5.0,15.0,,0.0,0.5833333333333334,5.0,-0.08333333333333337,1,1.0,31.0,0.0,7.0,1,-11.2220986754594,14.8724659161298,22.4078126217597,1097
9vfoiax5,f0dtgw15,10,6,1,1,1.0,1,1,50.0,52.63157894736842,15.0,0.0,0.0,0.8333333333333334,4.0,-0.43333333333333335,0,1.0,22.0,1.0,10.0,1,-11.2220986754594,14.8724659161298,22.4078126217597,1097
9vfoiax5,gtr4o4u4,10,20,1,1,1.0,1,1,0.0,0.0,-10.0,1.0,1.0,0.9166666666666666,5.0,-0.41666666666666663,0,1.0,24.0,1.0,7.0,1,-18.5046274258981,15.1098174886843,-8.79848578409706,3851
9vfoiax5,edlvyy4x,10,3,1,1,0.0,0,0,10.0,10.0,5.0,,1.0,1.0,8.0,-0.19999999999999996,0,1.0,31.0,0.0,6.0,1,7.35487993020429,14.5282644745692,16.8775714200622,5385
9vfoiax5,454urtzl,10,19,1,1,1.0,1,1,95.0,100.0,8.0,1.0,0.0,0.9166666666666666,4.0,-0.5166666666666666,0,1.0,22.0,0.0,4.0,1,8.27693716878569,15.0728085690886,27.2611152781865,4107
9vfoiax5,y7r9sa4u,10,12,1,1,1.0,1,1,95.0,100.0,22.0,1.0,1.0,0.9166666666666666,6.0,-0.31666666666666665,0,1.0,27.0,1.0,7.0,1,8.37348426153206,15.5031697191143,30.3829281992374,1434
9vfoiax5,pm665xdw,10,17,1,0,1.0,0,1,20.0,20.0,15.0,0.0,0.0,0.8333333333333334,3.0,-0.5333333333333334,0,0.0,22.0,0.0,8.0,1,11.8143050187262,15.4620400803003,22.9090225541578,4521
9vfoiax5,qgszrtu9,10,17,1,0,1.0,0,1,15.0,15.0,23.0,1.0,0.0,0.8333333333333334,5.0,-0.33333333333333337,0,1.0,21.0,0.0,6.0,1,11.8143050187262,15.4620400803003,22.9090225541578,4521
9vfoiax5,0z4ddbix,10,19,1,0,0.0,0,1,100.0,100.0,10.0,1.0,0.0,0.9166666666666666,7.0,-0.21666666666666667,0,0.0,37.0,1.0,8.0,1,8.27693716878569,15.0728085690886,27.2611152781865,4107
9vfoiax5,t6rthajw,10,11,1,0,1.0,0,1,40.0,40.0,22.0,1.0,0.0,0.6666666666666666,6.0,-0.06666666666666665,0,0.0,23.0,1.0,7.0,1,-10.6498152440075,15.1659550204512,37.6588629338984,798
9vfoiax5,wel7w6gg,10,11,1,0,1.0,0,1,25.0,25.0,5.0,1.0,0.0,0.9166666666666666,7.0,-0.21666666666666667,0,0.0,34.0,1.0,6.0,1,-10.6498152440075,15.1659550204512,37.6588629338984,798
9vfoiax5,u4dpd5wy,10,7,1,0,1.0,0,1,40.0,40.0,5.0,1.0,1.0,1.0,4.0,-0.6,0,0.0,29.0,0.0,3.0,1,-8.69500157023721,15.1796074842736,-4.77007384032043,11983
9vfoiax5,y3uiqp3t,10,15,1,0,1.0,0,1,20.0,20.0,5.0,0.0,0.0,0.8333333333333334,6.0,-0.2333333333333334,0,1.0,21.0,1.0,8.0,1,-8.78871018746978,14.8851744288267,-0.723989516491677,10420
9vfoiax5,atqtlu6a,10,11,1,0,0.0,0,1,0.0,0.0,8.5,1.0,0.0,0.8333333333333334,3.0,-0.5333333333333334,0,0.0,22.0,0.0,5.0,1,-10.6498152440075,15.1659550204512,37.6588629338984,798
9vfoiax5,cuq5iz33,10,5,1,1,0.0,0,0,80.0,80.0,5.0,,1.0,0.6666666666666666,9.0,0.2333333333333334,1,1.0,22.0,1.0,6.0,1,-12.6327970336565,14.7639768809906,-11.0647641062684,3118
9vfoiax5,4yux8e22,10,7,1,0,0.0,0,1,15.0,15.0,10.0,1.0,1.0,0.9166666666666666,6.0,-0.31666666666666665,0,0.0,43.0,1.0,11.0,1,-8.69500157023721,15.1796074842736,-4.77007384032043,11983
9vfoiax5,f291tr7u,10,5,1,1,1.0,1,1,95.0,100.0,12.0,0.0,1.0,0.8333333333333334,3.0,-0.5333333333333334,1,0.0,29.0,0.0,6.0,1,-12.6327970336565,14.7639768809906,-11.0647641062684,3118
9vfoiax5,w3cukoe0,10,15,1,1,1.0,1,1,0.0,0.0,-15.0,0.0,0.0,0.6666666666666666,1.0,-0.5666666666666667,1,0.0,22.0,0.0,5.0,1,-8.78871018746978,14.8851744288267,-0.723989516491677,10420
9vfoiax5,4zd5ned9,10,16,1,0,1.0,0,1,70.0,70.0,30.0,0.0,1.0,0.75,5.0,-0.25,0,1.0,22.0,1.0,6.0,1,-10.7034666037922,15.0827396168302,6.32159774566318,1887
9vfoiax5,mknb67le,10,4,1,1,1.0,1,1,10.0,10.526315789473685,18.0,1.0,1.0,0.75,4.0,-0.35,1,1.0,22.0,0.0,10.0,1,14.2517599224379,15.5718949491859,16.9752110267725,10145
9vfoiax5,sp03734d,10,19,1,0,1.0,0,1,10.0,10.0,-5.0,0.0,0.0,0.75,6.0,-0.15000000000000002,0,1.0,22.0,0.0,7.0,1,8.27693716878569,15.0728085690886,27.2611152781865,4107
9vfoiax5,m7hitpc7,10,7,1,1,1.0,1,1,0.0,0.0,0.0,1.0,1.0,0.75,6.0,-0.15000000000000002,0,0.0,22.0,0.0,6.0,1,-8.69500157023721,15.1796074842736,-4.77007384032043,11983
9vfoiax5,92y585sb,10,20,1,0,1.0,0,1,100.0,100.0,-12.5,1.0,1.0,0.8333333333333334,5.0,-0.33333333333333337,0,1.0,23.0,1.0,6.0,1,-18.5046274258981,15.1098174886843,-8.79848578409706,3851
9vfoiax5,ki9t1ots,10,7,1,1,0.0,0,0,5.0,5.0,21.0,,1.0,0.75,3.0,-0.45,0,1.0,23.0,1.0,10.0,1,-8.69500157023721,15.1796074842736,-4.77007384032043,11983
9vfoiax5,8ygvklh3,10,14,1,1,1.0,1,1,75.0,78.94736842105263,-10.0,0.0,0.0,0.9166666666666666,6.0,-0.31666666666666665,0,0.0,29.0,1.0,5.0,1,-18.6939033943952,15.2594062687008,5.87642608043333,8378
9vfoiax5,j6pfvo4x,10,20,1,0,1.0,0,1,50.0,50.0,36.0,1.0,1.0,0.5833333333333334,4.0,-0.18333333333333335,1,0.0,21.0,0.0,7.0,1,-18.5046274258981,15.1098174886843,-8.79848578409706,3851
9vfoiax5,mrwqmc94,10,7,1,1,1.0,1,1,70.0,73.6842105263158,13.0,1.0,1.0,0.5833333333333334,8.0,0.21666666666666667,0,1.0,22.0,1.0,8.0,1,-8.69500157023721,15.1796074842736,-4.77007384032043,11983
9vfoiax5,8lotxa0v,10,14,1,1,0.0,0,0,100.0,100.0,30.0,,0.0,0.9166666666666666,7.0,-0.21666666666666667,1,1.0,21.0,1.0,7.0,1,-18.6939033943952,15.2594062687008,5.87642608043333,8378
9vfoiax5,zy0t07g5,10,15,1,0,1.0,0,1,100.0,100.0,20.0,0.0,0.0,0.6666666666666666,3.0,-0.36666666666666664,0,0.0,31.0,0.0,8.0,1,-8.78871018746978,14.8851744288267,-0.723989516491677,10420
9vfoiax5,zs0yllk7,10,4,1,1,1.0,1,1,0.0,0.0,10.0,0.0,1.0,0.5833333333333334,5.0,-0.08333333333333337,1,1.0,23.0,1.0,1.0,1,14.2517599224379,15.5718949491859,16.9752110267725,10145
9vfoiax5,9ozs75r2,10,9,1,0,0.0,0,1,0.0,0.0,-3.0,0.0,1.0,0.8333333333333334,6.0,-0.2333333333333334,0,1.0,27.0,1.0,4.0,1,5.74536607212394,14.4738059185499,24.2659454381039,6569
9vfoiax5,nn4f2puj,10,10,1,0,1.0,0,1,20.0,20.0,-5.0,1.0,0.0,0.6666666666666666,5.0,-0.16666666666666663,1,0.0,22.0,1.0,6.0,1,-5.93528096088877,15.4765191734232,28.6089312735897,10682
9vfoiax5,ttbhrq7x,11,4,1,1,1.0,1,1,25.0,26.31578947368421,25.0,1.0,1.0,0.8333333333333334,8.0,-0.033333333333333326,0,1.0,22.0,1.0,8.0,1,14.2517599224379,15.5718949491859,16.9752110267725,10145
9vfoiax5,h6ra9n61,11,10,1,0,0.0,0,1,100.0,100.0,10.0,0.0,0.0,0.9166666666666666,9.0,-0.016666666666666607,0,1.0,21.0,1.0,6.0,1,-5.93528096088877,15.4765191734232,28.6089312735897,10682
9vfoiax5,4tucoz6l,11,16,1,0,0.0,0,1,20.0,20.0,5.0,1.0,1.0,0.6666666666666666,3.0,-0.36666666666666664,1,0.0,21.0,0.0,7.0,1,-10.7034666037922,15.0827396168302,6.32159774566318,1887
9vfoiax5,47cbw4kl,11,11,1,0,1.0,0,1,100.0,100.0,17.0,0.0,0.0,0.9166666666666666,3.0,-0.6166666666666667,0,1.0,20.0,1.0,8.0,1,-10.6498152440075,15.1659550204512,37.6588629338984,798
9vfoiax5,w1hg4dq2,11,16,1,1,0.0,0,0,5.0,5.0,11.0,,1.0,0.6666666666666666,6.0,-0.06666666666666665,1,1.0,21.0,0.0,6.0,1,-10.7034666037922,15.0827396168302,6.32159774566318,1887
9vfoiax5,2am1bt7m,11,8,1,0,0.0,0,1,10.0,10.0,25.0,1.0,0.0,0.5833333333333334,5.0,-0.08333333333333337,1,1.0,31.0,0.0,7.0,1,8.30613918663683,15.3352032889933,19.2982240105404,11687
9vfoiax5,f0dtgw15,11,20,1,1,1.0,1,1,0.0,0.0,-5.0,1.0,1.0,0.8333333333333334,4.0,-0.43333333333333335,0,1.0,22.0,1.0,10.0,1,-18.5046274258981,15.1098174886843,-8.79848578409706,3851
9vfoiax5,gtr4o4u4,11,8,1,1,1.0,1,1,0.0,0.0,15.0,0.0,0.0,0.9166666666666666,5.0,-0.41666666666666663,0,1.0,24.0,1.0,7.0,1,8.30613918663683,15.3352032889933,19.2982240105404,11687
9vfoiax5,edlvyy4x,11,7,1,1,1.0,1,1,50.0,52.63157894736842,10.0,1.0,1.0,1.0,8.0,-0.19999999999999996,0,1.0,31.0,0.0,6.0,1,-8.69500157023721,15.1796074842736,-4.77007384032043,11983
9vfoiax5,454urtzl,11,3,1,1,1.0,1,1,95.0,100.0,24.0,1.0,1.0,0.9166666666666666,4.0,-0.5166666666666666,0,1.0,22.0,0.0,4.0,1,7.35487993020429,14.5282644745692,16.8775714200622,5385
9vfoiax5,y7r9sa4u,11,13,1,0,1.0,0,1,100.0,100.0,28.0,1.0,1.0,0.9166666666666666,6.0,-0.31666666666666665,0,1.0,27.0,1.0,7.0,1,9.07079175282812,15.2098450069864,12.2928746925969,101
9vfoiax5,pm665xdw,11,10,1,1,1.0,1,1,30.0,31.57894736842105,15.0,0.0,0.0,0.8333333333333334,3.0,-0.5333333333333334,0,0.0,22.0,0.0,8.0,1,-5.93528096088877,15.4765191734232,28.6089312735897,10682
9vfoiax5,qgszrtu9,11,3,1,1,1.0,1,1,30.0,31.57894736842105,20.0,1.0,1.0,0.8333333333333334,5.0,-0.33333333333333337,0,1.0,21.0,0.0,6.0,1,7.35487993020429,14.5282644745692,16.8775714200622,5385
9vfoiax5,0z4ddbix,11,16,1,1,1.0,1,1,0.0,0.0,-10.0,0.0,1.0,0.9166666666666666,7.0,-0.21666666666666667,0,0.0,37.0,1.0,8.0,1,-10.7034666037922,15.0827396168302,6.32159774566318,1887
9vfoiax5,t6rthajw,11,9,1,1,1.0,1,1,75.0,78.94736842105263,30.0,1.0,1.0,0.6666666666666666,6.0,-0.06666666666666665,0,0.0,23.0,1.0,7.0,1,5.74536607212394,14.4738059185499,24.2659454381039,6569
9vfoiax5,wel7w6gg,11,14,1,0,1.0,0,1,25.0,25.0,2.0,1.0,0.0,0.9166666666666666,7.0,-0.21666666666666667,0,0.0,34.0,1.0,6.0,1,-18.6939033943952,15.2594062687008,5.87642608043333,8378
9vfoiax5,u4dpd5wy,11,12,1,0,1.0,0,1,60.0,60.0,14.0,1.0,1.0,1.0,4.0,-0.6,0,0.0,29.0,0.0,3.0,1,8.37348426153206,15.5031697191143,30.3829281992374,1434
9vfoiax5,y3uiqp3t,11,18,1,0,1.0,0,1,75.0,75.0,20.0,1.0,0.0,0.8333333333333334,6.0,-0.2333333333333334,0,1.0,21.0,1.0,8.0,1,10.1008360062988,15.3738697895262,17.9942787562462,930
9vfoiax5,atqtlu6a,11,16,1,0,1.0,0,1,30.0,30.0,5.5,1.0,1.0,0.8333333333333334,3.0,-0.5333333333333334,0,0.0,22.0,0.0,5.0,1,-10.7034666037922,15.0827396168302,6.32159774566318,1887
9vfoiax5,cuq5iz33,11,13,1,1,0.0,0,0,20.0,20.0,0.0,,1.0,0.6666666666666666,9.0,0.2333333333333334,1,1.0,22.0,1.0,6.0,1,9.07079175282812,15.2098450069864,12.2928746925969,101
9vfoiax5,4yux8e22,11,17,1,1,1.0,1,1,10.0,10.526315789473685,20.0,1.0,0.0,0.9166666666666666,6.0,-0.31666666666666665,0,0.0,43.0,1.0,11.0,1,11.8143050187262,15.4620400803003,22.9090225541578,4521
9vfoiax5,f291tr7u,11,9,1,0,1.0,0,1,100.0,100.0,20.0,1.0,1.0,0.8333333333333334,3.0,-0.5333333333333334,1,0.0,29.0,0.0,6.0,1,5.74536607212394,14.4738059185499,24.2659454381039,6569
9vfoiax5,w3cukoe0,11,16,1,1,1.0,1,1,0.0,0.0,-15.0,0.0,1.0,0.6666666666666666,1.0,-0.5666666666666667,1,0.0,22.0,0.0,5.0,1,-10.7034666037922,15.0827396168302,6.32159774566318,1887
9vfoiax5,4zd5ned9,11,20,1,1,1.0,1,1,0.0,0.0,-5.0,1.0,1.0,0.75,5.0,-0.25,0,1.0,22.0,1.0,6.0,1,-18.5046274258981,15.1098174886843,-8.79848578409706,3851
9vfoiax5,mknb67le,11,16,1,1,1.0,1,1,5.0,5.2631578947368425,-2.0,0.0,1.0,0.75,4.0,-0.35,1,1.0,22.0,0.0,10.0,1,-10.7034666037922,15.0827396168302,6.32159774566318,1887
9vfoiax5,sp03734d,11,7,1,1,1.0,1,1,25.0,26.31578947368421,3.0,1.0,1.0,0.75,6.0,-0.15000000000000002,0,1.0,22.0,0.0,7.0,1,-8.69500157023721,15.1796074842736,-4.77007384032043,11983
9vfoiax5,m7hitpc7,11,9,1,1,1.0,1,1,15.0,15.789473684210526,20.0,1.0,1.0,0.75,6.0,-0.15000000000000002,0,0.0,22.0,0.0,6.0,1,5.74536607212394,14.4738059185499,24.2659454381039,6569
9vfoiax5,92y585sb,11,4,1,0,1.0,0,1,90.0,90.0,20.0,1.0,1.0,0.8333333333333334,5.0,-0.33333333333333337,0,1.0,23.0,1.0,6.0,1,14.2517599224379,15.5718949491859,16.9752110267725,10145
9vfoiax5,ki9t1ots,11,13,1,0,0.0,0,1,15.0,15.0,22.0,1.0,1.0,0.75,3.0,-0.45,0,1.0,23.0,1.0,10.0,1,9.07079175282812,15.2098450069864,12.2928746925969,101
9vfoiax5,8ygvklh3,11,17,1,1,0.0,0,0,50.0,50.0,20.0,,0.0,0.9166666666666666,6.0,-0.31666666666666665,0,0.0,29.0,1.0,5.0,1,11.8143050187262,15.4620400803003,22.9090225541578,4521
9vfoiax5,j6pfvo4x,11,12,1,0,1.0,0,1,0.0,0.0,-8.0,1.0,1.0,0.5833333333333334,4.0,-0.18333333333333335,1,0.0,21.0,0.0,7.0,1,8.37348426153206,15.5031697191143,30.3829281992374,1434
9vfoiax5,mrwqmc94,11,11,1,0,1.0,0,1,100.0,100.0,22.0,0.0,0.0,0.5833333333333334,8.0,0.21666666666666667,0,1.0,22.0,1.0,8.0,1,-10.6498152440075,15.1659550204512,37.6588629338984,798
9vfoiax5,8lotxa0v,11,16,1,1,0.0,0,0,100.0,100.0,15.0,,1.0,0.9166666666666666,7.0,-0.21666666666666667,1,1.0,21.0,1.0,7.0,1,-10.7034666037922,15.0827396168302,6.32159774566318,1887
9vfoiax5,zy0t07g5,11,13,1,0,1.0,0,1,100.0,100.0,18.0,1.0,1.0,0.6666666666666666,3.0,-0.36666666666666664,0,0.0,31.0,0.0,8.0,1,9.07079175282812,15.2098450069864,12.2928746925969,101
9vfoiax5,zs0yllk7,11,19,1,0,1.0,0,1,0.0,0.0,10.0,0.0,0.0,0.5833333333333334,5.0,-0.08333333333333337,1,1.0,23.0,1.0,1.0,1,8.27693716878569,15.0728085690886,27.2611152781865,4107
9vfoiax5,9ozs75r2,11,4,1,0,0.0,0,1,25.0,25.0,30.0,1.0,1.0,0.8333333333333334,6.0,-0.2333333333333334,0,1.0,27.0,1.0,4.0,1,14.2517599224379,15.5718949491859,16.9752110267725,10145
9vfoiax5,nn4f2puj,11,17,1,0,1.0,0,1,50.0,50.0,14.0,0.0,0.0,0.6666666666666666,5.0,-0.16666666666666663,1,0.0,22.0,1.0,6.0,1,11.8143050187262,15.4620400803003,22.9090225541578,4521
9vfoiax5,ttbhrq7x,12,17,1,1,1.0,1,1,10.0,10.526315789473685,15.0,0.0,0.0,0.8333333333333334,8.0,-0.033333333333333326,0,1.0,22.0,1.0,8.0,1,11.8143050187262,15.4620400803003,22.9090225541578,4521
9vfoiax5,h6ra9n61,12,13,1,1,0.0,0,0,100.0,100.0,10.0,,1.0,0.9166666666666666,9.0,-0.016666666666666607,0,1.0,21.0,1.0,6.0,1,9.07079175282812,15.2098450069864,12.2928746925969,101
9vfoiax5,4tucoz6l,12,11,1,1,0.0,0,0,25.0,25.0,16.0,,0.0,0.6666666666666666,3.0,-0.36666666666666664,1,0.0,21.0,0.0,7.0,1,-10.6498152440075,15.1659550204512,37.6588629338984,798
9vfoiax5,47cbw4kl,12,16,1,0,1.0,0,1,0.0,0.0,-5.0,1.0,1.0,0.9166666666666666,3.0,-0.6166666666666667,0,1.0,20.0,1.0,8.0,1,-10.7034666037922,15.0827396168302,6.32159774566318,1887
9vfoiax5,w1hg4dq2,12,8,1,0,1.0,0,1,5.0,5.0,17.0,0.0,0.0,0.6666666666666666,6.0,-0.06666666666666665,1,1.0,21.0,0.0,6.0,1,8.30613918663683,15.3352032889933,19.2982240105404,11687
9vfoiax5,2am1bt7m,12,18,1,0,0.0,0,1,10.0,10.0,10.0,1.0,0.0,0.5833333333333334,5.0,-0.08333333333333337,1,1.0,31.0,0.0,7.0,1,10.1008360062988,15.3738697895262,17.9942787562462,930
9vfoiax5,f0dtgw15,12,7,1,0,1.0,0,1,50.0,50.0,10.0,0.0,1.0,0.8333333333333334,4.0,-0.43333333333333335,0,1.0,22.0,1.0,10.0,1,-8.69500157023721,15.1796074842736,-4.77007384032043,11983
9vfoiax5,gtr4o4u4,12,13,1,0,1.0,0,1,20.0,20.0,15.0,1.0,1.0,0.9166666666666666,5.0,-0.41666666666666663,0,1.0,24.0,1.0,7.0,1,9.07079175282812,15.2098450069864,12.2928746925969,101
9vfoiax5,edlvyy4x,12,4,1,1,1.0,1,1,50.0,52.63157894736842,25.0,1.0,1.0,1.0,8.0,-0.19999999999999996,0,1.0,31.0,0.0,6.0,1,14.2517599224379,15.5718949491859,16.9752110267725,10145
9vfoiax5,454urtzl,12,13,1,1,0.0,0,0,100.0,100.0,12.0,,1.0,0.9166666666666666,4.0,-0.5166666666666666,0,1.0,22.0,0.0,4.0,1,9.07079175282812,15.2098450069864,12.2928746925969,101
9vfoiax5,y7r9sa4u,12,20,1,1,1.0,1,1,0.0,0.0,10.0,1.0,1.0,0.9166666666666666,6.0,-0.31666666666666665,0,1.0,27.0,1.0,7.0,1,-18.5046274258981,15.1098174886843,-8.79848578409706,3851
9vfoiax5,pm665xdw,12,16,1,1,1.0,1,1,15.0,15.789473684210526,15.0,0.0,1.0,0.8333333333333334,3.0,-0.5333333333333334,0,0.0,22.0,0.0,8.0,1,-10.7034666037922,15.0827396168302,6.32159774566318,1887
9vfoiax5,qgszrtu9,12,13,1,1,1.0,1,1,0.0,0.0,3.0,1.0,1.0,0.8333333333333334,5.0,-0.33333333333333337,0,1.0,21.0,0.0,6.0,1,9.07079175282812,15.2098450069864,12.2928746925969,101
9vfoiax5,0z4ddbix,12,15,1,1,1.0,1,1,0.0,0.0,-8.0,1.0,0.0,0.9166666666666666,7.0,-0.21666666666666667,0,0.0,37.0,1.0,8.0,1,-8.78871018746978,14.8851744288267,-0.723989516491677,10420
9vfoiax5,t6rthajw,12,4,1,1,1.0,1,1,95.0,100.0,33.0,1.0,1.0,0.6666666666666666,6.0,-0.06666666666666665,0,0.0,23.0,1.0,7.0,1,14.2517599224379,15.5718949491859,16.9752110267725,10145
9vfoiax5,wel7w6gg,12,17,1,1,1.0,1,1,50.0,52.63157894736842,20.0,1.0,0.0,0.9166666666666666,7.0,-0.21666666666666667,0,0.0,34.0,1.0,6.0,1,11.8143050187262,15.4620400803003,22.9090225541578,4521
9vfoiax5,u4dpd5wy,12,20,1,0,1.0,0,1,0.0,0.0,-10.0,1.0,1.0,1.0,4.0,-0.6,0,0.0,29.0,0.0,3.0,1,-18.5046274258981,15.1098174886843,-8.79848578409706,3851
9vfoiax5,y3uiqp3t,12,17,1,1,1.0,1,1,50.0,52.63157894736842,10.0,1.0,0.0,0.8333333333333334,6.0,-0.2333333333333334,0,1.0,21.0,1.0,8.0,1,11.8143050187262,15.4620400803003,22.9090225541578,4521
9vfoiax5,atqtlu6a,12,6,1,0,0.0,0,1,50.0,50.0,18.0,0.0,0.0,0.8333333333333334,3.0,-0.5333333333333334,0,0.0,22.0,0.0,5.0,1,-11.2220986754594,14.8724659161298,22.4078126217597,1097
9vfoiax5,cuq5iz33,12,4,1,0,0.0,0,1,80.0,80.0,23.0,1.0,1.0,0.6666666666666666,9.0,0.2333333333333334,1,1.0,22.0,1.0,6.0,1,14.2517599224379,15.5718949491859,16.9752110267725,10145
9vfoiax5,4yux8e22,12,18,1,1,0.0,0,0,10.0,10.0,20.0,,0.0,0.9166666666666666,6.0,-0.31666666666666665,0,0.0,43.0,1.0,11.0,1,10.1008360062988,15.3738697895262,17.9942787562462,930
9vfoiax5,f291tr7u,12,8,1,0,1.0,0,1,100.0,100.0,17.0,0.0,0.0,0.8333333333333334,3.0,-0.5333333333333334,1,0.0,29.0,0.0,6.0,1,8.30613918663683,15.3352032889933,19.2982240105404,11687
9vfoiax5,w3cukoe0,12,9,1,1,1.0,1,1,95.0,100.0,25.0,1.0,1.0,0.6666666666666666,1.0,-0.5666666666666667,1,0.0,22.0,0.0,5.0,1,5.74536607212394,14.4738059185499,24.2659454381039,6569
9vfoiax5,4zd5ned9,12,13,1,1,1.0,1,1,50.0,52.63157894736842,10.0,1.0,1.0,0.75,5.0,-0.25,0,1.0,22.0,1.0,6.0,1,9.07079175282812,15.2098450069864,12.2928746925969,101
9vfoiax5,mknb67le,12,18,1,0,1.0,0,1,5.0,5.0,5.0,0.0,0.0,0.75,4.0,-0.35,1,1.0,22.0,0.0,10.0,1,10.1008360062988,15.3738697895262,17.9942787562462,930
9vfoiax5,sp03734d,12,18,1,1,1.0,1,1,5.0,5.2631578947368425,5.0,0.0,0.0,0.75,6.0,-0.15000000000000002,0,1.0,22.0,0.0,7.0,1,10.1008360062988,15.3738697895262,17.9942787562462,930
9vfoiax5,m7hitpc7,12,10,1,1,1.0,1,1,0.0,0.0,7.0,0.0,0.0,0.75,6.0,-0.15000000000000002,0,0.0,22.0,0.0,6.0,1,-5.93528096088877,15.4765191734232,28.6089312735897,10682
9vfoiax5,92y585sb,12,15,1,0,1.0,0,1,95.0,95.0,10.0,0.0,0.0,0.8333333333333334,5.0,-0.33333333333333337,0,1.0,23.0,1.0,6.0,1,-8.78871018746978,14.8851744288267,-0.723989516491677,10420
9vfoiax5,ki9t1ots,12,5,1,0,1.0,0,1,30.0,30.0,9.0,1.0,1.0,0.75,3.0,-0.45,0,1.0,23.0,1.0,10.0,1,-12.6327970336565,14.7639768809906,-11.0647641062684,3118
9vfoiax5,8ygvklh3,12,10,1,0,1.0,0,1,50.0,50.0,2.0,1.0,0.0,0.9166666666666666,6.0,-0.31666666666666665,0,0.0,29.0,1.0,5.0,1,-5.93528096088877,15.4765191734232,28.6089312735897,10682
9vfoiax5,j6pfvo4x,12,4,1,1,1.0,1,1,85.0,89.47368421052632,27.0,1.0,1.0,0.5833333333333334,4.0,-0.18333333333333335,1,0.0,21.0,0.0,7.0,1,14.2517599224379,15.5718949491859,16.9752110267725,10145
9vfoiax5,mrwqmc94,12,19,1,0,1.0,0,1,40.0,40.0,6.0,0.0,0.0,0.5833333333333334,8.0,0.21666666666666667,0,1.0,22.0,1.0,8.0,1,8.27693716878569,15.0728085690886,27.2611152781865,4107
9vfoiax5,8lotxa0v,12,18,1,0,0.0,0,1,75.0,75.0,8.0,0.0,0.0,0.9166666666666666,7.0,-0.21666666666666667,1,1.0,21.0,1.0,7.0,1,10.1008360062988,15.3738697895262,17.9942787562462,930
9vfoiax5,zy0t07g5,12,8,1,0,1.0,0,1,100.0,100.0,20.0,1.0,0.0,0.6666666666666666,3.0,-0.36666666666666664,0,0.0,31.0,0.0,8.0,1,8.30613918663683,15.3352032889933,19.2982240105404,11687
9vfoiax5,zs0yllk7,12,11,1,0,1.0,0,1,0.0,0.0,10.0,1.0,0.0,0.5833333333333334,5.0,-0.08333333333333337,1,1.0,23.0,1.0,1.0,1,-10.6498152440075,15.1659550204512,37.6588629338984,798
9vfoiax5,9ozs75r2,12,20,1,1,0.0,0,0,25.0,25.0,30.0,,1.0,0.8333333333333334,6.0,-0.2333333333333334,0,1.0,27.0,1.0,4.0,1,-18.5046274258981,15.1098174886843,-8.79848578409706,3851
9vfoiax5,nn4f2puj,12,13,1,0,1.0,0,1,50.0,50.0,10.0,1.0,1.0,0.6666666666666666,5.0,-0.16666666666666663,1,0.0,22.0,1.0,6.0,1,9.07079175282812,15.2098450069864,12.2928746925969,101
9vfoiax5,ttbhrq7x,13,7,1,0,1.0,0,1,10.0,10.0,10.0,1.0,1.0,0.8333333333333334,8.0,-0.033333333333333326,0,1.0,22.0,1.0,8.0,1,-8.69500157023721,15.1796074842736,-4.77007384032043,11983
9vfoiax5,h6ra9n61,13,18,1,0,0.0,0,1,100.0,100.0,10.0,0.0,0.0,0.9166666666666666,9.0,-0.016666666666666607,0,1.0,21.0,1.0,6.0,1,10.1008360062988,15.3738697895262,17.9942787562462,930
9vfoiax5,4tucoz6l,13,15,1,0,0.0,0,1,30.0,30.0,7.0,1.0,0.0,0.6666666666666666,3.0,-0.36666666666666664,1,0.0,21.0,0.0,7.0,1,-8.78871018746978,14.8851744288267,-0.723989516491677,10420
9vfoiax5,47cbw4kl,13,17,1,0,1.0,0,1,100.0,100.0,25.0,1.0,0.0,0.9166666666666666,3.0,-0.6166666666666667,0,1.0,20.0,1.0,8.0,1,11.8143050187262,15.4620400803003,22.9090225541578,4521
9vfoiax5,w1hg4dq2,13,9,1,1,1.0,1,1,5.0,5.2631578947368425,22.0,1.0,1.0,0.6666666666666666,6.0,-0.06666666666666665,1,1.0,21.0,0.0,6.0,1,5.74536607212394,14.4738059185499,24.2659454381039,6569
9vfoiax5,2am1bt7m,13,16,1,0,0.0,0,1,10.0,10.0,10.0,1.0,1.0,0.5833333333333334,5.0,-0.08333333333333337,1,1.0,31.0,0.0,7.0,1,-10.7034666037922,15.0827396168302,6.32159774566318,1887
9vfoiax5,f0dtgw15,13,15,1,1,1.0,1,1,75.0,78.94736842105263,20.0,0.0,0.0,0.8333333333333334,4.0,-0.43333333333333335,0,1.0,22.0,1.0,10.0,1,-8.78871018746978,14.8851744288267,-0.723989516491677,10420
9vfoiax5,gtr4o4u4,13,18,1,0,1.0,0,1,20.0,20.0,15.0,0.0,0.0,0.9166666666666666,5.0,-0.41666666666666663,0,1.0,24.0,1.0,7.0,1,10.1008360062988,15.3738697895262,17.9942787562462,930
9vfoiax5,edlvyy4x,13,13,1,0,1.0,0,1,20.0,20.0,10.0,0.0,1.0,1.0,8.0,-0.19999999999999996,0,1.0,31.0,0.0,6.0,1,9.07079175282812,15.2098450069864,12.2928746925969,101
9vfoiax5,454urtzl,13,16,1,1,1.0,1,1,10.0,10.526315789473685,2.0,1.0,1.0,0.9166666666666666,4.0,-0.5166666666666666,0,1.0,22.0,0.0,4.0,1,-10.7034666037922,15.0827396168302,6.32159774566318,1887
9vfoiax5,y7r9sa4u,13,14,1,1,1.0,1,1,0.0,0.0,-10.0,1.0,0.0,0.9166666666666666,6.0,-0.31666666666666665,0,1.0,27.0,1.0,7.0,1,-18.6939033943952,15.2594062687008,5.87642608043333,8378
9vfoiax5,pm665xdw,13,8,1,1,0.0,0,0,70.0,70.0,20.0,,0.0,0.8333333333333334,3.0,-0.5333333333333334,0,0.0,22.0,0.0,8.0,1,8.30613918663683,15.3352032889933,19.2982240105404,11687
9vfoiax5,qgszrtu9,13,10,1,0,1.0,0,1,20.0,20.0,18.0,1.0,0.0,0.8333333333333334,5.0,-0.33333333333333337,0,1.0,21.0,0.0,6.0,1,-5.93528096088877,15.4765191734232,28.6089312735897,10682
9vfoiax5,0z4ddbix,13,5,1,0,1.0,0,1,80.0,80.0,-5.0,1.0,1.0,0.9166666666666666,7.0,-0.21666666666666667,0,0.0,37.0,1.0,8.0,1,-12.6327970336565,14.7639768809906,-11.0647641062684,3118
9vfoiax5,t6rthajw,13,10,1,1,0.0,0,0,55.0,55.0,12.0,,0.0,0.6666666666666666,6.0,-0.06666666666666665,0,0.0,23.0,1.0,7.0,1,-5.93528096088877,15.4765191734232,28.6089312735897,10682
9vfoiax5,wel7w6gg,13,8,1,0,1.0,0,1,30.0,30.0,20.0,0.0,0.0,0.9166666666666666,7.0,-0.21666666666666667,0,0.0,34.0,1.0,6.0,1,8.30613918663683,15.3352032889933,19.2982240105404,11687
9vfoiax5,u4dpd5wy,13,8,1,0,1.0,0,1,40.0,40.0,15.0,0.0,0.0,1.0,4.0,-0.6,0,0.0,29.0,0.0,3.0,1,8.30613918663683,15.3352032889933,19.2982240105404,11687
9vfoiax5,y3uiqp3t,13,19,1,0,1.0,0,1,60.0,60.0,10.0,0.0,0.0,0.8333333333333334,6.0,-0.2333333333333334,0,1.0,21.0,1.0,8.0,1,8.27693716878569,15.0728085690886,27.2611152781865,4107
9vfoiax5,atqtlu6a,13,10,1,1,1.0,1,1,60.0,63.1578947368421,19.2,0.0,0.0,0.8333333333333334,3.0,-0.5333333333333334,0,0.0,22.0,0.0,5.0,1,-5.93528096088877,15.4765191734232,28.6089312735897,10682
9vfoiax5,cuq5iz33,13,12,1,0,0.0,0,1,20.0,20.0,10.0,0.0,1.0,0.6666666666666666,9.0,0.2333333333333334,1,1.0,22.0,1.0,6.0,1,8.37348426153206,15.5031697191143,30.3829281992374,1434
9vfoiax5,4yux8e22,13,20,1,0,0.0,0,1,10.0,10.0,10.0,1.0,1.0,0.9166666666666666,6.0,-0.31666666666666665,0,0.0,43.0,1.0,11.0,1,-18.5046274258981,15.1098174886843,-8.79848578409706,3851
9vfoiax5,f291tr7u,13,12,1,1,1.0,1,1,95.0,100.0,17.0,1.0,1.0,0.8333333333333334,3.0,-0.5333333333333334,1,0.0,29.0,0.0,6.0,1,8.37348426153206,15.5031697191143,30.3829281992374,1434
9vfoiax5,w3cukoe0,13,14,1,1,1.0,1,1,0.0,0.0,-20.0,0.0,0.0,0.6666666666666666,1.0,-0.5666666666666667,1,0.0,22.0,0.0,5.0,1,-18.6939033943952,15.2594062687008,5.87642608043333,8378
9vfoiax5,4zd5ned9,13,15,1,0,1.0,0,1,70.0,70.0,5.0,0.0,0.0,0.75,5.0,-0.25,0,1.0,22.0,1.0,6.0,1,-8.78871018746978,14.8851744288267,-0.723989516491677,10420
9vfoiax5,mknb67le,13,9,1,0,1.0,0,1,10.0,10.0,20.0,0.0,1.0,0.75,4.0,-0.35,1,1.0,22.0,0.0,10.0,1,5.74536607212394,14.4738059185499,24.2659454381039,6569
9vfoiax5,sp03734d,13,13,1,0,1.0,0,1,25.0,25.0,25.0,1.0,1.0,0.75,6.0,-0.15000000000000002,0,1.0,22.0,0.0,7.0,1,9.07079175282812,15.2098450069864,12.2928746925969,101
9vfoiax5,m7hitpc7,13,19,1,0,1.0,0,1,55.0,55.0,17.0,0.0,0.0,0.75,6.0,-0.15000000000000002,0,0.0,22.0,0.0,6.0,1,8.27693716878569,15.0728085690886,27.2611152781865,4107
9vfoiax5,92y585sb,13,3,1,0,1.0,0,1,90.0,90.0,17.5,1.0,1.0,0.8333333333333334,5.0,-0.33333333333333337,0,1.0,23.0,1.0,6.0,1,7.35487993020429,14.5282644745692,16.8775714200622,5385
9vfoiax5,ki9t1ots,13,8,1,0,0.0,0,1,5.0,5.0,19.0,1.0,0.0,0.75,3.0,-0.45,0,1.0,23.0,1.0,10.0,1,8.30613918663683,15.3352032889933,19.2982240105404,11687
9vfoiax5,8ygvklh3,13,20,1,1,0.0,0,0,75.0,75.0,7.0,,1.0,0.9166666666666666,6.0,-0.31666666666666665,0,0.0,29.0,1.0,5.0,1,-18.5046274258981,15.1098174886843,-8.79848578409706,3851
9vfoiax5,j6pfvo4x,13,8,1,0,1.0,0,1,50.0,50.0,18.0,0.0,0.0,0.5833333333333334,4.0,-0.18333333333333335,1,0.0,21.0,0.0,7.0,1,8.30613918663683,15.3352032889933,19.2982240105404,11687
9vfoiax5,mrwqmc94,13,16,1,1,1.0,1,1,15.0,15.789473684210526,-6.0,1.0,1.0,0.5833333333333334,8.0,0.21666666666666667,0,1.0,22.0,1.0,8.0,1,-10.7034666037922,15.0827396168302,6.32159774566318,1887
9vfoiax5,8lotxa0v,13,4,1,0,0.0,0,1,100.0,100.0,18.0,1.0,1.0,0.9166666666666666,7.0,-0.21666666666666667,1,1.0,21.0,1.0,7.0,1,14.2517599224379,15.5718949491859,16.9752110267725,10145
9vfoiax5,zy0t07g5,13,12,1,1,1.0,1,1,95.0,100.0,16.0,1.0,1.0,0.6666666666666666,3.0,-0.36666666666666664,0,0.0,31.0,0.0,8.0,1,8.37348426153206,15.5031697191143,30.3829281992374,1434
9vfoiax5,zs0yllk7,13,5,1,0,1.0,0,1,100.0,100.0,30.0,0.0,1.0,0.5833333333333334,5.0,-0.08333333333333337,1,1.0,23.0,1.0,1.0,1,-12.6327970336565,14.7639768809906,-11.0647641062684,3118
9vfoiax5,9ozs75r2,13,5,1,1,0.0,0,0,20.0,20.0,15.0,,1.0,0.8333333333333334,6.0,-0.2333333333333334,0,1.0,27.0,1.0,4.0,1,-12.6327970336565,14.7639768809906,-11.0647641062684,3118
9vfoiax5,nn4f2puj,13,15,1,1,1.0,1,1,30.0,31.57894736842105,-10.0,1.0,0.0,0.6666666666666666,5.0,-0.16666666666666663,1,0.0,22.0,1.0,6.0,1,-8.78871018746978,14.8851744288267,-0.723989516491677,10420
9vfoiax5,ttbhrq7x,14,13,1,1,1.0,1,1,10.0,10.526315789473685,12.0,1.0,1.0,0.8333333333333334,8.0,-0.033333333333333326,0,1.0,22.0,1.0,8.0,1,9.07079175282812,15.2098450069864,12.2928746925969,101
9vfoiax5,h6ra9n61,14,8,1,0,0.0,0,1,100.0,100.0,15.0,0.0,0.0,0.9166666666666666,9.0,-0.016666666666666607,0,1.0,21.0,1.0,6.0,1,8.30613918663683,15.3352032889933,19.2982240105404,11687
9vfoiax5,4tucoz6l,14,12,1,0,0.0,0,1,20.0,20.0,15.0,0.0,1.0,0.6666666666666666,3.0,-0.36666666666666664,1,0.0,21.0,0.0,7.0,1,8.37348426153206,15.5031697191143,30.3829281992374,1434
9vfoiax5,47cbw4kl,14,20,1,1,1.0,1,1,95.0,100.0,8.0,1.0,1.0,0.9166666666666666,3.0,-0.6166666666666667,0,1.0,20.0,1.0,8.0,1,-18.5046274258981,15.1098174886843,-8.79848578409706,3851
9vfoiax5,w1hg4dq2,14,17,1,1,1.0,1,1,5.0,5.2631578947368425,25.0,1.0,0.0,0.6666666666666666,6.0,-0.06666666666666665,1,1.0,21.0,0.0,6.0,1,11.8143050187262,15.4620400803003,22.9090225541578,4521
9vfoiax5,2am1bt7m,14,20,1,1,0.0,0,0,5.0,5.0,10.0,,1.0,0.5833333333333334,5.0,-0.08333333333333337,1,1.0,31.0,0.0,7.0,1,-18.5046274258981,15.1098174886843,-8.79848578409706,3851
9vfoiax5,f0dtgw15,14,11,1,1,1.0,1,1,45.0,47.36842105263158,15.0,0.0,0.0,0.8333333333333334,4.0,-0.43333333333333335,0,1.0,22.0,1.0,10.0,1,-10.6498152440075,15.1659550204512,37.6588629338984,798
9vfoiax5,gtr4o4u4,14,5,1,1,1.0,1,1,0.0,0.0,-10.0,1.0,1.0,0.9166666666666666,5.0,-0.41666666666666663,0,1.0,24.0,1.0,7.0,1,-12.6327970336565,14.7639768809906,-11.0647641062684,3118
9vfoiax5,edlvyy4x,14,11,1,1,1.0,1,1,20.0,21.05263157894737,10.0,0.0,0.0,1.0,8.0,-0.19999999999999996,0,1.0,31.0,0.0,6.0,1,-10.6498152440075,15.1659550204512,37.6588629338984,798
9vfoiax5,454urtzl,14,5,1,1,1.0,1,1,95.0,100.0,4.0,1.0,1.0,0.9166666666666666,4.0,-0.5166666666666666,0,1.0,22.0,0.0,4.0,1,-12.6327970336565,14.7639768809906,-11.0647641062684,3118
9vfoiax5,y7r9sa4u,14,7,1,0,1.0,0,1,100.0,100.0,18.0,0.0,1.0,0.9166666666666666,6.0,-0.31666666666666665,0,1.0,27.0,1.0,7.0,1,-8.69500157023721,15.1796074842736,-4.77007384032043,11983
9vfoiax5,pm665xdw,14,5,1,0,1.0,0,1,50.0,50.0,5.0,1.0,1.0,0.8333333333333334,3.0,-0.5333333333333334,0,0.0,22.0,0.0,8.0,1,-12.6327970336565,14.7639768809906,-11.0647641062684,3118
9vfoiax5,qgszrtu9,14,14,1,1,1.0,1,1,0.0,0.0,-3.0,1.0,0.0,0.8333333333333334,5.0,-0.33333333333333337,0,1.0,21.0,0.0,6.0,1,-18.6939033943952,15.2594062687008,5.87642608043333,8378
9vfoiax5,0z4ddbix,14,8,1,1,1.0,1,1,95.0,100.0,10.0,1.0,0.0,0.9166666666666666,7.0,-0.21666666666666667,0,0.0,37.0,1.0,8.0,1,8.30613918663683,15.3352032889933,19.2982240105404,11687
9vfoiax5,t6rthajw,14,16,1,1,1.0,1,1,50.0,52.63157894736842,8.0,0.0,1.0,0.6666666666666666,6.0,-0.06666666666666665,0,0.0,23.0,1.0,7.0,1,-10.7034666037922,15.0827396168302,6.32159774566318,1887
9vfoiax5,wel7w6gg,14,5,1,1,1.0,1,1,50.0,52.63157894736842,7.0,1.0,1.0,0.9166666666666666,7.0,-0.21666666666666667,0,0.0,34.0,1.0,6.0,1,-12.6327970336565,14.7639768809906,-11.0647641062684,3118
9vfoiax5,u4dpd5wy,14,16,1,1,1.0,1,1,0.0,0.0,-5.0,1.0,1.0,1.0,4.0,-0.6,0,0.0,29.0,0.0,3.0,1,-10.7034666037922,15.0827396168302,6.32159774566318,1887
9vfoiax5,y3uiqp3t,14,14,1,1,0.0,0,0,70.0,70.0,15.0,,0.0,0.8333333333333334,6.0,-0.2333333333333334,0,1.0,21.0,1.0,8.0,1,-18.6939033943952,15.2594062687008,5.87642608043333,8378
9vfoiax5,atqtlu6a,14,7,1,1,0.0,0,0,70.0,70.0,18.0,,1.0,0.8333333333333334,3.0,-0.5333333333333334,0,0.0,22.0,0.0,5.0,1,-8.69500157023721,15.1796074842736,-4.77007384032043,11983
9vfoiax5,cuq5iz33,14,8,1,1,0.0,0,0,80.0,80.0,20.0,,0.0,0.6666666666666666,9.0,0.2333333333333334,1,1.0,22.0,1.0,6.0,1,8.30613918663683,15.3352032889933,19.2982240105404,11687
9vfoiax5,4yux8e22,14,11,1,1,0.0,0,0,10.0,10.0,30.0,,0.0,0.9166666666666666,6.0,-0.31666666666666665,0,0.0,43.0,1.0,11.0,1,-10.6498152440075,15.1659550204512,37.6588629338984,798
9vfoiax5,f291tr7u,14,15,1,0,1.0,0,1,100.0,100.0,10.0,0.0,0.0,0.8333333333333334,3.0,-0.5333333333333334,1,0.0,29.0,0.0,6.0,1,-8.78871018746978,14.8851744288267,-0.723989516491677,10420
9vfoiax5,w3cukoe0,14,13,1,0,1.0,0,1,100.0,100.0,18.0,1.0,1.0,0.6666666666666666,1.0,-0.5666666666666667,1,0.0,22.0,0.0,5.0,1,9.07079175282812,15.2098450069864,12.2928746925969,101
9vfoiax5,4zd5ned9,14,5,1,0,1.0,0,1,0.0,0.0,0.0,1.0,1.0,0.75,5.0,-0.25,0,1.0,22.0,1.0,6.0,1,-12.6327970336565,14.7639768809906,-11.0647641062684,3118
9vfoiax5,mknb67le,14,19,1,0,1.0,0,1,5.0,5.0,12.0,0.0,0.0,0.75,4.0,-0.35,1,1.0,22.0,0.0,10.0,1,8.27693716878569,15.0728085690886,27.2611152781865,4107
9vfoiax5,sp03734d,14,20,1,1,0.0,0,0,10.0,10.0,3.0,,1.0,0.75,6.0,-0.15000000000000002,0,1.0,22.0,0.0,7.0,1,-18.5046274258981,15.1098174886843,-8.79848578409706,3851
9vfoiax5,m7hitpc7,14,8,1,1,1.0,1,1,60.0,63.1578947368421,14.0,0.0,0.0,0.75,6.0,-0.15000000000000002,0,0.0,22.0,0.0,6.0,1,8.30613918663683,15.3352032889933,19.2982240105404,11687
9vfoiax5,92y585sb,14,12,1,1,1.0,1,1,80.0,84.21052631578948,20.0,1.0,1.0,0.8333333333333334,5.0,-0.33333333333333337,0,1.0,23.0,1.0,6.0,1,8.37348426153206,15.5031697191143,30.3829281992374,1434
9vfoiax5,ki9t1ots,14,4,1,0,0.0,0,1,5.0,5.0,25.0,1.0,1.0,0.75,3.0,-0.45,0,1.0,23.0,1.0,10.0,1,14.2517599224379,15.5718949491859,16.9752110267725,10145
9vfoiax5,8ygvklh3,14,13,1,0,1.0,0,1,100.0,100.0,17.0,1.0,1.0,0.9166666666666666,6.0,-0.31666666666666665,0,0.0,29.0,1.0,5.0,1,9.07079175282812,15.2098450069864,12.2928746925969,101
9vfoiax5,j6pfvo4x,14,13,1,1,1.0,1,1,60.0,63.1578947368421,17.0,1.0,1.0,0.5833333333333334,4.0,-0.18333333333333335,1,0.0,21.0,0.0,7.0,1,9.07079175282812,15.2098450069864,12.2928746925969,101
9vfoiax5,mrwqmc94,14,15,1,0,1.0,0,1,80.0,80.0,21.0,0.0,0.0,0.5833333333333334,8.0,0.21666666666666667,0,1.0,22.0,1.0,8.0,1,-8.78871018746978,14.8851744288267,-0.723989516491677,10420
9vfoiax5,8lotxa0v,14,12,1,1,0.0,0,0,75.0,75.0,10.0,,1.0,0.9166666666666666,7.0,-0.21666666666666667,1,1.0,21.0,1.0,7.0,1,8.37348426153206,15.5031697191143,30.3829281992374,1434
9vfoiax5,zy0t07g5,14,10,1,0,1.0,0,1,100.0,100.0,5.0,0.0,0.0,0.6666666666666666,3.0,-0.36666666666666664,0,0.0,31.0,0.0,8.0,1,-5.93528096088877,15.4765191734232,28.6089312735897,10682
9vfoiax5,zs0yllk7,14,14,1,0,1.0,0,1,100.0,100.0,25.0,0.0,0.0,0.5833333333333334,5.0,-0.08333333333333337,1,1.0,23.0,1.0,1.0,1,-18.6939033943952,15.2594062687008,5.87642608043333,8378
9vfoiax5,9ozs75r2,14,10,1,1,1.0,1,1,20.0,21.05263157894737,15.0,1.0,0.0,0.8333333333333334,6.0,-0.2333333333333334,0,1.0,27.0,1.0,4.0,1,-5.93528096088877,15.4765191734232,28.6089312735897,10682
9vfoiax5,nn4f2puj,14,16,1,0,1.0,0,1,50.0,50.0,0.2,1.0,1.0,0.6666666666666666,5.0,-0.16666666666666663,1,0.0,22.0,1.0,6.0,1,-10.7034666037922,15.0827396168302,6.32159774566318,1887
9vfoiax5,ttbhrq7x,15,11,1,0,1.0,0,1,0.0,0.0,-5.0,0.0,0.0,0.8333333333333334,8.0,-0.033333333333333326,0,1.0,22.0,1.0,8.0,1,-10.6498152440075,15.1659550204512,37.6588629338984,798
9vfoiax5,h6ra9n61,15,16,1,0,0.0,0,1,100.0,100.0,16.0,0.0,1.0,0.9166666666666666,9.0,-0.016666666666666607,0,1.0,21.0,1.0,6.0,1,-10.7034666037922,15.0827396168302,6.32159774566318,1887
9vfoiax5,4tucoz6l,15,17,1,0,0.0,0,1,20.0,20.0,22.0,0.0,0.0,0.6666666666666666,3.0,-0.36666666666666664,1,0.0,21.0,0.0,7.0,1,11.8143050187262,15.4620400803003,22.9090225541578,4521
9vfoiax5,47cbw4kl,15,10,1,1,1.0,1,1,95.0,100.0,19.0,0.0,0.0,0.9166666666666666,3.0,-0.6166666666666667,0,1.0,20.0,1.0,8.0,1,-5.93528096088877,15.4765191734232,28.6089312735897,10682
9vfoiax5,w1hg4dq2,15,3,1,1,1.0,1,1,5.0,5.2631578947368425,25.0,1.0,1.0,0.6666666666666666,6.0,-0.06666666666666665,1,1.0,21.0,0.0,6.0,1,7.35487993020429,14.5282644745692,16.8775714200622,5385
9vfoiax5,2am1bt7m,15,12,1,1,0.0,0,0,5.0,5.0,20.0,,1.0,0.5833333333333334,5.0,-0.08333333333333337,1,1.0,31.0,0.0,7.0,1,8.37348426153206,15.5031697191143,30.3829281992374,1434
9vfoiax5,f0dtgw15,15,17,1,0,1.0,0,1,75.0,75.0,25.0,1.0,0.0,0.8333333333333334,4.0,-0.43333333333333335,0,1.0,22.0,1.0,10.0,1,11.8143050187262,15.4620400803003,22.9090225541578,4521
9vfoiax5,gtr4o4u4,15,14,1,1,1.0,1,1,20.0,21.05263157894737,15.0,0.0,0.0,0.9166666666666666,5.0,-0.41666666666666663,0,1.0,24.0,1.0,7.0,1,-18.6939033943952,15.2594062687008,5.87642608043333,8378
9vfoiax5,edlvyy4x,15,19,1,1,1.0,1,1,15.0,15.789473684210526,20.0,0.0,0.0,1.0,8.0,-0.19999999999999996,0,1.0,31.0,0.0,6.0,1,8.27693716878569,15.0728085690886,27.2611152781865,4107
9vfoiax5,454urtzl,15,8,1,0,1.0,0,1,100.0,100.0,18.0,0.0,0.0,0.9166666666666666,4.0,-0.5166666666666666,0,1.0,22.0,0.0,4.0,1,8.30613918663683,15.3352032889933,19.2982240105404,11687
9vfoiax5,y7r9sa4u,15,6,1,0,1.0,0,1,0.0,0.0,10.0,1.0,0.0,0.9166666666666666,6.0,-0.31666666666666665,0,1.0,27.0,1.0,7.0,1,-11.2220986754594,14.8724659161298,22.4078126217597,1097
9vfoiax5,pm665xdw,15,7,1,1,1.0,1,1,30.0,31.57894736842105,7.0,1.0,1.0,0.8333333333333334,3.0,-0.5333333333333334,0,0.0,22.0,0.0,8.0,1,-8.69500157023721,15.1796074842736,-4.77007384032043,11983
9vfoiax5,qgszrtu9,15,9,1,0,1.0,0,1,15.0,15.0,11.0,1.0,1.0,0.8333333333333334,5.0,-0.33333333333333337,0,1.0,21.0,0.0,6.0,1,5.74536607212394,14.4738059185499,24.2659454381039,6569
9vfoiax5,0z4ddbix,15,11,1,0,1.0,0,1,60.0,60.0,-8.0,1.0,0.0,0.9166666666666666,7.0,-0.21666666666666667,0,0.0,37.0,1.0,8.0,1,-10.6498152440075,15.1659550204512,37.6588629338984,798
9vfoiax5,t6rthajw,15,3,1,0,1.0,0,1,85.0,85.0,23.0,1.0,1.0,0.6666666666666666,6.0,-0.06666666666666665,0,0.0,23.0,1.0,7.0,1,7.35487993020429,14.5282644745692,16.8775714200622,5385
9vfoiax5,wel7w6gg,15,9,1,1,1.0,1,1,95.0,100.0,17.5,0.0,1.0,0.9166666666666666,7.0,-0.21666666666666667,0,0.0,34.0,1.0,6.0,1,5.74536607212394,14.4738059185499,24.2659454381039,6569
9vfoiax5,u4dpd5wy,15,9,1,0,1.0,0,1,100.0,100.0,25.0,1.0,1.0,1.0,4.0,-0.6,0,0.0,29.0,0.0,3.0,1,5.74536607212394,14.4738059185499,24.2659454381039,6569
9vfoiax5,y3uiqp3t,15,4,1,1,1.0,1,1,95.0,100.0,25.0,1.0,1.0,0.8333333333333334,6.0,-0.2333333333333334,0,1.0,21.0,1.0,8.0,1,14.2517599224379,15.5718949491859,16.9752110267725,10145
9vfoiax5,atqtlu6a,15,12,1,0,1.0,0,1,80.0,80.0,18.0,1.0,1.0,0.8333333333333334,3.0,-0.5333333333333334,0,0.0,22.0,0.0,5.0,1,8.37348426153206,15.5031697191143,30.3829281992374,1434
9vfoiax5,cuq5iz33,15,15,1,0,1.0,0,1,50.0,50.0,10.0,1.0,0.0,0.6666666666666666,9.0,0.2333333333333334,1,1.0,22.0,1.0,6.0,1,-8.78871018746978,14.8851744288267,-0.723989516491677,10420
9vfoiax5,4yux8e22,15,16,1,0,0.0,0,1,10.0,10.0,12.0,1.0,1.0,0.9166666666666666,6.0,-0.31666666666666665,0,0.0,43.0,1.0,11.0,1,-10.7034666037922,15.0827396168302,6.32159774566318,1887
9vfoiax5,f291tr7u,15,3,1,1,1.0,1,1,95.0,100.0,22.0,1.0,1.0,0.8333333333333334,3.0,-0.5333333333333334,1,0.0,29.0,0.0,6.0,1,7.35487993020429,14.5282644745692,16.8775714200622,5385
9vfoiax5,w3cukoe0,15,4,1,0,1.0,0,1,100.0,100.0,35.0,1.0,1.0,0.6666666666666666,1.0,-0.5666666666666667,1,0.0,22.0,0.0,5.0,1,14.2517599224379,15.5718949491859,16.9752110267725,10145
9vfoiax5,4zd5ned9,15,19,1,0,1.0,0,1,80.0,80.0,15.0,0.0,0.0,0.75,5.0,-0.25,0,1.0,22.0,1.0,6.0,1,8.27693716878569,15.0728085690886,27.2611152781865,4107
9vfoiax5,mknb67le,15,8,1,0,1.0,0,1,5.0,5.0,17.0,0.0,0.0,0.75,4.0,-0.35,1,1.0,22.0,0.0,10.0,1,8.30613918663683,15.3352032889933,19.2982240105404,11687
9vfoiax5,sp03734d,15,8,1,1,1.0,1,1,15.0,15.789473684210526,-5.0,0.0,0.0,0.75,6.0,-0.15000000000000002,0,1.0,22.0,0.0,7.0,1,8.30613918663683,15.3352032889933,19.2982240105404,11687
9vfoiax5,m7hitpc7,15,17,1,0,1.0,0,1,70.0,70.0,19.0,1.0,0.0,0.75,6.0,-0.15000000000000002,0,0.0,22.0,0.0,6.0,1,11.8143050187262,15.4620400803003,22.9090225541578,4521
9vfoiax5,92y585sb,15,17,1,0,1.0,0,1,95.0,95.0,18.0,0.0,0.0,0.8333333333333334,5.0,-0.33333333333333337,0,1.0,23.0,1.0,6.0,1,11.8143050187262,15.4620400803003,22.9090225541578,4521
9vfoiax5,ki9t1ots,15,11,1,0,0.0,0,1,5.0,5.0,18.0,0.0,0.0,0.75,3.0,-0.45,0,1.0,23.0,1.0,10.0,1,-10.6498152440075,15.1659550204512,37.6588629338984,798
9vfoiax5,8ygvklh3,15,6,1,0,0.0,0,1,25.0,25.0,15.0,0.0,0.0,0.9166666666666666,6.0,-0.31666666666666665,0,0.0,29.0,1.0,5.0,1,-11.2220986754594,14.8724659161298,22.4078126217597,1097
9vfoiax5,j6pfvo4x,15,15,1,0,1.0,0,1,20.0,20.0,8.0,0.0,0.0,0.5833333333333334,4.0,-0.18333333333333335,1,0.0,21.0,0.0,7.0,1,-8.78871018746978,14.8851744288267,-0.723989516491677,10420
9vfoiax5,mrwqmc94,15,3,1,0,1.0,0,1,100.0,100.0,22.75,1.0,1.0,0.5833333333333334,8.0,0.21666666666666667,0,1.0,22.0,1.0,8.0,1,7.35487993020429,14.5282644745692,16.8775714200622,5385
9vfoiax5,8lotxa0v,15,15,1,0,0.0,0,1,20.0,20.0,-10.0,1.0,0.0,0.9166666666666666,7.0,-0.21666666666666667,1,1.0,21.0,1.0,7.0,1,-8.78871018746978,14.8851744288267,-0.723989516491677,10420
9vfoiax5,zy0t07g5,15,4,1,0,1.0,0,1,100.0,100.0,35.0,1.0,1.0,0.6666666666666666,3.0,-0.36666666666666664,0,0.0,31.0,0.0,8.0,1,14.2517599224379,15.5718949491859,16.9752110267725,10145
9vfoiax5,zs0yllk7,15,18,1,1,1.0,1,1,95.0,100.0,25.0,0.0,0.0,0.5833333333333334,5.0,-0.08333333333333337,1,1.0,23.0,1.0,1.0,1,10.1008360062988,15.3738697895262,17.9942787562462,930
9vfoiax5,9ozs75r2,15,17,1,0,1.0,0,1,0.0,0.0,-5.0,1.0,0.0,0.8333333333333334,6.0,-0.2333333333333334,0,1.0,27.0,1.0,4.0,1,11.8143050187262,15.4620400803003,22.9090225541578,4521
9vfoiax5,nn4f2puj,15,8,1,0,1.0,0,1,30.0,30.0,-5.0,1.0,0.0,0.6666666666666666,5.0,-0.16666666666666663,1,0.0,22.0,1.0,6.0,1,8.30613918663683,15.3352032889933,19.2982240105404,11687
9vfoiax5,ttbhrq7x,16,16,1,0,1.0,0,1,0.0,0.0,-10.0,0.0,1.0,0.8333333333333334,8.0,-0.033333333333333326,0,1.0,22.0,1.0,8.0,1,-10.7034666037922,15.0827396168302,6.32159774566318,1887
9vfoiax5,h6ra9n61,16,15,1,1,0.0,0,0,100.0,100.0,17.0,,0.0,0.9166666666666666,9.0,-0.016666666666666607,0,1.0,21.0,1.0,6.0,1,-8.78871018746978,14.8851744288267,-0.723989516491677,10420
9vfoiax5,4tucoz6l,16,7,1,0,0.0,0,1,15.0,15.0,5.0,1.0,1.0,0.6666666666666666,3.0,-0.36666666666666664,1,0.0,21.0,0.0,7.0,1,-8.69500157023721,15.1796074842736,-4.77007384032043,11983
9vfoiax5,47cbw4kl,16,3,1,1,1.0,1,1,95.0,100.0,25.0,1.0,1.0,0.9166666666666666,3.0,-0.6166666666666667,0,1.0,20.0,1.0,8.0,1,7.35487993020429,14.5282644745692,16.8775714200622,5385
9vfoiax5,w1hg4dq2,16,15,1,0,0.0,0,1,5.0,5.0,8.0,0.0,0.0,0.6666666666666666,6.0,-0.06666666666666665,1,1.0,21.0,0.0,6.0,1,-8.78871018746978,14.8851744288267,-0.723989516491677,10420
9vfoiax5,2am1bt7m,16,7,1,1,0.0,0,0,10.0,10.0,22.0,,1.0,0.5833333333333334,5.0,-0.08333333333333337,1,1.0,31.0,0.0,7.0,1,-8.69500157023721,15.1796074842736,-4.77007384032043,11983
9vfoiax5,f0dtgw15,16,5,1,0,1.0,0,1,25.0,25.0,5.0,1.0,1.0,0.8333333333333334,4.0,-0.43333333333333335,0,1.0,22.0,1.0,10.0,1,-12.6327970336565,14.7639768809906,-11.0647641062684,3118
9vfoiax5,gtr4o4u4,16,15,1,1,1.0,1,1,25.0,26.31578947368421,15.0,0.0,0.0,0.9166666666666666,5.0,-0.41666666666666663,0,1.0,24.0,1.0,7.0,1,-8.78871018746978,14.8851744288267,-0.723989516491677,10420
9vfoiax5,edlvyy4x,16,14,1,1,1.0,1,1,15.0,15.789473684210526,-5.0,1.0,0.0,1.0,8.0,-0.19999999999999996,0,1.0,31.0,0.0,6.0,1,-18.6939033943952,15.2594062687008,5.87642608043333,8378
9vfoiax5,454urtzl,16,7,1,1,1.0,1,1,95.0,100.0,6.0,1.0,1.0,0.9166666666666666,4.0,-0.5166666666666666,0,1.0,22.0,0.0,4.0,1,-8.69500157023721,15.1796074842736,-4.77007384032043,11983
9vfoiax5,y7r9sa4u,16,4,1,1,1.0,1,1,95.0,100.0,23.0,1.0,1.0,0.9166666666666666,6.0,-0.31666666666666665,0,1.0,27.0,1.0,7.0,1,14.2517599224379,15.5718949491859,16.9752110267725,10145
9vfoiax5,pm665xdw,16,13,1,1,1.0,1,1,70.0,73.6842105263158,17.0,1.0,1.0,0.8333333333333334,3.0,-0.5333333333333334,0,0.0,22.0,0.0,8.0,1,9.07079175282812,15.2098450069864,12.2928746925969,101
9vfoiax5,qgszrtu9,16,5,1,0,1.0,0,1,10.0,10.0,10.0,1.0,1.0,0.8333333333333334,5.0,-0.33333333333333337,0,1.0,21.0,0.0,6.0,1,-12.6327970336565,14.7639768809906,-11.0647641062684,3118
9vfoiax5,0z4ddbix,16,14,1,1,1.0,1,1,20.0,21.05263157894737,-20.0,1.0,0.0,0.9166666666666666,7.0,-0.21666666666666667,0,0.0,37.0,1.0,8.0,1,-18.6939033943952,15.2594062687008,5.87642608043333,8378
9vfoiax5,t6rthajw,16,7,1,0,1.0,0,1,75.0,75.0,15.0,0.0,1.0,0.6666666666666666,6.0,-0.06666666666666665,0,0.0,23.0,1.0,7.0,1,-8.69500157023721,15.1796074842736,-4.77007384032043,11983
9vfoiax5,wel7w6gg,16,16,1,0,1.0,0,1,10.0,10.0,5.0,1.0,1.0,0.9166666666666666,7.0,-0.21666666666666667,0,0.0,34.0,1.0,6.0,1,-10.7034666037922,15.0827396168302,6.32159774566318,1887
9vfoiax5,u4dpd5wy,16,5,1,0,1.0,0,1,15.0,15.0,0.0,1.0,1.0,1.0,4.0,-0.6,0,0.0,29.0,0.0,3.0,1,-12.6327970336565,14.7639768809906,-11.0647641062684,3118
9vfoiax5,y3uiqp3t,16,3,1,0,1.0,0,1,100.0,100.0,20.0,1.0,1.0,0.8333333333333334,6.0,-0.2333333333333334,0,1.0,21.0,1.0,8.0,1,7.35487993020429,14.5282644745692,16.8775714200622,5385
9vfoiax5,atqtlu6a,16,15,1,1,1.0,1,1,85.0,89.47368421052632,20.0,0.0,0.0,0.8333333333333334,3.0,-0.5333333333333334,0,0.0,22.0,0.0,5.0,1,-8.78871018746978,14.8851744288267,-0.723989516491677,10420
9vfoiax5,cuq5iz33,16,19,1,0,1.0,0,1,80.0,80.0,24.0,1.0,0.0,0.6666666666666666,9.0,0.2333333333333334,1,1.0,22.0,1.0,6.0,1,8.27693716878569,15.0728085690886,27.2611152781865,4107
9vfoiax5,4yux8e22,16,10,1,0,0.0,0,1,10.0,10.0,20.0,1.0,0.0,0.9166666666666666,6.0,-0.31666666666666665,0,0.0,43.0,1.0,11.0,1,-5.93528096088877,15.4765191734232,28.6089312735897,10682
9vfoiax5,f291tr7u,16,13,1,1,1.0,1,1,95.0,100.0,17.0,1.0,1.0,0.8333333333333334,3.0,-0.5333333333333334,1,0.0,29.0,0.0,6.0,1,9.07079175282812,15.2098450069864,12.2928746925969,101
9vfoiax5,w3cukoe0,16,7,1,1,1.0,1,1,0.0,0.0,0.0,0.0,1.0,0.6666666666666666,1.0,-0.5666666666666667,1,0.0,22.0,0.0,5.0,1,-8.69500157023721,15.1796074842736,-4.77007384032043,11983
9vfoiax5,4zd5ned9,16,6,1,0,1.0,0,1,50.0,50.0,12.0,0.0,0.0,0.75,5.0,-0.25,0,1.0,22.0,1.0,6.0,1,-11.2220986754594,14.8724659161298,22.4078126217597,1097
9vfoiax5,mknb67le,16,10,1,1,1.0,1,1,5.0,5.2631578947368425,20.0,0.0,0.0,0.75,4.0,-0.35,1,1.0,22.0,0.0,10.0,1,-5.93528096088877,15.4765191734232,28.6089312735897,10682
9vfoiax5,sp03734d,16,9,1,0,1.0,0,1,25.0,25.0,22.0,1.0,1.0,0.75,6.0,-0.15000000000000002,0,1.0,22.0,0.0,7.0,1,5.74536607212394,14.4738059185499,24.2659454381039,6569
9vfoiax5,m7hitpc7,16,13,1,1,1.0,1,1,80.0,84.21052631578948,14.0,0.0,1.0,0.75,6.0,-0.15000000000000002,0,0.0,22.0,0.0,6.0,1,9.07079175282812,15.2098450069864,12.2928746925969,101
9vfoiax5,92y585sb,16,10,1,0,1.0,0,1,95.0,95.0,14.0,0.0,0.0,0.8333333333333334,5.0,-0.33333333333333337,0,1.0,23.0,1.0,6.0,1,-5.93528096088877,15.4765191734232,28.6089312735897,10682
9vfoiax5,ki9t1ots,16,15,1,1,1.0,1,1,10.0,10.526315789473685,8.0,1.0,0.0,0.75,3.0,-0.45,0,1.0,23.0,1.0,10.0,1,-8.78871018746978,14.8851744288267,-0.723989516491677,10420
9vfoiax5,8ygvklh3,16,16,1,0,1.0,0,1,100.0,100.0,-4.0,1.0,1.0,0.9166666666666666,6.0,-0.31666666666666665,0,0.0,29.0,1.0,5.0,1,-10.7034666037922,15.0827396168302,6.32159774566318,1887
9vfoiax5,j6pfvo4x,16,6,1,1,1.0,1,1,30.0,31.57894736842105,15.0,0.0,0.0,0.5833333333333334,4.0,-0.18333333333333335,1,0.0,21.0,0.0,7.0,1,-11.2220986754594,14.8724659161298,22.4078126217597,1097
9vfoiax5,mrwqmc94,16,6,1,1,1.0,1,1,0.0,0.0,7.0,0.0,0.0,0.5833333333333334,8.0,0.21666666666666667,0,1.0,22.0,1.0,8.0,1,-11.2220986754594,14.8724659161298,22.4078126217597,1097
9vfoiax5,8lotxa0v,16,7,1,1,0.0,0,0,75.0,75.0,13.0,,1.0,0.9166666666666666,7.0,-0.21666666666666667,1,1.0,21.0,1.0,7.0,1,-8.69500157023721,15.1796074842736,-4.77007384032043,11983
9vfoiax5,zy0t07g5,16,19,1,1,1.0,1,1,95.0,100.0,10.0,0.0,0.0,0.6666666666666666,3.0,-0.36666666666666664,0,0.0,31.0,0.0,8.0,1,8.27693716878569,15.0728085690886,27.2611152781865,4107
9vfoiax5,zs0yllk7,16,12,1,0,1.0,0,1,100.0,100.0,24.0,0.0,1.0,0.5833333333333334,5.0,-0.08333333333333337,1,1.0,23.0,1.0,1.0,1,8.37348426153206,15.5031697191143,30.3829281992374,1434
9vfoiax5,9ozs75r2,16,15,1,0,1.0,0,1,50.0,50.0,25.0,1.0,0.0,0.8333333333333334,6.0,-0.2333333333333334,0,1.0,27.0,1.0,4.0,1,-8.78871018746978,14.8851744288267,-0.723989516491677,10420
9vfoiax5,nn4f2puj,16,12,1,1,1.0,1,1,50.0,52.63157894736842,20.0,1.0,1.0,0.6666666666666666,5.0,-0.16666666666666663,1,0.0,22.0,1.0,6.0,1,8.37348426153206,15.5031697191143,30.3829281992374,1434
9vfoiax5,ttbhrq7x,17,9,1,0,1.0,0,1,10.0,10.0,8.0,1.0,1.0,0.8333333333333334,8.0,-0.033333333333333326,0,1.0,22.0,1.0,8.0,1,5.74536607212394,14.4738059185499,24.2659454381039,6569
9vfoiax5,h6ra9n61,17,11,1,1,0.0,0,0,100.0,100.0,16.0,,0.0,0.9166666666666666,9.0,-0.016666666666666607,0,1.0,21.0,1.0,6.0,1,-10.6498152440075,15.1659550204512,37.6588629338984,798
9vfoiax5,4tucoz6l,17,8,1,0,0.0,0,1,50.0,50.0,23.0,1.0,0.0,0.6666666666666666,3.0,-0.36666666666666664,1,0.0,21.0,0.0,7.0,1,8.30613918663683,15.3352032889933,19.2982240105404,11687
9vfoiax5,47cbw4kl,17,4,1,1,1.0,1,1,95.0,100.0,29.0,1.0,1.0,0.9166666666666666,3.0,-0.6166666666666667,0,1.0,20.0,1.0,8.0,1,14.2517599224379,15.5718949491859,16.9752110267725,10145
9vfoiax5,w1hg4dq2,17,20,1,0,0.0,0,1,5.0,5.0,0.7,1.0,1.0,0.6666666666666666,6.0,-0.06666666666666665,1,1.0,21.0,0.0,6.0,1,-18.5046274258981,15.1098174886843,-8.79848578409706,3851
9vfoiax5,2am1bt7m,17,10,1,0,0.0,0,1,10.0,10.0,17.0,0.0,0.0,0.5833333333333334,5.0,-0.08333333333333337,1,1.0,31.0,0.0,7.0,1,-5.93528096088877,15.4765191734232,28.6089312735897,10682
9vfoiax5,f0dtgw15,17,8,1,1,1.0,1,1,95.0,100.0,25.0,1.0,0.0,0.8333333333333334,4.0,-0.43333333333333335,0,1.0,22.0,1.0,10.0,1,8.30613918663683,15.3352032889933,19.2982240105404,11687
9vfoiax5,gtr4o4u4,17,19,1,0,1.0,0,1,70.0,70.0,15.0,0.0,0.0,0.9166666666666666,5.0,-0.41666666666666663,0,1.0,24.0,1.0,7.0,1,8.27693716878569,15.0728085690886,27.2611152781865,4107
9vfoiax5,edlvyy4x,17,16,1,1,1.0,1,1,20.0,21.05263157894737,0.0,1.0,1.0,1.0,8.0,-0.19999999999999996,0,1.0,31.0,0.0,6.0,1,-10.7034666037922,15.0827396168302,6.32159774566318,1887
9vfoiax5,454urtzl,17,6,1,0,1.0,0,1,0.0,0.0,-2.0,0.0,0.0,0.9166666666666666,4.0,-0.5166666666666666,0,1.0,22.0,0.0,4.0,1,-11.2220986754594,14.8724659161298,22.4078126217597,1097
9vfoiax5,y7r9sa4u,17,3,1,0,1.0,0,1,100.0,100.0,17.0,1.0,1.0,0.9166666666666666,6.0,-0.31666666666666665,0,1.0,27.0,1.0,7.0,1,7.35487993020429,14.5282644745692,16.8775714200622,5385
9vfoiax5,pm665xdw,17,3,1,1,1.0,1,1,50.0,52.63157894736842,20.0,1.0,1.0,0.8333333333333334,3.0,-0.5333333333333334,0,0.0,22.0,0.0,8.0,1,7.35487993020429,14.5282644745692,16.8775714200622,5385
9vfoiax5,qgszrtu9,17,16,1,1,0.0,0,0,25.0,25.0,23.0,,1.0,0.8333333333333334,5.0,-0.33333333333333337,0,1.0,21.0,0.0,6.0,1,-10.7034666037922,15.0827396168302,6.32159774566318,1887
9vfoiax5,0z4ddbix,17,3,1,1,1.0,1,1,15.0,15.789473684210526,6.0,1.0,1.0,0.9166666666666666,7.0,-0.21666666666666667,0,0.0,37.0,1.0,8.0,1,7.35487993020429,14.5282644745692,16.8775714200622,5385
9vfoiax5,t6rthajw,17,14,1,1,1.0,1,1,15.0,15.789473684210526,2.0,0.0,0.0,0.6666666666666666,6.0,-0.06666666666666665,0,0.0,23.0,1.0,7.0,1,-18.6939033943952,15.2594062687008,5.87642608043333,8378
9vfoiax5,wel7w6gg,17,15,1,1,1.0,1,1,10.0,10.526315789473685,5.0,0.0,0.0,0.9166666666666666,7.0,-0.21666666666666667,0,0.0,34.0,1.0,6.0,1,-8.78871018746978,14.8851744288267,-0.723989516491677,10420
9vfoiax5,u4dpd5wy,17,19,1,1,1.0,1,1,80.0,84.21052631578948,20.0,0.0,0.0,1.0,4.0,-0.6,0,0.0,29.0,0.0,3.0,1,8.27693716878569,15.0728085690886,27.2611152781865,4107
9vfoiax5,y3uiqp3t,17,7,1,1,1.0,1,1,75.0,78.94736842105263,15.0,1.0,1.0,0.8333333333333334,6.0,-0.2333333333333334,0,1.0,21.0,1.0,8.0,1,-8.69500157023721,15.1796074842736,-4.77007384032043,11983
9vfoiax5,atqtlu6a,17,17,1,0,1.0,0,1,60.0,60.0,20.0,0.0,0.0,0.8333333333333334,3.0,-0.5333333333333334,0,0.0,22.0,0.0,5.0,1,11.8143050187262,15.4620400803003,22.9090225541578,4521
9vfoiax5,cuq5iz33,17,17,1,1,1.0,1,1,80.0,84.21052631578948,32.0,1.0,0.0,0.6666666666666666,9.0,0.2333333333333334,1,1.0,22.0,1.0,6.0,1,11.8143050187262,15.4620400803003,22.9090225541578,4521
9vfoiax5,4yux8e22,17,6,1,1,0.0,0,0,20.0,20.0,20.0,,0.0,0.9166666666666666,6.0,-0.31666666666666665,0,0.0,43.0,1.0,11.0,1,-11.2220986754594,14.8724659161298,22.4078126217597,1097
9vfoiax5,f291tr7u,17,6,1,0,1.0,0,1,100.0,100.0,10.0,0.0,0.0,0.8333333333333334,3.0,-0.5333333333333334,1,0.0,29.0,0.0,6.0,1,-11.2220986754594,14.8724659161298,22.4078126217597,1097
9vfoiax5,w3cukoe0,17,20,1,0,1.0,0,1,0.0,0.0,-15.0,1.0,1.0,0.6666666666666666,1.0,-0.5666666666666667,1,0.0,22.0,0.0,5.0,1,-18.5046274258981,15.1098174886843,-8.79848578409706,3851
9vfoiax5,4zd5ned9,17,4,1,1,1.0,1,1,85.0,89.47368421052632,27.0,1.0,1.0,0.75,5.0,-0.25,0,1.0,22.0,1.0,6.0,1,14.2517599224379,15.5718949491859,16.9752110267725,10145
9vfoiax5,mknb67le,17,15,1,0,1.0,0,1,5.0,5.0,20.0,0.0,0.0,0.75,4.0,-0.35,1,1.0,22.0,0.0,10.0,1,-8.78871018746978,14.8851744288267,-0.723989516491677,10420
9vfoiax5,sp03734d,17,16,1,0,1.0,0,1,15.0,15.0,-10.0,1.0,1.0,0.75,6.0,-0.15000000000000002,0,1.0,22.0,0.0,7.0,1,-10.7034666037922,15.0827396168302,6.32159774566318,1887
9vfoiax5,m7hitpc7,17,14,1,1,1.0,1,1,50.0,52.63157894736842,12.0,0.0,0.0,0.75,6.0,-0.15000000000000002,0,0.0,22.0,0.0,6.0,1,-18.6939033943952,15.2594062687008,5.87642608043333,8378
9vfoiax5,92y585sb,17,18,1,1,1.0,1,1,88.0,92.63157894736842,20.0,0.0,0.0,0.8333333333333334,5.0,-0.33333333333333337,0,1.0,23.0,1.0,6.0,1,10.1008360062988,15.3738697895262,17.9942787562462,930
9vfoiax5,ki9t1ots,17,18,1,1,0.0,0,0,5.0,5.0,-4.0,,0.0,0.75,3.0,-0.45,0,1.0,23.0,1.0,10.0,1,10.1008360062988,15.3738697895262,17.9942787562462,930
9vfoiax5,8ygvklh3,17,19,1,0,0.0,0,1,100.0,100.0,17.0,0.0,0.0,0.9166666666666666,6.0,-0.31666666666666665,0,0.0,29.0,1.0,5.0,1,8.27693716878569,15.0728085690886,27.2611152781865,4107
9vfoiax5,j6pfvo4x,17,7,1,0,1.0,0,1,15.0,15.0,11.0,0.0,1.0,0.5833333333333334,4.0,-0.18333333333333335,1,0.0,21.0,0.0,7.0,1,-8.69500157023721,15.1796074842736,-4.77007384032043,11983
9vfoiax5,mrwqmc94,17,13,1,1,1.0,1,1,90.0,94.73684210526316,25.0,1.0,1.0,0.5833333333333334,8.0,0.21666666666666667,0,1.0,22.0,1.0,8.0,1,9.07079175282812,15.2098450069864,12.2928746925969,101
9vfoiax5,8lotxa0v,17,17,1,1,0.0,0,0,75.0,75.0,13.0,,0.0,0.9166666666666666,7.0,-0.21666666666666667,1,1.0,21.0,1.0,7.0,1,11.8143050187262,15.4620400803003,22.9090225541578,4521
9vfoiax5,zy0t07g5,17,5,1,1,1.0,1,1,95.0,100.0,5.0,1.0,1.0,0.6666666666666666,3.0,-0.36666666666666664,0,0.0,31.0,0.0,8.0,1,-12.6327970336565,14.7639768809906,-11.0647641062684,3118
9vfoiax5,zs0yllk7,17,16,1,1,1.0,1,1,95.0,100.0,25.0,0.0,1.0,0.5833333333333334,5.0,-0.08333333333333337,1,1.0,23.0,1.0,1.0,1,-10.7034666037922,15.0827396168302,6.32159774566318,1887
9vfoiax5,9ozs75r2,17,12,1,0,1.0,0,1,50.0,50.0,30.0,1.0,1.0,0.8333333333333334,6.0,-0.2333333333333334,0,1.0,27.0,1.0,4.0,1,8.37348426153206,15.5031697191143,30.3829281992374,1434
9vfoiax5,nn4f2puj,17,19,1,1,1.0,1,1,50.0,52.63157894736842,16.0,1.0,0.0,0.6666666666666666,5.0,-0.16666666666666663,1,0.0,22.0,1.0,6.0,1,8.27693716878569,15.0728085690886,27.2611152781865,4107
9vfoiax5,ttbhrq7x,18,6,1,0,1.0,0,1,0.0,0.0,-5.0,0.0,0.0,0.8333333333333334,8.0,-0.033333333333333326,0,1.0,22.0,1.0,8.0,1,-11.2220986754594,14.8724659161298,22.4078126217597,1097
9vfoiax5,h6ra9n61,18,5,1,1,0.0,0,0,100.0,100.0,13.0,,1.0,0.9166666666666666,9.0,-0.016666666666666607,0,1.0,21.0,1.0,6.0,1,-12.6327970336565,14.7639768809906,-11.0647641062684,3118
9vfoiax5,4tucoz6l,18,10,1,0,0.0,0,1,10.0,10.0,9.0,1.0,0.0,0.6666666666666666,3.0,-0.36666666666666664,1,0.0,21.0,0.0,7.0,1,-5.93528096088877,15.4765191734232,28.6089312735897,10682
9vfoiax5,47cbw4kl,18,8,1,0,0.0,0,1,100.0,100.0,16.0,0.0,0.0,0.9166666666666666,3.0,-0.6166666666666667,0,1.0,20.0,1.0,8.0,1,8.30613918663683,15.3352032889933,19.2982240105404,11687
9vfoiax5,w1hg4dq2,18,4,1,1,0.0,0,0,5.0,5.0,22.0,,1.0,0.6666666666666666,6.0,-0.06666666666666665,1,1.0,21.0,0.0,6.0,1,14.2517599224379,15.5718949491859,16.9752110267725,10145
9vfoiax5,2am1bt7m,18,5,1,0,0.0,0,1,10.0,10.0,12.0,1.0,1.0,0.5833333333333334,5.0,-0.08333333333333337,1,1.0,31.0,0.0,7.0,1,-12.6327970336565,14.7639768809906,-11.0647641062684,3118
9vfoiax5,f0dtgw15,18,14,1,1,1.0,1,1,0.0,0.0,5.0,0.0,0.0,0.8333333333333334,4.0,-0.43333333333333335,0,1.0,22.0,1.0,10.0,1,-18.6939033943952,15.2594062687008,5.87642608043333,8378
9vfoiax5,gtr4o4u4,18,16,1,0,1.0,0,1,20.0,20.0,5.0,1.0,1.0,0.9166666666666666,5.0,-0.41666666666666663,0,1.0,24.0,1.0,7.0,1,-10.7034666037922,15.0827396168302,6.32159774566318,1887
9vfoiax5,edlvyy4x,18,10,1,0,1.0,0,1,20.0,20.0,10.0,0.0,0.0,1.0,8.0,-0.19999999999999996,0,1.0,31.0,0.0,6.0,1,-5.93528096088877,15.4765191734232,28.6089312735897,10682
9vfoiax5,454urtzl,18,9,1,0,1.0,0,1,100.0,100.0,22.0,1.0,1.0,0.9166666666666666,4.0,-0.5166666666666666,0,1.0,22.0,0.0,4.0,1,5.74536607212394,14.4738059185499,24.2659454381039,6569
9vfoiax5,y7r9sa4u,18,9,1,1,1.0,1,1,95.0,100.0,16.0,1.0,1.0,0.9166666666666666,6.0,-0.31666666666666665,0,1.0,27.0,1.0,7.0,1,5.74536607212394,14.4738059185499,24.2659454381039,6569
9vfoiax5,pm665xdw,18,6,1,1,1.0,1,1,20.0,21.05263157894737,8.0,0.0,0.0,0.8333333333333334,3.0,-0.5333333333333334,0,0.0,22.0,0.0,8.0,1,-11.2220986754594,14.8724659161298,22.4078126217597,1097
9vfoiax5,qgszrtu9,18,4,1,1,1.0,1,1,25.0,26.31578947368421,26.0,1.0,1.0,0.8333333333333334,5.0,-0.33333333333333337,0,1.0,21.0,0.0,6.0,1,14.2517599224379,15.5718949491859,16.9752110267725,10145
9vfoiax5,0z4ddbix,18,12,1,0,1.0,0,1,100.0,100.0,15.0,1.0,1.0,0.9166666666666666,7.0,-0.21666666666666667,0,0.0,37.0,1.0,8.0,1,8.37348426153206,15.5031697191143,30.3829281992374,1434
9vfoiax5,t6rthajw,18,17,1,0,1.0,0,1,45.0,45.0,17.0,1.0,0.0,0.6666666666666666,6.0,-0.06666666666666665,0,0.0,23.0,1.0,7.0,1,11.8143050187262,15.4620400803003,22.9090225541578,4521
9vfoiax5,wel7w6gg,18,12,1,0,1.0,0,1,100.0,100.0,20.0,1.0,1.0,0.9166666666666666,7.0,-0.21666666666666667,0,0.0,34.0,1.0,6.0,1,8.37348426153206,15.5031697191143,30.3829281992374,1434
9vfoiax5,u4dpd5wy,18,4,1,1,1.0,1,1,95.0,100.0,30.0,1.0,1.0,1.0,4.0,-0.6,0,0.0,29.0,0.0,3.0,1,14.2517599224379,15.5718949491859,16.9752110267725,10145
9vfoiax5,y3uiqp3t,18,20,1,1,1.0,1,1,95.0,100.0,30.0,1.0,1.0,0.8333333333333334,6.0,-0.2333333333333334,0,1.0,21.0,1.0,8.0,1,-18.5046274258981,15.1098174886843,-8.79848578409706,3851
9vfoiax5,atqtlu6a,18,5,1,0,0.0,0,1,10.0,10.0,2.0,1.0,1.0,0.8333333333333334,3.0,-0.5333333333333334,0,0.0,22.0,0.0,5.0,1,-12.6327970336565,14.7639768809906,-11.0647641062684,3118
9vfoiax5,cuq5iz33,18,7,1,0,1.0,0,1,50.0,50.0,22.0,1.0,1.0,0.6666666666666666,9.0,0.2333333333333334,1,1.0,22.0,1.0,6.0,1,-8.69500157023721,15.1796074842736,-4.77007384032043,11983
9vfoiax5,4yux8e22,18,4,1,0,0.0,0,1,10.0,10.0,15.0,1.0,1.0,0.9166666666666666,6.0,-0.31666666666666665,0,0.0,43.0,1.0,11.0,1,14.2517599224379,15.5718949491859,16.9752110267725,10145
9vfoiax5,f291tr7u,18,7,1,0,1.0,0,1,0.0,0.0,0.0,1.0,1.0,0.8333333333333334,3.0,-0.5333333333333334,1,0.0,29.0,0.0,6.0,1,-8.69500157023721,15.1796074842736,-4.77007384032043,11983
9vfoiax5,w3cukoe0,18,8,1,1,1.0,1,1,70.0,73.6842105263158,20.0,0.0,0.0,0.6666666666666666,1.0,-0.5666666666666667,1,0.0,22.0,0.0,5.0,1,8.30613918663683,15.3352032889933,19.2982240105404,11687
9vfoiax5,4zd5ned9,18,18,1,0,1.0,0,1,70.0,70.0,7.0,0.0,0.0,0.75,5.0,-0.25,0,1.0,22.0,1.0,6.0,1,10.1008360062988,15.3738697895262,17.9942787562462,930
9vfoiax5,mknb67le,18,17,1,1,1.0,1,1,5.0,5.2631578947368425,25.0,0.0,0.0,0.75,4.0,-0.35,1,1.0,22.0,0.0,10.0,1,11.8143050187262,15.4620400803003,22.9090225541578,4521
9vfoiax5,sp03734d,18,6,1,1,1.0,1,1,15.0,15.789473684210526,20.0,0.0,0.0,0.75,6.0,-0.15000000000000002,0,1.0,22.0,0.0,7.0,1,-11.2220986754594,14.8724659161298,22.4078126217597,1097
9vfoiax5,m7hitpc7,18,20,1,1,1.0,1,1,0.0,0.0,-5.0,1.0,1.0,0.75,6.0,-0.15000000000000002,0,0.0,22.0,0.0,6.0,1,-18.5046274258981,15.1098174886843,-8.79848578409706,3851
9vfoiax5,92y585sb,18,6,1,0,1.0,0,1,95.0,95.0,8.0,0.0,0.0,0.8333333333333334,5.0,-0.33333333333333337,0,1.0,23.0,1.0,6.0,1,-11.2220986754594,14.8724659161298,22.4078126217597,1097
9vfoiax5,ki9t1ots,18,10,1,1,0.0,0,0,5.0,5.0,17.0,,0.0,0.75,3.0,-0.45,0,1.0,23.0,1.0,10.0,1,-5.93528096088877,15.4765191734232,28.6089312735897,10682
9vfoiax5,8ygvklh3,18,4,1,1,1.0,1,1,95.0,100.0,30.0,1.0,1.0,0.9166666666666666,6.0,-0.31666666666666665,0,0.0,29.0,1.0,5.0,1,14.2517599224379,15.5718949491859,16.9752110267725,10145
9vfoiax5,j6pfvo4x,18,19,1,1,1.0,1,1,20.0,21.05263157894737,5.0,1.0,0.0,0.5833333333333334,4.0,-0.18333333333333335,1,0.0,21.0,0.0,7.0,1,8.27693716878569,15.0728085690886,27.2611152781865,4107
9vfoiax5,mrwqmc94,18,5,1,0,1.0,0,1,10.0,10.0,3.0,1.0,1.0,0.5833333333333334,8.0,0.21666666666666667,0,1.0,22.0,1.0,8.0,1,-12.6327970336565,14.7639768809906,-11.0647641062684,3118
9vfoiax5,8lotxa0v,18,9,1,0,0.0,0,1,100.0,100.0,15.0,1.0,1.0,0.9166666666666666,7.0,-0.21666666666666667,1,1.0,21.0,1.0,7.0,1,5.74536607212394,14.4738059185499,24.2659454381039,6569
9vfoiax5,zy0t07g5,18,7,1,1,1.0,1,1,95.0,100.0,8.0,1.0,1.0,0.6666666666666666,3.0,-0.36666666666666664,0,0.0,31.0,0.0,8.0,1,-8.69500157023721,15.1796074842736,-4.77007384032043,11983
9vfoiax5,zs0yllk7,18,20,1,1,1.0,1,1,95.0,100.0,40.0,1.0,1.0,0.5833333333333334,5.0,-0.08333333333333337,1,1.0,23.0,1.0,1.0,1,-18.5046274258981,15.1098174886843,-8.79848578409706,3851
9vfoiax5,9ozs75r2,18,8,1,0,1.0,0,1,65.0,65.0,25.0,1.0,0.0,0.8333333333333334,6.0,-0.2333333333333334,0,1.0,27.0,1.0,4.0,1,8.30613918663683,15.3352032889933,19.2982240105404,11687
9vfoiax5,nn4f2puj,18,11,1,0,1.0,0,1,50.0,50.0,10.0,1.0,0.0,0.6666666666666666,5.0,-0.16666666666666663,1,0.0,22.0,1.0,6.0,1,-10.6498152440075,15.1659550204512,37.6588629338984,798
9vfoiax5,ttbhrq7x,19,15,1,1,1.0,1,1,10.0,10.526315789473685,15.0,0.0,0.0,0.8333333333333334,8.0,-0.033333333333333326,0,1.0,22.0,1.0,8.0,1,-8.78871018746978,14.8851744288267,-0.723989516491677,10420
9vfoiax5,h6ra9n61,19,4,1,0,0.0,0,1,100.0,100.0,12.0,1.0,1.0,0.9166666666666666,9.0,-0.016666666666666607,0,1.0,21.0,1.0,6.0,1,14.2517599224379,15.5718949491859,16.9752110267725,10145
9vfoiax5,4tucoz6l,19,6,1,1,0.0,0,0,20.0,20.0,15.0,,0.0,0.6666666666666666,3.0,-0.36666666666666664,1,0.0,21.0,0.0,7.0,1,-11.2220986754594,14.8724659161298,22.4078126217597,1097
9vfoiax5,47cbw4kl,19,15,1,0,1.0,0,1,100.0,100.0,17.0,0.0,0.0,0.9166666666666666,3.0,-0.6166666666666667,0,1.0,20.0,1.0,8.0,1,-8.78871018746978,14.8851744288267,-0.723989516491677,10420
9vfoiax5,w1hg4dq2,19,14,1,0,0.0,0,1,5.0,5.0,2.0,0.0,0.0,0.6666666666666666,6.0,-0.06666666666666665,1,1.0,21.0,0.0,6.0,1,-18.6939033943952,15.2594062687008,5.87642608043333,8378
9vfoiax5,2am1bt7m,19,15,1,0,0.0,0,1,10.0,10.0,20.0,0.0,0.0,0.5833333333333334,5.0,-0.08333333333333337,1,1.0,31.0,0.0,7.0,1,-8.78871018746978,14.8851744288267,-0.723989516491677,10420
9vfoiax5,f0dtgw15,19,10,1,0,1.0,0,1,100.0,100.0,25.0,0.0,0.0,0.8333333333333334,4.0,-0.43333333333333335,0,1.0,22.0,1.0,10.0,1,-5.93528096088877,15.4765191734232,28.6089312735897,10682
9vfoiax5,gtr4o4u4,19,12,1,1,1.0,1,1,30.0,31.57894736842105,15.0,1.0,1.0,0.9166666666666666,5.0,-0.41666666666666663,0,1.0,24.0,1.0,7.0,1,8.37348426153206,15.5031697191143,30.3829281992374,1434
9vfoiax5,edlvyy4x,19,6,1,0,1.0,0,1,20.0,20.0,22.0,1.0,0.0,1.0,8.0,-0.19999999999999996,0,1.0,31.0,0.0,6.0,1,-11.2220986754594,14.8724659161298,22.4078126217597,1097
9vfoiax5,454urtzl,19,18,1,0,1.0,0,1,100.0,100.0,24.0,0.0,0.0,0.9166666666666666,4.0,-0.5166666666666666,0,1.0,22.0,0.0,4.0,1,10.1008360062988,15.3738697895262,17.9942787562462,930
9vfoiax5,y7r9sa4u,19,19,1,0,1.0,0,1,100.0,100.0,17.0,1.0,0.0,0.9166666666666666,6.0,-0.31666666666666665,0,1.0,27.0,1.0,7.0,1,8.27693716878569,15.0728085690886,27.2611152781865,4107
9vfoiax5,pm665xdw,19,12,1,0,1.0,0,1,50.0,50.0,17.0,1.0,1.0,0.8333333333333334,3.0,-0.5333333333333334,0,0.0,22.0,0.0,8.0,1,8.37348426153206,15.5031697191143,30.3829281992374,1434
9vfoiax5,qgszrtu9,19,7,1,0,1.0,0,1,15.0,15.0,13.0,1.0,1.0,0.8333333333333334,5.0,-0.33333333333333337,0,1.0,21.0,0.0,6.0,1,-8.69500157023721,15.1796074842736,-4.77007384032043,11983
9vfoiax5,0z4ddbix,19,17,1,0,0.0,0,1,100.0,100.0,10.0,1.0,0.0,0.9166666666666666,7.0,-0.21666666666666667,0,0.0,37.0,1.0,8.0,1,11.8143050187262,15.4620400803003,22.9090225541578,4521
9vfoiax5,t6rthajw,19,19,1,0,0.0,0,1,100.0,100.0,28.0,0.0,0.0,0.6666666666666666,6.0,-0.06666666666666665,0,0.0,23.0,1.0,7.0,1,8.27693716878569,15.0728085690886,27.2611152781865,4107
9vfoiax5,wel7w6gg,19,10,1,1,1.0,1,1,95.0,100.0,17.0,0.0,0.0,0.9166666666666666,7.0,-0.21666666666666667,0,0.0,34.0,1.0,6.0,1,-5.93528096088877,15.4765191734232,28.6089312735897,10682
9vfoiax5,u4dpd5wy,19,14,1,1,1.0,1,1,0.0,0.0,-5.0,0.0,0.0,1.0,4.0,-0.6,0,0.0,29.0,0.0,3.0,1,-18.6939033943952,15.2594062687008,5.87642608043333,8378
9vfoiax5,y3uiqp3t,19,8,1,0,1.0,0,1,100.0,100.0,20.0,1.0,0.0,0.8333333333333334,6.0,-0.2333333333333334,0,1.0,21.0,1.0,8.0,1,8.30613918663683,15.3352032889933,19.2982240105404,11687
9vfoiax5,atqtlu6a,19,20,1,0,1.0,0,1,0.0,0.0,-1.0,1.0,1.0,0.8333333333333334,3.0,-0.5333333333333334,0,0.0,22.0,0.0,5.0,1,-18.5046274258981,15.1098174886843,-8.79848578409706,3851
9vfoiax5,cuq5iz33,19,14,1,0,0.0,0,1,0.0,0.0,-5.0,1.0,0.0,0.6666666666666666,9.0,0.2333333333333334,1,1.0,22.0,1.0,6.0,1,-18.6939033943952,15.2594062687008,5.87642608043333,8378
9vfoiax5,4yux8e22,19,9,1,1,0.0,0,0,10.0,10.0,15.0,,1.0,0.9166666666666666,6.0,-0.31666666666666665,0,0.0,43.0,1.0,11.0,1,5.74536607212394,14.4738059185499,24.2659454381039,6569
9vfoiax5,f291tr7u,19,4,1,1,1.0,1,1,95.0,100.0,28.0,1.0,1.0,0.8333333333333334,3.0,-0.5333333333333334,1,0.0,29.0,0.0,6.0,1,14.2517599224379,15.5718949491859,16.9752110267725,10145
9vfoiax5,w3cukoe0,19,3,1,0,1.0,0,1,90.0,90.0,25.0,1.0,1.0,0.6666666666666666,1.0,-0.5666666666666667,1,0.0,22.0,0.0,5.0,1,7.35487993020429,14.5282644745692,16.8775714200622,5385
9vfoiax5,4zd5ned9,19,14,1,1,1.0,1,1,0.0,0.0,0.0,1.0,0.0,0.75,5.0,-0.25,0,1.0,22.0,1.0,6.0,1,-18.6939033943952,15.2594062687008,5.87642608043333,8378
9vfoiax5,mknb67le,19,12,1,1,1.0,1,1,10.0,10.526315789473685,15.0,1.0,1.0,0.75,4.0,-0.35,1,1.0,22.0,0.0,10.0,1,8.37348426153206,15.5031697191143,30.3829281992374,1434
9vfoiax5,sp03734d,19,12,1,1,1.0,1,1,35.0,36.8421052631579,22.0,1.0,1.0,0.75,6.0,-0.15000000000000002,0,1.0,22.0,0.0,7.0,1,8.37348426153206,15.5031697191143,30.3829281992374,1434
9vfoiax5,m7hitpc7,19,4,1,0,1.0,0,1,70.0,70.0,22.0,1.0,1.0,0.75,6.0,-0.15000000000000002,0,0.0,22.0,0.0,6.0,1,14.2517599224379,15.5718949491859,16.9752110267725,10145
9vfoiax5,92y585sb,19,16,1,1,1.0,1,1,75.0,78.94736842105263,5.0,1.0,1.0,0.8333333333333334,5.0,-0.33333333333333337,0,1.0,23.0,1.0,6.0,1,-10.7034666037922,15.0827396168302,6.32159774566318,1887
9vfoiax5,ki9t1ots,19,20,1,1,0.0,0,0,5.0,5.0,28.0,,1.0,0.75,3.0,-0.45,0,1.0,23.0,1.0,10.0,1,-18.5046274258981,15.1098174886843,-8.79848578409706,3851
9vfoiax5,8ygvklh3,19,11,1,0,0.0,0,1,100.0,100.0,5.0,0.0,0.0,0.9166666666666666,6.0,-0.31666666666666665,0,0.0,29.0,1.0,5.0,1,-10.6498152440075,15.1659550204512,37.6588629338984,798
9vfoiax5,j6pfvo4x,19,9,1,0,1.0,0,1,0.0,0.0,2.0,0.0,1.0,0.5833333333333334,4.0,-0.18333333333333335,1,0.0,21.0,0.0,7.0,1,5.74536607212394,14.4738059185499,24.2659454381039,6569
9vfoiax5,mrwqmc94,19,8,1,0,1.0,0,1,15.0,15.0,5.0,0.0,0.0,0.5833333333333334,8.0,0.21666666666666667,0,1.0,22.0,1.0,8.0,1,8.30613918663683,15.3352032889933,19.2982240105404,11687
9vfoiax5,8lotxa0v,19,11,1,0,0.0,0,1,75.0,75.0,10.0,0.0,0.0,0.9166666666666666,7.0,-0.21666666666666667,1,1.0,21.0,1.0,7.0,1,-10.6498152440075,15.1659550204512,37.6588629338984,798
9vfoiax5,zy0t07g5,19,9,1,0,1.0,0,1,100.0,100.0,28.0,1.0,1.0,0.6666666666666666,3.0,-0.36666666666666664,0,0.0,31.0,0.0,8.0,1,5.74536607212394,14.4738059185499,24.2659454381039,6569
9vfoiax5,zs0yllk7,19,17,1,1,1.0,1,1,95.0,100.0,20.0,0.0,0.0,0.5833333333333334,5.0,-0.08333333333333337,1,1.0,23.0,1.0,1.0,1,11.8143050187262,15.4620400803003,22.9090225541578,4521
9vfoiax5,9ozs75r2,19,7,1,1,1.0,1,1,80.0,84.21052631578948,30.0,0.0,1.0,0.8333333333333334,6.0,-0.2333333333333334,0,1.0,27.0,1.0,4.0,1,-8.69500157023721,15.1796074842736,-4.77007384032043,11983
9vfoiax5,nn4f2puj,19,6,1,1,1.0,1,1,50.0,52.63157894736842,-3.0,1.0,0.0,0.6666666666666666,5.0,-0.16666666666666663,1,0.0,22.0,1.0,6.0,1,-11.2220986754594,14.8724659161298,22.4078126217597,1097
9vfoiax5,ttbhrq7x,20,14,1,1,1.0,1,1,0.0,0.0,-15.0,1.0,0.0,0.8333333333333334,8.0,-0.033333333333333326,0,1.0,22.0,1.0,8.0,1,-18.6939033943952,15.2594062687008,5.87642608043333,8378
9vfoiax5,h6ra9n61,20,9,1,0,0.0,0,1,100.0,100.0,15.0,1.0,1.0,0.9166666666666666,9.0,-0.016666666666666607,0,1.0,21.0,1.0,6.0,1,5.74536607212394,14.4738059185499,24.2659454381039,6569
9vfoiax5,4tucoz6l,20,19,1,1,0.0,0,0,20.0,20.0,15.0,,0.0,0.6666666666666666,3.0,-0.36666666666666664,1,0.0,21.0,0.0,7.0,1,8.27693716878569,15.0728085690886,27.2611152781865,4107
9vfoiax5,47cbw4kl,20,5,1,1,1.0,1,1,0.0,0.0,0.0,1.0,1.0,0.9166666666666666,3.0,-0.6166666666666667,0,1.0,20.0,1.0,8.0,1,-12.6327970336565,14.7639768809906,-11.0647641062684,3118
9vfoiax5,w1hg4dq2,20,10,1,1,0.0,0,0,5.0,5.0,7.0,,0.0,0.6666666666666666,6.0,-0.06666666666666665,1,1.0,21.0,0.0,6.0,1,-5.93528096088877,15.4765191734232,28.6089312735897,10682
9vfoiax5,2am1bt7m,20,4,1,1,0.0,0,0,10.0,10.0,20.0,,1.0,0.5833333333333334,5.0,-0.08333333333333337,1,1.0,31.0,0.0,7.0,1,14.2517599224379,15.5718949491859,16.9752110267725,10145
9vfoiax5,f0dtgw15,20,12,1,1,1.0,1,1,75.0,78.94736842105263,12.5,1.0,1.0,0.8333333333333334,4.0,-0.43333333333333335,0,1.0,22.0,1.0,10.0,1,8.37348426153206,15.5031697191143,30.3829281992374,1434
9vfoiax5,gtr4o4u4,20,7,1,1,1.0,1,1,50.0,52.63157894736842,15.0,1.0,1.0,0.9166666666666666,5.0,-0.41666666666666663,0,1.0,24.0,1.0,7.0,1,-8.69500157023721,15.1796074842736,-4.77007384032043,11983
9vfoiax5,edlvyy4x,20,5,1,0,1.0,0,1,20.0,20.0,10.0,1.0,1.0,1.0,8.0,-0.19999999999999996,0,1.0,31.0,0.0,6.0,1,-12.6327970336565,14.7639768809906,-11.0647641062684,3118
9vfoiax5,454urtzl,20,17,1,0,1.0,0,1,100.0,100.0,19.0,0.0,0.0,0.9166666666666666,4.0,-0.5166666666666666,0,1.0,22.0,0.0,4.0,1,11.8143050187262,15.4620400803003,22.9090225541578,4521
9vfoiax5,y7r9sa4u,20,15,1,0,1.0,0,1,0.0,0.0,5.0,1.0,0.0,0.9166666666666666,6.0,-0.31666666666666665,0,1.0,27.0,1.0,7.0,1,-8.78871018746978,14.8851744288267,-0.723989516491677,10420
9vfoiax5,pm665xdw,20,11,1,1,1.0,1,1,20.0,21.05263157894737,12.0,0.0,0.0,0.8333333333333334,3.0,-0.5333333333333334,0,0.0,22.0,0.0,8.0,1,-10.6498152440075,15.1659550204512,37.6588629338984,798
9vfoiax5,qgszrtu9,20,6,1,1,1.0,1,1,10.0,10.526315789473685,18.0,0.0,0.0,0.8333333333333334,5.0,-0.33333333333333337,0,1.0,21.0,0.0,6.0,1,-11.2220986754594,14.8724659161298,22.4078126217597,1097
9vfoiax5,0z4ddbix,20,6,1,0,1.0,0,1,100.0,100.0,21.0,0.0,0.0,0.9166666666666666,7.0,-0.21666666666666667,0,0.0,37.0,1.0,8.0,1,-11.2220986754594,14.8724659161298,22.4078126217597,1097
9vfoiax5,t6rthajw,20,18,1,0,1.0,0,1,20.0,20.0,3.0,0.0,0.0,0.6666666666666666,6.0,-0.06666666666666665,0,0.0,23.0,1.0,7.0,1,10.1008360062988,15.3738697895262,17.9942787562462,930
9vfoiax5,wel7w6gg,20,20,1,0,1.0,0,1,100.0,100.0,10.0,1.0,1.0,0.9166666666666666,7.0,-0.21666666666666667,0,0.0,34.0,1.0,6.0,1,-18.5046274258981,15.1098174886843,-8.79848578409706,3851
9vfoiax5,u4dpd5wy,20,18,1,1,1.0,1,1,80.0,84.21052631578948,15.0,0.0,0.0,1.0,4.0,-0.6,0,0.0,29.0,0.0,3.0,1,10.1008360062988,15.3738697895262,17.9942787562462,930
9vfoiax5,y3uiqp3t,20,16,1,1,1.0,1,1,95.0,100.0,25.0,0.0,1.0,0.8333333333333334,6.0,-0.2333333333333334,0,1.0,21.0,1.0,8.0,1,-10.7034666037922,15.0827396168302,6.32159774566318,1887
9vfoiax5,atqtlu6a,20,3,1,1,1.0,1,1,90.0,94.73684210526316,19.0,1.0,1.0,0.8333333333333334,3.0,-0.5333333333333334,0,0.0,22.0,0.0,5.0,1,7.35487993020429,14.5282644745692,16.8775714200622,5385
9vfoiax5,cuq5iz33,20,3,1,1,0.0,0,0,80.0,80.0,18.0,,1.0,0.6666666666666666,9.0,0.2333333333333334,1,1.0,22.0,1.0,6.0,1,7.35487993020429,14.5282644745692,16.8775714200622,5385
9vfoiax5,4yux8e22,20,5,1,1,0.0,0,0,20.0,20.0,15.0,,1.0,0.9166666666666666,6.0,-0.31666666666666665,0,0.0,43.0,1.0,11.0,1,-12.6327970336565,14.7639768809906,-11.0647641062684,3118
9vfoiax5,f291tr7u,20,16,1,0,1.0,0,1,0.0,0.0,0.0,1.0,1.0,0.8333333333333334,3.0,-0.5333333333333334,1,0.0,29.0,0.0,6.0,1,-10.7034666037922,15.0827396168302,6.32159774566318,1887
9vfoiax5,w3cukoe0,20,11,1,1,1.0,1,1,0.0,0.0,0.0,0.0,0.0,0.6666666666666666,1.0,-0.5666666666666667,1,0.0,22.0,0.0,5.0,1,-10.6498152440075,15.1659550204512,37.6588629338984,798
9vfoiax5,4zd5ned9,20,9,1,1,1.0,1,1,95.0,100.0,28.0,1.0,1.0,0.75,5.0,-0.25,0,1.0,22.0,1.0,6.0,1,5.74536607212394,14.4738059185499,24.2659454381039,6569
9vfoiax5,mknb67le,20,14,1,0,1.0,0,1,5.0,5.0,21.0,0.0,0.0,0.75,4.0,-0.35,1,1.0,22.0,0.0,10.0,1,-18.6939033943952,15.2594062687008,5.87642608043333,8378
9vfoiax5,sp03734d,20,4,1,0,1.0,0,1,35.0,35.0,25.0,1.0,1.0,0.75,6.0,-0.15000000000000002,0,1.0,22.0,0.0,7.0,1,14.2517599224379,15.5718949491859,16.9752110267725,10145
9vfoiax5,m7hitpc7,20,6,1,0,1.0,0,1,45.0,45.0,8.0,0.0,0.0,0.75,6.0,-0.15000000000000002,0,0.0,22.0,0.0,6.0,1,-11.2220986754594,14.8724659161298,22.4078126217597,1097
9vfoiax5,92y585sb,20,5,1,1,1.0,1,1,90.0,94.73684210526316,7.5,1.0,1.0,0.8333333333333334,5.0,-0.33333333333333337,0,1.0,23.0,1.0,6.0,1,-12.6327970336565,14.7639768809906,-11.0647641062684,3118
9vfoiax5,ki9t1ots,20,16,1,1,0.0,0,0,7.0,7.0,-4.0,,1.0,0.75,3.0,-0.45,0,1.0,23.0,1.0,10.0,1,-10.7034666037922,15.0827396168302,6.32159774566318,1887
9vfoiax5,8ygvklh3,20,18,1,1,1.0,1,1,95.0,100.0,22.0,0.0,0.0,0.9166666666666666,6.0,-0.31666666666666665,0,0.0,29.0,1.0,5.0,1,10.1008360062988,15.3738697895262,17.9942787562462,930
9vfoiax5,j6pfvo4x,20,18,1,1,1.0,1,1,20.0,21.05263157894737,18.0,0.0,0.0,0.5833333333333334,4.0,-0.18333333333333335,1,0.0,21.0,0.0,7.0,1,10.1008360062988,15.3738697895262,17.9942787562462,930
9vfoiax5,mrwqmc94,20,20,1,1,1.0,1,1,0.0,0.0,-12.0,1.0,1.0,0.5833333333333334,8.0,0.21666666666666667,0,1.0,22.0,1.0,8.0,1,-18.5046274258981,15.1098174886843,-8.79848578409706,3851
9vfoiax5,8lotxa0v,20,19,1,1,0.0,0,0,75.0,75.0,15.0,,0.0,0.9166666666666666,7.0,-0.21666666666666667,1,1.0,21.0,1.0,7.0,1,8.27693716878569,15.0728085690886,27.2611152781865,4107
9vfoiax5,zy0t07g5,20,6,1,0,1.0,0,1,0.0,0.0,0.0,0.0,0.0,0.6666666666666666,3.0,-0.36666666666666664,0,0.0,31.0,0.0,8.0,1,-11.2220986754594,14.8724659161298,22.4078126217597,1097
9vfoiax5,zs0yllk7,20,7,1,1,1.0,1,1,95.0,100.0,40.0,0.0,1.0,0.5833333333333334,5.0,-0.08333333333333337,1,1.0,23.0,1.0,1.0,1,-8.69500157023721,15.1796074842736,-4.77007384032043,11983
9vfoiax5,9ozs75r2,20,19,1,1,1.0,1,1,65.0,68.42105263157895,25.0,1.0,0.0,0.8333333333333334,6.0,-0.2333333333333334,0,1.0,27.0,1.0,4.0,1,8.27693716878569,15.0728085690886,27.2611152781865,4107
9vfoiax5,nn4f2puj,20,18,1,1,1.0,1,1,50.0,52.63157894736842,-10.0,1.0,0.0,0.6666666666666666,5.0,-0.16666666666666663,1,0.0,22.0,1.0,6.0,1,10.1008360062988,15.3738697895262,17.9942787562462,930
sttmxluq,xcxmaiux,3,17,1,0,1.0,0,1,22.0,22.0,15.0,1.0,0.0,0.9166666666666666,6.0,-0.31666666666666665,1,1.0,21.0,0.0,6.0,1,11.8143050187262,15.4620400803003,22.9090225541578,4521
sttmxluq,n2volz6y,3,4,1,1,1.0,1,1,95.0,100.0,30.0,1.0,1.0,1.0,4.0,-0.6,0,1.0,20.0,0.0,9.0,1,14.2517599224379,15.5718949491859,16.9752110267725,10145
sttmxluq,c3wwpc0t,3,20,1,0,0.0,0,1,0.0,0.0,0.0,1.0,1.0,1.0,7.0,-0.30000000000000004,0,1.0,34.0,1.0,7.0,1,-18.5046274258981,15.1098174886843,-8.79848578409706,3851
sttmxluq,35y5k6l0,3,16,1,0,1.0,0,1,0.0,0.0,5.0,1.0,1.0,0.0,7.0,0.7,1,0.0,27.0,0.0,11.0,1,-10.7034666037922,15.0827396168302,6.32159774566318,1887
sttmxluq,4xfbp12z,3,18,1,1,1.0,1,1,20.0,21.05263157894737,-10.0,1.0,0.0,1.0,1.0,-0.9,1,0.0,20.0,0.0,10.0,1,10.1008360062988,15.3738697895262,17.9942787562462,930
sttmxluq,3ryl199y,3,16,1,1,0.0,0,0,2.0,2.0,10.0,,1.0,0.75,3.0,-0.45,0,0.0,21.0,1.0,5.0,1,-10.7034666037922,15.0827396168302,6.32159774566318,1887
sttmxluq,po3evo8c,3,17,1,1,1.0,1,1,40.0,42.10526315789474,8.0,0.0,0.0,0.5833333333333334,0.0,-0.5833333333333334,1,0.0,19.0,0.0,8.0,1,11.8143050187262,15.4620400803003,22.9090225541578,4521
sttmxluq,j0eh7gfb,3,16,1,0,1.0,0,1,100.0,100.0,5.0,1.0,1.0,0.9166666666666666,8.0,-0.11666666666666659,0,1.0,23.0,1.0,6.0,1,-10.7034666037922,15.0827396168302,6.32159774566318,1887
sttmxluq,ka64k1n6,3,4,1,0,1.0,0,1,50.0,50.0,17.0,0.0,1.0,1.0,2.0,-0.8,1,0.0,22.0,1.0,5.0,1,14.2517599224379,15.5718949491859,16.9752110267725,10145
sttmxluq,21cnoldi,3,9,1,0,1.0,0,1,25.0,25.0,13.0,0.0,1.0,0.5,2.0,-0.3,0,0.0,20.0,0.0,5.0,1,5.74536607212394,14.4738059185499,24.2659454381039,6569
sttmxluq,t03uzg85,3,7,1,1,1.0,1,1,0.0,0.0,10.0,1.0,1.0,1.0,8.0,-0.19999999999999996,0,0.0,21.0,1.0,8.0,1,-8.69500157023721,15.1796074842736,-4.77007384032043,11983
sttmxluq,dbhh6m49,3,11,1,0,0.0,0,1,100.0,100.0,20.0,1.0,0.0,0.75,5.0,-0.25,0,0.0,22.0,1.0,5.0,1,-10.6498152440075,15.1659550204512,37.6588629338984,798
sttmxluq,3egjwhav,3,12,1,0,1.0,0,1,100.0,100.0,15.0,1.0,1.0,0.8333333333333334,6.0,-0.2333333333333334,0,0.0,23.0,1.0,6.0,1,8.37348426153206,15.5031697191143,30.3829281992374,1434
sttmxluq,k8g2ffpj,3,18,1,1,1.0,1,1,20.0,21.05263157894737,-15.0,1.0,0.0,0.8333333333333334,5.0,-0.33333333333333337,0,0.0,19.0,1.0,7.0,1,10.1008360062988,15.3738697895262,17.9942787562462,930
sttmxluq,2f5fwyda,3,13,1,1,1.0,1,1,95.0,100.0,14.0,1.0,1.0,0.6666666666666666,8.0,0.13333333333333341,1,1.0,22.0,1.0,9.0,1,9.07079175282812,15.2098450069864,12.2928746925969,101
sttmxluq,o4x5xfe8,3,12,1,1,0.0,0,0,20.0,20.0,20.0,,1.0,0.75,5.0,-0.25,0,1.0,18.0,0.0,8.0,1,8.37348426153206,15.5031697191143,30.3829281992374,1434
sttmxluq,idsaip38,3,17,1,0,1.0,0,1,70.0,70.0,16.0,1.0,0.0,0.5833333333333334,5.0,-0.08333333333333337,0,0.0,22.0,1.0,5.0,1,11.8143050187262,15.4620400803003,22.9090225541578,4521
sttmxluq,8qgizmra,3,4,1,0,1.0,0,1,10.0,10.0,5.0,0.0,1.0,0.5833333333333334,3.0,-0.2833333333333334,0,1.0,19.0,0.0,6.0,1,14.2517599224379,15.5718949491859,16.9752110267725,10145
sttmxluq,3tss2yvw,3,4,1,1,0.0,0,0,0.0,0.0,12.0,,1.0,1.0,9.0,-0.09999999999999998,0,1.0,22.0,1.0,7.0,1,14.2517599224379,15.5718949491859,16.9752110267725,10145
sttmxluq,4db0fuew,3,5,1,1,1.0,1,1,20.0,21.05263157894737,10.0,0.0,1.0,0.6666666666666666,6.0,-0.06666666666666665,1,0.0,18.0,1.0,7.0,1,-12.6327970336565,14.7639768809906,-11.0647641062684,3118
sttmxluq,an53cuit,3,4,1,1,1.0,1,1,25.0,26.31578947368421,15.0,0.0,1.0,0.9166666666666666,4.0,-0.5166666666666666,1,0.0,24.0,0.0,5.0,1,14.2517599224379,15.5718949491859,16.9752110267725,10145
sttmxluq,wpeer72t,3,3,1,1,1.0,1,1,80.0,84.21052631578948,17.0,1.0,1.0,0.75,3.0,-0.45,0,0.0,18.0,0.0,5.0,1,7.35487993020429,14.5282644745692,16.8775714200622,5385
sttmxluq,xcxmaiux,4,14,1,1,1.0,1,1,20.0,21.05263157894737,15.0,0.0,0.0,0.9166666666666666,6.0,-0.31666666666666665,1,1.0,21.0,0.0,6.0,1,-18.6939033943952,15.2594062687008,5.87642608043333,8378
sttmxluq,n2volz6y,4,14,1,0,1.0,0,1,100.0,100.0,7.0,0.0,0.0,1.0,4.0,-0.6,0,1.0,20.0,0.0,9.0,1,-18.6939033943952,15.2594062687008,5.87642608043333,8378
sttmxluq,c3wwpc0t,4,18,1,1,1.0,1,1,9.0,9.473684210526315,20.0,1.0,0.0,1.0,7.0,-0.30000000000000004,0,1.0,34.0,1.0,7.0,1,10.1008360062988,15.3738697895262,17.9942787562462,930
sttmxluq,35y5k6l0,4,5,1,0,1.0,0,1,99.0,99.0,40.0,1.0,1.0,0.0,7.0,0.7,1,0.0,27.0,0.0,11.0,1,-12.6327970336565,14.7639768809906,-11.0647641062684,3118
sttmxluq,4xfbp12z,4,19,1,1,1.0,1,1,20.0,21.05263157894737,-15.0,0.0,0.0,1.0,1.0,-0.9,1,0.0,20.0,0.0,10.0,1,8.27693716878569,15.0728085690886,27.2611152781865,4107
sttmxluq,3ryl199y,4,5,1,0,0.0,0,1,5.0,5.0,0.0,1.0,1.0,0.75,3.0,-0.45,0,0.0,21.0,1.0,5.0,1,-12.6327970336565,14.7639768809906,-11.0647641062684,3118
sttmxluq,po3evo8c,4,4,1,1,0.0,0,0,30.0,30.0,8.0,,1.0,0.5833333333333334,0.0,-0.5833333333333334,1,0.0,19.0,0.0,8.0,1,14.2517599224379,15.5718949491859,16.9752110267725,10145
sttmxluq,j0eh7gfb,4,13,1,1,1.0,1,1,95.0,100.0,25.0,1.0,1.0,0.9166666666666666,8.0,-0.11666666666666659,0,1.0,23.0,1.0,6.0,1,9.07079175282812,15.2098450069864,12.2928746925969,101
sttmxluq,ka64k1n6,4,8,1,1,0.0,0,0,42.0,42.0,27.0,,0.0,1.0,2.0,-0.8,1,0.0,22.0,1.0,5.0,1,8.30613918663683,15.3352032889933,19.2982240105404,11687
sttmxluq,21cnoldi,4,8,1,1,0.0,0,0,25.0,25.0,16.0,,0.0,0.5,2.0,-0.3,0,0.0,20.0,0.0,5.0,1,8.30613918663683,15.3352032889933,19.2982240105404,11687
sttmxluq,t03uzg85,4,11,1,1,1.0,1,1,50.0,52.63157894736842,14.0,0.0,0.0,1.0,8.0,-0.19999999999999996,0,0.0,21.0,1.0,8.0,1,-10.6498152440075,15.1659550204512,37.6588629338984,798
sttmxluq,dbhh6m49,4,3,1,1,0.0,0,0,100.0,100.0,25.0,,1.0,0.75,5.0,-0.25,0,0.0,22.0,1.0,5.0,1,7.35487993020429,14.5282644745692,16.8775714200622,5385
sttmxluq,3egjwhav,4,3,1,0,1.0,0,1,100.0,100.0,20.0,1.0,1.0,0.8333333333333334,6.0,-0.2333333333333334,0,0.0,23.0,1.0,6.0,1,7.35487993020429,14.5282644745692,16.8775714200622,5385
sttmxluq,k8g2ffpj,4,11,1,1,1.0,1,1,20.0,21.05263157894737,-15.0,0.0,0.0,0.8333333333333334,5.0,-0.33333333333333337,0,0.0,19.0,1.0,7.0,1,-10.6498152440075,15.1659550204512,37.6588629338984,798
sttmxluq,2f5fwyda,4,19,1,1,1.0,1,1,95.0,100.0,12.5,0.0,0.0,0.6666666666666666,8.0,0.13333333333333341,1,1.0,22.0,1.0,9.0,1,8.27693716878569,15.0728085690886,27.2611152781865,4107
sttmxluq,o4x5xfe8,4,13,1,0,0.0,0,1,50.0,50.0,20.0,1.0,1.0,0.75,5.0,-0.25,0,1.0,18.0,0.0,8.0,1,9.07079175282812,15.2098450069864,12.2928746925969,101
sttmxluq,idsaip38,4,19,1,1,1.0,1,1,90.0,94.73684210526316,20.0,1.0,0.0,0.5833333333333334,5.0,-0.08333333333333337,0,0.0,22.0,1.0,5.0,1,8.27693716878569,15.0728085690886,27.2611152781865,4107
sttmxluq,8qgizmra,4,5,1,1,1.0,1,1,15.0,15.789473684210526,17.0,1.0,1.0,0.5833333333333334,3.0,-0.2833333333333334,0,1.0,19.0,0.0,6.0,1,-12.6327970336565,14.7639768809906,-11.0647641062684,3118
sttmxluq,3tss2yvw,4,17,1,0,1.0,0,1,50.0,50.0,17.7,0.0,0.0,1.0,9.0,-0.09999999999999998,0,1.0,22.0,1.0,7.0,1,11.8143050187262,15.4620400803003,22.9090225541578,4521
sttmxluq,4db0fuew,4,8,1,0,1.0,0,1,100.0,100.0,20.0,1.0,0.0,0.6666666666666666,6.0,-0.06666666666666665,1,0.0,18.0,1.0,7.0,1,8.30613918663683,15.3352032889933,19.2982240105404,11687
sttmxluq,an53cuit,4,16,1,0,0.0,0,1,100.0,100.0,17.0,0.0,1.0,0.9166666666666666,4.0,-0.5166666666666666,1,0.0,24.0,0.0,5.0,1,-10.7034666037922,15.0827396168302,6.32159774566318,1887
sttmxluq,wpeer72t,4,18,1,1,1.0,1,1,90.0,94.73684210526316,24.0,1.0,0.0,0.75,3.0,-0.45,0,0.0,18.0,0.0,5.0,1,10.1008360062988,15.3738697895262,17.9942787562462,930
sttmxluq,xcxmaiux,5,7,1,1,1.0,1,1,50.0,52.63157894736842,22.0,1.0,1.0,0.9166666666666666,6.0,-0.31666666666666665,1,1.0,21.0,0.0,6.0,1,-8.69500157023721,15.1796074842736,-4.77007384032043,11983
sttmxluq,n2volz6y,5,18,1,1,1.0,1,1,95.0,100.0,7.0,0.0,0.0,1.0,4.0,-0.6,0,1.0,20.0,0.0,9.0,1,10.1008360062988,15.3738697895262,17.9942787562462,930
sttmxluq,c3wwpc0t,5,16,1,0,1.0,0,1,0.0,0.0,0.0,1.0,1.0,1.0,7.0,-0.30000000000000004,0,1.0,34.0,1.0,7.0,1,-10.7034666037922,15.0827396168302,6.32159774566318,1887
sttmxluq,35y5k6l0,5,14,1,0,1.0,0,1,100.0,100.0,37.0,1.0,0.0,0.0,7.0,0.7,1,0.0,27.0,0.0,11.0,1,-18.6939033943952,15.2594062687008,5.87642608043333,8378
sttmxluq,4xfbp12z,5,3,1,1,1.0,1,1,50.0,52.63157894736842,10.0,1.0,1.0,1.0,1.0,-0.9,1,0.0,20.0,0.0,10.0,1,7.35487993020429,14.5282644745692,16.8775714200622,5385
sttmxluq,3ryl199y,5,4,1,1,0.0,0,0,5.0,5.0,6.0,,1.0,0.75,3.0,-0.45,0,0.0,21.0,1.0,5.0,1,14.2517599224379,15.5718949491859,16.9752110267725,10145
sttmxluq,po3evo8c,5,8,1,0,1.0,0,1,40.0,40.0,14.6,0.0,0.0,0.5833333333333334,0.0,-0.5833333333333334,1,0.0,19.0,0.0,8.0,1,8.30613918663683,15.3352032889933,19.2982240105404,11687
sttmxluq,j0eh7gfb,5,8,1,0,1.0,0,1,100.0,100.0,16.0,1.0,0.0,0.9166666666666666,8.0,-0.11666666666666659,0,1.0,23.0,1.0,6.0,1,8.30613918663683,15.3352032889933,19.2982240105404,11687
sttmxluq,ka64k1n6,5,20,1,0,0.0,0,1,50.0,50.0,16.0,0.0,1.0,1.0,2.0,-0.8,1,0.0,22.0,1.0,5.0,1,-18.5046274258981,15.1098174886843,-8.79848578409706,3851
sttmxluq,21cnoldi,5,12,1,0,0.0,0,1,25.0,25.0,19.0,1.0,1.0,0.5,2.0,-0.3,0,0.0,20.0,0.0,5.0,1,8.37348426153206,15.5031697191143,30.3829281992374,1434
sttmxluq,t03uzg85,5,15,1,0,1.0,0,1,100.0,100.0,15.0,0.0,0.0,1.0,8.0,-0.19999999999999996,0,0.0,21.0,1.0,8.0,1,-8.78871018746978,14.8851744288267,-0.723989516491677,10420
sttmxluq,dbhh6m49,5,5,1,0,0.0,0,1,15.0,15.0,7.5,1.0,1.0,0.75,5.0,-0.25,0,0.0,22.0,1.0,5.0,1,-12.6327970336565,14.7639768809906,-11.0647641062684,3118
sttmxluq,3egjwhav,5,14,1,1,1.0,1,1,95.0,100.0,5.0,0.0,0.0,0.8333333333333334,6.0,-0.2333333333333334,0,0.0,23.0,1.0,6.0,1,-18.6939033943952,15.2594062687008,5.87642608043333,8378
sttmxluq,k8g2ffpj,5,10,1,1,0.0,0,0,40.0,40.0,20.0,,0.0,0.8333333333333334,5.0,-0.33333333333333337,0,0.0,19.0,1.0,7.0,1,-5.93528096088877,15.4765191734232,28.6089312735897,10682
sttmxluq,2f5fwyda,5,9,1,0,0.0,0,1,100.0,100.0,17.5,1.0,1.0,0.6666666666666666,8.0,0.13333333333333341,1,1.0,22.0,1.0,9.0,1,5.74536607212394,14.4738059185499,24.2659454381039,6569
sttmxluq,o4x5xfe8,5,9,1,1,0.0,0,0,0.0,0.0,5.0,,1.0,0.75,5.0,-0.25,0,1.0,18.0,0.0,8.0,1,5.74536607212394,14.4738059185499,24.2659454381039,6569
sttmxluq,idsaip38,5,3,1,0,1.0,0,1,100.0,100.0,20.0,1.0,1.0,0.5833333333333334,5.0,-0.08333333333333337,0,0.0,22.0,1.0,5.0,1,7.35487993020429,14.5282644745692,16.8775714200622,5385
sttmxluq,8qgizmra,5,14,1,1,1.0,1,1,12.0,12.631578947368421,-11.0,1.0,0.0,0.5833333333333334,3.0,-0.2833333333333334,0,1.0,19.0,0.0,6.0,1,-18.6939033943952,15.2594062687008,5.87642608043333,8378
sttmxluq,3tss2yvw,5,5,1,0,1.0,0,1,0.0,0.0,9.5,1.0,1.0,1.0,9.0,-0.09999999999999998,0,1.0,22.0,1.0,7.0,1,-12.6327970336565,14.7639768809906,-11.0647641062684,3118
sttmxluq,4db0fuew,5,15,1,0,1.0,0,1,100.0,100.0,11.0,0.0,0.0,0.6666666666666666,6.0,-0.06666666666666665,1,0.0,18.0,1.0,7.0,1,-8.78871018746978,14.8851744288267,-0.723989516491677,10420
sttmxluq,an53cuit,5,15,1,0,0.0,0,1,100.0,100.0,11.0,1.0,0.0,0.9166666666666666,4.0,-0.5166666666666666,1,0.0,24.0,0.0,5.0,1,-8.78871018746978,14.8851744288267,-0.723989516491677,10420
sttmxluq,wpeer72t,5,4,1,0,0.0,0,1,100.0,100.0,29.0,1.0,1.0,0.75,3.0,-0.45,0,0.0,18.0,0.0,5.0,1,14.2517599224379,15.5718949491859,16.9752110267725,10145
sttmxluq,xcxmaiux,6,18,1,1,0.0,0,0,20.0,20.0,20.0,,0.0,0.9166666666666666,6.0,-0.31666666666666665,1,1.0,21.0,0.0,6.0,1,10.1008360062988,15.3738697895262,17.9942787562462,930
sttmxluq,n2volz6y,6,6,1,0,1.0,0,1,100.0,100.0,10.0,0.0,0.0,1.0,4.0,-0.6,0,1.0,20.0,0.0,9.0,1,-11.2220986754594,14.8724659161298,22.4078126217597,1097
sttmxluq,c3wwpc0t,6,17,1,0,1.0,0,1,100.0,100.0,20.0,1.0,0.0,1.0,7.0,-0.30000000000000004,0,1.0,34.0,1.0,7.0,1,11.8143050187262,15.4620400803003,22.9090225541578,4521
sttmxluq,35y5k6l0,6,9,1,1,1.0,1,1,10.0,10.526315789473685,30.0,1.0,1.0,0.0,7.0,0.7,1,0.0,27.0,0.0,11.0,1,5.74536607212394,14.4738059185499,24.2659454381039,6569
sttmxluq,4xfbp12z,6,9,1,1,1.0,1,1,60.0,63.1578947368421,10.0,1.0,1.0,1.0,1.0,-0.9,1,0.0,20.0,0.0,10.0,1,5.74536607212394,14.4738059185499,24.2659454381039,6569
sttmxluq,3ryl199y,6,10,1,1,1.0,1,1,5.0,5.2631578947368425,-5.0,0.0,0.0,0.75,3.0,-0.45,0,0.0,21.0,1.0,5.0,1,-5.93528096088877,15.4765191734232,28.6089312735897,10682
sttmxluq,po3evo8c,6,20,1,0,1.0,0,1,70.0,70.0,15.9,1.0,1.0,0.5833333333333334,0.0,-0.5833333333333334,1,0.0,19.0,0.0,8.0,1,-18.5046274258981,15.1098174886843,-8.79848578409706,3851
sttmxluq,j0eh7gfb,6,10,1,0,1.0,0,1,100.0,100.0,12.0,1.0,0.0,0.9166666666666666,8.0,-0.11666666666666659,0,1.0,23.0,1.0,6.0,1,-5.93528096088877,15.4765191734232,28.6089312735897,10682
sttmxluq,ka64k1n6,6,11,1,1,1.0,1,1,22.0,23.157894736842106,24.7,1.0,0.0,1.0,2.0,-0.8,1,0.0,22.0,1.0,5.0,1,-10.6498152440075,15.1659550204512,37.6588629338984,798
sttmxluq,21cnoldi,6,7,1,1,0.0,0,0,30.0,30.0,22.0,,1.0,0.5,2.0,-0.3,0,0.0,20.0,0.0,5.0,1,-8.69500157023721,15.1796074842736,-4.77007384032043,11983
sttmxluq,t03uzg85,6,9,1,1,1.0,1,1,95.0,100.0,15.0,1.0,1.0,1.0,8.0,-0.19999999999999996,0,0.0,21.0,1.0,8.0,1,5.74536607212394,14.4738059185499,24.2659454381039,6569
sttmxluq,dbhh6m49,6,18,1,0,0.0,0,1,100.0,100.0,25.0,1.0,0.0,0.75,5.0,-0.25,0,0.0,22.0,1.0,5.0,1,10.1008360062988,15.3738697895262,17.9942787562462,930
sttmxluq,3egjwhav,6,19,1,0,1.0,0,1,100.0,100.0,15.0,0.0,0.0,0.8333333333333334,6.0,-0.2333333333333334,0,0.0,23.0,1.0,6.0,1,8.27693716878569,15.0728085690886,27.2611152781865,4107
sttmxluq,k8g2ffpj,6,14,1,1,0.0,0,0,40.0,40.0,-17.0,,0.0,0.8333333333333334,5.0,-0.33333333333333337,0,0.0,19.0,1.0,7.0,1,-18.6939033943952,15.2594062687008,5.87642608043333,8378
sttmxluq,2f5fwyda,6,11,1,0,1.0,0,1,100.0,100.0,11.0,0.0,0.0,0.6666666666666666,8.0,0.13333333333333341,1,1.0,22.0,1.0,9.0,1,-10.6498152440075,15.1659550204512,37.6588629338984,798
sttmxluq,o4x5xfe8,6,8,1,1,0.0,0,0,0.0,0.0,10.0,,0.0,0.75,5.0,-0.25,0,1.0,18.0,0.0,8.0,1,8.30613918663683,15.3352032889933,19.2982240105404,11687
sttmxluq,idsaip38,6,14,1,0,1.0,0,1,0.0,0.0,-8.0,1.0,0.0,0.5833333333333334,5.0,-0.08333333333333337,0,0.0,22.0,1.0,5.0,1,-18.6939033943952,15.2594062687008,5.87642608043333,8378
sttmxluq,8qgizmra,6,20,1,1,0.0,0,0,13.0,13.0,16.0,,1.0,0.5833333333333334,3.0,-0.2833333333333334,0,1.0,19.0,0.0,6.0,1,-18.5046274258981,15.1098174886843,-8.79848578409706,3851
sttmxluq,3tss2yvw,6,13,1,0,0.0,0,1,80.0,80.0,18.5,1.0,1.0,1.0,9.0,-0.09999999999999998,0,1.0,22.0,1.0,7.0,1,9.07079175282812,15.2098450069864,12.2928746925969,101
sttmxluq,4db0fuew,6,9,1,1,0.0,0,0,100.0,100.0,15.0,,1.0,0.6666666666666666,6.0,-0.06666666666666665,1,0.0,18.0,1.0,7.0,1,5.74536607212394,14.4738059185499,24.2659454381039,6569
sttmxluq,an53cuit,6,6,1,0,0.0,0,1,80.0,80.0,14.0,1.0,0.0,0.9166666666666666,4.0,-0.5166666666666666,1,0.0,24.0,0.0,5.0,1,-11.2220986754594,14.8724659161298,22.4078126217597,1097
sttmxluq,wpeer72t,6,9,1,1,0.0,0,0,40.0,40.0,5.0,,1.0,0.75,3.0,-0.45,0,0.0,18.0,0.0,5.0,1,5.74536607212394,14.4738059185499,24.2659454381039,6569
sttmxluq,xcxmaiux,7,12,1,0,0.0,0,1,20.0,20.0,5.0,1.0,1.0,0.9166666666666666,6.0,-0.31666666666666665,1,1.0,21.0,0.0,6.0,1,8.37348426153206,15.5031697191143,30.3829281992374,1434
sttmxluq,n2volz6y,7,17,1,1,1.0,1,1,95.0,100.0,12.0,0.0,0.0,1.0,4.0,-0.6,0,1.0,20.0,0.0,9.0,1,11.8143050187262,15.4620400803003,22.9090225541578,4521
sttmxluq,c3wwpc0t,7,13,1,0,1.0,0,1,100.0,100.0,15.0,1.0,1.0,1.0,7.0,-0.30000000000000004,0,1.0,34.0,1.0,7.0,1,9.07079175282812,15.2098450069864,12.2928746925969,101
sttmxluq,35y5k6l0,7,10,1,0,0.0,0,1,10.0,10.0,50.0,1.0,0.0,0.0,7.0,0.7,1,0.0,27.0,0.0,11.0,1,-5.93528096088877,15.4765191734232,28.6089312735897,10682
sttmxluq,4xfbp12z,7,15,1,1,1.0,1,1,0.0,0.0,-20.0,1.0,0.0,1.0,1.0,-0.9,1,0.0,20.0,0.0,10.0,1,-8.78871018746978,14.8851744288267,-0.723989516491677,10420
sttmxluq,3ryl199y,7,6,1,1,0.0,0,0,4.0,4.0,25.0,,0.0,0.75,3.0,-0.45,0,0.0,21.0,1.0,5.0,1,-11.2220986754594,14.8724659161298,22.4078126217597,1097
sttmxluq,po3evo8c,7,7,1,1,0.0,0,0,80.0,80.0,18.0,,1.0,0.5833333333333334,0.0,-0.5833333333333334,1,0.0,19.0,0.0,8.0,1,-8.69500157023721,15.1796074842736,-4.77007384032043,11983
sttmxluq,j0eh7gfb,7,9,1,1,1.0,1,1,95.0,100.0,18.0,1.0,1.0,0.9166666666666666,8.0,-0.11666666666666659,0,1.0,23.0,1.0,6.0,1,5.74536607212394,14.4738059185499,24.2659454381039,6569
sttmxluq,ka64k1n6,7,7,1,1,0.0,0,0,22.0,22.0,0.72,,1.0,1.0,2.0,-0.8,1,0.0,22.0,1.0,5.0,1,-8.69500157023721,15.1796074842736,-4.77007384032043,11983
sttmxluq,21cnoldi,7,4,1,1,0.0,0,0,25.0,25.0,17.0,,1.0,0.5,2.0,-0.3,0,0.0,20.0,0.0,5.0,1,14.2517599224379,15.5718949491859,16.9752110267725,10145
sttmxluq,t03uzg85,7,6,1,1,1.0,1,1,95.0,100.0,20.0,0.0,0.0,1.0,8.0,-0.19999999999999996,0,0.0,21.0,1.0,8.0,1,-11.2220986754594,14.8724659161298,22.4078126217597,1097
sttmxluq,dbhh6m49,7,9,1,0,0.0,0,1,100.0,100.0,25.0,1.0,1.0,0.75,5.0,-0.25,0,0.0,22.0,1.0,5.0,1,5.74536607212394,14.4738059185499,24.2659454381039,6569
sttmxluq,3egjwhav,7,4,1,0,1.0,0,1,100.0,100.0,30.0,1.0,1.0,0.8333333333333334,6.0,-0.2333333333333334,0,0.0,23.0,1.0,6.0,1,14.2517599224379,15.5718949491859,16.9752110267725,10145
sttmxluq,k8g2ffpj,7,9,1,1,0.0,0,0,35.0,35.0,20.0,,1.0,0.8333333333333334,5.0,-0.33333333333333337,0,0.0,19.0,1.0,7.0,1,5.74536607212394,14.4738059185499,24.2659454381039,6569
sttmxluq,2f5fwyda,7,14,1,0,0.0,0,1,90.0,90.0,9.75,0.0,0.0,0.6666666666666666,8.0,0.13333333333333341,1,1.0,22.0,1.0,9.0,1,-18.6939033943952,15.2594062687008,5.87642608043333,8378
sttmxluq,o4x5xfe8,7,10,1,0,0.0,0,1,100.0,100.0,20.0,0.0,0.0,0.75,5.0,-0.25,0,1.0,18.0,0.0,8.0,1,-5.93528096088877,15.4765191734232,28.6089312735897,10682
sttmxluq,idsaip38,7,8,1,1,1.0,1,1,94.0,98.94736842105263,20.0,1.0,0.0,0.5833333333333334,5.0,-0.08333333333333337,0,0.0,22.0,1.0,5.0,1,8.30613918663683,15.3352032889933,19.2982240105404,11687
sttmxluq,8qgizmra,7,15,1,0,1.0,0,1,18.0,18.0,-5.0,1.0,0.0,0.5833333333333334,3.0,-0.2833333333333334,0,1.0,19.0,0.0,6.0,1,-8.78871018746978,14.8851744288267,-0.723989516491677,10420
sttmxluq,3tss2yvw,7,14,1,1,0.0,0,0,0.0,0.0,12.5,,0.0,1.0,9.0,-0.09999999999999998,0,1.0,22.0,1.0,7.0,1,-18.6939033943952,15.2594062687008,5.87642608043333,8378
sttmxluq,4db0fuew,7,4,1,0,0.0,0,1,100.0,100.0,25.0,1.0,1.0,0.6666666666666666,6.0,-0.06666666666666665,1,0.0,18.0,1.0,7.0,1,14.2517599224379,15.5718949491859,16.9752110267725,10145
sttmxluq,an53cuit,7,8,1,1,0.0,0,0,60.0,60.0,12.0,,0.0,0.9166666666666666,4.0,-0.5166666666666666,1,0.0,24.0,0.0,5.0,1,8.30613918663683,15.3352032889933,19.2982240105404,11687
sttmxluq,wpeer72t,7,5,1,0,1.0,0,1,70.0,70.0,12.0,0.0,1.0,0.75,3.0,-0.45,0,0.0,18.0,0.0,5.0,1,-12.6327970336565,14.7639768809906,-11.0647641062684,3118
sttmxluq,xcxmaiux,8,10,1,0,0.0,0,1,20.0,20.0,20.0,1.0,0.0,0.9166666666666666,6.0,-0.31666666666666665,1,1.0,21.0,0.0,6.0,1,-5.93528096088877,15.4765191734232,28.6089312735897,10682
sttmxluq,n2volz6y,8,7,1,1,1.0,1,1,95.0,100.0,7.0,1.0,1.0,1.0,4.0,-0.6,0,1.0,20.0,0.0,9.0,1,-8.69500157023721,15.1796074842736,-4.77007384032043,11983
sttmxluq,c3wwpc0t,8,7,1,1,1.0,1,1,80.0,84.21052631578948,5.0,1.0,1.0,1.0,7.0,-0.30000000000000004,0,1.0,34.0,1.0,7.0,1,-8.69500157023721,15.1796074842736,-4.77007384032043,11983
sttmxluq,35y5k6l0,8,15,1,1,1.0,1,1,25.0,26.31578947368421,10.0,1.0,0.0,0.0,7.0,0.7,1,0.0,27.0,0.0,11.0,1,-8.78871018746978,14.8851744288267,-0.723989516491677,10420
sttmxluq,4xfbp12z,8,16,1,0,1.0,0,1,0.0,0.0,-20.0,1.0,1.0,1.0,1.0,-0.9,1,0.0,20.0,0.0,10.0,1,-10.7034666037922,15.0827396168302,6.32159774566318,1887
sttmxluq,3ryl199y,8,14,1,0,0.0,0,1,10.0,10.0,1.0,1.0,0.0,0.75,3.0,-0.45,0,0.0,21.0,1.0,5.0,1,-18.6939033943952,15.2594062687008,5.87642608043333,8378
sttmxluq,po3evo8c,8,10,1,0,1.0,0,1,80.0,80.0,14.87,0.0,0.0,0.5833333333333334,0.0,-0.5833333333333334,1,0.0,19.0,0.0,8.0,1,-5.93528096088877,15.4765191734232,28.6089312735897,10682
sttmxluq,j0eh7gfb,8,19,1,1,1.0,1,1,95.0,100.0,22.0,1.0,0.0,0.9166666666666666,8.0,-0.11666666666666659,0,1.0,23.0,1.0,6.0,1,8.27693716878569,15.0728085690886,27.2611152781865,4107
sttmxluq,ka64k1n6,8,13,1,0,0.0,0,1,34.0,34.0,6.32,1.0,1.0,1.0,2.0,-0.8,1,0.0,22.0,1.0,5.0,1,9.07079175282812,15.2098450069864,12.2928746925969,101
sttmxluq,21cnoldi,8,5,1,1,0.0,0,0,40.0,40.0,20.0,,1.0,0.5,2.0,-0.3,0,0.0,20.0,0.0,5.0,1,-12.6327970336565,14.7639768809906,-11.0647641062684,3118
sttmxluq,t03uzg85,8,14,1,0,1.0,0,1,100.0,100.0,20.0,0.0,0.0,1.0,8.0,-0.19999999999999996,0,0.0,21.0,1.0,8.0,1,-18.6939033943952,15.2594062687008,5.87642608043333,8378
sttmxluq,dbhh6m49,8,17,1,0,0.0,0,1,100.0,100.0,25.0,1.0,0.0,0.75,5.0,-0.25,0,0.0,22.0,1.0,5.0,1,11.8143050187262,15.4620400803003,22.9090225541578,4521
sttmxluq,3egjwhav,8,8,1,1,1.0,1,1,95.0,100.0,20.0,0.0,0.0,0.8333333333333334,6.0,-0.2333333333333334,0,0.0,23.0,1.0,6.0,1,8.30613918663683,15.3352032889933,19.2982240105404,11687
sttmxluq,k8g2ffpj,8,16,1,0,1.0,0,1,50.0,50.0,-15.0,1.0,1.0,0.8333333333333334,5.0,-0.33333333333333337,0,0.0,19.0,1.0,7.0,1,-10.7034666037922,15.0827396168302,6.32159774566318,1887
sttmxluq,2f5fwyda,8,4,1,1,1.0,1,1,95.0,100.0,19.4,1.0,1.0,0.6666666666666666,8.0,0.13333333333333341,1,1.0,22.0,1.0,9.0,1,14.2517599224379,15.5718949491859,16.9752110267725,10145
sttmxluq,o4x5xfe8,8,3,1,1,1.0,1,1,95.0,100.0,25.0,1.0,1.0,0.75,5.0,-0.25,0,1.0,18.0,0.0,8.0,1,7.35487993020429,14.5282644745692,16.8775714200622,5385
sttmxluq,idsaip38,8,13,1,0,1.0,0,1,99.0,99.0,25.0,1.0,1.0,0.5833333333333334,5.0,-0.08333333333333337,0,0.0,22.0,1.0,5.0,1,9.07079175282812,15.2098450069864,12.2928746925969,101
sttmxluq,8qgizmra,8,10,1,0,1.0,0,1,23.0,23.0,-0.9,0.0,0.0,0.5833333333333334,3.0,-0.2833333333333334,0,1.0,19.0,0.0,6.0,1,-5.93528096088877,15.4765191734232,28.6089312735897,10682
sttmxluq,3tss2yvw,8,15,1,1,1.0,1,1,50.0,52.63157894736842,18.5,0.0,0.0,1.0,9.0,-0.09999999999999998,0,1.0,22.0,1.0,7.0,1,-8.78871018746978,14.8851744288267,-0.723989516491677,10420
sttmxluq,4db0fuew,8,12,1,1,0.0,0,0,100.0,100.0,10.0,,1.0,0.6666666666666666,6.0,-0.06666666666666665,1,0.0,18.0,1.0,7.0,1,8.37348426153206,15.5031697191143,30.3829281992374,1434
sttmxluq,an53cuit,8,13,1,0,1.0,0,1,77.0,77.0,10.0,0.0,1.0,0.9166666666666666,4.0,-0.5166666666666666,1,0.0,24.0,0.0,5.0,1,9.07079175282812,15.2098450069864,12.2928746925969,101
sttmxluq,wpeer72t,8,17,1,0,1.0,0,1,80.0,80.0,17.0,1.0,0.0,0.75,3.0,-0.45,0,0.0,18.0,0.0,5.0,1,11.8143050187262,15.4620400803003,22.9090225541578,4521
sttmxluq,xcxmaiux,9,3,1,0,0.0,0,1,22.0,22.0,17.0,1.0,1.0,0.9166666666666666,6.0,-0.31666666666666665,1,1.0,21.0,0.0,6.0,1,7.35487993020429,14.5282644745692,16.8775714200622,5385
sttmxluq,n2volz6y,9,13,1,1,1.0,1,1,95.0,100.0,15.0,0.0,1.0,1.0,4.0,-0.6,0,1.0,20.0,0.0,9.0,1,9.07079175282812,15.2098450069864,12.2928746925969,101
sttmxluq,c3wwpc0t,9,3,1,1,1.0,1,1,95.0,100.0,20.0,1.0,1.0,1.0,7.0,-0.30000000000000004,0,1.0,34.0,1.0,7.0,1,7.35487993020429,14.5282644745692,16.8775714200622,5385
sttmxluq,35y5k6l0,9,6,1,1,1.0,1,1,47.0,49.473684210526315,40.0,1.0,0.0,0.0,7.0,0.7,1,0.0,27.0,0.0,11.0,1,-11.2220986754594,14.8724659161298,22.4078126217597,1097
sttmxluq,4xfbp12z,9,11,1,0,1.0,0,1,0.0,0.0,-10.0,1.0,0.0,1.0,1.0,-0.9,1,0.0,20.0,0.0,10.0,1,-10.6498152440075,15.1659550204512,37.6588629338984,798
sttmxluq,3ryl199y,9,7,1,0,0.0,0,1,8.0,8.0,-3.0,1.0,1.0,0.75,3.0,-0.45,0,0.0,21.0,1.0,5.0,1,-8.69500157023721,15.1796074842736,-4.77007384032043,11983
sttmxluq,po3evo8c,9,14,1,1,1.0,1,1,60.0,63.1578947368421,4.22,0.0,0.0,0.5833333333333334,0.0,-0.5833333333333334,1,0.0,19.0,0.0,8.0,1,-18.6939033943952,15.2594062687008,5.87642608043333,8378
sttmxluq,j0eh7gfb,9,5,1,1,1.0,1,1,95.0,100.0,10.0,1.0,1.0,0.9166666666666666,8.0,-0.11666666666666659,0,1.0,23.0,1.0,6.0,1,-12.6327970336565,14.7639768809906,-11.0647641062684,3118
sttmxluq,ka64k1n6,9,10,1,1,1.0,1,1,22.0,23.157894736842106,15.0,1.0,0.0,1.0,2.0,-0.8,1,0.0,22.0,1.0,5.0,1,-5.93528096088877,15.4765191734232,28.6089312735897,10682
sttmxluq,21cnoldi,9,20,1,0,0.0,0,1,20.0,20.0,10.0,1.0,1.0,0.5,2.0,-0.3,0,0.0,20.0,0.0,5.0,1,-18.5046274258981,15.1098174886843,-8.79848578409706,3851
sttmxluq,t03uzg85,9,4,1,0,1.0,0,1,100.0,100.0,30.0,1.0,1.0,1.0,8.0,-0.19999999999999996,0,0.0,21.0,1.0,8.0,1,14.2517599224379,15.5718949491859,16.9752110267725,10145
sttmxluq,dbhh6m49,9,13,1,0,0.0,0,1,100.0,100.0,27.0,1.0,1.0,0.75,5.0,-0.25,0,0.0,22.0,1.0,5.0,1,9.07079175282812,15.2098450069864,12.2928746925969,101
sttmxluq,3egjwhav,9,5,1,1,0.0,0,0,100.0,100.0,20.0,,1.0,0.8333333333333334,6.0,-0.2333333333333334,0,0.0,23.0,1.0,6.0,1,-12.6327970336565,14.7639768809906,-11.0647641062684,3118
sttmxluq,k8g2ffpj,9,15,1,0,1.0,0,1,35.0,35.0,5.0,1.0,0.0,0.8333333333333334,5.0,-0.33333333333333337,0,0.0,19.0,1.0,7.0,1,-8.78871018746978,14.8851744288267,-0.723989516491677,10420
sttmxluq,2f5fwyda,9,17,1,0,1.0,0,1,100.0,100.0,18.0,0.0,0.0,0.6666666666666666,8.0,0.13333333333333341,1,1.0,22.0,1.0,9.0,1,11.8143050187262,15.4620400803003,22.9090225541578,4521
sttmxluq,o4x5xfe8,9,18,1,1,0.0,0,0,50.0,50.0,15.0,,0.0,0.75,5.0,-0.25,0,1.0,18.0,0.0,8.0,1,10.1008360062988,15.3738697895262,17.9942787562462,930
sttmxluq,idsaip38,9,4,1,0,1.0,0,1,100.0,100.0,25.0,1.0,1.0,0.5833333333333334,5.0,-0.08333333333333337,0,0.0,22.0,1.0,5.0,1,14.2517599224379,15.5718949491859,16.9752110267725,10145
sttmxluq,8qgizmra,9,6,1,1,1.0,1,1,35.0,36.8421052631579,-1.3,0.0,0.0,0.5833333333333334,3.0,-0.2833333333333334,0,1.0,19.0,0.0,6.0,1,-11.2220986754594,14.8724659161298,22.4078126217597,1097
sttmxluq,3tss2yvw,9,12,1,1,0.0,0,0,0.0,0.0,8.56,,1.0,1.0,9.0,-0.09999999999999998,0,1.0,22.0,1.0,7.0,1,8.37348426153206,15.5031697191143,30.3829281992374,1434
sttmxluq,4db0fuew,9,17,1,1,1.0,1,1,95.0,100.0,7.0,1.0,0.0,0.6666666666666666,6.0,-0.06666666666666665,1,0.0,18.0,1.0,7.0,1,11.8143050187262,15.4620400803003,22.9090225541578,4521
sttmxluq,an53cuit,9,11,1,1,0.0,0,0,50.0,50.0,15.0,,0.0,0.9166666666666666,4.0,-0.5166666666666666,1,0.0,24.0,0.0,5.0,1,-10.6498152440075,15.1659550204512,37.6588629338984,798
sttmxluq,wpeer72t,9,8,1,1,1.0,1,1,95.0,100.0,26.0,1.0,0.0,0.75,3.0,-0.45,0,0.0,18.0,0.0,5.0,1,8.30613918663683,15.3352032889933,19.2982240105404,11687
sttmxluq,xcxmaiux,10,4,1,0,0.0,0,1,10.0,10.0,5.0,1.0,1.0,0.9166666666666666,6.0,-0.31666666666666665,1,1.0,21.0,0.0,6.0,1,14.2517599224379,15.5718949491859,16.9752110267725,10145
sttmxluq,n2volz6y,10,12,1,0,1.0,0,1,100.0,100.0,17.0,1.0,1.0,1.0,4.0,-0.6,0,1.0,20.0,0.0,9.0,1,8.37348426153206,15.5031697191143,30.3829281992374,1434
sttmxluq,c3wwpc0t,10,12,1,0,1.0,0,1,100.0,100.0,15.0,1.0,1.0,1.0,7.0,-0.30000000000000004,0,1.0,34.0,1.0,7.0,1,8.37348426153206,15.5031697191143,30.3829281992374,1434
sttmxluq,35y5k6l0,10,12,1,0,0.0,0,1,42.0,42.0,20.0,1.0,1.0,0.0,7.0,0.7,1,0.0,27.0,0.0,11.0,1,8.37348426153206,15.5031697191143,30.3829281992374,1434
sttmxluq,4xfbp12z,10,20,1,1,1.0,1,1,0.0,0.0,-20.0,1.0,1.0,1.0,1.0,-0.9,1,0.0,20.0,0.0,10.0,1,-18.5046274258981,15.1098174886843,-8.79848578409706,3851
sttmxluq,3ryl199y,10,9,1,1,0.0,0,0,25.0,25.0,20.0,,1.0,0.75,3.0,-0.45,0,0.0,21.0,1.0,5.0,1,5.74536607212394,14.4738059185499,24.2659454381039,6569
sttmxluq,po3evo8c,10,3,1,0,1.0,0,1,45.0,45.0,12.34,1.0,1.0,0.5833333333333334,0.0,-0.5833333333333334,1,0.0,19.0,0.0,8.0,1,7.35487993020429,14.5282644745692,16.8775714200622,5385
sttmxluq,j0eh7gfb,10,20,1,0,1.0,0,1,0.0,0.0,0.0,1.0,1.0,0.9166666666666666,8.0,-0.11666666666666659,0,1.0,23.0,1.0,6.0,1,-18.5046274258981,15.1098174886843,-8.79848578409706,3851
sttmxluq,ka64k1n6,10,16,1,0,0.0,0,1,34.0,34.0,15.0,1.0,1.0,1.0,2.0,-0.8,1,0.0,22.0,1.0,5.0,1,-10.7034666037922,15.0827396168302,6.32159774566318,1887
sttmxluq,21cnoldi,10,11,1,0,0.0,0,1,30.0,30.0,5.0,1.0,0.0,0.5,2.0,-0.3,0,0.0,20.0,0.0,5.0,1,-10.6498152440075,15.1659550204512,37.6588629338984,798
sttmxluq,t03uzg85,10,17,1,1,1.0,1,1,50.0,52.63157894736842,5.0,0.0,0.0,1.0,8.0,-0.19999999999999996,0,0.0,21.0,1.0,8.0,1,11.8143050187262,15.4620400803003,22.9090225541578,4521
sttmxluq,dbhh6m49,10,6,1,1,0.0,0,0,100.0,100.0,25.0,,0.0,0.75,5.0,-0.25,0,0.0,22.0,1.0,5.0,1,-11.2220986754594,14.8724659161298,22.4078126217597,1097
sttmxluq,3egjwhav,10,17,1,1,0.0,0,0,100.0,100.0,10.0,,0.0,0.8333333333333334,6.0,-0.2333333333333334,0,0.0,23.0,1.0,6.0,1,11.8143050187262,15.4620400803003,22.9090225541578,4521
sttmxluq,k8g2ffpj,10,8,1,0,0.0,0,1,40.0,40.0,24.0,1.0,0.0,0.8333333333333334,5.0,-0.33333333333333337,0,0.0,19.0,1.0,7.0,1,8.30613918663683,15.3352032889933,19.2982240105404,11687
sttmxluq,2f5fwyda,10,5,1,1,0.0,0,0,100.0,100.0,12.0,,1.0,0.6666666666666666,8.0,0.13333333333333341,1,1.0,22.0,1.0,9.0,1,-12.6327970336565,14.7639768809906,-11.0647641062684,3118
sttmxluq,o4x5xfe8,10,15,1,0,0.0,0,1,0.0,0.0,5.0,1.0,0.0,0.75,5.0,-0.25,0,1.0,18.0,0.0,8.0,1,-8.78871018746978,14.8851744288267,-0.723989516491677,10420
sttmxluq,idsaip38,10,16,1,1,1.0,1,1,0.0,0.0,-9.0,1.0,1.0,0.5833333333333334,5.0,-0.08333333333333337,0,0.0,22.0,1.0,5.0,1,-10.7034666037922,15.0827396168302,6.32159774566318,1887
sttmxluq,8qgizmra,10,19,1,0,1.0,0,1,40.0,40.0,3.8,0.0,0.0,0.5833333333333334,3.0,-0.2833333333333334,0,1.0,19.0,0.0,6.0,1,8.27693716878569,15.0728085690886,27.2611152781865,4107
sttmxluq,3tss2yvw,10,11,1,0,1.0,0,1,60.0,60.0,20.0,0.0,0.0,1.0,9.0,-0.09999999999999998,0,1.0,22.0,1.0,7.0,1,-10.6498152440075,15.1659550204512,37.6588629338984,798
sttmxluq,4db0fuew,10,11,1,1,1.0,1,1,95.0,100.0,22.0,0.0,0.0,0.6666666666666666,6.0,-0.06666666666666665,1,0.0,18.0,1.0,7.0,1,-10.6498152440075,15.1659550204512,37.6588629338984,798
sttmxluq,an53cuit,10,10,1,0,0.0,0,1,78.0,78.0,25.0,1.0,0.0,0.9166666666666666,4.0,-0.5166666666666666,1,0.0,24.0,0.0,5.0,1,-5.93528096088877,15.4765191734232,28.6089312735897,10682
sttmxluq,wpeer72t,10,11,1,1,1.0,1,1,0.0,0.0,-12.0,1.0,0.0,0.75,3.0,-0.45,0,0.0,18.0,0.0,5.0,1,-10.6498152440075,15.1659550204512,37.6588629338984,798
sttmxluq,xcxmaiux,11,16,1,1,0.0,0,0,22.0,22.0,30.0,,1.0,0.9166666666666666,6.0,-0.31666666666666665,1,1.0,21.0,0.0,6.0,1,-10.7034666037922,15.0827396168302,6.32159774566318,1887
sttmxluq,n2volz6y,11,16,1,1,1.0,1,1,95.0,100.0,13.0,1.0,1.0,1.0,4.0,-0.6,0,1.0,20.0,0.0,9.0,1,-10.7034666037922,15.0827396168302,6.32159774566318,1887
sttmxluq,c3wwpc0t,11,14,1,0,1.0,0,1,0.0,0.0,0.0,1.0,0.0,1.0,7.0,-0.30000000000000004,0,1.0,34.0,1.0,7.0,1,-18.6939033943952,15.2594062687008,5.87642608043333,8378
sttmxluq,35y5k6l0,11,17,1,1,0.0,0,0,10.0,10.0,20.0,,0.0,0.0,7.0,0.7,1,0.0,27.0,0.0,11.0,1,11.8143050187262,15.4620400803003,22.9090225541578,4521
sttmxluq,4xfbp12z,11,12,1,0,1.0,0,1,95.0,95.0,15.0,1.0,1.0,1.0,1.0,-0.9,1,0.0,20.0,0.0,10.0,1,8.37348426153206,15.5031697191143,30.3829281992374,1434
sttmxluq,3ryl199y,11,20,1,1,0.0,0,0,50.0,50.0,15.0,,1.0,0.75,3.0,-0.45,0,0.0,21.0,1.0,5.0,1,-18.5046274258981,15.1098174886843,-8.79848578409706,3851
sttmxluq,po3evo8c,11,13,1,0,0.0,0,1,80.0,80.0,8.34,1.0,1.0,0.5833333333333334,0.0,-0.5833333333333334,1,0.0,19.0,0.0,8.0,1,9.07079175282812,15.2098450069864,12.2928746925969,101
sttmxluq,j0eh7gfb,11,4,1,1,1.0,1,1,95.0,100.0,25.0,1.0,1.0,0.9166666666666666,8.0,-0.11666666666666659,0,1.0,23.0,1.0,6.0,1,14.2517599224379,15.5718949491859,16.9752110267725,10145
sttmxluq,ka64k1n6,11,14,1,1,1.0,1,1,22.0,23.157894736842106,22.0,1.0,0.0,1.0,2.0,-0.8,1,0.0,22.0,1.0,5.0,1,-18.6939033943952,15.2594062687008,5.87642608043333,8378
sttmxluq,21cnoldi,11,13,1,1,0.0,0,0,39.0,39.0,10.0,,1.0,0.5,2.0,-0.3,0,0.0,20.0,0.0,5.0,1,9.07079175282812,15.2098450069864,12.2928746925969,101
sttmxluq,t03uzg85,11,12,1,0,1.0,0,1,100.0,100.0,20.0,0.0,1.0,1.0,8.0,-0.19999999999999996,0,0.0,21.0,1.0,8.0,1,8.37348426153206,15.5031697191143,30.3829281992374,1434
sttmxluq,dbhh6m49,11,8,1,1,0.0,0,0,0.0,0.0,5.0,,0.0,0.75,5.0,-0.25,0,0.0,22.0,1.0,5.0,1,8.30613918663683,15.3352032889933,19.2982240105404,11687
sttmxluq,3egjwhav,11,18,1,0,1.0,0,1,100.0,100.0,20.0,0.0,0.0,0.8333333333333334,6.0,-0.2333333333333334,0,0.0,23.0,1.0,6.0,1,10.1008360062988,15.3738697895262,17.9942787562462,930
sttmxluq,k8g2ffpj,11,6,1,1,1.0,1,1,51.0,53.68421052631579,-17.0,0.0,0.0,0.8333333333333334,5.0,-0.33333333333333337,0,0.0,19.0,1.0,7.0,1,-11.2220986754594,14.8724659161298,22.4078126217597,1097
sttmxluq,2f5fwyda,11,10,1,0,1.0,0,1,100.0,100.0,17.5,0.0,0.0,0.6666666666666666,8.0,0.13333333333333341,1,1.0,22.0,1.0,9.0,1,-5.93528096088877,15.4765191734232,28.6089312735897,10682
sttmxluq,o4x5xfe8,11,20,1,1,0.0,0,0,100.0,100.0,35.0,,1.0,0.75,5.0,-0.25,0,1.0,18.0,0.0,8.0,1,-18.5046274258981,15.1098174886843,-8.79848578409706,3851
sttmxluq,idsaip38,11,10,1,1,1.0,1,1,95.0,100.0,10.0,1.0,0.0,0.5833333333333334,5.0,-0.08333333333333337,0,0.0,22.0,1.0,5.0,1,-5.93528096088877,15.4765191734232,28.6089312735897,10682
sttmxluq,8qgizmra,11,12,1,0,1.0,0,1,38.0,38.0,17.0,0.0,1.0,0.5833333333333334,3.0,-0.2833333333333334,0,1.0,19.0,0.0,6.0,1,8.37348426153206,15.5031697191143,30.3829281992374,1434
sttmxluq,3tss2yvw,11,20,1,0,1.0,0,1,0.0,0.0,-18.5,1.0,1.0,1.0,9.0,-0.09999999999999998,0,1.0,22.0,1.0,7.0,1,-18.5046274258981,15.1098174886843,-8.79848578409706,3851
sttmxluq,4db0fuew,11,6,1,0,1.0,0,1,100.0,100.0,15.0,0.0,0.0,0.6666666666666666,6.0,-0.06666666666666665,1,0.0,18.0,1.0,7.0,1,-11.2220986754594,14.8724659161298,22.4078126217597,1097
sttmxluq,an53cuit,11,5,1,0,0.0,0,1,75.0,75.0,16.0,1.0,1.0,0.9166666666666666,4.0,-0.5166666666666666,1,0.0,24.0,0.0,5.0,1,-12.6327970336565,14.7639768809906,-11.0647641062684,3118
sttmxluq,wpeer72t,11,14,1,0,1.0,0,1,60.0,60.0,12.0,0.0,0.0,0.75,3.0,-0.45,0,0.0,18.0,0.0,5.0,1,-18.6939033943952,15.2594062687008,5.87642608043333,8378
sttmxluq,xcxmaiux,12,20,1,1,0.0,0,0,33.0,33.0,20.0,,1.0,0.9166666666666666,6.0,-0.31666666666666665,1,1.0,21.0,0.0,6.0,1,-18.5046274258981,15.1098174886843,-8.79848578409706,3851
sttmxluq,n2volz6y,12,19,1,0,1.0,0,1,100.0,100.0,15.0,0.0,0.0,1.0,4.0,-0.6,0,1.0,20.0,0.0,9.0,1,8.27693716878569,15.0728085690886,27.2611152781865,4107
sttmxluq,c3wwpc0t,12,9,1,1,1.0,1,1,95.0,100.0,15.0,1.0,1.0,1.0,7.0,-0.30000000000000004,0,1.0,34.0,1.0,7.0,1,5.74536607212394,14.4738059185499,24.2659454381039,6569
sttmxluq,35y5k6l0,12,19,1,1,0.0,0,0,10.0,10.0,10.0,,0.0,0.0,7.0,0.7,1,0.0,27.0,0.0,11.0,1,8.27693716878569,15.0728085690886,27.2611152781865,4107
sttmxluq,4xfbp12z,12,5,1,0,1.0,0,1,0.0,0.0,-15.0,1.0,1.0,1.0,1.0,-0.9,1,0.0,20.0,0.0,10.0,1,-12.6327970336565,14.7639768809906,-11.0647641062684,3118
sttmxluq,3ryl199y,12,17,1,1,0.0,0,0,80.0,80.0,22.0,,0.0,0.75,3.0,-0.45,0,0.0,21.0,1.0,5.0,1,11.8143050187262,15.4620400803003,22.9090225541578,4521
sttmxluq,po3evo8c,12,9,1,1,1.0,1,1,60.0,63.1578947368421,4.67,1.0,1.0,0.5833333333333334,0.0,-0.5833333333333334,1,0.0,19.0,0.0,8.0,1,5.74536607212394,14.4738059185499,24.2659454381039,6569
sttmxluq,j0eh7gfb,12,7,1,0,1.0,0,1,100.0,100.0,5.0,1.0,1.0,0.9166666666666666,8.0,-0.11666666666666659,0,1.0,23.0,1.0,6.0,1,-8.69500157023721,15.1796074842736,-4.77007384032043,11983
sttmxluq,ka64k1n6,12,12,1,0,0.0,0,1,33.0,33.0,6.0,0.0,1.0,1.0,2.0,-0.8,1,0.0,22.0,1.0,5.0,1,8.37348426153206,15.5031697191143,30.3829281992374,1434
sttmxluq,21cnoldi,12,3,1,0,0.0,0,1,50.0,50.0,25.0,1.0,1.0,0.5,2.0,-0.3,0,0.0,20.0,0.0,5.0,1,7.35487993020429,14.5282644745692,16.8775714200622,5385
sttmxluq,t03uzg85,12,13,1,0,1.0,0,1,100.0,100.0,20.0,1.0,1.0,1.0,8.0,-0.19999999999999996,0,0.0,21.0,1.0,8.0,1,9.07079175282812,15.2098450069864,12.2928746925969,101
sttmxluq,dbhh6m49,12,7,1,0,0.0,0,1,100.0,100.0,20.0,1.0,1.0,0.75,5.0,-0.25,0,0.0,22.0,1.0,5.0,1,-8.69500157023721,15.1796074842736,-4.77007384032043,11983
sttmxluq,3egjwhav,12,13,1,1,1.0,1,1,95.0,100.0,25.0,1.0,1.0,0.8333333333333334,6.0,-0.2333333333333334,0,0.0,23.0,1.0,6.0,1,9.07079175282812,15.2098450069864,12.2928746925969,101
sttmxluq,k8g2ffpj,12,12,1,0,1.0,0,1,50.0,50.0,20.0,1.0,1.0,0.8333333333333334,5.0,-0.33333333333333337,0,0.0,19.0,1.0,7.0,1,8.37348426153206,15.5031697191143,30.3829281992374,1434
sttmxluq,2f5fwyda,12,12,1,1,1.0,1,1,95.0,100.0,13.78,1.0,1.0,0.6666666666666666,8.0,0.13333333333333341,1,1.0,22.0,1.0,9.0,1,8.37348426153206,15.5031697191143,30.3829281992374,1434
sttmxluq,o4x5xfe8,12,7,1,0,0.0,0,1,25.0,25.0,10.0,0.0,1.0,0.75,5.0,-0.25,0,1.0,18.0,0.0,8.0,1,-8.69500157023721,15.1796074842736,-4.77007384032043,11983
sttmxluq,idsaip38,12,18,1,1,1.0,1,1,95.0,100.0,20.0,1.0,0.0,0.5833333333333334,5.0,-0.08333333333333337,0,0.0,22.0,1.0,5.0,1,10.1008360062988,15.3738697895262,17.9942787562462,930
sttmxluq,8qgizmra,12,17,1,0,1.0,0,1,43.0,43.0,17.9,0.0,0.0,0.5833333333333334,3.0,-0.2833333333333334,0,1.0,19.0,0.0,6.0,1,11.8143050187262,15.4620400803003,22.9090225541578,4521
sttmxluq,3tss2yvw,12,3,1,1,1.0,1,1,60.0,63.1578947368421,20.0,1.0,1.0,1.0,9.0,-0.09999999999999998,0,1.0,22.0,1.0,7.0,1,7.35487993020429,14.5282644745692,16.8775714200622,5385
sttmxluq,4db0fuew,12,16,1,0,1.0,0,1,100.0,100.0,30.0,1.0,1.0,0.6666666666666666,6.0,-0.06666666666666665,1,0.0,18.0,1.0,7.0,1,-10.7034666037922,15.0827396168302,6.32159774566318,1887
sttmxluq,an53cuit,12,14,1,1,0.0,0,0,35.0,35.0,7.0,,0.0,0.9166666666666666,4.0,-0.5166666666666666,1,0.0,24.0,0.0,5.0,1,-18.6939033943952,15.2594062687008,5.87642608043333,8378
sttmxluq,wpeer72t,12,19,1,0,1.0,0,1,75.0,75.0,15.0,0.0,0.0,0.75,3.0,-0.45,0,0.0,18.0,0.0,5.0,1,8.27693716878569,15.0728085690886,27.2611152781865,4107
sttmxluq,xcxmaiux,13,13,1,0,0.0,0,1,22.0,22.0,5.0,1.0,1.0,0.9166666666666666,6.0,-0.31666666666666665,1,1.0,21.0,0.0,6.0,1,9.07079175282812,15.2098450069864,12.2928746925969,101
sttmxluq,n2volz6y,13,15,1,0,1.0,0,1,100.0,100.0,15.0,0.0,0.0,1.0,4.0,-0.6,0,1.0,20.0,0.0,9.0,1,-8.78871018746978,14.8851744288267,-0.723989516491677,10420
sttmxluq,c3wwpc0t,13,8,1,1,1.0,1,1,95.0,100.0,15.0,1.0,0.0,1.0,7.0,-0.30000000000000004,0,1.0,34.0,1.0,7.0,1,8.30613918663683,15.3352032889933,19.2982240105404,11687
sttmxluq,35y5k6l0,13,20,1,0,0.0,0,1,50.0,50.0,50.0,0.0,1.0,0.0,7.0,0.7,1,0.0,27.0,0.0,11.0,1,-18.5046274258981,15.1098174886843,-8.79848578409706,3851
sttmxluq,4xfbp12z,13,8,1,0,1.0,0,1,100.0,100.0,10.0,1.0,0.0,1.0,1.0,-0.9,1,0.0,20.0,0.0,10.0,1,8.30613918663683,15.3352032889933,19.2982240105404,11687
sttmxluq,3ryl199y,13,13,1,0,0.0,0,1,90.0,90.0,20.0,1.0,1.0,0.75,3.0,-0.45,0,0.0,21.0,1.0,5.0,1,9.07079175282812,15.2098450069864,12.2928746925969,101
sttmxluq,po3evo8c,13,16,1,0,0.0,0,1,20.0,20.0,8.45,1.0,1.0,0.5833333333333334,0.0,-0.5833333333333334,1,0.0,19.0,0.0,8.0,1,-10.7034666037922,15.0827396168302,6.32159774566318,1887
sttmxluq,j0eh7gfb,13,6,1,0,1.0,0,1,100.0,100.0,2.0,1.0,0.0,0.9166666666666666,8.0,-0.11666666666666659,0,1.0,23.0,1.0,6.0,1,-11.2220986754594,14.8724659161298,22.4078126217597,1097
sttmxluq,ka64k1n6,13,3,1,0,0.0,0,1,22.0,22.0,19.0,1.0,1.0,1.0,2.0,-0.8,1,0.0,22.0,1.0,5.0,1,7.35487993020429,14.5282644745692,16.8775714200622,5385
sttmxluq,21cnoldi,13,6,1,1,0.0,0,0,20.0,20.0,16.0,,0.0,0.5,2.0,-0.3,0,0.0,20.0,0.0,5.0,1,-11.2220986754594,14.8724659161298,22.4078126217597,1097
sttmxluq,t03uzg85,13,10,1,1,1.0,1,1,95.0,100.0,20.0,0.0,0.0,1.0,8.0,-0.19999999999999996,0,0.0,21.0,1.0,8.0,1,-5.93528096088877,15.4765191734232,28.6089312735897,10682
sttmxluq,dbhh6m49,13,14,1,1,0.0,0,0,100.0,100.0,20.0,,0.0,0.75,5.0,-0.25,0,0.0,22.0,1.0,5.0,1,-18.6939033943952,15.2594062687008,5.87642608043333,8378
sttmxluq,3egjwhav,13,11,1,0,1.0,0,1,100.0,100.0,15.0,0.0,0.0,0.8333333333333334,6.0,-0.2333333333333334,0,0.0,23.0,1.0,6.0,1,-10.6498152440075,15.1659550204512,37.6588629338984,798
sttmxluq,k8g2ffpj,13,7,1,0,1.0,0,1,0.0,0.0,-20.0,1.0,1.0,0.8333333333333334,5.0,-0.33333333333333337,0,0.0,19.0,1.0,7.0,1,-8.69500157023721,15.1796074842736,-4.77007384032043,11983
sttmxluq,2f5fwyda,13,20,1,0,1.0,0,1,50.0,50.0,-10.0,1.0,1.0,0.6666666666666666,8.0,0.13333333333333341,1,1.0,22.0,1.0,9.0,1,-18.5046274258981,15.1098174886843,-8.79848578409706,3851
sttmxluq,o4x5xfe8,13,5,1,0,0.0,0,1,50.0,50.0,25.0,0.0,1.0,0.75,5.0,-0.25,0,1.0,18.0,0.0,8.0,1,-12.6327970336565,14.7639768809906,-11.0647641062684,3118
sttmxluq,idsaip38,13,9,1,0,1.0,0,1,100.0,100.0,15.0,1.0,1.0,0.5833333333333334,5.0,-0.08333333333333337,0,0.0,22.0,1.0,5.0,1,5.74536607212394,14.4738059185499,24.2659454381039,6569
sttmxluq,8qgizmra,13,18,1,1,1.0,1,1,55.0,57.89473684210526,13.89,1.0,0.0,0.5833333333333334,3.0,-0.2833333333333334,0,1.0,19.0,0.0,6.0,1,10.1008360062988,15.3738697895262,17.9942787562462,930
sttmxluq,3tss2yvw,13,19,1,1,1.0,1,1,60.0,63.1578947368421,17.5,0.0,0.0,1.0,9.0,-0.09999999999999998,0,1.0,22.0,1.0,7.0,1,8.27693716878569,15.0728085690886,27.2611152781865,4107
sttmxluq,4db0fuew,13,7,1,1,1.0,1,1,95.0,100.0,10.0,1.0,1.0,0.6666666666666666,6.0,-0.06666666666666665,1,0.0,18.0,1.0,7.0,1,-8.69500157023721,15.1796074842736,-4.77007384032043,11983
sttmxluq,an53cuit,13,20,1,1,0.0,0,0,35.0,35.0,12.0,,1.0,0.9166666666666666,4.0,-0.5166666666666666,1,0.0,24.0,0.0,5.0,1,-18.5046274258981,15.1098174886843,-8.79848578409706,3851
sttmxluq,wpeer72t,13,12,1,0,1.0,0,1,100.0,100.0,27.0,1.0,1.0,0.75,3.0,-0.45,0,0.0,18.0,0.0,5.0,1,8.37348426153206,15.5031697191143,30.3829281992374,1434
sttmxluq,xcxmaiux,14,15,1,0,0.0,0,1,15.0,15.0,15.0,1.0,0.0,0.9166666666666666,6.0,-0.31666666666666665,1,1.0,21.0,0.0,6.0,1,-8.78871018746978,14.8851744288267,-0.723989516491677,10420
sttmxluq,n2volz6y,14,8,1,0,1.0,0,1,100.0,100.0,18.0,0.0,0.0,1.0,4.0,-0.6,0,1.0,20.0,0.0,9.0,1,8.30613918663683,15.3352032889933,19.2982240105404,11687
sttmxluq,c3wwpc0t,14,19,1,0,1.0,0,1,100.0,100.0,15.0,1.0,0.0,1.0,7.0,-0.30000000000000004,0,1.0,34.0,1.0,7.0,1,8.27693716878569,15.0728085690886,27.2611152781865,4107
sttmxluq,35y5k6l0,14,18,1,1,1.0,1,1,90.0,94.73684210526316,50.0,0.0,0.0,0.0,7.0,0.7,1,0.0,27.0,0.0,11.0,1,10.1008360062988,15.3738697895262,17.9942787562462,930
sttmxluq,4xfbp12z,14,10,1,1,1.0,1,1,0.0,0.0,-10.0,1.0,0.0,1.0,1.0,-0.9,1,0.0,20.0,0.0,10.0,1,-5.93528096088877,15.4765191734232,28.6089312735897,10682
sttmxluq,3ryl199y,14,12,1,0,0.0,0,1,75.0,75.0,14.0,0.0,1.0,0.75,3.0,-0.45,0,0.0,21.0,1.0,5.0,1,8.37348426153206,15.5031697191143,30.3829281992374,1434
sttmxluq,po3evo8c,14,18,1,0,1.0,0,1,90.0,90.0,9.54,0.0,0.0,0.5833333333333334,0.0,-0.5833333333333334,1,0.0,19.0,0.0,8.0,1,10.1008360062988,15.3738697895262,17.9942787562462,930
sttmxluq,j0eh7gfb,14,11,1,1,1.0,1,1,95.0,100.0,5.0,1.0,0.0,0.9166666666666666,8.0,-0.11666666666666659,0,1.0,23.0,1.0,6.0,1,-10.6498152440075,15.1659550204512,37.6588629338984,798
sttmxluq,ka64k1n6,14,19,1,1,0.0,0,0,33.0,33.0,22.0,,0.0,1.0,2.0,-0.8,1,0.0,22.0,1.0,5.0,1,8.27693716878569,15.0728085690886,27.2611152781865,4107
sttmxluq,21cnoldi,14,18,1,0,0.0,0,1,40.0,40.0,23.0,1.0,0.0,0.5,2.0,-0.3,0,0.0,20.0,0.0,5.0,1,10.1008360062988,15.3738697895262,17.9942787562462,930
sttmxluq,t03uzg85,14,3,1,0,1.0,0,1,100.0,100.0,22.0,1.0,1.0,1.0,8.0,-0.19999999999999996,0,0.0,21.0,1.0,8.0,1,7.35487993020429,14.5282644745692,16.8775714200622,5385
sttmxluq,dbhh6m49,14,10,1,1,0.0,0,0,100.0,100.0,22.0,,0.0,0.75,5.0,-0.25,0,0.0,22.0,1.0,5.0,1,-5.93528096088877,15.4765191734232,28.6089312735897,10682
sttmxluq,3egjwhav,14,6,1,1,1.0,1,1,95.0,100.0,15.0,0.0,0.0,0.8333333333333334,6.0,-0.2333333333333334,0,0.0,23.0,1.0,6.0,1,-11.2220986754594,14.8724659161298,22.4078126217597,1097
sttmxluq,k8g2ffpj,14,3,1,0,1.0,0,1,50.0,50.0,25.0,0.0,1.0,0.8333333333333334,5.0,-0.33333333333333337,0,0.0,19.0,1.0,7.0,1,7.35487993020429,14.5282644745692,16.8775714200622,5385
sttmxluq,2f5fwyda,14,15,1,1,1.0,1,1,95.0,100.0,14.5,0.0,0.0,0.6666666666666666,8.0,0.13333333333333341,1,1.0,22.0,1.0,9.0,1,-8.78871018746978,14.8851744288267,-0.723989516491677,10420
sttmxluq,o4x5xfe8,14,19,1,0,0.0,0,1,50.0,50.0,25.0,0.0,0.0,0.75,5.0,-0.25,0,1.0,18.0,0.0,8.0,1,8.27693716878569,15.0728085690886,27.2611152781865,4107
sttmxluq,idsaip38,14,11,1,1,1.0,1,1,95.0,100.0,5.0,1.0,0.0,0.5833333333333334,5.0,-0.08333333333333337,0,0.0,22.0,1.0,5.0,1,-10.6498152440075,15.1659550204512,37.6588629338984,798
sttmxluq,8qgizmra,14,13,1,0,1.0,0,1,87.0,87.0,18.96,1.0,1.0,0.5833333333333334,3.0,-0.2833333333333334,0,1.0,19.0,0.0,6.0,1,9.07079175282812,15.2098450069864,12.2928746925969,101
sttmxluq,3tss2yvw,14,7,1,1,1.0,1,1,0.0,0.0,8.5,1.0,1.0,1.0,9.0,-0.09999999999999998,0,1.0,22.0,1.0,7.0,1,-8.69500157023721,15.1796074842736,-4.77007384032043,11983
sttmxluq,4db0fuew,14,10,1,0,1.0,0,1,100.0,100.0,10.0,0.0,0.0,0.6666666666666666,6.0,-0.06666666666666665,1,0.0,18.0,1.0,7.0,1,-5.93528096088877,15.4765191734232,28.6089312735897,10682
sttmxluq,an53cuit,14,3,1,1,1.0,1,1,95.0,100.0,19.0,1.0,1.0,0.9166666666666666,4.0,-0.5166666666666666,1,0.0,24.0,0.0,5.0,1,7.35487993020429,14.5282644745692,16.8775714200622,5385
sttmxluq,wpeer72t,14,13,1,0,1.0,0,1,50.0,50.0,11.0,0.0,1.0,0.75,3.0,-0.45,0,0.0,18.0,0.0,5.0,1,9.07079175282812,15.2098450069864,12.2928746925969,101
sttmxluq,xcxmaiux,15,9,1,0,0.0,0,1,22.0,22.0,30.0,1.0,1.0,0.9166666666666666,6.0,-0.31666666666666665,1,1.0,21.0,0.0,6.0,1,5.74536607212394,14.4738059185499,24.2659454381039,6569
sttmxluq,n2volz6y,15,3,1,0,1.0,0,1,100.0,100.0,25.0,1.0,1.0,1.0,4.0,-0.6,0,1.0,20.0,0.0,9.0,1,7.35487993020429,14.5282644745692,16.8775714200622,5385
sttmxluq,c3wwpc0t,15,10,1,1,1.0,1,1,95.0,100.0,5.0,1.0,0.0,1.0,7.0,-0.30000000000000004,0,1.0,34.0,1.0,7.0,1,-5.93528096088877,15.4765191734232,28.6089312735897,10682
sttmxluq,35y5k6l0,15,8,1,1,0.0,0,0,10.0,10.0,45.0,,0.0,0.0,7.0,0.7,1,0.0,27.0,0.0,11.0,1,8.30613918663683,15.3352032889933,19.2982240105404,11687
sttmxluq,4xfbp12z,15,4,1,1,1.0,1,1,95.0,100.0,25.0,1.0,1.0,1.0,1.0,-0.9,1,0.0,20.0,0.0,10.0,1,14.2517599224379,15.5718949491859,16.9752110267725,10145
sttmxluq,3ryl199y,15,3,1,0,0.0,0,1,100.0,100.0,7.0,1.0,1.0,0.75,3.0,-0.45,0,0.0,21.0,1.0,5.0,1,7.35487993020429,14.5282644745692,16.8775714200622,5385
sttmxluq,po3evo8c,15,11,1,1,1.0,1,1,55.0,57.89473684210526,8.32,1.0,0.0,0.5833333333333334,0.0,-0.5833333333333334,1,0.0,19.0,0.0,8.0,1,-10.6498152440075,15.1659550204512,37.6588629338984,798
sttmxluq,j0eh7gfb,15,3,1,1,1.0,1,1,95.0,100.0,22.0,1.0,1.0,0.9166666666666666,8.0,-0.11666666666666659,0,1.0,23.0,1.0,6.0,1,7.35487993020429,14.5282644745692,16.8775714200622,5385
sttmxluq,ka64k1n6,15,18,1,1,0.0,0,0,34.0,34.0,23.0,,0.0,1.0,2.0,-0.8,1,0.0,22.0,1.0,5.0,1,10.1008360062988,15.3738697895262,17.9942787562462,930
sttmxluq,21cnoldi,15,15,1,1,0.0,0,0,20.0,20.0,16.0,,0.0,0.5,2.0,-0.3,0,0.0,20.0,0.0,5.0,1,-8.78871018746978,14.8851744288267,-0.723989516491677,10420
sttmxluq,t03uzg85,15,8,1,1,1.0,1,1,95.0,100.0,20.0,0.0,0.0,1.0,8.0,-0.19999999999999996,0,0.0,21.0,1.0,8.0,1,8.30613918663683,15.3352032889933,19.2982240105404,11687
sttmxluq,dbhh6m49,15,16,1,0,0.0,0,1,100.0,100.0,23.0,1.0,1.0,0.75,5.0,-0.25,0,0.0,22.0,1.0,5.0,1,-10.7034666037922,15.0827396168302,6.32159774566318,1887
sttmxluq,3egjwhav,15,9,1,0,1.0,0,1,100.0,100.0,25.0,1.0,1.0,0.8333333333333334,6.0,-0.2333333333333334,0,0.0,23.0,1.0,6.0,1,5.74536607212394,14.4738059185499,24.2659454381039,6569
sttmxluq,k8g2ffpj,15,20,1,1,1.0,1,1,5.0,5.2631578947368425,-20.0,1.0,1.0,0.8333333333333334,5.0,-0.33333333333333337,0,0.0,19.0,1.0,7.0,1,-18.5046274258981,15.1098174886843,-8.79848578409706,3851
sttmxluq,2f5fwyda,15,18,1,0,1.0,0,1,100.0,100.0,20.0,1.0,0.0,0.6666666666666666,8.0,0.13333333333333341,1,1.0,22.0,1.0,9.0,1,10.1008360062988,15.3738697895262,17.9942787562462,930
sttmxluq,o4x5xfe8,15,17,1,1,0.0,0,0,50.0,50.0,15.0,,0.0,0.75,5.0,-0.25,0,1.0,18.0,0.0,8.0,1,11.8143050187262,15.4620400803003,22.9090225541578,4521
sttmxluq,idsaip38,15,5,1,1,1.0,1,1,95.0,100.0,5.0,1.0,1.0,0.5833333333333334,5.0,-0.08333333333333337,0,0.0,22.0,1.0,5.0,1,-12.6327970336565,14.7639768809906,-11.0647641062684,3118
sttmxluq,8qgizmra,15,9,1,0,1.0,0,1,78.0,78.0,10.8,0.0,1.0,0.5833333333333334,3.0,-0.2833333333333334,0,1.0,19.0,0.0,6.0,1,5.74536607212394,14.4738059185499,24.2659454381039,6569
sttmxluq,3tss2yvw,15,6,1,0,0.0,0,1,60.0,60.0,17.5,0.0,0.0,1.0,9.0,-0.09999999999999998,0,1.0,22.0,1.0,7.0,1,-11.2220986754594,14.8724659161298,22.4078126217597,1097
sttmxluq,4db0fuew,15,3,1,1,0.0,0,0,100.0,100.0,20.0,,1.0,0.6666666666666666,6.0,-0.06666666666666665,1,0.0,18.0,1.0,7.0,1,7.35487993020429,14.5282644745692,16.8775714200622,5385
sttmxluq,an53cuit,15,19,1,1,1.0,1,1,60.0,63.1578947368421,14.0,0.0,0.0,0.9166666666666666,4.0,-0.5166666666666666,1,0.0,24.0,0.0,5.0,1,8.27693716878569,15.0728085690886,27.2611152781865,4107
sttmxluq,wpeer72t,15,6,1,1,1.0,1,1,70.0,73.6842105263158,10.0,0.0,0.0,0.75,3.0,-0.45,0,0.0,18.0,0.0,5.0,1,-11.2220986754594,14.8724659161298,22.4078126217597,1097
sttmxluq,xcxmaiux,16,5,1,1,0.0,0,0,10.0,10.0,15.0,,1.0,0.9166666666666666,6.0,-0.31666666666666665,1,1.0,21.0,0.0,6.0,1,-12.6327970336565,14.7639768809906,-11.0647641062684,3118
sttmxluq,n2volz6y,16,20,1,1,1.0,1,1,95.0,100.0,-15.0,1.0,1.0,1.0,4.0,-0.6,0,1.0,20.0,0.0,9.0,1,-18.5046274258981,15.1098174886843,-8.79848578409706,3851
sttmxluq,c3wwpc0t,16,11,1,1,1.0,1,1,95.0,100.0,5.0,1.0,0.0,1.0,7.0,-0.30000000000000004,0,1.0,34.0,1.0,7.0,1,-10.6498152440075,15.1659550204512,37.6588629338984,798
sttmxluq,35y5k6l0,16,4,1,0,0.0,0,1,60.0,60.0,15.0,1.0,1.0,0.0,7.0,0.7,1,0.0,27.0,0.0,11.0,1,14.2517599224379,15.5718949491859,16.9752110267725,10145
sttmxluq,4xfbp12z,16,7,1,0,1.0,0,1,0.0,0.0,-10.0,1.0,1.0,1.0,1.0,-0.9,1,0.0,20.0,0.0,10.0,1,-8.69500157023721,15.1796074842736,-4.77007384032043,11983
sttmxluq,3ryl199y,16,19,1,1,0.0,0,0,100.0,100.0,12.0,,0.0,0.75,3.0,-0.45,0,0.0,21.0,1.0,5.0,1,8.27693716878569,15.0728085690886,27.2611152781865,4107
sttmxluq,po3evo8c,16,6,1,0,0.0,0,1,40.0,40.0,8.8,0.0,0.0,0.5833333333333334,0.0,-0.5833333333333334,1,0.0,19.0,0.0,8.0,1,-11.2220986754594,14.8724659161298,22.4078126217597,1097
sttmxluq,j0eh7gfb,16,18,1,0,1.0,0,1,100.0,100.0,23.0,1.0,0.0,0.9166666666666666,8.0,-0.11666666666666659,0,1.0,23.0,1.0,6.0,1,10.1008360062988,15.3738697895262,17.9942787562462,930
sttmxluq,ka64k1n6,16,6,1,0,0.0,0,1,22.0,22.0,22.0,1.0,0.0,1.0,2.0,-0.8,1,0.0,22.0,1.0,5.0,1,-11.2220986754594,14.8724659161298,22.4078126217597,1097
sttmxluq,21cnoldi,16,17,1,0,0.0,0,1,60.0,60.0,19.0,1.0,0.0,0.5,2.0,-0.3,0,0.0,20.0,0.0,5.0,1,11.8143050187262,15.4620400803003,22.9090225541578,4521
sttmxluq,t03uzg85,16,20,1,0,1.0,0,1,0.0,0.0,-10.0,1.0,1.0,1.0,8.0,-0.19999999999999996,0,0.0,21.0,1.0,8.0,1,-18.5046274258981,15.1098174886843,-8.79848578409706,3851
sttmxluq,dbhh6m49,16,15,1,1,1.0,1,1,95.0,100.0,20.0,1.0,0.0,0.75,5.0,-0.25,0,0.0,22.0,1.0,5.0,1,-8.78871018746978,14.8851744288267,-0.723989516491677,10420
sttmxluq,3egjwhav,16,20,1,1,1.0,1,1,0.0,0.0,-5.0,1.0,1.0,0.8333333333333334,6.0,-0.2333333333333334,0,0.0,23.0,1.0,6.0,1,-18.5046274258981,15.1098174886843,-8.79848578409706,3851
sttmxluq,k8g2ffpj,16,19,1,0,0.0,0,1,50.0,50.0,13.0,0.0,0.0,0.8333333333333334,5.0,-0.33333333333333337,0,0.0,19.0,1.0,7.0,1,8.27693716878569,15.0728085690886,27.2611152781865,4107
sttmxluq,2f5fwyda,16,6,1,1,1.0,1,1,5.0,5.2631578947368425,8.0,0.0,0.0,0.6666666666666666,8.0,0.13333333333333341,1,1.0,22.0,1.0,9.0,1,-11.2220986754594,14.8724659161298,22.4078126217597,1097
sttmxluq,o4x5xfe8,16,16,1,0,0.0,0,1,0.0,0.0,-10.0,1.0,1.0,0.75,5.0,-0.25,0,1.0,18.0,0.0,8.0,1,-10.7034666037922,15.0827396168302,6.32159774566318,1887
sttmxluq,idsaip38,16,20,1,1,1.0,1,1,0.0,0.0,-1.0,1.0,1.0,0.5833333333333334,5.0,-0.08333333333333337,0,0.0,22.0,1.0,5.0,1,-18.5046274258981,15.1098174886843,-8.79848578409706,3851
sttmxluq,8qgizmra,16,8,1,1,1.0,1,1,79.0,83.15789473684211,18.97,1.0,0.0,0.5833333333333334,3.0,-0.2833333333333334,0,1.0,19.0,0.0,6.0,1,8.30613918663683,15.3352032889933,19.2982240105404,11687
sttmxluq,3tss2yvw,16,16,1,0,0.0,0,1,0.0,0.0,-0.5,1.0,1.0,1.0,9.0,-0.09999999999999998,0,1.0,22.0,1.0,7.0,1,-10.7034666037922,15.0827396168302,6.32159774566318,1887
sttmxluq,4db0fuew,16,20,1,1,0.0,0,0,0.0,0.0,0.0,,1.0,0.6666666666666666,6.0,-0.06666666666666665,1,0.0,18.0,1.0,7.0,1,-18.5046274258981,15.1098174886843,-8.79848578409706,3851
sttmxluq,an53cuit,16,9,1,0,1.0,0,1,100.0,100.0,17.0,1.0,1.0,0.9166666666666666,4.0,-0.5166666666666666,1,0.0,24.0,0.0,5.0,1,5.74536607212394,14.4738059185499,24.2659454381039,6569
sttmxluq,wpeer72t,16,15,1,1,1.0,1,1,60.0,63.1578947368421,15.0,0.0,0.0,0.75,3.0,-0.45,0,0.0,18.0,0.0,5.0,1,-8.78871018746978,14.8851744288267,-0.723989516491677,10420
sttmxluq,xcxmaiux,17,6,1,1,0.0,0,0,25.0,25.0,30.0,,0.0,0.9166666666666666,6.0,-0.31666666666666665,1,1.0,21.0,0.0,6.0,1,-11.2220986754594,14.8724659161298,22.4078126217597,1097
sttmxluq,n2volz6y,17,10,1,1,1.0,1,1,95.0,100.0,18.0,0.0,0.0,1.0,4.0,-0.6,0,1.0,20.0,0.0,9.0,1,-5.93528096088877,15.4765191734232,28.6089312735897,10682
sttmxluq,c3wwpc0t,17,15,1,1,1.0,1,1,95.0,100.0,10.0,0.0,0.0,1.0,7.0,-0.30000000000000004,0,1.0,34.0,1.0,7.0,1,-8.78871018746978,14.8851744288267,-0.723989516491677,10420
sttmxluq,35y5k6l0,17,3,1,0,0.0,0,1,70.0,70.0,50.0,1.0,1.0,0.0,7.0,0.7,1,0.0,27.0,0.0,11.0,1,7.35487993020429,14.5282644745692,16.8775714200622,5385
sttmxluq,4xfbp12z,17,14,1,0,1.0,0,1,10.0,10.0,-20.0,1.0,0.0,1.0,1.0,-0.9,1,0.0,20.0,0.0,10.0,1,-18.6939033943952,15.2594062687008,5.87642608043333,8378
sttmxluq,3ryl199y,17,11,1,0,0.0,0,1,100.0,100.0,-10.0,0.0,0.0,0.75,3.0,-0.45,0,0.0,21.0,1.0,5.0,1,-10.6498152440075,15.1659550204512,37.6588629338984,798
sttmxluq,po3evo8c,17,12,1,0,1.0,0,1,88.0,88.0,5.57,1.0,1.0,0.5833333333333334,0.0,-0.5833333333333334,1,0.0,19.0,0.0,8.0,1,8.37348426153206,15.5031697191143,30.3829281992374,1434
sttmxluq,j0eh7gfb,17,15,1,0,1.0,0,1,100.0,100.0,5.0,1.0,0.0,0.9166666666666666,8.0,-0.11666666666666659,0,1.0,23.0,1.0,6.0,1,-8.78871018746978,14.8851744288267,-0.723989516491677,10420
sttmxluq,ka64k1n6,17,9,1,0,0.0,0,1,34.0,34.0,17.0,1.0,1.0,1.0,2.0,-0.8,1,0.0,22.0,1.0,5.0,1,5.74536607212394,14.4738059185499,24.2659454381039,6569
sttmxluq,21cnoldi,17,16,1,0,0.0,0,1,10.0,10.0,5.0,1.0,1.0,0.5,2.0,-0.3,0,0.0,20.0,0.0,5.0,1,-10.7034666037922,15.0827396168302,6.32159774566318,1887
sttmxluq,t03uzg85,17,5,1,1,1.0,1,1,0.0,0.0,-5.0,1.0,1.0,1.0,8.0,-0.19999999999999996,0,0.0,21.0,1.0,8.0,1,-12.6327970336565,14.7639768809906,-11.0647641062684,3118
sttmxluq,dbhh6m49,17,12,1,0,0.0,0,1,100.0,100.0,25.0,1.0,1.0,0.75,5.0,-0.25,0,0.0,22.0,1.0,5.0,1,8.37348426153206,15.5031697191143,30.3829281992374,1434
sttmxluq,3egjwhav,17,10,1,1,1.0,1,1,95.0,100.0,15.0,0.0,0.0,0.8333333333333334,6.0,-0.2333333333333334,0,0.0,23.0,1.0,6.0,1,-5.93528096088877,15.4765191734232,28.6089312735897,10682
sttmxluq,k8g2ffpj,17,17,1,1,0.0,0,0,30.0,30.0,15.0,,0.0,0.8333333333333334,5.0,-0.33333333333333337,0,0.0,19.0,1.0,7.0,1,11.8143050187262,15.4620400803003,22.9090225541578,4521
sttmxluq,2f5fwyda,17,7,1,1,1.0,1,1,95.0,100.0,10.0,1.0,1.0,0.6666666666666666,8.0,0.13333333333333341,1,1.0,22.0,1.0,9.0,1,-8.69500157023721,15.1796074842736,-4.77007384032043,11983
sttmxluq,o4x5xfe8,17,4,1,1,0.0,0,0,30.0,30.0,25.0,,1.0,0.75,5.0,-0.25,0,1.0,18.0,0.0,8.0,1,14.2517599224379,15.5718949491859,16.9752110267725,10145
sttmxluq,idsaip38,17,12,1,0,1.0,0,1,100.0,100.0,17.0,1.0,1.0,0.5833333333333334,5.0,-0.08333333333333337,0,0.0,22.0,1.0,5.0,1,8.37348426153206,15.5031697191143,30.3829281992374,1434
sttmxluq,8qgizmra,17,3,1,1,1.0,1,1,55.0,57.89473684210526,16.53,1.0,1.0,0.5833333333333334,3.0,-0.2833333333333334,0,1.0,19.0,0.0,6.0,1,7.35487993020429,14.5282644745692,16.8775714200622,5385
sttmxluq,3tss2yvw,17,9,1,0,1.0,0,1,60.0,60.0,17.5,1.0,1.0,1.0,9.0,-0.09999999999999998,0,1.0,22.0,1.0,7.0,1,5.74536607212394,14.4738059185499,24.2659454381039,6569
sttmxluq,4db0fuew,17,14,1,0,0.0,0,1,100.0,100.0,15.0,0.0,0.0,0.6666666666666666,6.0,-0.06666666666666665,1,0.0,18.0,1.0,7.0,1,-18.6939033943952,15.2594062687008,5.87642608043333,8378
sttmxluq,an53cuit,17,18,1,1,1.0,1,1,30.0,31.57894736842105,12.0,0.0,0.0,0.9166666666666666,4.0,-0.5166666666666666,1,0.0,24.0,0.0,5.0,1,10.1008360062988,15.3738697895262,17.9942787562462,930
sttmxluq,wpeer72t,17,7,1,0,1.0,0,1,0.0,0.0,-15.0,1.0,1.0,0.75,3.0,-0.45,0,0.0,18.0,0.0,5.0,1,-8.69500157023721,15.1796074842736,-4.77007384032043,11983
sttmxluq,xcxmaiux,18,19,1,1,0.0,0,0,5.0,5.0,-4.0,,0.0,0.9166666666666666,6.0,-0.31666666666666665,1,1.0,21.0,0.0,6.0,1,8.27693716878569,15.0728085690886,27.2611152781865,4107
sttmxluq,n2volz6y,18,5,1,1,1.0,1,1,95.0,100.0,8.0,1.0,1.0,1.0,4.0,-0.6,0,1.0,20.0,0.0,9.0,1,-12.6327970336565,14.7639768809906,-11.0647641062684,3118
sttmxluq,c3wwpc0t,18,6,1,0,1.0,0,1,100.0,100.0,5.0,1.0,0.0,1.0,7.0,-0.30000000000000004,0,1.0,34.0,1.0,7.0,1,-11.2220986754594,14.8724659161298,22.4078126217597,1097
sttmxluq,35y5k6l0,18,11,1,1,0.0,0,0,90.0,90.0,50.0,,0.0,0.0,7.0,0.7,1,0.0,27.0,0.0,11.0,1,-10.6498152440075,15.1659550204512,37.6588629338984,798
sttmxluq,4xfbp12z,18,13,1,1,1.0,1,1,95.0,100.0,10.0,1.0,1.0,1.0,1.0,-0.9,1,0.0,20.0,0.0,10.0,1,9.07079175282812,15.2098450069864,12.2928746925969,101
sttmxluq,3ryl199y,18,15,1,0,1.0,0,1,100.0,100.0,15.0,0.0,0.0,0.75,3.0,-0.45,0,0.0,21.0,1.0,5.0,1,-8.78871018746978,14.8851744288267,-0.723989516491677,10420
sttmxluq,po3evo8c,18,5,1,1,1.0,1,1,90.0,94.73684210526316,18.4,1.0,1.0,0.5833333333333334,0.0,-0.5833333333333334,1,0.0,19.0,0.0,8.0,1,-12.6327970336565,14.7639768809906,-11.0647641062684,3118
sttmxluq,j0eh7gfb,18,14,1,1,1.0,1,1,0.0,0.0,-5.0,0.0,0.0,0.9166666666666666,8.0,-0.11666666666666659,0,1.0,23.0,1.0,6.0,1,-18.6939033943952,15.2594062687008,5.87642608043333,8378
sttmxluq,ka64k1n6,18,17,1,1,0.0,0,0,33.0,33.0,28.0,,0.0,1.0,2.0,-0.8,1,0.0,22.0,1.0,5.0,1,11.8143050187262,15.4620400803003,22.9090225541578,4521
sttmxluq,21cnoldi,18,19,1,1,0.0,0,0,20.0,20.0,10.0,,0.0,0.5,2.0,-0.3,0,0.0,20.0,0.0,5.0,1,8.27693716878569,15.0728085690886,27.2611152781865,4107
sttmxluq,t03uzg85,18,16,1,0,1.0,0,1,0.0,0.0,-10.0,1.0,1.0,1.0,8.0,-0.19999999999999996,0,0.0,21.0,1.0,8.0,1,-10.7034666037922,15.0827396168302,6.32159774566318,1887
sttmxluq,dbhh6m49,18,20,1,1,0.0,0,0,100.0,100.0,20.0,,1.0,0.75,5.0,-0.25,0,0.0,22.0,1.0,5.0,1,-18.5046274258981,15.1098174886843,-8.79848578409706,3851
sttmxluq,3egjwhav,18,7,1,0,1.0,0,1,100.0,100.0,7.0,1.0,1.0,0.8333333333333334,6.0,-0.2333333333333334,0,0.0,23.0,1.0,6.0,1,-8.69500157023721,15.1796074842736,-4.77007384032043,11983
sttmxluq,k8g2ffpj,18,4,1,0,1.0,0,1,100.0,100.0,45.0,1.0,1.0,0.8333333333333334,5.0,-0.33333333333333337,0,0.0,19.0,1.0,7.0,1,14.2517599224379,15.5718949491859,16.9752110267725,10145
sttmxluq,2f5fwyda,18,8,1,0,1.0,0,1,100.0,100.0,18.0,1.0,0.0,0.6666666666666666,8.0,0.13333333333333341,1,1.0,22.0,1.0,9.0,1,8.30613918663683,15.3352032889933,19.2982240105404,11687
sttmxluq,o4x5xfe8,18,11,1,0,0.0,0,1,50.0,50.0,30.0,0.0,0.0,0.75,5.0,-0.25,0,1.0,18.0,0.0,8.0,1,-10.6498152440075,15.1659550204512,37.6588629338984,798
sttmxluq,idsaip38,18,7,1,0,1.0,0,1,100.0,100.0,10.0,1.0,1.0,0.5833333333333334,5.0,-0.08333333333333337,0,0.0,22.0,1.0,5.0,1,-8.69500157023721,15.1796074842736,-4.77007384032043,11983
sttmxluq,8qgizmra,18,11,1,1,1.0,1,1,38.0,40.0,-5.3,0.0,0.0,0.5833333333333334,3.0,-0.2833333333333334,0,1.0,19.0,0.0,6.0,1,-10.6498152440075,15.1659550204512,37.6588629338984,798
sttmxluq,3tss2yvw,18,8,1,1,1.0,1,1,30.0,31.57894736842105,12.5,0.0,0.0,1.0,9.0,-0.09999999999999998,0,1.0,22.0,1.0,7.0,1,8.30613918663683,15.3352032889933,19.2982240105404,11687
sttmxluq,4db0fuew,18,19,1,0,0.0,0,1,100.0,100.0,15.0,1.0,0.0,0.6666666666666666,6.0,-0.06666666666666665,1,0.0,18.0,1.0,7.0,1,8.27693716878569,15.0728085690886,27.2611152781865,4107
sttmxluq,an53cuit,18,12,1,1,1.0,1,1,25.0,26.31578947368421,15.0,1.0,1.0,0.9166666666666666,4.0,-0.5166666666666666,1,0.0,24.0,0.0,5.0,1,8.37348426153206,15.5031697191143,30.3829281992374,1434
sttmxluq,wpeer72t,18,20,1,1,1.0,1,1,0.0,0.0,-15.0,1.0,1.0,0.75,3.0,-0.45,0,0.0,18.0,0.0,5.0,1,-18.5046274258981,15.1098174886843,-8.79848578409706,3851
sttmxluq,xcxmaiux,19,8,1,0,0.0,0,1,0.0,0.0,-8.0,0.0,0.0,0.9166666666666666,6.0,-0.31666666666666665,1,1.0,21.0,0.0,6.0,1,8.30613918663683,15.3352032889933,19.2982240105404,11687
sttmxluq,n2volz6y,19,11,1,0,1.0,0,1,100.0,100.0,18.0,0.0,0.0,1.0,4.0,-0.6,0,1.0,20.0,0.0,9.0,1,-10.6498152440075,15.1659550204512,37.6588629338984,798
sttmxluq,c3wwpc0t,19,4,1,1,1.0,1,1,95.0,100.0,20.0,1.0,1.0,1.0,7.0,-0.30000000000000004,0,1.0,34.0,1.0,7.0,1,14.2517599224379,15.5718949491859,16.9752110267725,10145
sttmxluq,35y5k6l0,19,7,1,0,0.0,0,1,50.0,50.0,40.0,1.0,1.0,0.0,7.0,0.7,1,0.0,27.0,0.0,11.0,1,-8.69500157023721,15.1796074842736,-4.77007384032043,11983
sttmxluq,4xfbp12z,19,6,1,0,1.0,0,1,50.0,50.0,-10.0,1.0,0.0,1.0,1.0,-0.9,1,0.0,20.0,0.0,10.0,1,-11.2220986754594,14.8724659161298,22.4078126217597,1097
sttmxluq,3ryl199y,19,18,1,1,1.0,1,1,95.0,100.0,8.0,1.0,0.0,0.75,3.0,-0.45,0,0.0,21.0,1.0,5.0,1,10.1008360062988,15.3738697895262,17.9942787562462,930
sttmxluq,po3evo8c,19,15,1,1,1.0,1,1,95.0,100.0,22.3,0.0,0.0,0.5833333333333334,0.0,-0.5833333333333334,1,0.0,19.0,0.0,8.0,1,-8.78871018746978,14.8851744288267,-0.723989516491677,10420
sttmxluq,j0eh7gfb,19,12,1,1,1.0,1,1,95.0,100.0,18.0,1.0,1.0,0.9166666666666666,8.0,-0.11666666666666659,0,1.0,23.0,1.0,6.0,1,8.37348426153206,15.5031697191143,30.3829281992374,1434
sttmxluq,ka64k1n6,19,5,1,0,0.0,0,1,11.0,11.0,7.0,1.0,1.0,1.0,2.0,-0.8,1,0.0,22.0,1.0,5.0,1,-12.6327970336565,14.7639768809906,-11.0647641062684,3118
sttmxluq,21cnoldi,19,14,1,0,0.0,0,1,20.0,20.0,5.0,1.0,0.0,0.5,2.0,-0.3,0,0.0,20.0,0.0,5.0,1,-18.6939033943952,15.2594062687008,5.87642608043333,8378
sttmxluq,t03uzg85,19,19,1,0,1.0,0,1,100.0,100.0,20.0,0.0,0.0,1.0,8.0,-0.19999999999999996,0,0.0,21.0,1.0,8.0,1,8.27693716878569,15.0728085690886,27.2611152781865,4107
sttmxluq,dbhh6m49,19,19,1,1,0.0,0,0,100.0,100.0,20.0,,0.0,0.75,5.0,-0.25,0,0.0,22.0,1.0,5.0,1,8.27693716878569,15.0728085690886,27.2611152781865,4107
sttmxluq,3egjwhav,19,16,1,1,1.0,1,1,0.0,0.0,-5.0,1.0,1.0,0.8333333333333334,6.0,-0.2333333333333334,0,0.0,23.0,1.0,6.0,1,-10.7034666037922,15.0827396168302,6.32159774566318,1887
sttmxluq,k8g2ffpj,19,13,1,0,1.0,0,1,56.0,56.0,17.5,1.0,1.0,0.8333333333333334,5.0,-0.33333333333333337,0,0.0,19.0,1.0,7.0,1,9.07079175282812,15.2098450069864,12.2928746925969,101
sttmxluq,2f5fwyda,19,3,1,1,1.0,1,1,95.0,100.0,21.0,1.0,1.0,0.6666666666666666,8.0,0.13333333333333341,1,1.0,22.0,1.0,9.0,1,7.35487993020429,14.5282644745692,16.8775714200622,5385
sttmxluq,o4x5xfe8,19,6,1,0,0.0,0,1,100.0,100.0,35.0,0.0,0.0,0.75,5.0,-0.25,0,1.0,18.0,0.0,8.0,1,-11.2220986754594,14.8724659161298,22.4078126217597,1097
sttmxluq,idsaip38,19,15,1,0,1.0,0,1,100.0,100.0,7.0,1.0,0.0,0.5833333333333334,5.0,-0.08333333333333337,0,0.0,22.0,1.0,5.0,1,-8.78871018746978,14.8851744288267,-0.723989516491677,10420
sttmxluq,8qgizmra,19,7,1,1,1.0,1,1,66.0,69.47368421052632,37.58,0.0,1.0,0.5833333333333334,3.0,-0.2833333333333334,0,1.0,19.0,0.0,6.0,1,-8.69500157023721,15.1796074842736,-4.77007384032043,11983
sttmxluq,3tss2yvw,19,18,1,0,1.0,0,1,30.0,30.0,12.5,0.0,0.0,1.0,9.0,-0.09999999999999998,0,1.0,22.0,1.0,7.0,1,10.1008360062988,15.3738697895262,17.9942787562462,930
sttmxluq,4db0fuew,19,13,1,1,0.0,0,0,50.0,50.0,7.0,,1.0,0.6666666666666666,6.0,-0.06666666666666665,1,0.0,18.0,1.0,7.0,1,9.07079175282812,15.2098450069864,12.2928746925969,101
sttmxluq,an53cuit,19,17,1,0,1.0,0,1,95.0,95.0,22.0,0.0,0.0,0.9166666666666666,4.0,-0.5166666666666666,1,0.0,24.0,0.0,5.0,1,11.8143050187262,15.4620400803003,22.9090225541578,4521
sttmxluq,wpeer72t,19,10,1,1,1.0,1,1,60.0,63.1578947368421,15.0,0.0,0.0,0.75,3.0,-0.45,0,0.0,18.0,0.0,5.0,1,-5.93528096088877,15.4765191734232,28.6089312735897,10682
sttmxluq,xcxmaiux,20,11,1,1,0.0,0,0,30.0,30.0,22.0,,0.0,0.9166666666666666,6.0,-0.31666666666666665,1,1.0,21.0,0.0,6.0,1,-10.6498152440075,15.1659550204512,37.6588629338984,798
sttmxluq,n2volz6y,20,9,1,0,1.0,0,1,100.0,100.0,17.0,0.0,1.0,1.0,4.0,-0.6,0,1.0,20.0,0.0,9.0,1,5.74536607212394,14.4738059185499,24.2659454381039,6569
sttmxluq,c3wwpc0t,20,5,1,0,1.0,0,1,0.0,0.0,0.0,1.0,1.0,1.0,7.0,-0.30000000000000004,0,1.0,34.0,1.0,7.0,1,-12.6327970336565,14.7639768809906,-11.0647641062684,3118
sttmxluq,35y5k6l0,20,13,1,1,0.0,0,0,80.0,80.0,50.0,,1.0,0.0,7.0,0.7,1,0.0,27.0,0.0,11.0,1,9.07079175282812,15.2098450069864,12.2928746925969,101
sttmxluq,4xfbp12z,20,17,1,0,1.0,0,1,100.0,100.0,10.0,1.0,0.0,1.0,1.0,-0.9,1,0.0,20.0,0.0,10.0,1,11.8143050187262,15.4620400803003,22.9090225541578,4521
sttmxluq,3ryl199y,20,8,1,0,0.0,0,1,100.0,100.0,12.0,1.0,0.0,0.75,3.0,-0.45,0,0.0,21.0,1.0,5.0,1,8.30613918663683,15.3352032889933,19.2982240105404,11687
sttmxluq,po3evo8c,20,19,1,1,1.0,1,1,95.0,100.0,7.23,0.0,0.0,0.5833333333333334,0.0,-0.5833333333333334,1,0.0,19.0,0.0,8.0,1,8.27693716878569,15.0728085690886,27.2611152781865,4107
sttmxluq,j0eh7gfb,20,17,1,0,1.0,0,1,100.0,100.0,22.0,0.0,0.0,0.9166666666666666,8.0,-0.11666666666666659,0,1.0,23.0,1.0,6.0,1,11.8143050187262,15.4620400803003,22.9090225541578,4521
sttmxluq,ka64k1n6,20,15,1,1,0.0,0,0,22.0,22.0,22.0,,0.0,1.0,2.0,-0.8,1,0.0,22.0,1.0,5.0,1,-8.78871018746978,14.8851744288267,-0.723989516491677,10420
sttmxluq,21cnoldi,20,10,1,1,0.0,0,0,25.0,25.0,17.0,,0.0,0.5,2.0,-0.3,0,0.0,20.0,0.0,5.0,1,-5.93528096088877,15.4765191734232,28.6089312735897,10682
sttmxluq,t03uzg85,20,18,1,1,1.0,1,1,50.0,52.63157894736842,20.0,0.0,0.0,1.0,8.0,-0.19999999999999996,0,0.0,21.0,1.0,8.0,1,10.1008360062988,15.3738697895262,17.9942787562462,930
sttmxluq,dbhh6m49,20,4,1,1,0.0,0,0,100.0,100.0,20.0,,1.0,0.75,5.0,-0.25,0,0.0,22.0,1.0,5.0,1,14.2517599224379,15.5718949491859,16.9752110267725,10145
sttmxluq,3egjwhav,20,15,1,0,1.0,0,1,100.0,100.0,15.0,0.0,0.0,0.8333333333333334,6.0,-0.2333333333333334,0,0.0,23.0,1.0,6.0,1,-8.78871018746978,14.8851744288267,-0.723989516491677,10420
sttmxluq,k8g2ffpj,20,5,1,1,1.0,1,1,5.0,5.2631578947368425,-10.0,0.0,1.0,0.8333333333333334,5.0,-0.33333333333333337,0,0.0,19.0,1.0,7.0,1,-12.6327970336565,14.7639768809906,-11.0647641062684,3118
sttmxluq,2f5fwyda,20,16,1,0,1.0,0,1,100.0,100.0,5.0,1.0,1.0,0.6666666666666666,8.0,0.13333333333333341,1,1.0,22.0,1.0,9.0,1,-10.7034666037922,15.0827396168302,6.32159774566318,1887
sttmxluq,o4x5xfe8,20,14,1,1,0.0,0,0,100.0,100.0,40.0,,0.0,0.75,5.0,-0.25,0,1.0,18.0,0.0,8.0,1,-18.6939033943952,15.2594062687008,5.87642608043333,8378
sttmxluq,idsaip38,20,6,1,1,1.0,1,1,95.0,100.0,5.0,1.0,0.0,0.5833333333333334,5.0,-0.08333333333333337,0,0.0,22.0,1.0,5.0,1,-11.2220986754594,14.8724659161298,22.4078126217597,1097
sttmxluq,8qgizmra,20,16,1,0,1.0,0,1,45.0,45.0,-17.6,1.0,1.0,0.5833333333333334,3.0,-0.2833333333333334,0,1.0,19.0,0.0,6.0,1,-10.7034666037922,15.0827396168302,6.32159774566318,1887
sttmxluq,3tss2yvw,20,10,1,1,1.0,1,1,50.0,52.63157894736842,10.0,0.0,0.0,1.0,9.0,-0.09999999999999998,0,1.0,22.0,1.0,7.0,1,-5.93528096088877,15.4765191734232,28.6089312735897,10682
sttmxluq,4db0fuew,20,18,1,0,0.0,0,1,50.0,50.0,6.0,0.0,0.0,0.6666666666666666,6.0,-0.06666666666666665,1,0.0,18.0,1.0,7.0,1,10.1008360062988,15.3738697895262,17.9942787562462,930
sttmxluq,an53cuit,20,7,1,0,1.0,0,1,60.0,60.0,9.0,1.0,1.0,0.9166666666666666,4.0,-0.5166666666666666,1,0.0,24.0,0.0,5.0,1,-8.69500157023721,15.1796074842736,-4.77007384032043,11983
sttmxluq,wpeer72t,20,16,1,0,1.0,0,1,0.0,0.0,-15.0,1.0,1.0,0.75,3.0,-0.45,0,0.0,18.0,0.0,5.0,1,-10.7034666037922,15.0827396168302,6.32159774566318,1887
