participant.id_in_session,participant.code,participant.label,participant._is_bot,participant._index_in_pages,participant._max_page_index,participant._current_app_name,participant._current_page_name,participant.time_started_utc,participant.visited,participant.mturk_worker_id,participant.mturk_assignment_id,participant.payoff,player.id_in_group,player.role,player.payoff,player.consent,player.condition,player.user_agent_browser,player.user_agent_browser_version,player.user_agent_os,player.user_agent_os_version,player.user_agent_device,player.user_agent_is_bot,player.user_agent_is_mobile,player.user_agent_is_tablet,player.user_agent_is_pc,player.attention_check,player.attention_check_passed,player.q1,player.q2,player.q3,player.q4,player.q5,player.q6,player.self_assesment,session.code,session.label,session.mturk_HITId,session.mturk_HITGroupId,session.comment,session.is_demo
1,39286x4x,,0,0,51,,,,0,,,0.0,1,,0.0,,control,,,,,,,,,,,,,,,,,,,n6kd31jj,,,,,1
1,wuytu5vq,5c2b9ce5b337310001996c05,0,51,51,post_exp,FinalForProlific,2026-01-21 17:16:04.922847,1,,,121.02,1,,0.0,1,control,Chrome,144.0.0,Windows,10,Other,0,0,0,1,third_option,1,,,,,,,7,sskpoqqf,,,,,0
2,4vz1bbvv,66758888b7b775b5c2d18658,0,51,51,post_exp,FinalForProlific,2026-01-21 17:27:07.182980,1,,,107.59,2,,0.0,1,treatment,Chrome,143.0.0,Windows,10,Other,0,0,0,1,third_option,1,,,,,,,5,sskpoqqf,,,,,0
3,md5qafxx,67eec9e200be02ad51843d9b,0,51,51,post_exp,FinalForProlific,2026-01-21 17:27:35.456070,1,,,111.02,3,,0.0,1,treatment,Chrome,143.0.0,Windows,10,Other,0,0,0,1,third_option,1,,,,,,,4,sskpoqqf,,,,,0
4,7iyqmsf6,,0,0,51,,,,0,,,0.0,4,,0.0,,treatment,,,,,,,,,,,,,,,,,,,sskpoqqf,,,,,0
5,kjkt8iq1,,0,0,51,,,,0,,,0.0,5,,0.0,,control,,,,,,,,,,,,,,,,,,,sskpoqqf,,,,,0
6,5lmyjvt3,,0,0,51,,,,0,,,0.0,6,,0.0,,treatment,,,,,,,,,,,,,,,,,,,sskpoqqf,,,,,0
7,1x0g81wa,,0,0,51,,,,0,,,0.0,7,,0.0,,treatment,,,,,,,,,,,,,,,,,,,sskpoqqf,,,,,0
8,k1cf9vy0,,0,0,51,,,,0,,,0.0,8,,0.0,,treatment,,,,,,,,,,,,,,,,,,,sskpoqqf,,,,,0
9,8rzz0t2j,,0,0,51,,,,0,,,0.0,9,,0.0,,control,,,,,,,,,,,,,,,,,,,sskpoqqf,,,,,0
10,31ndjom1,,0,0,51,,,,0,,,0.0,10,,0.0,,treatment,,,,,,,,,,,,,,,,,,,sskpoqqf,,,,,0
11,vp9kvvvp,,0,0,51,,,,0,,,0.0,11,,0.0,,treatment,,,,,,,,,,,,,,,,,,,sskpoqqf,,,,,0
12,ynz7qt4f,,0,0,51,,,,0,,,0.0,12,,0.0,,treatment,,,,,,,,,,,,,,,,,,,sskpoqqf,,,,,0
13,9jx6s432,,0,0,51,,,,0,,,0.0,13,,0.0,,control,,,,,,,,,,,,,,,,,,,sskpoqqf,,,,,0
14,8agvnqmv,,0,0,51,,,,0,,,0.0,14,,0.0,,treatment,,,,,,,,,,,,,,,,,,,sskpoqqf,,,,,0
15,jksnxnss,,0,0,51,,,,0,,,0.0,15,,0.0,,treatment,,,,,,,,,,,,,,,,,,,sskpoqqf,,,,,0
16,1kvf1ona,,0,0,51,,,,0,,,0.0,16,,0.0,,treatment,,,,,,,,,,,,,,,,,,,sskpoqqf,,,,,0
17,2y071hqk,,0,0,51,,,,0,,,0.0,17,,0.0,,control,,,,,,,,,,,,,,,,,,,sskpoqqf,,,,,0
18,9bi4n66c,,0,0,51,,,,0,,,0.0,18,,0.0,,treatment,,,,,,,,,,,,,,,,,,,sskpoqqf,,,,,0
19,fq40lrs2,,0,0,51,,,,0,,,0.0,19,,0.0,,treatment,,,,,,,,,,,,,,,,,,,sskpoqqf,,,,,0
20,wf504y3f,,0,0,51,,,,0,,,0.0,20,,0.0,,treatment,,,,,,,,,,,,,,,,,,,sskpoqqf,,,,,0
21,eo8o4cn6,,0,0,51,,,,0,,,0.0,21,,0.0,,control,,,,,,,,,,,,,,,,,,,sskpoqqf,,,,,0
22,23aohpao,,0,0,51,,,,0,,,0.0,22,,0.0,,treatment,,,,,,,,,,,,,,,,,,,sskpoqqf,,,,,0
23,nr0mq23u,,0,0,51,,,,0,,,0.0,23,,0.0,,treatment,,,,,,,,,,,,,,,,,,,sskpoqqf,,,,,0
24,j1q0mpoo,,0,0,51,,,,0,,,0.0,24,,0.0,,treatment,,,,,,,,,,,,,,,,,,,sskpoqqf,,,,,0
25,eoc6xcm5,,0,0,51,,,,0,,,0.0,25,,0.0,,control,,,,,,,,,,,,,,,,,,,sskpoqqf,,,,,0
26,4dtlhndd,,0,0,51,,,,0,,,0.0,26,,0.0,,treatment,,,,,,,,,,,,,,,,,,,sskpoqqf,,,,,0
27,nrfsebvw,,0,0,51,,,,0,,,0.0,27,,0.0,,treatment,,,,,,,,,,,,,,,,,,,sskpoqqf,,,,,0
28,jb4tchyt,,0,0,51,,,,0,,,0.0,28,,0.0,,treatment,,,,,,,,,,,,,,,,,,,sskpoqqf,,,,,0
29,lun0sn3g,,0,0,51,,,,0,,,0.0,29,,0.0,,control,,,,,,,,,,,,,,,,,,,sskpoqqf,,,,,0
30,e6z8sm38,,0,0,51,,,,0,,,0.0,30,,0.0,,treatment,,,,,,,,,,,,,,,,,,,sskpoqqf,,,,,0
1,ucfi2ipq,,0,3,51,intro,comprehensionQuestions,2026-01-21 17:31:00.378730,1,,,0.0,1,,0.0,1,control,Edge,143.0.0,Mac OS X,10.15.7,Mac,0,0,0,1,,,,,,,,,,w3iy07zl,,,,,1
1,t6nfv5tc,,0,1,4,intro,Consent,2026-01-21 17:53:33.386718,1,,,0.0,1,,0.0,,control,Edge,143.0.0,Mac OS X,10.15.7,Mac,0,0,0,1,,,,,,,,,,63fp2jtm,,,,,1
1,7zwj4qvb,,0,0,4,,,,0,,,0.0,1,,0.0,,control,,,,,,,,,,,,,,,,,,,xf36xqac,,,,,1
1,2etlxb88,,0,2,4,intro,Instructions,2026-01-21 18:11:12.159062,1,,,0.0,1,,0.0,1,control,Edge,143.0.0,Mac OS X,10.15.7,Mac,0,0,0,1,,,,,,,,,,upuc3vod,,,,,1
1,v997vgi1,62c08fa6cab36e3a08790b49,0,51,51,post_exp,FinalForProlific,2026-01-21 18:27:46.916161,1,,,115.22,1,,0.0,1,control,Edge,143.0.0,Windows,10,Other,0,0,0,1,third_option,1,,,,,,,9,tmjewif2,,,,,0
2,alx03mq1,65293fa9b73b0edd4fd93b95,0,3,51,intro,comprehensionQuestions,2026-01-21 18:27:55.138428,1,,,0.0,2,,0.0,1,treatment,Chrome,143.0.0,Mac OS X,10.15.7,Mac,0,0,0,1,,,,,,,,,,tmjewif2,,,,,0
3,bliuy10b,5b9dd07de671c60001226b79,0,51,51,post_exp,FinalForProlific,2026-01-21 18:27:55.747910,1,,,119.39,3,,0.0,1,treatment,Firefox,147.0,Windows,10,Other,0,0,0,1,third_option,1,,,,,,,1,tmjewif2,,,,,0
4,2gx4jb4v,615ddab1e4f013092538b6c5,0,51,51,post_exp,FinalForProlific,2026-01-21 18:27:58.494245,1,,,110.47,4,,0.0,1,treatment,Chrome,143.0.0,Windows,10,Other,0,0,0,1,third_option,1,,,,,,,1,tmjewif2,,,,,0
5,coqlio50,558b20eefdf99b7dfdbac3c9,0,51,51,post_exp,FinalForProlific,2026-01-21 18:28:01.983249,1,,,123.18,5,,0.0,1,control,Edge,144.0.0,Windows,10,Other,0,0,0,1,third_option,1,,,,,,,5,tmjewif2,,,,,0
6,3pvb71bc,631c8e97db06f601f81bd82f,0,10,51,main,RoundFeedback,2026-01-21 18:28:02.203785,1,,,0.0,6,,0.0,1,treatment,Chrome,144.0.0,Windows,10,Other,0,0,0,1,third_option,1,,,,,,,7,tmjewif2,,,,,0
7,kjm1jsmv,66231fc6e1ecba676935943a,0,51,51,post_exp,FinalForProlific,2026-01-21 18:28:29.003607,1,,,129.41,7,,0.0,1,treatment,Chrome,143.0.0,Windows,10,Other,0,0,0,1,third_option,1,,,,,,,5,tmjewif2,,,,,0
8,k525s4y1,558fd02cfdf99b39cb035e5d,0,51,51,post_exp,FinalForProlific,2026-01-21 18:28:29.073263,1,,,111.15,8,,0.0,1,treatment,Firefox,140.0,Windows,10,Other,0,0,0,1,third_option,1,,,,,,,3,tmjewif2,,,,,0
9,5bwn9zov,628409abe8772d1f138b7f14,0,51,51,post_exp,FinalForProlific,2026-01-21 18:28:31.331280,1,,,115.68,9,,0.0,1,control,Chrome,143.0.0,Windows,10,Other,0,0,0,1,third_option,1,,,,,,,1,tmjewif2,,,,,0
10,3rtj3la4,60e9e8092cfc1f464753dd71,0,3,51,intro,comprehensionQuestions,2026-01-21 18:28:37.693097,1,,,0.0,10,,0.0,1,treatment,Chrome,143.0.0,Windows,10,Other,0,0,0,1,,,,,,,,,,tmjewif2,,,,,0
11,1qa1nhqq,6143af8721d1445864c4f6c8,0,51,51,post_exp,FinalForProlific,2026-01-21 18:28:41.787507,1,,,105.57,11,,0.0,1,treatment,Chrome,144.0.0,Windows,10,Other,0,0,0,1,third_option,1,,,,,,,5,tmjewif2,,,,,0
12,5gioryag,6632d4093ebf44b7fb54bd8b,0,51,51,post_exp,FinalForProlific,2026-01-21 18:28:42.051410,1,,,111.21,12,,0.0,1,treatment,Chrome,143.0.0,Windows,10,Other,0,0,0,1,third_option,1,,,,,,,8,tmjewif2,,,,,0
13,fa4pdqvw,63ea974c81ff0fffe7fb8613,0,51,51,post_exp,FinalForProlific,2026-01-21 18:28:46.679048,1,,,114.19,13,,0.0,1,control,Chrome,143.0.0,Windows,10,Other,0,0,0,1,third_option,1,,,,,,,3,tmjewif2,,,,,0
14,a95u6sx6,5e34325430e5263f0bebb32d,0,51,51,post_exp,FinalForProlific,2026-01-21 18:28:52.056611,1,,,122.57,14,,0.0,1,treatment,Chrome,143.0.0,Windows,10,Other,0,0,0,1,third_option,1,,,,,,,3,tmjewif2,,,,,0
15,q0qbtunr,5bf0b1ecaf38d100016bd609,0,51,51,post_exp,FinalForProlific,2026-01-21 18:28:52.134965,1,,,101.57,15,,0.0,1,treatment,Chrome,144.0.0,Windows,10,Other,0,0,0,1,third_option,1,,,,,,,2,tmjewif2,,,,,0
16,heq5owm7,66ccdd9f6b12c6ea6fa01f42,0,51,51,post_exp,FinalForProlific,2026-01-21 18:29:02.465969,1,,,109.63,16,,0.0,1,treatment,Mobile Safari,18.6,iOS,18.6,iPhone,0,1,0,0,third_option,1,,,,,,,9,tmjewif2,,,,,0
17,kt4u5wwc,5ca88c7900dbf0000127c5d5,0,51,51,post_exp,FinalForProlific,2026-01-21 18:29:04.299088,1,,,108.1,17,,0.0,1,control,Chrome,143.0.0,Chrome OS,14541.0.0,Other,0,0,0,1,third_option,1,,,,,,,4,tmjewif2,,,,,0
18,1unfbo35,69656179c7366441eedddaff,0,51,51,post_exp,FinalForProlific,2026-01-21 18:29:09.450416,1,,,109.67,18,,0.0,1,treatment,Edge,144.0.0,Windows,10,Other,0,0,0,1,third_option,1,,,,,,,0,tmjewif2,,,,,0
19,midqpzqw,695bd138312a5272042a8db4,0,3,51,intro,comprehensionQuestions,2026-01-21 18:29:11.589800,1,,,0.0,19,,0.0,1,treatment,Edge,143.0.0,Windows,10,Other,0,0,0,1,,,,,,,,,,tmjewif2,,,,,0
20,y9wbg29j,682c3f62f2680e9a67130379,0,51,51,post_exp,FinalForProlific,2026-01-21 18:29:13.647489,1,,,119.7,20,,0.0,1,treatment,Chrome,142.0.0,Windows,10,Other,0,0,0,1,third_option,1,,,,,,,8,tmjewif2,,,,,0
21,t9ppkxp2,5d1e2045a37a4d001a1fc2cb,0,51,51,post_exp,FinalForProlific,2026-01-21 18:29:13.751858,1,,,131.93,21,,0.0,1,control,Chrome,144.0.0,Windows,10,Other,0,0,0,1,third_option,1,,,,,,,5,tmjewif2,,,,,0
22,u9xki4ge,67168dec9c8bbf36f6db6cdd,0,3,51,intro,comprehensionQuestions,2026-01-21 18:29:18.660117,1,,,0.0,22,,0.0,1,treatment,Chrome,143.0.0,Windows,10,Other,0,0,0,1,,,,,,,,,,tmjewif2,,,,,0
23,8qlp6kaa,6405feae7d6321bfaaf793e8,0,51,51,post_exp,FinalForProlific,2026-01-21 18:29:21.754473,1,,,108.34,23,,0.0,1,treatment,Chrome,141.0.0,Chrome OS,14541.0.0,Other,0,0,0,1,third_option,1,,,,,,,3,tmjewif2,,,,,0
24,6aaukbt6,67e40bab848c22a30914c34c,0,51,51,post_exp,FinalForProlific,2026-01-21 18:29:25.316012,1,,,121.3,24,,0.0,1,treatment,Chrome,143.0.0,Windows,10,Other,0,0,0,1,third_option,1,,,,,,,6,tmjewif2,,,,,0
25,xznbvtch,67dd46602623d4bf857f7fa2,0,51,51,post_exp,FinalForProlific,2026-01-21 18:29:28.080079,1,,,110.57,25,,0.0,1,control,Chrome,143.0.0,Windows,10,Other,0,0,0,1,third_option,1,,,,,,,7,tmjewif2,,,,,0
26,rgowgt6c,6772a5c5190112e5dcbf6394,0,51,51,post_exp,FinalForProlific,2026-01-21 18:29:32.219161,1,,,101.91,26,,0.0,1,treatment,Chrome,144.0.0,Windows,10,Other,0,0,0,1,third_option,1,,,,,,,7,tmjewif2,,,,,0
27,7yyll8ex,64b3ebc9ad6778799f835dcb,0,3,51,intro,comprehensionQuestions,2026-01-21 18:29:37.879310,1,,,0.0,27,,0.0,1,treatment,Chrome,143.0.0,Windows,10,Other,0,0,0,1,,,,,,,,,,tmjewif2,,,,,0
28,jy9x2g86,667992b506b5fb5504eb23e0,0,51,51,post_exp,FinalForProlific,2026-01-21 18:29:38.136201,1,,,103.24,28,,0.0,1,treatment,AVG,143.0.0,Windows,10,Other,0,0,0,1,third_option,1,,,,,,,5,tmjewif2,,,,,0
29,4wfozxxv,67cc84a7ad8328b8bae14416,0,51,51,post_exp,FinalForProlific,2026-01-21 18:29:43.788818,1,,,132.47,29,,0.0,1,control,Chrome,144.0.0,Windows,10,Other,0,0,0,1,third_option,1,,,,,,,6,tmjewif2,,,,,0
30,6gv4c3tx,5bd893be30bfa90001efc6ce,0,51,51,post_exp,FinalForProlific,2026-01-21 18:29:44.420607,1,,,104.1,30,,0.0,1,treatment,Edge,144.0.0,Windows,10,Other,0,0,0,1,third_option,1,,,,,,,5,tmjewif2,,,,,0
31,keflr89f,5d5035c5d87393001af70561,0,3,51,intro,comprehensionQuestions,2026-01-21 18:29:47.064688,1,,,0.0,31,,0.0,1,treatment,Safari,18.6,Mac OS X,10.15.7,Mac,0,0,0,1,,,,,,,,,,tmjewif2,,,,,0
32,gmviqlp7,5ed559e5afbd830e2117ed55,0,51,51,post_exp,FinalForProlific,2026-01-21 18:29:50.041695,1,,,107.6,32,,0.0,1,treatment,Chrome,136.0.0,Windows,10,Other,0,0,0,1,third_option,1,,,,,,,8,tmjewif2,,,,,0
33,vrh8dbar,6153b5513ccada2d35fae508,0,51,51,post_exp,FinalForProlific,2026-01-21 18:29:57.242158,1,,,117.68,33,,0.0,1,control,Chrome,143.0.0,Mac OS X,10.15.7,Mac,0,0,0,1,third_option,1,,,,,,,7,tmjewif2,,,,,0
34,8494ap3s,663a7dc83986ee24fb6ec0e6,0,6,51,main,Trade,2026-01-21 18:30:02.305344,1,,,0.0,34,,0.0,1,treatment,Chrome,143.0.0,Windows,10,Other,0,0,0,1,third_option,1,,,,,,,3,tmjewif2,,,,,0
35,xtmecw72,628f7e982aad1788d940317a,0,51,51,post_exp,FinalForProlific,2026-01-21 18:30:02.655064,1,,,118.76,35,,0.0,1,treatment,Chrome,143.0.0,Windows,10,Other,0,0,0,1,third_option,1,,,,,,,5,tmjewif2,,,,,0
36,gip7erkx,580cab86b869700001d71628,0,51,51,post_exp,FinalForProlific,2026-01-21 18:30:04.320710,1,,,103.69,36,,0.0,1,treatment,Chrome,143.0.0,Mac OS X,10.15.7,Mac,0,0,0,1,third_option,1,,,,,,,3,tmjewif2,,,,,0
37,mtz78m2q,612274842d4805447451f87b,0,2,51,intro,Instructions,2026-01-21 18:30:08.408885,1,,,0.0,37,,0.0,1,control,Edge,144.0.0,Windows,10,Other,0,0,0,1,,,,,,,,,,tmjewif2,,,,,0
38,rew5bazw,65ccfdf16bdcab83d5bd1163,0,51,51,post_exp,FinalForProlific,2026-01-21 18:30:17.250101,1,,,110.68,38,,0.0,1,treatment,Chrome,143.0.0,Windows,10,Other,0,0,0,1,third_option,1,,,,,,,6,tmjewif2,,,,,0
39,ijutr2ra,5f1231fe9e2ee916995196d8,0,51,51,post_exp,FinalForProlific,2026-01-21 18:30:19.014340,1,,,113.4,39,,0.0,1,treatment,Chrome,143.0.0,Mac OS X,10.15.7,Mac,0,0,0,1,third_option,1,,,,,,,7,tmjewif2,,,,,0
40,s5lqrsu6,67104c7deff954cb22438402,0,51,51,post_exp,FinalForProlific,2026-01-21 18:30:21.977490,1,,,104.24,40,,0.0,1,treatment,Chrome,143.0.0,Windows,10,Other,0,0,0,1,third_option,1,,,,,,,2,tmjewif2,,,,,0
41,b3yjsxv6,5f888f1504ea37030833e9ec,0,51,51,post_exp,FinalForProlific,2026-01-21 18:30:24.179765,1,,,110.12,41,,0.0,1,control,Chrome Mobile,130.0.0,Android,10,K,0,1,0,0,third_option,1,,,,,,,6,tmjewif2,,,,,0
42,7lce2omx,5f285dc5b09b3715fa20a14c,0,51,51,post_exp,FinalForProlific,2026-01-21 18:30:28.935600,1,,,107.75,42,,0.0,1,treatment,Chrome,143.0.0,Chrome OS,14541.0.0,Other,0,0,0,1,third_option,1,,,,,,,6,tmjewif2,,,,,0
43,uvmxz2a3,63bcf141136313265f65eec9,0,18,51,main,Trade,2026-01-21 18:30:32.911123,1,,,195.35,43,,0.0,1,treatment,Edge,144.0.0,Windows,10,Other,0,0,0,1,third_option,1,,,,,,,5,tmjewif2,,,,,0
44,7fs1b8t0,66c448b8329f5db8fac65743,0,51,51,post_exp,FinalForProlific,2026-01-21 18:30:33.431072,1,,,118.56,44,,0.0,1,treatment,Chrome,143.0.0,Windows,10,Other,0,0,0,1,third_option,1,,,,,,,2,tmjewif2,,,,,0
45,pn8v7dbu,5c3272172f0f3500010284c0,0,49,51,post_exp,Demographics,2026-01-21 18:30:42.249372,1,,,1229.2,45,,0.0,1,control,Mobile Safari,18.6,iOS,18.6.2,iPhone,0,1,0,0,third_option,1,,,,,,,5,tmjewif2,,,,,0
46,xuawuf4c,5bef41fa54277d000114d6ad,0,51,51,post_exp,FinalForProlific,2026-01-21 18:30:43.961325,1,,,124.39,46,,0.0,1,treatment,Chrome,144.0.0,Windows,10,Other,0,0,0,1,third_option,1,,,,,,,9,tmjewif2,,,,,0
47,yd83pj82,63fa78f21e485a372c6528fa,0,51,51,post_exp,FinalForProlific,2026-01-21 18:30:47.362326,1,,,115.69,47,,0.0,1,treatment,Firefox,146.0,Linux,,Other,0,0,0,1,third_option,1,,,,,,,6,tmjewif2,,,,,0
48,q8iewwhn,60f5f8769fc9289a9e518129,0,51,51,post_exp,FinalForProlific,2026-01-21 18:30:48.304869,1,,,101.5,48,,0.0,1,treatment,Chrome,143.0.0,Windows,10,Other,0,0,0,1,third_option,1,,,,,,,2,tmjewif2,,,,,0
49,i976mpmp,5a81a9f0ae9a0b0001a9c63a,0,51,51,post_exp,FinalForProlific,2026-01-21 18:30:52.861262,1,,,116.06,49,,0.0,1,control,Chrome,143.0.0,Windows,10,Other,0,0,0,1,third_option,1,,,,,,,7,tmjewif2,,,,,0
50,wv4h8voh,673d23b251f56d0010aa50ee,0,2,51,intro,Instructions,2026-01-21 18:30:54.775850,1,,,0.0,50,,0.0,1,treatment,Chrome,143.0.0,Windows,10,Other,0,0,0,1,,,,,,,,,,tmjewif2,,,,,0
51,dg42tx9o,67aa80c774c81448a3876d15,0,51,51,post_exp,FinalForProlific,2026-01-21 18:30:55.766626,1,,,112.77,51,,0.0,1,treatment,Chrome,134.0.0,Windows,10,Other,0,0,0,1,third_option,1,,,,,,,8,tmjewif2,,,,,0
52,vpg4wik9,5ccb779b2c4e1f00159333ea,0,51,51,post_exp,FinalForProlific,2026-01-21 18:31:04.069728,1,,,109.0,52,,0.0,1,treatment,Chrome,86.0.4240,Windows,Vista,Other,0,0,0,1,third_option,1,,,,,,,10,tmjewif2,,,,,0
53,s780h89n,67315dcc43ac48fdabffd21f,0,51,51,post_exp,FinalForProlific,2026-01-21 18:31:04.461936,1,,,111.11,53,,0.0,1,control,Edge,143.0.0,Windows,10,Other,0,0,0,1,third_option,1,,,,,,,6,tmjewif2,,,,,0
54,qivkceq7,583ec287ad2f4300014b355a,0,51,51,post_exp,FinalForProlific,2026-01-21 18:31:04.551206,1,,,127.81,54,,0.0,1,treatment,Edge,144.0.0,Windows,10,Other,0,0,0,1,third_option,1,,,,,,,8,tmjewif2,,,,,0
55,3zi5zk4s,5d510396f6725b001a4fc025,0,51,51,post_exp,FinalForProlific,2026-01-21 18:31:08.709014,1,,,103.47,55,,0.0,1,treatment,Chrome,138.0.0,Mac OS X,10.15.7,Mac,0,0,0,1,third_option,1,,,,,,,4,tmjewif2,,,,,0
56,p5u2jyy9,629082739390703f993b12bd,0,51,51,post_exp,FinalForProlific,2026-01-21 18:31:09.886912,1,,,103.24,56,,0.0,1,treatment,Chrome,144.0.0,Windows,10,Other,0,0,0,1,third_option,1,,,,,,,5,tmjewif2,,,,,0
57,px17eg8f,6727de1d76e80949064e1d6d,0,51,51,post_exp,FinalForProlific,2026-01-21 18:31:16.009100,1,,,118.27,57,,0.0,1,control,Chrome,144.0.0,Windows,10,Other,0,0,0,1,third_option,1,,,,,,,2,tmjewif2,,,,,0
58,nxi2y8la,601e1f4d93660626a8747349,0,51,51,post_exp,FinalForProlific,2026-01-21 18:31:17.910412,1,,,122.64,58,,0.0,1,treatment,Chrome,144.0.0,Windows,10,Other,0,0,0,1,third_option,1,,,,,,,5,tmjewif2,,,,,0
59,hcl4o211,60fef46ad3fef7593e28ead4,0,51,51,post_exp,FinalForProlific,2026-01-21 18:31:34.037218,1,,,119.77,59,,0.0,1,treatment,Chrome,143.0.0,Windows,10,Other,0,0,0,1,third_option,1,,,,,,,2,tmjewif2,,,,,0
60,rgyhh3w7,653703627539f3a8b2ed4af3,0,51,51,post_exp,FinalForProlific,2026-01-21 18:31:36.509560,1,,,111.6,60,,0.0,1,treatment,Chrome,143.0.0,Windows,10,Other,0,0,0,1,third_option,1,,,,,,,7,tmjewif2,,,,,0
61,rsn04j9v,5f4738bfa043201203a27b4b,0,51,51,post_exp,FinalForProlific,2026-01-21 18:31:37.351383,1,,,111.34,61,,0.0,1,control,Chrome,143.0.0,Mac OS X,10.15.7,Mac,0,0,0,1,third_option,1,,,,,,,7,tmjewif2,,,,,0
62,az6mgt49,66ab42bef7dd185ce15464eb,0,51,51,post_exp,FinalForProlific,2026-01-21 18:31:41.837564,1,,,136.0,62,,0.0,1,treatment,Chrome,143.0.0,Mac OS X,10.15.7,Mac,0,0,0,1,third_option,1,,,,,,,5,tmjewif2,,,,,0
63,d5ck1thi,63a9a8f2f098b7e45bd03721,0,51,51,post_exp,FinalForProlific,2026-01-21 18:31:44.015695,1,,,113.28,63,,0.0,1,treatment,Chrome,143.0.0,Windows,10,Other,0,0,0,1,third_option,1,,,,,,,10,tmjewif2,,,,,0
64,qpyt14a2,695fb1da6e327fe339eb9cc1,0,51,51,post_exp,FinalForProlific,2026-01-21 18:32:00.697416,1,,,104.96,64,,0.0,1,treatment,Chrome,143.0.0,Windows,10,Other,0,0,0,1,third_option,1,,,,,,,4,tmjewif2,,,,,0
65,bqq62xiu,663aa6420a964c2a7740b9d7,0,51,51,post_exp,FinalForProlific,2026-01-21 18:32:13.034483,1,,,123.49,65,,0.0,1,control,Chrome,143.0.0,Windows,10,Other,0,0,0,1,third_option,1,,,,,,,4,tmjewif2,,,,,0
66,vf7xjaij,617452347986aeaf4d2e5278,0,51,51,post_exp,FinalForProlific,2026-01-21 18:32:12.880168,1,,,105.86,66,,0.0,1,treatment,Chrome,143.0.0,Windows,10,Other,0,0,0,1,third_option,1,,,,,,,4,tmjewif2,,,,,0
67,5si5g0m6,62cd9b920ed1b7c1648818d3,0,6,51,main,Trade,2026-01-21 18:32:15.109785,1,,,0.0,67,,0.0,1,treatment,Chrome,143.0.0,Windows,10,Other,0,0,0,1,third_option,1,,,,,,,2,tmjewif2,,,,,0
68,9hri5shg,6945491b5ec817e79ef29cdd,0,51,51,post_exp,FinalForProlific,2026-01-21 18:32:17.218071,1,,,105.99,68,,0.0,1,treatment,Chrome,143.0.0,Windows,10,Other,0,0,0,1,third_option,1,,,,,,,6,tmjewif2,,,,,0
69,8sg8ooga,5d53bffa147a7d00015aae5a,0,51,51,post_exp,FinalForProlific,2026-01-21 18:32:18.936440,1,,,127.99,69,,0.0,1,control,Chrome,143.0.0,Windows,10,Other,0,0,0,1,third_option,1,,,,,,,5,tmjewif2,,,,,0
70,n3uz5sfh,5c50b6dc172b6c000177a036,0,51,51,post_exp,FinalForProlific,2026-01-21 18:32:23.023822,1,,,106.18,70,,0.0,1,treatment,Chrome,143.0.0,Chrome OS,14541.0.0,Other,0,0,0,1,third_option,1,,,,,,,7,tmjewif2,,,,,0
71,laqeonxw,56f29effed0cf60006911528,0,51,51,post_exp,FinalForProlific,2026-01-21 18:32:26.836410,1,,,115.46,71,,0.0,1,treatment,Chrome,142.0.0,Windows,10,Other,0,0,0,1,third_option,1,,,,,,,10,tmjewif2,,,,,0
72,r76m8y8z,66ccbb7d4109382e498e3c82,0,51,51,post_exp,FinalForProlific,2026-01-21 18:32:35.237038,1,,,111.45,72,,0.0,1,treatment,Chrome,143.0.0,Windows,10,Other,0,0,0,1,third_option,1,,,,,,,2,tmjewif2,,,,,0
73,ivlxgw4i,6834ed99550874d242f2d86f,0,51,51,post_exp,FinalForProlific,2026-01-21 18:32:48.473412,1,,,114.52,73,,0.0,1,control,Chrome,141.0.0,Windows,10,Other,0,0,0,1,third_option,1,,,,,,,5,tmjewif2,,,,,0
74,v782ngsi,60d9e7e76cf2ab6d21eb5f99,0,51,51,post_exp,FinalForProlific,2026-01-21 18:32:51.039510,1,,,109.1,74,,0.0,1,treatment,Chrome,142.0.0,Chrome OS,14541.0.0,Other,0,0,0,1,third_option,1,,,,,,,7,tmjewif2,,,,,0
75,dz9192q3,5f46cd85e858dd0a24269315,0,51,51,post_exp,FinalForProlific,2026-01-21 18:32:52.505617,1,,,109.17,75,,0.0,1,treatment,Chrome,143.0.0,Windows,10,Other,0,0,0,1,third_option,1,,,,,,,5,tmjewif2,,,,,0
76,a15asvnc,66465c850d9a3e177f2649fa,0,51,51,post_exp,FinalForProlific,2026-01-21 18:32:55.294481,1,,,110.81,76,,0.0,1,treatment,Chrome,144.0.0,Windows,10,Other,0,0,0,1,third_option,1,,,,,,,1,tmjewif2,,,,,0
77,pqrhp4lt,5c377e2f5c297200015669e6,0,49,51,post_exp,Demographics,2026-01-21 18:32:59.751211,1,,,1337.56,77,,0.0,1,control,Chrome Mobile,144.0.0,Android,10,K,0,1,0,0,third_option,1,,,,,,,4,tmjewif2,,,,,0
78,ehpikkt4,66b828d453598bcca42608c1,0,51,51,post_exp,FinalForProlific,2026-01-21 18:33:01.142910,1,,,115.47,78,,0.0,1,treatment,Chrome,143.0.0,Mac OS X,10.15.7,Mac,0,0,0,1,third_option,1,,,,,,,7,tmjewif2,,,,,0
79,ubty5kvd,64012ee6e3f2e59aaa36f718,0,51,51,post_exp,FinalForProlific,2026-01-21 18:33:01.529394,1,,,112.73,79,,0.0,1,treatment,Chrome,138.0.0,Mac OS X,10.15.7,Mac,0,0,0,1,third_option,1,,,,,,,5,tmjewif2,,,,,0
80,ztdl2z79,695d4137246abe016bd37aab,0,51,51,post_exp,FinalForProlific,2026-01-21 18:33:05.380566,1,,,119.89,80,,0.0,1,treatment,Chrome,144.0.0,Windows,10,Other,0,0,0,1,third_option,1,,,,,,,5,tmjewif2,,,,,0
81,vfe6iu5o,62c4dbae8fb1ff9cd93a3150,0,51,51,post_exp,FinalForProlific,2026-01-21 18:33:08.007893,1,,,139.76,81,,0.0,1,control,Chrome,143.0.0,Windows,10,Other,0,0,0,1,third_option,1,,,,,,,5,tmjewif2,,,,,0
82,on0nzzmf,59e7477e3e4b5a00016aa4d2,0,51,51,post_exp,FinalForProlific,2026-01-21 18:33:09.397680,1,,,112.39,82,,0.0,1,treatment,Chrome,143.0.0,Windows,10,Other,0,0,0,1,third_option,1,,,,,,,10,tmjewif2,,,,,0
83,nb7c887t,5d617ba9364f9a0019f1dac3,0,51,51,post_exp,FinalForProlific,2026-01-21 18:33:11.175923,1,,,108.1,83,,0.0,1,treatment,Edge,144.0.0,Windows,10,Other,0,0,0,1,third_option,1,,,,,,,5,tmjewif2,,,,,0
84,bfm553c0,695fbd81f0c32a051fefa7aa,0,2,51,intro,Instructions,2026-01-21 18:33:12.258530,1,,,0.0,84,,0.0,1,treatment,Chrome,143.0.0,Mac OS X,10.15.7,Mac,0,0,0,1,,,,,,,,,,tmjewif2,,,,,0
85,sufa6dpg,611b00c6f6cc82766cd07c16,0,51,51,post_exp,FinalForProlific,2026-01-21 18:33:12.898980,1,,,110.85,85,,0.0,1,control,Chrome,143.0.0,Windows,10,Other,0,0,0,1,third_option,1,,,,,,,3,tmjewif2,,,,,0
86,duek3sqs,59ffb939517dfb00013dadda,0,51,51,post_exp,FinalForProlific,2026-01-21 18:33:16.118874,1,,,106.75,86,,0.0,1,treatment,Chrome,143.0.0,Windows,10,Other,0,0,0,1,third_option,1,,,,,,,7,tmjewif2,,,,,0
87,zwqr9svd,694f357ffcfc4439fcc9545d,0,3,51,intro,comprehensionQuestions,2026-01-21 18:33:23.443897,1,,,0.0,87,,0.0,1,treatment,Chrome,143.0.0,Windows,10,Other,0,0,0,1,,,,,,,,,,tmjewif2,,,,,0
88,y6egz33f,5bcc60b95c2b810001dc68e2,0,51,51,post_exp,FinalForProlific,2026-01-21 18:33:25.594692,1,,,113.53,88,,0.0,1,treatment,Chrome,144.0.0,Windows,10,Other,0,0,0,1,third_option,1,,,,,,,9,tmjewif2,,,,,0
89,1c1ftgxf,617323e630f3fa36361cb35b,0,51,51,post_exp,FinalForProlific,2026-01-21 18:33:27.899735,1,,,111.1,89,,0.0,1,control,Firefox,147.0,Windows,10,Other,0,0,0,1,third_option,1,,,,,,,2,tmjewif2,,,,,0
90,yom8xjg5,604bbfc901b85fb02ae92c1a,0,51,51,post_exp,FinalForProlific,2026-01-21 18:33:31.980309,1,,,111.85,90,,0.0,1,treatment,Chrome,144.0.0,Windows,10,Other,0,0,0,1,third_option,1,,,,,,,8,tmjewif2,,,,,0
91,scmfgj0s,64e36d981d00e7d7c45addc2,0,51,51,post_exp,FinalForProlific,2026-01-21 18:33:34.411169,1,,,106.1,91,,0.0,1,treatment,Chrome,143.0.0,Mac OS X,10.15.7,Mac,0,0,0,1,third_option,1,,,,,,,10,tmjewif2,,,,,0
92,k0fpe2st,6943010771e87f9194bf332b,0,3,51,intro,comprehensionQuestions,2026-01-21 18:33:35.658542,1,,,0.0,92,,0.0,1,treatment,Edge,144.0.0,Windows,10,Other,0,0,0,1,,,,,,,,,,tmjewif2,,,,,0
93,2jjtwym2,65b92135e296f28cb1a093c3,0,51,51,post_exp,FinalForProlific,2026-01-21 18:33:49.634851,1,,,120.11,93,,0.0,1,control,Chrome,144.0.0,Windows,10,Other,0,0,0,1,third_option,1,,,,,,,4,tmjewif2,,,,,0
94,nxy0dxd4,65425d62c0d773804c35c5e8,0,51,51,post_exp,FinalForProlific,2026-01-21 18:33:57.384337,1,,,125.54,94,,0.0,1,treatment,Chrome,143.0.0,Windows,10,Other,0,0,0,1,third_option,1,,,,,,,7,tmjewif2,,,,,0
95,uw6m8nf9,5f79bca83a2eb65c0983816d,0,49,51,post_exp,Demographics,2026-01-21 18:34:10.548848,1,,,1251.85,95,,0.0,1,treatment,Chrome Mobile,144.0.0,Android,10,K,0,1,0,0,third_option,1,,,,,,,2,tmjewif2,,,,,0
96,fgf28h1c,66338fb1dfa77d3fd06531ad,0,2,51,intro,Instructions,2026-01-21 18:34:11.691244,1,,,0.0,96,,0.0,1,treatment,Chrome,143.0.0,Windows,10,Other,0,0,0,1,,,,,,,,,,tmjewif2,,,,,0
97,gp3248ah,5d23460ad4c57900192b129c,0,51,51,post_exp,FinalForProlific,2026-01-21 18:34:14.066766,1,,,112.59,97,,0.0,1,control,Chrome,93.0.4577,Chrome OS,14092.77.0,Other,0,0,0,1,third_option,1,,,,,,,4,tmjewif2,,,,,0
98,5lgrxykb,612962f44f151ddfd0298c52,0,51,51,post_exp,FinalForProlific,2026-01-21 18:34:21.104100,1,,,104.39,98,,0.0,1,treatment,Firefox,147.0,Windows,10,Other,0,0,0,1,third_option,1,,,,,,,6,tmjewif2,,,,,0
99,mruszba1,5db7bd876c5fc8000adcc2ba,0,51,51,post_exp,FinalForProlific,2026-01-21 18:34:24.061116,1,,,111.53,99,,0.0,1,treatment,Chrome,143.0.0,Windows,10,Other,0,0,0,1,third_option,1,,,,,,,7,tmjewif2,,,,,0
100,g1rqx6nc,67ddf7048bb4a1eb57c71031,0,51,51,post_exp,FinalForProlific,2026-01-21 18:34:35.377677,1,,,123.17,100,,0.0,1,treatment,Chrome,143.0.0,Windows,10,Other,0,0,0,1,third_option,1,,,,,,,10,tmjewif2,,,,,0
101,pndls0xz,66a99d1b90c1a3c68c972253,0,51,51,post_exp,FinalForProlific,2026-01-21 18:34:47.648106,1,,,115.95,101,,0.0,1,control,Chrome,127.0.0,Windows,10,Other,0,0,0,1,third_option,1,,,,,,,5,tmjewif2,,,,,0
102,t4ho5gjd,66c3bdcaeef3aa970f90c75e,0,51,51,post_exp,FinalForProlific,2026-01-21 18:34:48.862577,1,,,134.82,102,,0.0,1,treatment,Edge,144.0.0,Windows,10,Other,0,0,0,1,third_option,1,,,,,,,2,tmjewif2,,,,,0
103,a4c2rkok,6732a061a707876bcf34ff6e,0,51,51,post_exp,FinalForProlific,2026-01-21 18:34:54.440476,1,,,107.58,103,,0.0,1,treatment,Chrome,143.0.0,Linux,,Other,0,0,0,1,third_option,1,,,,,,,7,tmjewif2,,,,,0
104,o64rra38,5e987098f1bb6707dca13f5b,0,51,51,post_exp,FinalForProlific,2026-01-21 18:34:58.073718,1,,,108.2,104,,0.0,1,treatment,Chrome,144.0.0,Windows,10,Other,0,0,0,1,third_option,1,,,,,,,5,tmjewif2,,,,,0
105,5wysze5b,695bce93d2a6e4a816e31ec8,0,3,51,intro,comprehensionQuestions,2026-01-21 18:35:01.364541,1,,,0.0,105,,0.0,1,control,Chrome,143.0.0,Mac OS X,10.15.7,Mac,0,0,0,1,,,,,,,,,,tmjewif2,,,,,0
106,0p5fez2q,5e56457f6370ba0184e041b4,0,51,51,post_exp,FinalForProlific,2026-01-21 18:35:05.983298,1,,,132.62,106,,0.0,1,treatment,Edge,144.0.0,Windows,10,Other,0,0,0,1,third_option,1,,,,,,,9,tmjewif2,,,,,0
107,zt41quma,67630f751df95f8fb373e275,0,51,51,post_exp,FinalForProlific,2026-01-21 18:35:13.118991,1,,,121.52,107,,0.0,1,treatment,Chrome,144.0.0,Windows,10,Other,0,0,0,1,third_option,1,,,,,,,8,tmjewif2,,,,,0
108,ymuexb31,667a2a09c4912ebdc9078387,0,51,51,post_exp,FinalForProlific,2026-01-21 18:35:14.395128,1,,,106.35,108,,0.0,1,treatment,Edge,144.0.0,Windows,10,Other,0,0,0,1,third_option,1,,,,,,,8,tmjewif2,,,,,0
109,ufybowou,6942c05a7a01b8119deb4a9c,0,51,51,post_exp,FinalForProlific,2026-01-21 18:35:30.362709,1,,,111.37,109,,0.0,1,control,Chrome,143.0.0,Windows,10,Other,0,0,0,1,third_option,1,,,,,,,1,tmjewif2,,,,,0
110,y4v60jgc,5aa485b11eda41000136c94b,0,51,51,post_exp,FinalForProlific,2026-01-21 18:35:38.226761,1,,,112.37,110,,0.0,1,treatment,Chrome,142.0.0,Windows,10,Other,0,0,0,1,third_option,1,,,,,,,5,tmjewif2,,,,,0
111,y0n2v3no,5a381de00006450001bf2691,0,51,51,post_exp,FinalForProlific,2026-01-21 18:35:43.966911,1,,,109.96,111,,0.0,1,treatment,Firefox,147.0,Windows,10,Other,0,0,0,1,third_option,1,,,,,,,6,tmjewif2,,,,,0
112,90z3g2m3,5b98940f754b700001f0f15c,0,2,51,intro,Instructions,2026-01-21 18:35:45.461390,1,,,0.0,112,,0.0,1,treatment,Chrome,143.0.0,Chrome OS,14541.0.0,Other,0,0,0,1,,,,,,,,,,tmjewif2,,,,,0
113,kh2rdsaw,5dd0c9af2b033b185c90d5f0,0,51,51,post_exp,FinalForProlific,2026-01-21 18:35:48.378667,1,,,118.0,113,,0.0,1,control,Chrome,143.0.0,Windows,10,Other,0,0,0,1,third_option,1,,,,,,,7,tmjewif2,,,,,0
114,9ayyi3kt,6415e72ceb0a49e26846e935,0,51,51,post_exp,FinalForProlific,2026-01-21 18:35:48.650625,1,,,108.35,114,,0.0,1,treatment,Chrome,144.0.0,Windows,10,Other,0,0,0,1,third_option,1,,,,,,,0,tmjewif2,,,,,0
115,ttms5141,67dc70145c70ad07748b3f1b,0,51,51,post_exp,FinalForProlific,2026-01-21 18:35:52.851947,1,,,115.18,115,,0.0,1,treatment,Chrome,139.0.0,Windows,10,Other,0,0,0,1,third_option,1,,,,,,,8,tmjewif2,,,,,0
116,90xfozyf,5df11e6cdc85350234932daa,0,51,51,post_exp,FinalForProlific,2026-01-21 18:35:56.333240,1,,,108.74,116,,0.0,1,treatment,Chrome,144.0.0,Windows,10,Other,0,0,0,1,third_option,1,,,,,,,6,tmjewif2,,,,,0
117,fjpqvr0e,5b9ec956c8a17f000171f7ad,0,19,51,main,RoundFeedback,2026-01-21 18:36:03.588238,1,,,307.6,117,,0.0,1,control,Chrome,143.0.0,Windows,10,Other,0,0,0,1,third_option,1,,,,,,,2,tmjewif2,,,,,0
118,c18pfgrw,610a151c96de07b15f28c8cb,0,51,51,post_exp,FinalForProlific,2026-01-21 18:36:11.506999,1,,,108.6,118,,0.0,1,treatment,Chrome,143.0.0,Chrome OS,14541.0.0,Other,0,0,0,1,third_option,1,,,,,,,2,tmjewif2,,,,,0
119,g50um3fd,69600b316c2b185f72a46b1a,0,3,51,intro,comprehensionQuestions,2026-01-21 18:36:16.133933,1,,,0.0,119,,0.0,1,treatment,Chrome,143.0.0,Windows,10,Other,0,0,0,1,,,,,,,,,,tmjewif2,,,,,0
120,tsdk0ujp,6965b1225ab6fdb331560713,0,51,51,post_exp,FinalForProlific,2026-01-21 18:36:19.731244,1,,,109.0,120,,0.0,1,treatment,Chrome,143.0.0,Windows,10,Other,0,0,0,1,third_option,1,,,,,,,7,tmjewif2,,,,,0
121,fdqhm5vc,62b628e4351d179f1ff6cc59,0,51,51,post_exp,FinalForProlific,2026-01-21 18:36:21.616448,1,,,123.06,121,,0.0,1,control,Chrome,144.0.0,Windows,10,Other,0,0,0,1,third_option,1,,,,,,,7,tmjewif2,,,,,0
122,1i7sdtbn,62029a55ef1cb18a1337c61a,0,51,51,post_exp,FinalForProlific,2026-01-21 18:36:23.105202,1,,,116.31,122,,0.0,1,treatment,Chrome,144.0.0,Windows,10,Other,0,0,0,1,third_option,1,,,,,,,8,tmjewif2,,,,,0
123,smrwnv49,67ebc24ee98e314102e23f1a,0,51,51,post_exp,FinalForProlific,2026-01-21 18:36:25.943969,1,,,114.72,123,,0.0,1,treatment,Edge,144.0.0,Windows,10,Other,0,0,0,1,third_option,1,,,,,,,4,tmjewif2,,,,,0
124,v3n6htyg,6400dbb883a12b7946a0c4b5,0,51,51,post_exp,FinalForProlific,2026-01-21 18:36:27.819189,1,,,108.75,124,,0.0,1,treatment,Chrome,143.0.0,Windows,10,Other,0,0,0,1,third_option,1,,,,,,,6,tmjewif2,,,,,0
125,bt68y5v3,603006ea5f6c24dfc908f835,0,51,51,post_exp,FinalForProlific,2026-01-21 18:36:28.670617,1,,,110.42,125,,0.0,1,control,Chrome,144.0.0,Windows,10,Other,0,0,0,1,third_option,1,,,,,,,5,tmjewif2,,,,,0
126,debf45pl,6638068d9ab49383d1fe00ae,0,3,51,intro,comprehensionQuestions,2026-01-21 18:36:32.693647,1,,,0.0,126,,0.0,1,treatment,Chrome,143.0.0,Windows,10,Other,0,0,0,1,,,,,,,,,,tmjewif2,,,,,0
127,02cpsv5z,67ca44c542a5ebd3baf7d5e1,0,51,51,post_exp,FinalForProlific,2026-01-21 18:36:33.792922,1,,,110.23,127,,0.0,1,treatment,Chrome,138.0.0,Windows,10,Other,0,0,0,1,third_option,1,,,,,,,8,tmjewif2,,,,,0
128,d3jeak19,67f29249f806e5d43bd01798,0,51,51,post_exp,FinalForProlific,2026-01-21 18:36:34.034680,1,,,129.93,128,,0.0,1,treatment,Chrome,132.0.0,Windows,10,Other,0,0,0,1,third_option,1,,,,,,,7,tmjewif2,,,,,0
129,9l7xztxf,65de74dd26e4558c2fe828f9,0,51,51,post_exp,FinalForProlific,2026-01-21 18:36:35.765184,1,,,111.08,129,,0.0,1,control,Edge,144.0.0,Windows,10,Other,0,0,0,1,third_option,1,,,,,,,2,tmjewif2,,,,,0
130,ch5w67jp,643466ccb8e9bb0350af3cbb,0,51,51,post_exp,FinalForProlific,2026-01-21 18:36:38.826969,1,,,111.71,130,,0.0,1,treatment,Chrome,143.0.0,Windows,10,Other,0,0,0,1,third_option,1,,,,,,,3,tmjewif2,,,,,0
131,7j1ziao6,6675ce18002c8884a6fec6a6,0,2,51,intro,Instructions,2026-01-21 18:36:40.059741,1,,,0.0,131,,0.0,1,treatment,Edge,144.0.0,Windows,10,Other,0,0,0,1,,,,,,,,,,tmjewif2,,,,,0
132,hnulslb5,67a7e69b82119112d04041fd,0,51,51,post_exp,FinalForProlific,2026-01-21 18:36:42.172826,1,,,108.51,132,,0.0,1,treatment,Firefox,147.0,Windows,10,Other,0,0,0,1,third_option,1,,,,,,,7,tmjewif2,,,,,0
133,uysfeagn,5be8dab5d153f500019ab320,0,51,51,post_exp,FinalForProlific,2026-01-21 18:37:04.820426,1,,,128.01,133,,0.0,1,control,Firefox,147.0,Windows,10,Other,0,0,0,1,third_option,1,,,,,,,9,tmjewif2,,,,,0
134,10iwxhqj,695182b691292378b37c956e,0,51,51,post_exp,FinalForProlific,2026-01-21 18:37:17.876939,1,,,108.59,134,,0.0,1,treatment,Chrome,141.0.0,Windows,10,Other,0,0,0,1,third_option,1,,,,,,,8,tmjewif2,,,,,0
135,ymcrp11e,622a11c552b2b35bab72a39c,0,51,51,post_exp,FinalForProlific,2026-01-21 18:37:19.431306,1,,,135.83,135,,0.0,1,treatment,Chrome,143.0.0,Windows,10,Other,0,0,0,1,third_option,1,,,,,,,6,tmjewif2,,,,,0
136,p14fd6ke,6050ea8a95817a2bfddc9d09,0,51,51,post_exp,FinalForProlific,2026-01-21 18:37:22.435500,1,,,106.6,136,,0.0,1,treatment,Chrome,144.0.0,Mac OS X,10.15.7,Mac,0,0,0,1,third_option,1,,,,,,,7,tmjewif2,,,,,0
137,bu8stzr0,66592dfcb3c1b6f73d81495c,0,51,51,post_exp,FinalForProlific,2026-01-21 18:37:29.410564,1,,,122.68,137,,0.0,1,control,Chrome,143.0.0,Chrome OS,14541.0.0,Other,0,0,0,1,third_option,1,,,,,,,3,tmjewif2,,,,,0
138,dtbt9nye,658289aeaf946c0306a5c083,0,51,51,post_exp,FinalForProlific,2026-01-21 18:37:40.750156,1,,,110.17,138,,0.0,1,treatment,Safari,18.3.1,Mac OS X,10.15.7,Mac,0,0,0,1,third_option,1,,,,,,,10,tmjewif2,,,,,0
139,t84iggvk,63b18d94775ad4aad221103c,0,51,51,post_exp,FinalForProlific,2026-01-21 18:37:47.300372,1,,,105.55,139,,0.0,1,treatment,Chrome,141.0.0,Windows,10,Other,0,0,0,1,third_option,1,,,,,,,6,tmjewif2,,,,,0
140,froclfqp,606cf604adbb6982bb382881,0,51,51,post_exp,FinalForProlific,2026-01-21 18:37:48.972184,1,,,105.0,140,,0.0,1,treatment,Chrome,144.0.0,Windows,10,Other,0,0,0,1,third_option,1,,,,,,,5,tmjewif2,,,,,0
141,dbp2hwpm,663e26ccdbc470527165388b,0,51,51,post_exp,FinalForProlific,2026-01-21 18:37:58.909561,1,,,118.34,141,,0.0,1,control,Chrome,143.0.0,Windows,10,Other,0,0,0,1,third_option,1,,,,,,,6,tmjewif2,,,,,0
142,w53enqlm,60fdb73b85f276ed91d84eb9,0,51,51,post_exp,FinalForProlific,2026-01-21 18:38:06.037085,1,,,108.6,142,,0.0,1,treatment,Chrome,143.0.0,Mac OS X,10.15.7,Mac,0,0,0,1,third_option,1,,,,,,,3,tmjewif2,,,,,0
143,jak3pn53,6441356d5337fd4714939734,0,51,51,post_exp,FinalForProlific,2026-01-21 18:38:07.069910,1,,,106.81,143,,0.0,1,treatment,Firefox,147.0,Mac OS X,10.15,Mac,0,0,0,1,third_option,1,,,,,,,8,tmjewif2,,,,,0
144,yxqjlw8q,6779ab59311fd2904146f0d7,0,51,51,post_exp,FinalForProlific,2026-01-21 18:38:16.740367,1,,,122.09,144,,0.0,1,treatment,Chrome,143.0.0,Windows,10,Other,0,0,0,1,I did not read the instructions above.,0,,,,,,,5,tmjewif2,,,,,0
145,cyomij8b,607668ac450fc6e3025a131d,0,51,51,post_exp,FinalForProlific,2026-01-21 18:38:24.756487,1,,,115.11,145,,0.0,1,control,Chrome,143.0.0,Mac OS X,10.15.7,Mac,0,0,0,1,third_option,1,,,,,,,2,tmjewif2,,,,,0
146,ujqa22in,6545400d6d15a71561d3d2e9,0,3,51,intro,comprehensionQuestions,2026-01-21 18:38:29.082556,1,,,0.0,146,,0.0,1,treatment,Edge,144.0.0,Windows,10,Other,0,0,0,1,,,,,,,,,,tmjewif2,,,,,0
147,6ynp7a1j,5e0b388b15ef4037cebdecc9,0,51,51,post_exp,FinalForProlific,2026-01-21 18:38:32.958276,1,,,126.49,147,,0.0,1,treatment,Chrome,143.0.0,Windows,10,Other,0,0,0,1,third_option,1,,,,,,,6,tmjewif2,,,,,0
148,9chzzaqh,63d42c21dc6f4d60e34cc337,0,51,51,post_exp,FinalForProlific,2026-01-21 18:38:34.223638,1,,,132.36,148,,0.0,1,treatment,Chrome,144.0.0,Windows,10,Other,0,0,0,1,third_option,1,,,,,,,1,tmjewif2,,,,,0
149,wazxrllu,67cee8d6088dc3c843f48e48,0,51,51,post_exp,FinalForProlific,2026-01-21 18:38:46.723672,1,,,109.72,149,,0.0,1,control,Chrome,141.0.0,Windows,10,Other,0,0,0,1,third_option,1,,,,,,,8,tmjewif2,,,,,0
150,ii6j4noe,615c9713338d0cb78c79773b,0,51,51,post_exp,FinalForProlific,2026-01-21 18:38:54.164014,1,,,112.06,150,,0.0,1,treatment,Chrome,144.0.0,Windows,10,Other,0,0,0,1,third_option,1,,,,,,,3,tmjewif2,,,,,0
151,qabup8hl,5dd55652f30aa650f027e1c2,0,51,51,post_exp,FinalForProlific,2026-01-21 18:39:04.760451,1,,,110.19,151,,0.0,1,treatment,Chrome,143.0.0,Windows,10,Other,0,0,0,1,third_option,1,,,,,,,7,tmjewif2,,,,,0
152,n1avo10b,5cbb9a4b96211700015d0e2b,0,3,51,intro,comprehensionQuestions,2026-01-21 18:39:09.154380,1,,,0.0,152,,0.0,1,treatment,Chrome,143.0.0,Chrome OS,14541.0.0,Other,0,0,0,1,,,,,,,,,,tmjewif2,,,,,0
153,ksexnm1n,5685850c333cbd000d4e042f,0,51,51,post_exp,FinalForProlific,2026-01-21 18:39:11.229865,1,,,111.72,153,,0.0,1,control,Chrome,143.0.0,Windows,10,Other,0,0,0,1,third_option,1,,,,,,,2,tmjewif2,,,,,0
154,n8u6t94i,678601bc84e8fe5db695b1fe,0,51,51,post_exp,FinalForProlific,2026-01-21 18:39:18.673875,1,,,110.92,154,,0.0,1,treatment,Chrome,143.0.0,Windows,10,Other,0,0,0,1,third_option,1,,,,,,,3,tmjewif2,,,,,0
155,rn9a2128,65763705270241e5da3da60c,0,51,51,post_exp,FinalForProlific,2026-01-21 18:39:19.677053,1,,,110.19,155,,0.0,1,treatment,Edge,144.0.0,Windows,10,Other,0,0,0,1,third_option,1,,,,,,,5,tmjewif2,,,,,0
156,aulchiaa,66db49833617e3db8c16dd6e,0,2,51,intro,Instructions,2026-01-21 18:39:27.305220,1,,,0.0,156,,0.0,1,treatment,Edge,143.0.0,Windows,10,Other,0,0,0,1,,,,,,,,,,tmjewif2,,,,,0
157,5cs2lgyd,655f8b959477c803eb906622,0,51,51,post_exp,FinalForProlific,2026-01-21 18:39:30.879750,1,,,120.26,157,,0.0,1,control,Chrome,141.0.0,Mac OS X,10.15.7,Mac,0,0,0,1,third_option,1,,,,,,,3,tmjewif2,,,,,0
158,0kc5fuuw,6276d97e209059496d37bf74,0,51,51,post_exp,FinalForProlific,2026-01-21 18:39:44.701786,1,,,111.79,158,,0.0,1,treatment,Chrome,143.0.0,Windows,10,Other,0,0,0,1,third_option,1,,,,,,,5,tmjewif2,,,,,0
159,qeqar0jj,695ff63580d6ce826e06277f,0,51,51,post_exp,FinalForProlific,2026-01-21 18:39:48.977532,1,,,114.99,159,,0.0,1,treatment,Chrome,144.0.0,Windows,10,Other,0,0,0,1,third_option,1,,,,,,,9,tmjewif2,,,,,0
160,8dwlplw6,67b8ac4a64ff597388f3fcc1,0,51,51,post_exp,FinalForProlific,2026-01-21 18:40:00.013235,1,,,107.13,160,,0.0,1,treatment,Chrome,137.0.0,Windows,10,Other,0,0,0,1,third_option,1,,,,,,,9,tmjewif2,,,,,0
161,m4hx62r0,656535cfb6e6bea3d8637deb,0,51,51,post_exp,FinalForProlific,2026-01-21 18:40:07.795723,1,,,142.11,161,,0.0,1,control,Chrome,143.0.0,Windows,10,Other,0,0,0,1,third_option,1,,,,,,,6,tmjewif2,,,,,0
162,f5c19kgx,66e9bdb86f599f239c1ea24e,0,51,51,post_exp,FinalForProlific,2026-01-21 18:40:08.494596,1,,,112.07,162,,0.0,1,treatment,Chrome,135.0.0,Windows,10,Other,0,0,0,1,third_option,1,,,,,,,7,tmjewif2,,,,,0
163,dkh2x7rw,695bcd773894067ba8c01741,0,51,51,post_exp,FinalForProlific,2026-01-21 18:40:11.667605,1,,,109.54,163,,0.0,1,treatment,Chrome,143.0.0,Windows,10,Other,0,0,0,1,third_option,1,,,,,,,3,tmjewif2,,,,,0
164,tsmaue8l,6298f0e21abd78cb684b723c,0,51,51,post_exp,FinalForProlific,2026-01-21 18:40:19.099291,1,,,114.43,164,,0.0,1,treatment,Edge,144.0.0,Windows,10,Other,0,0,0,1,third_option,1,,,,,,,3,tmjewif2,,,,,0
165,wp0xc0qr,62b20c0065e9809e66d13fa5,0,51,51,post_exp,FinalForProlific,2026-01-21 18:40:19.435874,1,,,114.02,165,,0.0,1,control,Chrome,143.0.0,Windows,10,Other,0,0,0,1,third_option,1,,,,,,,4,tmjewif2,,,,,0
166,rk3oc4hd,678ff21fa8893f9d40bb501b,0,2,51,intro,Instructions,2026-01-21 18:40:26.579146,1,,,0.0,166,,0.0,1,treatment,Edge,144.0.0,Windows,10,Other,0,0,0,1,,,,,,,,,,tmjewif2,,,,,0
167,ivxrdjfs,66ccca31c45aad520357f3fb,0,3,51,intro,comprehensionQuestions,2026-01-21 18:40:30.702498,1,,,0.0,167,,0.0,1,treatment,Firefox,147.0,Mac OS X,10.15,Mac,0,0,0,1,,,,,,,,,,tmjewif2,,,,,0
168,ot7vw58p,669f0372343e26023ee5c023,0,51,51,post_exp,FinalForProlific,2026-01-21 18:40:38.249601,1,,,125.19,168,,0.0,1,treatment,Chrome,131.0.0,Windows,10,Other,0,0,0,1,third_option,1,,,,,,,5,tmjewif2,,,,,0
169,bczzbeek,5d9b7c7efaa2860364b16476,0,51,51,post_exp,FinalForProlific,2026-01-21 18:41:13.043910,1,,,128.19,169,,0.0,1,control,Chrome,109.0.0,Windows,10,Other,0,0,0,1,third_option,1,,,,,,,7,tmjewif2,,,,,0
170,bavo6f0u,64f9db6943940e98c173b596,0,51,51,post_exp,FinalForProlific,2026-01-21 18:41:14.057555,1,,,114.65,170,,0.0,1,treatment,Chrome,143.0.0,Windows,10,Other,0,0,0,1,third_option,1,,,,,,,1,tmjewif2,,,,,0
171,41hlikiv,5d6ac7e17658a1001a8c63b2,0,20,51,main,DataFeeDecision,2026-01-21 18:41:16.959943,1,,,306.25,171,,0.0,1,treatment,Chrome,143.0.0,Windows,10,Other,0,0,0,1,third_option,1,,,,,,,6,tmjewif2,,,,,0
172,ax4gac7i,5e9b443223881d04be740737,0,51,51,post_exp,FinalForProlific,2026-01-21 18:41:22.283540,1,,,114.08,172,,0.0,1,treatment,Chrome,144.0.0,Windows,10,Other,0,0,0,1,third_option,1,,,,,,,6,tmjewif2,,,,,0
173,z56qtdv0,67d8b5e7ceb82869824198a2,0,51,51,post_exp,FinalForProlific,2026-01-21 18:41:25.787159,1,,,110.14,173,,0.0,1,control,Chrome,144.0.0,Windows,10,Other,0,0,0,1,third_option,1,,,,,,,4,tmjewif2,,,,,0
174,is5npxtq,682ea2d42d55eac9ceeac8aa,0,51,51,post_exp,FinalForProlific,2026-01-21 18:41:26.912313,1,,,108.77,174,,0.0,1,treatment,Chrome,142.0.0,Windows,10,Other,0,0,0,1,third_option,1,,,,,,,6,tmjewif2,,,,,0
175,nv01nljw,67204af156acf704058c6e66,0,3,51,intro,comprehensionQuestions,2026-01-21 18:41:27.190658,1,,,0.0,175,,0.0,1,treatment,Chrome,143.0.0,Windows,10,Other,0,0,0,1,,,,,,,,,,tmjewif2,,,,,0
176,t18zt5yb,695fb4417ab7313e2aee157f,0,3,51,intro,comprehensionQuestions,2026-01-21 18:41:41.017815,1,,,0.0,176,,0.0,1,treatment,Chrome,143.0.0,Windows,10,Other,0,0,0,1,,,,,,,,,,tmjewif2,,,,,0
177,2dq5xy9m,5de30dd39a9da5342d09f2e8,0,51,51,post_exp,FinalForProlific,2026-01-21 18:41:44.696846,1,,,109.42,177,,0.0,1,control,Chrome,138.0.0,Chrome OS,14541.0.0,Other,0,0,0,1,third_option,1,,,,,,,9,tmjewif2,,,,,0
178,g7qki19v,6369700320bc7dd22e733009,0,51,51,post_exp,FinalForProlific,2026-01-21 18:41:47.495842,1,,,105.22,178,,0.0,1,treatment,Chrome,144.0.0,Windows,10,Other,0,0,0,1,third_option,1,,,,,,,3,tmjewif2,,,,,0
179,k3tad8or,62bb42e2f21cfdb280cc975f,0,51,51,post_exp,FinalForProlific,2026-01-21 18:41:51.141202,1,,,106.37,179,,0.0,1,treatment,Chrome,128.0.0,Mac OS X,10.15.7,Mac,0,0,0,1,third_option,1,,,,,,,6,tmjewif2,,,,,0
180,tpvk2zcx,6015cc8c9807116ee723287d,0,51,51,post_exp,FinalForProlific,2026-01-21 18:42:01.971519,1,,,115.55,180,,0.0,1,treatment,Chrome,143.0.0,Windows,10,Other,0,0,0,1,third_option,1,,,,,,,5,tmjewif2,,,,,0
181,ila24ae5,66bfd4b46a7e9cec65d88461,0,51,51,post_exp,FinalForProlific,2026-01-21 18:42:02.109355,1,,,112.75,181,,0.0,1,control,Chrome,143.0.0,Mac OS X,10.15.7,Mac,0,0,0,1,third_option,1,,,,,,,3,tmjewif2,,,,,0
182,22m761an,67382e41c232d1004b052fc4,0,51,51,post_exp,FinalForProlific,2026-01-21 18:42:02.510643,1,,,136.68,182,,0.0,1,treatment,Chrome,143.0.0,Windows,10,Other,0,0,0,1,third_option,1,,,,,,,4,tmjewif2,,,,,0
183,1ouqxik8,628f572a2d1304a34b9e1a37,0,51,51,post_exp,FinalForProlific,2026-01-21 18:42:04.005234,1,,,111.06,183,,0.0,1,treatment,Chrome,143.0.0,Windows,10,Other,0,0,0,1,third_option,1,,,,,,,8,tmjewif2,,,,,0
184,ixdpehd5,675cb36b51ef22e70c4da7e2,0,51,51,post_exp,FinalForProlific,2026-01-21 18:42:06.043139,1,,,107.77,184,,0.0,1,treatment,Chrome,135.0.0,Windows,10,Other,0,0,0,1,third_option,1,,,,,,,7,tmjewif2,,,,,0
185,7kdup0vg,5c65739723f6300001380c2c,0,51,51,post_exp,FinalForProlific,2026-01-21 18:42:07.788093,1,,,130.47,185,,0.0,1,control,Chrome,144.0.0,Mac OS X,10.15.7,Mac,0,0,0,1,third_option,1,,,,,,,2,tmjewif2,,,,,0
186,ckpckhoq,676ca3da9773676ad989ef10,0,51,51,post_exp,FinalForProlific,2026-01-21 18:42:13.374283,1,,,114.28,186,,0.0,1,treatment,Chrome,144.0.0,Windows,10,Other,0,0,0,1,third_option,1,,,,,,,7,tmjewif2,,,,,0
187,7q3ivoab,5715699a30185b0008b40009,0,51,51,post_exp,FinalForProlific,2026-01-21 18:42:17.662913,1,,,106.6,187,,0.0,1,treatment,Chrome,143.0.0,Windows,10,Other,0,0,0,1,third_option,1,,,,,,,5,tmjewif2,,,,,0
188,tdb3j8nh,6562177a48308eebbb6359ea,0,51,51,post_exp,FinalForProlific,2026-01-21 18:42:18.462275,1,,,105.35,188,,0.0,1,treatment,Chrome,143.0.0,Chrome OS,14541.0.0,Other,0,0,0,1,third_option,1,,,,,,,6,tmjewif2,,,,,0
189,t15sscnd,66cd40ce9bb246e2dc55429e,0,51,51,post_exp,FinalForProlific,2026-01-21 18:42:19.702253,1,,,112.84,189,,0.0,1,control,Edge,144.0.0,Windows,10,Other,0,0,0,1,third_option,1,,,,,,,8,tmjewif2,,,,,0
190,j6k9h61l,66a02d45a7db35d93c9f6a81,0,51,51,post_exp,FinalForProlific,2026-01-21 18:42:22.094824,1,,,134.5,190,,0.0,1,treatment,Chrome,143.0.0,Chrome OS,14541.0.0,Other,0,0,0,1,third_option,1,,,,,,,6,tmjewif2,,,,,0
191,rmrb2f1j,677bcb212ebc1d6360f23fe6,0,3,51,intro,comprehensionQuestions,2026-01-21 18:42:23.543485,1,,,0.0,191,,0.0,1,treatment,Edge,144.0.0,Windows,10,Other,0,0,0,1,,,,,,,,,,tmjewif2,,,,,0
192,23v00nzi,6947190be3c1dfbf23cdb205,0,51,51,post_exp,FinalForProlific,2026-01-21 18:42:49.243748,1,,,103.1,192,,0.0,1,treatment,Firefox,147.0,Windows,10,Other,0,0,0,1,third_option,1,,,,,,,1,tmjewif2,,,,,0
193,c9q7bit1,6101bcb1b6f73b8138d66252,0,51,51,post_exp,FinalForProlific,2026-01-21 18:42:51.351947,1,,,112.62,193,,0.0,1,control,Chrome,144.0.0,Windows,10,Other,0,0,0,1,third_option,1,,,,,,,3,tmjewif2,,,,,0
194,va5zx9iw,662d56e5cc343fb58134d622,0,51,51,post_exp,FinalForProlific,2026-01-21 18:42:53.798937,1,,,111.0,194,,0.0,1,treatment,Firefox,147.0,Mac OS X,10.15,Mac,0,0,0,1,third_option,1,,,,,,,5,tmjewif2,,,,,0
195,9wzz4dzm,5c6b646349b7f0000120b659,0,51,51,post_exp,FinalForProlific,2026-01-21 18:42:57.716522,1,,,109.92,195,,0.0,1,treatment,Chrome,143.0.0,Windows,10,Other,0,0,0,1,third_option,1,,,,,,,8,tmjewif2,,,,,0
196,s61zgnp6,677180f70e024d29940222d9,0,51,51,post_exp,FinalForProlific,2026-01-21 18:42:59.905695,1,,,117.95,196,,0.0,1,treatment,Chrome,130.0.0,Windows,10,Other,0,0,0,1,third_option,1,,,,,,,6,tmjewif2,,,,,0
197,g4bln3na,65d635d056de2f00fa72da28,0,2,51,intro,Instructions,2026-01-21 18:43:07.227838,1,,,0.0,197,,0.0,1,control,Chrome,143.0.0,Windows,10,Other,0,0,0,1,,,,,,,,,,tmjewif2,,,,,0
198,w8gml63z,66c4f3cb14cbfc4db836bd4e,0,51,51,post_exp,FinalForProlific,2026-01-21 18:43:07.781088,1,,,113.75,198,,0.0,1,treatment,Chrome,143.0.0,Mac OS X,10.15.7,Mac,0,0,0,1,third_option,1,,,,,,,4,tmjewif2,,,,,0
199,05751fio,5f4d07b4fae27694de8f5af1,0,51,51,post_exp,FinalForProlific,2026-01-21 18:43:11.143173,1,,,115.77,199,,0.0,1,treatment,Chrome,143.0.0,Mac OS X,10.15.7,Mac,0,0,0,1,third_option,1,,,,,,,6,tmjewif2,,,,,0
200,1mkwfoou,5d88f2f8cefb52001a83f1b2,0,51,51,post_exp,FinalForProlific,2026-01-21 18:43:14.232930,1,,,105.63,200,,0.0,1,treatment,Safari,18.4,Mac OS X,10.15.7,Mac,0,0,0,1,third_option,1,,,,,,,5,tmjewif2,,,,,0
201,cpo4igvk,67edf0b51b5bd671db6a9372,0,51,51,post_exp,FinalForProlific,2026-01-21 18:43:27.720512,1,,,106.89,201,,0.0,1,control,Chrome,123.0.0,Windows,10,Other,0,0,0,1,third_option,1,,,,,,,3,tmjewif2,,,,,0
202,5jpq3lrv,5e2ac2aa0038f21089a533a4,0,51,51,post_exp,FinalForProlific,2026-01-21 18:43:30.957167,1,,,111.07,202,,0.0,1,treatment,Chrome,143.0.0,Windows,10,Other,0,0,0,1,third_option,1,,,,,,,8,tmjewif2,,,,,0
203,drlia63b,67447a01deb7398581f3b3be,0,51,51,post_exp,FinalForProlific,2026-01-21 18:43:45.659264,1,,,103.23,203,,0.0,1,treatment,Chrome,143.0.0,Windows,10,Other,0,0,0,1,third_option,1,,,,,,,8,tmjewif2,,,,,0
204,d0xp75vo,631b66847990076d05887914,0,51,51,post_exp,FinalForProlific,2026-01-21 18:43:50.755405,1,,,109.73,204,,0.0,1,treatment,Chrome,144.0.0,Windows,10,Other,0,0,0,1,third_option,1,,,,,,,3,tmjewif2,,,,,0
205,dour2nrp,662fbb4163d7a1695a748636,0,51,51,post_exp,FinalForProlific,2026-01-21 18:43:52.062942,1,,,120.45,205,,0.0,1,control,Firefox,147.0,Windows,10,Other,0,0,0,1,third_option,1,,,,,,,6,tmjewif2,,,,,0
206,qed7sov6,657dd22938e31904b66ca3b4,0,51,51,post_exp,FinalForProlific,2026-01-21 18:44:01.392600,1,,,109.79,206,,0.0,1,treatment,Chrome,143.0.0,Windows,10,Other,0,0,0,1,third_option,1,,,,,,,6,tmjewif2,,,,,0
207,6w8fu8m7,66be7e194babee126a0d41f2,0,51,51,post_exp,FinalForProlific,2026-01-21 18:44:02.010058,1,,,106.22,207,,0.0,1,treatment,Chrome,143.0.0,Windows,10,Other,0,0,0,1,third_option,1,,,,,,,0,tmjewif2,,,,,0
208,6x1sqfp6,6166c0eb123b6e8b34628249,0,51,51,post_exp,FinalForProlific,2026-01-21 18:44:04.278230,1,,,110.6,208,,0.0,1,treatment,Chrome,143.0.0,Mac OS X,10.15.7,Mac,0,0,0,1,third_option,1,,,,,,,7,tmjewif2,,,,,0
209,s3te52ud,6010b744db280e455a5250bd,0,51,51,post_exp,FinalForProlific,2026-01-21 18:44:10.290343,1,,,116.46,209,,0.0,1,control,Chrome,143.0.0,Linux,,Other,0,0,0,1,third_option,1,,,,,,,8,tmjewif2,,,,,0
210,80anqa72,63b6be87ead45e4fa772fbf5,0,51,51,post_exp,FinalForProlific,2026-01-21 18:44:24.733156,1,,,108.96,210,,0.0,1,treatment,Chrome,144.0.0,Windows,10,Other,0,0,0,1,third_option,1,,,,,,,6,tmjewif2,,,,,0
211,ru259c0d,6653ae434d386b6218f51efb,0,51,51,post_exp,FinalForProlific,2026-01-21 18:44:24.740726,1,,,119.76,211,,0.0,1,treatment,Chrome,144.0.0,Windows,10,Other,0,0,0,1,third_option,1,,,,,,,5,tmjewif2,,,,,0
212,p1bvs39y,67e188720841b364cd463eaa,0,51,51,post_exp,FinalForProlific,2026-01-21 18:44:30.412982,1,,,118.39,212,,0.0,1,treatment,Chrome,141.0.0,Windows,10,Other,0,0,0,1,third_option,1,,,,,,,8,tmjewif2,,,,,0
213,msdkp6ph,5c2fcd716ea6880001dc8e3d,0,6,51,main,Trade,2026-01-21 18:44:38.520563,1,,,0.0,213,,0.0,1,control,Chrome,143.0.0,Windows,10,Other,0,0,0,1,third_option,1,,,,,,,5,tmjewif2,,,,,0
214,c07l5x69,6960253098c08d9acb6c8acc,0,51,51,post_exp,FinalForProlific,2026-01-21 18:44:43.911679,1,,,124.23,214,,0.0,1,treatment,Chrome,143.0.0,Windows,10,Other,0,0,0,1,third_option,1,,,,,,,8,tmjewif2,,,,,0
215,aa5g4a8x,670d816961bebcb45b53b929,0,51,51,post_exp,FinalForProlific,2026-01-21 18:44:44.735874,1,,,107.74,215,,0.0,1,treatment,Chrome,143.0.0,Windows,10,Other,0,0,0,1,third_option,1,,,,,,,7,tmjewif2,,,,,0
216,z20qjmaw,67e406244bfad9999a051c1e,0,51,51,post_exp,FinalForProlific,2026-01-21 18:44:53.259482,1,,,102.73,216,,0.0,1,treatment,Chrome,140.0.0,Windows,10,Other,0,0,0,1,third_option,1,,,,,,,7,tmjewif2,,,,,0
217,7xy2nsbw,67055b370e3c0c4965a03128,0,51,51,post_exp,FinalForProlific,2026-01-21 18:44:59.264769,1,,,111.35,217,,0.0,1,control,Chrome,143.0.0,Windows,10,Other,0,0,0,1,third_option,1,,,,,,,4,tmjewif2,,,,,0
218,msuwhwo9,6720378a683a5d8a933493fb,0,51,51,post_exp,FinalForProlific,2026-01-21 18:45:01.672506,1,,,112.49,218,,0.0,1,treatment,Chrome,143.0.0,Windows,10,Other,0,0,0,1,third_option,1,,,,,,,7,tmjewif2,,,,,0
219,okpdx13o,5d9b7f29654a3102c8112b63,0,51,51,post_exp,FinalForProlific,2026-01-21 18:45:04.364512,1,,,103.85,219,,0.0,1,treatment,Chrome,144.0.0,Mac OS X,10.15.7,Mac,0,0,0,1,third_option,1,,,,,,,5,tmjewif2,,,,,0
220,d07t89d9,671d7a754bafa85dac6e0683,0,51,51,post_exp,FinalForProlific,2026-01-21 18:45:04.755910,1,,,128.33,220,,0.0,1,treatment,Chrome,143.0.0,Windows,10,Other,0,0,0,1,third_option,1,,,,,,,5,tmjewif2,,,,,0
221,ybp2xztq,5977466b68264c0001c49088,0,51,51,post_exp,FinalForProlific,2026-01-21 18:45:08.024166,1,,,115.42,221,,0.0,1,control,Chrome,138.0.0,Chrome OS,14541.0.0,Other,0,0,0,1,third_option,1,,,,,,,4,tmjewif2,,,,,0
222,f3jx609t,5f4fe2d73a8bb611a36a94c4,0,3,51,intro,comprehensionQuestions,2026-01-21 18:45:10.008400,1,,,0.0,222,,0.0,1,treatment,Edge,144.0.0,Windows,10,Other,0,0,0,1,,,,,,,,,,tmjewif2,,,,,0
223,j65et2i3,5d4af0a71813250015d3c5c7,0,51,51,post_exp,FinalForProlific,2026-01-21 18:45:13.909279,1,,,113.77,223,,0.0,1,treatment,Chrome,143.0.0,Windows,10,Other,0,0,0,1,third_option,1,,,,,,,8,tmjewif2,,,,,0
224,ddgra4e2,66e046b11e9e1bd327a5c240,0,51,51,post_exp,FinalForProlific,2026-01-21 18:45:16.839794,1,,,109.6,224,,0.0,1,treatment,Chrome,143.0.0,Windows,10,Other,0,0,0,1,third_option,1,,,,,,,2,tmjewif2,,,,,0
225,wuz3a0ot,6636db94fa3ed150c2d78447,0,51,51,post_exp,FinalForProlific,2026-01-21 18:45:20.358292,1,,,119.57,225,,0.0,1,control,Chrome,143.0.0,Windows,10,Other,0,0,0,1,third_option,1,,,,,,,7,tmjewif2,,,,,0
226,a1wyex94,651c18b7be672ec76e5f6860,0,51,51,post_exp,FinalForProlific,2026-01-21 18:45:26.177566,1,,,113.35,226,,0.0,1,treatment,Chrome,143.0.0,Windows,10,Other,0,0,0,1,third_option,1,,,,,,,5,tmjewif2,,,,,0
227,dnc0kjmj,60c770aa2d2928bfda4c7cd4,0,51,51,post_exp,FinalForProlific,2026-01-21 18:45:34.569226,1,,,108.35,227,,0.0,1,treatment,Firefox,147.0,Windows,10,Other,0,0,0,1,third_option,1,,,,,,,8,tmjewif2,,,,,0
228,n0d77x9j,60dfd857e293a99dd577f4c8,0,51,51,post_exp,FinalForProlific,2026-01-21 18:45:34.688736,1,,,109.67,228,,0.0,1,treatment,Chrome,140.0.0,Chrome OS,14541.0.0,Other,0,0,0,1,third_option,1,,,,,,,3,tmjewif2,,,,,0
229,tdgv4euk,6579d5a22e0a15c71dd52086,0,2,51,intro,Instructions,2026-01-21 18:45:36.569155,1,,,0.0,229,,0.0,1,control,Chrome,143.0.0,Windows,10,Other,0,0,0,1,,,,,,,,,,tmjewif2,,,,,0
230,kkv7iai0,67c1d7dfe0aaba274972150e,0,51,51,post_exp,FinalForProlific,2026-01-21 18:45:38.516880,1,,,122.65,230,,0.0,1,treatment,Chrome,134.0.6998,Windows,10,Other,0,0,0,1,third_option,1,,,,,,,7,tmjewif2,,,,,0
231,37tz9n6j,655c5ad8f1a19dc5535007a4,0,51,51,post_exp,FinalForProlific,2026-01-21 18:45:42.704405,1,,,105.73,231,,0.0,1,treatment,Chrome,128.0.0,Windows,10,Other,0,0,0,1,third_option,1,,,,,,,8,tmjewif2,,,,,0
232,zqm0ii26,66d8790772c9e0e4ee96259c,0,51,51,post_exp,FinalForProlific,2026-01-21 18:45:49.296614,1,,,126.93,232,,0.0,1,treatment,Edge,144.0.0,Windows,10,Other,0,0,0,1,third_option,1,,,,,,,9,tmjewif2,,,,,0
233,v5o2nx50,67f45e1b361e2b3ebc9e7ed7,0,51,51,post_exp,FinalForProlific,2026-01-21 18:45:50.598185,1,,,114.92,233,,0.0,1,control,Chrome,141.0.0,Windows,10,Other,0,0,0,1,third_option,1,,,,,,,10,tmjewif2,,,,,0
234,z0ob3iy6,63177c00e83ff96a81c8f640,0,51,51,post_exp,FinalForProlific,2026-01-21 18:45:50.605175,1,,,117.93,234,,0.0,1,treatment,Edge,144.0.0,Windows,10,Other,0,0,0,1,third_option,1,,,,,,,5,tmjewif2,,,,,0
235,915kax3h,5d537c0cecc84200153075e9,0,51,51,post_exp,FinalForProlific,2026-01-21 18:45:51.458320,1,,,108.93,235,,0.0,1,treatment,Chrome Mobile,144.0.0,Android,10,K,0,1,0,0,third_option,1,,,,,,,5,tmjewif2,,,,,0
236,ay7i5t1j,5bdcd88176d6d50001bc3849,0,51,51,post_exp,FinalForProlific,2026-01-21 18:46:02.902916,1,,,118.64,236,,0.0,1,treatment,Firefox,147.0,Windows,10,Other,0,0,0,1,third_option,1,,,,,,,8,tmjewif2,,,,,0
237,7mc11ylu,6631579b8ebfe443d326fb16,0,2,51,intro,Instructions,2026-01-21 18:46:07.418230,1,,,0.0,237,,0.0,1,control,Chrome,143.0.0,Windows,10,Other,0,0,0,1,,,,,,,,,,tmjewif2,,,,,0
238,0xwuxzab,6965782a48bf2e36cd6a8f4d,0,3,51,intro,comprehensionQuestions,2026-01-21 18:46:07.627077,1,,,0.0,238,,0.0,1,treatment,Chrome,144.0.0,Windows,10,Other,0,0,0,1,,,,,,,,,,tmjewif2,,,,,0
239,o77snksd,67dca3ab5e7374bfad603e28,0,51,51,post_exp,FinalForProlific,2026-01-21 18:46:08.112982,1,,,108.37,239,,0.0,1,treatment,Chrome,143.0.0,Windows,10,Other,0,0,0,1,third_option,1,,,,,,,5,tmjewif2,,,,,0
240,r4e8jxd1,683667d92d0bfb2cf3f5c7a6,0,51,51,post_exp,FinalForProlific,2026-01-21 18:46:14.669662,1,,,117.11,240,,0.0,1,treatment,Chrome,139.0.0,Windows,10,Other,0,0,0,1,third_option,1,,,,,,,8,tmjewif2,,,,,0
241,f6nc6ujx,651c4484ba17050f6b716614,0,51,51,post_exp,FinalForProlific,2026-01-21 18:46:17.525255,1,,,110.85,241,,0.0,1,control,Chrome,143.0.0,Chrome OS,14541.0.0,Other,0,0,0,1,third_option,1,,,,,,,5,tmjewif2,,,,,0
242,1mg90jzs,614d465852620924f85603c8,0,12,51,main,Trade,2026-01-21 18:46:17.534607,1,,,0.0,242,,0.0,1,treatment,Edge,144.0.0,Windows,10,Other,0,0,0,1,third_option,1,,,,,,,4,tmjewif2,,,,,0
243,x4thxmpe,5c57c06ed05b82000139682e,0,51,51,post_exp,FinalForProlific,2026-01-21 18:46:20.147252,1,,,127.07,243,,0.0,1,treatment,Firefox,147.0,Windows,10,Other,0,0,0,1,third_option,1,,,,,,,4,tmjewif2,,,,,0
244,pynr5rvo,634ef87aec0966557c825573,0,51,51,post_exp,FinalForProlific,2026-01-21 18:46:32.899784,1,,,117.11,244,,0.0,1,treatment,Chrome,144.0.0,Windows,10,Other,0,0,0,1,third_option,1,,,,,,,1,tmjewif2,,,,,0
245,p37xsfb5,5bf408f7f35e0c000101693a,0,3,51,intro,comprehensionQuestions,2026-01-21 18:46:33.848860,1,,,0.0,245,,0.0,1,control,Chrome,143.0.0,Windows,10,Other,0,0,0,1,,,,,,,,,,tmjewif2,,,,,0
246,dafgv4fg,6942d52472f2d358c8ccd4bf,0,3,51,intro,comprehensionQuestions,2026-01-21 18:46:40.667373,1,,,0.0,246,,0.0,1,treatment,Safari,16.6.1,Mac OS X,10.15.7,Mac,0,0,0,1,,,,,,,,,,tmjewif2,,,,,0
247,taw92gf2,62a889993e01c9e01ee7066e,0,51,51,post_exp,FinalForProlific,2026-01-21 18:46:41.797741,1,,,108.84,247,,0.0,1,treatment,Chrome,144.0.0,Mac OS X,10.15.7,Mac,0,0,0,1,third_option,1,,,,,,,9,tmjewif2,,,,,0
248,rkd8e09e,662601318f64397f9b539f04,0,51,51,post_exp,FinalForProlific,2026-01-21 18:47:01.827662,1,,,115.76,248,,0.0,1,treatment,Chrome,144.0.0,Windows,10,Other,0,0,0,1,third_option,1,,,,,,,8,tmjewif2,,,,,0
249,ynzzpm4m,6950015633db665bd91254de,0,7,51,main,RoundFeedback,2026-01-21 18:47:02.381035,1,,,0.0,249,,0.0,1,control,Edge,144.0.0,Windows,10,Other,0,0,0,1,third_option,1,,,,,,,2,tmjewif2,,,,,0
250,f35anb0w,63ed1b44dc847ac2c0e41f82,0,51,51,post_exp,FinalForProlific,2026-01-21 18:47:09.713672,1,,,113.08,250,,0.0,1,treatment,Chrome,144.0.0,Windows,10,Other,0,0,0,1,third_option,1,,,,,,,8,tmjewif2,,,,,0
251,87ijhgdb,66c26b01a3d551a7d8bd342c,0,51,51,post_exp,FinalForProlific,2026-01-21 18:47:11.391163,1,,,111.91,251,,0.0,1,treatment,Chrome,143.0.0,Windows,10,Other,0,0,0,1,third_option,1,,,,,,,10,tmjewif2,,,,,0
252,pjy2z8qa,67b6e6cd3ff52d5036ecc0f9,0,51,51,post_exp,FinalForProlific,2026-01-21 18:47:14.707840,1,,,109.99,252,,0.0,1,treatment,Chrome,135.0.0,Windows,10,Other,0,0,0,1,third_option,1,,,,,,,7,tmjewif2,,,,,0
253,kaep3iq5,6579bbe4def90fc2a25cbc20,0,3,51,intro,comprehensionQuestions,2026-01-21 18:47:21.288087,1,,,0.0,253,,0.0,1,control,Chrome,143.0.0,Windows,10,Other,0,0,0,1,,,,,,,,,,tmjewif2,,,,,0
254,pb0ihdwj,6724ad43bd6f666e18f6c2ef,0,51,51,post_exp,FinalForProlific,2026-01-21 18:47:27.618725,1,,,112.33,254,,0.0,1,treatment,Chrome,141.0.0,Windows,10,Other,0,0,0,1,third_option,1,,,,,,,5,tmjewif2,,,,,0
255,e0dod4o1,64135f3a5f83c8b43e569213,0,2,51,intro,Instructions,2026-01-21 18:47:30.325030,1,,,0.0,255,,0.0,1,treatment,Chrome,144.0.0,Windows,10,Other,0,0,0,1,,,,,,,,,,tmjewif2,,,,,0
256,5x7khdz5,6949beaa243cf086177b6f0a,0,51,51,post_exp,FinalForProlific,2026-01-21 18:47:31.562204,1,,,113.27,256,,0.0,1,treatment,Chrome,109.0.0,Windows,10,Other,0,0,0,1,third_option,1,,,,,,,2,tmjewif2,,,,,0
257,kuzc3ico,602fd11faa844cd2d0fd5818,0,51,51,post_exp,FinalForProlific,2026-01-21 18:47:33.531077,1,,,112.85,257,,0.0,1,control,Chrome,143.0.0,Windows,10,Other,0,0,0,1,third_option,1,,,,,,,7,tmjewif2,,,,,0
258,yf3zamym,68274db11bfba8a021477782,0,11,51,main,DataFeeDecision,2026-01-21 18:47:36.139997,1,,,0.0,258,,0.0,1,treatment,Chrome,134.0.0,Windows,10,Other,0,0,0,1,third_option,1,,,,,,,8,tmjewif2,,,,,0
259,nun64w6z,5e2c7806bb1a6e000cf7f2e8,0,51,51,post_exp,FinalForProlific,2026-01-21 18:47:35.953790,1,,,103.92,259,,0.0,1,treatment,Chrome,140.0.0,Windows,10,Other,0,0,0,1,third_option,1,,,,,,,3,tmjewif2,,,,,0
260,ztnztucp,63bd0327f50b98c5d4f9c628,0,1,51,intro,Consent,2026-01-21 18:47:37.788857,1,,,0.0,260,,0.0,,treatment,Chrome,103.0.0,Chrome OS,14816.131.0,Other,0,0,0,1,,,,,,,,,,tmjewif2,,,,,0
261,yiw9h2gt,66f7250840e91c6ff477f904,0,3,51,intro,comprehensionQuestions,2026-01-21 18:47:40.489047,1,,,0.0,261,,0.0,1,control,Edge,144.0.0,Windows,10,Other,0,0,0,1,,,,,,,,,,tmjewif2,,,,,0
262,kk0124vx,69602d86d5c83a79d9b816d1,0,51,51,post_exp,FinalForProlific,2026-01-21 18:47:45.854112,1,,,115.42,262,,0.0,1,treatment,Chrome,143.0.0,Mac OS X,10.15.7,Mac,0,0,0,1,third_option,1,,,,,,,6,tmjewif2,,,,,0
263,rs4vlw8e,62a74fec726aac54b9e43d75,0,51,51,post_exp,FinalForProlific,2026-01-21 18:47:53.999241,1,,,111.31,263,,0.0,1,treatment,Chrome,143.0.0,Windows,10,Other,0,0,0,1,third_option,1,,,,,,,3,tmjewif2,,,,,0
264,09n7vq1z,66145d25f58cb537cdc9eb97,0,51,51,post_exp,FinalForProlific,2026-01-21 18:48:00.081230,1,,,112.34,264,,0.0,1,treatment,Chrome,121.0.0,Chrome OS,14541.0.0,Other,0,0,0,1,third_option,1,,,,,,,5,tmjewif2,,,,,0
265,s85uat21,66429bad9e92786ee8928856,0,51,51,post_exp,FinalForProlific,2026-01-21 18:48:01.712211,1,,,120.54,265,,0.0,1,control,Chrome,143.0.0,Mac OS X,10.15.7,Mac,0,0,0,1,third_option,1,,,,,,,6,tmjewif2,,,,,0
266,kpvhldn6,67435174b76a747138e8a47a,0,51,51,post_exp,FinalForProlific,2026-01-21 18:48:02.815726,1,,,108.63,266,,0.0,1,treatment,Edge,144.0.0,Windows,10,Other,0,0,0,1,third_option,1,,,,,,,6,tmjewif2,,,,,0
267,4exvuf8n,67433b6e21271e2da703ee36,0,3,51,intro,comprehensionQuestions,2026-01-21 18:48:11.731958,1,,,0.0,267,,0.0,1,treatment,Chrome,143.0.0,Windows,10,Other,0,0,0,1,,,,,,,,,,tmjewif2,,,,,0
268,yygzp0rr,67db79c1394397a838ce8fdd,0,51,51,post_exp,FinalForProlific,2026-01-21 18:48:18.025043,1,,,112.2,268,,0.0,1,treatment,Chrome,134.0.0,Windows,10,Other,0,0,0,1,third_option,1,,,,,,,6,tmjewif2,,,,,0
269,vwnshij9,5e5c88c3be924d475ff0fc34,0,51,51,post_exp,FinalForProlific,2026-01-21 18:48:20.112677,1,,,118.42,269,,0.0,1,control,Chrome,143.0.0,Chrome OS,14541.0.0,Other,0,0,0,1,third_option,1,,,,,,,0,tmjewif2,,,,,0
270,8kaj12n5,630bbdba33a8711f454d81d9,0,51,51,post_exp,FinalForProlific,2026-01-21 18:48:20.396398,1,,,116.88,270,,0.0,1,treatment,Edge,144.0.0,Windows,10,Other,0,0,0,1,third_option,1,,,,,,,7,tmjewif2,,,,,0
271,i476wyc2,65dfa0eb8559652ab54e2cbe,0,3,51,intro,comprehensionQuestions,2026-01-21 18:48:21.461264,1,,,0.0,271,,0.0,1,treatment,Chrome,143.0.0,Windows,10,Other,0,0,0,1,,,,,,,,,,tmjewif2,,,,,0
272,irok44gp,67570b014645d710f1e76680,0,51,51,post_exp,FinalForProlific,2026-01-21 18:48:21.691413,1,,,102.93,272,,0.0,1,treatment,Chrome,131.0.0,Windows,10,Other,0,0,0,1,third_option,1,,,,,,,9,tmjewif2,,,,,0
273,qlntcbyv,66e5cf7a11cb28aa31d19da8,0,51,51,post_exp,FinalForProlific,2026-01-21 18:48:30.661562,1,,,124.95,273,,0.0,1,control,Firefox,147.0,Mac OS X,10.15,Mac,0,0,0,1,third_option,1,,,,,,,6,tmjewif2,,,,,0
274,amd63c2n,695fe74c64008cd1562be302,0,51,51,post_exp,FinalForProlific,2026-01-21 18:48:36.695397,1,,,107.73,274,,0.0,1,treatment,Chrome,143.0.0,Windows,10,Other,0,0,0,1,third_option,1,,,,,,,1,tmjewif2,,,,,0
275,qq0yfsck,67155947b83a6aee15acbc0d,0,51,51,post_exp,FinalForProlific,2026-01-21 18:48:59.550237,1,,,107.85,275,,0.0,1,treatment,Chrome,143.0.0,Windows,10,Other,0,0,0,1,third_option,1,,,,,,,7,tmjewif2,,,,,0
276,vq66g6yn,67e0875cac594a7d8175c644,0,6,51,main,Trade,2026-01-21 18:49:06.822149,1,,,0.0,276,,0.0,1,treatment,Chrome,134.0.0,Windows,10,Other,0,0,0,1,third_option,1,,,,,,,7,tmjewif2,,,,,0
277,wn7awljp,66f1b4e2d875c6785ca1d50a,0,3,51,intro,comprehensionQuestions,2026-01-21 18:49:19.078743,1,,,0.0,277,,0.0,1,control,Chrome,143.0.0,Windows,10,Other,0,0,0,1,,,,,,,,,,tmjewif2,,,,,0
278,cgokwi7s,67d727dbd653b68ee63e3d08,0,51,51,post_exp,FinalForProlific,2026-01-21 18:49:21.483092,1,,,110.74,278,,0.0,1,treatment,Chrome,132.0.0,Windows,10,Other,0,0,0,1,third_option,1,,,,,,,3,tmjewif2,,,,,0
279,ai7d3iyl,5c8fa44e045ff10012b60821,0,51,51,post_exp,FinalForProlific,2026-01-21 18:49:24.946983,1,,,106.31,279,,0.0,1,treatment,Chrome,143.0.0,Windows,10,Other,0,0,0,1,third_option,1,,,,,,,1,tmjewif2,,,,,0
280,jzu4xbdd,68423451060859f8ce31ee5a,0,51,51,post_exp,FinalForProlific,2026-01-21 18:49:27.352264,1,,,125.61,280,,0.0,1,treatment,Chrome,133.0.0,Windows,10,Other,0,0,0,1,third_option,1,,,,,,,8,tmjewif2,,,,,0
281,joqcgq4l,677e29646b0a2cf5eff174dc,0,51,51,post_exp,FinalForProlific,2026-01-21 18:49:29.066175,1,,,122.58,281,,0.0,1,control,Chrome,137.0.0,Windows,10,Other,0,0,0,1,third_option,1,,,,,,,9,tmjewif2,,,,,0
282,b717ktxd,672bbb444ab4546a33718004,0,51,51,post_exp,FinalForProlific,2026-01-21 18:49:29.212925,1,,,108.44,282,,0.0,1,treatment,Chrome,126.0.0,Chrome OS,14541.0.0,Other,0,0,0,1,third_option,1,,,,,,,8,tmjewif2,,,,,0
283,u6x9jf5q,6781935f0fbff63cc8eb3595,0,51,51,post_exp,FinalForProlific,2026-01-21 18:49:34.115668,1,,,116.0,283,,0.0,1,treatment,Chrome,133.0.0,Windows,10,Other,0,0,0,1,third_option,1,,,,,,,8,tmjewif2,,,,,0
284,0yhxbxej,656b2f8d41ad79f68926ad34,0,51,51,post_exp,FinalForProlific,2026-01-21 18:49:42.161032,1,,,110.62,284,,0.0,1,treatment,Chrome,143.0.0,Windows,10,Other,0,0,0,1,third_option,1,,,,,,,8,tmjewif2,,,,,0
285,yqoryh3y,6413bee5234ad46e9fc4ba75,0,51,51,post_exp,FinalForProlific,2026-01-21 18:49:42.938125,1,,,120.04,285,,0.0,1,control,Chrome,144.0.0,Windows,10,Other,0,0,0,1,third_option,1,,,,,,,7,tmjewif2,,,,,0
286,2bo5cvga,66bcbbd35d182838b25ff7df,0,51,51,post_exp,FinalForProlific,2026-01-21 18:49:50.123682,1,,,110.44,286,,0.0,1,treatment,Chrome,143.0.0,Mac OS X,10.15.7,Mac,0,0,0,1,third_option,1,,,,,,,3,tmjewif2,,,,,0
287,7712yr0z,58cbd23d5d42920001414dd8,0,51,51,post_exp,FinalForProlific,2026-01-21 18:49:52.092377,1,,,107.5,287,,0.0,1,treatment,Chrome,144.0.0,Windows,10,Other,0,0,0,1,third_option,1,,,,,,,7,tmjewif2,,,,,0
288,h9hlixwt,5c0b388b9c7b1100015ab55f,0,51,51,post_exp,FinalForProlific,2026-01-21 18:49:56.301202,1,,,104.56,288,,0.0,1,treatment,Chrome,143.0.0,Windows,10,Other,0,0,0,1,third_option,1,,,,,,,8,tmjewif2,,,,,0
289,dy55co27,5a776b5aae9a0b0001a9631d,0,51,51,post_exp,FinalForProlific,2026-01-21 18:49:58.160370,1,,,118.81,289,,0.0,1,control,Chrome,144.0.0,Windows,10,Other,0,0,0,1,third_option,1,,,,,,,7,tmjewif2,,,,,0
290,zqg31prr,6786c02b927bff134b80264c,0,51,51,post_exp,FinalForProlific,2026-01-21 18:50:04.339913,1,,,113.07,290,,0.0,1,treatment,Chrome,131.0.0,Windows,10,Other,0,0,0,1,third_option,1,,,,,,,6,tmjewif2,,,,,0
291,qkan8p6c,6568b70075a2e3f099a181f2,0,51,51,post_exp,FinalForProlific,2026-01-21 18:50:12.208734,1,,,128.18,291,,0.0,1,treatment,Chrome,116.0.0,Windows,10,Other,0,0,0,1,third_option,1,,,,,,,3,tmjewif2,,,,,0
292,exoyyzuf,5c55b95b91c0ad0001cf86ab,0,51,51,post_exp,FinalForProlific,2026-01-21 18:50:15.170291,1,,,123.15,292,,0.0,1,treatment,Chrome,143.0.0,Mac OS X,10.15.7,Mac,0,0,0,1,third_option,1,,,,,,,5,tmjewif2,,,,,0
293,yftxviq0,67a5669452a6651f8be0b0bc,0,51,51,post_exp,FinalForProlific,2026-01-21 18:50:26.691069,1,,,115.73,293,,0.0,1,control,Chrome,137.0.0,Windows,10,Other,0,0,0,1,third_option,1,,,,,,,10,tmjewif2,,,,,0
294,0geiaw2g,66aa8d04719b0f5ef3433e9c,0,51,51,post_exp,FinalForProlific,2026-01-21 18:50:37.467621,1,,,112.11,294,,0.0,1,treatment,Chrome,138.0.0,Windows,10,Other,0,0,0,1,third_option,1,,,,,,,9,tmjewif2,,,,,0
295,3n13o6f8,676ed8014625d5ebd417b5f2,0,51,51,post_exp,FinalForProlific,2026-01-21 18:50:51.969809,1,,,113.06,295,,0.0,1,treatment,Chrome,138.0.0,Windows,10,Other,0,0,0,1,third_option,1,,,,,,,2,tmjewif2,,,,,0
296,9cu3podf,680a7579f2a8f8c4ad13e66a,0,6,51,main,Trade,2026-01-21 18:50:59.696443,1,,,0.0,296,,0.0,1,treatment,Chrome,143.0.0,Windows,10,Other,0,0,0,1,third_option,1,,,,,,,9,tmjewif2,,,,,0
297,udc1z0ye,67e268cbf13dcd115337894c,0,51,51,post_exp,FinalForProlific,2026-01-21 18:51:01.740267,1,,,118.31,297,,0.0,1,control,Chrome,141.0.0,Windows,10,Other,0,0,0,1,third_option,1,,,,,,,8,tmjewif2,,,,,0
298,xhi818fq,5fd9227fbeeb773aa4d6c986,0,51,51,post_exp,FinalForProlific,2026-01-21 18:51:01.896719,1,,,114.21,298,,0.0,1,treatment,Chrome,144.0.0,Windows,10,Other,0,0,0,1,third_option,1,,,,,,,6,tmjewif2,,,,,0
299,rti3wsk4,67fd46db088825e305648e1a,0,51,51,post_exp,FinalForProlific,2026-01-21 18:51:07.556288,1,,,106.58,299,,0.0,1,treatment,Chrome,144.0.0,Windows,10,Other,0,0,0,1,third_option,1,,,,,,,6,tmjewif2,,,,,0
300,rrpco0sy,653b00b25d4734b333b03fc9,0,51,51,post_exp,FinalForProlific,2026-01-21 18:51:10.004983,1,,,109.18,300,,0.0,1,treatment,Chrome,143.0.0,Windows,10,Other,0,0,0,1,third_option,1,,,,,,,5,tmjewif2,,,,,0
301,e28kfo4u,67588df7242d02a6ae8e3fbf,0,51,51,post_exp,FinalForProlific,2026-01-21 18:51:11.408004,1,,,129.35,301,,0.0,1,control,Chrome,143.0.0,Windows,10,Other,0,0,0,1,third_option,1,,,,,,,6,tmjewif2,,,,,0
302,kax3ovro,680c0636408121caf12fe0d1,0,51,51,post_exp,FinalForProlific,2026-01-21 18:51:15.695070,1,,,107.92,302,,0.0,1,treatment,Chrome,133.0.0,Windows,10,Other,0,0,0,1,third_option,1,,,,,,,7,tmjewif2,,,,,0
303,jskj74r4,6151e479b4ee16668948c7f2,0,51,51,post_exp,FinalForProlific,2026-01-21 18:51:20.116992,1,,,106.64,303,,0.0,1,treatment,Chrome,143.0.0,Mac OS X,10.15.7,Mac,0,0,0,1,third_option,1,,,,,,,6,tmjewif2,,,,,0
304,1ra3d3ge,66b01097e95b0626c2cd7b5c,0,51,51,post_exp,FinalForProlific,2026-01-21 18:51:30.847899,1,,,111.57,304,,0.0,1,treatment,Edge,144.0.0,Windows,10,Other,0,0,0,1,third_option,1,,,,,,,5,tmjewif2,,,,,0
305,80k0zxmo,673bc7364722159a7c678802,0,51,51,post_exp,FinalForProlific,2026-01-21 18:51:46.144868,1,,,107.85,305,,0.0,1,control,Chrome,134.0.0,Windows,10,Other,0,0,0,1,third_option,1,,,,,,,6,tmjewif2,,,,,0
306,5itbniyh,63e7f2a754618d35c2b61ba5,0,51,51,post_exp,FinalForProlific,2026-01-21 18:51:53.060795,1,,,121.49,306,,0.0,1,treatment,Chrome,144.0.0,Windows,10,Other,0,0,0,1,third_option,1,,,,,,,5,tmjewif2,,,,,0
307,69be4wsr,67eaa46b7bb6cbefdcbde74c,0,51,51,post_exp,FinalForProlific,2026-01-21 18:51:57.585230,1,,,103.48,307,,0.0,1,treatment,Chrome,129.0.0,Windows,NT,Other,0,0,0,1,third_option,1,,,,,,,8,tmjewif2,,,,,0
308,1ba92h9e,67cccc70ea11ab9caa72da49,0,51,51,post_exp,FinalForProlific,2026-01-21 18:51:59.387010,1,,,109.33,308,,0.0,1,treatment,Chrome,134.0.0,Windows,10,Other,0,0,0,1,third_option,1,,,,,,,8,tmjewif2,,,,,0
309,fj7fmm42,67f192e08cf17c568074969d,0,51,51,post_exp,FinalForProlific,2026-01-21 18:52:00.224310,1,,,114.28,309,,0.0,1,control,Chrome,140.0.0,Windows,10,Other,0,0,0,1,third_option,1,,,,,,,9,tmjewif2,,,,,0
310,3cpcu2xz,67e7d7ba69a2afc3b987fd3f,0,6,51,main,Trade,2026-01-21 18:52:14.670345,1,,,0.0,310,,0.0,1,treatment,Chrome,141.0.0,Windows,10,Other,0,0,0,1,third_option,1,,,,,,,8,tmjewif2,,,,,0
311,q0hmfovq,5dd438b65a40f24302c09c2d,0,51,51,post_exp,FinalForProlific,2026-01-21 18:52:24.889374,1,,,110.29,311,,0.0,1,treatment,Chrome,109.0.0,Windows,10,Other,0,0,0,1,third_option,1,,,,,,,8,tmjewif2,,,,,0
312,1gtwlg0n,696179cd45c263045b0c36cf,0,51,51,post_exp,FinalForProlific,2026-01-21 18:52:25.980633,1,,,108.84,312,,0.0,1,treatment,Chrome,144.0.0,Mac OS X,10.15.7,Mac,0,0,0,1,third_option,1,,,,,,,4,tmjewif2,,,,,0
313,b5c696it,66058651f9c5fb6a8dba7633,0,51,51,post_exp,FinalForProlific,2026-01-21 18:52:30.897185,1,,,112.13,313,,0.0,1,control,Chrome,109.0.0,Windows,10,Other,0,0,0,1,third_option,1,,,,,,,6,tmjewif2,,,,,0
314,om4sj85i,6119ccaad19b17d52526b724,0,51,51,post_exp,FinalForProlific,2026-01-21 18:52:31.009572,1,,,106.99,314,,0.0,1,treatment,Edge,144.0.0,Windows,10,Other,0,0,0,1,third_option,1,,,,,,,3,tmjewif2,,,,,0
315,5atvgil1,672413541a4832a40147dec7,0,51,51,post_exp,FinalForProlific,2026-01-21 18:52:40.261938,1,,,107.29,315,,0.0,1,treatment,Chrome,143.0.0,Windows,10,Other,0,0,0,1,third_option,1,,,,,,,6,tmjewif2,,,,,0
316,khcnx6du,6266aa7132e3a5bf1631ac1b,0,2,51,intro,Instructions,2026-01-21 18:52:41.254700,1,,,0.0,316,,0.0,1,treatment,Edge,144.0.0,Windows,10,Other,0,0,0,1,,,,,,,,,,tmjewif2,,,,,0
317,jwogk0ek,5591cd21fdf99b63126f6c60,0,51,51,post_exp,FinalForProlific,2026-01-21 18:52:42.682799,1,,,121.83,317,,0.0,1,control,Edge,144.0.0,Windows,10,Other,0,0,0,1,third_option,1,,,,,,,8,tmjewif2,,,,,0
318,4y9cvayy,5dcc5fee28e3148e8009491e,0,51,51,post_exp,FinalForProlific,2026-01-21 18:52:43.880634,1,,,107.3,318,,0.0,1,treatment,Safari,17.14,Mac OS X,10.15.7,Mac,0,0,0,1,third_option,1,,,,,,,2,tmjewif2,,,,,0
319,itfayh9p,66aebc2458180fbfae675464,0,51,51,post_exp,FinalForProlific,2026-01-21 18:52:46.837435,1,,,112.23,319,,0.0,1,treatment,Chrome,144.0.0,Windows,10,Other,0,0,0,1,third_option,1,,,,,,,1,tmjewif2,,,,,0
320,sljrjqw6,6604664cb53a76971c8a1dce,0,51,51,post_exp,FinalForProlific,2026-01-21 18:52:55.309358,1,,,111.71,320,,0.0,1,treatment,Chrome,143.0.0,Mac OS X,10.15.7,Mac,0,0,0,1,third_option,1,,,,,,,8,tmjewif2,,,,,0
321,fmhlqlx2,67d9ef30fe8af2858e8dbbd3,0,51,51,post_exp,FinalForProlific,2026-01-21 18:52:56.587607,1,,,115.19,321,,0.0,1,control,Chrome,141.0.0,Windows,10,Other,0,0,0,1,third_option,1,,,,,,,6,tmjewif2,,,,,0
322,gb8t503a,5dcf4136cf8e7e086ea019e4,0,51,51,post_exp,FinalForProlific,2026-01-21 18:52:59.934031,1,,,113.87,322,,0.0,1,treatment,Chrome,144.0.0,Windows,10,Other,0,0,0,1,third_option,1,,,,,,,6,tmjewif2,,,,,0
323,n4iajy1w,5a8352feae9a0b0001a9da8f,0,51,51,post_exp,FinalForProlific,2026-01-21 18:53:06.399127,1,,,103.85,323,,0.0,1,treatment,Chrome,143.0.0,Windows,10,Other,0,0,0,1,third_option,1,,,,,,,8,tmjewif2,,,,,0
324,iupmf6vr,684a12ce6791bc422c72abbb,0,51,51,post_exp,FinalForProlific,2026-01-21 18:53:12.353381,1,,,133.75,324,,0.0,1,treatment,Chrome,141.0.0,Windows,10,Other,0,0,0,1,third_option,1,,,,,,,10,tmjewif2,,,,,0
325,l4nslb4f,67a4fa41a531fc71450c7783,0,51,51,post_exp,FinalForProlific,2026-01-21 18:53:24.959207,1,,,116.87,325,,0.0,1,control,Chrome,141.0.0,Windows,10,Other,0,0,0,1,third_option,1,,,,,,,7,tmjewif2,,,,,0
326,78judyqi,5b7aefd06c1ccb000178b710,0,3,51,intro,comprehensionQuestions,2026-01-21 18:53:27.565025,1,,,0.0,326,,0.0,1,treatment,Firefox,115.0,Mac OS X,10.13,Mac,0,0,0,1,,,,,,,,,,tmjewif2,,,,,0
327,u6jop1s5,67628abfa461bc8ff539c320,0,51,51,post_exp,FinalForProlific,2026-01-21 18:53:36.573408,1,,,120.28,327,,0.0,1,treatment,Chrome,141.0.0,Windows,10,Other,0,0,0,1,third_option,1,,,,,,,5,tmjewif2,,,,,0
328,007emn2f,,0,51,51,post_exp,FinalForProlific,2026-01-21 18:53:51.955266,1,,,111.46,328,,0.0,1,treatment,Chrome,133.0.0,Windows,10,Other,0,0,0,1,third_option,1,,,,,,,9,tmjewif2,,,,,0
329,e2f989y9,5910a5f8748d450001ba3a67,0,51,51,post_exp,FinalForProlific,2026-01-21 18:54:07.744030,1,,,119.65,329,,0.0,1,control,Chrome,144.0.0,Windows,10,Other,0,0,0,1,third_option,1,,,,,,,5,tmjewif2,,,,,0
330,730d94wp,6698502e9bc844218a76c883,0,51,51,post_exp,FinalForProlific,2026-01-21 18:54:08.468612,1,,,129.53,330,,0.0,1,treatment,Chrome,141.0.0,Windows,10,Other,0,0,0,1,third_option,1,,,,,,,5,tmjewif2,,,,,0
331,ubskctu7,67d952104d8da4447ab6be2c,0,51,51,post_exp,FinalForProlific,2026-01-21 18:54:10.725659,1,,,112.97,331,,0.0,1,treatment,Chrome,140.0.0,Windows,10,Other,0,0,0,1,third_option,1,,,,,,,8,tmjewif2,,,,,0
332,3cu3ard8,673531746185202ffebf4a88,0,3,51,intro,comprehensionQuestions,2026-01-21 18:54:14.376869,1,,,0.0,332,,0.0,1,treatment,Chrome,142.0.0,Windows,10,Other,0,0,0,1,,,,,,,,,,tmjewif2,,,,,0
333,eafugexl,6060ddd26de46b745d90990c,0,51,51,post_exp,FinalForProlific,2026-01-21 18:54:26.808997,1,,,141.11,333,,0.0,1,control,Chrome,143.0.0,Windows,10,Other,0,0,0,1,third_option,1,,,,,,,10,tmjewif2,,,,,0
334,18v4hxef,,0,51,51,post_exp,FinalForProlific,2026-01-21 18:54:28.455937,1,,,113.17,334,,0.0,1,treatment,Chrome,137.0.0,Windows,10,Other,0,0,0,1,third_option,1,,,,,,,5,tmjewif2,,,,,0
335,9w3hdxis,678d1117ee7d6bf82b559edc,0,51,51,post_exp,FinalForProlific,2026-01-21 18:54:34.607304,1,,,106.02,335,,0.0,1,treatment,Chrome,133.0.0,Windows,10,Other,0,0,0,1,third_option,1,,,,,,,9,tmjewif2,,,,,0
336,aepzkvm5,67a95d468d14bd6324b4bbba,0,51,51,post_exp,FinalForProlific,2026-01-21 18:54:39.047022,1,,,110.07,336,,0.0,1,treatment,Chrome,134.0.0,Windows,10,Other,0,0,0,1,third_option,1,,,,,,,10,tmjewif2,,,,,0
337,0098una1,67eead2134f75ea96e40cd67,0,51,51,post_exp,FinalForProlific,2026-01-21 18:54:56.222364,1,,,124.76,337,,0.0,1,control,Chrome,142.0.0,Windows,10,Other,0,0,0,1,third_option,1,,,,,,,8,tmjewif2,,,,,0
338,9gczf7e4,62fe6312269d0e4ae894297b,0,51,51,post_exp,FinalForProlific,2026-01-21 18:54:56.092663,1,,,108.03,338,,0.0,1,treatment,Firefox,147.0,Windows,10,Other,0,0,0,1,third_option,1,,,,,,,5,tmjewif2,,,,,0
339,9dk3pxcr,680d155019b77b986ff85126,0,51,51,post_exp,FinalForProlific,2026-01-21 18:54:58.484930,1,,,112.68,339,,0.0,1,treatment,Chrome,137.0.0,Windows,10,Other,0,0,0,1,third_option,1,,,,,,,8,tmjewif2,,,,,0
340,idj6jr8t,5ff07b5ee7a1d23e719e421e,0,51,51,post_exp,FinalForProlific,2026-01-21 18:55:02.999682,1,,,103.6,340,,0.0,1,treatment,Chrome,143.0.0,Windows,10,Other,0,0,0,1,third_option,1,,,,,,,5,tmjewif2,,,,,0
341,80p8zrcw,6717b21c1e82990c9080d9bc,0,51,51,post_exp,FinalForProlific,2026-01-21 18:55:21.580517,1,,,114.8,341,,0.0,1,control,Chrome,138.0.0,Windows,10,Other,0,0,0,1,third_option,1,,,,,,,4,tmjewif2,,,,,0
342,n1txtl4h,5deb3ffdf375c625fa83bac7,0,51,51,post_exp,FinalForProlific,2026-01-21 18:55:21.790134,1,,,125.68,342,,0.0,1,treatment,Chrome,144.0.0,Windows,10,Other,0,0,0,1,third_option,1,,,,,,,5,tmjewif2,,,,,0
343,qxpkpzsc,677c358117d1ac70048fd3c6,0,51,51,post_exp,FinalForProlific,2026-01-21 18:55:27.101116,1,,,112.74,343,,0.0,1,treatment,Chrome,143.0.0,Mac OS X,10.15.7,Mac,0,0,0,1,third_option,1,,,,,,,7,tmjewif2,,,,,0
344,3jr4lyxg,670f9fd0a399d73d5af41902,0,51,51,post_exp,FinalForProlific,2026-01-21 18:55:42.794135,1,,,131.43,344,,0.0,1,treatment,Chrome,144.0.0,Windows,10,Other,0,0,0,1,third_option,1,,,,,,,8,tmjewif2,,,,,0
345,kbpnkjfl,662948ed99960b11f2f8e3fe,0,51,51,post_exp,FinalForProlific,2026-01-21 18:55:45.172132,1,,,115.33,345,,0.0,1,control,Chrome,144.0.0,Windows,10,Other,0,0,0,1,third_option,1,,,,,,,7,tmjewif2,,,,,0
346,j40xhl3y,6941aeb9a019a9bbdd57d028,0,51,51,post_exp,FinalForProlific,2026-01-21 18:55:45.289715,1,,,107.71,346,,0.0,1,treatment,Chrome,144.0.0,Windows,10,Other,0,0,0,1,third_option,1,,,,,,,4,tmjewif2,,,,,0
347,0bq2plr8,5dbc73047d3d3622bcd31170,0,51,51,post_exp,FinalForProlific,2026-01-21 18:55:47.331187,1,,,109.66,347,,0.0,1,treatment,Chrome,143.0.0,Windows,10,Other,0,0,0,1,third_option,1,,,,,,,1,tmjewif2,,,,,0
348,day4mck8,5cb67a7ab73e8a001507fae5,0,51,51,post_exp,FinalForProlific,2026-01-21 18:55:47.813326,1,,,104.35,348,,0.0,1,treatment,Chrome,144.0.0,Windows,10,Other,0,0,0,1,third_option,1,,,,,,,5,tmjewif2,,,,,0
349,vn53iycm,55c82012fdf99b02adc2a36e,0,51,51,post_exp,FinalForProlific,2026-01-21 18:56:00.933120,1,,,112.68,349,,0.0,1,control,Chrome,143.0.0,Windows,10,Other,0,0,0,1,third_option,1,,,,,,,2,tmjewif2,,,,,0
350,rmmqo1iz,67d1e699af2dd980a764accb,0,3,51,intro,comprehensionQuestions,2026-01-21 18:56:05.367332,1,,,0.0,350,,0.0,1,treatment,Chrome,133.0.0,Windows,10,Other,0,0,0,1,,,,,,,,,,tmjewif2,,,,,0
351,02l2fj23,66bfdc082ffe8d45b60263a6,0,51,51,post_exp,FinalForProlific,2026-01-21 18:56:18.316023,1,,,105.44,351,,0.0,1,treatment,Chrome,143.0.0,Windows,10,Other,0,0,0,1,third_option,1,,,,,,,4,tmjewif2,,,,,0
352,lbh3lgq2,687412b8d619a222cdd0bec9,0,51,51,post_exp,FinalForProlific,2026-01-21 18:56:22.390511,1,,,110.85,352,,0.0,1,treatment,Chrome,134.0.0,Windows,10,Other,0,0,0,1,third_option,1,,,,,,,7,tmjewif2,,,,,0
353,n7xwu3wh,5e5165d2f1ecb418da9c2db7,0,51,51,post_exp,FinalForProlific,2026-01-21 18:56:22.970226,1,,,115.95,353,,0.0,1,control,Chrome,143.0.0,Windows,10,Other,0,0,0,1,third_option,1,,,,,,,2,tmjewif2,,,,,0
354,kia6vgra,66f480695684a9ff1f525bf8,0,51,51,post_exp,FinalForProlific,2026-01-21 18:56:26.734625,1,,,100.21,354,,0.0,1,treatment,Firefox,129.0,Windows,10,Other,0,0,0,1,third_option,1,,,,,,,4,tmjewif2,,,,,0
355,8bl2jxx3,6701c01f6fb3d34d3bed389e,0,51,51,post_exp,FinalForProlific,2026-01-21 18:56:31.596137,1,,,124.04,355,,0.0,1,treatment,Firefox,140.0,Windows,10,Other,0,0,0,1,third_option,1,,,,,,,5,tmjewif2,,,,,0
356,ny8dxdq5,60f43c3a0fd9723feba1af38,0,51,51,post_exp,FinalForProlific,2026-01-21 18:56:35.957288,1,,,111.35,356,,0.0,1,treatment,Chrome,143.0.0,Windows,10,Other,0,0,0,1,third_option,1,,,,,,,8,tmjewif2,,,,,0
357,uozj78n1,668bf688d58206e61f399a88,0,51,51,post_exp,FinalForProlific,2026-01-21 18:56:43.474858,1,,,114.6,357,,0.0,1,control,Edge,144.0.0,Windows,10,Other,0,0,0,1,third_option,1,,,,,,,5,tmjewif2,,,,,0
358,novaf00c,65ad46b9f153e326250e7575,0,2,51,intro,Instructions,2026-01-21 18:56:44.604042,1,,,0.0,358,,0.0,1,treatment,Chrome,126.0.0,Chrome OS,14541.0.0,Other,0,0,0,1,,,,,,,,,,tmjewif2,,,,,0
359,plvfma11,6129781ecb8007ce6248a915,0,51,51,post_exp,FinalForProlific,2026-01-21 18:57:08.174929,1,,,111.16,359,,0.0,1,treatment,Edge,144.0.0,Windows,10,Other,0,0,0,1,third_option,1,,,,,,,7,tmjewif2,,,,,0
360,1bv48n2r,672c373817eff160001d5a39,0,3,51,intro,comprehensionQuestions,2026-01-21 18:57:11.046795,1,,,0.0,360,,0.0,1,treatment,Safari,17.6,Mac OS X,10.15.7,Mac,0,0,0,1,,,,,,,,,,tmjewif2,,,,,0
361,cu4h8aow,665751e1e09c504b18bf805b,0,3,51,intro,comprehensionQuestions,2026-01-21 18:57:12.057472,1,,,0.0,361,,0.0,1,control,Edge,144.0.0,Windows,10,Other,0,0,0,1,,,,,,,,,,tmjewif2,,,,,0
362,l0ipw6dz,67775a3990c24dfe448b78bd,0,51,51,post_exp,FinalForProlific,2026-01-21 18:57:12.960306,1,,,120.7,362,,0.0,1,treatment,Chrome,144.0.0,Mac OS X,10.15.7,Mac,0,0,0,1,third_option,1,,,,,,,7,tmjewif2,,,,,0
363,jw3fbmhu,665d92a608fef982937744df,0,51,51,post_exp,FinalForProlific,2026-01-21 18:57:13.001775,1,,,129.11,363,,0.0,1,treatment,Chrome,144.0.0,Windows,10,Other,0,0,0,1,third_option,1,,,,,,,6,tmjewif2,,,,,0
364,za7yp8k7,63ffcb367b500c516d0648a2,0,51,51,post_exp,FinalForProlific,2026-01-21 18:57:18.200488,1,,,120.39,364,,0.0,1,treatment,Chrome,143.0.0,Windows,10,Other,0,0,0,1,third_option,1,,,,,,,5,tmjewif2,,,,,0
365,k395bonr,668c0ba61ad563eb5505b22a,0,51,51,post_exp,FinalForProlific,2026-01-21 18:57:18.691437,1,,,109.28,365,,0.0,1,control,Chrome,143.0.0,Windows,10,Other,0,0,0,1,third_option,1,,,,,,,10,tmjewif2,,,,,0
366,sfcisv19,673f808c15c34271ac88d58e,0,51,51,post_exp,FinalForProlific,2026-01-21 18:57:29.749070,1,,,113.6,366,,0.0,1,treatment,Chrome,133.0.0,Windows,10,Other,0,0,0,1,third_option,1,,,,,,,9,tmjewif2,,,,,0
367,3or7q86t,67ac95764f3091a540c69b5b,0,51,51,post_exp,FinalForProlific,2026-01-21 18:57:31.300136,1,,,110.1,367,,0.0,1,treatment,Chrome,143.0.0,Windows,10,Other,0,0,0,1,third_option,1,,,,,,,5,tmjewif2,,,,,0
368,4flch7ga,64402f7ad3d019dc99b9f3f0,0,51,51,post_exp,FinalForProlific,2026-01-21 18:57:33.766334,1,,,110.5,368,,0.0,1,treatment,Chrome,143.0.0,Mac OS X,10.15.7,Mac,0,0,0,1,third_option,1,,,,,,,6,tmjewif2,,,,,0
369,6xx5cm0z,66a94c224273fab59f0b2c71,0,51,51,post_exp,FinalForProlific,2026-01-21 18:57:34.883733,1,,,115.27,369,,0.0,1,control,Chrome,127.0.0,Windows,10,Other,0,0,0,1,third_option,1,,,,,,,7,tmjewif2,,,,,0
370,mdw5kcbt,67cb51b23d74b436185a20eb,0,51,51,post_exp,FinalForProlific,2026-01-21 18:57:35.458449,1,,,117.26,370,,0.0,1,treatment,Chrome,143.0.0,Windows,10,Other,0,0,0,1,third_option,1,,,,,,,5,tmjewif2,,,,,0
371,ixjboz75,6784cd4c648d7fe55ab2ff24,0,51,51,post_exp,FinalForProlific,2026-01-21 18:57:44.173723,1,,,111.54,371,,0.0,1,treatment,Chrome,131.0.0,Windows,10,Other,0,0,0,1,third_option,1,,,,,,,7,tmjewif2,,,,,0
372,ev8919b7,59894fbbda239a0001fb8e16,0,51,51,post_exp,FinalForProlific,2026-01-21 18:57:49.290083,1,,,109.38,372,,0.0,1,treatment,Chrome,144.0.0,Windows,10,Other,0,0,0,1,third_option,1,,,,,,,6,tmjewif2,,,,,0
373,h7uakgnq,63f2261685a2effaa7a16de6,0,2,51,intro,Instructions,2026-01-21 18:58:14.818477,1,,,0.0,373,,0.0,1,control,Firefox,147.0,Windows,10,Other,0,0,0,1,,,,,,,,,,tmjewif2,,,,,0
374,voxfjouo,675a2ef45fbe0cc52b8403ae,0,51,51,post_exp,FinalForProlific,2026-01-21 18:58:21.385248,1,,,107.69,374,,0.0,1,treatment,Chrome,134.0.0,Windows,10,Other,0,0,0,1,third_option,1,,,,,,,6,tmjewif2,,,,,0
375,6zsj0nks,65a2cd1b1d1724a7eba41cd3,0,51,51,post_exp,FinalForProlific,2026-01-21 18:58:32.511647,1,,,116.56,375,,0.0,1,treatment,Chrome,144.0.0,Windows,10,Other,0,0,0,1,third_option,1,,,,,,,7,tmjewif2,,,,,0
376,oo41qa1r,638e84c70418d8a2c0aa372e,0,2,51,intro,Instructions,2026-01-21 18:58:33.335259,1,,,0.0,376,,0.0,1,treatment,Chrome,143.0.0,Windows,10,Other,0,0,0,1,,,,,,,,,,tmjewif2,,,,,0
377,eqt7aqcj,5ec44da606cb7931f04a35e9,0,51,51,post_exp,FinalForProlific,2026-01-21 18:58:34.202395,1,,,119.57,377,,0.0,1,control,Chrome,143.0.0,Mac OS X,10.15.7,Mac,0,0,0,1,third_option,1,,,,,,,3,tmjewif2,,,,,0
378,ngczyhph,62a885d5b6af18b3d4579e1b,0,51,51,post_exp,FinalForProlific,2026-01-21 18:58:37.475056,1,,,106.1,378,,0.0,1,treatment,Chrome,143.0.0,Windows,10,Other,0,0,0,1,third_option,1,,,,,,,6,tmjewif2,,,,,0
379,yebecq6r,62cb2fda77bec729c86fbbba,0,51,51,post_exp,FinalForProlific,2026-01-21 18:58:38.645908,1,,,115.7,379,,0.0,1,treatment,Chrome,144.0.0,Windows,10,Other,0,0,0,1,third_option,1,,,,,,,8,tmjewif2,,,,,0
380,r2zjhxr7,67932008111dd21a58f37f9d,0,51,51,post_exp,FinalForProlific,2026-01-21 18:58:43.036475,1,,,102.34,380,,0.0,1,treatment,Chrome,129.0.0,Windows,10,Other,0,0,0,1,third_option,1,,,,,,,6,tmjewif2,,,,,0
381,6z3j9yp8,652ecb92078fe073ab29b920,0,51,51,post_exp,FinalForProlific,2026-01-21 18:58:57.214485,1,,,114.3,381,,0.0,1,control,Chrome,144.0.0,Windows,10,Other,0,0,0,1,third_option,1,,,,,,,2,tmjewif2,,,,,0
382,w8gj0v4g,67e494e108181d6621738771,0,51,51,post_exp,FinalForProlific,2026-01-21 18:59:13.516746,1,,,128.05,382,,0.0,1,treatment,Chrome,132.0.0,Windows,10,Other,0,0,0,1,third_option,1,,,,,,,8,tmjewif2,,,,,0
383,3xhhujoo,633edc50cfae73d4a72ca889,0,51,51,post_exp,FinalForProlific,2026-01-21 18:59:14.912989,1,,,115.68,383,,0.0,1,treatment,Chrome,138.0.0,Linux,,Other,0,0,0,1,third_option,1,,,,,,,8,tmjewif2,,,,,0
384,247txx9a,65e615620fd6a1c087dafc48,0,51,51,post_exp,FinalForProlific,2026-01-21 18:59:19.724212,1,,,123.94,384,,0.0,1,treatment,Chrome,144.0.0,Windows,10,Other,0,0,0,1,third_option,1,,,,,,,5,tmjewif2,,,,,0
385,cp2bf53p,67dc5b2e098a6ddc6eda0acd,0,51,51,post_exp,FinalForProlific,2026-01-21 18:59:21.624174,1,,,117.98,385,,0.0,1,control,Chrome,140.0.0,Windows,10,Other,0,0,0,1,third_option,1,,,,,,,8,tmjewif2,,,,,0
386,rfxlwyle,696018495837088e840652e0,0,51,51,post_exp,FinalForProlific,2026-01-21 18:59:23.616071,1,,,107.54,386,,0.0,1,treatment,Firefox,147.0,Windows,10,Other,0,0,0,1,third_option,1,,,,,,,2,tmjewif2,,,,,0
387,y4dps92p,5b233660648d5b0001b7de87,0,51,51,post_exp,FinalForProlific,2026-01-21 18:59:24.652676,1,,,106.46,387,,0.0,1,treatment,Edge,144.0.0,Windows,10,Other,0,0,0,1,third_option,1,,,,,,,7,tmjewif2,,,,,0
388,c3zxs5i6,67abb85e6cca3df5eb1c4e30,0,51,51,post_exp,FinalForProlific,2026-01-21 18:59:44.085333,1,,,120.36,388,,0.0,1,treatment,Chrome,141.0.0,Windows,10,Other,0,0,0,1,third_option,1,,,,,,,10,tmjewif2,,,,,0
389,mhsvmg4t,5dd299a27f1bbf2a83554ecf,0,51,51,post_exp,FinalForProlific,2026-01-21 18:59:48.805701,1,,,115.4,389,,0.0,1,control,Edge,144.0.0,Windows,10,Other,0,0,0,1,third_option,1,,,,,,,5,tmjewif2,,,,,0
390,ezst4hh7,6613fbd97d84091e654e5ca6,0,2,51,intro,Instructions,2026-01-21 19:00:00.375152,1,,,0.0,390,,0.0,1,treatment,Chrome,144.0.0,Windows,10,Other,0,0,0,1,,,,,,,,,,tmjewif2,,,,,0
391,rnctyfkq,63d69e4d6648b39324fdf0ad,0,51,51,post_exp,FinalForProlific,2026-01-21 19:00:30.215309,1,,,119.79,391,,0.0,1,treatment,Chrome,144.0.0,Windows,10,Other,0,0,0,1,third_option,1,,,,,,,5,tmjewif2,,,,,0
392,7ruyrk21,647660ef7bc13de7eaf0c76e,0,51,51,post_exp,FinalForProlific,2026-01-21 19:00:46.563407,1,,,110.28,392,,0.0,1,treatment,Firefox,147.0,Windows,10,Other,0,0,0,1,third_option,1,,,,,,,9,tmjewif2,,,,,0
393,6716qcrr,679332b7a7378f8f63f9ab84,0,51,51,post_exp,FinalForProlific,2026-01-21 19:00:50.763513,1,,,111.6,393,,0.0,1,control,Chrome,131.0.0,Windows,10,Other,0,0,0,1,third_option,1,,,,,,,6,tmjewif2,,,,,0
394,7p1nj7fr,60bff9298f56d55c8ecd9adf,0,51,51,post_exp,FinalForProlific,2026-01-21 19:00:51.705763,1,,,103.5,394,,0.0,1,treatment,Chrome,143.0.0,Chrome OS,14541.0.0,Other,0,0,0,1,third_option,1,,,,,,,1,tmjewif2,,,,,0
395,boul3wz6,6776071db9b6ba9c5d3c522f,0,51,51,post_exp,FinalForProlific,2026-01-21 19:01:05.041048,1,,,106.5,395,,0.0,1,treatment,Edge,144.0.0,Windows,10,Other,0,0,0,1,third_option,1,,,,,,,4,tmjewif2,,,,,0
396,icfntvpd,671850082109a84899a43a8e,0,51,51,post_exp,FinalForProlific,2026-01-21 19:01:17.667524,1,,,109.64,396,,0.0,1,treatment,Chrome,143.0.0,Windows,10,Other,0,0,0,1,third_option,1,,,,,,,8,tmjewif2,,,,,0
397,iqtz54tk,62fd0bc538d70b87550691f7,0,51,51,post_exp,FinalForProlific,2026-01-21 19:01:18.386913,1,,,111.6,397,,0.0,1,control,Chrome,143.0.0,Windows,10,Other,0,0,0,1,third_option,1,,,,,,,9,tmjewif2,,,,,0
398,k6gitq9g,67a8ef6331f586a361a8ec33,0,51,51,post_exp,FinalForProlific,2026-01-21 19:01:35.172923,1,,,131.93,398,,0.0,1,treatment,Chrome,143.0.0,Windows,10,Other,0,0,0,1,third_option,1,,,,,,,9,tmjewif2,,,,,0
399,7oksixm8,67e1b7cb532a40adf7bf63b2,0,51,51,post_exp,FinalForProlific,2026-01-21 19:01:37.379122,1,,,128.66,399,,0.0,1,treatment,Chrome,141.0.0,Windows,10,Other,0,0,0,1,third_option,1,,,,,,,8,tmjewif2,,,,,0
400,qknzf8d7,678967766af8f51e08627049,0,3,51,intro,comprehensionQuestions,2026-01-21 19:01:53.203607,1,,,0.0,400,,0.0,1,treatment,Chrome,143.0.0,Chrome OS,14541.0.0,Other,0,0,0,1,,,,,,,,,,tmjewif2,,,,,0
401,4g9zpjos,663ce4e0481cec08d00ab105,0,3,51,intro,comprehensionQuestions,2026-01-21 19:01:57.553446,1,,,0.0,401,,0.0,1,control,Chrome,143.0.0,Mac OS X,10.15.7,Mac,0,0,0,1,,,,,,,,,,tmjewif2,,,,,0
402,0d04jqjc,69454de0266e20b4d6f6fbd9,0,51,51,post_exp,FinalForProlific,2026-01-21 19:01:57.924067,1,,,137.72,402,,0.0,1,treatment,Edge,144.0.0,Windows,10,Other,0,0,0,1,third_option,1,,,,,,,7,tmjewif2,,,,,0
403,ryltobc9,5ba78b71d60daf0001532d5b,0,51,51,post_exp,FinalForProlific,2026-01-21 19:01:59.527490,1,,,112.95,403,,0.0,1,treatment,Safari,18.1,Mac OS X,10.15.7,Mac,0,0,0,1,third_option,1,,,,,,,8,tmjewif2,,,,,0
404,islbt1p4,5b133bf71e55760001b9f8de,0,3,51,intro,comprehensionQuestions,2026-01-21 19:02:17.297567,1,,,0.0,404,,0.0,1,treatment,Chrome,143.0.0,Windows,10,Other,0,0,0,1,,,,,,,,,,tmjewif2,,,,,0
405,04a2ia3z,5c376ea0eecc440001c58889,0,51,51,post_exp,FinalForProlific,2026-01-21 19:02:48.819426,1,,,113.68,405,,0.0,1,control,Chrome,144.0.0,Windows,10,Other,0,0,0,1,third_option,1,,,,,,,4,tmjewif2,,,,,0
406,ys94rx2e,63856845134e9c850a9e38f7,0,3,51,intro,comprehensionQuestions,2026-01-21 19:02:51.552975,1,,,0.0,406,,0.0,1,treatment,Chrome,143.0.0,Windows,10,Other,0,0,0,1,,,,,,,,,,tmjewif2,,,,,0
407,wg0t3c4i,67a7d4e19fee63cbe222ae02,0,51,51,post_exp,FinalForProlific,2026-01-21 19:02:56.210944,1,,,111.84,407,,0.0,1,treatment,Safari,26.0,Mac OS X,10.15.7,Mac,0,0,0,1,third_option,1,,,,,,,6,tmjewif2,,,,,0
408,uxraut53,67325d10b9e0c58d803cd7ba,0,51,51,post_exp,FinalForProlific,2026-01-21 19:03:24.546638,1,,,106.43,408,,0.0,1,treatment,Chrome,144.0.0,Windows,10,Other,0,0,0,1,third_option,1,,,,,,,2,tmjewif2,,,,,0
409,34ca5i0r,66dcb77e1afbc2e7fa393b87,0,51,51,post_exp,FinalForProlific,2026-01-21 19:03:39.988637,1,,,116.45,409,,0.0,1,control,Chrome,143.0.0,Windows,10,Other,0,0,0,1,third_option,1,,,,,,,5,tmjewif2,,,,,0
410,y13owtlh,6682fbc595609e3f88048a53,0,51,51,post_exp,FinalForProlific,2026-01-21 19:03:45.545250,1,,,108.96,410,,0.0,1,treatment,Chrome,143.0.0,Windows,10,Other,0,0,0,1,third_option,1,,,,,,,5,tmjewif2,,,,,0
411,asrsnz27,695ffb067d7ad5092a6d7716,0,51,51,post_exp,FinalForProlific,2026-01-21 19:03:47.703325,1,,,109.22,411,,0.0,1,treatment,Edge,144.0.0,Windows,10,Other,0,0,0,1,third_option,1,,,,,,,8,tmjewif2,,,,,0
412,9jb9qnq4,656000af0e4ff12b601488e1,0,51,51,post_exp,FinalForProlific,2026-01-21 19:03:56.902113,1,,,113.33,412,,0.0,1,treatment,Chrome,143.0.0,Windows,10,Other,0,0,0,1,third_option,1,,,,,,,2,tmjewif2,,,,,0
413,i4xbegpj,62b9c2f1e55fe9f17dfedc5d,0,3,51,intro,comprehensionQuestions,2026-01-21 19:03:58.578615,1,,,0.0,413,,0.0,1,control,Safari,26.2,Mac OS X,10.15.7,Mac,0,0,0,1,,,,,,,,,,tmjewif2,,,,,0
414,jly5rer4,56e130548b1c33000a388671,0,51,51,post_exp,FinalForProlific,2026-01-21 19:04:12.670568,1,,,104.85,414,,0.0,1,treatment,Firefox,137.0,Windows,10,Other,0,0,0,1,third_option,1,,,,,,,2,tmjewif2,,,,,0
415,6gxmirrl,6736112af674ebe6a3298994,0,51,51,post_exp,FinalForProlific,2026-01-21 19:04:17.098577,1,,,104.49,415,,0.0,1,treatment,Chrome,144.0.0,Windows,10,Other,0,0,0,1,third_option,1,,,,,,,7,tmjewif2,,,,,0
416,episp359,645179915e31c1aeb3dc8129,0,51,51,post_exp,FinalForProlific,2026-01-21 19:04:25.690065,1,,,110.47,416,,0.0,1,treatment,Chrome,143.0.0,Chrome OS,14541.0.0,Other,0,0,0,1,third_option,1,,,,,,,7,tmjewif2,,,,,0
417,3sr7bz6h,64fb3be137d2bd2bdfab8ba6,0,51,51,post_exp,FinalForProlific,2026-01-21 19:04:39.809008,1,,,114.31,417,,0.0,1,control,Chrome,144.0.0,Windows,10,Other,0,0,0,1,third_option,1,,,,,,,6,tmjewif2,,,,,0
418,40zjcuve,67edb211a7c1d23c1535d6b2,0,51,51,post_exp,FinalForProlific,2026-01-21 19:04:44.628791,1,,,105.35,418,,0.0,1,treatment,Chrome,141.0.0,Windows,10,Other,0,0,0,1,third_option,1,,,,,,,6,tmjewif2,,,,,0
419,7squ3kt6,62728884995a1a76605d0214,0,51,51,post_exp,FinalForProlific,2026-01-21 19:04:48.788258,1,,,111.04,419,,0.0,1,treatment,Chrome,144.0.0,Windows,10,Other,0,0,0,1,third_option,1,,,,,,,5,tmjewif2,,,,,0
420,emdralf9,678e61280d675432a225149c,0,51,51,post_exp,FinalForProlific,2026-01-21 19:04:48.934461,1,,,106.81,420,,0.0,1,treatment,Chrome,144.0.0,Windows,10,Other,0,0,0,1,third_option,1,,,,,,,2,tmjewif2,,,,,0
421,3nlquuss,6600a119385d8631c41cd795,0,51,51,post_exp,FinalForProlific,2026-01-21 19:04:49.823876,1,,,110.0,421,,0.0,1,control,Chrome,144.0.0,Windows,10,Other,0,0,0,1,third_option,1,,,,,,,7,tmjewif2,,,,,0
422,bm79bntr,674f42d6c6a43b4c8d14823b,0,3,51,intro,comprehensionQuestions,2026-01-21 19:05:12.229119,1,,,0.0,422,,0.0,1,treatment,Chrome,144.0.0,Mac OS X,10.15.7,Mac,0,0,0,1,,,,,,,,,,tmjewif2,,,,,0
423,8dth1snp,60a9b8f7b9748b9999090dd8,0,51,51,post_exp,FinalForProlific,2026-01-21 19:05:13.999327,1,,,114.03,423,,0.0,1,treatment,Edge,144.0.0,Windows,10,Other,0,0,0,1,third_option,1,,,,,,,5,tmjewif2,,,,,0
424,0adntap2,6650fd12a2d24aa284fa81ce,0,51,51,post_exp,FinalForProlific,2026-01-21 19:05:17.122409,1,,,110.5,424,,0.0,1,treatment,Chrome,143.0.0,Windows,10,Other,0,0,0,1,third_option,1,,,,,,,6,tmjewif2,,,,,0
425,m2cuolt3,67d9625169884c7fdecaf0a6,0,51,51,post_exp,FinalForProlific,2026-01-21 19:05:17.604988,1,,,120.14,425,,0.0,1,control,Chrome,144.0.0,Windows,10,Other,0,0,0,1,third_option,1,,,,,,,5,tmjewif2,,,,,0
426,8vga46ps,5f4a4da1575d605c43bef871,0,6,51,main,Trade,2026-01-21 19:05:19.415198,1,,,0.0,426,,0.0,1,treatment,Chrome,143.0.0,Windows,10,Other,0,0,0,1,third_option,1,,,,,,,6,tmjewif2,,,,,0
427,18lugxsp,6474a86474b12fd778ae530f,0,3,51,intro,comprehensionQuestions,2026-01-21 19:05:20.324299,1,,,0.0,427,,0.0,1,treatment,Chrome,143.0.0,Mac OS X,10.15.7,Mac,0,0,0,1,,,,,,,,,,tmjewif2,,,,,0
428,784cbgeu,67ed75fa0c2423e85f8b3c8b,0,51,51,post_exp,FinalForProlific,2026-01-21 19:05:48.690250,1,,,114.6,428,,0.0,1,treatment,Chrome,144.0.0,Windows,10,Other,0,0,0,1,third_option,1,,,,,,,9,tmjewif2,,,,,0
429,ktvc0o2s,13gE07jZ1E6095z75L6n5O6Z,0,1,51,intro,Consent,2026-01-21 19:05:52.879107,1,,,0.0,429,,0.0,,control,Chrome,143.0.0,Windows,10,Other,0,0,0,1,,,,,,,,,,tmjewif2,,,,,0
430,vnka0kdn,63c3599c8a16601b603d421c,0,51,51,post_exp,FinalForProlific,2026-01-21 19:05:55.218518,1,,,107.17,430,,0.0,1,treatment,Chrome,143.0.0,Windows,10,Other,0,0,0,1,third_option,1,,,,,,,7,tmjewif2,,,,,0
431,23bytj3a,67f1354157bc12085650777c,0,51,51,post_exp,FinalForProlific,2026-01-21 19:06:04.671797,1,,,108.33,431,,0.0,1,treatment,Chrome,142.0.0,Windows,10,Other,0,0,0,1,third_option,1,,,,,,,5,tmjewif2,,,,,0
432,mklt0sdl,67f972620fdbfde234aa54ef,0,51,51,post_exp,FinalForProlific,2026-01-21 19:06:10.062840,1,,,115.3,432,,0.0,1,treatment,Chrome,143.0.0,Windows,10,Other,0,0,0,1,third_option,1,,,,,,,6,tmjewif2,,,,,0
433,w9hpa3mh,67cf60241dff02d9e0dab2b6,0,51,51,post_exp,FinalForProlific,2026-01-21 19:06:20.069235,1,,,108.74,433,,0.0,1,control,Chrome,131.0.0,Windows,10,Other,0,0,0,1,third_option,1,,,,,,,7,tmjewif2,,,,,0
434,qsth2our,56fab287997828000a8078b9,0,51,51,post_exp,FinalForProlific,2026-01-21 19:06:29.828760,1,,,109.0,434,,0.0,1,treatment,Chrome,143.0.0,Windows,10,Other,0,0,0,1,third_option,1,,,,,,,4,tmjewif2,,,,,0
435,urai4vfq,62a3be0d93b8dd1e69b4317d,0,51,51,post_exp,FinalForProlific,2026-01-21 19:06:33.335917,1,,,108.1,435,,0.0,1,treatment,Chrome,144.0.0,Windows,10,Other,0,0,0,1,third_option,1,,,,,,,4,tmjewif2,,,,,0
436,5ptvvyjy,67e80b7b69a2afc3b988096b,0,51,51,post_exp,FinalForProlific,2026-01-21 19:06:35.511305,1,,,108.19,436,,0.0,1,treatment,Firefox,147.0,Windows,10,Other,0,0,0,1,third_option,1,,,,,,,7,tmjewif2,,,,,0
437,xh22r9ng,5dd31871c5faa232d3c20365,0,51,51,post_exp,FinalForProlific,2026-01-21 19:06:37.704584,1,,,108.86,437,,0.0,1,control,Chrome,143.0.0,Mac OS X,10.15.7,Mac,0,0,0,1,third_option,1,,,,,,,7,tmjewif2,,,,,0
438,3fhg52ur,650072ae8de93bfe76ee318d,0,1,51,intro,Consent,2026-01-21 19:07:02.611812,1,,,0.0,438,,0.0,,treatment,Firefox,147.0,Windows,10,Other,0,0,0,1,,,,,,,,,,tmjewif2,,,,,0
439,nn17rqku,5df4565dfeea89323021ef27,0,51,51,post_exp,FinalForProlific,2026-01-21 19:07:06.006705,1,,,108.93,439,,0.0,1,treatment,Chrome,143.0.0,Windows,10,Other,0,0,0,1,third_option,1,,,,,,,6,tmjewif2,,,,,0
440,efprpfsf,56849d528f456f000c45e1dd,0,51,51,post_exp,FinalForProlific,2026-01-21 19:07:11.231677,1,,,118.33,440,,0.0,1,treatment,Chrome,143.0.0,Windows,10,Other,0,0,0,1,third_option,1,,,,,,,6,tmjewif2,,,,,0
441,o7hml6u1,68c9abcce7eac7108f2484ab,0,51,51,post_exp,FinalForProlific,2026-01-21 19:07:20.898615,1,,,106.81,441,,0.0,1,control,Chrome,143.0.0,Mac OS X,10.15.7,Mac,0,0,0,1,third_option,1,,,,,,,3,tmjewif2,,,,,0
442,bo6xnad2,665f4a8236d81b9f154a1b08,0,51,51,post_exp,FinalForProlific,2026-01-21 19:07:42.210772,1,,,108.45,442,,0.0,1,treatment,Edge,144.0.0,Windows,10,Other,0,0,0,1,third_option,1,,,,,,,7,tmjewif2,,,,,0
443,lhgxyjyt,6553953daddeb31f9794b59c,0,51,51,post_exp,FinalForProlific,2026-01-21 19:07:43.108995,1,,,105.41,443,,0.0,1,treatment,Chrome,143.0.0,Windows,10,Other,0,0,0,1,third_option,1,,,,,,,6,tmjewif2,,,,,0
444,b5sfsg00,63fa2f029381a13d9f2a36a8,0,2,51,intro,Instructions,2026-01-21 19:07:48.919582,1,,,0.0,444,,0.0,1,treatment,Chrome,144.0.0,Windows,10,Other,0,0,0,1,,,,,,,,,,tmjewif2,,,,,0
445,qmhnh10l,67720b01971068c3f4c6fa95,0,51,51,post_exp,FinalForProlific,2026-01-21 19:07:57.995399,1,,,118.77,445,,0.0,1,control,Chrome,143.0.0,Windows,10,Other,0,0,0,1,third_option,1,,,,,,,8,tmjewif2,,,,,0
446,4s6bwdlc,5e9e0b9cb133cb1a9a472677,0,51,51,post_exp,FinalForProlific,2026-01-21 19:08:14.271830,1,,,106.24,446,,0.0,1,treatment,Chrome,144.0.0,Windows,10,Other,0,0,0,1,third_option,1,,,,,,,1,tmjewif2,,,,,0
447,529b1tzq,67337bbfdcfadc70eae866e9,0,2,51,intro,Instructions,2026-01-21 19:08:22.004794,1,,,0.0,447,,0.0,1,treatment,Chrome,141.0.0,Windows,10,Other,0,0,0,1,,,,,,,,,,tmjewif2,,,,,0
448,joy4bghk,6786cd11afb82599c1924e69,0,51,51,post_exp,FinalForProlific,2026-01-21 19:08:23.276751,1,,,114.72,448,,0.0,1,treatment,Chrome,143.0.0,Mac OS X,10.15.7,Mac,0,0,0,1,third_option,1,,,,,,,7,tmjewif2,,,,,0
449,157j257w,67e5332fd4a2fce36b985eea,0,51,51,post_exp,FinalForProlific,2026-01-21 19:08:24.933053,1,,,120.45,449,,0.0,1,control,Chrome,134.0.0,Windows,10,Other,0,0,0,1,third_option,1,,,,,,,4,tmjewif2,,,,,0
450,xkgpwtuv,67777187e7ba2f3ced22e601,0,51,51,post_exp,FinalForProlific,2026-01-21 19:08:28.079332,1,,,114.12,450,,0.0,1,treatment,Chrome,143.0.0,Windows,10,Other,0,0,0,1,third_option,1,,,,,,,10,tmjewif2,,,,,0
451,m24pk9jh,5d815ba661013f00170a8def,0,51,51,post_exp,FinalForProlific,2026-01-21 19:08:40.320684,1,,,110.57,451,,0.0,1,treatment,Firefox,147.0,Windows,10,Other,0,0,0,1,third_option,1,,,,,,,1,tmjewif2,,,,,0
452,3ae4v15b,681b8bd1e677bf4c1757380b,0,51,51,post_exp,FinalForProlific,2026-01-21 19:08:40.637838,1,,,121.01,452,,0.0,1,treatment,Chrome,143.0.0,Windows,10,Other,0,0,0,1,third_option,1,,,,,,,4,tmjewif2,,,,,0
453,63saezsg,6691bc059b0182b0bdd7d682,0,51,51,post_exp,FinalForProlific,2026-01-21 19:08:47.992811,1,,,115.06,453,,0.0,1,control,Chrome Mobile,143.0.0,Android,10,K,0,1,0,0,third_option,1,,,,,,,6,tmjewif2,,,,,0
454,10zwfw7a,6758e43855549fa55c9aa7f8,0,3,51,intro,comprehensionQuestions,2026-01-21 19:08:49.309956,1,,,0.0,454,,0.0,1,treatment,Chrome,132.0.0,Windows,10,Other,0,0,0,1,,,,,,,,,,tmjewif2,,,,,0
455,x46si6gw,694406ba3795abdc8edf0815,0,51,51,post_exp,FinalForProlific,2026-01-21 19:08:59.863047,1,,,113.46,455,,0.0,1,treatment,Chrome,141.0.0,Windows,10,Other,0,0,0,1,third_option,1,,,,,,,7,tmjewif2,,,,,0
456,oleq0rhx,5b735a4c3503c60001a891b7,0,51,51,post_exp,FinalForProlific,2026-01-21 19:09:06.891148,1,,,109.46,456,,0.0,1,treatment,Chrome,143.0.0,Windows,10,Other,0,0,0,1,third_option,1,,,,,,,3,tmjewif2,,,,,0
457,65kzw5lq,693ca64c8426543a926679b6,0,51,51,post_exp,FinalForProlific,2026-01-21 19:09:09.027714,1,,,137.27,457,,0.0,1,control,Chrome,143.0.0,Windows,10,Other,0,0,0,1,third_option,1,,,,,,,5,tmjewif2,,,,,0
458,io56cpq0,546ec14dfdf99b2bc7ebd032,0,51,51,post_exp,FinalForProlific,2026-01-21 19:09:10.137959,1,,,110.6,458,,0.0,1,treatment,Chrome,143.0.0,Linux,,Other,0,0,0,1,third_option,1,,,,,,,4,tmjewif2,,,,,0
459,cngmtasg,5e52a7cc53ecf12b883e1e1f,0,51,51,post_exp,FinalForProlific,2026-01-21 19:09:18.047873,1,,,110.59,459,,0.0,1,treatment,Chrome,143.0.0,Chrome OS,14541.0.0,Other,0,0,0,1,third_option,1,,,,,,,2,tmjewif2,,,,,0
460,4010evea,696fe4ad1a4f878d1c7f56db,0,51,51,post_exp,FinalForProlific,2026-01-21 19:09:19.379747,1,,,124.21,460,,0.0,1,treatment,Chrome,143.0.0,Windows,10,Other,0,0,0,1,third_option,1,,,,,,,7,tmjewif2,,,,,0
461,zzflikmh,66fc5dc2ea1f07a1c9676134,0,51,51,post_exp,FinalForProlific,2026-01-21 19:09:22.761315,1,,,109.14,461,,0.0,1,control,Chrome,134.0.0,Windows,10,Other,0,0,0,1,third_option,1,,,,,,,9,tmjewif2,,,,,0
462,1we1ec9v,651ed17c366df83eeabae9dd,0,51,51,post_exp,FinalForProlific,2026-01-21 19:09:24.250505,1,,,107.39,462,,0.0,1,treatment,Edge,143.0.0,Windows,10,Other,0,0,0,1,third_option,1,,,,,,,4,tmjewif2,,,,,0
463,rwoyspb3,6608fe79836be5ccd7136892,0,51,51,post_exp,FinalForProlific,2026-01-21 19:09:30.243902,1,,,109.46,463,,0.0,1,treatment,Edge,144.0.0,Windows,10,Other,0,0,0,1,third_option,1,,,,,,,7,tmjewif2,,,,,0
464,g2f806kh,63d1aa0a1c6b33e628e50c18,0,7,51,main,RoundFeedback,2026-01-21 19:09:53.156786,1,,,0.0,464,,0.0,1,treatment,Chrome,143.0.0,Windows,10,Other,0,0,0,1,third_option,1,,,,,,,3,tmjewif2,,,,,0
465,7wgrh7za,66fceda149718a86f36761b4,0,51,51,post_exp,FinalForProlific,2026-01-21 19:10:02.204660,1,,,110.27,465,,0.0,1,control,Edge,144.0.0,Windows,10,Other,0,0,0,1,third_option,1,,,,,,,3,tmjewif2,,,,,0
466,79ugv96x,63f2cff7f0a6f682868f2ca0,0,51,51,post_exp,FinalForProlific,2026-01-21 19:10:10.723723,1,,,105.85,466,,0.0,1,treatment,Chrome,142.0.0,Windows,10,Other,0,0,0,1,third_option,1,,,,,,,2,tmjewif2,,,,,0
467,mnqd38ly,6745f73ee7541460adbabcff,0,51,51,post_exp,FinalForProlific,2026-01-21 19:10:30.667582,1,,,113.18,467,,0.0,1,treatment,Chrome,143.0.0,Windows,10,Other,0,0,0,1,third_option,1,,,,,,,5,tmjewif2,,,,,0
468,89248nj7,66d9547a9df3044a616f2cfd,0,51,51,post_exp,FinalForProlific,2026-01-21 19:10:32.176641,1,,,119.64,468,,0.0,1,treatment,Chrome,143.0.0,Windows,10,Other,0,0,0,1,third_option,1,,,,,,,6,tmjewif2,,,,,0
469,hwqcrci0,5b915c9d22d85d000115c0f5,0,3,51,intro,comprehensionQuestions,2026-01-21 19:10:36.563590,1,,,0.0,469,,0.0,1,control,Chrome,144.0.0,Windows,10,Other,0,0,0,1,,,,,,,,,,tmjewif2,,,,,0
470,okss8s8r,5e9f3f09ccc75a0c345e4845,0,51,51,post_exp,FinalForProlific,2026-01-21 19:10:43.340509,1,,,113.31,470,,0.0,1,treatment,Chrome,143.0.0,Windows,10,Other,0,0,0,1,third_option,1,,,,,,,6,tmjewif2,,,,,0
471,xpsgw28e,5be42f3b98f5f40001a994f4,0,7,51,main,RoundFeedback,2026-01-21 19:10:49.144407,1,,,0.0,471,,0.0,1,treatment,Chrome,144.0.0,Mac OS X,10.15.7,Mac,0,0,0,1,third_option,1,,,,,,,5,tmjewif2,,,,,0
472,vmo1rkoz,5e0571b7e297d5fa932cf415,0,51,51,post_exp,FinalForProlific,2026-01-21 19:10:52.671056,1,,,109.53,472,,0.0,1,treatment,Chrome,143.0.0,Windows,10,Other,0,0,0,1,third_option,1,,,,,,,4,tmjewif2,,,,,0
473,0w8g4yx7,67246794a85893f571f01fcc,0,51,51,post_exp,FinalForProlific,2026-01-21 19:11:09.551263,1,,,115.5,473,,0.0,1,control,Chrome,141.0.0,Windows,10,Other,0,0,0,1,third_option,1,,,,,,,6,tmjewif2,,,,,0
474,jwniahem,60ff1981688229d1e3eb43e9,0,51,51,post_exp,FinalForProlific,2026-01-21 19:11:20.482315,1,,,108.1,474,,0.0,1,treatment,Chrome,144.0.0,Windows,10,Other,0,0,0,1,third_option,1,,,,,,,5,tmjewif2,,,,,0
475,eqvzerc0,546e3264fdf99b2bc7ebcfec,0,51,51,post_exp,FinalForProlific,2026-01-21 19:11:30.136828,1,,,130.97,475,,0.0,1,treatment,Chrome,144.0.0,Windows,10,Other,0,0,0,1,third_option,1,,,,,,,3,tmjewif2,,,,,0
476,zeijcnh2,5caec6b270da3100017f35de,0,51,51,post_exp,FinalForProlific,2026-01-21 19:11:33.323224,1,,,110.49,476,,0.0,1,treatment,Chrome,143.0.0,Windows,10,Other,0,0,0,1,third_option,1,,,,,,,7,tmjewif2,,,,,0
477,8m88tc46,643adb4a213b87bfc7e21e3f,0,51,51,post_exp,FinalForProlific,2026-01-21 19:11:33.411210,1,,,106.34,477,,0.0,1,control,Chrome,144.0.0,Mac OS X,10.15.7,Mac,0,0,0,1,third_option,1,,,,,,,5,tmjewif2,,,,,0
478,eusc4nbr,652359572fd30ff57dfea7fb,0,51,51,post_exp,FinalForProlific,2026-01-21 19:11:34.410556,1,,,110.84,478,,0.0,1,treatment,Chrome,143.0.0,Windows,10,Other,0,0,0,1,third_option,1,,,,,,,4,tmjewif2,,,,,0
479,duse99g7,5dda0d3a9255ed9824b66c7b,0,10,51,main,RoundFeedback,2026-01-21 19:11:47.224052,1,,,0.0,479,,0.0,1,treatment,Chrome,143.0.0,Windows,10,Other,0,0,0,1,third_option,1,,,,,,,8,tmjewif2,,,,,0
480,16teiz8r,66789a1e138a59bb4ad16fa5,0,51,51,post_exp,FinalForProlific,2026-01-21 19:11:49.095087,1,,,114.97,480,,0.0,1,treatment,Chrome,143.0.0,Mac OS X,10.15.7,Mac,0,0,0,1,third_option,1,,,,,,,5,tmjewif2,,,,,0
481,jolsyi9u,5e6011c399b03c35f69a53d8,0,51,51,post_exp,FinalForProlific,2026-01-21 19:12:01.942129,1,,,116.78,481,,0.0,1,control,Chrome,143.0.0,Windows,10,Other,0,0,0,1,third_option,1,,,,,,,7,tmjewif2,,,,,0
482,6x13ffqa,696cb32ae42d088a38fa6d32,0,51,51,post_exp,FinalForProlific,2026-01-21 19:12:06.026702,1,,,116.93,482,,0.0,1,treatment,Chrome,143.0.0,Windows,10,Other,0,0,0,1,third_option,1,,,,,,,6,tmjewif2,,,,,0
483,ahg0aobf,66ac145b55e2055063cd4079,0,51,51,post_exp,FinalForProlific,2026-01-21 19:12:22.648174,1,,,103.09,483,,0.0,1,treatment,Chrome,143.0.0,Windows,10,Other,0,0,0,1,third_option,1,,,,,,,9,tmjewif2,,,,,0
484,93rexjtt,63ea5fe3c03c77c607e33990,0,51,51,post_exp,FinalForProlific,2026-01-21 19:12:31.058623,1,,,110.69,484,,0.0,1,treatment,Edge,144.0.0,Windows,10,Other,0,0,0,1,third_option,1,,,,,,,7,tmjewif2,,,,,0
485,5a45y9xc,67ccf5aaec16501a9fec7097,0,51,51,post_exp,FinalForProlific,2026-01-21 19:12:42.583468,1,,,115.97,485,,0.0,1,control,Chrome,135.0.0,Windows,10,Other,0,0,0,1,third_option,1,,,,,,,7,tmjewif2,,,,,0
486,l4k77y8a,67819f666062825529fe313e,0,51,51,post_exp,FinalForProlific,2026-01-21 19:12:52.603773,1,,,108.87,486,,0.0,1,treatment,Chrome,138.0.0,Windows,10,Other,0,0,0,1,third_option,1,,,,,,,3,tmjewif2,,,,,0
487,m6q5s0ry,691e530aaef0182ec1150eee,0,51,51,post_exp,FinalForProlific,2026-01-21 19:12:57.338948,1,,,119.09,487,,0.0,1,treatment,Chrome,144.0.0,Windows,10,Other,0,0,0,1,third_option,1,,,,,,,6,tmjewif2,,,,,0
488,6hov3quu,661151ff8c5fd442ef11a4de,0,3,51,intro,comprehensionQuestions,2026-01-21 19:13:12.251895,1,,,0.0,488,,0.0,1,treatment,Chrome,144.0.0,Windows,10,Other,0,0,0,1,,,,,,,,,,tmjewif2,,,,,0
489,t3v7kj0t,67f2b914d702155cbc0a3a2c,0,51,51,post_exp,FinalForProlific,2026-01-21 19:13:22.860835,1,,,110.37,489,,0.0,1,control,Chrome,137.0.0,Windows,10,Other,0,0,0,1,third_option,1,,,,,,,2,tmjewif2,,,,,0
490,jxv61hx4,662b89c9eb08d365c04c7cc7,0,51,51,post_exp,FinalForProlific,2026-01-21 19:13:23.949045,1,,,120.07,490,,0.0,1,treatment,Edge,144.0.0,Windows,10,Other,0,0,0,1,third_option,1,,,,,,,7,tmjewif2,,,,,0
491,x2s5xeqv,6628a3681315ec7685cfcf21,0,51,51,post_exp,FinalForProlific,2026-01-21 19:13:27.337707,1,,,128.29,491,,0.0,1,treatment,Chrome,138.0.0,Windows,10,Other,0,0,0,1,third_option,1,,,,,,,8,tmjewif2,,,,,0
492,3kcvpszf,66f305037af69346a9a55b42,0,51,51,post_exp,FinalForProlific,2026-01-21 19:13:27.840798,1,,,110.18,492,,0.0,1,treatment,Chrome,143.0.0,Windows,10,Other,0,0,0,1,third_option,1,,,,,,,5,tmjewif2,,,,,0
493,gpaigmml,60fd588771ae861f9244f93d,0,51,51,post_exp,FinalForProlific,2026-01-21 19:13:32.389965,1,,,125.45,493,,0.0,1,control,Chrome,143.0.0,Windows,10,Other,0,0,0,1,third_option,1,,,,,,,1,tmjewif2,,,,,0
494,f6xhxo69,5c7c1f95e926fc00160b4b45,0,51,51,post_exp,FinalForProlific,2026-01-21 19:13:37.385923,1,,,111.05,494,,0.0,1,treatment,Firefox,115.0,Windows,7,Other,0,0,0,1,third_option,1,,,,,,,6,tmjewif2,,,,,0
495,xrzdexdd,67d727f06086654c357b68e2,0,51,51,post_exp,FinalForProlific,2026-01-21 19:13:57.210443,1,,,114.15,495,,0.0,1,treatment,Chrome,134.0.0,Windows,10,Other,0,0,0,1,third_option,1,,,,,,,6,tmjewif2,,,,,0
496,23mrzame,628e0063fa56e316da2a71cb,0,51,51,post_exp,FinalForProlific,2026-01-21 19:14:18.332752,1,,,110.08,496,,0.0,1,treatment,Firefox,147.0,Windows,10,Other,0,0,0,1,third_option,1,,,,,,,8,tmjewif2,,,,,0
497,24wxl46u,671d15b4b59b2741dee8284a,0,51,51,post_exp,FinalForProlific,2026-01-21 19:14:25.813039,1,,,116.35,497,,0.0,1,control,Chrome,142.0.0,Windows,10,Other,0,0,0,1,third_option,1,,,,,,,5,tmjewif2,,,,,0
498,oiz7azmn,67cb4f07e42b150f96dc180b,0,51,51,post_exp,FinalForProlific,2026-01-21 19:14:28.192870,1,,,117.0,498,,0.0,1,treatment,Chrome,144.0.0,Windows,10,Other,0,0,0,1,third_option,1,,,,,,,10,tmjewif2,,,,,0
499,8g2csoog,669eb1b6dc497b39d6ad103f,0,49,51,post_exp,Demographics,2026-01-21 19:14:49.669190,1,,,1254.43,499,,0.0,1,treatment,Chrome Mobile,144.0.0,Android,10,K,0,1,0,0,third_option,1,,,,,,,5,tmjewif2,,,,,0
500,yx3jro2s,65a7027c88eae2b9a68ae596,0,51,51,post_exp,FinalForProlific,2026-01-21 19:14:58.793692,1,,,105.82,500,,0.0,1,treatment,Chrome,143.0.0,Chrome OS,14541.0.0,Other,0,0,0,1,third_option,1,,,,,,,4,tmjewif2,,,,,0
501,55xndwv8,66463e4efb99fba5a67a010a,0,51,51,post_exp,FinalForProlific,2026-01-21 19:15:04.396055,1,,,115.77,501,,0.0,1,control,Chrome,143.0.0,Chrome OS,14541.0.0,Other,0,0,0,1,third_option,1,,,,,,,7,tmjewif2,,,,,0
502,f1c8jggv,66fdd57ffbfc37c25100cd79,0,51,51,post_exp,FinalForProlific,2026-01-21 19:15:08.216674,1,,,108.26,502,,0.0,1,treatment,Chrome,143.0.0,Windows,10,Other,0,0,0,1,third_option,1,,,,,,,7,tmjewif2,,,,,0
503,kjkqs6l4,667ae31217cd77ff1091dcab,0,51,51,post_exp,FinalForProlific,2026-01-21 19:15:16.388514,1,,,104.96,503,,0.0,1,treatment,Chrome,144.0.0,Windows,10,Other,0,0,0,1,third_option,1,,,,,,,3,tmjewif2,,,,,0
504,opjowezt,5e646abe244a7f1feb0f6321,0,51,51,post_exp,FinalForProlific,2026-01-21 19:15:33.839912,1,,,127.7,504,,0.0,1,treatment,Edge,143.0.0,Windows,10,Other,0,0,0,1,third_option,1,,,,,,,7,tmjewif2,,,,,0
505,are1xrc4,6673a9c76ee756c94bd7a893,0,51,51,post_exp,FinalForProlific,2026-01-21 19:15:41.412025,1,,,113.28,505,,0.0,1,control,Firefox,148.0,Windows,10,Other,0,0,0,1,third_option,1,,,,,,,7,tmjewif2,,,,,0
506,rh2huo09,63eda5a4a87d8bd73853fa8e,0,51,51,post_exp,FinalForProlific,2026-01-21 19:15:48.795114,1,,,115.95,506,,0.0,1,treatment,Chrome,143.0.0,Chrome OS,14541.0.0,Other,0,0,0,1,third_option,1,,,,,,,7,tmjewif2,,,,,0
507,ob5z6og3,67eafb930e75699288e09213,0,51,51,post_exp,FinalForProlific,2026-01-21 19:15:53.759101,1,,,116.69,507,,0.0,1,treatment,Chrome,138.0.0,Windows,10,Other,0,0,0,1,third_option,1,,,,,,,10,tmjewif2,,,,,0
508,xm2y88yp,695fcdcbf4432875f5479cd7,0,51,51,post_exp,FinalForProlific,2026-01-21 19:16:09.736029,1,,,110.93,508,,0.0,1,treatment,Chrome,143.0.0,Windows,10,Other,0,0,0,1,third_option,1,,,,,,,7,tmjewif2,,,,,0
509,wm7ex85d,63b7566ea98814782bc51d9b,0,51,51,post_exp,FinalForProlific,2026-01-21 19:16:10.596551,1,,,107.62,509,,0.0,1,control,Firefox,147.0,Windows,10,Other,0,0,0,1,third_option,1,,,,,,,5,tmjewif2,,,,,0
510,ahy0mkxb,592ed8978ad1ae0001937919,0,51,51,post_exp,FinalForProlific,2026-01-21 19:16:17.736636,1,,,112.83,510,,0.0,1,treatment,Chrome,143.0.0,Windows,10,Other,0,0,0,1,third_option,1,,,,,,,2,tmjewif2,,,,,0
511,s36qcxpx,694155c781b1b22947a860c5,0,51,51,post_exp,FinalForProlific,2026-01-21 19:16:35.025304,1,,,103.11,511,,0.0,1,treatment,Opera,125.0.0,Windows,10,Other,0,0,0,1,third_option,1,,,,,,,6,tmjewif2,,,,,0
512,gdfa7po1,6503144f9a10397111eb3eb9,0,51,51,post_exp,FinalForProlific,2026-01-21 19:17:03.566399,1,,,134.82,512,,0.0,1,treatment,Chrome,144.0.0,Windows,10,Other,0,0,0,1,third_option,1,,,,,,,5,tmjewif2,,,,,0
513,nzpbojs2,67f2f64e60aeb0e5b30b9e7a,0,51,51,post_exp,FinalForProlific,2026-01-21 19:17:19.916917,1,,,131.11,513,,0.0,1,control,Chrome,144.0.0,Windows,10,Other,0,0,0,1,third_option,1,,,,,,,7,tmjewif2,,,,,0
514,rb03fvhv,5ea47bda5b1a9807ed89eb76,0,7,51,main,RoundFeedback,2026-01-21 19:17:22.724711,1,,,0.0,514,,0.0,1,treatment,Chrome,144.0.0,Mac OS X,10.15.7,Mac,0,0,0,1,third_option,1,,,,,,,5,tmjewif2,,,,,0
515,vba4n7jp,67ac5f2b94b08886739a0003,0,51,51,post_exp,FinalForProlific,2026-01-21 19:17:27.105262,1,,,109.11,515,,0.0,1,treatment,Chrome,143.0.0,Windows,10,Other,0,0,0,1,third_option,1,,,,,,,10,tmjewif2,,,,,0
516,p6zq6nqv,5a53d878acc75b000179e52e,0,51,51,post_exp,FinalForProlific,2026-01-21 19:17:40.464651,1,,,110.1,516,,0.0,1,treatment,Chrome,144.0.0,Windows,10,Other,0,0,0,1,third_option,1,,,,,,,1,tmjewif2,,,,,0
517,uvpbjiip,695fb0485e22f6e6da1dfe02,0,51,51,post_exp,FinalForProlific,2026-01-21 19:18:08.398220,1,,,111.22,517,,0.0,1,control,Chrome,143.0.0,Windows,10,Other,0,0,0,1,third_option,1,,,,,,,2,tmjewif2,,,,,0
518,faovsn0o,6496f9fbc2928ee6956ef623,0,51,51,post_exp,FinalForProlific,2026-01-21 19:18:23.567704,1,,,114.25,518,,0.0,1,treatment,Chrome,142.0.0,Windows,10,Other,0,0,0,1,third_option,1,,,,,,,6,tmjewif2,,,,,0
519,tkgw6pxd,6722ddbde603128350a14863,0,51,51,post_exp,FinalForProlific,2026-01-21 19:18:33.631579,1,,,120.68,519,,0.0,1,treatment,Chrome,99.0.4844,Windows,8.1,Other,0,0,0,1,third_option,1,,,,,,,7,tmjewif2,,,,,0
520,g91w0p1c,6483a773153805afbc7f6fdc,0,51,51,post_exp,FinalForProlific,2026-01-21 19:18:40.649807,1,,,107.14,520,,0.0,1,treatment,Chrome,142.0.0,Windows,10,Other,0,0,0,1,third_option,1,,,,,,,3,tmjewif2,,,,,0
521,jl81bk0a,605fbc12c61d8d10250f6e51,0,51,51,post_exp,FinalForProlific,2026-01-21 19:18:47.640183,1,,,115.25,521,,0.0,1,control,Chrome,144.0.0,Mac OS X,10.15.7,Mac,0,0,0,1,third_option,1,,,,,,,5,tmjewif2,,,,,0
522,na77sk09,5d1653de3935ca001b87ff71,0,51,51,post_exp,FinalForProlific,2026-01-21 19:18:55.381158,1,,,112.41,522,,0.0,1,treatment,Firefox,146.0,Linux,,Other,0,0,0,1,third_option,1,,,,,,,1,tmjewif2,,,,,0
523,gisxitoy,6782d20261dc524549bfc996,0,51,51,post_exp,FinalForProlific,2026-01-21 19:19:05.057251,1,,,106.57,523,,0.0,1,treatment,Chrome,144.0.0,Windows,10,Other,0,0,0,1,third_option,1,,,,,,,9,tmjewif2,,,,,0
524,qpkb8a9f,67e944da95c1ca7712027013,0,51,51,post_exp,FinalForProlific,2026-01-21 19:19:08.468157,1,,,113.91,524,,0.0,1,treatment,Chrome,134.0.0,Windows,10,Other,0,0,0,1,third_option,1,,,,,,,5,tmjewif2,,,,,0
525,muoc6plf,66bc043185a88234c9f6daae,0,51,51,post_exp,FinalForProlific,2026-01-21 19:19:14.630359,1,,,117.59,525,,0.0,1,control,Chrome,144.0.0,Windows,10,Other,0,0,0,1,third_option,1,,,,,,,3,tmjewif2,,,,,0
526,miudn31u,6717f0ac88d9f27d9b79af31,0,16,51,main,RoundFeedback,2026-01-21 19:19:17.994995,1,,,202.86,526,,0.0,1,treatment,Safari,18.6,Mac OS X,10.15.7,Mac,0,0,0,1,third_option,1,,,,,,,1,tmjewif2,,,,,0
527,3orkfd3g,62ab399e15b98baaf3099d60,0,51,51,post_exp,FinalForProlific,2026-01-21 19:19:32.656565,1,,,120.9,527,,0.0,1,treatment,Chrome,143.0.0,Windows,10,Other,0,0,0,1,third_option,1,,,,,,,7,tmjewif2,,,,,0
528,ir763btf,651adee4c39c1b8ccfd30c2c,0,51,51,post_exp,FinalForProlific,2026-01-21 19:19:33.721416,1,,,116.08,528,,0.0,1,treatment,Chrome,143.0.0,Mac OS X,10.15.7,Mac,0,0,0,1,third_option,1,,,,,,,8,tmjewif2,,,,,0
529,2flgbmnt,138EOTj3d26m9Z9LDLq95O6Z,0,1,51,intro,Consent,2026-01-21 19:19:36.018664,1,,,0.0,529,,0.0,,control,Chrome,143.0.0,Mac OS X,10.15.7,Mac,0,0,0,1,,,,,,,,,,tmjewif2,,,,,0
530,d84uovr4,67574e135dc4f196b03c2bdb,0,25,51,main,RoundFeedback,2026-01-21 19:20:19.961168,1,,,488.55,530,,0.0,1,treatment,Chrome,143.0.0,Windows,10,Other,0,0,0,1,third_option,1,,,,,,,4,tmjewif2,,,,,0
531,g8khjzbr,678951eaacd3135a38c86ec9,0,51,51,post_exp,FinalForProlific,2026-01-21 19:20:30.735246,1,,,102.89,531,,0.0,1,treatment,Chrome,143.0.0,Windows,10,Other,0,0,0,1,third_option,1,,,,,,,8,tmjewif2,,,,,0
532,s2lqgdzg,5e04b9be7adf4bf23f066a2a,0,51,51,post_exp,FinalForProlific,2026-01-21 19:21:00.407051,1,,,133.93,532,,0.0,1,treatment,Firefox,147.0,Windows,10,Other,0,0,0,1,third_option,1,,,,,,,7,tmjewif2,,,,,0
533,fq90pf4n,6722b6b9cb69415ce7f4c688,0,51,51,post_exp,FinalForProlific,2026-01-21 19:21:26.423546,1,,,117.32,533,,0.0,1,control,Edge,144.0.0,Mac OS X,10.15.7,Mac,0,0,0,1,third_option,1,,,,,,,9,tmjewif2,,,,,0
534,u1lbf6ec,65cce024500351e8c8f7ff26,0,51,51,post_exp,FinalForProlific,2026-01-21 19:21:42.368961,1,,,110.94,534,,0.0,1,treatment,Chrome,138.0.0,Mac OS X,10.15.7,Mac,0,0,0,1,third_option,1,,,,,,,2,tmjewif2,,,,,0
535,f6mncgrd,670160e896ff65768997d75f,0,2,51,intro,Instructions,2026-01-21 19:22:04.786583,1,,,0.0,535,,0.0,1,treatment,Firefox,144.0,Ubuntu,,Other,0,0,0,1,,,,,,,,,,tmjewif2,,,,,0
536,lcnrp0t6,67105e698f7df6c2eb1b9137,0,51,51,post_exp,FinalForProlific,2026-01-21 19:22:18.413720,1,,,116.11,536,,0.0,1,treatment,Chrome,143.0.0,Linux,,Other,0,0,0,1,third_option,1,,,,,,,6,tmjewif2,,,,,0
537,tyjthyxf,67f2c5c7fefa74ee8445f68d,0,3,51,intro,comprehensionQuestions,2026-01-21 19:22:24.839673,1,,,0.0,537,,0.0,1,control,Chrome,143.0.0,Windows,10,Other,0,0,0,1,,,,,,,,,,tmjewif2,,,,,0
538,iph8onz1,5ff1fd761d6cb468718cdbeb,0,51,51,post_exp,FinalForProlific,2026-01-21 19:22:25.516684,1,,,109.23,538,,0.0,1,treatment,Chrome,143.0.0,Windows,10,Other,0,0,0,1,third_option,1,,,,,,,6,tmjewif2,,,,,0
539,18nald6j,670c17328b2ef3366ba42a34,0,51,51,post_exp,FinalForProlific,2026-01-21 19:22:29.059202,1,,,118.39,539,,0.0,1,treatment,Chrome,143.0.0,Windows,10,Other,0,0,0,1,third_option,1,,,,,,,2,tmjewif2,,,,,0
540,1ghbnxx9,671846c76953b192c9269992,0,3,51,intro,comprehensionQuestions,2026-01-21 19:22:29.738345,1,,,0.0,540,,0.0,1,treatment,Chrome,143.0.0,Windows,10,Other,0,0,0,1,,,,,,,,,,tmjewif2,,,,,0
541,e2bonrmp,69137e0b6a2740a5eb01b183,0,51,51,post_exp,FinalForProlific,2026-01-21 19:22:30.676217,1,,,123.64,541,,0.0,1,control,Chrome,143.0.0,Mac OS X,10.15.7,Mac,0,0,0,1,third_option,1,,,,,,,10,tmjewif2,,,,,0
542,wgyamjec,67d0a57b0a4981c5e65c3bcc,0,51,51,post_exp,FinalForProlific,2026-01-21 19:22:59.890143,1,,,113.44,542,,0.0,1,treatment,Chrome,143.0.0,Mac OS X,10.15.7,Mac,0,0,0,1,third_option,1,,,,,,,3,tmjewif2,,,,,0
543,kh3ij2l2,67e429e9873500ef3343bf00,0,51,51,post_exp,FinalForProlific,2026-01-21 19:23:01.831163,1,,,117.39,543,,0.0,1,treatment,Chrome,134.0.0,Windows,10,Other,0,0,0,1,third_option,1,,,,,,,7,tmjewif2,,,,,0
544,xdf5edgs,677d9c0932692ecae75d899b,0,51,51,post_exp,FinalForProlific,2026-01-21 19:23:12.839377,1,,,113.02,544,,0.0,1,treatment,Edge,144.0.0,Windows,10,Other,0,0,0,1,third_option,1,,,,,,,3,tmjewif2,,,,,0
545,krxgbo0z,5e646461698a071f2f15423e,0,51,51,post_exp,FinalForProlific,2026-01-21 19:23:26.434806,1,,,118.45,545,,0.0,1,control,Chrome,143.0.0,Chrome OS,14541.0.0,Other,0,0,0,1,third_option,1,,,,,,,10,tmjewif2,,,,,0
546,es4y2cp1,5f4f9bc1f7598f06b2dc816f,0,51,51,post_exp,FinalForProlific,2026-01-21 19:23:43.077599,1,,,118.98,546,,0.0,1,treatment,Chrome,144.0.0,Windows,10,Other,0,0,0,1,third_option,1,,,,,,,7,tmjewif2,,,,,0
547,rgrdltp5,6171bd9a5b4994447442a49d,0,51,51,post_exp,FinalForProlific,2026-01-21 19:23:44.888059,1,,,130.41,547,,0.0,1,treatment,Chrome,144.0.0,Linux,,Other,0,0,0,1,third_option,1,,,,,,,4,tmjewif2,,,,,0
548,bvnl3es1,650b695bf3b3d34f9c461926,0,51,51,post_exp,FinalForProlific,2026-01-21 19:23:57.264846,1,,,115.82,548,,0.0,1,treatment,Chrome,143.0.0,Windows,10,Other,0,0,0,1,third_option,1,,,,,,,2,tmjewif2,,,,,0
549,8x27951h,67dfd2986014ad9eaa886f26,0,51,51,post_exp,FinalForProlific,2026-01-21 19:23:57.953836,1,,,113.95,549,,0.0,1,control,Chrome,144.0.0,Windows,10,Other,0,0,0,1,third_option,1,,,,,,,7,tmjewif2,,,,,0
550,890lh73h,5f77c6a1a110ce346dc016ec,0,3,51,intro,comprehensionQuestions,2026-01-21 19:24:07.464768,1,,,0.0,550,,0.0,1,treatment,Edge,143.0.0,Windows,10,Other,0,0,0,1,,,,,,,,,,tmjewif2,,,,,0
551,b09efljs,654287b7f8958a83a5c611fd,0,3,51,intro,comprehensionQuestions,2026-01-21 19:24:08.302469,1,,,0.0,551,,0.0,1,treatment,Chrome,143.0.0,Windows,10,Other,0,0,0,1,,,,,,,,,,tmjewif2,,,,,0
552,vr2cz6oa,66e4c4358de330a06b4d33f1,0,51,51,post_exp,FinalForProlific,2026-01-21 19:24:08.858810,1,,,130.43,552,,0.0,1,treatment,Firefox,147.0,Windows,10,Other,0,0,0,1,third_option,1,,,,,,,3,tmjewif2,,,,,0
553,1mn20pnk,6564945a98aa29adc95a4672,0,3,51,intro,comprehensionQuestions,2026-01-21 19:24:45.274448,1,,,0.0,553,,0.0,1,control,Edge,143.0.0,Windows,10,Other,0,0,0,1,,,,,,,,,,tmjewif2,,,,,0
554,okgua7fx,606f9bca353fc36aba9ccb8b,0,51,51,post_exp,FinalForProlific,2026-01-21 19:24:46.902982,1,,,112.19,554,,0.0,1,treatment,Edge,144.0.0,Windows,10,Other,0,0,0,1,third_option,1,,,,,,,5,tmjewif2,,,,,0
555,kdurf4rp,63eec085b1d2e79ac4fbbd78,0,51,51,post_exp,FinalForProlific,2026-01-21 19:24:51.488497,1,,,116.62,555,,0.0,1,treatment,Chrome,144.0.0,Windows,10,Other,0,0,0,1,third_option,1,,,,,,,7,tmjewif2,,,,,0
556,bby618go,6785891aee9028790a1bd6fc,0,51,51,post_exp,FinalForProlific,2026-01-21 19:24:52.836241,1,,,111.71,556,,0.0,1,treatment,Chrome,143.0.0,Windows,10,Other,0,0,0,1,third_option,1,,,,,,,4,tmjewif2,,,,,0
557,kr4c4yhq,675626c78f97131ff12b8d37,0,51,51,post_exp,FinalForProlific,2026-01-21 19:25:22.843302,1,,,113.2,557,,0.0,1,control,Chrome,144.0.0,Windows,10,Other,0,0,0,1,third_option,1,,,,,,,4,tmjewif2,,,,,0
558,kqeo7qbn,67672ae601aa0551d537d6dd,0,51,51,post_exp,FinalForProlific,2026-01-21 19:25:26.631764,1,,,106.57,558,,0.0,1,treatment,Chrome,143.0.0,Mac OS X,10.15.7,Mac,0,0,0,1,third_option,1,,,,,,,5,tmjewif2,,,,,0
559,orno7h3s,653f2424042d03012eb92ef5,0,51,51,post_exp,FinalForProlific,2026-01-21 19:25:50.943512,1,,,110.43,559,,0.0,1,treatment,Chrome,143.0.0,Windows,10,Other,0,0,0,1,third_option,1,,,,,,,5,tmjewif2,,,,,0
560,phmdeinv,672fd24711f758e7a04ac043,0,51,51,post_exp,FinalForProlific,2026-01-21 19:26:16.801378,1,,,114.39,560,,0.0,1,treatment,Chrome,143.0.0,Windows,10,Other,0,0,0,1,third_option,1,,,,,,,5,tmjewif2,,,,,0
561,qc8pl7yd,66a8f82143da40a6b126975e,0,51,51,post_exp,FinalForProlific,2026-01-21 19:26:19.539645,1,,,117.84,561,,0.0,1,control,Chrome,143.0.0,Windows,10,Other,0,0,0,1,third_option,1,,,,,,,8,tmjewif2,,,,,0
562,w64ryqy7,678d3d40f1def0ae54a2e89d,0,51,51,post_exp,FinalForProlific,2026-01-21 19:26:20.457616,1,,,104.03,562,,0.0,1,treatment,Chrome,144.0.0,Windows,10,Other,0,0,0,1,third_option,1,,,,,,,5,tmjewif2,,,,,0
563,k7zamumt,63fd0a7da4c0df409be0a784,0,51,51,post_exp,FinalForProlific,2026-01-21 19:26:54.923318,1,,,115.89,563,,0.0,1,treatment,Chrome,143.0.0,Windows,10,Other,0,0,0,1,third_option,1,,,,,,,1,tmjewif2,,,,,0
564,ifiunh18,66200b032829f40f3664afdf,0,51,51,post_exp,FinalForProlific,2026-01-21 19:27:27.663655,1,,,108.24,564,,0.0,1,treatment,Chrome,143.0.0,Windows,10,Other,0,0,0,1,third_option,1,,,,,,,4,tmjewif2,,,,,0
565,bwb0fxds,5eb02a40b17a8c0868685d32,0,51,51,post_exp,FinalForProlific,2026-01-21 19:27:42.274842,1,,,122.55,565,,0.0,1,control,Chrome,143.0.0,Windows,10,Other,0,0,0,1,third_option,1,,,,,,,5,tmjewif2,,,,,0
566,2typwqjp,67e2ed15da79347d97d600c6,0,51,51,post_exp,FinalForProlific,2026-01-21 19:27:59.551265,1,,,119.73,566,,0.0,1,treatment,Chrome,144.0.0,Windows,10,Other,0,0,0,1,third_option,1,,,,,,,10,tmjewif2,,,,,0
567,1mj7w9n3,60196ee67d099006f74c5bb3,0,51,51,post_exp,FinalForProlific,2026-01-21 19:28:38.141167,1,,,132.93,567,,0.0,1,treatment,Chrome,144.0.0,Windows,10,Other,0,0,0,1,third_option,1,,,,,,,6,tmjewif2,,,,,0
568,em0w9vub,66117731dd2d071debd435a4,0,51,51,post_exp,FinalForProlific,2026-01-21 19:29:32.753850,1,,,110.81,568,,0.0,1,treatment,Chrome,143.0.0,Windows,10,Other,0,0,0,1,third_option,1,,,,,,,4,tmjewif2,,,,,0
569,yx8kihy8,5af1c4dfaec2b600010a96c9,0,51,51,post_exp,FinalForProlific,2026-01-21 19:29:38.673126,1,,,119.69,569,,0.0,1,control,Chrome,144.0.0,Windows,10,Other,0,0,0,1,third_option,1,,,,,,,5,tmjewif2,,,,,0
570,o7y6ybbj,5c55faafb571e7000119e576,0,51,51,post_exp,FinalForProlific,2026-01-21 19:30:28.677331,1,,,114.09,570,,0.0,1,treatment,Chrome,143.0.0,Windows,10,Other,0,0,0,1,third_option,1,,,,,,,3,tmjewif2,,,,,0
571,oy029hfk,678c48506e32ea110dfe1aa0,0,51,51,post_exp,FinalForProlific,2026-01-21 19:31:22.383443,1,,,113.27,571,,0.0,1,treatment,Chrome,138.0.0,Mac OS X,10.15.7,Mac,0,0,0,1,third_option,1,,,,,,,7,tmjewif2,,,,,0
572,2sr2l63b,696a97da7648c7e49fa8eb36,0,51,51,post_exp,FinalForProlific,2026-01-21 19:31:24.373120,1,,,114.21,572,,0.0,1,treatment,Chrome,143.0.0,Windows,10,Other,0,0,0,1,third_option,1,,,,,,,3,tmjewif2,,,,,0
573,lqgvs8fr,63ea6344bf5cfafd40b0dce2,0,6,51,main,Trade,2026-01-21 19:31:31.408196,1,,,0.0,573,,0.0,1,control,Chrome,144.0.0,Windows,10,Other,0,0,0,1,third_option,1,,,,,,,8,tmjewif2,,,,,0
574,7upxsx7y,6938b3a102d6dfae6c72a140,0,51,51,post_exp,FinalForProlific,2026-01-21 19:31:51.808506,1,,,104.6,574,,0.0,1,treatment,Chrome,140.0.0,Windows,10,Other,0,0,0,1,third_option,1,,,,,,,6,tmjewif2,,,,,0
575,7jf6pyg8,69696e5f7f2fd33ddd72b700,0,51,51,post_exp,FinalForProlific,2026-01-21 19:32:10.536800,1,,,106.92,575,,0.0,1,treatment,Safari,26.2,Mac OS X,10.15.7,Mac,0,0,0,1,I did not read the instructions above.,0,,,,,,,2,tmjewif2,,,,,0
576,ult21elv,668e88ea6a476e76e0c1993b,0,51,51,post_exp,FinalForProlific,2026-01-21 19:32:31.741809,1,,,108.17,576,,0.0,1,treatment,Chrome,139.0.0,Windows,10,Other,0,0,0,1,third_option,1,,,,,,,6,tmjewif2,,,,,0
577,rn4omp9q,667d6e31f20123f8eaf45aa4,0,51,51,post_exp,FinalForProlific,2026-01-21 19:32:41.708883,1,,,116.08,577,,0.0,1,control,Chrome,128.0.0,Mac OS X,10.15.7,Mac,0,0,0,1,third_option,1,,,,,,,4,tmjewif2,,,,,0
578,ifzb9eyx,664fcd7938e76f20c1503ed1,0,51,51,post_exp,FinalForProlific,2026-01-21 19:32:50.535872,1,,,110.49,578,,0.0,1,treatment,Chrome,143.0.0,Windows,10,Other,0,0,0,1,third_option,1,,,,,,,7,tmjewif2,,,,,0
579,lei2qywc,69457dc95341cec41fca5695,0,51,51,post_exp,FinalForProlific,2026-01-21 19:33:15.257628,1,,,115.41,579,,0.0,1,treatment,Firefox,140.0,Mac OS X,10.15,Mac,0,0,0,1,third_option,1,,,,,,,6,tmjewif2,,,,,0
580,qpsmqbr9,67439be8ee2236a7c078d523,0,51,51,post_exp,FinalForProlific,2026-01-21 19:33:19.646759,1,,,116.61,580,,0.0,1,treatment,Firefox,147.0,Windows,10,Other,0,0,0,1,third_option,1,,,,,,,1,tmjewif2,,,,,0
581,61k6ksdw,614f6bad672ef7cf5ecfd965,0,51,51,post_exp,FinalForProlific,2026-01-21 19:33:27.563702,1,,,111.37,581,,0.0,1,control,Chrome,144.0.0,Windows,10,Other,0,0,0,1,third_option,1,,,,,,,6,tmjewif2,,,,,0
582,r0j8yoel,5e076480c4e1550e2114f006,0,51,51,post_exp,FinalForProlific,2026-01-21 19:33:27.914187,1,,,112.43,582,,0.0,1,treatment,Chrome,143.0.0,Mac OS X,10.15.7,Mac,0,0,0,1,third_option,1,,,,,,,7,tmjewif2,,,,,0
583,o2ric7tv,5f4ee7ff2c5da213f015a27e,0,51,51,post_exp,FinalForProlific,2026-01-21 19:33:50.703291,1,,,109.05,583,,0.0,1,treatment,Chrome,144.0.0,Windows,10,Other,0,0,0,1,third_option,1,,,,,,,2,tmjewif2,,,,,0
584,k5xa0ure,627ebc31883c7dd7c2220c7e,0,51,51,post_exp,FinalForProlific,2026-01-21 19:33:52.821597,1,,,110.35,584,,0.0,1,treatment,Chrome,143.0.0,Windows,10,Other,0,0,0,1,third_option,1,,,,,,,2,tmjewif2,,,,,0
585,oz0bq1no,663a8a591f436a85bb4d90c2,0,51,51,post_exp,FinalForProlific,2026-01-21 19:34:27.429032,1,,,113.69,585,,0.0,1,control,Chrome,143.0.0,Windows,10,Other,0,0,0,1,third_option,1,,,,,,,5,tmjewif2,,,,,0
586,k7mae337,691de5f84e51711d498cbd95,0,51,51,post_exp,FinalForProlific,2026-01-21 19:34:29.466689,1,,,119.45,586,,0.0,1,treatment,Chrome,144.0.0,Windows,10,Other,0,0,0,1,third_option,1,,,,,,,9,tmjewif2,,,,,0
587,9gvrkx28,6642faa06b2b677499d5f485,0,51,51,post_exp,FinalForProlific,2026-01-21 19:34:37.753906,1,,,105.27,587,,0.0,1,treatment,Chrome,144.0.0,Windows,10,Other,0,0,0,1,third_option,1,,,,,,,6,tmjewif2,,,,,0
588,ox4wpmf2,67ac7e734f208b0fe0865cd8,0,3,51,intro,comprehensionQuestions,2026-01-21 19:34:39.803235,1,,,0.0,588,,0.0,1,treatment,Safari,18.6,Mac OS X,10.15.7,Mac,0,0,0,1,,,,,,,,,,tmjewif2,,,,,0
589,66nw26j3,5fbb062e91513797e214827d,0,51,51,post_exp,FinalForProlific,2026-01-21 19:34:53.599150,1,,,116.29,589,,0.0,1,control,Safari,18.5,Mac OS X,10.15.7,Mac,0,0,0,1,third_option,1,,,,,,,6,tmjewif2,,,,,0
590,maxlj62o,67299a3cb9242638dd2556db,0,51,51,post_exp,FinalForProlific,2026-01-21 19:35:00.933610,1,,,104.99,590,,0.0,1,treatment,Chrome,103.0.0,Chrome OS,14816.131.5,Other,0,0,0,1,third_option,1,,,,,,,5,tmjewif2,,,,,0
591,1jijgv4h,65edd3b5dab4b33aaf29cbd0,0,51,51,post_exp,FinalForProlific,2026-01-21 19:35:20.737286,1,,,107.91,591,,0.0,1,treatment,Chrome,144.0.0,Windows,10,Other,0,0,0,1,third_option,1,,,,,,,10,tmjewif2,,,,,0
592,cigfs0lb,5ca749ff98b35f0001f7559d,0,51,51,post_exp,FinalForProlific,2026-01-21 19:35:43.335437,1,,,109.48,592,,0.0,1,treatment,Chrome,141.0.0,Linux,,Other,0,0,0,1,third_option,1,,,,,,,6,tmjewif2,,,,,0
593,r0au3qy9,64063ab4e87bbb62274cd0e6,0,51,51,post_exp,FinalForProlific,2026-01-21 19:35:58.074210,1,,,122.01,593,,0.0,1,control,Chrome,144.0.0,Mac OS X,10.15.7,Mac,0,0,0,1,third_option,1,,,,,,,7,tmjewif2,,,,,0
594,tmasgabe,696f3e8d1bc17ee7c02d4318,0,51,51,post_exp,FinalForProlific,2026-01-21 19:35:59.998344,1,,,113.59,594,,0.0,1,treatment,Chrome,144.0.0,Windows,10,Other,0,0,0,1,third_option,1,,,,,,,3,tmjewif2,,,,,0
595,ywcalevq,5914b7b50a4b9d0001add64f,0,51,51,post_exp,FinalForProlific,2026-01-21 19:36:02.810667,1,,,106.35,595,,0.0,1,treatment,Firefox,147.0,Linux,,Other,0,0,0,1,third_option,1,,,,,,,7,tmjewif2,,,,,0
596,816zeq7q,6022cb0bc69ce70874b42f78,0,51,51,post_exp,FinalForProlific,2026-01-21 19:37:17.780660,1,,,108.7,596,,0.0,1,treatment,Chrome,143.0.0,Chrome OS,14541.0.0,Other,0,0,0,1,third_option,1,,,,,,,4,tmjewif2,,,,,0
597,uwe7l4kv,6348846ae221cb4a0efbf3f9,0,51,51,post_exp,FinalForProlific,2026-01-21 19:37:53.250211,1,,,112.1,597,,0.0,1,control,Chrome,127.0.0,Windows,10,Other,0,0,0,1,third_option,1,,,,,,,6,tmjewif2,,,,,0
598,wwsql034,5ef4db1a45dfc00e117b2a54,0,51,51,post_exp,FinalForProlific,2026-01-21 19:38:13.201960,1,,,106.54,598,,0.0,1,treatment,Chrome,143.0.0,Windows,10,Other,0,0,0,1,third_option,1,,,,,,,6,tmjewif2,,,,,0
599,l7qj2ha0,6718e196003d5cc872f1e3bc,0,51,51,post_exp,FinalForProlific,2026-01-21 19:38:32.698651,1,,,113.28,599,,0.0,1,treatment,Chrome,142.0.0,Chrome OS,14541.0.0,Other,0,0,0,1,third_option,1,,,,,,,7,tmjewif2,,,,,0
600,qpvfby3v,606a3cf263a18869ac8ee0ed,0,51,51,post_exp,FinalForProlific,2026-01-21 19:38:47.696144,1,,,115.61,600,,0.0,1,treatment,Chrome,143.0.0,Chrome OS,14541.0.0,Other,0,0,0,1,third_option,1,,,,,,,3,tmjewif2,,,,,0
601,4lnsx34v,666b5817eadabfbefc40fe1b,0,51,51,post_exp,FinalForProlific,2026-01-21 19:38:49.410715,1,,,123.98,601,,0.0,1,control,Chrome,126.0.0,Windows,10,Other,0,0,0,1,third_option,1,,,,,,,9,tmjewif2,,,,,0
602,12ta3zpg,659daa1ed4e13d6428103c1f,0,51,51,post_exp,FinalForProlific,2026-01-21 19:39:04.479838,1,,,106.34,602,,0.0,1,treatment,Chrome,143.0.0,Windows,10,Other,0,0,0,1,third_option,1,,,,,,,3,tmjewif2,,,,,0
603,1v4206w7,6849087820c5cb721d340814,0,51,51,post_exp,FinalForProlific,2026-01-21 19:39:13.794071,1,,,110.27,603,,0.0,1,treatment,Chrome,134.0.0,Windows,10,Other,0,0,0,1,third_option,1,,,,,,,8,tmjewif2,,,,,0
604,6m593tyk,6352c60b4a9850783773f265,0,2,51,intro,Instructions,2026-01-21 19:39:35.027241,1,,,0.0,604,,0.0,1,treatment,Chrome,143.0.0,Windows,10,Other,0,0,0,1,,,,,,,,,,tmjewif2,,,,,0
605,7a2tzffw,69651f0e74249480b7a2e0eb,0,51,51,post_exp,FinalForProlific,2026-01-21 19:40:13.063881,1,,,144.26,605,,0.0,1,control,Edge,144.0.0,Windows,10,Other,0,0,0,1,third_option,1,,,,,,,3,tmjewif2,,,,,0
606,jjpjylrp,6657ab37ba8f20890ac0e52d,0,51,51,post_exp,FinalForProlific,2026-01-21 19:40:26.732457,1,,,113.98,606,,0.0,1,treatment,Chrome,143.0.0,Windows,10,Other,0,0,0,1,third_option,1,,,,,,,3,tmjewif2,,,,,0
607,xsvy54f7,5e98e245aa25c6120f522a40,0,51,51,post_exp,FinalForProlific,2026-01-21 19:40:30.625639,1,,,110.91,607,,0.0,1,treatment,Firefox,147.0,Windows,10,Other,0,0,0,1,third_option,1,,,,,,,5,tmjewif2,,,,,0
608,jn5l1yw8,67dd49c5b86cdc10df6d7e70,0,51,51,post_exp,FinalForProlific,2026-01-21 19:40:43.901783,1,,,129.52,608,,0.0,1,treatment,Chrome,143.0.0,Windows,10,Other,0,0,0,1,third_option,1,,,,,,,10,tmjewif2,,,,,0
609,amxas39e,67cc82d73c1dc6dab0da3147,0,51,51,post_exp,FinalForProlific,2026-01-21 19:40:51.033789,1,,,115.62,609,,0.0,1,control,Chrome,143.0.0,Windows,10,Other,0,0,0,1,third_option,1,,,,,,,10,tmjewif2,,,,,0
610,m27k30y5,5c2d187569ceff00011417de,0,51,51,post_exp,FinalForProlific,2026-01-21 19:41:19.282394,1,,,109.38,610,,0.0,1,treatment,Chrome,143.0.0,Windows,10,Other,0,0,0,1,third_option,1,,,,,,,4,tmjewif2,,,,,0
611,z60ivc11,62fbeca46caf4abaaf74b5f1,0,6,51,main,Trade,2026-01-21 19:41:22.160831,1,,,0.0,611,,0.0,1,treatment,Chrome,144.0.0,Windows,10,Other,0,0,0,1,third_option,1,,,,,,,6,tmjewif2,,,,,0
612,is86dso3,657cda588201fdd1dc26e2ae,0,51,51,post_exp,FinalForProlific,2026-01-21 19:41:25.611216,1,,,106.5,612,,0.0,1,treatment,Chrome,143.0.0,Windows,10,Other,0,0,0,1,third_option,1,,,,,,,6,tmjewif2,,,,,0
613,oatbzmex,647237749c689b370ef50bef,0,51,51,post_exp,FinalForProlific,2026-01-21 19:41:36.274367,1,,,118.17,613,,0.0,1,control,Firefox,146.0,Windows,10,Other,0,0,0,1,third_option,1,,,,,,,3,tmjewif2,,,,,0
614,v3i4m4np,601848135aa9ba08c66cff6a,0,51,51,post_exp,FinalForProlific,2026-01-21 19:41:40.576198,1,,,114.44,614,,0.0,1,treatment,Chrome,144.0.0,Windows,10,Other,0,0,0,1,third_option,1,,,,,,,7,tmjewif2,,,,,0
615,87ah4fqj,650764c3a197814ab15f8237,0,51,51,post_exp,FinalForProlific,2026-01-21 19:41:59.146596,1,,,106.38,615,,0.0,1,treatment,Chrome,143.0.0,Windows,10,Other,0,0,0,1,third_option,1,,,,,,,8,tmjewif2,,,,,0
616,nmucl97p,67eff64644dbaffed18ecb37,0,51,51,post_exp,FinalForProlific,2026-01-21 19:42:33.661032,1,,,106.06,616,,0.0,1,treatment,Chrome,141.0.0,Windows,10,Other,0,0,0,1,third_option,1,,,,,,,8,tmjewif2,,,,,0
617,pgdcd51s,66c3f9c82a62ec48ab383e47,0,51,51,post_exp,FinalForProlific,2026-01-21 19:42:33.682702,1,,,112.75,617,,0.0,1,control,Chrome,143.0.0,Windows,10,Other,0,0,0,1,third_option,1,,,,,,,5,tmjewif2,,,,,0
618,6av2t8tt,60a6f069396cebb99ad0c6a7,0,51,51,post_exp,FinalForProlific,2026-01-21 19:42:40.504780,1,,,114.15,618,,0.0,1,treatment,Chrome,143.0.0,Windows,10,Other,0,0,0,1,third_option,1,,,,,,,7,tmjewif2,,,,,0
619,qe1gdbin,66a450cbae4aeed1d6531952,0,51,51,post_exp,FinalForProlific,2026-01-21 19:42:45.184696,1,,,108.99,619,,0.0,1,treatment,Safari,15.6.1,Mac OS X,10.15.6,Mac,0,0,0,1,third_option,1,,,,,,,4,tmjewif2,,,,,0
620,zqs33hh3,67e57570814ffb2111a0b46d,0,49,51,post_exp,Demographics,2026-01-21 19:42:59.524375,1,,,1218.51,620,,0.0,1,treatment,Chrome,143.0.0,Windows,10,Other,0,0,0,1,third_option,1,,,,,,,2,tmjewif2,,,,,0
621,r59qcdzb,65fcaa30c61e9b7657625912,0,3,51,intro,comprehensionQuestions,2026-01-21 19:43:19.777406,1,,,0.0,621,,0.0,1,control,Edge,144.0.0,Windows,10,Other,0,0,0,1,,,,,,,,,,tmjewif2,,,,,0
622,wrnmh3yp,622a0d9a4f5132ad78e5f1b6,0,2,51,intro,Instructions,2026-01-21 19:43:25.382934,1,,,0.0,622,,0.0,1,treatment,Edge,144.0.0,Windows,10,Other,0,0,0,1,,,,,,,,,,tmjewif2,,,,,0
623,b7ytkij5,652628fee84059e7913a478b,0,51,51,post_exp,FinalForProlific,2026-01-21 19:43:42.697146,1,,,115.56,623,,0.0,1,treatment,Chrome,143.0.0,Chrome OS,14541.0.0,Other,0,0,0,1,third_option,1,,,,,,,4,tmjewif2,,,,,0
624,kkt6kx7p,5687bbe7369319000c269af0,0,51,51,post_exp,FinalForProlific,2026-01-21 19:43:59.493269,1,,,104.13,624,,0.0,1,treatment,Chrome,126.0.0,Chrome OS,14541.0.0,Other,0,0,0,1,third_option,1,,,,,,,5,tmjewif2,,,,,0
625,kzujknan,6100372e3a116cb5cb36ebea,0,51,51,post_exp,FinalForProlific,2026-01-21 19:44:07.498661,1,,,108.05,625,,0.0,1,control,Chrome,144.0.0,Windows,10,Other,0,0,0,1,third_option,1,,,,,,,5,tmjewif2,,,,,0
626,p4uqcsdg,642ead184d7533ccfd57d888,0,51,51,post_exp,FinalForProlific,2026-01-21 19:45:23.243224,1,,,109.6,626,,0.0,1,treatment,Chrome,143.0.0,Mac OS X,10.15.7,Mac,0,0,0,1,third_option,1,,,,,,,8,tmjewif2,,,,,0
627,3o9arkza,67ea5c777a99aaa8d8aadc59,0,51,51,post_exp,FinalForProlific,2026-01-21 19:45:23.963474,1,,,117.99,627,,0.0,1,treatment,Chrome,144.0.0,Windows,10,Other,0,0,0,1,third_option,1,,,,,,,8,tmjewif2,,,,,0
628,lx6kzzsq,611145d764f3f83ee48ae655,0,51,51,post_exp,FinalForProlific,2026-01-21 19:45:44.856065,1,,,108.98,628,,0.0,1,treatment,Chrome,124.0.0,Mac OS X,10.15.7,Mac,0,0,0,1,third_option,1,,,,,,,2,tmjewif2,,,,,0
629,tsvbbla8,55b508f4fdf99b1c26c21c69,0,51,51,post_exp,FinalForProlific,2026-01-21 19:47:14.995471,1,,,118.89,629,,0.0,1,control,Firefox,147.0,Windows,10,Other,0,0,0,1,third_option,1,,,,,,,3,tmjewif2,,,,,0
630,mrgxj2yn,69611073262942bf43ed3f65,0,2,51,intro,Instructions,2026-01-21 19:47:29.516041,1,,,0.0,630,,0.0,1,treatment,Chrome,143.0.0,Windows,10,Other,0,0,0,1,,,,,,,,,,tmjewif2,,,,,0
631,l8icf6r3,667871d17d7fdf0358f82a28,0,51,51,post_exp,FinalForProlific,2026-01-21 19:47:48.730834,1,,,100.71,631,,0.0,1,treatment,Chrome,143.0.0,Mac OS X,10.15.7,Mac,0,0,0,1,third_option,1,,,,,,,6,tmjewif2,,,,,0
632,g50j2gef,67ee795beb74f4d224497dac,0,51,51,post_exp,FinalForProlific,2026-01-21 19:48:14.357467,1,,,104.89,632,,0.0,1,treatment,Chrome,130.0.0,Windows,NT,Other,0,0,0,1,third_option,1,,,,,,,10,tmjewif2,,,,,0
633,qf1p0eat,67f8607be129189cd9ea4c0a,0,51,51,post_exp,FinalForProlific,2026-01-21 19:48:56.302341,1,,,112.68,633,,0.0,1,control,Chrome,141.0.0,Windows,10,Other,0,0,0,1,third_option,1,,,,,,,7,tmjewif2,,,,,0
634,gb6a9wcf,6144b21806fb764e5f179bc2,0,51,51,post_exp,FinalForProlific,2026-01-21 19:49:07.488911,1,,,134.93,634,,0.0,1,treatment,Chrome,143.0.0,Windows,10,Other,0,0,0,1,third_option,1,,,,,,,7,tmjewif2,,,,,0
635,fthetz89,6944cf58bc1b757bdc6aa373,0,51,51,post_exp,FinalForProlific,2026-01-21 19:49:11.696952,1,,,102.35,635,,0.0,1,treatment,Safari,26.0,Mac OS X,10.15.7,Mac,0,0,0,1,third_option,1,,,,,,,7,tmjewif2,,,,,0
636,bk97nsvj,5dcdb60be64aaa07c14065cc,0,51,51,post_exp,FinalForProlific,2026-01-21 19:49:45.054283,1,,,123.35,636,,0.0,1,treatment,Chrome,143.0.0,Chrome OS,14541.0.0,Other,0,0,0,1,third_option,1,,,,,,,5,tmjewif2,,,,,0
637,yl54lzcj,65c12f748c1ed7690f805fb4,0,10,51,main,RoundFeedback,2026-01-21 19:50:45.936179,1,,,0.0,637,,0.0,1,control,Chrome,144.0.0,Linux,,Other,0,0,0,1,third_option,1,,,,,,,5,tmjewif2,,,,,0
638,db14174u,6148f3d1074988c7852c1774,0,51,51,post_exp,FinalForProlific,2026-01-21 19:51:05.605961,1,,,108.35,638,,0.0,1,treatment,Chrome,143.0.0,Mac OS X,10.15.7,Mac,0,0,0,1,third_option,1,,,,,,,6,tmjewif2,,,,,0
639,3azau0q3,696572037164323493540217,0,3,51,intro,comprehensionQuestions,2026-01-21 19:51:54.768396,1,,,0.0,639,,0.0,1,treatment,Chrome,109.0.0,Windows,10,Other,0,0,0,1,,,,,,,,,,tmjewif2,,,,,0
640,03dd1l23,66294472b8e914428870fcea,0,51,51,post_exp,FinalForProlific,2026-01-21 19:51:54.965308,1,,,105.99,640,,0.0,1,treatment,Chrome,143.0.0,Windows,10,Other,0,0,0,1,third_option,1,,,,,,,7,tmjewif2,,,,,0
641,pvub5tze,5e667f3bc3f30a4050fc8f2f,0,51,51,post_exp,FinalForProlific,2026-01-21 19:52:17.945089,1,,,123.74,641,,0.0,1,control,Edge,144.0.0,Windows,10,Other,0,0,0,1,third_option,1,,,,,,,3,tmjewif2,,,,,0
642,kiec8qei,5b81c0bc35c967000197117f,0,51,51,post_exp,FinalForProlific,2026-01-21 19:53:32.065093,1,,,113.35,642,,0.0,1,treatment,Chrome,144.0.0,Windows,10,Other,0,0,0,1,third_option,1,,,,,,,6,tmjewif2,,,,,0
643,qiuh6dki,67d5e3d6a8a6bc7b6665a542,0,51,51,post_exp,FinalForProlific,2026-01-21 19:54:12.993624,1,,,117.45,643,,0.0,1,treatment,Chrome,144.0.0,Windows,10,Other,0,0,0,1,third_option,1,,,,,,,7,tmjewif2,,,,,0
644,00ki4dba,66f18a0dc9cc467c3ef214dd,0,6,51,main,Trade,2026-01-21 19:54:17.787083,1,,,0.0,644,,0.0,1,treatment,Chrome,138.0.0,Windows,10,Other,0,0,0,1,third_option,1,,,,,,,6,tmjewif2,,,,,0
645,taqzdjbg,63d3fa55356059073379496e,0,51,51,post_exp,FinalForProlific,2026-01-21 19:54:23.404418,1,,,109.32,645,,0.0,1,control,Chrome,143.0.0,Mac OS X,10.15.7,Mac,0,0,0,1,third_option,1,,,,,,,5,tmjewif2,,,,,0
646,8b1vuygt,6845fad63da7756677508375,0,51,51,post_exp,FinalForProlific,2026-01-21 19:54:54.279634,1,,,115.95,646,,0.0,1,treatment,Chrome,134.0.0,Windows,10,Other,0,0,0,1,third_option,1,,,,,,,8,tmjewif2,,,,,0
647,i9bism9p,5cb929bfebd17d0017e7f848,0,51,51,post_exp,FinalForProlific,2026-01-21 19:55:19.371540,1,,,110.36,647,,0.0,1,treatment,Chrome,143.0.0,Mac OS X,10.15.7,Mac,0,0,0,1,third_option,1,,,,,,,8,tmjewif2,,,,,0
648,fs7euojh,67ab7ed4c126306d2899115a,0,51,51,post_exp,FinalForProlific,2026-01-21 19:55:41.951418,1,,,114.06,648,,0.0,1,treatment,Edge,143.0.0,Windows,10,Other,0,0,0,1,third_option,1,,,,,,,5,tmjewif2,,,,,0
649,met3u696,63d6873b65a6170d64a652f6,0,51,51,post_exp,FinalForProlific,2026-01-21 19:55:44.401859,1,,,113.2,649,,0.0,1,control,Chrome,143.0.0,Windows,10,Other,0,0,0,1,third_option,1,,,,,,,5,tmjewif2,,,,,0
650,87spsrp8,66541006a1dd56700858320a,0,3,51,intro,comprehensionQuestions,2026-01-21 19:55:58.834444,1,,,0.0,650,,0.0,1,treatment,Chrome,143.0.0,Windows,10,Other,0,0,0,1,,,,,,,,,,tmjewif2,,,,,0
651,6xjjprok,638b951008b4843ccdbc4e15,0,51,51,post_exp,FinalForProlific,2026-01-21 19:56:09.648979,1,,,119.58,651,,0.0,1,treatment,Firefox,147.0,Windows,10,Other,0,0,0,1,third_option,1,,,,,,,5,tmjewif2,,,,,0
652,4o4qbbhf,65d3b99a393abc32c9767b01,0,51,51,post_exp,FinalForProlific,2026-01-21 19:56:27.795651,1,,,106.3,652,,0.0,1,treatment,Chrome,144.0.0,Windows,10,Other,0,0,0,1,third_option,1,,,,,,,2,tmjewif2,,,,,0
653,8z1wxwqu,69459022924d658dbe0c0036,0,51,51,post_exp,FinalForProlific,2026-01-21 19:56:28.672826,1,,,117.8,653,,0.0,1,control,Edge,144.0.0,Windows,10,Other,0,0,0,1,third_option,1,,,,,,,2,tmjewif2,,,,,0
654,4q9vuzpy,670da3fd0b8a2f7a542a2b24,0,51,51,post_exp,FinalForProlific,2026-01-21 19:57:13.953330,1,,,106.57,654,,0.0,1,treatment,Edge,144.0.0,Windows,10,Other,0,0,0,1,third_option,1,,,,,,,2,tmjewif2,,,,,0
655,qybqgcnz,5dcf402982569a08ddd84086,0,51,51,post_exp,FinalForProlific,2026-01-21 19:57:24.873560,1,,,109.3,655,,0.0,1,treatment,Safari,18.5,Mac OS X,10.15.7,Mac,0,0,0,1,third_option,1,,,,,,,8,tmjewif2,,,,,0
656,2f4ece3o,6501bb247a918443bb34fc33,0,51,51,post_exp,FinalForProlific,2026-01-21 19:57:53.303490,1,,,108.67,656,,0.0,1,treatment,Chrome,143.0.0,Windows,10,Other,0,0,0,1,third_option,1,,,,,,,3,tmjewif2,,,,,0
657,uixy5wkg,694eea83ff77f545d9daceb4,0,51,51,post_exp,FinalForProlific,2026-01-21 19:58:01.566527,1,,,113.24,657,,0.0,1,control,Edge,144.0.0,Windows,10,Other,0,0,0,1,third_option,1,,,,,,,5,tmjewif2,,,,,0
658,oz9268xg,64776901546a7820fb994c5d,0,51,51,post_exp,FinalForProlific,2026-01-21 19:58:02.409524,1,,,107.81,658,,0.0,1,treatment,Chrome,144.0.0,Windows,10,Other,0,0,0,1,third_option,1,,,,,,,4,tmjewif2,,,,,0
659,7gsihp2x,629aa31883e52081b06a8a8d,0,51,51,post_exp,FinalForProlific,2026-01-21 19:58:08.878442,1,,,121.5,659,,0.0,1,treatment,Chrome,144.0.0,Windows,10,Other,0,0,0,1,third_option,1,,,,,,,6,tmjewif2,,,,,0
660,cqelyyph,5e916cb9e502b1498e8fc059,0,3,51,intro,comprehensionQuestions,2026-01-21 19:58:09.592104,1,,,0.0,660,,0.0,1,treatment,Edge,144.0.0,Windows,10,Other,0,0,0,1,,,,,,,,,,tmjewif2,,,,,0
661,ook4fmvl,55b47001fdf99b615b12d66c,0,51,51,post_exp,FinalForProlific,2026-01-21 19:58:30.432877,1,,,136.11,661,,0.0,1,control,Chrome,143.0.0,Mac OS X,10.15.7,Mac,0,0,0,1,third_option,1,,,,,,,7,tmjewif2,,,,,0
662,gy8z8j2i,668525b0e1eff8d40c686ec0,0,51,51,post_exp,FinalForProlific,2026-01-21 19:59:10.035838,1,,,120.98,662,,0.0,1,treatment,Chrome,144.0.0,Windows,10,Other,0,0,0,1,third_option,1,,,,,,,5,tmjewif2,,,,,0
663,b0w41uzs,5c91658e319e1200014f6f9b,0,51,51,post_exp,FinalForProlific,2026-01-21 20:00:56.477704,1,,,116.25,663,,0.0,1,treatment,Chrome,143.0.0,Windows,10,Other,0,0,0,1,third_option,1,,,,,,,7,tmjewif2,,,,,0
664,nycmdpi9,67ef19849ce42ec68447928e,0,51,51,post_exp,FinalForProlific,2026-01-21 20:01:42.107489,1,,,112.51,664,,0.0,1,treatment,Chrome,143.0.0,Windows,10,Other,0,0,0,1,third_option,1,,,,,,,8,tmjewif2,,,,,0
665,7o7i806b,6599b15ac5bd63ec64f8b1f5,0,51,51,post_exp,FinalForProlific,2026-01-21 20:01:56.831144,1,,,111.57,665,,0.0,1,control,Chrome,138.0.0,Windows,10,Other,0,0,0,1,third_option,1,,,,,,,5,tmjewif2,,,,,0
666,oh41yy2o,63614f71fa75fcbcee84f2ac,0,51,51,post_exp,FinalForProlific,2026-01-21 20:02:01.602862,1,,,112.06,666,,0.0,1,treatment,Chrome,143.0.0,Windows,10,Other,0,0,0,1,third_option,1,,,,,,,8,tmjewif2,,,,,0
667,jky8wwxw,66abf0c472f051b5e40cfbfd,0,51,51,post_exp,FinalForProlific,2026-01-21 20:02:15.354493,1,,,111.17,667,,0.0,1,treatment,Opera,126.0.0,Windows,10,Other,0,0,0,1,third_option,1,,,,,,,7,tmjewif2,,,,,0
668,1mkyzxhn,665480f12371f7e4c321a587,0,51,51,post_exp,FinalForProlific,2026-01-21 20:02:44.215172,1,,,116.21,668,,0.0,1,treatment,Chrome,103.0.0,Mac OS X,10.12.6,Mac,0,0,0,1,third_option,1,,,,,,,4,tmjewif2,,,,,0
669,qxl0r2xk,67164c92298409e37c670b3d,0,51,51,post_exp,FinalForProlific,2026-01-21 20:02:54.359709,1,,,117.77,669,,0.0,1,control,Chrome,143.0.0,Windows,10,Other,0,0,0,1,third_option,1,,,,,,,3,tmjewif2,,,,,0
670,4vplx39o,5c745295821a97001763fb1b,0,51,51,post_exp,FinalForProlific,2026-01-21 20:03:10.853843,1,,,114.6,670,,0.0,1,treatment,Edge,144.0.0,Windows,10,Other,0,0,0,1,third_option,1,,,,,,,5,tmjewif2,,,,,0
671,eb6w5yvr,66585ecc44201efc39f333bc,0,51,51,post_exp,FinalForProlific,2026-01-21 20:03:18.331921,1,,,115.48,671,,0.0,1,treatment,Chrome,109.0.0,Windows,10,Other,0,0,0,1,third_option,1,,,,,,,1,tmjewif2,,,,,0
672,1iaj9g3s,60778db7ed3bae21972be1b4,0,2,51,intro,Instructions,2026-01-21 20:03:34.036671,1,,,0.0,672,,0.0,1,treatment,Chrome,144.0.0,Windows,10,Other,0,0,0,1,,,,,,,,,,tmjewif2,,,,,0
673,4xhjy559,608437f0b139060610c9f0c1,0,1,51,intro,Consent,2026-01-21 20:03:56.358794,1,,,0.0,673,,0.0,,control,Edge,143.0.0,Windows,10,Other,0,0,0,1,,,,,,,,,,tmjewif2,,,,,0
674,37w56003,67effc951ce344a94949e0e7,0,51,51,post_exp,FinalForProlific,2026-01-21 20:03:58.881457,1,,,105.46,674,,0.0,1,treatment,Chrome,134.0.0,Windows,10,Other,0,0,0,1,third_option,1,,,,,,,10,tmjewif2,,,,,0
675,86ozmi4d,63bed6e176fba857a47fbaff,0,51,51,post_exp,FinalForProlific,2026-01-21 20:03:59.751071,1,,,104.03,675,,0.0,1,treatment,Chrome,144.0.0,Windows,10,Other,0,0,0,1,third_option,1,,,,,,,4,tmjewif2,,,,,0
676,ma1um3r4,66946e3054a30a2bf5b1be40,0,51,51,post_exp,FinalForProlific,2026-01-21 20:04:15.231005,1,,,119.91,676,,0.0,1,treatment,Chrome,143.0.0,Windows,10,Other,0,0,0,1,third_option,1,,,,,,,6,tmjewif2,,,,,0
677,cz8kzcz6,614ff24d1d1982c8442aad56,0,51,51,post_exp,FinalForProlific,2026-01-21 20:04:28.856448,1,,,114.98,677,,0.0,1,control,Chrome,143.0.0,Windows,10,Other,0,0,0,1,third_option,1,,,,,,,7,tmjewif2,,,,,0
678,c6jftslm,5b16e1a5457ace0001b40d46,0,51,51,post_exp,FinalForProlific,2026-01-21 20:04:37.076334,1,,,109.69,678,,0.0,1,treatment,Chrome,143.0.0,Windows,10,Other,0,0,0,1,third_option,1,,,,,,,3,tmjewif2,,,,,0
679,1w4wkdq2,684778b641052e8b4624c886,0,51,51,post_exp,FinalForProlific,2026-01-21 20:05:06.760236,1,,,128.81,679,,0.0,1,treatment,Chrome,141.0.0,Windows,10,Other,0,0,0,1,third_option,1,,,,,,,5,tmjewif2,,,,,0
680,froo1dl5,69699d1a4c8aab1ce7a5f231,0,51,51,post_exp,FinalForProlific,2026-01-21 20:05:18.752029,1,,,112.5,680,,0.0,1,treatment,Safari,18.6,Mac OS X,10.15.7,Mac,0,0,0,1,third_option,1,,,,,,,4,tmjewif2,,,,,0
681,o2nxf6hn,62c55056993f53f1e8cf8e30,0,3,51,intro,comprehensionQuestions,2026-01-21 20:05:21.460954,1,,,0.0,681,,0.0,1,control,Chrome,143.0.0,Chrome OS,14541.0.0,Other,0,0,0,1,,,,,,,,,,tmjewif2,,,,,0
682,tj7nfgjm,63d45a7df8f7c19c1dce7c3d,0,51,51,post_exp,FinalForProlific,2026-01-21 20:05:53.471517,1,,,112.53,682,,0.0,1,treatment,Chrome,143.0.0,Windows,10,Other,0,0,0,1,third_option,1,,,,,,,2,tmjewif2,,,,,0
683,r97qd1yi,6709873df4fb8176818d08ed,0,51,51,post_exp,FinalForProlific,2026-01-21 20:08:18.112171,1,,,118.92,683,,0.0,1,treatment,Chrome,140.0.0,Windows,10,Other,0,0,0,1,third_option,1,,,,,,,7,tmjewif2,,,,,0
684,t9o5rkou,651c1abbc73b6eea8fa97193,0,51,51,post_exp,FinalForProlific,2026-01-21 20:08:29.712050,1,,,116.43,684,,0.0,1,treatment,Chrome,143.0.0,Windows,10,Other,0,0,0,1,third_option,1,,,,,,,6,tmjewif2,,,,,0
685,c0zot796,67d6838d9d907f59aef03ac5,0,51,51,post_exp,FinalForProlific,2026-01-21 20:09:09.680875,1,,,107.13,685,,0.0,1,control,Chrome,141.0.0,Windows,10,Other,0,0,0,1,third_option,1,,,,,,,3,tmjewif2,,,,,0
686,1u01sos2,6941861c4b1dda01ceed62ff,0,51,51,post_exp,FinalForProlific,2026-01-21 20:09:16.701854,1,,,110.0,686,,0.0,1,treatment,Opera,125.0.0,Windows,10,Other,0,0,0,1,third_option,1,,,,,,,1,tmjewif2,,,,,0
687,p3pg06ug,673e5a3412198a5e62837745,0,51,51,post_exp,FinalForProlific,2026-01-21 20:09:43.994388,1,,,107.68,687,,0.0,1,treatment,Chrome,133.0.0,Windows,10,Other,0,0,0,1,third_option,1,,,,,,,8,tmjewif2,,,,,0
688,ubfyijzo,652809036a4ca0c161cda6e7,0,2,51,intro,Instructions,2026-01-21 20:09:49.871714,1,,,0.0,688,,0.0,1,treatment,Chrome,144.0.0,Windows,10,Other,0,0,0,1,,,,,,,,,,tmjewif2,,,,,0
689,7by8q42t,616c1cc2510fe9022f6577f8,0,51,51,post_exp,FinalForProlific,2026-01-21 20:09:58.474941,1,,,118.99,689,,0.0,1,control,Chrome,143.0.0,Mac OS X,10.15.7,Mac,0,0,0,1,third_option,1,,,,,,,7,tmjewif2,,,,,0
690,15dse6yz,6691b19c652c71382084ba47,0,51,51,post_exp,FinalForProlific,2026-01-21 20:10:13.731728,1,,,111.99,690,,0.0,1,treatment,Chrome,144.0.0,Windows,10,Other,0,0,0,1,third_option,1,,,,,,,5,tmjewif2,,,,,0
691,tnivyiw1,669ae5e518a6da2e08898e9f,0,51,51,post_exp,FinalForProlific,2026-01-21 20:11:03.428467,1,,,107.31,691,,0.0,1,treatment,Chrome,143.0.0,Windows,10,Other,0,0,0,1,third_option,1,,,,,,,7,tmjewif2,,,,,0
692,svd4ja6a,67f02740d233a50f479c4e20,0,51,51,post_exp,FinalForProlific,2026-01-21 20:11:56.412012,1,,,108.42,692,,0.0,1,treatment,Chrome,133.0.0,Windows,10,Other,0,0,0,1,third_option,1,,,,,,,7,tmjewif2,,,,,0
693,malpye7x,60ce5270f1695ea416c25fc3,0,51,51,post_exp,FinalForProlific,2026-01-21 20:12:06.177333,1,,,115.09,693,,0.0,1,control,Safari,18.6,Mac OS X,10.15.7,Mac,0,0,0,1,third_option,1,,,,,,,10,tmjewif2,,,,,0
694,1t0ak1dc,60833ce5197d68cff9df1b83,0,51,51,post_exp,FinalForProlific,2026-01-21 20:13:15.794367,1,,,114.06,694,,0.0,1,treatment,Firefox,147.0,Windows,10,Other,0,0,0,1,third_option,1,,,,,,,6,tmjewif2,,,,,0
695,uf53tonr,696fee945a3143886e5565a5,0,51,51,post_exp,FinalForProlific,2026-01-21 20:14:05.407446,1,,,103.85,695,,0.0,1,treatment,Chrome,144.0.0,Mac OS X,10.15.7,Mac,0,0,0,1,third_option,1,,,,,,,6,tmjewif2,,,,,0
696,j17csqyq,6294ea804cdf1298eefa87ac,0,49,51,post_exp,Demographics,2026-01-21 20:14:51.480714,1,,,1334.4,696,,0.0,1,treatment,Mobile Safari,26.2,iOS,18.7,iPhone,0,1,0,0,third_option,1,,,,,,,8,tmjewif2,,,,,0
697,01hx3o81,62926b2bba027005e0a84475,0,51,51,post_exp,FinalForProlific,2026-01-21 20:14:52.069680,1,,,118.05,697,,0.0,1,control,Chrome,143.0.0,Windows,10,Other,0,0,0,1,third_option,1,,,,,,,5,tmjewif2,,,,,0
698,zss43t4v,574ce0a57fd0ec000db73aa6,0,51,51,post_exp,FinalForProlific,2026-01-21 20:15:21.741837,1,,,116.28,698,,0.0,1,treatment,Chrome,142.0.0,Windows,10,Other,0,0,0,1,third_option,1,,,,,,,7,tmjewif2,,,,,0
699,525cek84,607ba9f40639e8a2c931d622,0,51,51,post_exp,FinalForProlific,2026-01-21 20:15:25.651214,1,,,131.36,699,,0.0,1,treatment,Firefox,146.0,Mac OS X,10.15,Mac,0,0,0,1,third_option,1,,,,,,,2,tmjewif2,,,,,0
700,kzo0yk5k,67055cc13379ce2679625258,0,51,51,post_exp,FinalForProlific,2026-01-21 20:15:55.451885,1,,,117.5,700,,0.0,1,treatment,Chrome,143.0.0,Windows,10,Other,0,0,0,1,third_option,1,,,,,,,7,tmjewif2,,,,,0
701,7kwqk2lj,67294473dbb580a0ca93f60f,0,51,51,post_exp,FinalForProlific,2026-01-21 20:16:08.721239,1,,,138.82,701,,0.0,1,control,Edge,144.0.0,Mac OS X,10.15.7,Mac,0,0,0,1,third_option,1,,,,,,,9,tmjewif2,,,,,0
702,urcg1bjx,665eab07154b23ebf869e857,0,51,51,post_exp,FinalForProlific,2026-01-21 20:17:35.098922,1,,,119.01,702,,0.0,1,treatment,Chrome,143.0.0,Mac OS X,10.15.7,Mac,0,0,0,1,third_option,1,,,,,,,3,tmjewif2,,,,,0
703,a715x0hf,60fdd5214fe9e80b975361bd,0,51,51,post_exp,FinalForProlific,2026-01-21 20:18:17.856616,1,,,117.83,703,,0.0,1,treatment,Chrome,144.0.0,Mac OS X,10.15.7,Mac,0,0,0,1,third_option,1,,,,,,,0,tmjewif2,,,,,0
704,iah4ozrd,,0,51,51,post_exp,FinalForProlific,2026-01-21 20:18:45.628498,1,,,112.04,704,,0.0,1,treatment,Chrome,138.0.0,Windows,10,Other,0,0,0,1,third_option,1,,,,,,,6,tmjewif2,,,,,0
705,t8w2699j,682cd328bd53185cbbb59840,0,51,51,post_exp,FinalForProlific,2026-01-21 20:18:52.419444,1,,,112.45,705,,0.0,1,control,Chrome,142.0.0,Windows,10,Other,0,0,0,1,third_option,1,,,,,,,7,tmjewif2,,,,,0
706,fm31fdmb,67608d020ab313f56180df41,0,51,51,post_exp,FinalForProlific,2026-01-21 20:19:19.032926,1,,,118.18,706,,0.0,1,treatment,Chrome,143.0.0,Windows,10,Other,0,0,0,1,third_option,1,,,,,,,4,tmjewif2,,,,,0
707,vyyntzqi,66eeda2bc7d6e9b92b4a81c0,0,27,51,main,Trade,2026-01-21 20:19:34.362012,1,,,505.53,707,,0.0,1,treatment,Chrome,141.0.0,Windows,10,Other,0,0,0,1,third_option,1,,,,,,,5,tmjewif2,,,,,0
708,0zgzltut,66ba1b5273949100f8de1c0e,0,51,51,post_exp,FinalForProlific,2026-01-21 20:20:12.543507,1,,,114.64,708,,0.0,1,treatment,Chrome,127.0.0,Windows,10,Other,0,0,0,1,third_option,1,,,,,,,5,tmjewif2,,,,,0
709,sqh7eljr,67f137a8964c967774fb9ea1,0,51,51,post_exp,FinalForProlific,2026-01-21 20:20:22.266861,1,,,110.49,709,,0.0,1,control,Chrome,143.0.0,Chrome OS,14541.0.0,Other,0,0,0,1,third_option,1,,,,,,,8,tmjewif2,,,,,0
710,2y45qext,674eb1f770104c02bab8b987,0,51,51,post_exp,FinalForProlific,2026-01-21 20:20:45.697679,1,,,110.6,710,,0.0,1,treatment,Chrome,143.0.0,Windows,10,Other,0,0,0,1,third_option,1,,,,,,,2,tmjewif2,,,,,0
711,e212n0uf,6722865129f6fefb67dd3921,0,3,51,intro,comprehensionQuestions,2026-01-21 20:20:53.147098,1,,,0.0,711,,0.0,1,treatment,Chrome,143.0.0,Chrome OS,14541.0.0,Other,0,0,0,1,,,,,,,,,,tmjewif2,,,,,0
712,f2hp49ke,69484ee9e3cdda23c272761f,0,51,51,post_exp,FinalForProlific,2026-01-21 20:21:54.921287,1,,,109.44,712,,0.0,1,treatment,Firefox,147.0,Mac OS X,10.15,Mac,0,0,0,1,third_option,1,,,,,,,5,tmjewif2,,,,,0
713,ijzp60vy,59347d4f53490b0001563e47,0,51,51,post_exp,FinalForProlific,2026-01-21 20:24:04.593155,1,,,114.6,713,,0.0,1,control,Chrome,144.0.0,Linux,,Other,0,0,0,1,third_option,1,,,,,,,4,tmjewif2,,,,,0
714,m9uxleap,59e62b6277860e0001512e14,0,3,51,intro,comprehensionQuestions,2026-01-21 20:24:14.129826,1,,,0.0,714,,0.0,1,treatment,Edge,144.0.0,Windows,10,Other,0,0,0,1,,,,,,,,,,tmjewif2,,,,,0
715,b7pvil73,66be78ef3ca75af1251ce936,0,51,51,post_exp,FinalForProlific,2026-01-21 20:24:23.312189,1,,,108.62,715,,0.0,1,treatment,Chrome,103.0.0,Chrome OS,14816.131.0,Other,0,0,0,1,third_option,1,,,,,,,7,tmjewif2,,,,,0
716,vxg26jy5,66c7454fd07985772fedfac6,0,51,51,post_exp,FinalForProlific,2026-01-21 20:24:30.890866,1,,,106.67,716,,0.0,1,treatment,Chrome,144.0.0,Windows,10,Other,0,0,0,1,third_option,1,,,,,,,2,tmjewif2,,,,,0
717,nmpxoz39,6942ed5a3ccaf73130b11c33,0,51,51,post_exp,FinalForProlific,2026-01-21 20:25:30.918554,1,,,119.06,717,,0.0,1,control,Chrome,143.0.0,Mac OS X,10.15.7,Mac,0,0,0,1,third_option,1,,,,,,,7,tmjewif2,,,,,0
718,zq9pmo1f,5ed0091bd374190b9b04045d,0,49,51,post_exp,Demographics,2026-01-21 20:26:15.957659,1,,,1227.39,718,,0.0,1,treatment,Chrome,144.0.0,Linux,,Other,0,0,0,1,third_option,1,,,,,,,5,tmjewif2,,,,,0
719,a90n8eh1,66f5d2424e2c1948e2b8f020,0,3,51,intro,comprehensionQuestions,2026-01-21 20:28:31.256671,1,,,0.0,719,,0.0,1,treatment,Chrome,143.0.0,Windows,10,Other,0,0,0,1,,,,,,,,,,tmjewif2,,,,,0
720,sqqjikbd,610c83598db46d4d46de2c61,0,51,51,post_exp,FinalForProlific,2026-01-21 20:28:31.465337,1,,,108.17,720,,0.0,1,treatment,Chrome,144.0.0,Windows,10,Other,0,0,0,1,third_option,1,,,,,,,5,tmjewif2,,,,,0
721,1k9xre0h,6644f37947ff3c7c3f9bbca1,0,51,51,post_exp,FinalForProlific,2026-01-21 20:30:59.270945,1,,,112.12,721,,0.0,1,control,Chrome,144.0.0,Windows,10,Other,0,0,0,1,third_option,1,,,,,,,2,tmjewif2,,,,,0
722,3vc2rkj8,677e687b4fe041287b17a704,0,51,51,post_exp,FinalForProlific,2026-01-21 20:31:47.779014,1,,,121.32,722,,0.0,1,treatment,Chrome,143.0.0,Windows,10,Other,0,0,0,1,third_option,1,,,,,,,1,tmjewif2,,,,,0
723,3uee15n1,6960c42f55f51045578d73e1,0,51,51,post_exp,FinalForProlific,2026-01-21 20:32:30.037826,1,,,106.35,723,,0.0,1,treatment,Chrome,143.0.0,Windows,10,Other,0,0,0,1,third_option,1,,,,,,,3,tmjewif2,,,,,0
724,unpr4fkt,64012ef400259d6b9f41d17e,0,51,51,post_exp,FinalForProlific,2026-01-21 20:33:23.326897,1,,,114.84,724,,0.0,1,treatment,Chrome,103.0.0,Chrome OS,14816.131.5,Other,0,0,0,1,third_option,1,,,,,,,0,tmjewif2,,,,,0
725,0ywbss9f,55aeaeb3fdf99b5c769f1f7c,0,51,51,post_exp,FinalForProlific,2026-01-21 20:33:26.788275,1,,,116.17,725,,0.0,1,control,Chrome,143.0.0,Windows,10,Other,0,0,0,1,third_option,1,,,,,,,3,tmjewif2,,,,,0
726,lpbw2cnq,6942060425da4b5cec716310,0,3,51,intro,comprehensionQuestions,2026-01-21 20:33:29.692235,1,,,0.0,726,,0.0,1,treatment,Chrome,143.0.0,Mac OS X,10.15.7,Mac,0,0,0,1,,,,,,,,,,tmjewif2,,,,,0
727,3nobn6wq,667ef3c6b1ce7f18e774b31b,0,2,51,intro,Instructions,2026-01-21 20:34:12.240784,1,,,0.0,727,,0.0,1,treatment,Firefox,147.0,Mac OS X,10.15,Mac,0,0,0,1,,,,,,,,,,tmjewif2,,,,,0
728,xih8jeel,66d6605db57e9f68c8948dfc,0,51,51,post_exp,FinalForProlific,2026-01-21 20:34:51.615536,1,,,109.94,728,,0.0,1,treatment,Chrome,143.0.0,Windows,10,Other,0,0,0,1,third_option,1,,,,,,,2,tmjewif2,,,,,0
729,6w29givz,653955abd70c010a3803070c,0,3,51,intro,comprehensionQuestions,2026-01-21 20:35:29.126347,1,,,0.0,729,,0.0,1,control,Chrome,143.0.0,Windows,10,Other,0,0,0,1,,,,,,,,,,tmjewif2,,,,,0
730,vhqa8990,660c9fe7b2e6bf22bcc608b1,0,51,51,post_exp,FinalForProlific,2026-01-21 20:38:25.612508,1,,,111.72,730,,0.0,1,treatment,Chrome,132.0.0,Windows,10,Other,0,0,0,1,third_option,1,,,,,,,8,tmjewif2,,,,,0
731,pfb1iej8,5e7e5df723c3560d66f2946d,0,51,51,post_exp,FinalForProlific,2026-01-21 20:39:44.835451,1,,,108.25,731,,0.0,1,treatment,Chrome,143.0.0,Chrome OS,14541.0.0,Other,0,0,0,1,third_option,1,,,,,,,7,tmjewif2,,,,,0
732,l7jwffb8,667c666077e1553682e0428f,0,51,51,post_exp,FinalForProlific,2026-01-21 20:42:34.995284,1,,,111.96,732,,0.0,1,treatment,Chrome,143.0.0,Windows,10,Other,0,0,0,1,third_option,1,,,,,,,3,tmjewif2,,,,,0
733,53oa6wzw,661e173b7e84df06b5bef05b,0,51,51,post_exp,FinalForProlific,2026-01-21 20:43:35.079988,1,,,117.45,733,,0.0,1,control,Chrome,143.0.0,Windows,10,Other,0,0,0,1,third_option,1,,,,,,,4,tmjewif2,,,,,0
734,fq7eol9q,67c4d6db7736e277b8582936,0,51,51,post_exp,FinalForProlific,2026-01-21 20:43:40.181791,1,,,109.93,734,,0.0,1,treatment,Chrome,143.0.0,Mac OS X,10.15.7,Mac,0,0,0,1,third_option,1,,,,,,,3,tmjewif2,,,,,0
735,hscz8quk,63ed0065eb23ac3ee1726453,0,51,51,post_exp,FinalForProlific,2026-01-21 20:45:13.954939,1,,,113.7,735,,0.0,1,treatment,Chrome,127.0.0,Linux,,Other,0,0,0,1,third_option,1,,,,,,,8,tmjewif2,,,,,0
736,bk40za0d,69601471aa1a045115750c3f,0,51,51,post_exp,FinalForProlific,2026-01-21 20:45:35.981224,1,,,106.31,736,,0.0,1,treatment,Chrome,144.0.0,Windows,10,Other,0,0,0,1,third_option,1,,,,,,,4,tmjewif2,,,,,0
737,ys3smngw,5de3658d5feb6e3736bd3672,0,51,51,post_exp,FinalForProlific,2026-01-21 20:45:55.904466,1,,,111.25,737,,0.0,1,control,Chrome,143.0.0,Windows,10,Other,0,0,0,1,third_option,1,,,,,,,6,tmjewif2,,,,,0
738,cp3pv3ih,67e923d008c9e3479c33f071,0,51,51,post_exp,FinalForProlific,2026-01-21 20:46:24.549268,1,,,116.21,738,,0.0,1,treatment,Chrome,99.0.4844,Windows,8.1,Other,0,0,0,1,third_option,1,,,,,,,6,tmjewif2,,,,,0
739,uonijr7r,659b09f072b30c6e45306073,0,51,51,post_exp,FinalForProlific,2026-01-21 20:46:49.801981,1,,,109.96,739,,0.0,1,treatment,Chrome,143.0.0,Windows,10,Other,0,0,0,1,third_option,1,,,,,,,7,tmjewif2,,,,,0
740,s7zoikmn,66de746bcfef35f46e85ed0f,0,51,51,post_exp,FinalForProlific,2026-01-21 20:47:35.638070,1,,,108.33,740,,0.0,1,treatment,Chrome,143.0.0,Windows,10,Other,0,0,0,1,third_option,1,,,,,,,2,tmjewif2,,,,,0
741,lv8ielsi,55cf5cc434e9060005e56c39,0,51,51,post_exp,FinalForProlific,2026-01-21 20:47:38.386968,1,,,117.04,741,,0.0,1,control,Chrome,144.0.0,Mac OS X,10.15.7,Mac,0,0,0,1,third_option,1,,,,,,,6,tmjewif2,,,,,0
742,4dixcpj6,67ffb2910de210bfa1a94048,0,51,51,post_exp,FinalForProlific,2026-01-21 20:48:03.184591,1,,,106.64,742,,0.0,1,treatment,Chrome,143.0.0,Windows,10,Other,0,0,0,1,third_option,1,,,,,,,5,tmjewif2,,,,,0
743,vjolvdlo,67042cdf06ed4052bdf44c07,0,51,51,post_exp,FinalForProlific,2026-01-21 20:48:11.490530,1,,,107.24,743,,0.0,1,treatment,Chrome,143.0.0,Mac OS X,10.15.7,Mac,0,0,0,1,third_option,1,,,,,,,4,tmjewif2,,,,,0
744,qj14tbyg,5ee1236e7f235110ac6c4ff4,0,51,51,post_exp,FinalForProlific,2026-01-21 20:48:46.713187,1,,,110.38,744,,0.0,1,treatment,Chrome,144.0.0,Windows,10,Other,0,0,0,1,third_option,1,,,,,,,6,tmjewif2,,,,,0
745,mrk3o8a8,66ec879778bf72c70fc9bfba,0,51,51,post_exp,FinalForProlific,2026-01-21 20:49:00.477528,1,,,112.07,745,,0.0,1,control,Chrome,144.0.0,Windows,10,Other,0,0,0,1,third_option,1,,,,,,,4,tmjewif2,,,,,0
746,7yr4ic0t,60b98567e2d17c3d44747f61,0,51,51,post_exp,FinalForProlific,2026-01-21 20:49:58.473831,1,,,109.31,746,,0.0,1,treatment,Chrome,144.0.0,Windows,10,Other,0,0,0,1,third_option,1,,,,,,,6,tmjewif2,,,,,0
747,hx7toyed,607f25b09b8b44d089bfd49e,0,51,51,post_exp,FinalForProlific,2026-01-21 20:52:10.460466,1,,,103.75,747,,0.0,1,treatment,Chrome,143.0.0,Windows,10,Other,0,0,0,1,third_option,1,,,,,,,2,tmjewif2,,,,,0
748,w1b4ftpd,,0,51,51,post_exp,FinalForProlific,2026-01-21 20:52:16.275455,1,,,114.57,748,,0.0,1,treatment,Chrome,144.0.0,Windows,10,Other,0,0,0,1,third_option,1,,,,,,,8,tmjewif2,,,,,0
749,c6o1khri,654c3b4d5a50df498c551b64,0,51,51,post_exp,FinalForProlific,2026-01-21 20:53:12.078671,1,,,111.97,749,,0.0,1,control,Firefox,140.0,Windows,10,Other,0,0,0,1,third_option,1,,,,,,,7,tmjewif2,,,,,0
750,aham930a,62a099bb01ad779df1971ea4,0,51,51,post_exp,FinalForProlific,2026-01-21 20:54:37.055994,1,,,107.72,750,,0.0,1,treatment,Chrome,143.0.0,Windows,10,Other,0,0,0,1,third_option,1,,,,,,,5,tmjewif2,,,,,0
751,mqlahm6f,5eb83f00de449a08d23547dd,0,51,51,post_exp,FinalForProlific,2026-01-21 20:54:52.831427,1,,,115.65,751,,0.0,1,treatment,Edge,143.0.0,Windows,10,Other,0,0,0,1,third_option,1,,,,,,,5,tmjewif2,,,,,0
752,pmsr0pwg,67bf8696b3b7e7a95c9cd9bf,0,51,51,post_exp,FinalForProlific,2026-01-21 20:55:02.512536,1,,,113.99,752,,0.0,1,treatment,Edge,144.0.0,Windows,10,Other,0,0,0,1,third_option,1,,,,,,,7,tmjewif2,,,,,0
753,ot9fl2q2,6733c9f67240fddc73fe943b,0,51,51,post_exp,FinalForProlific,2026-01-21 20:55:28.029032,1,,,114.37,753,,0.0,1,control,Edge,144.0.0,Windows,10,Other,0,0,0,1,third_option,1,,,,,,,1,tmjewif2,,,,,0
754,muirnkcu,67e70a61f963fecfc78db7ab,0,51,51,post_exp,FinalForProlific,2026-01-21 20:56:27.003256,1,,,116.18,754,,0.0,1,treatment,Chrome,144.0.0,Mac OS X,10.15.7,Mac,0,0,0,1,third_option,1,,,,,,,5,tmjewif2,,,,,0
755,07z4cck2,6942b9546065aeb7e30fd87a,0,51,51,post_exp,FinalForProlific,2026-01-21 20:56:28.510814,1,,,104.3,755,,0.0,1,treatment,Chrome,143.0.0,Mac OS X,10.15.7,Mac,0,0,0,1,third_option,1,,,,,,,3,tmjewif2,,,,,0
756,h51zsfrv,5aea56160335e200019ea543,0,51,51,post_exp,FinalForProlific,2026-01-21 20:58:18.223418,1,,,108.88,756,,0.0,1,treatment,Chrome,139.0.0,Chrome OS,14541.0.0,Other,0,0,0,1,third_option,1,,,,,,,9,tmjewif2,,,,,0
757,z64244xt,67f09ad02524e8b1d810e0a4,0,51,51,post_exp,FinalForProlific,2026-01-21 20:58:35.456403,1,,,116.52,757,,0.0,1,control,Chrome,143.0.0,Windows,10,Other,0,0,0,1,third_option,1,,,,,,,7,tmjewif2,,,,,0
758,9s8g8sow,578bcb2c09fb91000133750e,0,51,51,post_exp,FinalForProlific,2026-01-21 20:58:52.499714,1,,,109.22,758,,0.0,1,treatment,Chrome,144.0.0,Mac OS X,10.15.7,Mac,0,0,0,1,third_option,1,,,,,,,5,tmjewif2,,,,,0
759,ia8c8j1z,66f0409cf2658a66284b3b2d,0,51,51,post_exp,FinalForProlific,2026-01-21 20:58:53.835266,1,,,110.03,759,,0.0,1,treatment,Chrome,143.0.0,Windows,10,Other,0,0,0,1,third_option,1,,,,,,,4,tmjewif2,,,,,0
760,73gvndu4,67a85137a6f2eda1f128b8c0,0,51,51,post_exp,FinalForProlific,2026-01-21 20:59:39.713622,1,,,116.04,760,,0.0,1,treatment,Safari,18.5,Mac OS X,10.15.7,Mac,0,0,0,1,third_option,1,,,,,,,5,tmjewif2,,,,,0
761,5f4wjzja,5de301515253b03390043d12,0,51,51,post_exp,FinalForProlific,2026-01-21 21:01:50.428228,1,,,116.32,761,,0.0,1,control,Edge,144.0.0,Windows,10,Other,0,0,0,1,third_option,1,,,,,,,6,tmjewif2,,,,,0
762,u9vnz7er,695bb9f80cffbec6776089fe,0,3,51,intro,comprehensionQuestions,2026-01-21 21:02:23.371544,1,,,0.0,762,,0.0,1,treatment,Chrome,143.0.0,Chrome OS,14541.0.0,Other,0,0,0,1,,,,,,,,,,tmjewif2,,,,,0
763,o4xsydjs,67e3f1025293c35616d6e544,0,51,51,post_exp,FinalForProlific,2026-01-21 21:04:04.187116,1,,,106.88,763,,0.0,1,treatment,Chrome,144.0.0,Windows,10,Other,0,0,0,1,third_option,1,,,,,,,8,tmjewif2,,,,,0
764,hrswxc6u,66903bb5296cadf03b1a6d6e,0,6,51,main,Trade,2026-01-21 21:07:31.587149,1,,,0.0,764,,0.0,1,treatment,Chrome,144.0.0,Windows,10,Other,0,0,0,1,third_option,1,,,,,,,5,tmjewif2,,,,,0
765,4xzzoi2n,6730202dcb4ba16a3665fd44,0,51,51,post_exp,FinalForProlific,2026-01-21 21:09:28.830987,1,,,117.14,765,,0.0,1,control,Chrome,143.0.0,Linux,,Other,0,0,0,1,third_option,1,,,,,,,4,tmjewif2,,,,,0
766,rddkhg5v,67081e605bdc4dfcb6377d75,0,51,51,post_exp,FinalForProlific,2026-01-21 21:09:44.620990,1,,,105.85,766,,0.0,1,treatment,Chrome,143.0.0,Windows,10,Other,0,0,0,1,third_option,1,,,,,,,7,tmjewif2,,,,,0
767,wginux8j,6965287c79d6da768aee26cb,0,51,51,post_exp,FinalForProlific,2026-01-21 21:11:50.461058,1,,,114.29,767,,0.0,1,treatment,Chrome,143.0.0,Mac OS X,10.15.7,Mac,0,0,0,1,third_option,1,,,,,,,3,tmjewif2,,,,,0
768,1184wzmd,5c1df5d510677f0001d9f6a5,0,18,51,main,Trade,2026-01-21 21:12:19.743098,1,,,206.21,768,,0.0,1,treatment,Chrome,143.0.0,Windows,10,Other,0,0,0,1,third_option,1,,,,,,,8,tmjewif2,,,,,0
769,34yetv8r,695c63f767ed63df7169d13e,0,6,51,main,Trade,2026-01-21 21:13:05.981761,1,,,0.0,769,,0.0,1,control,Safari,26.2,Mac OS X,10.15.7,Mac,0,0,0,1,third_option,1,,,,,,,2,tmjewif2,,,,,0
770,irqfxm5u,67aae2b5797af1e296927d2a,0,51,51,post_exp,FinalForProlific,2026-01-21 21:15:05.161573,1,,,121.26,770,,0.0,1,treatment,Chrome,133.0.0,Windows,10,Other,0,0,0,1,third_option,1,,,,,,,6,tmjewif2,,,,,0
771,eme1iz7v,67da6cb5faae2bb29a934c76,0,51,51,post_exp,FinalForProlific,2026-01-21 21:15:35.804696,1,,,122.64,771,,0.0,1,treatment,Chrome,143.0.0,Windows,10,Other,0,0,0,1,third_option,1,,,,,,,7,tmjewif2,,,,,0
772,yqwk9ovz,678f02520df6c988ca6bdd85,0,51,51,post_exp,FinalForProlific,2026-01-21 21:16:46.930646,1,,,106.97,772,,0.0,1,treatment,Chrome,143.0.0,Windows,10,Other,0,0,0,1,third_option,1,,,,,,,2,tmjewif2,,,,,0
773,6erzmqsf,63e461c4bdc3693c05d515a1,0,51,51,post_exp,FinalForProlific,2026-01-21 21:18:05.766252,1,,,112.6,773,,0.0,1,control,Chrome,144.0.0,Windows,10,Other,0,0,0,1,third_option,1,,,,,,,3,tmjewif2,,,,,0
774,1hth2eqs,669ed03f13f57e07092e1877,0,51,51,post_exp,FinalForProlific,2026-01-21 21:18:36.515383,1,,,104.3,774,,0.0,1,treatment,Edge,144.0.0,Windows,10,Other,0,0,0,1,third_option,1,,,,,,,6,tmjewif2,,,,,0
775,3l28ijqo,672adb2909ca72744f212a7d,0,51,51,post_exp,FinalForProlific,2026-01-21 21:19:21.483255,1,,,104.1,775,,0.0,1,treatment,Firefox,147.0,Mac OS X,10.15,Mac,0,0,0,1,third_option,1,,,,,,,5,tmjewif2,,,,,0
776,3sic8mui,65d62743dfcd203fc76596e3,0,51,51,post_exp,FinalForProlific,2026-01-21 21:20:30.091427,1,,,135.36,776,,0.0,1,treatment,Chrome,144.0.0,Windows,10,Other,0,0,0,1,third_option,1,,,,,,,9,tmjewif2,,,,,0
777,uh37q9s2,5d47abcc2dc88900166f27c9,0,51,51,post_exp,FinalForProlific,2026-01-21 21:23:12.695122,1,,,143.86,777,,0.0,1,control,Chrome,144.0.0,Windows,10,Other,0,0,0,1,third_option,1,,,,,,,9,tmjewif2,,,,,0
778,bs2qrtv0,66de3f90c09ef73431e15990,0,51,51,post_exp,FinalForProlific,2026-01-21 21:24:49.461316,1,,,106.83,778,,0.0,1,treatment,Chrome,128.0.0,Mac OS X,10.15.7,Mac,0,0,0,1,third_option,1,,,,,,,7,tmjewif2,,,,,0
779,20g2gbh9,69699214304818262339c32b,0,51,51,post_exp,FinalForProlific,2026-01-21 21:25:29.006690,1,,,106.57,779,,0.0,1,treatment,Chrome,144.0.0,Windows,10,Other,0,0,0,1,third_option,1,,,,,,,5,tmjewif2,,,,,0
780,l71mtn2w,647dde92d730823a9e5c7f0f,0,51,51,post_exp,FinalForProlific,2026-01-21 21:27:53.338195,1,,,104.92,780,,0.0,1,treatment,Chrome,143.0.0,Mac OS X,10.15.7,Mac,0,0,0,1,third_option,1,,,,,,,6,tmjewif2,,,,,0
781,gvr3v9qz,5bb7af73dd840f0001d85935,0,51,51,post_exp,FinalForProlific,2026-01-21 21:29:18.336675,1,,,120.29,781,,0.0,1,control,Edge,143.0.0,Windows,10,Other,0,0,0,1,third_option,1,,,,,,,5,tmjewif2,,,,,0
782,6f6ubyr5,610c56ddc029efbacb229c71,0,3,51,intro,comprehensionQuestions,2026-01-21 21:30:16.383826,1,,,0.0,782,,0.0,1,treatment,Mobile Safari,18.7,iOS,18.7.1,iPhone,0,1,0,0,,,,,,,,,,tmjewif2,,,,,0
783,bm3o9axy,5fb3d71c3144730009fe4a7b,0,51,51,post_exp,FinalForProlific,2026-01-21 21:32:10.190975,1,,,106.85,783,,0.0,1,treatment,Chrome,143.0.0,Mac OS X,10.15.7,Mac,0,0,0,1,third_option,1,,,,,,,5,tmjewif2,,,,,0
784,04kjvk2r,67911b9be5af0ac0763a28c7,0,51,51,post_exp,FinalForProlific,2026-01-21 21:32:20.238832,1,,,119.33,784,,0.0,1,treatment,Chrome,144.0.0,Mac OS X,10.15.7,Mac,0,0,0,1,third_option,1,,,,,,,7,tmjewif2,,,,,0
785,farx8zo6,695fb3350b843bcd09c3b14c,0,51,51,post_exp,FinalForProlific,2026-01-21 21:32:46.853232,1,,,116.37,785,,0.0,1,control,Firefox,140.0,Windows,10,Other,0,0,0,1,third_option,1,,,,,,,3,tmjewif2,,,,,0
786,8py31pb7,6726c70622b97e6722fa53d8,0,51,51,post_exp,FinalForProlific,2026-01-21 21:33:09.361885,1,,,105.08,786,,0.0,1,treatment,Chrome,144.0.0,Windows,10,Other,0,0,0,1,third_option,1,,,,,,,7,tmjewif2,,,,,0
787,w30iscjj,5de87c376522177f4f41cbd2,0,51,51,post_exp,FinalForProlific,2026-01-21 21:33:21.474317,1,,,113.45,787,,0.0,1,treatment,Chrome,143.0.0,Windows,10,Other,0,0,0,1,third_option,1,,,,,,,4,tmjewif2,,,,,0
788,su5tnfmo,67c4b84f8b969f3ba1964b53,0,51,51,post_exp,FinalForProlific,2026-01-21 21:33:31.718876,1,,,110.93,788,,0.0,1,treatment,Chrome,143.0.0,Windows,10,Other,0,0,0,1,third_option,1,,,,,,,5,tmjewif2,,,,,0
789,ihmsq0se,5fec06ae197628d566cdc782,0,51,51,post_exp,FinalForProlific,2026-01-21 21:34:20.030824,1,,,120.78,789,,0.0,1,control,Chrome,143.0.0,Windows,10,Other,0,0,0,1,third_option,1,,,,,,,2,tmjewif2,,,,,0
790,h4j8bh47,615880a66bc32302998866d9,0,51,51,post_exp,FinalForProlific,2026-01-21 21:34:57.393780,1,,,109.7,790,,0.0,1,treatment,Chrome,143.0.0,Mac OS X,10.15.7,Mac,0,0,0,1,third_option,1,,,,,,,6,tmjewif2,,,,,0
791,yhj8qp4w,56b8de29e1d0a200051517f8,0,51,51,post_exp,FinalForProlific,2026-01-21 21:37:48.614078,1,,,120.27,791,,0.0,1,treatment,Chrome,143.0.0,Mac OS X,10.15.7,Mac,0,0,0,1,third_option,1,,,,,,,5,tmjewif2,,,,,0
792,ihss1pok,66351c39f862c014cfa831c4,0,51,51,post_exp,FinalForProlific,2026-01-21 21:38:55.545062,1,,,120.16,792,,0.0,1,treatment,Edge,144.0.0,Windows,10,Other,0,0,0,1,third_option,1,,,,,,,8,tmjewif2,,,,,0
793,gtu9h9sz,6766e066a3b78e1549a142c8,0,51,51,post_exp,FinalForProlific,2026-01-21 21:43:35.770428,1,,,112.73,793,,0.0,1,control,Chrome,144.0.0,Windows,10,Other,0,0,0,1,third_option,1,,,,,,,6,tmjewif2,,,,,0
794,y2w2vr3x,672a3b3af4fe3ca8478cd6c6,0,49,51,post_exp,Demographics,2026-01-21 21:45:50.019654,1,,,1203.25,794,,0.0,1,treatment,Chrome,143.0.0,Windows,10,Other,0,0,0,1,third_option,1,,,,,,,0,tmjewif2,,,,,0
795,biw61dmh,6266e63b82fa38e800e33a24,0,3,51,intro,comprehensionQuestions,2026-01-21 21:45:56.724966,1,,,0.0,795,,0.0,1,treatment,Chrome,144.0.0,Windows,10,Other,0,0,0,1,,,,,,,,,,tmjewif2,,,,,0
796,zp7m5e35,6941c2e488676bf4592fee0d,0,51,51,post_exp,FinalForProlific,2026-01-21 21:48:47.231523,1,,,125.76,796,,0.0,1,treatment,Chrome,143.0.0,Windows,10,Other,0,0,0,1,third_option,1,,,,,,,4,tmjewif2,,,,,0
797,j327jyu2,67886304e14cde87368e3688,0,51,51,post_exp,FinalForProlific,2026-01-21 21:51:40.653690,1,,,122.39,797,,0.0,1,control,Chrome,143.0.0,Chrome OS,14541.0.0,Other,0,0,0,1,third_option,1,,,,,,,2,tmjewif2,,,,,0
798,7l5rjscb,67d0a4ccb5587fff790273a7,0,51,51,post_exp,FinalForProlific,2026-01-21 21:52:36.623666,1,,,106.78,798,,0.0,1,treatment,Chrome,137.0.0,Windows,10,Other,0,0,0,1,third_option,1,,,,,,,8,tmjewif2,,,,,0
799,s980ey10,55900dcffdf99b3f7aada3f5,0,51,51,post_exp,FinalForProlific,2026-01-21 21:54:08.563855,1,,,104.77,799,,0.0,1,treatment,Chrome,144.0.0,Windows,10,Other,0,0,0,1,third_option,1,,,,,,,6,tmjewif2,,,,,0
800,dletmx56,666f1011d64e15b3f825f1e7,0,51,51,post_exp,FinalForProlific,2026-01-21 21:56:54.300937,1,,,111.49,800,,0.0,1,treatment,Chrome,143.0.0,Windows,10,Other,0,0,0,1,third_option,1,,,,,,,6,tmjewif2,,,,,0
801,3pg1trrq,67508fdb923229a00abf2aa7,0,51,51,post_exp,FinalForProlific,2026-01-21 21:57:47.619444,1,,,111.16,801,,0.0,1,control,Chrome,103.0.0,Chrome OS,14816.131.0,Other,0,0,0,1,third_option,1,,,,,,,6,tmjewif2,,,,,0
802,dxwhpmnt,6965563783d18ca4d9b7b722,0,51,51,post_exp,FinalForProlific,2026-01-21 21:59:12.258814,1,,,108.25,802,,0.0,1,treatment,Chrome,143.0.0,Mac OS X,10.15.7,Mac,0,0,0,1,third_option,1,,,,,,,5,tmjewif2,,,,,0
803,f205q1t1,6786cd9fca3e75e900edbd1c,0,51,51,post_exp,FinalForProlific,2026-01-21 21:59:23.287837,1,,,118.32,803,,0.0,1,treatment,Chrome,131.0.0,Windows,10,Other,0,0,0,1,third_option,1,,,,,,,5,tmjewif2,,,,,0
804,cz2sf5ob,6944426d5defea5e83fbdadf,0,1,51,intro,Consent,2026-01-21 22:03:22.849990,1,,,0.0,804,,0.0,,treatment,Chrome,143.0.0,Mac OS X,10.15.7,Mac,0,0,0,1,,,,,,,,,,tmjewif2,,,,,0
805,807kpr12,66e0c0a1fab28ce6352ae19c,0,3,51,intro,comprehensionQuestions,2026-01-21 22:03:40.685281,1,,,0.0,805,,0.0,1,control,Chrome,134.0.0,Windows,10,Other,0,0,0,1,,,,,,,,,,tmjewif2,,,,,0
806,lz6nv6ke,675c15e099767573c1619b7f,0,51,51,post_exp,FinalForProlific,2026-01-21 22:06:30.045796,1,,,116.27,806,,0.0,1,treatment,Firefox,147.0,Windows,10,Other,0,0,0,1,third_option,1,,,,,,,8,tmjewif2,,,,,0
807,079i98ue,696adf62cb09922b70940372,0,51,51,post_exp,FinalForProlific,2026-01-21 22:08:44.400481,1,,,113.71,807,,0.0,1,treatment,Chrome,143.0.0,Mac OS X,10.15.7,Mac,0,0,0,1,third_option,1,,,,,,,5,tmjewif2,,,,,0
808,scjaqoau,67f000137a872d98794640b1,0,51,51,post_exp,FinalForProlific,2026-01-21 22:09:33.991616,1,,,116.33,808,,0.0,1,treatment,Chrome,137.0.0,Windows,10,Other,0,0,0,1,third_option,1,,,,,,,7,tmjewif2,,,,,0
809,hr6k1jyo,67ac35916a70bf9561dca1c9,0,51,51,post_exp,FinalForProlific,2026-01-21 22:12:43.815132,1,,,117.93,809,,0.0,1,control,Chrome,143.0.0,Mac OS X,10.15.7,Mac,0,0,0,1,third_option,1,,,,,,,5,tmjewif2,,,,,0
810,6owlwvds,678dcbddf59e2d8d40ca580a,0,15,51,main,Trade,2026-01-21 22:19:20.711402,1,,,107.98,810,,0.0,1,treatment,Safari,26.2,Mac OS X,10.15.7,Mac,0,0,0,1,third_option,1,,,,,,,1,tmjewif2,,,,,0
811,77nk2kfn,6679dc943f855ba978447c25,0,51,51,post_exp,FinalForProlific,2026-01-21 22:19:22.197430,1,,,109.6,811,,0.0,1,treatment,Chrome,143.0.0,Windows,10,Other,0,0,0,1,third_option,1,,,,,,,3,tmjewif2,,,,,0
812,g1o02enl,67f0e20347eb50d095c3866d,0,51,51,post_exp,FinalForProlific,2026-01-21 22:21:32.645412,1,,,104.37,812,,0.0,1,treatment,Chrome,142.0.0,Windows,10,Other,0,0,0,1,third_option,1,,,,,,,6,tmjewif2,,,,,0
813,3f0472l6,5c75bf4c281ce000015ecc59,0,49,51,post_exp,Demographics,2026-01-21 22:25:57.624673,1,,,1267.55,813,,0.0,1,control,Chrome Mobile,144.0.0,Android,10,K,0,1,0,0,third_option,1,,,,,,,6,tmjewif2,,,,,0
814,t1s2dn04,6639e4b63f0c828141e2ea67,0,51,51,post_exp,FinalForProlific,2026-01-21 22:26:41.810556,1,,,108.6,814,,0.0,1,treatment,Chrome,144.0.0,Windows,10,Other,0,0,0,1,third_option,1,,,,,,,2,tmjewif2,,,,,0
815,nc494q7y,6961b28c6869a3d53e54105c,0,6,51,main,Trade,2026-01-21 22:30:14.408806,1,,,0.0,815,,0.0,1,treatment,Chrome,144.0.0,Windows,10,Other,0,0,0,1,third_option,1,,,,,,,0,tmjewif2,,,,,0
816,0m2jo7z4,65ff13cac7dc7dc6c54458ce,0,51,51,post_exp,FinalForProlific,2026-01-21 22:30:36.140946,1,,,116.42,816,,0.0,1,treatment,Chrome,143.0.0,Windows,10,Other,0,0,0,1,third_option,1,,,,,,,5,tmjewif2,,,,,0
817,z0sdagpo,673378009f99d14c232c1f2b,0,51,51,post_exp,FinalForProlific,2026-01-21 22:31:00.644411,1,,,138.84,817,,0.0,1,control,Chrome Mobile,144.0.0,Android,10,K,0,1,0,0,third_option,1,,,,,,,8,tmjewif2,,,,,0
818,k98vx8c4,66613916abcfcbe01b57b32a,0,51,51,post_exp,FinalForProlific,2026-01-21 22:31:30.030370,1,,,106.82,818,,0.0,1,treatment,Edge,144.0.0,Windows,10,Other,0,0,0,1,third_option,1,,,,,,,9,tmjewif2,,,,,0
819,9q56fv37,67f2e663124c56672ad024e7,0,49,51,post_exp,Demographics,2026-01-21 22:31:40.877653,1,,,1258.78,819,,0.0,1,treatment,Chrome,143.0.0,Windows,10,Other,0,0,0,1,third_option,1,,,,,,,4,tmjewif2,,,,,0
820,7gzd3ql1,5dd61a909ca8a35c14d8d610,0,51,51,post_exp,FinalForProlific,2026-01-21 22:32:10.972193,1,,,109.59,820,,0.0,1,treatment,Chrome,143.0.0,Windows,10,Other,0,0,0,1,third_option,1,,,,,,,5,tmjewif2,,,,,0
821,gfcmvdb5,5beb92fbe0a3940001543d8c,0,2,51,intro,Instructions,2026-01-21 22:34:05.745441,1,,,0.0,821,,0.0,1,control,Chrome,144.0.0,Windows,10,Other,0,0,0,1,,,,,,,,,,tmjewif2,,,,,0
822,7z298pkr,6941bfc24e4f261902791a74,0,51,51,post_exp,FinalForProlific,2026-01-21 22:34:14.615600,1,,,104.66,822,,0.0,1,treatment,Firefox,147.0,Windows,10,Other,0,0,0,1,third_option,1,,,,,,,5,tmjewif2,,,,,0
823,4m84k5qd,65c017a404cde4687fdad22e,0,51,51,post_exp,FinalForProlific,2026-01-21 22:34:29.644685,1,,,113.76,823,,0.0,1,treatment,Chrome,144.0.0,Windows,10,Other,0,0,0,1,third_option,1,,,,,,,3,tmjewif2,,,,,0
824,iyj7vxtr,610508c09d61c098f072605b,0,51,51,post_exp,FinalForProlific,2026-01-21 22:34:56.737340,1,,,127.41,824,,0.0,1,treatment,Chrome,143.0.0,Mac OS X,10.15.7,Mac,0,0,0,1,third_option,1,,,,,,,7,tmjewif2,,,,,0
825,y6ydtd89,5c4ea7c3889752000156ddc5,0,3,51,intro,comprehensionQuestions,2026-01-21 22:35:08.150955,1,,,0.0,825,,0.0,1,control,Chrome,143.0.0,Windows,10,Other,0,0,0,1,,,,,,,,,,tmjewif2,,,,,0
826,0rqd08gu,668f0f5a2c9eaa731e4813b0,0,51,51,post_exp,FinalForProlific,2026-01-21 22:35:12.294788,1,,,128.25,826,,0.0,1,treatment,Chrome,143.0.0,Windows,10,Other,0,0,0,1,third_option,1,,,,,,,5,tmjewif2,,,,,0
827,3p6avvn3,577f70d1454e5400015f1845,0,51,51,post_exp,FinalForProlific,2026-01-21 22:36:05.180955,1,,,104.35,827,,0.0,1,treatment,Chrome,143.0.0,Windows,10,Other,0,0,0,1,third_option,1,,,,,,,4,tmjewif2,,,,,0
828,5jezq5a5,66e5e0262fb2c24edceb8e26,0,51,51,post_exp,FinalForProlific,2026-01-21 22:36:32.263420,1,,,119.77,828,,0.0,1,treatment,Safari,18.6,Mac OS X,10.15.7,Mac,0,0,0,1,third_option,1,,,,,,,6,tmjewif2,,,,,0
829,49rrnw5s,65b1193868f3449f46325ea8,0,51,51,post_exp,FinalForProlific,2026-01-21 22:36:34.840564,1,,,107.2,829,,0.0,1,control,Chrome,144.0.0,Windows,10,Other,0,0,0,1,third_option,1,,,,,,,10,tmjewif2,,,,,0
830,0i2p5o6s,644857a2d21eca3ffb31101e,0,51,51,post_exp,FinalForProlific,2026-01-21 22:36:41.979136,1,,,111.82,830,,0.0,1,treatment,Firefox,147.0,Windows,10,Other,0,0,0,1,third_option,1,,,,,,,8,tmjewif2,,,,,0
831,551pc3i6,66fdd81f708d36dbc86f85be,0,51,51,post_exp,FinalForProlific,2026-01-21 22:36:54.455752,1,,,113.31,831,,0.0,1,treatment,Chrome,143.0.0,Windows,10,Other,0,0,0,1,third_option,1,,,,,,,2,tmjewif2,,,,,0
832,m5dbt7vf,66afcaa60f7d8f58dc21db8e,0,51,51,post_exp,FinalForProlific,2026-01-21 22:37:01.030382,1,,,106.15,832,,0.0,1,treatment,Chrome,144.0.0,Windows,10,Other,0,0,0,1,third_option,1,,,,,,,3,tmjewif2,,,,,0
833,aax4053m,6787ff8a99fd47745c316a41,0,51,51,post_exp,FinalForProlific,2026-01-21 22:38:15.721714,1,,,114.09,833,,0.0,1,control,Chrome,144.0.0,Mac OS X,10.15.7,Mac,0,0,0,1,third_option,1,,,,,,,7,tmjewif2,,,,,0
834,oii7i9h2,60ceeec3a0bed4a1e603b8d7,0,51,51,post_exp,FinalForProlific,2026-01-21 22:38:40.260896,1,,,109.74,834,,0.0,1,treatment,Chrome,144.0.0,Mac OS X,10.15.7,Mac,0,0,0,1,third_option,1,,,,,,,8,tmjewif2,,,,,0
835,84mjz7a3,60c18d0606115c8eecb6091b,0,51,51,post_exp,FinalForProlific,2026-01-21 22:39:41.072986,1,,,106.02,835,,0.0,1,treatment,Chrome,143.0.0,Windows,10,Other,0,0,0,1,third_option,1,,,,,,,0,tmjewif2,,,,,0
836,o8b8bpq6,696567430931a40878bc529c,0,51,51,post_exp,FinalForProlific,2026-01-21 22:40:15.027158,1,,,111.99,836,,0.0,1,treatment,Chrome,143.0.0,Windows,10,Other,0,0,0,1,third_option,1,,,,,,,6,tmjewif2,,,,,0
837,vzaqinod,5e9c8deb90dd470441c7f98e,0,51,51,post_exp,FinalForProlific,2026-01-21 22:40:42.846999,1,,,117.43,837,,0.0,1,control,Chrome,143.0.0,Windows,10,Other,0,0,0,1,third_option,1,,,,,,,9,tmjewif2,,,,,0
838,iiht2ogn,5bd4c1d09afb5b00015c5bdd,0,11,51,main,DataFeeDecision,2026-01-21 22:42:15.752302,1,,,0.0,838,,0.0,1,treatment,Chrome,143.0.0,Mac OS X,10.15.7,Mac,0,0,0,1,third_option,1,,,,,,,6,tmjewif2,,,,,0
839,impnmlqf,66567ea20a512b56a661fc5c,0,48,51,post_exp,literacyQuiz,2026-01-21 22:42:23.149758,1,,,1218.15,839,,0.0,1,treatment,Chrome,143.0.0,Windows,10,Other,0,0,0,1,third_option,1,,,,,,,6,tmjewif2,,,,,0
840,9xo9t8bs,5ca6bbf13b5fcf00100996e9,0,51,51,post_exp,FinalForProlific,2026-01-21 22:42:54.508526,1,,,120.49,840,,0.0,1,treatment,Chrome,143.0.0,Windows,10,Other,0,0,0,1,third_option,1,,,,,,,5,tmjewif2,,,,,0
841,c77mdyyz,5de197e923a5111f4fda41de,0,51,51,post_exp,FinalForProlific,2026-01-21 22:44:23.098877,1,,,112.49,841,,0.0,1,control,Chrome,144.0.0,Windows,10,Other,0,0,0,1,third_option,1,,,,,,,4,tmjewif2,,,,,0
842,c9pkr79k,65e14ceb873675f5079a6874,0,3,51,intro,comprehensionQuestions,2026-01-21 22:44:35.854791,1,,,0.0,842,,0.0,1,treatment,Chrome,144.0.0,Windows,10,Other,0,0,0,1,,,,,,,,,,tmjewif2,,,,,0
843,j0dbqczz,663d8f0edfd87b4c1f590b99,0,2,51,intro,Instructions,2026-01-21 22:47:59.955516,1,,,0.0,843,,0.0,1,treatment,Chrome,143.0.0,Windows,10,Other,0,0,0,1,,,,,,,,,,tmjewif2,,,,,0
844,xsj8baw0,5dfb693a73d72487b1fe495b,0,51,51,post_exp,FinalForProlific,2026-01-21 22:50:29.240908,1,,,113.31,844,,0.0,1,treatment,Chrome,143.0.0,Windows,10,Other,0,0,0,1,third_option,1,,,,,,,8,tmjewif2,,,,,0
845,zb7fsjad,670d2af9c00f086b201e9f70,0,48,51,post_exp,literacyQuiz,2026-01-21 22:51:34.895841,1,,,1224.94,845,,0.0,1,control,Chrome,144.0.0,Windows,10,Other,0,0,0,1,third_option,1,,,,,,,6,tmjewif2,,,,,0
846,nq74f0u9,614cd9dba2dad462039739cf,0,51,51,post_exp,FinalForProlific,2026-01-21 22:51:54.759041,1,,,115.81,846,,0.0,1,treatment,Chrome,144.0.0,Windows,10,Other,0,0,0,1,third_option,1,,,,,,,3,tmjewif2,,,,,0
847,aot2i5ei,662bf98a6f25e5ccdce46ebc,0,48,51,post_exp,literacyQuiz,2026-01-21 22:52:02.932545,1,,,1231.64,847,,0.0,1,treatment,Chrome,143.0.0,Windows,10,Other,0,0,0,1,third_option,1,,,,,,,2,tmjewif2,,,,,0
848,grog8wv7,674e8d89cc78a200ccd9a84b,0,51,51,post_exp,FinalForProlific,2026-01-21 22:52:33.544487,1,,,114.2,848,,0.0,1,treatment,Chrome,144.0.0,Windows,10,Other,0,0,0,1,third_option,1,,,,,,,7,tmjewif2,,,,,0
849,2oizq8we,696558b70f4205feae05e7c9,0,51,51,post_exp,FinalForProlific,2026-01-21 22:53:37.833159,1,,,113.85,849,,0.0,1,control,Firefox,147.0,Windows,10,Other,0,0,0,1,third_option,1,,,,,,,6,tmjewif2,,,,,0
850,11dph177,6633be0fc2a425c586e5caf9,0,51,51,post_exp,FinalForProlific,2026-01-21 22:53:42.720672,1,,,123.95,850,,0.0,1,treatment,Chrome,143.0.0,Chrome OS,14541.0.0,Other,0,0,0,1,I did not read the instructions above.,0,,,,,,,6,tmjewif2,,,,,0
851,uqyjwy8m,651b29ff3a6cadf518640abe,0,37,51,main,RoundFeedback,2026-01-21 22:55:40.440848,1,,,916.04,851,,0.0,1,treatment,Chrome,144.0.0,Windows,10,Other,0,0,0,1,third_option,1,,,,,,,7,tmjewif2,,,,,0
852,dmybd9uy,67e5cefeefd6e23bf7fef2ff,0,20,51,main,DataFeeDecision,2026-01-21 22:57:16.291878,1,,,314.85,852,,0.0,1,treatment,Chrome,134.0.0,Windows,10,Other,0,0,0,1,third_option,1,,,,,,,8,tmjewif2,,,,,0
853,yr4554xr,571178ec3d47e80011635b88,0,51,51,post_exp,FinalForProlific,2026-01-21 22:57:28.246097,1,,,111.13,853,,0.0,1,control,Chrome,143.0.0,Windows,10,Other,0,0,0,1,third_option,1,,,,,,,7,tmjewif2,,,,,0
854,w8f0ndk0,5a64417931b87a0001c6f48b,0,48,51,post_exp,literacyQuiz,2026-01-21 23:00:04.122562,1,,,1224.67,854,,0.0,1,treatment,Chrome,143.0.0,Windows,10,Other,0,0,0,1,third_option,1,,,,,,,3,tmjewif2,,,,,0
855,txv93uiq,643ead9be9be7fa2c20e1a53,0,3,51,intro,comprehensionQuestions,2026-01-21 23:00:16.662279,1,,,0.0,855,,0.0,1,treatment,Chrome,143.0.0,Windows,10,Other,0,0,0,1,,,,,,,,,,tmjewif2,,,,,0
856,na0e2s8o,67e5ebfad8af26b1bb60e460,0,3,51,intro,comprehensionQuestions,2026-01-21 23:01:31.534777,1,,,0.0,856,,0.0,1,treatment,Chrome,139.0.0,Windows,10,Other,0,0,0,1,,,,,,,,,,tmjewif2,,,,,0
857,6i99rwz5,5e87b4d3e28032100ce68eec,0,2,51,intro,Instructions,2026-01-21 23:04:18.679500,1,,,0.0,857,,0.0,1,control,Chrome,143.0.0,Windows,10,Other,0,0,0,1,,,,,,,,,,tmjewif2,,,,,0
858,4pxp35la,63a3375101319bb7cb39f654,0,10,51,main,RoundFeedback,2026-01-21 23:08:07.744748,1,,,0.0,858,,0.0,1,treatment,Chrome,144.0.0,Windows,10,Other,0,0,0,1,third_option,1,,,,,,,8,tmjewif2,,,,,0
859,00ivw09t,6575fb1c1a04b30cfb2832d5,0,9,51,main,Trade,2026-01-21 23:09:17.748711,1,,,0.0,859,,0.0,1,treatment,Opera,125.0.0,Windows,10,Other,0,0,0,1,third_option,1,,,,,,,4,tmjewif2,,,,,0
860,rpdvzzbt,66e5b0ac854463f87beb13ea,0,2,51,intro,Instructions,2026-01-21 23:09:28.347114,1,,,0.0,860,,0.0,1,treatment,Chrome,143.0.0,Chrome OS,14541.0.0,Other,0,0,0,1,,,,,,,,,,tmjewif2,,,,,0
861,3asnlj3m,6797d5ada6654ec99f741b08,0,9,51,main,Trade,2026-01-21 23:10:54.667568,1,,,0.0,861,,0.0,1,control,Chrome,93.0.4577,Chrome OS,14092.77.0,Other,0,0,0,1,third_option,1,,,,,,,9,tmjewif2,,,,,0
862,evsbxfe5,62865e3456c142785cfad2a7,0,16,51,main,RoundFeedback,2026-01-21 23:11:48.935882,1,,,207.55,862,,0.0,1,treatment,Firefox,147.0,Windows,10,Other,0,0,0,1,third_option,1,,,,,,,1,tmjewif2,,,,,0
863,7qfvsruy,662fb80a4da196677a2d2a16,0,24,51,main,Trade,2026-01-21 23:12:39.508126,1,,,411.69,863,,0.0,1,treatment,Chrome,144.0.0,Windows,10,Other,0,0,0,1,third_option,1,,,,,,,7,tmjewif2,,,,,0
864,s3oizgb1,678041088952b9da0a4734ae,0,6,51,main,Trade,2026-01-21 23:14:01.344410,1,,,0.0,864,,0.0,1,treatment,Chrome,143.0.0,Windows,10,Other,0,0,0,1,third_option,1,,,,,,,8,tmjewif2,,,,,0
865,am7zcs4o,5c1143b388dc060001bab203,0,6,51,main,Trade,2026-01-21 23:15:07.396183,1,,,0.0,865,,0.0,1,control,Edge,144.0.0,Windows,10,Other,0,0,0,1,third_option,1,,,,,,,5,tmjewif2,,,,,0
866,2spqt96h,,0,0,51,,,,0,,,0.0,866,,0.0,,treatment,,,,,,,,,,,,,,,,,,,tmjewif2,,,,,0
867,m2wpsme5,,0,0,51,,,,0,,,0.0,867,,0.0,,treatment,,,,,,,,,,,,,,,,,,,tmjewif2,,,,,0
868,s1rop4se,,0,0,51,,,,0,,,0.0,868,,0.0,,treatment,,,,,,,,,,,,,,,,,,,tmjewif2,,,,,0
869,jbxaxwra,,0,0,51,,,,0,,,0.0,869,,0.0,,control,,,,,,,,,,,,,,,,,,,tmjewif2,,,,,0
870,ub22mb7z,,0,0,51,,,,0,,,0.0,870,,0.0,,treatment,,,,,,,,,,,,,,,,,,,tmjewif2,,,,,0
871,rbalh7p3,,0,0,51,,,,0,,,0.0,871,,0.0,,treatment,,,,,,,,,,,,,,,,,,,tmjewif2,,,,,0
872,6e8lfebr,,0,0,51,,,,0,,,0.0,872,,0.0,,treatment,,,,,,,,,,,,,,,,,,,tmjewif2,,,,,0
873,1s4a5q8f,,0,0,51,,,,0,,,0.0,873,,0.0,,control,,,,,,,,,,,,,,,,,,,tmjewif2,,,,,0
874,v8rmv4ay,,0,0,51,,,,0,,,0.0,874,,0.0,,treatment,,,,,,,,,,,,,,,,,,,tmjewif2,,,,,0
875,4hkulix6,,0,0,51,,,,0,,,0.0,875,,0.0,,treatment,,,,,,,,,,,,,,,,,,,tmjewif2,,,,,0
876,fg1p7rt6,,0,0,51,,,,0,,,0.0,876,,0.0,,treatment,,,,,,,,,,,,,,,,,,,tmjewif2,,,,,0
877,u8qvr4k3,,0,0,51,,,,0,,,0.0,877,,0.0,,control,,,,,,,,,,,,,,,,,,,tmjewif2,,,,,0
878,7ww1tbyw,,0,0,51,,,,0,,,0.0,878,,0.0,,treatment,,,,,,,,,,,,,,,,,,,tmjewif2,,,,,0
879,bwrjmhzf,,0,0,51,,,,0,,,0.0,879,,0.0,,treatment,,,,,,,,,,,,,,,,,,,tmjewif2,,,,,0
880,rrtk97iu,,0,0,51,,,,0,,,0.0,880,,0.0,,treatment,,,,,,,,,,,,,,,,,,,tmjewif2,,,,,0
881,6mhmjvy4,,0,0,51,,,,0,,,0.0,881,,0.0,,control,,,,,,,,,,,,,,,,,,,tmjewif2,,,,,0
882,wng6ce3k,,0,0,51,,,,0,,,0.0,882,,0.0,,treatment,,,,,,,,,,,,,,,,,,,tmjewif2,,,,,0
883,15kx09tb,,0,0,51,,,,0,,,0.0,883,,0.0,,treatment,,,,,,,,,,,,,,,,,,,tmjewif2,,,,,0
884,ynbvtopg,,0,0,51,,,,0,,,0.0,884,,0.0,,treatment,,,,,,,,,,,,,,,,,,,tmjewif2,,,,,0
885,lllkl6fa,,0,0,51,,,,0,,,0.0,885,,0.0,,control,,,,,,,,,,,,,,,,,,,tmjewif2,,,,,0
886,3spla2ty,,0,0,51,,,,0,,,0.0,886,,0.0,,treatment,,,,,,,,,,,,,,,,,,,tmjewif2,,,,,0
887,7uv9xjg9,,0,0,51,,,,0,,,0.0,887,,0.0,,treatment,,,,,,,,,,,,,,,,,,,tmjewif2,,,,,0
888,qjhi4mb8,,0,0,51,,,,0,,,0.0,888,,0.0,,treatment,,,,,,,,,,,,,,,,,,,tmjewif2,,,,,0
889,47hx0jxd,,0,0,51,,,,0,,,0.0,889,,0.0,,control,,,,,,,,,,,,,,,,,,,tmjewif2,,,,,0
890,p2vnpyu0,,0,0,51,,,,0,,,0.0,890,,0.0,,treatment,,,,,,,,,,,,,,,,,,,tmjewif2,,,,,0
891,20x634ey,,0,0,51,,,,0,,,0.0,891,,0.0,,treatment,,,,,,,,,,,,,,,,,,,tmjewif2,,,,,0
892,j2g49i1f,,0,0,51,,,,0,,,0.0,892,,0.0,,treatment,,,,,,,,,,,,,,,,,,,tmjewif2,,,,,0
893,eji9utlv,,0,0,51,,,,0,,,0.0,893,,0.0,,control,,,,,,,,,,,,,,,,,,,tmjewif2,,,,,0
894,arlclz89,,0,0,51,,,,0,,,0.0,894,,0.0,,treatment,,,,,,,,,,,,,,,,,,,tmjewif2,,,,,0
895,wohhn40z,,0,0,51,,,,0,,,0.0,895,,0.0,,treatment,,,,,,,,,,,,,,,,,,,tmjewif2,,,,,0
896,goxntjyk,,0,0,51,,,,0,,,0.0,896,,0.0,,treatment,,,,,,,,,,,,,,,,,,,tmjewif2,,,,,0
897,05pg1epw,,0,0,51,,,,0,,,0.0,897,,0.0,,control,,,,,,,,,,,,,,,,,,,tmjewif2,,,,,0
898,3f4hu4mk,,0,0,51,,,,0,,,0.0,898,,0.0,,treatment,,,,,,,,,,,,,,,,,,,tmjewif2,,,,,0
899,p77fzwf5,,0,0,51,,,,0,,,0.0,899,,0.0,,treatment,,,,,,,,,,,,,,,,,,,tmjewif2,,,,,0
900,76m1sxza,,0,0,51,,,,0,,,0.0,900,,0.0,,treatment,,,,,,,,,,,,,,,,,,,tmjewif2,,,,,0
901,cmt6e04g,,0,0,51,,,,0,,,0.0,901,,0.0,,control,,,,,,,,,,,,,,,,,,,tmjewif2,,,,,0
902,a9z41jtm,,0,0,51,,,,0,,,0.0,902,,0.0,,treatment,,,,,,,,,,,,,,,,,,,tmjewif2,,,,,0
903,n6q5bmll,,0,0,51,,,,0,,,0.0,903,,0.0,,treatment,,,,,,,,,,,,,,,,,,,tmjewif2,,,,,0
904,nrhx3xyq,,0,0,51,,,,0,,,0.0,904,,0.0,,treatment,,,,,,,,,,,,,,,,,,,tmjewif2,,,,,0
905,dvwb3goa,,0,0,51,,,,0,,,0.0,905,,0.0,,control,,,,,,,,,,,,,,,,,,,tmjewif2,,,,,0
906,sfjz6mf5,,0,0,51,,,,0,,,0.0,906,,0.0,,treatment,,,,,,,,,,,,,,,,,,,tmjewif2,,,,,0
907,7e7hjgdj,,0,0,51,,,,0,,,0.0,907,,0.0,,treatment,,,,,,,,,,,,,,,,,,,tmjewif2,,,,,0
908,4khqyy1o,,0,0,51,,,,0,,,0.0,908,,0.0,,treatment,,,,,,,,,,,,,,,,,,,tmjewif2,,,,,0
909,yr6hx03w,,0,0,51,,,,0,,,0.0,909,,0.0,,control,,,,,,,,,,,,,,,,,,,tmjewif2,,,,,0
910,mu8we4s5,,0,0,51,,,,0,,,0.0,910,,0.0,,treatment,,,,,,,,,,,,,,,,,,,tmjewif2,,,,,0
911,ywcglp84,,0,0,51,,,,0,,,0.0,911,,0.0,,treatment,,,,,,,,,,,,,,,,,,,tmjewif2,,,,,0
912,jmvzwgms,,0,0,51,,,,0,,,0.0,912,,0.0,,treatment,,,,,,,,,,,,,,,,,,,tmjewif2,,,,,0
913,h5fggli6,,0,0,51,,,,0,,,0.0,913,,0.0,,control,,,,,,,,,,,,,,,,,,,tmjewif2,,,,,0
914,wolyiee5,,0,0,51,,,,0,,,0.0,914,,0.0,,treatment,,,,,,,,,,,,,,,,,,,tmjewif2,,,,,0
915,f46fs02z,,0,0,51,,,,0,,,0.0,915,,0.0,,treatment,,,,,,,,,,,,,,,,,,,tmjewif2,,,,,0
916,0tdz0ql5,,0,0,51,,,,0,,,0.0,916,,0.0,,treatment,,,,,,,,,,,,,,,,,,,tmjewif2,,,,,0
917,3gt6oc0y,,0,0,51,,,,0,,,0.0,917,,0.0,,control,,,,,,,,,,,,,,,,,,,tmjewif2,,,,,0
918,44akwqdq,,0,0,51,,,,0,,,0.0,918,,0.0,,treatment,,,,,,,,,,,,,,,,,,,tmjewif2,,,,,0
919,t6qh1918,,0,0,51,,,,0,,,0.0,919,,0.0,,treatment,,,,,,,,,,,,,,,,,,,tmjewif2,,,,,0
920,c5jn2dc5,,0,0,51,,,,0,,,0.0,920,,0.0,,treatment,,,,,,,,,,,,,,,,,,,tmjewif2,,,,,0
921,alea75e0,,0,0,51,,,,0,,,0.0,921,,0.0,,control,,,,,,,,,,,,,,,,,,,tmjewif2,,,,,0
922,06ibief5,,0,0,51,,,,0,,,0.0,922,,0.0,,treatment,,,,,,,,,,,,,,,,,,,tmjewif2,,,,,0
923,epe5kmjo,,0,0,51,,,,0,,,0.0,923,,0.0,,treatment,,,,,,,,,,,,,,,,,,,tmjewif2,,,,,0
924,6tgetksp,,0,0,51,,,,0,,,0.0,924,,0.0,,treatment,,,,,,,,,,,,,,,,,,,tmjewif2,,,,,0
925,2hqa53xy,,0,0,51,,,,0,,,0.0,925,,0.0,,control,,,,,,,,,,,,,,,,,,,tmjewif2,,,,,0
926,udn4vt68,,0,0,51,,,,0,,,0.0,926,,0.0,,treatment,,,,,,,,,,,,,,,,,,,tmjewif2,,,,,0
927,mtaehb3y,,0,0,51,,,,0,,,0.0,927,,0.0,,treatment,,,,,,,,,,,,,,,,,,,tmjewif2,,,,,0
928,udgye9w5,,0,0,51,,,,0,,,0.0,928,,0.0,,treatment,,,,,,,,,,,,,,,,,,,tmjewif2,,,,,0
929,s095jj5d,,0,0,51,,,,0,,,0.0,929,,0.0,,control,,,,,,,,,,,,,,,,,,,tmjewif2,,,,,0
930,v98x6f5a,,0,0,51,,,,0,,,0.0,930,,0.0,,treatment,,,,,,,,,,,,,,,,,,,tmjewif2,,,,,0
931,fbbjayd2,,0,0,51,,,,0,,,0.0,931,,0.0,,treatment,,,,,,,,,,,,,,,,,,,tmjewif2,,,,,0
932,0hhgnesk,,0,0,51,,,,0,,,0.0,932,,0.0,,treatment,,,,,,,,,,,,,,,,,,,tmjewif2,,,,,0
933,511vpad0,,0,0,51,,,,0,,,0.0,933,,0.0,,control,,,,,,,,,,,,,,,,,,,tmjewif2,,,,,0
934,6j1ojhrm,,0,0,51,,,,0,,,0.0,934,,0.0,,treatment,,,,,,,,,,,,,,,,,,,tmjewif2,,,,,0
935,vkpvd5sd,,0,0,51,,,,0,,,0.0,935,,0.0,,treatment,,,,,,,,,,,,,,,,,,,tmjewif2,,,,,0
936,urbc2u6a,,0,0,51,,,,0,,,0.0,936,,0.0,,treatment,,,,,,,,,,,,,,,,,,,tmjewif2,,,,,0
937,einnyivz,,0,0,51,,,,0,,,0.0,937,,0.0,,control,,,,,,,,,,,,,,,,,,,tmjewif2,,,,,0
938,9sah1kn2,,0,0,51,,,,0,,,0.0,938,,0.0,,treatment,,,,,,,,,,,,,,,,,,,tmjewif2,,,,,0
939,rtvw1pj1,,0,0,51,,,,0,,,0.0,939,,0.0,,treatment,,,,,,,,,,,,,,,,,,,tmjewif2,,,,,0
940,epdlqzu8,,0,0,51,,,,0,,,0.0,940,,0.0,,treatment,,,,,,,,,,,,,,,,,,,tmjewif2,,,,,0
941,us9ak57v,,0,0,51,,,,0,,,0.0,941,,0.0,,control,,,,,,,,,,,,,,,,,,,tmjewif2,,,,,0
942,yozqn3gu,,0,0,51,,,,0,,,0.0,942,,0.0,,treatment,,,,,,,,,,,,,,,,,,,tmjewif2,,,,,0
943,73vppi9g,,0,0,51,,,,0,,,0.0,943,,0.0,,treatment,,,,,,,,,,,,,,,,,,,tmjewif2,,,,,0
944,0anikaq4,,0,0,51,,,,0,,,0.0,944,,0.0,,treatment,,,,,,,,,,,,,,,,,,,tmjewif2,,,,,0
945,lrm366jl,,0,0,51,,,,0,,,0.0,945,,0.0,,control,,,,,,,,,,,,,,,,,,,tmjewif2,,,,,0
946,lzabeq6j,,0,0,51,,,,0,,,0.0,946,,0.0,,treatment,,,,,,,,,,,,,,,,,,,tmjewif2,,,,,0
947,rvrhyulg,,0,0,51,,,,0,,,0.0,947,,0.0,,treatment,,,,,,,,,,,,,,,,,,,tmjewif2,,,,,0
948,vwbsm0s1,,0,0,51,,,,0,,,0.0,948,,0.0,,treatment,,,,,,,,,,,,,,,,,,,tmjewif2,,,,,0
949,m0zml0mp,,0,0,51,,,,0,,,0.0,949,,0.0,,control,,,,,,,,,,,,,,,,,,,tmjewif2,,,,,0
950,wj989sld,,0,0,51,,,,0,,,0.0,950,,0.0,,treatment,,,,,,,,,,,,,,,,,,,tmjewif2,,,,,0
951,jfz6w6wp,,0,0,51,,,,0,,,0.0,951,,0.0,,treatment,,,,,,,,,,,,,,,,,,,tmjewif2,,,,,0
952,3dfbdzv9,,0,0,51,,,,0,,,0.0,952,,0.0,,treatment,,,,,,,,,,,,,,,,,,,tmjewif2,,,,,0
953,fbas51gr,,0,0,51,,,,0,,,0.0,953,,0.0,,control,,,,,,,,,,,,,,,,,,,tmjewif2,,,,,0
954,qmgic8sj,,0,0,51,,,,0,,,0.0,954,,0.0,,treatment,,,,,,,,,,,,,,,,,,,tmjewif2,,,,,0
955,prcqilec,,0,0,51,,,,0,,,0.0,955,,0.0,,treatment,,,,,,,,,,,,,,,,,,,tmjewif2,,,,,0
956,hx9x7rsl,,0,0,51,,,,0,,,0.0,956,,0.0,,treatment,,,,,,,,,,,,,,,,,,,tmjewif2,,,,,0
957,o8ckrdm4,,0,0,51,,,,0,,,0.0,957,,0.0,,control,,,,,,,,,,,,,,,,,,,tmjewif2,,,,,0
958,iz9tgn0m,,0,0,51,,,,0,,,0.0,958,,0.0,,treatment,,,,,,,,,,,,,,,,,,,tmjewif2,,,,,0
959,dvnidej4,,0,0,51,,,,0,,,0.0,959,,0.0,,treatment,,,,,,,,,,,,,,,,,,,tmjewif2,,,,,0
960,jhhpnl2c,,0,0,51,,,,0,,,0.0,960,,0.0,,treatment,,,,,,,,,,,,,,,,,,,tmjewif2,,,,,0
961,mp9uvy0r,,0,0,51,,,,0,,,0.0,961,,0.0,,control,,,,,,,,,,,,,,,,,,,tmjewif2,,,,,0
962,nhjffy7h,,0,0,51,,,,0,,,0.0,962,,0.0,,treatment,,,,,,,,,,,,,,,,,,,tmjewif2,,,,,0
963,gsijrj35,,0,0,51,,,,0,,,0.0,963,,0.0,,treatment,,,,,,,,,,,,,,,,,,,tmjewif2,,,,,0
964,dp718zcp,,0,0,51,,,,0,,,0.0,964,,0.0,,treatment,,,,,,,,,,,,,,,,,,,tmjewif2,,,,,0
965,8sohu8ba,,0,0,51,,,,0,,,0.0,965,,0.0,,control,,,,,,,,,,,,,,,,,,,tmjewif2,,,,,0
966,kfdrkwh4,,0,0,51,,,,0,,,0.0,966,,0.0,,treatment,,,,,,,,,,,,,,,,,,,tmjewif2,,,,,0
967,ctj2zih7,,0,0,51,,,,0,,,0.0,967,,0.0,,treatment,,,,,,,,,,,,,,,,,,,tmjewif2,,,,,0
968,u0bpd9q6,,0,0,51,,,,0,,,0.0,968,,0.0,,treatment,,,,,,,,,,,,,,,,,,,tmjewif2,,,,,0
969,w097p2kv,,0,0,51,,,,0,,,0.0,969,,0.0,,control,,,,,,,,,,,,,,,,,,,tmjewif2,,,,,0
970,uxi6gtek,,0,0,51,,,,0,,,0.0,970,,0.0,,treatment,,,,,,,,,,,,,,,,,,,tmjewif2,,,,,0
971,l7oa202u,,0,0,51,,,,0,,,0.0,971,,0.0,,treatment,,,,,,,,,,,,,,,,,,,tmjewif2,,,,,0
972,60zo0dta,,0,0,51,,,,0,,,0.0,972,,0.0,,treatment,,,,,,,,,,,,,,,,,,,tmjewif2,,,,,0
973,n698fm6s,,0,0,51,,,,0,,,0.0,973,,0.0,,control,,,,,,,,,,,,,,,,,,,tmjewif2,,,,,0
974,l9yxrip9,,0,0,51,,,,0,,,0.0,974,,0.0,,treatment,,,,,,,,,,,,,,,,,,,tmjewif2,,,,,0
975,up2irfp7,,0,0,51,,,,0,,,0.0,975,,0.0,,treatment,,,,,,,,,,,,,,,,,,,tmjewif2,,,,,0
976,r4696ari,,0,0,51,,,,0,,,0.0,976,,0.0,,treatment,,,,,,,,,,,,,,,,,,,tmjewif2,,,,,0
977,k5e41ec2,,0,0,51,,,,0,,,0.0,977,,0.0,,control,,,,,,,,,,,,,,,,,,,tmjewif2,,,,,0
978,m0v3bn2w,,0,0,51,,,,0,,,0.0,978,,0.0,,treatment,,,,,,,,,,,,,,,,,,,tmjewif2,,,,,0
979,masxhyrc,,0,0,51,,,,0,,,0.0,979,,0.0,,treatment,,,,,,,,,,,,,,,,,,,tmjewif2,,,,,0
980,mott8az6,,0,0,51,,,,0,,,0.0,980,,0.0,,treatment,,,,,,,,,,,,,,,,,,,tmjewif2,,,,,0
981,h4ohnhbo,,0,0,51,,,,0,,,0.0,981,,0.0,,control,,,,,,,,,,,,,,,,,,,tmjewif2,,,,,0
982,h9o37irf,,0,0,51,,,,0,,,0.0,982,,0.0,,treatment,,,,,,,,,,,,,,,,,,,tmjewif2,,,,,0
983,w8kzlh87,,0,0,51,,,,0,,,0.0,983,,0.0,,treatment,,,,,,,,,,,,,,,,,,,tmjewif2,,,,,0
984,ckjk5nvy,,0,0,51,,,,0,,,0.0,984,,0.0,,treatment,,,,,,,,,,,,,,,,,,,tmjewif2,,,,,0
985,rm1axh34,,0,0,51,,,,0,,,0.0,985,,0.0,,control,,,,,,,,,,,,,,,,,,,tmjewif2,,,,,0
986,6cukz9zj,,0,0,51,,,,0,,,0.0,986,,0.0,,treatment,,,,,,,,,,,,,,,,,,,tmjewif2,,,,,0
987,wxhgp4mu,,0,0,51,,,,0,,,0.0,987,,0.0,,treatment,,,,,,,,,,,,,,,,,,,tmjewif2,,,,,0
988,xyxtpado,,0,0,51,,,,0,,,0.0,988,,0.0,,treatment,,,,,,,,,,,,,,,,,,,tmjewif2,,,,,0
989,b5w6x8ek,,0,0,51,,,,0,,,0.0,989,,0.0,,control,,,,,,,,,,,,,,,,,,,tmjewif2,,,,,0
990,tatdk617,,0,0,51,,,,0,,,0.0,990,,0.0,,treatment,,,,,,,,,,,,,,,,,,,tmjewif2,,,,,0
991,qky6vsgf,,0,0,51,,,,0,,,0.0,991,,0.0,,treatment,,,,,,,,,,,,,,,,,,,tmjewif2,,,,,0
992,nnhk8e0o,,0,0,51,,,,0,,,0.0,992,,0.0,,treatment,,,,,,,,,,,,,,,,,,,tmjewif2,,,,,0
993,adaikz90,,0,0,51,,,,0,,,0.0,993,,0.0,,control,,,,,,,,,,,,,,,,,,,tmjewif2,,,,,0
994,gzcb1hyg,,0,0,51,,,,0,,,0.0,994,,0.0,,treatment,,,,,,,,,,,,,,,,,,,tmjewif2,,,,,0
995,g95s11uc,,0,0,51,,,,0,,,0.0,995,,0.0,,treatment,,,,,,,,,,,,,,,,,,,tmjewif2,,,,,0
996,bqtzdb90,,0,0,51,,,,0,,,0.0,996,,0.0,,treatment,,,,,,,,,,,,,,,,,,,tmjewif2,,,,,0
997,qipkpzj4,,0,0,51,,,,0,,,0.0,997,,0.0,,control,,,,,,,,,,,,,,,,,,,tmjewif2,,,,,0
998,etf24ehj,,0,0,51,,,,0,,,0.0,998,,0.0,,treatment,,,,,,,,,,,,,,,,,,,tmjewif2,,,,,0
999,ekvrx7j0,,0,0,51,,,,0,,,0.0,999,,0.0,,treatment,,,,,,,,,,,,,,,,,,,tmjewif2,,,,,0
1000,i2z3hx30,,0,0,51,,,,0,,,0.0,1000,,0.0,,treatment,,,,,,,,,,,,,,,,,,,tmjewif2,,,,,0
1001,y5oa2v0g,,0,0,51,,,,0,,,0.0,1001,,0.0,,control,,,,,,,,,,,,,,,,,,,tmjewif2,,,,,0
1002,kt79gdr9,,0,0,51,,,,0,,,0.0,1002,,0.0,,treatment,,,,,,,,,,,,,,,,,,,tmjewif2,,,,,0
1003,pxb2vgye,,0,0,51,,,,0,,,0.0,1003,,0.0,,treatment,,,,,,,,,,,,,,,,,,,tmjewif2,,,,,0
1004,074184x3,,0,0,51,,,,0,,,0.0,1004,,0.0,,treatment,,,,,,,,,,,,,,,,,,,tmjewif2,,,,,0
1005,xoe4zqmi,,0,0,51,,,,0,,,0.0,1005,,0.0,,control,,,,,,,,,,,,,,,,,,,tmjewif2,,,,,0
1006,b6heyd9n,,0,0,51,,,,0,,,0.0,1006,,0.0,,treatment,,,,,,,,,,,,,,,,,,,tmjewif2,,,,,0
1007,0p48c1ww,,0,0,51,,,,0,,,0.0,1007,,0.0,,treatment,,,,,,,,,,,,,,,,,,,tmjewif2,,,,,0
1008,9tjm8d6c,,0,0,51,,,,0,,,0.0,1008,,0.0,,treatment,,,,,,,,,,,,,,,,,,,tmjewif2,,,,,0
1009,nbmipru6,,0,0,51,,,,0,,,0.0,1009,,0.0,,control,,,,,,,,,,,,,,,,,,,tmjewif2,,,,,0
1010,5pn3sh2w,,0,0,51,,,,0,,,0.0,1010,,0.0,,treatment,,,,,,,,,,,,,,,,,,,tmjewif2,,,,,0
1011,t26depo6,,0,0,51,,,,0,,,0.0,1011,,0.0,,treatment,,,,,,,,,,,,,,,,,,,tmjewif2,,,,,0
1012,bft53ict,,0,0,51,,,,0,,,0.0,1012,,0.0,,treatment,,,,,,,,,,,,,,,,,,,tmjewif2,,,,,0
1013,54ejwz7e,,0,0,51,,,,0,,,0.0,1013,,0.0,,control,,,,,,,,,,,,,,,,,,,tmjewif2,,,,,0
1014,irk24z24,,0,0,51,,,,0,,,0.0,1014,,0.0,,treatment,,,,,,,,,,,,,,,,,,,tmjewif2,,,,,0
1015,bjuxu2ra,,0,0,51,,,,0,,,0.0,1015,,0.0,,treatment,,,,,,,,,,,,,,,,,,,tmjewif2,,,,,0
1016,3zwgwh58,,0,0,51,,,,0,,,0.0,1016,,0.0,,treatment,,,,,,,,,,,,,,,,,,,tmjewif2,,,,,0
1017,7b7wtg2w,,0,0,51,,,,0,,,0.0,1017,,0.0,,control,,,,,,,,,,,,,,,,,,,tmjewif2,,,,,0
1018,vm1vn8sf,,0,0,51,,,,0,,,0.0,1018,,0.0,,treatment,,,,,,,,,,,,,,,,,,,tmjewif2,,,,,0
1019,1pv9m3qh,,0,0,51,,,,0,,,0.0,1019,,0.0,,treatment,,,,,,,,,,,,,,,,,,,tmjewif2,,,,,0
1020,e04e4wal,,0,0,51,,,,0,,,0.0,1020,,0.0,,treatment,,,,,,,,,,,,,,,,,,,tmjewif2,,,,,0
1021,d4bhsnnp,,0,0,51,,,,0,,,0.0,1021,,0.0,,control,,,,,,,,,,,,,,,,,,,tmjewif2,,,,,0
1022,kdc7wh8g,,0,0,51,,,,0,,,0.0,1022,,0.0,,treatment,,,,,,,,,,,,,,,,,,,tmjewif2,,,,,0
1023,edhk62qm,,0,0,51,,,,0,,,0.0,1023,,0.0,,treatment,,,,,,,,,,,,,,,,,,,tmjewif2,,,,,0
1024,rsegyzgd,,0,0,51,,,,0,,,0.0,1024,,0.0,,treatment,,,,,,,,,,,,,,,,,,,tmjewif2,,,,,0
1025,367l7lz2,,0,0,51,,,,0,,,0.0,1025,,0.0,,control,,,,,,,,,,,,,,,,,,,tmjewif2,,,,,0
1026,krxw96yb,,0,0,51,,,,0,,,0.0,1026,,0.0,,treatment,,,,,,,,,,,,,,,,,,,tmjewif2,,,,,0
1027,zyeopx13,,0,0,51,,,,0,,,0.0,1027,,0.0,,treatment,,,,,,,,,,,,,,,,,,,tmjewif2,,,,,0
1028,b99okyd9,,0,0,51,,,,0,,,0.0,1028,,0.0,,treatment,,,,,,,,,,,,,,,,,,,tmjewif2,,,,,0
1029,xfqa1ejk,,0,0,51,,,,0,,,0.0,1029,,0.0,,control,,,,,,,,,,,,,,,,,,,tmjewif2,,,,,0
1030,sj1jiyub,,0,0,51,,,,0,,,0.0,1030,,0.0,,treatment,,,,,,,,,,,,,,,,,,,tmjewif2,,,,,0
1031,1ffesnk3,,0,0,51,,,,0,,,0.0,1031,,0.0,,treatment,,,,,,,,,,,,,,,,,,,tmjewif2,,,,,0
1032,5q4nb6u0,,0,0,51,,,,0,,,0.0,1032,,0.0,,treatment,,,,,,,,,,,,,,,,,,,tmjewif2,,,,,0
1033,kbbjesfp,,0,0,51,,,,0,,,0.0,1033,,0.0,,control,,,,,,,,,,,,,,,,,,,tmjewif2,,,,,0
1034,ao3xo75h,,0,0,51,,,,0,,,0.0,1034,,0.0,,treatment,,,,,,,,,,,,,,,,,,,tmjewif2,,,,,0
1035,18p2i0zd,,0,0,51,,,,0,,,0.0,1035,,0.0,,treatment,,,,,,,,,,,,,,,,,,,tmjewif2,,,,,0
1036,n3u9615u,,0,0,51,,,,0,,,0.0,1036,,0.0,,treatment,,,,,,,,,,,,,,,,,,,tmjewif2,,,,,0
1037,oj4rgokr,,0,0,51,,,,0,,,0.0,1037,,0.0,,control,,,,,,,,,,,,,,,,,,,tmjewif2,,,,,0
1038,dkd2g6p5,,0,0,51,,,,0,,,0.0,1038,,0.0,,treatment,,,,,,,,,,,,,,,,,,,tmjewif2,,,,,0
1039,7tfxqjx5,,0,0,51,,,,0,,,0.0,1039,,0.0,,treatment,,,,,,,,,,,,,,,,,,,tmjewif2,,,,,0
1040,u10f0n5f,,0,0,51,,,,0,,,0.0,1040,,0.0,,treatment,,,,,,,,,,,,,,,,,,,tmjewif2,,,,,0
1041,fl1fffb9,,0,0,51,,,,0,,,0.0,1041,,0.0,,control,,,,,,,,,,,,,,,,,,,tmjewif2,,,,,0
1042,zej5v3pt,,0,0,51,,,,0,,,0.0,1042,,0.0,,treatment,,,,,,,,,,,,,,,,,,,tmjewif2,,,,,0
1043,4njrv5mp,,0,0,51,,,,0,,,0.0,1043,,0.0,,treatment,,,,,,,,,,,,,,,,,,,tmjewif2,,,,,0
1044,0jcv8wav,,0,0,51,,,,0,,,0.0,1044,,0.0,,treatment,,,,,,,,,,,,,,,,,,,tmjewif2,,,,,0
1045,6fivod4n,,0,0,51,,,,0,,,0.0,1045,,0.0,,control,,,,,,,,,,,,,,,,,,,tmjewif2,,,,,0
1046,liwny4nf,,0,0,51,,,,0,,,0.0,1046,,0.0,,treatment,,,,,,,,,,,,,,,,,,,tmjewif2,,,,,0
1047,1vqo9pwn,,0,0,51,,,,0,,,0.0,1047,,0.0,,treatment,,,,,,,,,,,,,,,,,,,tmjewif2,,,,,0
1048,qyoqcp64,,0,0,51,,,,0,,,0.0,1048,,0.0,,treatment,,,,,,,,,,,,,,,,,,,tmjewif2,,,,,0
1049,u5wu2opw,,0,0,51,,,,0,,,0.0,1049,,0.0,,control,,,,,,,,,,,,,,,,,,,tmjewif2,,,,,0
1050,dkn1mje7,,0,0,51,,,,0,,,0.0,1050,,0.0,,treatment,,,,,,,,,,,,,,,,,,,tmjewif2,,,,,0
1051,nr8cs2j3,,0,0,51,,,,0,,,0.0,1051,,0.0,,treatment,,,,,,,,,,,,,,,,,,,tmjewif2,,,,,0
1052,ma8v7yky,,0,0,51,,,,0,,,0.0,1052,,0.0,,treatment,,,,,,,,,,,,,,,,,,,tmjewif2,,,,,0
1053,vf7jebzh,,0,0,51,,,,0,,,0.0,1053,,0.0,,control,,,,,,,,,,,,,,,,,,,tmjewif2,,,,,0
1054,2zus03tz,,0,0,51,,,,0,,,0.0,1054,,0.0,,treatment,,,,,,,,,,,,,,,,,,,tmjewif2,,,,,0
1055,zgggb3yo,,0,0,51,,,,0,,,0.0,1055,,0.0,,treatment,,,,,,,,,,,,,,,,,,,tmjewif2,,,,,0
1056,skm8a0jh,,0,0,51,,,,0,,,0.0,1056,,0.0,,treatment,,,,,,,,,,,,,,,,,,,tmjewif2,,,,,0
1057,2sg2onyc,,0,0,51,,,,0,,,0.0,1057,,0.0,,control,,,,,,,,,,,,,,,,,,,tmjewif2,,,,,0
1058,oz536vgc,,0,0,51,,,,0,,,0.0,1058,,0.0,,treatment,,,,,,,,,,,,,,,,,,,tmjewif2,,,,,0
1059,87a5ctpa,,0,0,51,,,,0,,,0.0,1059,,0.0,,treatment,,,,,,,,,,,,,,,,,,,tmjewif2,,,,,0
1060,k4xhta36,,0,0,51,,,,0,,,0.0,1060,,0.0,,treatment,,,,,,,,,,,,,,,,,,,tmjewif2,,,,,0
1061,xuutlhpx,,0,0,51,,,,0,,,0.0,1061,,0.0,,control,,,,,,,,,,,,,,,,,,,tmjewif2,,,,,0
1062,12ya1i4v,,0,0,51,,,,0,,,0.0,1062,,0.0,,treatment,,,,,,,,,,,,,,,,,,,tmjewif2,,,,,0
1063,0s345ui8,,0,0,51,,,,0,,,0.0,1063,,0.0,,treatment,,,,,,,,,,,,,,,,,,,tmjewif2,,,,,0
1064,knsdtg2m,,0,0,51,,,,0,,,0.0,1064,,0.0,,treatment,,,,,,,,,,,,,,,,,,,tmjewif2,,,,,0
1065,9j0ctwt5,,0,0,51,,,,0,,,0.0,1065,,0.0,,control,,,,,,,,,,,,,,,,,,,tmjewif2,,,,,0
1066,ikajqcfb,,0,0,51,,,,0,,,0.0,1066,,0.0,,treatment,,,,,,,,,,,,,,,,,,,tmjewif2,,,,,0
1067,8b28cnpp,,0,0,51,,,,0,,,0.0,1067,,0.0,,treatment,,,,,,,,,,,,,,,,,,,tmjewif2,,,,,0
1068,qmw7he23,,0,0,51,,,,0,,,0.0,1068,,0.0,,treatment,,,,,,,,,,,,,,,,,,,tmjewif2,,,,,0
1069,91kr13jq,,0,0,51,,,,0,,,0.0,1069,,0.0,,control,,,,,,,,,,,,,,,,,,,tmjewif2,,,,,0
1070,e6skkh3z,,0,0,51,,,,0,,,0.0,1070,,0.0,,treatment,,,,,,,,,,,,,,,,,,,tmjewif2,,,,,0
1071,spl23hkh,,0,0,51,,,,0,,,0.0,1071,,0.0,,treatment,,,,,,,,,,,,,,,,,,,tmjewif2,,,,,0
1072,a7tjo7fm,,0,0,51,,,,0,,,0.0,1072,,0.0,,treatment,,,,,,,,,,,,,,,,,,,tmjewif2,,,,,0
1073,qx2g7ksu,,0,0,51,,,,0,,,0.0,1073,,0.0,,control,,,,,,,,,,,,,,,,,,,tmjewif2,,,,,0
1074,azgm91v6,,0,0,51,,,,0,,,0.0,1074,,0.0,,treatment,,,,,,,,,,,,,,,,,,,tmjewif2,,,,,0
1075,ijlelqnk,,0,0,51,,,,0,,,0.0,1075,,0.0,,treatment,,,,,,,,,,,,,,,,,,,tmjewif2,,,,,0
1076,y2artbba,,0,0,51,,,,0,,,0.0,1076,,0.0,,treatment,,,,,,,,,,,,,,,,,,,tmjewif2,,,,,0
1077,da7bfvua,,0,0,51,,,,0,,,0.0,1077,,0.0,,control,,,,,,,,,,,,,,,,,,,tmjewif2,,,,,0
1078,d5yk2duo,,0,0,51,,,,0,,,0.0,1078,,0.0,,treatment,,,,,,,,,,,,,,,,,,,tmjewif2,,,,,0
1079,purqgklg,,0,0,51,,,,0,,,0.0,1079,,0.0,,treatment,,,,,,,,,,,,,,,,,,,tmjewif2,,,,,0
1080,ygv4x03q,,0,0,51,,,,0,,,0.0,1080,,0.0,,treatment,,,,,,,,,,,,,,,,,,,tmjewif2,,,,,0
1081,fwvkjl7t,,0,0,51,,,,0,,,0.0,1081,,0.0,,control,,,,,,,,,,,,,,,,,,,tmjewif2,,,,,0
1082,mix52d71,,0,0,51,,,,0,,,0.0,1082,,0.0,,treatment,,,,,,,,,,,,,,,,,,,tmjewif2,,,,,0
1083,1t0xdaeh,,0,0,51,,,,0,,,0.0,1083,,0.0,,treatment,,,,,,,,,,,,,,,,,,,tmjewif2,,,,,0
1084,gop9iw2b,,0,0,51,,,,0,,,0.0,1084,,0.0,,treatment,,,,,,,,,,,,,,,,,,,tmjewif2,,,,,0
1085,9xzrftro,,0,0,51,,,,0,,,0.0,1085,,0.0,,control,,,,,,,,,,,,,,,,,,,tmjewif2,,,,,0
1086,5jk7n5hf,,0,0,51,,,,0,,,0.0,1086,,0.0,,treatment,,,,,,,,,,,,,,,,,,,tmjewif2,,,,,0
1087,uhjy99gr,,0,0,51,,,,0,,,0.0,1087,,0.0,,treatment,,,,,,,,,,,,,,,,,,,tmjewif2,,,,,0
1088,dbw6dfqi,,0,0,51,,,,0,,,0.0,1088,,0.0,,treatment,,,,,,,,,,,,,,,,,,,tmjewif2,,,,,0
1089,xrurihbx,,0,0,51,,,,0,,,0.0,1089,,0.0,,control,,,,,,,,,,,,,,,,,,,tmjewif2,,,,,0
1090,ikl0288c,,0,0,51,,,,0,,,0.0,1090,,0.0,,treatment,,,,,,,,,,,,,,,,,,,tmjewif2,,,,,0
1091,d7r99w2v,,0,0,51,,,,0,,,0.0,1091,,0.0,,treatment,,,,,,,,,,,,,,,,,,,tmjewif2,,,,,0
1092,q7gxsai2,,0,0,51,,,,0,,,0.0,1092,,0.0,,treatment,,,,,,,,,,,,,,,,,,,tmjewif2,,,,,0
1093,zavkiy66,,0,0,51,,,,0,,,0.0,1093,,0.0,,control,,,,,,,,,,,,,,,,,,,tmjewif2,,,,,0
1094,3pvojpj8,,0,0,51,,,,0,,,0.0,1094,,0.0,,treatment,,,,,,,,,,,,,,,,,,,tmjewif2,,,,,0
1095,52s331n9,,0,0,51,,,,0,,,0.0,1095,,0.0,,treatment,,,,,,,,,,,,,,,,,,,tmjewif2,,,,,0
1096,2cps7tkh,,0,0,51,,,,0,,,0.0,1096,,0.0,,treatment,,,,,,,,,,,,,,,,,,,tmjewif2,,,,,0
1097,j3jg8q1e,,0,0,51,,,,0,,,0.0,1097,,0.0,,control,,,,,,,,,,,,,,,,,,,tmjewif2,,,,,0
1098,navwertf,,0,0,51,,,,0,,,0.0,1098,,0.0,,treatment,,,,,,,,,,,,,,,,,,,tmjewif2,,,,,0
1099,imv45aga,,0,0,51,,,,0,,,0.0,1099,,0.0,,treatment,,,,,,,,,,,,,,,,,,,tmjewif2,,,,,0
1100,ksxj7pds,,0,0,51,,,,0,,,0.0,1100,,0.0,,treatment,,,,,,,,,,,,,,,,,,,tmjewif2,,,,,0
1101,xdnecvqg,,0,0,51,,,,0,,,0.0,1101,,0.0,,control,,,,,,,,,,,,,,,,,,,tmjewif2,,,,,0
1102,z6k1yjps,,0,0,51,,,,0,,,0.0,1102,,0.0,,treatment,,,,,,,,,,,,,,,,,,,tmjewif2,,,,,0
1103,ghclc06m,,0,0,51,,,,0,,,0.0,1103,,0.0,,treatment,,,,,,,,,,,,,,,,,,,tmjewif2,,,,,0
1104,zl9dcq0a,,0,0,51,,,,0,,,0.0,1104,,0.0,,treatment,,,,,,,,,,,,,,,,,,,tmjewif2,,,,,0
1105,hys2f2j2,,0,0,51,,,,0,,,0.0,1105,,0.0,,control,,,,,,,,,,,,,,,,,,,tmjewif2,,,,,0
1106,szo2fl67,,0,0,51,,,,0,,,0.0,1106,,0.0,,treatment,,,,,,,,,,,,,,,,,,,tmjewif2,,,,,0
1107,xpyye6g2,,0,0,51,,,,0,,,0.0,1107,,0.0,,treatment,,,,,,,,,,,,,,,,,,,tmjewif2,,,,,0
1108,lwvogmcj,,0,0,51,,,,0,,,0.0,1108,,0.0,,treatment,,,,,,,,,,,,,,,,,,,tmjewif2,,,,,0
1109,pjxy4edf,,0,0,51,,,,0,,,0.0,1109,,0.0,,control,,,,,,,,,,,,,,,,,,,tmjewif2,,,,,0
1110,xaq9ya2u,,0,0,51,,,,0,,,0.0,1110,,0.0,,treatment,,,,,,,,,,,,,,,,,,,tmjewif2,,,,,0
1111,8kr7645d,,0,0,51,,,,0,,,0.0,1111,,0.0,,treatment,,,,,,,,,,,,,,,,,,,tmjewif2,,,,,0
1112,en7ty4x4,,0,0,51,,,,0,,,0.0,1112,,0.0,,treatment,,,,,,,,,,,,,,,,,,,tmjewif2,,,,,0
1113,cuo2rl8f,,0,0,51,,,,0,,,0.0,1113,,0.0,,control,,,,,,,,,,,,,,,,,,,tmjewif2,,,,,0
1114,nqglgwer,,0,0,51,,,,0,,,0.0,1114,,0.0,,treatment,,,,,,,,,,,,,,,,,,,tmjewif2,,,,,0
1115,8cx05j9o,,0,0,51,,,,0,,,0.0,1115,,0.0,,treatment,,,,,,,,,,,,,,,,,,,tmjewif2,,,,,0
1116,bbyil4c6,,0,0,51,,,,0,,,0.0,1116,,0.0,,treatment,,,,,,,,,,,,,,,,,,,tmjewif2,,,,,0
1117,yhpllh3u,,0,0,51,,,,0,,,0.0,1117,,0.0,,control,,,,,,,,,,,,,,,,,,,tmjewif2,,,,,0
1118,5kyhvfbb,,0,0,51,,,,0,,,0.0,1118,,0.0,,treatment,,,,,,,,,,,,,,,,,,,tmjewif2,,,,,0
1119,t3p1exzb,,0,0,51,,,,0,,,0.0,1119,,0.0,,treatment,,,,,,,,,,,,,,,,,,,tmjewif2,,,,,0
1120,6wpdaa5a,,0,0,51,,,,0,,,0.0,1120,,0.0,,treatment,,,,,,,,,,,,,,,,,,,tmjewif2,,,,,0
1121,kvlsxrn9,,0,0,51,,,,0,,,0.0,1121,,0.0,,control,,,,,,,,,,,,,,,,,,,tmjewif2,,,,,0
1122,3bok0lgp,,0,0,51,,,,0,,,0.0,1122,,0.0,,treatment,,,,,,,,,,,,,,,,,,,tmjewif2,,,,,0
1123,fm6xrm26,,0,0,51,,,,0,,,0.0,1123,,0.0,,treatment,,,,,,,,,,,,,,,,,,,tmjewif2,,,,,0
1124,j6if21pz,,0,0,51,,,,0,,,0.0,1124,,0.0,,treatment,,,,,,,,,,,,,,,,,,,tmjewif2,,,,,0
1125,bx8gcd2d,,0,0,51,,,,0,,,0.0,1125,,0.0,,control,,,,,,,,,,,,,,,,,,,tmjewif2,,,,,0
1126,z0avf0lf,,0,0,51,,,,0,,,0.0,1126,,0.0,,treatment,,,,,,,,,,,,,,,,,,,tmjewif2,,,,,0
1127,rg424eqh,,0,0,51,,,,0,,,0.0,1127,,0.0,,treatment,,,,,,,,,,,,,,,,,,,tmjewif2,,,,,0
1128,caygidr1,,0,0,51,,,,0,,,0.0,1128,,0.0,,treatment,,,,,,,,,,,,,,,,,,,tmjewif2,,,,,0
1129,6ewh1nki,,0,0,51,,,,0,,,0.0,1129,,0.0,,control,,,,,,,,,,,,,,,,,,,tmjewif2,,,,,0
1130,eyvlfbnz,,0,0,51,,,,0,,,0.0,1130,,0.0,,treatment,,,,,,,,,,,,,,,,,,,tmjewif2,,,,,0
1131,o546w9js,,0,0,51,,,,0,,,0.0,1131,,0.0,,treatment,,,,,,,,,,,,,,,,,,,tmjewif2,,,,,0
1132,frfldz5m,,0,0,51,,,,0,,,0.0,1132,,0.0,,treatment,,,,,,,,,,,,,,,,,,,tmjewif2,,,,,0
1133,proz0bc2,,0,0,51,,,,0,,,0.0,1133,,0.0,,control,,,,,,,,,,,,,,,,,,,tmjewif2,,,,,0
1134,u8zbrtmd,,0,0,51,,,,0,,,0.0,1134,,0.0,,treatment,,,,,,,,,,,,,,,,,,,tmjewif2,,,,,0
1135,i1j28rti,,0,0,51,,,,0,,,0.0,1135,,0.0,,treatment,,,,,,,,,,,,,,,,,,,tmjewif2,,,,,0
1136,xgr1glhl,,0,0,51,,,,0,,,0.0,1136,,0.0,,treatment,,,,,,,,,,,,,,,,,,,tmjewif2,,,,,0
1137,o7zhlkuv,,0,0,51,,,,0,,,0.0,1137,,0.0,,control,,,,,,,,,,,,,,,,,,,tmjewif2,,,,,0
1138,8jmlh810,,0,0,51,,,,0,,,0.0,1138,,0.0,,treatment,,,,,,,,,,,,,,,,,,,tmjewif2,,,,,0
1139,qm6tc55h,,0,0,51,,,,0,,,0.0,1139,,0.0,,treatment,,,,,,,,,,,,,,,,,,,tmjewif2,,,,,0
1140,erif5rgx,,0,0,51,,,,0,,,0.0,1140,,0.0,,treatment,,,,,,,,,,,,,,,,,,,tmjewif2,,,,,0
1141,l9p3h75k,,0,0,51,,,,0,,,0.0,1141,,0.0,,control,,,,,,,,,,,,,,,,,,,tmjewif2,,,,,0
1142,pqqo7555,,0,0,51,,,,0,,,0.0,1142,,0.0,,treatment,,,,,,,,,,,,,,,,,,,tmjewif2,,,,,0
1143,uv5b8j47,,0,0,51,,,,0,,,0.0,1143,,0.0,,treatment,,,,,,,,,,,,,,,,,,,tmjewif2,,,,,0
1144,urceeky5,,0,0,51,,,,0,,,0.0,1144,,0.0,,treatment,,,,,,,,,,,,,,,,,,,tmjewif2,,,,,0
1145,6xbggcj6,,0,0,51,,,,0,,,0.0,1145,,0.0,,control,,,,,,,,,,,,,,,,,,,tmjewif2,,,,,0
1146,avj5pbvf,,0,0,51,,,,0,,,0.0,1146,,0.0,,treatment,,,,,,,,,,,,,,,,,,,tmjewif2,,,,,0
1147,1nnd6umy,,0,0,51,,,,0,,,0.0,1147,,0.0,,treatment,,,,,,,,,,,,,,,,,,,tmjewif2,,,,,0
1148,d6u756in,,0,0,51,,,,0,,,0.0,1148,,0.0,,treatment,,,,,,,,,,,,,,,,,,,tmjewif2,,,,,0
1149,mqp9p7w0,,0,0,51,,,,0,,,0.0,1149,,0.0,,control,,,,,,,,,,,,,,,,,,,tmjewif2,,,,,0
1150,i2qjig25,,0,0,51,,,,0,,,0.0,1150,,0.0,,treatment,,,,,,,,,,,,,,,,,,,tmjewif2,,,,,0
1151,ujbgvehv,,0,0,51,,,,0,,,0.0,1151,,0.0,,treatment,,,,,,,,,,,,,,,,,,,tmjewif2,,,,,0
1152,y8cnh2xh,,0,0,51,,,,0,,,0.0,1152,,0.0,,treatment,,,,,,,,,,,,,,,,,,,tmjewif2,,,,,0
1153,d3cvwfqm,,0,0,51,,,,0,,,0.0,1153,,0.0,,control,,,,,,,,,,,,,,,,,,,tmjewif2,,,,,0
1154,mkj5q75v,,0,0,51,,,,0,,,0.0,1154,,0.0,,treatment,,,,,,,,,,,,,,,,,,,tmjewif2,,,,,0
1155,htqkamn4,,0,0,51,,,,0,,,0.0,1155,,0.0,,treatment,,,,,,,,,,,,,,,,,,,tmjewif2,,,,,0
1156,b6q017c2,,0,0,51,,,,0,,,0.0,1156,,0.0,,treatment,,,,,,,,,,,,,,,,,,,tmjewif2,,,,,0
1157,5yq06iyz,,0,0,51,,,,0,,,0.0,1157,,0.0,,control,,,,,,,,,,,,,,,,,,,tmjewif2,,,,,0
1158,9p6brsid,,0,0,51,,,,0,,,0.0,1158,,0.0,,treatment,,,,,,,,,,,,,,,,,,,tmjewif2,,,,,0
1159,154kr67u,,0,0,51,,,,0,,,0.0,1159,,0.0,,treatment,,,,,,,,,,,,,,,,,,,tmjewif2,,,,,0
1160,azbiaoeu,,0,0,51,,,,0,,,0.0,1160,,0.0,,treatment,,,,,,,,,,,,,,,,,,,tmjewif2,,,,,0
1161,bpw51nzh,,0,0,51,,,,0,,,0.0,1161,,0.0,,control,,,,,,,,,,,,,,,,,,,tmjewif2,,,,,0
1162,mcc1r7bq,,0,0,51,,,,0,,,0.0,1162,,0.0,,treatment,,,,,,,,,,,,,,,,,,,tmjewif2,,,,,0
1163,3ah8e9ha,,0,0,51,,,,0,,,0.0,1163,,0.0,,treatment,,,,,,,,,,,,,,,,,,,tmjewif2,,,,,0
1164,kunknntb,,0,0,51,,,,0,,,0.0,1164,,0.0,,treatment,,,,,,,,,,,,,,,,,,,tmjewif2,,,,,0
1165,jrf9dibq,,0,0,51,,,,0,,,0.0,1165,,0.0,,control,,,,,,,,,,,,,,,,,,,tmjewif2,,,,,0
1166,nki61vx0,,0,0,51,,,,0,,,0.0,1166,,0.0,,treatment,,,,,,,,,,,,,,,,,,,tmjewif2,,,,,0
1167,gbwp6d4d,,0,0,51,,,,0,,,0.0,1167,,0.0,,treatment,,,,,,,,,,,,,,,,,,,tmjewif2,,,,,0
1168,xhki0g5g,,0,0,51,,,,0,,,0.0,1168,,0.0,,treatment,,,,,,,,,,,,,,,,,,,tmjewif2,,,,,0
1169,40962mn3,,0,0,51,,,,0,,,0.0,1169,,0.0,,control,,,,,,,,,,,,,,,,,,,tmjewif2,,,,,0
1170,pu9co3bi,,0,0,51,,,,0,,,0.0,1170,,0.0,,treatment,,,,,,,,,,,,,,,,,,,tmjewif2,,,,,0
1171,3umsd246,,0,0,51,,,,0,,,0.0,1171,,0.0,,treatment,,,,,,,,,,,,,,,,,,,tmjewif2,,,,,0
1172,92qd0a1n,,0,0,51,,,,0,,,0.0,1172,,0.0,,treatment,,,,,,,,,,,,,,,,,,,tmjewif2,,,,,0
1173,vls8afms,,0,0,51,,,,0,,,0.0,1173,,0.0,,control,,,,,,,,,,,,,,,,,,,tmjewif2,,,,,0
1174,36r34zvf,,0,0,51,,,,0,,,0.0,1174,,0.0,,treatment,,,,,,,,,,,,,,,,,,,tmjewif2,,,,,0
1175,mps7rmmq,,0,0,51,,,,0,,,0.0,1175,,0.0,,treatment,,,,,,,,,,,,,,,,,,,tmjewif2,,,,,0
1176,chrn83f6,,0,0,51,,,,0,,,0.0,1176,,0.0,,treatment,,,,,,,,,,,,,,,,,,,tmjewif2,,,,,0
1177,1prazlrh,,0,0,51,,,,0,,,0.0,1177,,0.0,,control,,,,,,,,,,,,,,,,,,,tmjewif2,,,,,0
1178,ql83ymqu,,0,0,51,,,,0,,,0.0,1178,,0.0,,treatment,,,,,,,,,,,,,,,,,,,tmjewif2,,,,,0
1179,uiw3uxze,,0,0,51,,,,0,,,0.0,1179,,0.0,,treatment,,,,,,,,,,,,,,,,,,,tmjewif2,,,,,0
1180,as2pz5s6,,0,0,51,,,,0,,,0.0,1180,,0.0,,treatment,,,,,,,,,,,,,,,,,,,tmjewif2,,,,,0
1181,c5jm12wa,,0,0,51,,,,0,,,0.0,1181,,0.0,,control,,,,,,,,,,,,,,,,,,,tmjewif2,,,,,0
1182,fpsx3kfm,,0,0,51,,,,0,,,0.0,1182,,0.0,,treatment,,,,,,,,,,,,,,,,,,,tmjewif2,,,,,0
1183,nbahkjuc,,0,0,51,,,,0,,,0.0,1183,,0.0,,treatment,,,,,,,,,,,,,,,,,,,tmjewif2,,,,,0
1184,8d3x52xp,,0,0,51,,,,0,,,0.0,1184,,0.0,,treatment,,,,,,,,,,,,,,,,,,,tmjewif2,,,,,0
1185,drir5u9y,,0,0,51,,,,0,,,0.0,1185,,0.0,,control,,,,,,,,,,,,,,,,,,,tmjewif2,,,,,0
1186,l6bhvnsa,,0,0,51,,,,0,,,0.0,1186,,0.0,,treatment,,,,,,,,,,,,,,,,,,,tmjewif2,,,,,0
1187,dycvvyp8,,0,0,51,,,,0,,,0.0,1187,,0.0,,treatment,,,,,,,,,,,,,,,,,,,tmjewif2,,,,,0
1188,nafspgai,,0,0,51,,,,0,,,0.0,1188,,0.0,,treatment,,,,,,,,,,,,,,,,,,,tmjewif2,,,,,0
1189,qzh0z2hs,,0,0,51,,,,0,,,0.0,1189,,0.0,,control,,,,,,,,,,,,,,,,,,,tmjewif2,,,,,0
1190,rrsw2qjj,,0,0,51,,,,0,,,0.0,1190,,0.0,,treatment,,,,,,,,,,,,,,,,,,,tmjewif2,,,,,0
1191,1pg582hb,,0,0,51,,,,0,,,0.0,1191,,0.0,,treatment,,,,,,,,,,,,,,,,,,,tmjewif2,,,,,0
1192,hue209ox,,0,0,51,,,,0,,,0.0,1192,,0.0,,treatment,,,,,,,,,,,,,,,,,,,tmjewif2,,,,,0
1193,ri4uv8t2,,0,0,51,,,,0,,,0.0,1193,,0.0,,control,,,,,,,,,,,,,,,,,,,tmjewif2,,,,,0
1194,qqc2xikl,,0,0,51,,,,0,,,0.0,1194,,0.0,,treatment,,,,,,,,,,,,,,,,,,,tmjewif2,,,,,0
1195,euwtbbir,,0,0,51,,,,0,,,0.0,1195,,0.0,,treatment,,,,,,,,,,,,,,,,,,,tmjewif2,,,,,0
1196,orq18ag2,,0,0,51,,,,0,,,0.0,1196,,0.0,,treatment,,,,,,,,,,,,,,,,,,,tmjewif2,,,,,0
1197,yoop58yq,,0,0,51,,,,0,,,0.0,1197,,0.0,,control,,,,,,,,,,,,,,,,,,,tmjewif2,,,,,0
1198,d0iz3j4b,,0,0,51,,,,0,,,0.0,1198,,0.0,,treatment,,,,,,,,,,,,,,,,,,,tmjewif2,,,,,0
1199,041ruq1f,,0,0,51,,,,0,,,0.0,1199,,0.0,,treatment,,,,,,,,,,,,,,,,,,,tmjewif2,,,,,0
1200,5jj7t6xr,,0,0,51,,,,0,,,0.0,1200,,0.0,,treatment,,,,,,,,,,,,,,,,,,,tmjewif2,,,,,0
1201,0wxb69vl,,0,0,51,,,,0,,,0.0,1201,,0.0,,control,,,,,,,,,,,,,,,,,,,tmjewif2,,,,,0
1202,axnsw9kn,,0,0,51,,,,0,,,0.0,1202,,0.0,,treatment,,,,,,,,,,,,,,,,,,,tmjewif2,,,,,0
1203,p250enfz,,0,0,51,,,,0,,,0.0,1203,,0.0,,treatment,,,,,,,,,,,,,,,,,,,tmjewif2,,,,,0
1204,tfvy3t19,,0,0,51,,,,0,,,0.0,1204,,0.0,,treatment,,,,,,,,,,,,,,,,,,,tmjewif2,,,,,0
1205,k5x1o6a5,,0,0,51,,,,0,,,0.0,1205,,0.0,,control,,,,,,,,,,,,,,,,,,,tmjewif2,,,,,0
1206,30za2kyg,,0,0,51,,,,0,,,0.0,1206,,0.0,,treatment,,,,,,,,,,,,,,,,,,,tmjewif2,,,,,0
1207,1mzx93ax,,0,0,51,,,,0,,,0.0,1207,,0.0,,treatment,,,,,,,,,,,,,,,,,,,tmjewif2,,,,,0
1208,0mefhyu0,,0,0,51,,,,0,,,0.0,1208,,0.0,,treatment,,,,,,,,,,,,,,,,,,,tmjewif2,,,,,0
1209,7d8kaj1x,,0,0,51,,,,0,,,0.0,1209,,0.0,,control,,,,,,,,,,,,,,,,,,,tmjewif2,,,,,0
1210,mpvrsyab,,0,0,51,,,,0,,,0.0,1210,,0.0,,treatment,,,,,,,,,,,,,,,,,,,tmjewif2,,,,,0
1211,0auu6c5x,,0,0,51,,,,0,,,0.0,1211,,0.0,,treatment,,,,,,,,,,,,,,,,,,,tmjewif2,,,,,0
1212,x6l25u0j,,0,0,51,,,,0,,,0.0,1212,,0.0,,treatment,,,,,,,,,,,,,,,,,,,tmjewif2,,,,,0
1213,g3v8t4pr,,0,0,51,,,,0,,,0.0,1213,,0.0,,control,,,,,,,,,,,,,,,,,,,tmjewif2,,,,,0
1214,0ajrdfsk,,0,0,51,,,,0,,,0.0,1214,,0.0,,treatment,,,,,,,,,,,,,,,,,,,tmjewif2,,,,,0
1215,7ubcfq1s,,0,0,51,,,,0,,,0.0,1215,,0.0,,treatment,,,,,,,,,,,,,,,,,,,tmjewif2,,,,,0
1216,5rw5h97e,,0,0,51,,,,0,,,0.0,1216,,0.0,,treatment,,,,,,,,,,,,,,,,,,,tmjewif2,,,,,0
1217,pbdz2thv,,0,0,51,,,,0,,,0.0,1217,,0.0,,control,,,,,,,,,,,,,,,,,,,tmjewif2,,,,,0
1218,dzoagnru,,0,0,51,,,,0,,,0.0,1218,,0.0,,treatment,,,,,,,,,,,,,,,,,,,tmjewif2,,,,,0
1219,8hmw43ny,,0,0,51,,,,0,,,0.0,1219,,0.0,,treatment,,,,,,,,,,,,,,,,,,,tmjewif2,,,,,0
1220,2sqwmm5q,,0,0,51,,,,0,,,0.0,1220,,0.0,,treatment,,,,,,,,,,,,,,,,,,,tmjewif2,,,,,0
1221,lyatbnav,,0,0,51,,,,0,,,0.0,1221,,0.0,,control,,,,,,,,,,,,,,,,,,,tmjewif2,,,,,0
1222,n6ce8k3m,,0,0,51,,,,0,,,0.0,1222,,0.0,,treatment,,,,,,,,,,,,,,,,,,,tmjewif2,,,,,0
1223,g4l1yie0,,0,0,51,,,,0,,,0.0,1223,,0.0,,treatment,,,,,,,,,,,,,,,,,,,tmjewif2,,,,,0
1224,1lrmoxo5,,0,0,51,,,,0,,,0.0,1224,,0.0,,treatment,,,,,,,,,,,,,,,,,,,tmjewif2,,,,,0
1225,rwdl7jn0,,0,0,51,,,,0,,,0.0,1225,,0.0,,control,,,,,,,,,,,,,,,,,,,tmjewif2,,,,,0
1226,54cgkw67,,0,0,51,,,,0,,,0.0,1226,,0.0,,treatment,,,,,,,,,,,,,,,,,,,tmjewif2,,,,,0
1227,fr3dlyn9,,0,0,51,,,,0,,,0.0,1227,,0.0,,treatment,,,,,,,,,,,,,,,,,,,tmjewif2,,,,,0
1228,73yetqbl,,0,0,51,,,,0,,,0.0,1228,,0.0,,treatment,,,,,,,,,,,,,,,,,,,tmjewif2,,,,,0
1229,uo928dva,,0,0,51,,,,0,,,0.0,1229,,0.0,,control,,,,,,,,,,,,,,,,,,,tmjewif2,,,,,0
1230,ll1pi5tc,,0,0,51,,,,0,,,0.0,1230,,0.0,,treatment,,,,,,,,,,,,,,,,,,,tmjewif2,,,,,0
1231,b8k98mci,,0,0,51,,,,0,,,0.0,1231,,0.0,,treatment,,,,,,,,,,,,,,,,,,,tmjewif2,,,,,0
1232,6hyc3p7y,,0,0,51,,,,0,,,0.0,1232,,0.0,,treatment,,,,,,,,,,,,,,,,,,,tmjewif2,,,,,0
1233,l5nx4q9g,,0,0,51,,,,0,,,0.0,1233,,0.0,,control,,,,,,,,,,,,,,,,,,,tmjewif2,,,,,0
1234,7dzge8r2,,0,0,51,,,,0,,,0.0,1234,,0.0,,treatment,,,,,,,,,,,,,,,,,,,tmjewif2,,,,,0
1235,vzq1j6bk,,0,0,51,,,,0,,,0.0,1235,,0.0,,treatment,,,,,,,,,,,,,,,,,,,tmjewif2,,,,,0
1236,w57rrab9,,0,0,51,,,,0,,,0.0,1236,,0.0,,treatment,,,,,,,,,,,,,,,,,,,tmjewif2,,,,,0
1237,yyzcmsvj,,0,0,51,,,,0,,,0.0,1237,,0.0,,control,,,,,,,,,,,,,,,,,,,tmjewif2,,,,,0
1238,q6hjvfxj,,0,0,51,,,,0,,,0.0,1238,,0.0,,treatment,,,,,,,,,,,,,,,,,,,tmjewif2,,,,,0
1239,hm43j1ws,,0,0,51,,,,0,,,0.0,1239,,0.0,,treatment,,,,,,,,,,,,,,,,,,,tmjewif2,,,,,0
1240,dnetc2iw,,0,0,51,,,,0,,,0.0,1240,,0.0,,treatment,,,,,,,,,,,,,,,,,,,tmjewif2,,,,,0
1241,pdvkegtn,,0,0,51,,,,0,,,0.0,1241,,0.0,,control,,,,,,,,,,,,,,,,,,,tmjewif2,,,,,0
1242,qyc0zu1c,,0,0,51,,,,0,,,0.0,1242,,0.0,,treatment,,,,,,,,,,,,,,,,,,,tmjewif2,,,,,0
1243,zuv4d0cp,,0,0,51,,,,0,,,0.0,1243,,0.0,,treatment,,,,,,,,,,,,,,,,,,,tmjewif2,,,,,0
1244,r8fqlc56,,0,0,51,,,,0,,,0.0,1244,,0.0,,treatment,,,,,,,,,,,,,,,,,,,tmjewif2,,,,,0
1245,swol392j,,0,0,51,,,,0,,,0.0,1245,,0.0,,control,,,,,,,,,,,,,,,,,,,tmjewif2,,,,,0
1246,5imccd1m,,0,0,51,,,,0,,,0.0,1246,,0.0,,treatment,,,,,,,,,,,,,,,,,,,tmjewif2,,,,,0
1247,ovfwo979,,0,0,51,,,,0,,,0.0,1247,,0.0,,treatment,,,,,,,,,,,,,,,,,,,tmjewif2,,,,,0
1248,ln9kue7b,,0,0,51,,,,0,,,0.0,1248,,0.0,,treatment,,,,,,,,,,,,,,,,,,,tmjewif2,,,,,0
1249,drjc7k1q,,0,0,51,,,,0,,,0.0,1249,,0.0,,control,,,,,,,,,,,,,,,,,,,tmjewif2,,,,,0
1250,z9exo4o6,,0,0,51,,,,0,,,0.0,1250,,0.0,,treatment,,,,,,,,,,,,,,,,,,,tmjewif2,,,,,0
1251,rzp106jh,,0,0,51,,,,0,,,0.0,1251,,0.0,,treatment,,,,,,,,,,,,,,,,,,,tmjewif2,,,,,0
1252,s6x9321o,,0,0,51,,,,0,,,0.0,1252,,0.0,,treatment,,,,,,,,,,,,,,,,,,,tmjewif2,,,,,0
1253,060c18ht,,0,0,51,,,,0,,,0.0,1253,,0.0,,control,,,,,,,,,,,,,,,,,,,tmjewif2,,,,,0
1254,j4up3h7d,,0,0,51,,,,0,,,0.0,1254,,0.0,,treatment,,,,,,,,,,,,,,,,,,,tmjewif2,,,,,0
1255,ypo9zkgq,,0,0,51,,,,0,,,0.0,1255,,0.0,,treatment,,,,,,,,,,,,,,,,,,,tmjewif2,,,,,0
1256,xdtqvl1q,,0,0,51,,,,0,,,0.0,1256,,0.0,,treatment,,,,,,,,,,,,,,,,,,,tmjewif2,,,,,0
1257,pi47z6be,,0,0,51,,,,0,,,0.0,1257,,0.0,,control,,,,,,,,,,,,,,,,,,,tmjewif2,,,,,0
1258,m2xcs4l7,,0,0,51,,,,0,,,0.0,1258,,0.0,,treatment,,,,,,,,,,,,,,,,,,,tmjewif2,,,,,0
1259,dyts43mf,,0,0,51,,,,0,,,0.0,1259,,0.0,,treatment,,,,,,,,,,,,,,,,,,,tmjewif2,,,,,0
1260,5h65s7er,,0,0,51,,,,0,,,0.0,1260,,0.0,,treatment,,,,,,,,,,,,,,,,,,,tmjewif2,,,,,0
1261,dp282sy3,,0,0,51,,,,0,,,0.0,1261,,0.0,,control,,,,,,,,,,,,,,,,,,,tmjewif2,,,,,0
1262,2bbmefuz,,0,0,51,,,,0,,,0.0,1262,,0.0,,treatment,,,,,,,,,,,,,,,,,,,tmjewif2,,,,,0
1263,2mjt3eid,,0,0,51,,,,0,,,0.0,1263,,0.0,,treatment,,,,,,,,,,,,,,,,,,,tmjewif2,,,,,0
1264,tj6v5g1r,,0,0,51,,,,0,,,0.0,1264,,0.0,,treatment,,,,,,,,,,,,,,,,,,,tmjewif2,,,,,0
1265,jbg4l9d3,,0,0,51,,,,0,,,0.0,1265,,0.0,,control,,,,,,,,,,,,,,,,,,,tmjewif2,,,,,0
1266,ukripgrg,,0,0,51,,,,0,,,0.0,1266,,0.0,,treatment,,,,,,,,,,,,,,,,,,,tmjewif2,,,,,0
1267,wvprwz71,,0,0,51,,,,0,,,0.0,1267,,0.0,,treatment,,,,,,,,,,,,,,,,,,,tmjewif2,,,,,0
1268,4ob1lqi7,,0,0,51,,,,0,,,0.0,1268,,0.0,,treatment,,,,,,,,,,,,,,,,,,,tmjewif2,,,,,0
1269,rulimful,,0,0,51,,,,0,,,0.0,1269,,0.0,,control,,,,,,,,,,,,,,,,,,,tmjewif2,,,,,0
1270,23tlqmqd,,0,0,51,,,,0,,,0.0,1270,,0.0,,treatment,,,,,,,,,,,,,,,,,,,tmjewif2,,,,,0
1271,039wj6q6,,0,0,51,,,,0,,,0.0,1271,,0.0,,treatment,,,,,,,,,,,,,,,,,,,tmjewif2,,,,,0
1272,7itx3bh1,,0,0,51,,,,0,,,0.0,1272,,0.0,,treatment,,,,,,,,,,,,,,,,,,,tmjewif2,,,,,0
1273,3lfw7lle,,0,0,51,,,,0,,,0.0,1273,,0.0,,control,,,,,,,,,,,,,,,,,,,tmjewif2,,,,,0
1274,jtdds9i0,,0,0,51,,,,0,,,0.0,1274,,0.0,,treatment,,,,,,,,,,,,,,,,,,,tmjewif2,,,,,0
1275,hx0wjrda,,0,0,51,,,,0,,,0.0,1275,,0.0,,treatment,,,,,,,,,,,,,,,,,,,tmjewif2,,,,,0
1276,l3s54780,,0,0,51,,,,0,,,0.0,1276,,0.0,,treatment,,,,,,,,,,,,,,,,,,,tmjewif2,,,,,0
1277,fbqpxu2q,,0,0,51,,,,0,,,0.0,1277,,0.0,,control,,,,,,,,,,,,,,,,,,,tmjewif2,,,,,0
1278,t2pdelam,,0,0,51,,,,0,,,0.0,1278,,0.0,,treatment,,,,,,,,,,,,,,,,,,,tmjewif2,,,,,0
1279,ovun9nnm,,0,0,51,,,,0,,,0.0,1279,,0.0,,treatment,,,,,,,,,,,,,,,,,,,tmjewif2,,,,,0
1280,ex8lsh12,,0,0,51,,,,0,,,0.0,1280,,0.0,,treatment,,,,,,,,,,,,,,,,,,,tmjewif2,,,,,0
1281,cc48pbi8,,0,0,51,,,,0,,,0.0,1281,,0.0,,control,,,,,,,,,,,,,,,,,,,tmjewif2,,,,,0
1282,9ihkmuyn,,0,0,51,,,,0,,,0.0,1282,,0.0,,treatment,,,,,,,,,,,,,,,,,,,tmjewif2,,,,,0
1283,585i4nnx,,0,0,51,,,,0,,,0.0,1283,,0.0,,treatment,,,,,,,,,,,,,,,,,,,tmjewif2,,,,,0
1284,vtprojl8,,0,0,51,,,,0,,,0.0,1284,,0.0,,treatment,,,,,,,,,,,,,,,,,,,tmjewif2,,,,,0
1285,56c1vgys,,0,0,51,,,,0,,,0.0,1285,,0.0,,control,,,,,,,,,,,,,,,,,,,tmjewif2,,,,,0
1286,6839p834,,0,0,51,,,,0,,,0.0,1286,,0.0,,treatment,,,,,,,,,,,,,,,,,,,tmjewif2,,,,,0
1287,5d2l0gsa,,0,0,51,,,,0,,,0.0,1287,,0.0,,treatment,,,,,,,,,,,,,,,,,,,tmjewif2,,,,,0
1288,g88cnmle,,0,0,51,,,,0,,,0.0,1288,,0.0,,treatment,,,,,,,,,,,,,,,,,,,tmjewif2,,,,,0
1289,pzx8rt6l,,0,0,51,,,,0,,,0.0,1289,,0.0,,control,,,,,,,,,,,,,,,,,,,tmjewif2,,,,,0
1290,767k8t40,,0,0,51,,,,0,,,0.0,1290,,0.0,,treatment,,,,,,,,,,,,,,,,,,,tmjewif2,,,,,0
1291,xuusjlru,,0,0,51,,,,0,,,0.0,1291,,0.0,,treatment,,,,,,,,,,,,,,,,,,,tmjewif2,,,,,0
1292,l0jc3lle,,0,0,51,,,,0,,,0.0,1292,,0.0,,treatment,,,,,,,,,,,,,,,,,,,tmjewif2,,,,,0
1293,xrimq25w,,0,0,51,,,,0,,,0.0,1293,,0.0,,control,,,,,,,,,,,,,,,,,,,tmjewif2,,,,,0
1294,mjcybmoa,,0,0,51,,,,0,,,0.0,1294,,0.0,,treatment,,,,,,,,,,,,,,,,,,,tmjewif2,,,,,0
1295,cb9ks0o3,,0,0,51,,,,0,,,0.0,1295,,0.0,,treatment,,,,,,,,,,,,,,,,,,,tmjewif2,,,,,0
1296,bws8vexh,,0,0,51,,,,0,,,0.0,1296,,0.0,,treatment,,,,,,,,,,,,,,,,,,,tmjewif2,,,,,0
1297,s3hyr1j3,,0,0,51,,,,0,,,0.0,1297,,0.0,,control,,,,,,,,,,,,,,,,,,,tmjewif2,,,,,0
1298,h67q79za,,0,0,51,,,,0,,,0.0,1298,,0.0,,treatment,,,,,,,,,,,,,,,,,,,tmjewif2,,,,,0
1299,i0o3xzxt,,0,0,51,,,,0,,,0.0,1299,,0.0,,treatment,,,,,,,,,,,,,,,,,,,tmjewif2,,,,,0
1300,bvz5owbm,,0,0,51,,,,0,,,0.0,1300,,0.0,,treatment,,,,,,,,,,,,,,,,,,,tmjewif2,,,,,0
1301,xnmy0hyq,,0,0,51,,,,0,,,0.0,1301,,0.0,,control,,,,,,,,,,,,,,,,,,,tmjewif2,,,,,0
1302,riy2lokr,,0,0,51,,,,0,,,0.0,1302,,0.0,,treatment,,,,,,,,,,,,,,,,,,,tmjewif2,,,,,0
1303,6twe94sy,,0,0,51,,,,0,,,0.0,1303,,0.0,,treatment,,,,,,,,,,,,,,,,,,,tmjewif2,,,,,0
1304,1jzmzo27,,0,0,51,,,,0,,,0.0,1304,,0.0,,treatment,,,,,,,,,,,,,,,,,,,tmjewif2,,,,,0
1305,nwxnyjoq,,0,0,51,,,,0,,,0.0,1305,,0.0,,control,,,,,,,,,,,,,,,,,,,tmjewif2,,,,,0
1306,t0kis9bq,,0,0,51,,,,0,,,0.0,1306,,0.0,,treatment,,,,,,,,,,,,,,,,,,,tmjewif2,,,,,0
1307,cbode9w8,,0,0,51,,,,0,,,0.0,1307,,0.0,,treatment,,,,,,,,,,,,,,,,,,,tmjewif2,,,,,0
1308,s8rjfj5d,,0,0,51,,,,0,,,0.0,1308,,0.0,,treatment,,,,,,,,,,,,,,,,,,,tmjewif2,,,,,0
1309,w6m82gwi,,0,0,51,,,,0,,,0.0,1309,,0.0,,control,,,,,,,,,,,,,,,,,,,tmjewif2,,,,,0
1310,b36ueg8u,,0,0,51,,,,0,,,0.0,1310,,0.0,,treatment,,,,,,,,,,,,,,,,,,,tmjewif2,,,,,0
1311,eeko5la5,,0,0,51,,,,0,,,0.0,1311,,0.0,,treatment,,,,,,,,,,,,,,,,,,,tmjewif2,,,,,0
1312,9ywo3r7j,,0,0,51,,,,0,,,0.0,1312,,0.0,,treatment,,,,,,,,,,,,,,,,,,,tmjewif2,,,,,0
1313,r6jphwqe,,0,0,51,,,,0,,,0.0,1313,,0.0,,control,,,,,,,,,,,,,,,,,,,tmjewif2,,,,,0
1314,xk2rrrlj,,0,0,51,,,,0,,,0.0,1314,,0.0,,treatment,,,,,,,,,,,,,,,,,,,tmjewif2,,,,,0
1315,vzhtxva1,,0,0,51,,,,0,,,0.0,1315,,0.0,,treatment,,,,,,,,,,,,,,,,,,,tmjewif2,,,,,0
1316,m0msi5ji,,0,0,51,,,,0,,,0.0,1316,,0.0,,treatment,,,,,,,,,,,,,,,,,,,tmjewif2,,,,,0
1317,lieptubh,,0,0,51,,,,0,,,0.0,1317,,0.0,,control,,,,,,,,,,,,,,,,,,,tmjewif2,,,,,0
1318,250l9i40,,0,0,51,,,,0,,,0.0,1318,,0.0,,treatment,,,,,,,,,,,,,,,,,,,tmjewif2,,,,,0
1319,5d98jd30,,0,0,51,,,,0,,,0.0,1319,,0.0,,treatment,,,,,,,,,,,,,,,,,,,tmjewif2,,,,,0
1320,0bbl6glm,,0,0,51,,,,0,,,0.0,1320,,0.0,,treatment,,,,,,,,,,,,,,,,,,,tmjewif2,,,,,0
1321,6jg4c5tj,,0,0,51,,,,0,,,0.0,1321,,0.0,,control,,,,,,,,,,,,,,,,,,,tmjewif2,,,,,0
1322,8olnnajy,,0,0,51,,,,0,,,0.0,1322,,0.0,,treatment,,,,,,,,,,,,,,,,,,,tmjewif2,,,,,0
1323,fxmn8f88,,0,0,51,,,,0,,,0.0,1323,,0.0,,treatment,,,,,,,,,,,,,,,,,,,tmjewif2,,,,,0
1324,xs6bdnqv,,0,0,51,,,,0,,,0.0,1324,,0.0,,treatment,,,,,,,,,,,,,,,,,,,tmjewif2,,,,,0
1325,yoa5m1yk,,0,0,51,,,,0,,,0.0,1325,,0.0,,control,,,,,,,,,,,,,,,,,,,tmjewif2,,,,,0
1326,1a8q1b11,,0,0,51,,,,0,,,0.0,1326,,0.0,,treatment,,,,,,,,,,,,,,,,,,,tmjewif2,,,,,0
1327,d9ywdvrf,,0,0,51,,,,0,,,0.0,1327,,0.0,,treatment,,,,,,,,,,,,,,,,,,,tmjewif2,,,,,0
1328,x0qf9hu8,,0,0,51,,,,0,,,0.0,1328,,0.0,,treatment,,,,,,,,,,,,,,,,,,,tmjewif2,,,,,0
1329,l5eyrvwp,,0,0,51,,,,0,,,0.0,1329,,0.0,,control,,,,,,,,,,,,,,,,,,,tmjewif2,,,,,0
1330,alaewrml,,0,0,51,,,,0,,,0.0,1330,,0.0,,treatment,,,,,,,,,,,,,,,,,,,tmjewif2,,,,,0
1331,2zc7oiaw,,0,0,51,,,,0,,,0.0,1331,,0.0,,treatment,,,,,,,,,,,,,,,,,,,tmjewif2,,,,,0
1332,6ekka5bu,,0,0,51,,,,0,,,0.0,1332,,0.0,,treatment,,,,,,,,,,,,,,,,,,,tmjewif2,,,,,0
1333,8kvn3try,,0,0,51,,,,0,,,0.0,1333,,0.0,,control,,,,,,,,,,,,,,,,,,,tmjewif2,,,,,0
1334,krcukg9p,,0,0,51,,,,0,,,0.0,1334,,0.0,,treatment,,,,,,,,,,,,,,,,,,,tmjewif2,,,,,0
1335,insvsorn,,0,0,51,,,,0,,,0.0,1335,,0.0,,treatment,,,,,,,,,,,,,,,,,,,tmjewif2,,,,,0
1336,c2guo0nd,,0,0,51,,,,0,,,0.0,1336,,0.0,,treatment,,,,,,,,,,,,,,,,,,,tmjewif2,,,,,0
1337,d9gg013t,,0,0,51,,,,0,,,0.0,1337,,0.0,,control,,,,,,,,,,,,,,,,,,,tmjewif2,,,,,0
1338,71oe6eq5,,0,0,51,,,,0,,,0.0,1338,,0.0,,treatment,,,,,,,,,,,,,,,,,,,tmjewif2,,,,,0
1339,ta7ylhuf,,0,0,51,,,,0,,,0.0,1339,,0.0,,treatment,,,,,,,,,,,,,,,,,,,tmjewif2,,,,,0
1340,yvzsguop,,0,0,51,,,,0,,,0.0,1340,,0.0,,treatment,,,,,,,,,,,,,,,,,,,tmjewif2,,,,,0
1341,kkkqzhe2,,0,0,51,,,,0,,,0.0,1341,,0.0,,control,,,,,,,,,,,,,,,,,,,tmjewif2,,,,,0
1342,bd0r63qo,,0,0,51,,,,0,,,0.0,1342,,0.0,,treatment,,,,,,,,,,,,,,,,,,,tmjewif2,,,,,0
1343,0fsvhpks,,0,0,51,,,,0,,,0.0,1343,,0.0,,treatment,,,,,,,,,,,,,,,,,,,tmjewif2,,,,,0
1344,1avalua9,,0,0,51,,,,0,,,0.0,1344,,0.0,,treatment,,,,,,,,,,,,,,,,,,,tmjewif2,,,,,0
1345,0zlrxe8o,,0,0,51,,,,0,,,0.0,1345,,0.0,,control,,,,,,,,,,,,,,,,,,,tmjewif2,,,,,0
1346,ff2h6k7q,,0,0,51,,,,0,,,0.0,1346,,0.0,,treatment,,,,,,,,,,,,,,,,,,,tmjewif2,,,,,0
1347,adstf6i1,,0,0,51,,,,0,,,0.0,1347,,0.0,,treatment,,,,,,,,,,,,,,,,,,,tmjewif2,,,,,0
1348,o3chkvt9,,0,0,51,,,,0,,,0.0,1348,,0.0,,treatment,,,,,,,,,,,,,,,,,,,tmjewif2,,,,,0
1349,qn3z0er3,,0,0,51,,,,0,,,0.0,1349,,0.0,,control,,,,,,,,,,,,,,,,,,,tmjewif2,,,,,0
1350,y3tzhlen,,0,0,51,,,,0,,,0.0,1350,,0.0,,treatment,,,,,,,,,,,,,,,,,,,tmjewif2,,,,,0
1351,u0eiuu94,,0,0,51,,,,0,,,0.0,1351,,0.0,,treatment,,,,,,,,,,,,,,,,,,,tmjewif2,,,,,0
1352,82ajxw7f,,0,0,51,,,,0,,,0.0,1352,,0.0,,treatment,,,,,,,,,,,,,,,,,,,tmjewif2,,,,,0
1353,3shrec5u,,0,0,51,,,,0,,,0.0,1353,,0.0,,control,,,,,,,,,,,,,,,,,,,tmjewif2,,,,,0
1354,m6xa2inb,,0,0,51,,,,0,,,0.0,1354,,0.0,,treatment,,,,,,,,,,,,,,,,,,,tmjewif2,,,,,0
1355,9n7fzthp,,0,0,51,,,,0,,,0.0,1355,,0.0,,treatment,,,,,,,,,,,,,,,,,,,tmjewif2,,,,,0
1356,8ml5fees,,0,0,51,,,,0,,,0.0,1356,,0.0,,treatment,,,,,,,,,,,,,,,,,,,tmjewif2,,,,,0
1357,j82fwx63,,0,0,51,,,,0,,,0.0,1357,,0.0,,control,,,,,,,,,,,,,,,,,,,tmjewif2,,,,,0
1358,s2k00zgz,,0,0,51,,,,0,,,0.0,1358,,0.0,,treatment,,,,,,,,,,,,,,,,,,,tmjewif2,,,,,0
1359,ilmox7d4,,0,0,51,,,,0,,,0.0,1359,,0.0,,treatment,,,,,,,,,,,,,,,,,,,tmjewif2,,,,,0
1360,xonpxzjc,,0,0,51,,,,0,,,0.0,1360,,0.0,,treatment,,,,,,,,,,,,,,,,,,,tmjewif2,,,,,0
1361,r7l4y91i,,0,0,51,,,,0,,,0.0,1361,,0.0,,control,,,,,,,,,,,,,,,,,,,tmjewif2,,,,,0
1362,pylpwlsb,,0,0,51,,,,0,,,0.0,1362,,0.0,,treatment,,,,,,,,,,,,,,,,,,,tmjewif2,,,,,0
1363,u2y3ygq5,,0,0,51,,,,0,,,0.0,1363,,0.0,,treatment,,,,,,,,,,,,,,,,,,,tmjewif2,,,,,0
1364,90m5t5ap,,0,0,51,,,,0,,,0.0,1364,,0.0,,treatment,,,,,,,,,,,,,,,,,,,tmjewif2,,,,,0
1365,v25c7ab6,,0,0,51,,,,0,,,0.0,1365,,0.0,,control,,,,,,,,,,,,,,,,,,,tmjewif2,,,,,0
1366,u9mi2nmj,,0,0,51,,,,0,,,0.0,1366,,0.0,,treatment,,,,,,,,,,,,,,,,,,,tmjewif2,,,,,0
1367,obgbptkl,,0,0,51,,,,0,,,0.0,1367,,0.0,,treatment,,,,,,,,,,,,,,,,,,,tmjewif2,,,,,0
1368,j92usm66,,0,0,51,,,,0,,,0.0,1368,,0.0,,treatment,,,,,,,,,,,,,,,,,,,tmjewif2,,,,,0
1369,8r6xp52v,,0,0,51,,,,0,,,0.0,1369,,0.0,,control,,,,,,,,,,,,,,,,,,,tmjewif2,,,,,0
1370,n7r0d4l5,,0,0,51,,,,0,,,0.0,1370,,0.0,,treatment,,,,,,,,,,,,,,,,,,,tmjewif2,,,,,0
1371,uypf4waa,,0,0,51,,,,0,,,0.0,1371,,0.0,,treatment,,,,,,,,,,,,,,,,,,,tmjewif2,,,,,0
1372,faxzle3l,,0,0,51,,,,0,,,0.0,1372,,0.0,,treatment,,,,,,,,,,,,,,,,,,,tmjewif2,,,,,0
1373,pxqgi4jw,,0,0,51,,,,0,,,0.0,1373,,0.0,,control,,,,,,,,,,,,,,,,,,,tmjewif2,,,,,0
1374,gdj2x4dx,,0,0,51,,,,0,,,0.0,1374,,0.0,,treatment,,,,,,,,,,,,,,,,,,,tmjewif2,,,,,0
1375,ryvfre1q,,0,0,51,,,,0,,,0.0,1375,,0.0,,treatment,,,,,,,,,,,,,,,,,,,tmjewif2,,,,,0
1376,6tnfkj75,,0,0,51,,,,0,,,0.0,1376,,0.0,,treatment,,,,,,,,,,,,,,,,,,,tmjewif2,,,,,0
1377,wp9y7asl,,0,0,51,,,,0,,,0.0,1377,,0.0,,control,,,,,,,,,,,,,,,,,,,tmjewif2,,,,,0
1378,goeku7m3,,0,0,51,,,,0,,,0.0,1378,,0.0,,treatment,,,,,,,,,,,,,,,,,,,tmjewif2,,,,,0
1379,5kl7y6t0,,0,0,51,,,,0,,,0.0,1379,,0.0,,treatment,,,,,,,,,,,,,,,,,,,tmjewif2,,,,,0
1380,mib5bbfj,,0,0,51,,,,0,,,0.0,1380,,0.0,,treatment,,,,,,,,,,,,,,,,,,,tmjewif2,,,,,0
1381,lvb9xnt6,,0,0,51,,,,0,,,0.0,1381,,0.0,,control,,,,,,,,,,,,,,,,,,,tmjewif2,,,,,0
1382,eqwd75ks,,0,0,51,,,,0,,,0.0,1382,,0.0,,treatment,,,,,,,,,,,,,,,,,,,tmjewif2,,,,,0
1383,a8otujcm,,0,0,51,,,,0,,,0.0,1383,,0.0,,treatment,,,,,,,,,,,,,,,,,,,tmjewif2,,,,,0
1384,68t4aiqq,,0,0,51,,,,0,,,0.0,1384,,0.0,,treatment,,,,,,,,,,,,,,,,,,,tmjewif2,,,,,0
1385,2ejhkxkp,,0,0,51,,,,0,,,0.0,1385,,0.0,,control,,,,,,,,,,,,,,,,,,,tmjewif2,,,,,0
1386,moodrnq9,,0,0,51,,,,0,,,0.0,1386,,0.0,,treatment,,,,,,,,,,,,,,,,,,,tmjewif2,,,,,0
1387,jui25e9z,,0,0,51,,,,0,,,0.0,1387,,0.0,,treatment,,,,,,,,,,,,,,,,,,,tmjewif2,,,,,0
1388,jqv8raa5,,0,0,51,,,,0,,,0.0,1388,,0.0,,treatment,,,,,,,,,,,,,,,,,,,tmjewif2,,,,,0
1389,mwb0l8ku,,0,0,51,,,,0,,,0.0,1389,,0.0,,control,,,,,,,,,,,,,,,,,,,tmjewif2,,,,,0
1390,wfjyc9uu,,0,0,51,,,,0,,,0.0,1390,,0.0,,treatment,,,,,,,,,,,,,,,,,,,tmjewif2,,,,,0
1391,fg4uyz8w,,0,0,51,,,,0,,,0.0,1391,,0.0,,treatment,,,,,,,,,,,,,,,,,,,tmjewif2,,,,,0
1392,sxso39x0,,0,0,51,,,,0,,,0.0,1392,,0.0,,treatment,,,,,,,,,,,,,,,,,,,tmjewif2,,,,,0
1393,kl7scsn5,,0,0,51,,,,0,,,0.0,1393,,0.0,,control,,,,,,,,,,,,,,,,,,,tmjewif2,,,,,0
1394,q6zp9zgp,,0,0,51,,,,0,,,0.0,1394,,0.0,,treatment,,,,,,,,,,,,,,,,,,,tmjewif2,,,,,0
1395,9niesx2c,,0,0,51,,,,0,,,0.0,1395,,0.0,,treatment,,,,,,,,,,,,,,,,,,,tmjewif2,,,,,0
1396,h1dnrb2b,,0,0,51,,,,0,,,0.0,1396,,0.0,,treatment,,,,,,,,,,,,,,,,,,,tmjewif2,,,,,0
1397,w5o1hk07,,0,0,51,,,,0,,,0.0,1397,,0.0,,control,,,,,,,,,,,,,,,,,,,tmjewif2,,,,,0
1398,lxpvzf3y,,0,0,51,,,,0,,,0.0,1398,,0.0,,treatment,,,,,,,,,,,,,,,,,,,tmjewif2,,,,,0
1399,0u7pisvx,,0,0,51,,,,0,,,0.0,1399,,0.0,,treatment,,,,,,,,,,,,,,,,,,,tmjewif2,,,,,0
1400,7lf6u1re,,0,0,51,,,,0,,,0.0,1400,,0.0,,treatment,,,,,,,,,,,,,,,,,,,tmjewif2,,,,,0
1401,mvqetfy3,,0,0,51,,,,0,,,0.0,1401,,0.0,,control,,,,,,,,,,,,,,,,,,,tmjewif2,,,,,0
1402,81875ebd,,0,0,51,,,,0,,,0.0,1402,,0.0,,treatment,,,,,,,,,,,,,,,,,,,tmjewif2,,,,,0
1403,4whzy59h,,0,0,51,,,,0,,,0.0,1403,,0.0,,treatment,,,,,,,,,,,,,,,,,,,tmjewif2,,,,,0
1404,xzooousu,,0,0,51,,,,0,,,0.0,1404,,0.0,,treatment,,,,,,,,,,,,,,,,,,,tmjewif2,,,,,0
1405,30wuopbg,,0,0,51,,,,0,,,0.0,1405,,0.0,,control,,,,,,,,,,,,,,,,,,,tmjewif2,,,,,0
1406,i09hxehv,,0,0,51,,,,0,,,0.0,1406,,0.0,,treatment,,,,,,,,,,,,,,,,,,,tmjewif2,,,,,0
1407,ae6uk5kv,,0,0,51,,,,0,,,0.0,1407,,0.0,,treatment,,,,,,,,,,,,,,,,,,,tmjewif2,,,,,0
1408,via2gz61,,0,0,51,,,,0,,,0.0,1408,,0.0,,treatment,,,,,,,,,,,,,,,,,,,tmjewif2,,,,,0
1409,95m6lvwc,,0,0,51,,,,0,,,0.0,1409,,0.0,,control,,,,,,,,,,,,,,,,,,,tmjewif2,,,,,0
1410,6tscg58k,,0,0,51,,,,0,,,0.0,1410,,0.0,,treatment,,,,,,,,,,,,,,,,,,,tmjewif2,,,,,0
1411,zzfuwued,,0,0,51,,,,0,,,0.0,1411,,0.0,,treatment,,,,,,,,,,,,,,,,,,,tmjewif2,,,,,0
1412,r9h4csoc,,0,0,51,,,,0,,,0.0,1412,,0.0,,treatment,,,,,,,,,,,,,,,,,,,tmjewif2,,,,,0
1413,wnxsxanv,,0,0,51,,,,0,,,0.0,1413,,0.0,,control,,,,,,,,,,,,,,,,,,,tmjewif2,,,,,0
1414,tdzckveo,,0,0,51,,,,0,,,0.0,1414,,0.0,,treatment,,,,,,,,,,,,,,,,,,,tmjewif2,,,,,0
1415,dul50iou,,0,0,51,,,,0,,,0.0,1415,,0.0,,treatment,,,,,,,,,,,,,,,,,,,tmjewif2,,,,,0
1416,cfvckstd,,0,0,51,,,,0,,,0.0,1416,,0.0,,treatment,,,,,,,,,,,,,,,,,,,tmjewif2,,,,,0
1417,09varypo,,0,0,51,,,,0,,,0.0,1417,,0.0,,control,,,,,,,,,,,,,,,,,,,tmjewif2,,,,,0
1418,8kzlz5qb,,0,0,51,,,,0,,,0.0,1418,,0.0,,treatment,,,,,,,,,,,,,,,,,,,tmjewif2,,,,,0
1419,ar37f6n6,,0,0,51,,,,0,,,0.0,1419,,0.0,,treatment,,,,,,,,,,,,,,,,,,,tmjewif2,,,,,0
1420,2o3v4nwr,,0,0,51,,,,0,,,0.0,1420,,0.0,,treatment,,,,,,,,,,,,,,,,,,,tmjewif2,,,,,0
1421,82dmg49h,,0,0,51,,,,0,,,0.0,1421,,0.0,,control,,,,,,,,,,,,,,,,,,,tmjewif2,,,,,0
1422,bvpkk016,,0,0,51,,,,0,,,0.0,1422,,0.0,,treatment,,,,,,,,,,,,,,,,,,,tmjewif2,,,,,0
1423,ay8efj34,,0,0,51,,,,0,,,0.0,1423,,0.0,,treatment,,,,,,,,,,,,,,,,,,,tmjewif2,,,,,0
1424,abptmgko,,0,0,51,,,,0,,,0.0,1424,,0.0,,treatment,,,,,,,,,,,,,,,,,,,tmjewif2,,,,,0
1425,1y6kglia,,0,0,51,,,,0,,,0.0,1425,,0.0,,control,,,,,,,,,,,,,,,,,,,tmjewif2,,,,,0
1426,yxrokya4,,0,0,51,,,,0,,,0.0,1426,,0.0,,treatment,,,,,,,,,,,,,,,,,,,tmjewif2,,,,,0
1427,o2gchslc,,0,0,51,,,,0,,,0.0,1427,,0.0,,treatment,,,,,,,,,,,,,,,,,,,tmjewif2,,,,,0
1428,mjhwrjuj,,0,0,51,,,,0,,,0.0,1428,,0.0,,treatment,,,,,,,,,,,,,,,,,,,tmjewif2,,,,,0
1429,x10o3vn9,,0,0,51,,,,0,,,0.0,1429,,0.0,,control,,,,,,,,,,,,,,,,,,,tmjewif2,,,,,0
1430,gmg55oyt,,0,0,51,,,,0,,,0.0,1430,,0.0,,treatment,,,,,,,,,,,,,,,,,,,tmjewif2,,,,,0
1431,8bmljnqw,,0,0,51,,,,0,,,0.0,1431,,0.0,,treatment,,,,,,,,,,,,,,,,,,,tmjewif2,,,,,0
1432,touprdny,,0,0,51,,,,0,,,0.0,1432,,0.0,,treatment,,,,,,,,,,,,,,,,,,,tmjewif2,,,,,0
1433,5cnv8h8z,,0,0,51,,,,0,,,0.0,1433,,0.0,,control,,,,,,,,,,,,,,,,,,,tmjewif2,,,,,0
1434,cunivodo,,0,0,51,,,,0,,,0.0,1434,,0.0,,treatment,,,,,,,,,,,,,,,,,,,tmjewif2,,,,,0
1435,hdp8dztv,,0,0,51,,,,0,,,0.0,1435,,0.0,,treatment,,,,,,,,,,,,,,,,,,,tmjewif2,,,,,0
1436,3os2g7mx,,0,0,51,,,,0,,,0.0,1436,,0.0,,treatment,,,,,,,,,,,,,,,,,,,tmjewif2,,,,,0
1437,t4ouubrt,,0,0,51,,,,0,,,0.0,1437,,0.0,,control,,,,,,,,,,,,,,,,,,,tmjewif2,,,,,0
1438,oq92n0zz,,0,0,51,,,,0,,,0.0,1438,,0.0,,treatment,,,,,,,,,,,,,,,,,,,tmjewif2,,,,,0
1439,k7myj2dq,,0,0,51,,,,0,,,0.0,1439,,0.0,,treatment,,,,,,,,,,,,,,,,,,,tmjewif2,,,,,0
1440,da50lh89,,0,0,51,,,,0,,,0.0,1440,,0.0,,treatment,,,,,,,,,,,,,,,,,,,tmjewif2,,,,,0
1441,i41mwaxj,,0,0,51,,,,0,,,0.0,1441,,0.0,,control,,,,,,,,,,,,,,,,,,,tmjewif2,,,,,0
1442,duvxa1ps,,0,0,51,,,,0,,,0.0,1442,,0.0,,treatment,,,,,,,,,,,,,,,,,,,tmjewif2,,,,,0
1443,8vazkxwv,,0,0,51,,,,0,,,0.0,1443,,0.0,,treatment,,,,,,,,,,,,,,,,,,,tmjewif2,,,,,0
1444,4di1e29c,,0,0,51,,,,0,,,0.0,1444,,0.0,,treatment,,,,,,,,,,,,,,,,,,,tmjewif2,,,,,0
1445,ry0puqvi,,0,0,51,,,,0,,,0.0,1445,,0.0,,control,,,,,,,,,,,,,,,,,,,tmjewif2,,,,,0
1446,n5vwgu5v,,0,0,51,,,,0,,,0.0,1446,,0.0,,treatment,,,,,,,,,,,,,,,,,,,tmjewif2,,,,,0
1447,jt8aa5g5,,0,0,51,,,,0,,,0.0,1447,,0.0,,treatment,,,,,,,,,,,,,,,,,,,tmjewif2,,,,,0
1448,nanx7xsf,,0,0,51,,,,0,,,0.0,1448,,0.0,,treatment,,,,,,,,,,,,,,,,,,,tmjewif2,,,,,0
1449,jl0q3y27,,0,0,51,,,,0,,,0.0,1449,,0.0,,control,,,,,,,,,,,,,,,,,,,tmjewif2,,,,,0
1450,8jwgikdx,,0,0,51,,,,0,,,0.0,1450,,0.0,,treatment,,,,,,,,,,,,,,,,,,,tmjewif2,,,,,0
1451,axllhg6i,,0,0,51,,,,0,,,0.0,1451,,0.0,,treatment,,,,,,,,,,,,,,,,,,,tmjewif2,,,,,0
1452,obn64o5o,,0,0,51,,,,0,,,0.0,1452,,0.0,,treatment,,,,,,,,,,,,,,,,,,,tmjewif2,,,,,0
1453,wbpwmszh,,0,0,51,,,,0,,,0.0,1453,,0.0,,control,,,,,,,,,,,,,,,,,,,tmjewif2,,,,,0
1454,nazbolp5,,0,0,51,,,,0,,,0.0,1454,,0.0,,treatment,,,,,,,,,,,,,,,,,,,tmjewif2,,,,,0
1455,9osi3azz,,0,0,51,,,,0,,,0.0,1455,,0.0,,treatment,,,,,,,,,,,,,,,,,,,tmjewif2,,,,,0
1456,acaza8la,,0,0,51,,,,0,,,0.0,1456,,0.0,,treatment,,,,,,,,,,,,,,,,,,,tmjewif2,,,,,0
1457,zsndhr5i,,0,0,51,,,,0,,,0.0,1457,,0.0,,control,,,,,,,,,,,,,,,,,,,tmjewif2,,,,,0
1458,uszmdx1e,,0,0,51,,,,0,,,0.0,1458,,0.0,,treatment,,,,,,,,,,,,,,,,,,,tmjewif2,,,,,0
1459,fbrox6f9,,0,0,51,,,,0,,,0.0,1459,,0.0,,treatment,,,,,,,,,,,,,,,,,,,tmjewif2,,,,,0
1460,7qgvgrey,,0,0,51,,,,0,,,0.0,1460,,0.0,,treatment,,,,,,,,,,,,,,,,,,,tmjewif2,,,,,0
1461,ff0vugrf,,0,0,51,,,,0,,,0.0,1461,,0.0,,control,,,,,,,,,,,,,,,,,,,tmjewif2,,,,,0
1462,fgga0cgh,,0,0,51,,,,0,,,0.0,1462,,0.0,,treatment,,,,,,,,,,,,,,,,,,,tmjewif2,,,,,0
1463,894bkgv4,,0,0,51,,,,0,,,0.0,1463,,0.0,,treatment,,,,,,,,,,,,,,,,,,,tmjewif2,,,,,0
1464,86x2wsi0,,0,0,51,,,,0,,,0.0,1464,,0.0,,treatment,,,,,,,,,,,,,,,,,,,tmjewif2,,,,,0
1465,088nmee6,,0,0,51,,,,0,,,0.0,1465,,0.0,,control,,,,,,,,,,,,,,,,,,,tmjewif2,,,,,0
1466,g12zpds4,,0,0,51,,,,0,,,0.0,1466,,0.0,,treatment,,,,,,,,,,,,,,,,,,,tmjewif2,,,,,0
1467,3ekofqjq,,0,0,51,,,,0,,,0.0,1467,,0.0,,treatment,,,,,,,,,,,,,,,,,,,tmjewif2,,,,,0
1468,hogwfowb,,0,0,51,,,,0,,,0.0,1468,,0.0,,treatment,,,,,,,,,,,,,,,,,,,tmjewif2,,,,,0
1469,7ixld6bl,,0,0,51,,,,0,,,0.0,1469,,0.0,,control,,,,,,,,,,,,,,,,,,,tmjewif2,,,,,0
1470,zh7dlobk,,0,0,51,,,,0,,,0.0,1470,,0.0,,treatment,,,,,,,,,,,,,,,,,,,tmjewif2,,,,,0
1471,1sguidzo,,0,0,51,,,,0,,,0.0,1471,,0.0,,treatment,,,,,,,,,,,,,,,,,,,tmjewif2,,,,,0
1472,vinejecu,,0,0,51,,,,0,,,0.0,1472,,0.0,,treatment,,,,,,,,,,,,,,,,,,,tmjewif2,,,,,0
1473,1vniewq7,,0,0,51,,,,0,,,0.0,1473,,0.0,,control,,,,,,,,,,,,,,,,,,,tmjewif2,,,,,0
1474,mjy39klj,,0,0,51,,,,0,,,0.0,1474,,0.0,,treatment,,,,,,,,,,,,,,,,,,,tmjewif2,,,,,0
1475,3azajqd0,,0,0,51,,,,0,,,0.0,1475,,0.0,,treatment,,,,,,,,,,,,,,,,,,,tmjewif2,,,,,0
1476,vryx8ejk,,0,0,51,,,,0,,,0.0,1476,,0.0,,treatment,,,,,,,,,,,,,,,,,,,tmjewif2,,,,,0
1477,e47fykf2,,0,0,51,,,,0,,,0.0,1477,,0.0,,control,,,,,,,,,,,,,,,,,,,tmjewif2,,,,,0
1478,5aztgu1s,,0,0,51,,,,0,,,0.0,1478,,0.0,,treatment,,,,,,,,,,,,,,,,,,,tmjewif2,,,,,0
1479,wsawpley,,0,0,51,,,,0,,,0.0,1479,,0.0,,treatment,,,,,,,,,,,,,,,,,,,tmjewif2,,,,,0
1480,mf1o5sfd,,0,0,51,,,,0,,,0.0,1480,,0.0,,treatment,,,,,,,,,,,,,,,,,,,tmjewif2,,,,,0
1481,lp9gwiej,,0,0,51,,,,0,,,0.0,1481,,0.0,,control,,,,,,,,,,,,,,,,,,,tmjewif2,,,,,0
1482,wbaatz3q,,0,0,51,,,,0,,,0.0,1482,,0.0,,treatment,,,,,,,,,,,,,,,,,,,tmjewif2,,,,,0
1483,wm7z6xj4,,0,0,51,,,,0,,,0.0,1483,,0.0,,treatment,,,,,,,,,,,,,,,,,,,tmjewif2,,,,,0
1484,if2lnho7,,0,0,51,,,,0,,,0.0,1484,,0.0,,treatment,,,,,,,,,,,,,,,,,,,tmjewif2,,,,,0
1485,m2qwwjyg,,0,0,51,,,,0,,,0.0,1485,,0.0,,control,,,,,,,,,,,,,,,,,,,tmjewif2,,,,,0
1486,317dm6kx,,0,0,51,,,,0,,,0.0,1486,,0.0,,treatment,,,,,,,,,,,,,,,,,,,tmjewif2,,,,,0
1487,csiffqct,,0,0,51,,,,0,,,0.0,1487,,0.0,,treatment,,,,,,,,,,,,,,,,,,,tmjewif2,,,,,0
1488,wtn86j7e,,0,0,51,,,,0,,,0.0,1488,,0.0,,treatment,,,,,,,,,,,,,,,,,,,tmjewif2,,,,,0
1489,oqjb89u6,,0,0,51,,,,0,,,0.0,1489,,0.0,,control,,,,,,,,,,,,,,,,,,,tmjewif2,,,,,0
1490,qr3gcf7i,,0,0,51,,,,0,,,0.0,1490,,0.0,,treatment,,,,,,,,,,,,,,,,,,,tmjewif2,,,,,0
1491,sk8v3dn7,,0,0,51,,,,0,,,0.0,1491,,0.0,,treatment,,,,,,,,,,,,,,,,,,,tmjewif2,,,,,0
1492,l1snkyk2,,0,0,51,,,,0,,,0.0,1492,,0.0,,treatment,,,,,,,,,,,,,,,,,,,tmjewif2,,,,,0
1493,fk1rfxpa,,0,0,51,,,,0,,,0.0,1493,,0.0,,control,,,,,,,,,,,,,,,,,,,tmjewif2,,,,,0
1494,me8tt4mg,,0,0,51,,,,0,,,0.0,1494,,0.0,,treatment,,,,,,,,,,,,,,,,,,,tmjewif2,,,,,0
1495,9mi1cz15,,0,0,51,,,,0,,,0.0,1495,,0.0,,treatment,,,,,,,,,,,,,,,,,,,tmjewif2,,,,,0
1496,188ykysj,,0,0,51,,,,0,,,0.0,1496,,0.0,,treatment,,,,,,,,,,,,,,,,,,,tmjewif2,,,,,0
1497,7erfzhh3,,0,0,51,,,,0,,,0.0,1497,,0.0,,control,,,,,,,,,,,,,,,,,,,tmjewif2,,,,,0
1498,bnp80ofs,,0,0,51,,,,0,,,0.0,1498,,0.0,,treatment,,,,,,,,,,,,,,,,,,,tmjewif2,,,,,0
1499,2iv0za09,,0,0,51,,,,0,,,0.0,1499,,0.0,,treatment,,,,,,,,,,,,,,,,,,,tmjewif2,,,,,0
1500,pwkpw9ab,,0,0,51,,,,0,,,0.0,1500,,0.0,,treatment,,,,,,,,,,,,,,,,,,,tmjewif2,,,,,0
1501,d0kylgpg,,0,0,51,,,,0,,,0.0,1501,,0.0,,control,,,,,,,,,,,,,,,,,,,tmjewif2,,,,,0
1502,zmikfkxm,,0,0,51,,,,0,,,0.0,1502,,0.0,,treatment,,,,,,,,,,,,,,,,,,,tmjewif2,,,,,0
1503,ev5r5lqq,,0,0,51,,,,0,,,0.0,1503,,0.0,,treatment,,,,,,,,,,,,,,,,,,,tmjewif2,,,,,0
1504,xkql1xji,,0,0,51,,,,0,,,0.0,1504,,0.0,,treatment,,,,,,,,,,,,,,,,,,,tmjewif2,,,,,0
1505,8b7u5e44,,0,0,51,,,,0,,,0.0,1505,,0.0,,control,,,,,,,,,,,,,,,,,,,tmjewif2,,,,,0
1506,ywjkvnu2,,0,0,51,,,,0,,,0.0,1506,,0.0,,treatment,,,,,,,,,,,,,,,,,,,tmjewif2,,,,,0
1507,dcryqo0p,,0,0,51,,,,0,,,0.0,1507,,0.0,,treatment,,,,,,,,,,,,,,,,,,,tmjewif2,,,,,0
1508,uqut83qi,,0,0,51,,,,0,,,0.0,1508,,0.0,,treatment,,,,,,,,,,,,,,,,,,,tmjewif2,,,,,0
1509,jv5q54cn,,0,0,51,,,,0,,,0.0,1509,,0.0,,control,,,,,,,,,,,,,,,,,,,tmjewif2,,,,,0
1510,4o8oldfy,,0,0,51,,,,0,,,0.0,1510,,0.0,,treatment,,,,,,,,,,,,,,,,,,,tmjewif2,,,,,0
1511,szbjrne3,,0,0,51,,,,0,,,0.0,1511,,0.0,,treatment,,,,,,,,,,,,,,,,,,,tmjewif2,,,,,0
1512,8xqwkv6c,,0,0,51,,,,0,,,0.0,1512,,0.0,,treatment,,,,,,,,,,,,,,,,,,,tmjewif2,,,,,0
1513,d29ki5nq,,0,0,51,,,,0,,,0.0,1513,,0.0,,control,,,,,,,,,,,,,,,,,,,tmjewif2,,,,,0
1514,y2vcs4oz,,0,0,51,,,,0,,,0.0,1514,,0.0,,treatment,,,,,,,,,,,,,,,,,,,tmjewif2,,,,,0
1515,m3zn21n8,,0,0,51,,,,0,,,0.0,1515,,0.0,,treatment,,,,,,,,,,,,,,,,,,,tmjewif2,,,,,0
1516,v2y5e8ww,,0,0,51,,,,0,,,0.0,1516,,0.0,,treatment,,,,,,,,,,,,,,,,,,,tmjewif2,,,,,0
1517,biqtnsiv,,0,0,51,,,,0,,,0.0,1517,,0.0,,control,,,,,,,,,,,,,,,,,,,tmjewif2,,,,,0
1518,r9icbe83,,0,0,51,,,,0,,,0.0,1518,,0.0,,treatment,,,,,,,,,,,,,,,,,,,tmjewif2,,,,,0
1519,dceihsij,,0,0,51,,,,0,,,0.0,1519,,0.0,,treatment,,,,,,,,,,,,,,,,,,,tmjewif2,,,,,0
1520,t00nalsc,,0,0,51,,,,0,,,0.0,1520,,0.0,,treatment,,,,,,,,,,,,,,,,,,,tmjewif2,,,,,0
1521,s5hhf1y8,,0,0,51,,,,0,,,0.0,1521,,0.0,,control,,,,,,,,,,,,,,,,,,,tmjewif2,,,,,0
1522,yf43slxd,,0,0,51,,,,0,,,0.0,1522,,0.0,,treatment,,,,,,,,,,,,,,,,,,,tmjewif2,,,,,0
1523,qadnvhqn,,0,0,51,,,,0,,,0.0,1523,,0.0,,treatment,,,,,,,,,,,,,,,,,,,tmjewif2,,,,,0
1524,rcawwf80,,0,0,51,,,,0,,,0.0,1524,,0.0,,treatment,,,,,,,,,,,,,,,,,,,tmjewif2,,,,,0
1525,bgxym9f6,,0,0,51,,,,0,,,0.0,1525,,0.0,,control,,,,,,,,,,,,,,,,,,,tmjewif2,,,,,0
1526,5zxbmozz,,0,0,51,,,,0,,,0.0,1526,,0.0,,treatment,,,,,,,,,,,,,,,,,,,tmjewif2,,,,,0
1527,gpr5vii1,,0,0,51,,,,0,,,0.0,1527,,0.0,,treatment,,,,,,,,,,,,,,,,,,,tmjewif2,,,,,0
1528,cobnwm5h,,0,0,51,,,,0,,,0.0,1528,,0.0,,treatment,,,,,,,,,,,,,,,,,,,tmjewif2,,,,,0
1529,5vbena2w,,0,0,51,,,,0,,,0.0,1529,,0.0,,control,,,,,,,,,,,,,,,,,,,tmjewif2,,,,,0
1530,l8wwwspy,,0,0,51,,,,0,,,0.0,1530,,0.0,,treatment,,,,,,,,,,,,,,,,,,,tmjewif2,,,,,0
1531,xtdhr1bv,,0,0,51,,,,0,,,0.0,1531,,0.0,,treatment,,,,,,,,,,,,,,,,,,,tmjewif2,,,,,0
1532,skfj4le2,,0,0,51,,,,0,,,0.0,1532,,0.0,,treatment,,,,,,,,,,,,,,,,,,,tmjewif2,,,,,0
1533,3trou91x,,0,0,51,,,,0,,,0.0,1533,,0.0,,control,,,,,,,,,,,,,,,,,,,tmjewif2,,,,,0
1534,06tfrar9,,0,0,51,,,,0,,,0.0,1534,,0.0,,treatment,,,,,,,,,,,,,,,,,,,tmjewif2,,,,,0
1535,rzdic2zw,,0,0,51,,,,0,,,0.0,1535,,0.0,,treatment,,,,,,,,,,,,,,,,,,,tmjewif2,,,,,0
1536,2296ox3j,,0,0,51,,,,0,,,0.0,1536,,0.0,,treatment,,,,,,,,,,,,,,,,,,,tmjewif2,,,,,0
1537,7htpxjsx,,0,0,51,,,,0,,,0.0,1537,,0.0,,control,,,,,,,,,,,,,,,,,,,tmjewif2,,,,,0
1538,a9gguhye,,0,0,51,,,,0,,,0.0,1538,,0.0,,treatment,,,,,,,,,,,,,,,,,,,tmjewif2,,,,,0
1539,68labknp,,0,0,51,,,,0,,,0.0,1539,,0.0,,treatment,,,,,,,,,,,,,,,,,,,tmjewif2,,,,,0
1540,yz6f508u,,0,0,51,,,,0,,,0.0,1540,,0.0,,treatment,,,,,,,,,,,,,,,,,,,tmjewif2,,,,,0
1541,t3iomh3r,,0,0,51,,,,0,,,0.0,1541,,0.0,,control,,,,,,,,,,,,,,,,,,,tmjewif2,,,,,0
1542,30c8odi9,,0,0,51,,,,0,,,0.0,1542,,0.0,,treatment,,,,,,,,,,,,,,,,,,,tmjewif2,,,,,0
1543,gfoda1ro,,0,0,51,,,,0,,,0.0,1543,,0.0,,treatment,,,,,,,,,,,,,,,,,,,tmjewif2,,,,,0
1544,ootgt9h4,,0,0,51,,,,0,,,0.0,1544,,0.0,,treatment,,,,,,,,,,,,,,,,,,,tmjewif2,,,,,0
1545,nsnu73f1,,0,0,51,,,,0,,,0.0,1545,,0.0,,control,,,,,,,,,,,,,,,,,,,tmjewif2,,,,,0
1546,3wqu6jpf,,0,0,51,,,,0,,,0.0,1546,,0.0,,treatment,,,,,,,,,,,,,,,,,,,tmjewif2,,,,,0
1547,gphpub9a,,0,0,51,,,,0,,,0.0,1547,,0.0,,treatment,,,,,,,,,,,,,,,,,,,tmjewif2,,,,,0
1548,zqhhpfpq,,0,0,51,,,,0,,,0.0,1548,,0.0,,treatment,,,,,,,,,,,,,,,,,,,tmjewif2,,,,,0
1549,bkah7hvn,,0,0,51,,,,0,,,0.0,1549,,0.0,,control,,,,,,,,,,,,,,,,,,,tmjewif2,,,,,0
1550,awodtibk,,0,0,51,,,,0,,,0.0,1550,,0.0,,treatment,,,,,,,,,,,,,,,,,,,tmjewif2,,,,,0
1551,am7poy56,,0,0,51,,,,0,,,0.0,1551,,0.0,,treatment,,,,,,,,,,,,,,,,,,,tmjewif2,,,,,0
1552,4izi3yh7,,0,0,51,,,,0,,,0.0,1552,,0.0,,treatment,,,,,,,,,,,,,,,,,,,tmjewif2,,,,,0
1553,v62iwm3g,,0,0,51,,,,0,,,0.0,1553,,0.0,,control,,,,,,,,,,,,,,,,,,,tmjewif2,,,,,0
1554,dz56okjz,,0,0,51,,,,0,,,0.0,1554,,0.0,,treatment,,,,,,,,,,,,,,,,,,,tmjewif2,,,,,0
1555,ia6a09fu,,0,0,51,,,,0,,,0.0,1555,,0.0,,treatment,,,,,,,,,,,,,,,,,,,tmjewif2,,,,,0
1556,76u9drdx,,0,0,51,,,,0,,,0.0,1556,,0.0,,treatment,,,,,,,,,,,,,,,,,,,tmjewif2,,,,,0
1557,umvt2lex,,0,0,51,,,,0,,,0.0,1557,,0.0,,control,,,,,,,,,,,,,,,,,,,tmjewif2,,,,,0
1558,y62234ev,,0,0,51,,,,0,,,0.0,1558,,0.0,,treatment,,,,,,,,,,,,,,,,,,,tmjewif2,,,,,0
1559,vka2p54r,,0,0,51,,,,0,,,0.0,1559,,0.0,,treatment,,,,,,,,,,,,,,,,,,,tmjewif2,,,,,0
1560,fr0dnehq,,0,0,51,,,,0,,,0.0,1560,,0.0,,treatment,,,,,,,,,,,,,,,,,,,tmjewif2,,,,,0
1561,bsml9kzk,,0,0,51,,,,0,,,0.0,1561,,0.0,,control,,,,,,,,,,,,,,,,,,,tmjewif2,,,,,0
1562,uc4c7qb8,,0,0,51,,,,0,,,0.0,1562,,0.0,,treatment,,,,,,,,,,,,,,,,,,,tmjewif2,,,,,0
1563,onrolr2m,,0,0,51,,,,0,,,0.0,1563,,0.0,,treatment,,,,,,,,,,,,,,,,,,,tmjewif2,,,,,0
1564,kkvq9u8s,,0,0,51,,,,0,,,0.0,1564,,0.0,,treatment,,,,,,,,,,,,,,,,,,,tmjewif2,,,,,0
1565,khbx5hg9,,0,0,51,,,,0,,,0.0,1565,,0.0,,control,,,,,,,,,,,,,,,,,,,tmjewif2,,,,,0
1566,bfrdzcge,,0,0,51,,,,0,,,0.0,1566,,0.0,,treatment,,,,,,,,,,,,,,,,,,,tmjewif2,,,,,0
1567,5c328pci,,0,0,51,,,,0,,,0.0,1567,,0.0,,treatment,,,,,,,,,,,,,,,,,,,tmjewif2,,,,,0
1568,mirs8bkg,,0,0,51,,,,0,,,0.0,1568,,0.0,,treatment,,,,,,,,,,,,,,,,,,,tmjewif2,,,,,0
1569,uloju67m,,0,0,51,,,,0,,,0.0,1569,,0.0,,control,,,,,,,,,,,,,,,,,,,tmjewif2,,,,,0
1570,1icpdlq3,,0,0,51,,,,0,,,0.0,1570,,0.0,,treatment,,,,,,,,,,,,,,,,,,,tmjewif2,,,,,0
1571,m6b7z8bu,,0,0,51,,,,0,,,0.0,1571,,0.0,,treatment,,,,,,,,,,,,,,,,,,,tmjewif2,,,,,0
1572,hcga0p29,,0,0,51,,,,0,,,0.0,1572,,0.0,,treatment,,,,,,,,,,,,,,,,,,,tmjewif2,,,,,0
1573,l1w4nz70,,0,0,51,,,,0,,,0.0,1573,,0.0,,control,,,,,,,,,,,,,,,,,,,tmjewif2,,,,,0
1574,zfnuenon,,0,0,51,,,,0,,,0.0,1574,,0.0,,treatment,,,,,,,,,,,,,,,,,,,tmjewif2,,,,,0
1575,6ou05x0k,,0,0,51,,,,0,,,0.0,1575,,0.0,,treatment,,,,,,,,,,,,,,,,,,,tmjewif2,,,,,0
1576,mlggtzfb,,0,0,51,,,,0,,,0.0,1576,,0.0,,treatment,,,,,,,,,,,,,,,,,,,tmjewif2,,,,,0
1577,llui83n6,,0,0,51,,,,0,,,0.0,1577,,0.0,,control,,,,,,,,,,,,,,,,,,,tmjewif2,,,,,0
1578,8j381y8l,,0,0,51,,,,0,,,0.0,1578,,0.0,,treatment,,,,,,,,,,,,,,,,,,,tmjewif2,,,,,0
1579,608i5m59,,0,0,51,,,,0,,,0.0,1579,,0.0,,treatment,,,,,,,,,,,,,,,,,,,tmjewif2,,,,,0
1580,3wv7c6jt,,0,0,51,,,,0,,,0.0,1580,,0.0,,treatment,,,,,,,,,,,,,,,,,,,tmjewif2,,,,,0
1581,i36boa1d,,0,0,51,,,,0,,,0.0,1581,,0.0,,control,,,,,,,,,,,,,,,,,,,tmjewif2,,,,,0
1582,jiv507zj,,0,0,51,,,,0,,,0.0,1582,,0.0,,treatment,,,,,,,,,,,,,,,,,,,tmjewif2,,,,,0
1583,2klg4jk6,,0,0,51,,,,0,,,0.0,1583,,0.0,,treatment,,,,,,,,,,,,,,,,,,,tmjewif2,,,,,0
1584,c4lgw1av,,0,0,51,,,,0,,,0.0,1584,,0.0,,treatment,,,,,,,,,,,,,,,,,,,tmjewif2,,,,,0
1585,l9j275lv,,0,0,51,,,,0,,,0.0,1585,,0.0,,control,,,,,,,,,,,,,,,,,,,tmjewif2,,,,,0
1586,gzppppx5,,0,0,51,,,,0,,,0.0,1586,,0.0,,treatment,,,,,,,,,,,,,,,,,,,tmjewif2,,,,,0
1587,r5lvce04,,0,0,51,,,,0,,,0.0,1587,,0.0,,treatment,,,,,,,,,,,,,,,,,,,tmjewif2,,,,,0
1588,akceuk5w,,0,0,51,,,,0,,,0.0,1588,,0.0,,treatment,,,,,,,,,,,,,,,,,,,tmjewif2,,,,,0
1589,3o7t0eym,,0,0,51,,,,0,,,0.0,1589,,0.0,,control,,,,,,,,,,,,,,,,,,,tmjewif2,,,,,0
1590,9zze05an,,0,0,51,,,,0,,,0.0,1590,,0.0,,treatment,,,,,,,,,,,,,,,,,,,tmjewif2,,,,,0
1591,ywewwfc5,,0,0,51,,,,0,,,0.0,1591,,0.0,,treatment,,,,,,,,,,,,,,,,,,,tmjewif2,,,,,0
1592,i1i0ws5v,,0,0,51,,,,0,,,0.0,1592,,0.0,,treatment,,,,,,,,,,,,,,,,,,,tmjewif2,,,,,0
1593,e5arls0l,,0,0,51,,,,0,,,0.0,1593,,0.0,,control,,,,,,,,,,,,,,,,,,,tmjewif2,,,,,0
1594,9wdnoqzp,,0,0,51,,,,0,,,0.0,1594,,0.0,,treatment,,,,,,,,,,,,,,,,,,,tmjewif2,,,,,0
1595,3zunu19h,,0,0,51,,,,0,,,0.0,1595,,0.0,,treatment,,,,,,,,,,,,,,,,,,,tmjewif2,,,,,0
1596,zud9zmch,,0,0,51,,,,0,,,0.0,1596,,0.0,,treatment,,,,,,,,,,,,,,,,,,,tmjewif2,,,,,0
1597,gr2cwxuf,,0,0,51,,,,0,,,0.0,1597,,0.0,,control,,,,,,,,,,,,,,,,,,,tmjewif2,,,,,0
1598,l7vnc4ee,,0,0,51,,,,0,,,0.0,1598,,0.0,,treatment,,,,,,,,,,,,,,,,,,,tmjewif2,,,,,0
1599,7xvf6fyw,,0,0,51,,,,0,,,0.0,1599,,0.0,,treatment,,,,,,,,,,,,,,,,,,,tmjewif2,,,,,0
1600,vvrbiqt2,,0,0,51,,,,0,,,0.0,1600,,0.0,,treatment,,,,,,,,,,,,,,,,,,,tmjewif2,,,,,0
1601,n6t35afa,,0,0,51,,,,0,,,0.0,1601,,0.0,,control,,,,,,,,,,,,,,,,,,,tmjewif2,,,,,0
1602,5pavdtin,,0,0,51,,,,0,,,0.0,1602,,0.0,,treatment,,,,,,,,,,,,,,,,,,,tmjewif2,,,,,0
1603,nzzr20cf,,0,0,51,,,,0,,,0.0,1603,,0.0,,treatment,,,,,,,,,,,,,,,,,,,tmjewif2,,,,,0
1604,7molnu2r,,0,0,51,,,,0,,,0.0,1604,,0.0,,treatment,,,,,,,,,,,,,,,,,,,tmjewif2,,,,,0
1605,xg45xuep,,0,0,51,,,,0,,,0.0,1605,,0.0,,control,,,,,,,,,,,,,,,,,,,tmjewif2,,,,,0
1606,2xwsooke,,0,0,51,,,,0,,,0.0,1606,,0.0,,treatment,,,,,,,,,,,,,,,,,,,tmjewif2,,,,,0
1607,caqxad61,,0,0,51,,,,0,,,0.0,1607,,0.0,,treatment,,,,,,,,,,,,,,,,,,,tmjewif2,,,,,0
1608,71zxyohz,,0,0,51,,,,0,,,0.0,1608,,0.0,,treatment,,,,,,,,,,,,,,,,,,,tmjewif2,,,,,0
1609,hzp7wvnb,,0,0,51,,,,0,,,0.0,1609,,0.0,,control,,,,,,,,,,,,,,,,,,,tmjewif2,,,,,0
1610,ad7urw33,,0,0,51,,,,0,,,0.0,1610,,0.0,,treatment,,,,,,,,,,,,,,,,,,,tmjewif2,,,,,0
1611,e0ddpzfu,,0,0,51,,,,0,,,0.0,1611,,0.0,,treatment,,,,,,,,,,,,,,,,,,,tmjewif2,,,,,0
1612,leuep8ov,,0,0,51,,,,0,,,0.0,1612,,0.0,,treatment,,,,,,,,,,,,,,,,,,,tmjewif2,,,,,0
1613,fo7yacwx,,0,0,51,,,,0,,,0.0,1613,,0.0,,control,,,,,,,,,,,,,,,,,,,tmjewif2,,,,,0
1614,p04xyc0a,,0,0,51,,,,0,,,0.0,1614,,0.0,,treatment,,,,,,,,,,,,,,,,,,,tmjewif2,,,,,0
1615,99f00ms7,,0,0,51,,,,0,,,0.0,1615,,0.0,,treatment,,,,,,,,,,,,,,,,,,,tmjewif2,,,,,0
1616,wn8irky3,,0,0,51,,,,0,,,0.0,1616,,0.0,,treatment,,,,,,,,,,,,,,,,,,,tmjewif2,,,,,0
1617,ak2cw6oo,,0,0,51,,,,0,,,0.0,1617,,0.0,,control,,,,,,,,,,,,,,,,,,,tmjewif2,,,,,0
1618,fciofc6v,,0,0,51,,,,0,,,0.0,1618,,0.0,,treatment,,,,,,,,,,,,,,,,,,,tmjewif2,,,,,0
1619,7fqm95xj,,0,0,51,,,,0,,,0.0,1619,,0.0,,treatment,,,,,,,,,,,,,,,,,,,tmjewif2,,,,,0
1620,z4alyz0o,,0,0,51,,,,0,,,0.0,1620,,0.0,,treatment,,,,,,,,,,,,,,,,,,,tmjewif2,,,,,0
1621,py1pgzmp,,0,0,51,,,,0,,,0.0,1621,,0.0,,control,,,,,,,,,,,,,,,,,,,tmjewif2,,,,,0
1622,s2njze8s,,0,0,51,,,,0,,,0.0,1622,,0.0,,treatment,,,,,,,,,,,,,,,,,,,tmjewif2,,,,,0
1623,vpuuazg8,,0,0,51,,,,0,,,0.0,1623,,0.0,,treatment,,,,,,,,,,,,,,,,,,,tmjewif2,,,,,0
1624,rh4r7erc,,0,0,51,,,,0,,,0.0,1624,,0.0,,treatment,,,,,,,,,,,,,,,,,,,tmjewif2,,,,,0
1625,yialixq4,,0,0,51,,,,0,,,0.0,1625,,0.0,,control,,,,,,,,,,,,,,,,,,,tmjewif2,,,,,0
1626,t8op5u94,,0,0,51,,,,0,,,0.0,1626,,0.0,,treatment,,,,,,,,,,,,,,,,,,,tmjewif2,,,,,0
1627,bf3whonc,,0,0,51,,,,0,,,0.0,1627,,0.0,,treatment,,,,,,,,,,,,,,,,,,,tmjewif2,,,,,0
1628,t6hg1ajp,,0,0,51,,,,0,,,0.0,1628,,0.0,,treatment,,,,,,,,,,,,,,,,,,,tmjewif2,,,,,0
1629,con640h6,,0,0,51,,,,0,,,0.0,1629,,0.0,,control,,,,,,,,,,,,,,,,,,,tmjewif2,,,,,0
1630,ek6rd2i7,,0,0,51,,,,0,,,0.0,1630,,0.0,,treatment,,,,,,,,,,,,,,,,,,,tmjewif2,,,,,0
1631,gfd36b1t,,0,0,51,,,,0,,,0.0,1631,,0.0,,treatment,,,,,,,,,,,,,,,,,,,tmjewif2,,,,,0
1632,5sv0nnb2,,0,0,51,,,,0,,,0.0,1632,,0.0,,treatment,,,,,,,,,,,,,,,,,,,tmjewif2,,,,,0
1633,1snps78x,,0,0,51,,,,0,,,0.0,1633,,0.0,,control,,,,,,,,,,,,,,,,,,,tmjewif2,,,,,0
1634,b9vn4nkz,,0,0,51,,,,0,,,0.0,1634,,0.0,,treatment,,,,,,,,,,,,,,,,,,,tmjewif2,,,,,0
1635,n8ji88ih,,0,0,51,,,,0,,,0.0,1635,,0.0,,treatment,,,,,,,,,,,,,,,,,,,tmjewif2,,,,,0
1636,4eodvewz,,0,0,51,,,,0,,,0.0,1636,,0.0,,treatment,,,,,,,,,,,,,,,,,,,tmjewif2,,,,,0
1637,bm0jjp55,,0,0,51,,,,0,,,0.0,1637,,0.0,,control,,,,,,,,,,,,,,,,,,,tmjewif2,,,,,0
1638,253f4ky2,,0,0,51,,,,0,,,0.0,1638,,0.0,,treatment,,,,,,,,,,,,,,,,,,,tmjewif2,,,,,0
1639,pjbhrga2,,0,0,51,,,,0,,,0.0,1639,,0.0,,treatment,,,,,,,,,,,,,,,,,,,tmjewif2,,,,,0
1640,sxt1bpie,,0,0,51,,,,0,,,0.0,1640,,0.0,,treatment,,,,,,,,,,,,,,,,,,,tmjewif2,,,,,0
1641,j9zf4zdl,,0,0,51,,,,0,,,0.0,1641,,0.0,,control,,,,,,,,,,,,,,,,,,,tmjewif2,,,,,0
1642,bnid37hq,,0,0,51,,,,0,,,0.0,1642,,0.0,,treatment,,,,,,,,,,,,,,,,,,,tmjewif2,,,,,0
1643,222o9koy,,0,0,51,,,,0,,,0.0,1643,,0.0,,treatment,,,,,,,,,,,,,,,,,,,tmjewif2,,,,,0
1644,woymbial,,0,0,51,,,,0,,,0.0,1644,,0.0,,treatment,,,,,,,,,,,,,,,,,,,tmjewif2,,,,,0
1645,p77uuqux,,0,0,51,,,,0,,,0.0,1645,,0.0,,control,,,,,,,,,,,,,,,,,,,tmjewif2,,,,,0
1646,kq7lsu5s,,0,0,51,,,,0,,,0.0,1646,,0.0,,treatment,,,,,,,,,,,,,,,,,,,tmjewif2,,,,,0
1647,82jp7zmk,,0,0,51,,,,0,,,0.0,1647,,0.0,,treatment,,,,,,,,,,,,,,,,,,,tmjewif2,,,,,0
1648,47dhn5th,,0,0,51,,,,0,,,0.0,1648,,0.0,,treatment,,,,,,,,,,,,,,,,,,,tmjewif2,,,,,0
1649,as7ftjmh,,0,0,51,,,,0,,,0.0,1649,,0.0,,control,,,,,,,,,,,,,,,,,,,tmjewif2,,,,,0
1650,bzpgkjpw,,0,0,51,,,,0,,,0.0,1650,,0.0,,treatment,,,,,,,,,,,,,,,,,,,tmjewif2,,,,,0
1651,s38lqpgq,,0,0,51,,,,0,,,0.0,1651,,0.0,,treatment,,,,,,,,,,,,,,,,,,,tmjewif2,,,,,0
1652,4hv5d836,,0,0,51,,,,0,,,0.0,1652,,0.0,,treatment,,,,,,,,,,,,,,,,,,,tmjewif2,,,,,0
1653,hhwavo8f,,0,0,51,,,,0,,,0.0,1653,,0.0,,control,,,,,,,,,,,,,,,,,,,tmjewif2,,,,,0
1654,93mk7bsy,,0,0,51,,,,0,,,0.0,1654,,0.0,,treatment,,,,,,,,,,,,,,,,,,,tmjewif2,,,,,0
1655,9z860vbh,,0,0,51,,,,0,,,0.0,1655,,0.0,,treatment,,,,,,,,,,,,,,,,,,,tmjewif2,,,,,0
1656,vh7rxsdk,,0,0,51,,,,0,,,0.0,1656,,0.0,,treatment,,,,,,,,,,,,,,,,,,,tmjewif2,,,,,0
1657,3ew79pvd,,0,0,51,,,,0,,,0.0,1657,,0.0,,control,,,,,,,,,,,,,,,,,,,tmjewif2,,,,,0
1658,689jz0ow,,0,0,51,,,,0,,,0.0,1658,,0.0,,treatment,,,,,,,,,,,,,,,,,,,tmjewif2,,,,,0
1659,k3n59q5i,,0,0,51,,,,0,,,0.0,1659,,0.0,,treatment,,,,,,,,,,,,,,,,,,,tmjewif2,,,,,0
1660,q4smiald,,0,0,51,,,,0,,,0.0,1660,,0.0,,treatment,,,,,,,,,,,,,,,,,,,tmjewif2,,,,,0
1661,yqspm2dx,,0,0,51,,,,0,,,0.0,1661,,0.0,,control,,,,,,,,,,,,,,,,,,,tmjewif2,,,,,0
1662,r4dyb93f,,0,0,51,,,,0,,,0.0,1662,,0.0,,treatment,,,,,,,,,,,,,,,,,,,tmjewif2,,,,,0
1663,wrdb4zzm,,0,0,51,,,,0,,,0.0,1663,,0.0,,treatment,,,,,,,,,,,,,,,,,,,tmjewif2,,,,,0
1664,ad1enl5l,,0,0,51,,,,0,,,0.0,1664,,0.0,,treatment,,,,,,,,,,,,,,,,,,,tmjewif2,,,,,0
1665,x6rk996w,,0,0,51,,,,0,,,0.0,1665,,0.0,,control,,,,,,,,,,,,,,,,,,,tmjewif2,,,,,0
1666,pepx0zzp,,0,0,51,,,,0,,,0.0,1666,,0.0,,treatment,,,,,,,,,,,,,,,,,,,tmjewif2,,,,,0
1667,dyv5vjes,,0,0,51,,,,0,,,0.0,1667,,0.0,,treatment,,,,,,,,,,,,,,,,,,,tmjewif2,,,,,0
1668,rweyzvrv,,0,0,51,,,,0,,,0.0,1668,,0.0,,treatment,,,,,,,,,,,,,,,,,,,tmjewif2,,,,,0
1669,n0sgv2g6,,0,0,51,,,,0,,,0.0,1669,,0.0,,control,,,,,,,,,,,,,,,,,,,tmjewif2,,,,,0
1670,ip1y0kov,,0,0,51,,,,0,,,0.0,1670,,0.0,,treatment,,,,,,,,,,,,,,,,,,,tmjewif2,,,,,0
1671,jo5euo0x,,0,0,51,,,,0,,,0.0,1671,,0.0,,treatment,,,,,,,,,,,,,,,,,,,tmjewif2,,,,,0
1672,iznef08i,,0,0,51,,,,0,,,0.0,1672,,0.0,,treatment,,,,,,,,,,,,,,,,,,,tmjewif2,,,,,0
1673,cv10umgv,,0,0,51,,,,0,,,0.0,1673,,0.0,,control,,,,,,,,,,,,,,,,,,,tmjewif2,,,,,0
1674,b1daiafq,,0,0,51,,,,0,,,0.0,1674,,0.0,,treatment,,,,,,,,,,,,,,,,,,,tmjewif2,,,,,0
1675,r4n448vy,,0,0,51,,,,0,,,0.0,1675,,0.0,,treatment,,,,,,,,,,,,,,,,,,,tmjewif2,,,,,0
1676,g6sn7p6l,,0,0,51,,,,0,,,0.0,1676,,0.0,,treatment,,,,,,,,,,,,,,,,,,,tmjewif2,,,,,0
1677,j2tbf6dy,,0,0,51,,,,0,,,0.0,1677,,0.0,,control,,,,,,,,,,,,,,,,,,,tmjewif2,,,,,0
1678,hvneouwz,,0,0,51,,,,0,,,0.0,1678,,0.0,,treatment,,,,,,,,,,,,,,,,,,,tmjewif2,,,,,0
1679,nqira4cd,,0,0,51,,,,0,,,0.0,1679,,0.0,,treatment,,,,,,,,,,,,,,,,,,,tmjewif2,,,,,0
1680,6ak6k3wf,,0,0,51,,,,0,,,0.0,1680,,0.0,,treatment,,,,,,,,,,,,,,,,,,,tmjewif2,,,,,0
1681,m129pi1h,,0,0,51,,,,0,,,0.0,1681,,0.0,,control,,,,,,,,,,,,,,,,,,,tmjewif2,,,,,0
1682,a1bw7qs4,,0,0,51,,,,0,,,0.0,1682,,0.0,,treatment,,,,,,,,,,,,,,,,,,,tmjewif2,,,,,0
1683,iabi18lx,,0,0,51,,,,0,,,0.0,1683,,0.0,,treatment,,,,,,,,,,,,,,,,,,,tmjewif2,,,,,0
1684,gxxe9nou,,0,0,51,,,,0,,,0.0,1684,,0.0,,treatment,,,,,,,,,,,,,,,,,,,tmjewif2,,,,,0
1685,qv6o3bp6,,0,0,51,,,,0,,,0.0,1685,,0.0,,control,,,,,,,,,,,,,,,,,,,tmjewif2,,,,,0
1686,idp1rl03,,0,0,51,,,,0,,,0.0,1686,,0.0,,treatment,,,,,,,,,,,,,,,,,,,tmjewif2,,,,,0
1687,ewvwse03,,0,0,51,,,,0,,,0.0,1687,,0.0,,treatment,,,,,,,,,,,,,,,,,,,tmjewif2,,,,,0
1688,6r0z0y1q,,0,0,51,,,,0,,,0.0,1688,,0.0,,treatment,,,,,,,,,,,,,,,,,,,tmjewif2,,,,,0
1689,rxpebvzx,,0,0,51,,,,0,,,0.0,1689,,0.0,,control,,,,,,,,,,,,,,,,,,,tmjewif2,,,,,0
1690,7y3l419x,,0,0,51,,,,0,,,0.0,1690,,0.0,,treatment,,,,,,,,,,,,,,,,,,,tmjewif2,,,,,0
1691,jh62pppa,,0,0,51,,,,0,,,0.0,1691,,0.0,,treatment,,,,,,,,,,,,,,,,,,,tmjewif2,,,,,0
1692,e1uqiab7,,0,0,51,,,,0,,,0.0,1692,,0.0,,treatment,,,,,,,,,,,,,,,,,,,tmjewif2,,,,,0
1693,n3thkpni,,0,0,51,,,,0,,,0.0,1693,,0.0,,control,,,,,,,,,,,,,,,,,,,tmjewif2,,,,,0
1694,gxn1hqx2,,0,0,51,,,,0,,,0.0,1694,,0.0,,treatment,,,,,,,,,,,,,,,,,,,tmjewif2,,,,,0
1695,sz9rt23m,,0,0,51,,,,0,,,0.0,1695,,0.0,,treatment,,,,,,,,,,,,,,,,,,,tmjewif2,,,,,0
1696,ybfos1yw,,0,0,51,,,,0,,,0.0,1696,,0.0,,treatment,,,,,,,,,,,,,,,,,,,tmjewif2,,,,,0
1697,zfp5lr5l,,0,0,51,,,,0,,,0.0,1697,,0.0,,control,,,,,,,,,,,,,,,,,,,tmjewif2,,,,,0
1698,jvm7oh3b,,0,0,51,,,,0,,,0.0,1698,,0.0,,treatment,,,,,,,,,,,,,,,,,,,tmjewif2,,,,,0
1699,t8npzxwm,,0,0,51,,,,0,,,0.0,1699,,0.0,,treatment,,,,,,,,,,,,,,,,,,,tmjewif2,,,,,0
1700,ixxahkav,,0,0,51,,,,0,,,0.0,1700,,0.0,,treatment,,,,,,,,,,,,,,,,,,,tmjewif2,,,,,0
1701,f2eaugj3,,0,0,51,,,,0,,,0.0,1701,,0.0,,control,,,,,,,,,,,,,,,,,,,tmjewif2,,,,,0
1702,j9d23wrv,,0,0,51,,,,0,,,0.0,1702,,0.0,,treatment,,,,,,,,,,,,,,,,,,,tmjewif2,,,,,0
1703,gvycixet,,0,0,51,,,,0,,,0.0,1703,,0.0,,treatment,,,,,,,,,,,,,,,,,,,tmjewif2,,,,,0
1704,t80ezp3t,,0,0,51,,,,0,,,0.0,1704,,0.0,,treatment,,,,,,,,,,,,,,,,,,,tmjewif2,,,,,0
1705,8ulvgn5p,,0,0,51,,,,0,,,0.0,1705,,0.0,,control,,,,,,,,,,,,,,,,,,,tmjewif2,,,,,0
1706,893p3jxj,,0,0,51,,,,0,,,0.0,1706,,0.0,,treatment,,,,,,,,,,,,,,,,,,,tmjewif2,,,,,0
1707,dg2wj4q2,,0,0,51,,,,0,,,0.0,1707,,0.0,,treatment,,,,,,,,,,,,,,,,,,,tmjewif2,,,,,0
1708,v3sad5m9,,0,0,51,,,,0,,,0.0,1708,,0.0,,treatment,,,,,,,,,,,,,,,,,,,tmjewif2,,,,,0
1709,589dla58,,0,0,51,,,,0,,,0.0,1709,,0.0,,control,,,,,,,,,,,,,,,,,,,tmjewif2,,,,,0
1710,aa7hy7y5,,0,0,51,,,,0,,,0.0,1710,,0.0,,treatment,,,,,,,,,,,,,,,,,,,tmjewif2,,,,,0
1711,bsdhiipj,,0,0,51,,,,0,,,0.0,1711,,0.0,,treatment,,,,,,,,,,,,,,,,,,,tmjewif2,,,,,0
1712,57tjxvvv,,0,0,51,,,,0,,,0.0,1712,,0.0,,treatment,,,,,,,,,,,,,,,,,,,tmjewif2,,,,,0
1713,wm59doa8,,0,0,51,,,,0,,,0.0,1713,,0.0,,control,,,,,,,,,,,,,,,,,,,tmjewif2,,,,,0
1714,bwek8h2q,,0,0,51,,,,0,,,0.0,1714,,0.0,,treatment,,,,,,,,,,,,,,,,,,,tmjewif2,,,,,0
1715,lr76iz88,,0,0,51,,,,0,,,0.0,1715,,0.0,,treatment,,,,,,,,,,,,,,,,,,,tmjewif2,,,,,0
1716,mat1kngr,,0,0,51,,,,0,,,0.0,1716,,0.0,,treatment,,,,,,,,,,,,,,,,,,,tmjewif2,,,,,0
1717,2qv5fwst,,0,0,51,,,,0,,,0.0,1717,,0.0,,control,,,,,,,,,,,,,,,,,,,tmjewif2,,,,,0
1718,1tgzjyqp,,0,0,51,,,,0,,,0.0,1718,,0.0,,treatment,,,,,,,,,,,,,,,,,,,tmjewif2,,,,,0
1719,hbwpapsx,,0,0,51,,,,0,,,0.0,1719,,0.0,,treatment,,,,,,,,,,,,,,,,,,,tmjewif2,,,,,0
1720,18dbnzuu,,0,0,51,,,,0,,,0.0,1720,,0.0,,treatment,,,,,,,,,,,,,,,,,,,tmjewif2,,,,,0
1721,1lugvxau,,0,0,51,,,,0,,,0.0,1721,,0.0,,control,,,,,,,,,,,,,,,,,,,tmjewif2,,,,,0
1722,g8uiqzp2,,0,0,51,,,,0,,,0.0,1722,,0.0,,treatment,,,,,,,,,,,,,,,,,,,tmjewif2,,,,,0
1723,rn8aaqcx,,0,0,51,,,,0,,,0.0,1723,,0.0,,treatment,,,,,,,,,,,,,,,,,,,tmjewif2,,,,,0
1724,1unpbs63,,0,0,51,,,,0,,,0.0,1724,,0.0,,treatment,,,,,,,,,,,,,,,,,,,tmjewif2,,,,,0
1725,9m4qgktq,,0,0,51,,,,0,,,0.0,1725,,0.0,,control,,,,,,,,,,,,,,,,,,,tmjewif2,,,,,0
1726,f2l31tcx,,0,0,51,,,,0,,,0.0,1726,,0.0,,treatment,,,,,,,,,,,,,,,,,,,tmjewif2,,,,,0
1727,0l6td0fp,,0,0,51,,,,0,,,0.0,1727,,0.0,,treatment,,,,,,,,,,,,,,,,,,,tmjewif2,,,,,0
1728,e15ctguq,,0,0,51,,,,0,,,0.0,1728,,0.0,,treatment,,,,,,,,,,,,,,,,,,,tmjewif2,,,,,0
1729,o451bnx5,,0,0,51,,,,0,,,0.0,1729,,0.0,,control,,,,,,,,,,,,,,,,,,,tmjewif2,,,,,0
1730,kz3lwb3t,,0,0,51,,,,0,,,0.0,1730,,0.0,,treatment,,,,,,,,,,,,,,,,,,,tmjewif2,,,,,0
1731,nhj51xrw,,0,0,51,,,,0,,,0.0,1731,,0.0,,treatment,,,,,,,,,,,,,,,,,,,tmjewif2,,,,,0
1732,djlecjpt,,0,0,51,,,,0,,,0.0,1732,,0.0,,treatment,,,,,,,,,,,,,,,,,,,tmjewif2,,,,,0
1733,bjn2kcjh,,0,0,51,,,,0,,,0.0,1733,,0.0,,control,,,,,,,,,,,,,,,,,,,tmjewif2,,,,,0
1734,a9x5zexs,,0,0,51,,,,0,,,0.0,1734,,0.0,,treatment,,,,,,,,,,,,,,,,,,,tmjewif2,,,,,0
1735,zkua7lr0,,0,0,51,,,,0,,,0.0,1735,,0.0,,treatment,,,,,,,,,,,,,,,,,,,tmjewif2,,,,,0
1736,jf7b8d6g,,0,0,51,,,,0,,,0.0,1736,,0.0,,treatment,,,,,,,,,,,,,,,,,,,tmjewif2,,,,,0
1737,6n9yozie,,0,0,51,,,,0,,,0.0,1737,,0.0,,control,,,,,,,,,,,,,,,,,,,tmjewif2,,,,,0
1738,f17jnxfo,,0,0,51,,,,0,,,0.0,1738,,0.0,,treatment,,,,,,,,,,,,,,,,,,,tmjewif2,,,,,0
1739,a3gz8bga,,0,0,51,,,,0,,,0.0,1739,,0.0,,treatment,,,,,,,,,,,,,,,,,,,tmjewif2,,,,,0
1740,bwqj7jdo,,0,0,51,,,,0,,,0.0,1740,,0.0,,treatment,,,,,,,,,,,,,,,,,,,tmjewif2,,,,,0
1741,jmabajq3,,0,0,51,,,,0,,,0.0,1741,,0.0,,control,,,,,,,,,,,,,,,,,,,tmjewif2,,,,,0
1742,2c5o40ha,,0,0,51,,,,0,,,0.0,1742,,0.0,,treatment,,,,,,,,,,,,,,,,,,,tmjewif2,,,,,0
1743,0gw3uu7n,,0,0,51,,,,0,,,0.0,1743,,0.0,,treatment,,,,,,,,,,,,,,,,,,,tmjewif2,,,,,0
1744,ykz1l103,,0,0,51,,,,0,,,0.0,1744,,0.0,,treatment,,,,,,,,,,,,,,,,,,,tmjewif2,,,,,0
1745,rox7jg60,,0,0,51,,,,0,,,0.0,1745,,0.0,,control,,,,,,,,,,,,,,,,,,,tmjewif2,,,,,0
1746,aan36muv,,0,0,51,,,,0,,,0.0,1746,,0.0,,treatment,,,,,,,,,,,,,,,,,,,tmjewif2,,,,,0
1747,ag2ykgir,,0,0,51,,,,0,,,0.0,1747,,0.0,,treatment,,,,,,,,,,,,,,,,,,,tmjewif2,,,,,0
1748,bxnnpouv,,0,0,51,,,,0,,,0.0,1748,,0.0,,treatment,,,,,,,,,,,,,,,,,,,tmjewif2,,,,,0
1749,hc8awbmk,,0,0,51,,,,0,,,0.0,1749,,0.0,,control,,,,,,,,,,,,,,,,,,,tmjewif2,,,,,0
1750,hz3i859h,,0,0,51,,,,0,,,0.0,1750,,0.0,,treatment,,,,,,,,,,,,,,,,,,,tmjewif2,,,,,0
1751,ylkudyyq,,0,0,51,,,,0,,,0.0,1751,,0.0,,treatment,,,,,,,,,,,,,,,,,,,tmjewif2,,,,,0
1752,twvuhyq0,,0,0,51,,,,0,,,0.0,1752,,0.0,,treatment,,,,,,,,,,,,,,,,,,,tmjewif2,,,,,0
1753,1leszxp2,,0,0,51,,,,0,,,0.0,1753,,0.0,,control,,,,,,,,,,,,,,,,,,,tmjewif2,,,,,0
1754,8jb9ytxw,,0,0,51,,,,0,,,0.0,1754,,0.0,,treatment,,,,,,,,,,,,,,,,,,,tmjewif2,,,,,0
1755,86cqen2k,,0,0,51,,,,0,,,0.0,1755,,0.0,,treatment,,,,,,,,,,,,,,,,,,,tmjewif2,,,,,0
1756,hti5t7rz,,0,0,51,,,,0,,,0.0,1756,,0.0,,treatment,,,,,,,,,,,,,,,,,,,tmjewif2,,,,,0
1757,hxk73x77,,0,0,51,,,,0,,,0.0,1757,,0.0,,control,,,,,,,,,,,,,,,,,,,tmjewif2,,,,,0
1758,lbp9nhjv,,0,0,51,,,,0,,,0.0,1758,,0.0,,treatment,,,,,,,,,,,,,,,,,,,tmjewif2,,,,,0
1759,fcuhnmvq,,0,0,51,,,,0,,,0.0,1759,,0.0,,treatment,,,,,,,,,,,,,,,,,,,tmjewif2,,,,,0
1760,ikkyd1zq,,0,0,51,,,,0,,,0.0,1760,,0.0,,treatment,,,,,,,,,,,,,,,,,,,tmjewif2,,,,,0
1761,24fx3lak,,0,0,51,,,,0,,,0.0,1761,,0.0,,control,,,,,,,,,,,,,,,,,,,tmjewif2,,,,,0
1762,zb9anhx3,,0,0,51,,,,0,,,0.0,1762,,0.0,,treatment,,,,,,,,,,,,,,,,,,,tmjewif2,,,,,0
1763,od1v90m9,,0,0,51,,,,0,,,0.0,1763,,0.0,,treatment,,,,,,,,,,,,,,,,,,,tmjewif2,,,,,0
1764,qgsbskue,,0,0,51,,,,0,,,0.0,1764,,0.0,,treatment,,,,,,,,,,,,,,,,,,,tmjewif2,,,,,0
1765,p6t3txdk,,0,0,51,,,,0,,,0.0,1765,,0.0,,control,,,,,,,,,,,,,,,,,,,tmjewif2,,,,,0
1766,xfwrbxll,,0,0,51,,,,0,,,0.0,1766,,0.0,,treatment,,,,,,,,,,,,,,,,,,,tmjewif2,,,,,0
1767,5j5ciqib,,0,0,51,,,,0,,,0.0,1767,,0.0,,treatment,,,,,,,,,,,,,,,,,,,tmjewif2,,,,,0
1768,snak3zf8,,0,0,51,,,,0,,,0.0,1768,,0.0,,treatment,,,,,,,,,,,,,,,,,,,tmjewif2,,,,,0
1769,j0kk78g1,,0,0,51,,,,0,,,0.0,1769,,0.0,,control,,,,,,,,,,,,,,,,,,,tmjewif2,,,,,0
1770,2gmmwy8j,,0,0,51,,,,0,,,0.0,1770,,0.0,,treatment,,,,,,,,,,,,,,,,,,,tmjewif2,,,,,0
1771,lbraoxxr,,0,0,51,,,,0,,,0.0,1771,,0.0,,treatment,,,,,,,,,,,,,,,,,,,tmjewif2,,,,,0
1772,xpbfnygy,,0,0,51,,,,0,,,0.0,1772,,0.0,,treatment,,,,,,,,,,,,,,,,,,,tmjewif2,,,,,0
1773,kfmazn6q,,0,0,51,,,,0,,,0.0,1773,,0.0,,control,,,,,,,,,,,,,,,,,,,tmjewif2,,,,,0
1774,4z6piihy,,0,0,51,,,,0,,,0.0,1774,,0.0,,treatment,,,,,,,,,,,,,,,,,,,tmjewif2,,,,,0
1775,b996riwr,,0,0,51,,,,0,,,0.0,1775,,0.0,,treatment,,,,,,,,,,,,,,,,,,,tmjewif2,,,,,0
1776,rzv8ii99,,0,0,51,,,,0,,,0.0,1776,,0.0,,treatment,,,,,,,,,,,,,,,,,,,tmjewif2,,,,,0
1777,gbwnjj02,,0,0,51,,,,0,,,0.0,1777,,0.0,,control,,,,,,,,,,,,,,,,,,,tmjewif2,,,,,0
1778,f7mwjn1d,,0,0,51,,,,0,,,0.0,1778,,0.0,,treatment,,,,,,,,,,,,,,,,,,,tmjewif2,,,,,0
1779,nuvxo6ti,,0,0,51,,,,0,,,0.0,1779,,0.0,,treatment,,,,,,,,,,,,,,,,,,,tmjewif2,,,,,0
1780,jakwz369,,0,0,51,,,,0,,,0.0,1780,,0.0,,treatment,,,,,,,,,,,,,,,,,,,tmjewif2,,,,,0
1781,deaxt7lc,,0,0,51,,,,0,,,0.0,1781,,0.0,,control,,,,,,,,,,,,,,,,,,,tmjewif2,,,,,0
1782,mnian307,,0,0,51,,,,0,,,0.0,1782,,0.0,,treatment,,,,,,,,,,,,,,,,,,,tmjewif2,,,,,0
1783,3rrpgm2u,,0,0,51,,,,0,,,0.0,1783,,0.0,,treatment,,,,,,,,,,,,,,,,,,,tmjewif2,,,,,0
1784,lfslfcpc,,0,0,51,,,,0,,,0.0,1784,,0.0,,treatment,,,,,,,,,,,,,,,,,,,tmjewif2,,,,,0
1785,wy4ypaf5,,0,0,51,,,,0,,,0.0,1785,,0.0,,control,,,,,,,,,,,,,,,,,,,tmjewif2,,,,,0
1786,v5o16cla,,0,0,51,,,,0,,,0.0,1786,,0.0,,treatment,,,,,,,,,,,,,,,,,,,tmjewif2,,,,,0
1787,tfracdh7,,0,0,51,,,,0,,,0.0,1787,,0.0,,treatment,,,,,,,,,,,,,,,,,,,tmjewif2,,,,,0
1788,d97t4b1c,,0,0,51,,,,0,,,0.0,1788,,0.0,,treatment,,,,,,,,,,,,,,,,,,,tmjewif2,,,,,0
1789,dh2dn8l8,,0,0,51,,,,0,,,0.0,1789,,0.0,,control,,,,,,,,,,,,,,,,,,,tmjewif2,,,,,0
1790,w1gq72yh,,0,0,51,,,,0,,,0.0,1790,,0.0,,treatment,,,,,,,,,,,,,,,,,,,tmjewif2,,,,,0
1791,681snqz4,,0,0,51,,,,0,,,0.0,1791,,0.0,,treatment,,,,,,,,,,,,,,,,,,,tmjewif2,,,,,0
1792,izcocgvj,,0,0,51,,,,0,,,0.0,1792,,0.0,,treatment,,,,,,,,,,,,,,,,,,,tmjewif2,,,,,0
1793,mslgryyr,,0,0,51,,,,0,,,0.0,1793,,0.0,,control,,,,,,,,,,,,,,,,,,,tmjewif2,,,,,0
1794,gj5j6fpv,,0,0,51,,,,0,,,0.0,1794,,0.0,,treatment,,,,,,,,,,,,,,,,,,,tmjewif2,,,,,0
1795,uwfx5yr1,,0,0,51,,,,0,,,0.0,1795,,0.0,,treatment,,,,,,,,,,,,,,,,,,,tmjewif2,,,,,0
1796,kjcvqruo,,0,0,51,,,,0,,,0.0,1796,,0.0,,treatment,,,,,,,,,,,,,,,,,,,tmjewif2,,,,,0
1797,x6u8fye9,,0,0,51,,,,0,,,0.0,1797,,0.0,,control,,,,,,,,,,,,,,,,,,,tmjewif2,,,,,0
1798,uhtx0bg9,,0,0,51,,,,0,,,0.0,1798,,0.0,,treatment,,,,,,,,,,,,,,,,,,,tmjewif2,,,,,0
1799,5k74u7si,,0,0,51,,,,0,,,0.0,1799,,0.0,,treatment,,,,,,,,,,,,,,,,,,,tmjewif2,,,,,0
1800,4pqjt2gy,,0,0,51,,,,0,,,0.0,1800,,0.0,,treatment,,,,,,,,,,,,,,,,,,,tmjewif2,,,,,0
1801,2ujezfaw,,0,0,51,,,,0,,,0.0,1801,,0.0,,control,,,,,,,,,,,,,,,,,,,tmjewif2,,,,,0
1802,uvv7tdt9,,0,0,51,,,,0,,,0.0,1802,,0.0,,treatment,,,,,,,,,,,,,,,,,,,tmjewif2,,,,,0
1803,9vxa587y,,0,0,51,,,,0,,,0.0,1803,,0.0,,treatment,,,,,,,,,,,,,,,,,,,tmjewif2,,,,,0
1804,a5317vll,,0,0,51,,,,0,,,0.0,1804,,0.0,,treatment,,,,,,,,,,,,,,,,,,,tmjewif2,,,,,0
1805,6hn7fvw8,,0,0,51,,,,0,,,0.0,1805,,0.0,,control,,,,,,,,,,,,,,,,,,,tmjewif2,,,,,0
1806,8raa6wsp,,0,0,51,,,,0,,,0.0,1806,,0.0,,treatment,,,,,,,,,,,,,,,,,,,tmjewif2,,,,,0
1807,57wqt0nj,,0,0,51,,,,0,,,0.0,1807,,0.0,,treatment,,,,,,,,,,,,,,,,,,,tmjewif2,,,,,0
1808,9wz809ib,,0,0,51,,,,0,,,0.0,1808,,0.0,,treatment,,,,,,,,,,,,,,,,,,,tmjewif2,,,,,0
1809,pdq2iqnn,,0,0,51,,,,0,,,0.0,1809,,0.0,,control,,,,,,,,,,,,,,,,,,,tmjewif2,,,,,0
1810,exlsmqcg,,0,0,51,,,,0,,,0.0,1810,,0.0,,treatment,,,,,,,,,,,,,,,,,,,tmjewif2,,,,,0
1811,e8byrucf,,0,0,51,,,,0,,,0.0,1811,,0.0,,treatment,,,,,,,,,,,,,,,,,,,tmjewif2,,,,,0
1812,yoa52wvf,,0,0,51,,,,0,,,0.0,1812,,0.0,,treatment,,,,,,,,,,,,,,,,,,,tmjewif2,,,,,0
1813,1ct6bxpm,,0,0,51,,,,0,,,0.0,1813,,0.0,,control,,,,,,,,,,,,,,,,,,,tmjewif2,,,,,0
1814,knj9xsyh,,0,0,51,,,,0,,,0.0,1814,,0.0,,treatment,,,,,,,,,,,,,,,,,,,tmjewif2,,,,,0
1815,s5kj9h7f,,0,0,51,,,,0,,,0.0,1815,,0.0,,treatment,,,,,,,,,,,,,,,,,,,tmjewif2,,,,,0
1816,1kfhxoy3,,0,0,51,,,,0,,,0.0,1816,,0.0,,treatment,,,,,,,,,,,,,,,,,,,tmjewif2,,,,,0
1817,y0ss36rz,,0,0,51,,,,0,,,0.0,1817,,0.0,,control,,,,,,,,,,,,,,,,,,,tmjewif2,,,,,0
1818,ag780dxo,,0,0,51,,,,0,,,0.0,1818,,0.0,,treatment,,,,,,,,,,,,,,,,,,,tmjewif2,,,,,0
1819,i9yphifr,,0,0,51,,,,0,,,0.0,1819,,0.0,,treatment,,,,,,,,,,,,,,,,,,,tmjewif2,,,,,0
1820,c4zfuj6v,,0,0,51,,,,0,,,0.0,1820,,0.0,,treatment,,,,,,,,,,,,,,,,,,,tmjewif2,,,,,0
1821,6tz3r6vp,,0,0,51,,,,0,,,0.0,1821,,0.0,,control,,,,,,,,,,,,,,,,,,,tmjewif2,,,,,0
1822,7o2g22t6,,0,0,51,,,,0,,,0.0,1822,,0.0,,treatment,,,,,,,,,,,,,,,,,,,tmjewif2,,,,,0
1823,tlc9ev2k,,0,0,51,,,,0,,,0.0,1823,,0.0,,treatment,,,,,,,,,,,,,,,,,,,tmjewif2,,,,,0
1824,5lfks86n,,0,0,51,,,,0,,,0.0,1824,,0.0,,treatment,,,,,,,,,,,,,,,,,,,tmjewif2,,,,,0
1825,k4lwb1o2,,0,0,51,,,,0,,,0.0,1825,,0.0,,control,,,,,,,,,,,,,,,,,,,tmjewif2,,,,,0
1826,thmwg27y,,0,0,51,,,,0,,,0.0,1826,,0.0,,treatment,,,,,,,,,,,,,,,,,,,tmjewif2,,,,,0
1827,ui6b06jl,,0,0,51,,,,0,,,0.0,1827,,0.0,,treatment,,,,,,,,,,,,,,,,,,,tmjewif2,,,,,0
1828,6fvu4h0z,,0,0,51,,,,0,,,0.0,1828,,0.0,,treatment,,,,,,,,,,,,,,,,,,,tmjewif2,,,,,0
1829,m4shcemf,,0,0,51,,,,0,,,0.0,1829,,0.0,,control,,,,,,,,,,,,,,,,,,,tmjewif2,,,,,0
1830,ikg29vud,,0,0,51,,,,0,,,0.0,1830,,0.0,,treatment,,,,,,,,,,,,,,,,,,,tmjewif2,,,,,0
1831,fckk9j0j,,0,0,51,,,,0,,,0.0,1831,,0.0,,treatment,,,,,,,,,,,,,,,,,,,tmjewif2,,,,,0
1832,pqy5met1,,0,0,51,,,,0,,,0.0,1832,,0.0,,treatment,,,,,,,,,,,,,,,,,,,tmjewif2,,,,,0
1833,ctxuukcq,,0,0,51,,,,0,,,0.0,1833,,0.0,,control,,,,,,,,,,,,,,,,,,,tmjewif2,,,,,0
1834,istrc2t1,,0,0,51,,,,0,,,0.0,1834,,0.0,,treatment,,,,,,,,,,,,,,,,,,,tmjewif2,,,,,0
1835,yyhsyu25,,0,0,51,,,,0,,,0.0,1835,,0.0,,treatment,,,,,,,,,,,,,,,,,,,tmjewif2,,,,,0
1836,jq5fldj2,,0,0,51,,,,0,,,0.0,1836,,0.0,,treatment,,,,,,,,,,,,,,,,,,,tmjewif2,,,,,0
1837,ur8eunzh,,0,0,51,,,,0,,,0.0,1837,,0.0,,control,,,,,,,,,,,,,,,,,,,tmjewif2,,,,,0
1838,yohwz9g0,,0,0,51,,,,0,,,0.0,1838,,0.0,,treatment,,,,,,,,,,,,,,,,,,,tmjewif2,,,,,0
1839,e2v49p9c,,0,0,51,,,,0,,,0.0,1839,,0.0,,treatment,,,,,,,,,,,,,,,,,,,tmjewif2,,,,,0
1840,jf6ezw2r,,0,0,51,,,,0,,,0.0,1840,,0.0,,treatment,,,,,,,,,,,,,,,,,,,tmjewif2,,,,,0
1841,b8ff4pyn,,0,0,51,,,,0,,,0.0,1841,,0.0,,control,,,,,,,,,,,,,,,,,,,tmjewif2,,,,,0
1842,7985wwj2,,0,0,51,,,,0,,,0.0,1842,,0.0,,treatment,,,,,,,,,,,,,,,,,,,tmjewif2,,,,,0
1843,n5th78n0,,0,0,51,,,,0,,,0.0,1843,,0.0,,treatment,,,,,,,,,,,,,,,,,,,tmjewif2,,,,,0
1844,s7jp1evo,,0,0,51,,,,0,,,0.0,1844,,0.0,,treatment,,,,,,,,,,,,,,,,,,,tmjewif2,,,,,0
1845,8od5ksrj,,0,0,51,,,,0,,,0.0,1845,,0.0,,control,,,,,,,,,,,,,,,,,,,tmjewif2,,,,,0
1846,f0yfjlbv,,0,0,51,,,,0,,,0.0,1846,,0.0,,treatment,,,,,,,,,,,,,,,,,,,tmjewif2,,,,,0
1847,3agock5k,,0,0,51,,,,0,,,0.0,1847,,0.0,,treatment,,,,,,,,,,,,,,,,,,,tmjewif2,,,,,0
1848,eovilowe,,0,0,51,,,,0,,,0.0,1848,,0.0,,treatment,,,,,,,,,,,,,,,,,,,tmjewif2,,,,,0
1849,63yy01uj,,0,0,51,,,,0,,,0.0,1849,,0.0,,control,,,,,,,,,,,,,,,,,,,tmjewif2,,,,,0
1850,mc89q0jy,,0,0,51,,,,0,,,0.0,1850,,0.0,,treatment,,,,,,,,,,,,,,,,,,,tmjewif2,,,,,0
1851,wjb5da9b,,0,0,51,,,,0,,,0.0,1851,,0.0,,treatment,,,,,,,,,,,,,,,,,,,tmjewif2,,,,,0
1852,x2w0ray2,,0,0,51,,,,0,,,0.0,1852,,0.0,,treatment,,,,,,,,,,,,,,,,,,,tmjewif2,,,,,0
1853,66w8k97n,,0,0,51,,,,0,,,0.0,1853,,0.0,,control,,,,,,,,,,,,,,,,,,,tmjewif2,,,,,0
1854,oaicy2qn,,0,0,51,,,,0,,,0.0,1854,,0.0,,treatment,,,,,,,,,,,,,,,,,,,tmjewif2,,,,,0
1855,7ob8wa6y,,0,0,51,,,,0,,,0.0,1855,,0.0,,treatment,,,,,,,,,,,,,,,,,,,tmjewif2,,,,,0
1856,qr24fhwd,,0,0,51,,,,0,,,0.0,1856,,0.0,,treatment,,,,,,,,,,,,,,,,,,,tmjewif2,,,,,0
1857,0tmnea2k,,0,0,51,,,,0,,,0.0,1857,,0.0,,control,,,,,,,,,,,,,,,,,,,tmjewif2,,,,,0
1858,vowr4o7y,,0,0,51,,,,0,,,0.0,1858,,0.0,,treatment,,,,,,,,,,,,,,,,,,,tmjewif2,,,,,0
1859,nv3v7lb1,,0,0,51,,,,0,,,0.0,1859,,0.0,,treatment,,,,,,,,,,,,,,,,,,,tmjewif2,,,,,0
1860,103fjf1q,,0,0,51,,,,0,,,0.0,1860,,0.0,,treatment,,,,,,,,,,,,,,,,,,,tmjewif2,,,,,0
1861,qoojlp6l,,0,0,51,,,,0,,,0.0,1861,,0.0,,control,,,,,,,,,,,,,,,,,,,tmjewif2,,,,,0
1862,p9iaj0p1,,0,0,51,,,,0,,,0.0,1862,,0.0,,treatment,,,,,,,,,,,,,,,,,,,tmjewif2,,,,,0
1863,vyumktzf,,0,0,51,,,,0,,,0.0,1863,,0.0,,treatment,,,,,,,,,,,,,,,,,,,tmjewif2,,,,,0
1864,v2iwurky,,0,0,51,,,,0,,,0.0,1864,,0.0,,treatment,,,,,,,,,,,,,,,,,,,tmjewif2,,,,,0
1865,p7rrurd2,,0,0,51,,,,0,,,0.0,1865,,0.0,,control,,,,,,,,,,,,,,,,,,,tmjewif2,,,,,0
1866,0d5bh7v3,,0,0,51,,,,0,,,0.0,1866,,0.0,,treatment,,,,,,,,,,,,,,,,,,,tmjewif2,,,,,0
1867,f2bsqx9d,,0,0,51,,,,0,,,0.0,1867,,0.0,,treatment,,,,,,,,,,,,,,,,,,,tmjewif2,,,,,0
1868,6ld2ugsk,,0,0,51,,,,0,,,0.0,1868,,0.0,,treatment,,,,,,,,,,,,,,,,,,,tmjewif2,,,,,0
1869,4wxn439x,,0,0,51,,,,0,,,0.0,1869,,0.0,,control,,,,,,,,,,,,,,,,,,,tmjewif2,,,,,0
1870,jf25tpuf,,0,0,51,,,,0,,,0.0,1870,,0.0,,treatment,,,,,,,,,,,,,,,,,,,tmjewif2,,,,,0
1871,kp3dnbm7,,0,0,51,,,,0,,,0.0,1871,,0.0,,treatment,,,,,,,,,,,,,,,,,,,tmjewif2,,,,,0
1872,qgmppzls,,0,0,51,,,,0,,,0.0,1872,,0.0,,treatment,,,,,,,,,,,,,,,,,,,tmjewif2,,,,,0
1873,2lq34gfh,,0,0,51,,,,0,,,0.0,1873,,0.0,,control,,,,,,,,,,,,,,,,,,,tmjewif2,,,,,0
1874,3y6r0n77,,0,0,51,,,,0,,,0.0,1874,,0.0,,treatment,,,,,,,,,,,,,,,,,,,tmjewif2,,,,,0
1875,k0ee637n,,0,0,51,,,,0,,,0.0,1875,,0.0,,treatment,,,,,,,,,,,,,,,,,,,tmjewif2,,,,,0
1876,wapzabn9,,0,0,51,,,,0,,,0.0,1876,,0.0,,treatment,,,,,,,,,,,,,,,,,,,tmjewif2,,,,,0
1877,qwrigizl,,0,0,51,,,,0,,,0.0,1877,,0.0,,control,,,,,,,,,,,,,,,,,,,tmjewif2,,,,,0
1878,f6lpmfgg,,0,0,51,,,,0,,,0.0,1878,,0.0,,treatment,,,,,,,,,,,,,,,,,,,tmjewif2,,,,,0
1879,242i9ezs,,0,0,51,,,,0,,,0.0,1879,,0.0,,treatment,,,,,,,,,,,,,,,,,,,tmjewif2,,,,,0
1880,ua5fq9st,,0,0,51,,,,0,,,0.0,1880,,0.0,,treatment,,,,,,,,,,,,,,,,,,,tmjewif2,,,,,0
1881,kchi26lz,,0,0,51,,,,0,,,0.0,1881,,0.0,,control,,,,,,,,,,,,,,,,,,,tmjewif2,,,,,0
1882,reofq8t0,,0,0,51,,,,0,,,0.0,1882,,0.0,,treatment,,,,,,,,,,,,,,,,,,,tmjewif2,,,,,0
1883,ta8x0ba2,,0,0,51,,,,0,,,0.0,1883,,0.0,,treatment,,,,,,,,,,,,,,,,,,,tmjewif2,,,,,0
1884,752omu34,,0,0,51,,,,0,,,0.0,1884,,0.0,,treatment,,,,,,,,,,,,,,,,,,,tmjewif2,,,,,0
1885,354lufh7,,0,0,51,,,,0,,,0.0,1885,,0.0,,control,,,,,,,,,,,,,,,,,,,tmjewif2,,,,,0
1886,ik35vygm,,0,0,51,,,,0,,,0.0,1886,,0.0,,treatment,,,,,,,,,,,,,,,,,,,tmjewif2,,,,,0
1887,40zl66dd,,0,0,51,,,,0,,,0.0,1887,,0.0,,treatment,,,,,,,,,,,,,,,,,,,tmjewif2,,,,,0
1888,3bjaq6on,,0,0,51,,,,0,,,0.0,1888,,0.0,,treatment,,,,,,,,,,,,,,,,,,,tmjewif2,,,,,0
1889,tnz19u60,,0,0,51,,,,0,,,0.0,1889,,0.0,,control,,,,,,,,,,,,,,,,,,,tmjewif2,,,,,0
1890,zpavfqdm,,0,0,51,,,,0,,,0.0,1890,,0.0,,treatment,,,,,,,,,,,,,,,,,,,tmjewif2,,,,,0
1891,4poq531u,,0,0,51,,,,0,,,0.0,1891,,0.0,,treatment,,,,,,,,,,,,,,,,,,,tmjewif2,,,,,0
1892,6a72ejg7,,0,0,51,,,,0,,,0.0,1892,,0.0,,treatment,,,,,,,,,,,,,,,,,,,tmjewif2,,,,,0
1893,i3t029ij,,0,0,51,,,,0,,,0.0,1893,,0.0,,control,,,,,,,,,,,,,,,,,,,tmjewif2,,,,,0
1894,5jwqh785,,0,0,51,,,,0,,,0.0,1894,,0.0,,treatment,,,,,,,,,,,,,,,,,,,tmjewif2,,,,,0
1895,tybsv3qa,,0,0,51,,,,0,,,0.0,1895,,0.0,,treatment,,,,,,,,,,,,,,,,,,,tmjewif2,,,,,0
1896,axejfn95,,0,0,51,,,,0,,,0.0,1896,,0.0,,treatment,,,,,,,,,,,,,,,,,,,tmjewif2,,,,,0
1897,6rd1pzb3,,0,0,51,,,,0,,,0.0,1897,,0.0,,control,,,,,,,,,,,,,,,,,,,tmjewif2,,,,,0
1898,uy97yqhi,,0,0,51,,,,0,,,0.0,1898,,0.0,,treatment,,,,,,,,,,,,,,,,,,,tmjewif2,,,,,0
1899,kuj0t7sy,,0,0,51,,,,0,,,0.0,1899,,0.0,,treatment,,,,,,,,,,,,,,,,,,,tmjewif2,,,,,0
1900,7bz6t2lh,,0,0,51,,,,0,,,0.0,1900,,0.0,,treatment,,,,,,,,,,,,,,,,,,,tmjewif2,,,,,0
1901,49dlobsn,,0,0,51,,,,0,,,0.0,1901,,0.0,,control,,,,,,,,,,,,,,,,,,,tmjewif2,,,,,0
1902,1vh8vu8t,,0,0,51,,,,0,,,0.0,1902,,0.0,,treatment,,,,,,,,,,,,,,,,,,,tmjewif2,,,,,0
1903,v4flyx8v,,0,0,51,,,,0,,,0.0,1903,,0.0,,treatment,,,,,,,,,,,,,,,,,,,tmjewif2,,,,,0
1904,c62g78t1,,0,0,51,,,,0,,,0.0,1904,,0.0,,treatment,,,,,,,,,,,,,,,,,,,tmjewif2,,,,,0
1905,1t81qjl0,,0,0,51,,,,0,,,0.0,1905,,0.0,,control,,,,,,,,,,,,,,,,,,,tmjewif2,,,,,0
1906,oidd13ad,,0,0,51,,,,0,,,0.0,1906,,0.0,,treatment,,,,,,,,,,,,,,,,,,,tmjewif2,,,,,0
1907,0n9woa71,,0,0,51,,,,0,,,0.0,1907,,0.0,,treatment,,,,,,,,,,,,,,,,,,,tmjewif2,,,,,0
1908,j8rpgp9r,,0,0,51,,,,0,,,0.0,1908,,0.0,,treatment,,,,,,,,,,,,,,,,,,,tmjewif2,,,,,0
1909,1ztde3d5,,0,0,51,,,,0,,,0.0,1909,,0.0,,control,,,,,,,,,,,,,,,,,,,tmjewif2,,,,,0
1910,hm5537lr,,0,0,51,,,,0,,,0.0,1910,,0.0,,treatment,,,,,,,,,,,,,,,,,,,tmjewif2,,,,,0
1911,lfgg69l9,,0,0,51,,,,0,,,0.0,1911,,0.0,,treatment,,,,,,,,,,,,,,,,,,,tmjewif2,,,,,0
1912,r2a26aos,,0,0,51,,,,0,,,0.0,1912,,0.0,,treatment,,,,,,,,,,,,,,,,,,,tmjewif2,,,,,0
1913,pfglox4z,,0,0,51,,,,0,,,0.0,1913,,0.0,,control,,,,,,,,,,,,,,,,,,,tmjewif2,,,,,0
1914,9qi83u7n,,0,0,51,,,,0,,,0.0,1914,,0.0,,treatment,,,,,,,,,,,,,,,,,,,tmjewif2,,,,,0
1915,ayh1cucd,,0,0,51,,,,0,,,0.0,1915,,0.0,,treatment,,,,,,,,,,,,,,,,,,,tmjewif2,,,,,0
1916,kby10orf,,0,0,51,,,,0,,,0.0,1916,,0.0,,treatment,,,,,,,,,,,,,,,,,,,tmjewif2,,,,,0
1917,00yjvwpp,,0,0,51,,,,0,,,0.0,1917,,0.0,,control,,,,,,,,,,,,,,,,,,,tmjewif2,,,,,0
1918,r2su4qqp,,0,0,51,,,,0,,,0.0,1918,,0.0,,treatment,,,,,,,,,,,,,,,,,,,tmjewif2,,,,,0
1919,9dhtvb8g,,0,0,51,,,,0,,,0.0,1919,,0.0,,treatment,,,,,,,,,,,,,,,,,,,tmjewif2,,,,,0
1920,ne2gi144,,0,0,51,,,,0,,,0.0,1920,,0.0,,treatment,,,,,,,,,,,,,,,,,,,tmjewif2,,,,,0
1921,wc0cl2xy,,0,0,51,,,,0,,,0.0,1921,,0.0,,control,,,,,,,,,,,,,,,,,,,tmjewif2,,,,,0
1922,zmmcorf1,,0,0,51,,,,0,,,0.0,1922,,0.0,,treatment,,,,,,,,,,,,,,,,,,,tmjewif2,,,,,0
1923,3xaern4s,,0,0,51,,,,0,,,0.0,1923,,0.0,,treatment,,,,,,,,,,,,,,,,,,,tmjewif2,,,,,0
1924,cg9xg34f,,0,0,51,,,,0,,,0.0,1924,,0.0,,treatment,,,,,,,,,,,,,,,,,,,tmjewif2,,,,,0
1925,gqxhwams,,0,0,51,,,,0,,,0.0,1925,,0.0,,control,,,,,,,,,,,,,,,,,,,tmjewif2,,,,,0
1926,qrhh63az,,0,0,51,,,,0,,,0.0,1926,,0.0,,treatment,,,,,,,,,,,,,,,,,,,tmjewif2,,,,,0
1927,o1kcwb53,,0,0,51,,,,0,,,0.0,1927,,0.0,,treatment,,,,,,,,,,,,,,,,,,,tmjewif2,,,,,0
1928,pkbtkggz,,0,0,51,,,,0,,,0.0,1928,,0.0,,treatment,,,,,,,,,,,,,,,,,,,tmjewif2,,,,,0
1929,ka3o8iqu,,0,0,51,,,,0,,,0.0,1929,,0.0,,control,,,,,,,,,,,,,,,,,,,tmjewif2,,,,,0
1930,hbrqg1pz,,0,0,51,,,,0,,,0.0,1930,,0.0,,treatment,,,,,,,,,,,,,,,,,,,tmjewif2,,,,,0
1931,lrx00gg5,,0,0,51,,,,0,,,0.0,1931,,0.0,,treatment,,,,,,,,,,,,,,,,,,,tmjewif2,,,,,0
1932,4vm3hncb,,0,0,51,,,,0,,,0.0,1932,,0.0,,treatment,,,,,,,,,,,,,,,,,,,tmjewif2,,,,,0
1933,3vvj8yov,,0,0,51,,,,0,,,0.0,1933,,0.0,,control,,,,,,,,,,,,,,,,,,,tmjewif2,,,,,0
1934,omyh5y40,,0,0,51,,,,0,,,0.0,1934,,0.0,,treatment,,,,,,,,,,,,,,,,,,,tmjewif2,,,,,0
1935,js5wgsu9,,0,0,51,,,,0,,,0.0,1935,,0.0,,treatment,,,,,,,,,,,,,,,,,,,tmjewif2,,,,,0
1936,2wyhk7gh,,0,0,51,,,,0,,,0.0,1936,,0.0,,treatment,,,,,,,,,,,,,,,,,,,tmjewif2,,,,,0
1937,zch4p3s0,,0,0,51,,,,0,,,0.0,1937,,0.0,,control,,,,,,,,,,,,,,,,,,,tmjewif2,,,,,0
1938,w68tcifl,,0,0,51,,,,0,,,0.0,1938,,0.0,,treatment,,,,,,,,,,,,,,,,,,,tmjewif2,,,,,0
1939,yn2mgdd6,,0,0,51,,,,0,,,0.0,1939,,0.0,,treatment,,,,,,,,,,,,,,,,,,,tmjewif2,,,,,0
1940,1uxp7dcw,,0,0,51,,,,0,,,0.0,1940,,0.0,,treatment,,,,,,,,,,,,,,,,,,,tmjewif2,,,,,0
1941,lzht4dn7,,0,0,51,,,,0,,,0.0,1941,,0.0,,control,,,,,,,,,,,,,,,,,,,tmjewif2,,,,,0
1942,qfobbbvu,,0,0,51,,,,0,,,0.0,1942,,0.0,,treatment,,,,,,,,,,,,,,,,,,,tmjewif2,,,,,0
1943,zw7qmawq,,0,0,51,,,,0,,,0.0,1943,,0.0,,treatment,,,,,,,,,,,,,,,,,,,tmjewif2,,,,,0
1944,op8rh4bv,,0,0,51,,,,0,,,0.0,1944,,0.0,,treatment,,,,,,,,,,,,,,,,,,,tmjewif2,,,,,0
1945,0p9oqa9c,,0,0,51,,,,0,,,0.0,1945,,0.0,,control,,,,,,,,,,,,,,,,,,,tmjewif2,,,,,0
1946,tjvb4968,,0,0,51,,,,0,,,0.0,1946,,0.0,,treatment,,,,,,,,,,,,,,,,,,,tmjewif2,,,,,0
1947,sce2e9a1,,0,0,51,,,,0,,,0.0,1947,,0.0,,treatment,,,,,,,,,,,,,,,,,,,tmjewif2,,,,,0
1948,3puso3f0,,0,0,51,,,,0,,,0.0,1948,,0.0,,treatment,,,,,,,,,,,,,,,,,,,tmjewif2,,,,,0
1949,qklh5loo,,0,0,51,,,,0,,,0.0,1949,,0.0,,control,,,,,,,,,,,,,,,,,,,tmjewif2,,,,,0
1950,cwl4o76g,,0,0,51,,,,0,,,0.0,1950,,0.0,,treatment,,,,,,,,,,,,,,,,,,,tmjewif2,,,,,0
1951,sdkcvn7x,,0,0,51,,,,0,,,0.0,1951,,0.0,,treatment,,,,,,,,,,,,,,,,,,,tmjewif2,,,,,0
1952,166n8ddn,,0,0,51,,,,0,,,0.0,1952,,0.0,,treatment,,,,,,,,,,,,,,,,,,,tmjewif2,,,,,0
1953,emg92o7w,,0,0,51,,,,0,,,0.0,1953,,0.0,,control,,,,,,,,,,,,,,,,,,,tmjewif2,,,,,0
1954,ynmj778q,,0,0,51,,,,0,,,0.0,1954,,0.0,,treatment,,,,,,,,,,,,,,,,,,,tmjewif2,,,,,0
1955,dbrzqznn,,0,0,51,,,,0,,,0.0,1955,,0.0,,treatment,,,,,,,,,,,,,,,,,,,tmjewif2,,,,,0
1956,b935mjsg,,0,0,51,,,,0,,,0.0,1956,,0.0,,treatment,,,,,,,,,,,,,,,,,,,tmjewif2,,,,,0
1957,ho4e14g3,,0,0,51,,,,0,,,0.0,1957,,0.0,,control,,,,,,,,,,,,,,,,,,,tmjewif2,,,,,0
1958,fxhfe6r6,,0,0,51,,,,0,,,0.0,1958,,0.0,,treatment,,,,,,,,,,,,,,,,,,,tmjewif2,,,,,0
1959,b6dr6kk6,,0,0,51,,,,0,,,0.0,1959,,0.0,,treatment,,,,,,,,,,,,,,,,,,,tmjewif2,,,,,0
1960,g8slxkh1,,0,0,51,,,,0,,,0.0,1960,,0.0,,treatment,,,,,,,,,,,,,,,,,,,tmjewif2,,,,,0
1961,a67ax3kc,,0,0,51,,,,0,,,0.0,1961,,0.0,,control,,,,,,,,,,,,,,,,,,,tmjewif2,,,,,0
1962,nt097djh,,0,0,51,,,,0,,,0.0,1962,,0.0,,treatment,,,,,,,,,,,,,,,,,,,tmjewif2,,,,,0
1963,2w1fecd6,,0,0,51,,,,0,,,0.0,1963,,0.0,,treatment,,,,,,,,,,,,,,,,,,,tmjewif2,,,,,0
1964,cv01rxfk,,0,0,51,,,,0,,,0.0,1964,,0.0,,treatment,,,,,,,,,,,,,,,,,,,tmjewif2,,,,,0
1965,tav2j48f,,0,0,51,,,,0,,,0.0,1965,,0.0,,control,,,,,,,,,,,,,,,,,,,tmjewif2,,,,,0
1966,ryqq9vqs,,0,0,51,,,,0,,,0.0,1966,,0.0,,treatment,,,,,,,,,,,,,,,,,,,tmjewif2,,,,,0
1967,lok8zw2w,,0,0,51,,,,0,,,0.0,1967,,0.0,,treatment,,,,,,,,,,,,,,,,,,,tmjewif2,,,,,0
1968,tfleidz2,,0,0,51,,,,0,,,0.0,1968,,0.0,,treatment,,,,,,,,,,,,,,,,,,,tmjewif2,,,,,0
1969,63zo7xjy,,0,0,51,,,,0,,,0.0,1969,,0.0,,control,,,,,,,,,,,,,,,,,,,tmjewif2,,,,,0
1970,h3wy6pnt,,0,0,51,,,,0,,,0.0,1970,,0.0,,treatment,,,,,,,,,,,,,,,,,,,tmjewif2,,,,,0
1971,813fpih8,,0,0,51,,,,0,,,0.0,1971,,0.0,,treatment,,,,,,,,,,,,,,,,,,,tmjewif2,,,,,0
1972,6xssqc6q,,0,0,51,,,,0,,,0.0,1972,,0.0,,treatment,,,,,,,,,,,,,,,,,,,tmjewif2,,,,,0
1973,3yvurcd5,,0,0,51,,,,0,,,0.0,1973,,0.0,,control,,,,,,,,,,,,,,,,,,,tmjewif2,,,,,0
1974,zdgcttwh,,0,0,51,,,,0,,,0.0,1974,,0.0,,treatment,,,,,,,,,,,,,,,,,,,tmjewif2,,,,,0
1975,gbldxgg9,,0,0,51,,,,0,,,0.0,1975,,0.0,,treatment,,,,,,,,,,,,,,,,,,,tmjewif2,,,,,0
1976,tw0xhku8,,0,0,51,,,,0,,,0.0,1976,,0.0,,treatment,,,,,,,,,,,,,,,,,,,tmjewif2,,,,,0
1977,1hrqn6rd,,0,0,51,,,,0,,,0.0,1977,,0.0,,control,,,,,,,,,,,,,,,,,,,tmjewif2,,,,,0
1978,m5fif9cd,,0,0,51,,,,0,,,0.0,1978,,0.0,,treatment,,,,,,,,,,,,,,,,,,,tmjewif2,,,,,0
1979,fwrpwf5h,,0,0,51,,,,0,,,0.0,1979,,0.0,,treatment,,,,,,,,,,,,,,,,,,,tmjewif2,,,,,0
1980,3lvizy8o,,0,0,51,,,,0,,,0.0,1980,,0.0,,treatment,,,,,,,,,,,,,,,,,,,tmjewif2,,,,,0
1981,7lmf948v,,0,0,51,,,,0,,,0.0,1981,,0.0,,control,,,,,,,,,,,,,,,,,,,tmjewif2,,,,,0
1982,yvrd5pyi,,0,0,51,,,,0,,,0.0,1982,,0.0,,treatment,,,,,,,,,,,,,,,,,,,tmjewif2,,,,,0
1983,ybteantu,,0,0,51,,,,0,,,0.0,1983,,0.0,,treatment,,,,,,,,,,,,,,,,,,,tmjewif2,,,,,0
1984,7gyyj7s7,,0,0,51,,,,0,,,0.0,1984,,0.0,,treatment,,,,,,,,,,,,,,,,,,,tmjewif2,,,,,0
1985,do4co2pt,,0,0,51,,,,0,,,0.0,1985,,0.0,,control,,,,,,,,,,,,,,,,,,,tmjewif2,,,,,0
1986,2hmbuoxm,,0,0,51,,,,0,,,0.0,1986,,0.0,,treatment,,,,,,,,,,,,,,,,,,,tmjewif2,,,,,0
1987,8j0rbief,,0,0,51,,,,0,,,0.0,1987,,0.0,,treatment,,,,,,,,,,,,,,,,,,,tmjewif2,,,,,0
1988,ntmql2ap,,0,0,51,,,,0,,,0.0,1988,,0.0,,treatment,,,,,,,,,,,,,,,,,,,tmjewif2,,,,,0
1989,zjvzc00l,,0,0,51,,,,0,,,0.0,1989,,0.0,,control,,,,,,,,,,,,,,,,,,,tmjewif2,,,,,0
1990,mcsk13t9,,0,0,51,,,,0,,,0.0,1990,,0.0,,treatment,,,,,,,,,,,,,,,,,,,tmjewif2,,,,,0
1991,8y1mvenl,,0,0,51,,,,0,,,0.0,1991,,0.0,,treatment,,,,,,,,,,,,,,,,,,,tmjewif2,,,,,0
1992,35nn9x3z,,0,0,51,,,,0,,,0.0,1992,,0.0,,treatment,,,,,,,,,,,,,,,,,,,tmjewif2,,,,,0
1993,xgim5p5z,,0,0,51,,,,0,,,0.0,1993,,0.0,,control,,,,,,,,,,,,,,,,,,,tmjewif2,,,,,0
1994,zxozkfm5,,0,0,51,,,,0,,,0.0,1994,,0.0,,treatment,,,,,,,,,,,,,,,,,,,tmjewif2,,,,,0
1995,yz3kq1p2,,0,0,51,,,,0,,,0.0,1995,,0.0,,treatment,,,,,,,,,,,,,,,,,,,tmjewif2,,,,,0
1996,s1afcq5d,,0,0,51,,,,0,,,0.0,1996,,0.0,,treatment,,,,,,,,,,,,,,,,,,,tmjewif2,,,,,0
1997,0pi97g4u,,0,0,51,,,,0,,,0.0,1997,,0.0,,control,,,,,,,,,,,,,,,,,,,tmjewif2,,,,,0
1998,pk5zvnvi,,0,0,51,,,,0,,,0.0,1998,,0.0,,treatment,,,,,,,,,,,,,,,,,,,tmjewif2,,,,,0
1999,2he8os61,,0,0,51,,,,0,,,0.0,1999,,0.0,,treatment,,,,,,,,,,,,,,,,,,,tmjewif2,,,,,0
2000,znk0rj0m,,0,0,51,,,,0,,,0.0,2000,,0.0,,treatment,,,,,,,,,,,,,,,,,,,tmjewif2,,,,,0
2001,dnoglt9y,,0,0,51,,,,0,,,0.0,2001,,0.0,,control,,,,,,,,,,,,,,,,,,,tmjewif2,,,,,0
2002,06d6ylox,,0,0,51,,,,0,,,0.0,2002,,0.0,,treatment,,,,,,,,,,,,,,,,,,,tmjewif2,,,,,0
2003,x69eieeq,,0,0,51,,,,0,,,0.0,2003,,0.0,,treatment,,,,,,,,,,,,,,,,,,,tmjewif2,,,,,0
2004,iyhosvt6,,0,0,51,,,,0,,,0.0,2004,,0.0,,treatment,,,,,,,,,,,,,,,,,,,tmjewif2,,,,,0
2005,b1gje04o,,0,0,51,,,,0,,,0.0,2005,,0.0,,control,,,,,,,,,,,,,,,,,,,tmjewif2,,,,,0
2006,koqx086u,,0,0,51,,,,0,,,0.0,2006,,0.0,,treatment,,,,,,,,,,,,,,,,,,,tmjewif2,,,,,0
2007,3xn88zu7,,0,0,51,,,,0,,,0.0,2007,,0.0,,treatment,,,,,,,,,,,,,,,,,,,tmjewif2,,,,,0
2008,59c4jigl,,0,0,51,,,,0,,,0.0,2008,,0.0,,treatment,,,,,,,,,,,,,,,,,,,tmjewif2,,,,,0
2009,v8jwkehq,,0,0,51,,,,0,,,0.0,2009,,0.0,,control,,,,,,,,,,,,,,,,,,,tmjewif2,,,,,0
2010,ze0c9bzr,,0,0,51,,,,0,,,0.0,2010,,0.0,,treatment,,,,,,,,,,,,,,,,,,,tmjewif2,,,,,0
2011,t9fogolt,,0,0,51,,,,0,,,0.0,2011,,0.0,,treatment,,,,,,,,,,,,,,,,,,,tmjewif2,,,,,0
2012,dynldcpn,,0,0,51,,,,0,,,0.0,2012,,0.0,,treatment,,,,,,,,,,,,,,,,,,,tmjewif2,,,,,0
2013,62w8ist5,,0,0,51,,,,0,,,0.0,2013,,0.0,,control,,,,,,,,,,,,,,,,,,,tmjewif2,,,,,0
2014,ct7q3wu4,,0,0,51,,,,0,,,0.0,2014,,0.0,,treatment,,,,,,,,,,,,,,,,,,,tmjewif2,,,,,0
2015,1pebaxfo,,0,0,51,,,,0,,,0.0,2015,,0.0,,treatment,,,,,,,,,,,,,,,,,,,tmjewif2,,,,,0
2016,xdxl7zeh,,0,0,51,,,,0,,,0.0,2016,,0.0,,treatment,,,,,,,,,,,,,,,,,,,tmjewif2,,,,,0
2017,lakj535g,,0,0,51,,,,0,,,0.0,2017,,0.0,,control,,,,,,,,,,,,,,,,,,,tmjewif2,,,,,0
2018,9u1f8p9w,,0,0,51,,,,0,,,0.0,2018,,0.0,,treatment,,,,,,,,,,,,,,,,,,,tmjewif2,,,,,0
2019,sh4jff2s,,0,0,51,,,,0,,,0.0,2019,,0.0,,treatment,,,,,,,,,,,,,,,,,,,tmjewif2,,,,,0
2020,x3jdqtge,,0,0,51,,,,0,,,0.0,2020,,0.0,,treatment,,,,,,,,,,,,,,,,,,,tmjewif2,,,,,0
2021,18k6twmk,,0,0,51,,,,0,,,0.0,2021,,0.0,,control,,,,,,,,,,,,,,,,,,,tmjewif2,,,,,0
2022,rltw7y0g,,0,0,51,,,,0,,,0.0,2022,,0.0,,treatment,,,,,,,,,,,,,,,,,,,tmjewif2,,,,,0
2023,6m540agd,,0,0,51,,,,0,,,0.0,2023,,0.0,,treatment,,,,,,,,,,,,,,,,,,,tmjewif2,,,,,0
2024,1ibk16vx,,0,0,51,,,,0,,,0.0,2024,,0.0,,treatment,,,,,,,,,,,,,,,,,,,tmjewif2,,,,,0
2025,fzscm49p,,0,0,51,,,,0,,,0.0,2025,,0.0,,control,,,,,,,,,,,,,,,,,,,tmjewif2,,,,,0
2026,cx9tbdqp,,0,0,51,,,,0,,,0.0,2026,,0.0,,treatment,,,,,,,,,,,,,,,,,,,tmjewif2,,,,,0
2027,9hh7haxy,,0,0,51,,,,0,,,0.0,2027,,0.0,,treatment,,,,,,,,,,,,,,,,,,,tmjewif2,,,,,0
2028,a9dsjwdp,,0,0,51,,,,0,,,0.0,2028,,0.0,,treatment,,,,,,,,,,,,,,,,,,,tmjewif2,,,,,0
2029,lta7mv39,,0,0,51,,,,0,,,0.0,2029,,0.0,,control,,,,,,,,,,,,,,,,,,,tmjewif2,,,,,0
2030,z20kk8fe,,0,0,51,,,,0,,,0.0,2030,,0.0,,treatment,,,,,,,,,,,,,,,,,,,tmjewif2,,,,,0
2031,e2l7s11w,,0,0,51,,,,0,,,0.0,2031,,0.0,,treatment,,,,,,,,,,,,,,,,,,,tmjewif2,,,,,0
2032,m7cjnl30,,0,0,51,,,,0,,,0.0,2032,,0.0,,treatment,,,,,,,,,,,,,,,,,,,tmjewif2,,,,,0
2033,f7wqn2gj,,0,0,51,,,,0,,,0.0,2033,,0.0,,control,,,,,,,,,,,,,,,,,,,tmjewif2,,,,,0
2034,2qqa1ykq,,0,0,51,,,,0,,,0.0,2034,,0.0,,treatment,,,,,,,,,,,,,,,,,,,tmjewif2,,,,,0
2035,4pnw7287,,0,0,51,,,,0,,,0.0,2035,,0.0,,treatment,,,,,,,,,,,,,,,,,,,tmjewif2,,,,,0
2036,ycs3e0qu,,0,0,51,,,,0,,,0.0,2036,,0.0,,treatment,,,,,,,,,,,,,,,,,,,tmjewif2,,,,,0
2037,gcmvkehk,,0,0,51,,,,0,,,0.0,2037,,0.0,,control,,,,,,,,,,,,,,,,,,,tmjewif2,,,,,0
2038,j2vjhjv2,,0,0,51,,,,0,,,0.0,2038,,0.0,,treatment,,,,,,,,,,,,,,,,,,,tmjewif2,,,,,0
2039,u0519mm4,,0,0,51,,,,0,,,0.0,2039,,0.0,,treatment,,,,,,,,,,,,,,,,,,,tmjewif2,,,,,0
2040,27z1be2c,,0,0,51,,,,0,,,0.0,2040,,0.0,,treatment,,,,,,,,,,,,,,,,,,,tmjewif2,,,,,0
2041,4b3uwd1p,,0,0,51,,,,0,,,0.0,2041,,0.0,,control,,,,,,,,,,,,,,,,,,,tmjewif2,,,,,0
2042,2q0fni4a,,0,0,51,,,,0,,,0.0,2042,,0.0,,treatment,,,,,,,,,,,,,,,,,,,tmjewif2,,,,,0
2043,t4zfiv7f,,0,0,51,,,,0,,,0.0,2043,,0.0,,treatment,,,,,,,,,,,,,,,,,,,tmjewif2,,,,,0
2044,7891l4p1,,0,0,51,,,,0,,,0.0,2044,,0.0,,treatment,,,,,,,,,,,,,,,,,,,tmjewif2,,,,,0
2045,6saq23at,,0,0,51,,,,0,,,0.0,2045,,0.0,,control,,,,,,,,,,,,,,,,,,,tmjewif2,,,,,0
2046,shmpl0dt,,0,0,51,,,,0,,,0.0,2046,,0.0,,treatment,,,,,,,,,,,,,,,,,,,tmjewif2,,,,,0
2047,uf88xhhr,,0,0,51,,,,0,,,0.0,2047,,0.0,,treatment,,,,,,,,,,,,,,,,,,,tmjewif2,,,,,0
2048,q93z1h4x,,0,0,51,,,,0,,,0.0,2048,,0.0,,treatment,,,,,,,,,,,,,,,,,,,tmjewif2,,,,,0
2049,pb5phz38,,0,0,51,,,,0,,,0.0,2049,,0.0,,control,,,,,,,,,,,,,,,,,,,tmjewif2,,,,,0
2050,vh7ni7u4,,0,0,51,,,,0,,,0.0,2050,,0.0,,treatment,,,,,,,,,,,,,,,,,,,tmjewif2,,,,,0
2051,atknrlcd,,0,0,51,,,,0,,,0.0,2051,,0.0,,treatment,,,,,,,,,,,,,,,,,,,tmjewif2,,,,,0
2052,k7uhkp4k,,0,0,51,,,,0,,,0.0,2052,,0.0,,treatment,,,,,,,,,,,,,,,,,,,tmjewif2,,,,,0
2053,3bwonjzf,,0,0,51,,,,0,,,0.0,2053,,0.0,,control,,,,,,,,,,,,,,,,,,,tmjewif2,,,,,0
2054,wumduhjb,,0,0,51,,,,0,,,0.0,2054,,0.0,,treatment,,,,,,,,,,,,,,,,,,,tmjewif2,,,,,0
2055,69ft012e,,0,0,51,,,,0,,,0.0,2055,,0.0,,treatment,,,,,,,,,,,,,,,,,,,tmjewif2,,,,,0
2056,3fphtwms,,0,0,51,,,,0,,,0.0,2056,,0.0,,treatment,,,,,,,,,,,,,,,,,,,tmjewif2,,,,,0
2057,p6gyuug0,,0,0,51,,,,0,,,0.0,2057,,0.0,,control,,,,,,,,,,,,,,,,,,,tmjewif2,,,,,0
2058,nzk251p4,,0,0,51,,,,0,,,0.0,2058,,0.0,,treatment,,,,,,,,,,,,,,,,,,,tmjewif2,,,,,0
2059,i5b00ptz,,0,0,51,,,,0,,,0.0,2059,,0.0,,treatment,,,,,,,,,,,,,,,,,,,tmjewif2,,,,,0
2060,5g7qfi29,,0,0,51,,,,0,,,0.0,2060,,0.0,,treatment,,,,,,,,,,,,,,,,,,,tmjewif2,,,,,0
2061,zp59yttp,,0,0,51,,,,0,,,0.0,2061,,0.0,,control,,,,,,,,,,,,,,,,,,,tmjewif2,,,,,0
2062,lfr37e47,,0,0,51,,,,0,,,0.0,2062,,0.0,,treatment,,,,,,,,,,,,,,,,,,,tmjewif2,,,,,0
2063,ag68gd4t,,0,0,51,,,,0,,,0.0,2063,,0.0,,treatment,,,,,,,,,,,,,,,,,,,tmjewif2,,,,,0
2064,sbu76oy2,,0,0,51,,,,0,,,0.0,2064,,0.0,,treatment,,,,,,,,,,,,,,,,,,,tmjewif2,,,,,0
2065,7096qfdc,,0,0,51,,,,0,,,0.0,2065,,0.0,,control,,,,,,,,,,,,,,,,,,,tmjewif2,,,,,0
2066,2xy6r7im,,0,0,51,,,,0,,,0.0,2066,,0.0,,treatment,,,,,,,,,,,,,,,,,,,tmjewif2,,,,,0
2067,brmiy3tf,,0,0,51,,,,0,,,0.0,2067,,0.0,,treatment,,,,,,,,,,,,,,,,,,,tmjewif2,,,,,0
2068,3dku431l,,0,0,51,,,,0,,,0.0,2068,,0.0,,treatment,,,,,,,,,,,,,,,,,,,tmjewif2,,,,,0
2069,7wkw3mik,,0,0,51,,,,0,,,0.0,2069,,0.0,,control,,,,,,,,,,,,,,,,,,,tmjewif2,,,,,0
2070,txahpe5c,,0,0,51,,,,0,,,0.0,2070,,0.0,,treatment,,,,,,,,,,,,,,,,,,,tmjewif2,,,,,0
2071,bu5pt9pm,,0,0,51,,,,0,,,0.0,2071,,0.0,,treatment,,,,,,,,,,,,,,,,,,,tmjewif2,,,,,0
2072,77hadwex,,0,0,51,,,,0,,,0.0,2072,,0.0,,treatment,,,,,,,,,,,,,,,,,,,tmjewif2,,,,,0
2073,cj53egsd,,0,0,51,,,,0,,,0.0,2073,,0.0,,control,,,,,,,,,,,,,,,,,,,tmjewif2,,,,,0
2074,k0bp62q3,,0,0,51,,,,0,,,0.0,2074,,0.0,,treatment,,,,,,,,,,,,,,,,,,,tmjewif2,,,,,0
2075,46r63pis,,0,0,51,,,,0,,,0.0,2075,,0.0,,treatment,,,,,,,,,,,,,,,,,,,tmjewif2,,,,,0
2076,anvfwg2t,,0,0,51,,,,0,,,0.0,2076,,0.0,,treatment,,,,,,,,,,,,,,,,,,,tmjewif2,,,,,0
2077,1by9potj,,0,0,51,,,,0,,,0.0,2077,,0.0,,control,,,,,,,,,,,,,,,,,,,tmjewif2,,,,,0
2078,b8hiewye,,0,0,51,,,,0,,,0.0,2078,,0.0,,treatment,,,,,,,,,,,,,,,,,,,tmjewif2,,,,,0
2079,tgd7xuio,,0,0,51,,,,0,,,0.0,2079,,0.0,,treatment,,,,,,,,,,,,,,,,,,,tmjewif2,,,,,0
2080,naxb79nc,,0,0,51,,,,0,,,0.0,2080,,0.0,,treatment,,,,,,,,,,,,,,,,,,,tmjewif2,,,,,0
2081,u2byf9vt,,0,0,51,,,,0,,,0.0,2081,,0.0,,control,,,,,,,,,,,,,,,,,,,tmjewif2,,,,,0
2082,qy2itmbj,,0,0,51,,,,0,,,0.0,2082,,0.0,,treatment,,,,,,,,,,,,,,,,,,,tmjewif2,,,,,0
2083,hbesvc1e,,0,0,51,,,,0,,,0.0,2083,,0.0,,treatment,,,,,,,,,,,,,,,,,,,tmjewif2,,,,,0
2084,g0lksqpx,,0,0,51,,,,0,,,0.0,2084,,0.0,,treatment,,,,,,,,,,,,,,,,,,,tmjewif2,,,,,0
2085,3oryb8jj,,0,0,51,,,,0,,,0.0,2085,,0.0,,control,,,,,,,,,,,,,,,,,,,tmjewif2,,,,,0
2086,qprbfji5,,0,0,51,,,,0,,,0.0,2086,,0.0,,treatment,,,,,,,,,,,,,,,,,,,tmjewif2,,,,,0
2087,hxkeoqsu,,0,0,51,,,,0,,,0.0,2087,,0.0,,treatment,,,,,,,,,,,,,,,,,,,tmjewif2,,,,,0
2088,84sxmqjj,,0,0,51,,,,0,,,0.0,2088,,0.0,,treatment,,,,,,,,,,,,,,,,,,,tmjewif2,,,,,0
2089,wxdp5sk8,,0,0,51,,,,0,,,0.0,2089,,0.0,,control,,,,,,,,,,,,,,,,,,,tmjewif2,,,,,0
2090,ff50h4n4,,0,0,51,,,,0,,,0.0,2090,,0.0,,treatment,,,,,,,,,,,,,,,,,,,tmjewif2,,,,,0
2091,o21lgxtu,,0,0,51,,,,0,,,0.0,2091,,0.0,,treatment,,,,,,,,,,,,,,,,,,,tmjewif2,,,,,0
2092,s8cysj58,,0,0,51,,,,0,,,0.0,2092,,0.0,,treatment,,,,,,,,,,,,,,,,,,,tmjewif2,,,,,0
2093,yrnr9pnv,,0,0,51,,,,0,,,0.0,2093,,0.0,,control,,,,,,,,,,,,,,,,,,,tmjewif2,,,,,0
2094,axwueusl,,0,0,51,,,,0,,,0.0,2094,,0.0,,treatment,,,,,,,,,,,,,,,,,,,tmjewif2,,,,,0
2095,6q2uj2p2,,0,0,51,,,,0,,,0.0,2095,,0.0,,treatment,,,,,,,,,,,,,,,,,,,tmjewif2,,,,,0
2096,izaixj1l,,0,0,51,,,,0,,,0.0,2096,,0.0,,treatment,,,,,,,,,,,,,,,,,,,tmjewif2,,,,,0
2097,sfeoehug,,0,0,51,,,,0,,,0.0,2097,,0.0,,control,,,,,,,,,,,,,,,,,,,tmjewif2,,,,,0
2098,xzaks4ox,,0,0,51,,,,0,,,0.0,2098,,0.0,,treatment,,,,,,,,,,,,,,,,,,,tmjewif2,,,,,0
2099,f7utnrsc,,0,0,51,,,,0,,,0.0,2099,,0.0,,treatment,,,,,,,,,,,,,,,,,,,tmjewif2,,,,,0
2100,305mk3pt,,0,0,51,,,,0,,,0.0,2100,,0.0,,treatment,,,,,,,,,,,,,,,,,,,tmjewif2,,,,,0
2101,hhp45htn,,0,0,51,,,,0,,,0.0,2101,,0.0,,control,,,,,,,,,,,,,,,,,,,tmjewif2,,,,,0
2102,dorsegb2,,0,0,51,,,,0,,,0.0,2102,,0.0,,treatment,,,,,,,,,,,,,,,,,,,tmjewif2,,,,,0
2103,ntt7dstz,,0,0,51,,,,0,,,0.0,2103,,0.0,,treatment,,,,,,,,,,,,,,,,,,,tmjewif2,,,,,0
2104,1jq1e0a7,,0,0,51,,,,0,,,0.0,2104,,0.0,,treatment,,,,,,,,,,,,,,,,,,,tmjewif2,,,,,0
2105,m2vv0z3r,,0,0,51,,,,0,,,0.0,2105,,0.0,,control,,,,,,,,,,,,,,,,,,,tmjewif2,,,,,0
2106,zju9ohjb,,0,0,51,,,,0,,,0.0,2106,,0.0,,treatment,,,,,,,,,,,,,,,,,,,tmjewif2,,,,,0
2107,hk8j1b5z,,0,0,51,,,,0,,,0.0,2107,,0.0,,treatment,,,,,,,,,,,,,,,,,,,tmjewif2,,,,,0
2108,5awyn43h,,0,0,51,,,,0,,,0.0,2108,,0.0,,treatment,,,,,,,,,,,,,,,,,,,tmjewif2,,,,,0
2109,0my67czz,,0,0,51,,,,0,,,0.0,2109,,0.0,,control,,,,,,,,,,,,,,,,,,,tmjewif2,,,,,0
2110,ts5lc7u5,,0,0,51,,,,0,,,0.0,2110,,0.0,,treatment,,,,,,,,,,,,,,,,,,,tmjewif2,,,,,0
2111,18yznrmh,,0,0,51,,,,0,,,0.0,2111,,0.0,,treatment,,,,,,,,,,,,,,,,,,,tmjewif2,,,,,0
2112,kxftc4cl,,0,0,51,,,,0,,,0.0,2112,,0.0,,treatment,,,,,,,,,,,,,,,,,,,tmjewif2,,,,,0
2113,eijy24cp,,0,0,51,,,,0,,,0.0,2113,,0.0,,control,,,,,,,,,,,,,,,,,,,tmjewif2,,,,,0
2114,dfoj14jy,,0,0,51,,,,0,,,0.0,2114,,0.0,,treatment,,,,,,,,,,,,,,,,,,,tmjewif2,,,,,0
2115,r31f4zco,,0,0,51,,,,0,,,0.0,2115,,0.0,,treatment,,,,,,,,,,,,,,,,,,,tmjewif2,,,,,0
2116,oq0dbz3j,,0,0,51,,,,0,,,0.0,2116,,0.0,,treatment,,,,,,,,,,,,,,,,,,,tmjewif2,,,,,0
2117,rhjpwwl8,,0,0,51,,,,0,,,0.0,2117,,0.0,,control,,,,,,,,,,,,,,,,,,,tmjewif2,,,,,0
2118,g83duopl,,0,0,51,,,,0,,,0.0,2118,,0.0,,treatment,,,,,,,,,,,,,,,,,,,tmjewif2,,,,,0
2119,afe51rxj,,0,0,51,,,,0,,,0.0,2119,,0.0,,treatment,,,,,,,,,,,,,,,,,,,tmjewif2,,,,,0
2120,oxtt8oqp,,0,0,51,,,,0,,,0.0,2120,,0.0,,treatment,,,,,,,,,,,,,,,,,,,tmjewif2,,,,,0
2121,ws5d6e5v,,0,0,51,,,,0,,,0.0,2121,,0.0,,control,,,,,,,,,,,,,,,,,,,tmjewif2,,,,,0
2122,yb0qk8or,,0,0,51,,,,0,,,0.0,2122,,0.0,,treatment,,,,,,,,,,,,,,,,,,,tmjewif2,,,,,0
2123,vacw5cq4,,0,0,51,,,,0,,,0.0,2123,,0.0,,treatment,,,,,,,,,,,,,,,,,,,tmjewif2,,,,,0
2124,ckug2eiq,,0,0,51,,,,0,,,0.0,2124,,0.0,,treatment,,,,,,,,,,,,,,,,,,,tmjewif2,,,,,0
2125,s7j2lboo,,0,0,51,,,,0,,,0.0,2125,,0.0,,control,,,,,,,,,,,,,,,,,,,tmjewif2,,,,,0
2126,sod5fd83,,0,0,51,,,,0,,,0.0,2126,,0.0,,treatment,,,,,,,,,,,,,,,,,,,tmjewif2,,,,,0
2127,ja3nvo9k,,0,0,51,,,,0,,,0.0,2127,,0.0,,treatment,,,,,,,,,,,,,,,,,,,tmjewif2,,,,,0
2128,z3jlyz4g,,0,0,51,,,,0,,,0.0,2128,,0.0,,treatment,,,,,,,,,,,,,,,,,,,tmjewif2,,,,,0
2129,wstxdqxa,,0,0,51,,,,0,,,0.0,2129,,0.0,,control,,,,,,,,,,,,,,,,,,,tmjewif2,,,,,0
2130,lwwgg0zu,,0,0,51,,,,0,,,0.0,2130,,0.0,,treatment,,,,,,,,,,,,,,,,,,,tmjewif2,,,,,0
2131,8ei3uwkb,,0,0,51,,,,0,,,0.0,2131,,0.0,,treatment,,,,,,,,,,,,,,,,,,,tmjewif2,,,,,0
2132,1o19oq5f,,0,0,51,,,,0,,,0.0,2132,,0.0,,treatment,,,,,,,,,,,,,,,,,,,tmjewif2,,,,,0
2133,kclbzrxu,,0,0,51,,,,0,,,0.0,2133,,0.0,,control,,,,,,,,,,,,,,,,,,,tmjewif2,,,,,0
2134,3ryoc72a,,0,0,51,,,,0,,,0.0,2134,,0.0,,treatment,,,,,,,,,,,,,,,,,,,tmjewif2,,,,,0
2135,qdb5bydy,,0,0,51,,,,0,,,0.0,2135,,0.0,,treatment,,,,,,,,,,,,,,,,,,,tmjewif2,,,,,0
2136,a4cjbkxl,,0,0,51,,,,0,,,0.0,2136,,0.0,,treatment,,,,,,,,,,,,,,,,,,,tmjewif2,,,,,0
2137,g1l4eayv,,0,0,51,,,,0,,,0.0,2137,,0.0,,control,,,,,,,,,,,,,,,,,,,tmjewif2,,,,,0
2138,aimeaoda,,0,0,51,,,,0,,,0.0,2138,,0.0,,treatment,,,,,,,,,,,,,,,,,,,tmjewif2,,,,,0
2139,hkak6ycl,,0,0,51,,,,0,,,0.0,2139,,0.0,,treatment,,,,,,,,,,,,,,,,,,,tmjewif2,,,,,0
2140,5f8tfdje,,0,0,51,,,,0,,,0.0,2140,,0.0,,treatment,,,,,,,,,,,,,,,,,,,tmjewif2,,,,,0
2141,43etm3ug,,0,0,51,,,,0,,,0.0,2141,,0.0,,control,,,,,,,,,,,,,,,,,,,tmjewif2,,,,,0
2142,hxyc31hj,,0,0,51,,,,0,,,0.0,2142,,0.0,,treatment,,,,,,,,,,,,,,,,,,,tmjewif2,,,,,0
2143,siyejj3f,,0,0,51,,,,0,,,0.0,2143,,0.0,,treatment,,,,,,,,,,,,,,,,,,,tmjewif2,,,,,0
2144,9k6j1b3z,,0,0,51,,,,0,,,0.0,2144,,0.0,,treatment,,,,,,,,,,,,,,,,,,,tmjewif2,,,,,0
2145,sezc7ff0,,0,0,51,,,,0,,,0.0,2145,,0.0,,control,,,,,,,,,,,,,,,,,,,tmjewif2,,,,,0
2146,3myvn5ag,,0,0,51,,,,0,,,0.0,2146,,0.0,,treatment,,,,,,,,,,,,,,,,,,,tmjewif2,,,,,0
2147,hllaqtt2,,0,0,51,,,,0,,,0.0,2147,,0.0,,treatment,,,,,,,,,,,,,,,,,,,tmjewif2,,,,,0
2148,kv4f87eb,,0,0,51,,,,0,,,0.0,2148,,0.0,,treatment,,,,,,,,,,,,,,,,,,,tmjewif2,,,,,0
2149,fn84ic6w,,0,0,51,,,,0,,,0.0,2149,,0.0,,control,,,,,,,,,,,,,,,,,,,tmjewif2,,,,,0
2150,eg1bnkv8,,0,0,51,,,,0,,,0.0,2150,,0.0,,treatment,,,,,,,,,,,,,,,,,,,tmjewif2,,,,,0
2151,8y4p2bqf,,0,0,51,,,,0,,,0.0,2151,,0.0,,treatment,,,,,,,,,,,,,,,,,,,tmjewif2,,,,,0
2152,w7nja1hx,,0,0,51,,,,0,,,0.0,2152,,0.0,,treatment,,,,,,,,,,,,,,,,,,,tmjewif2,,,,,0
2153,tz8qhzy5,,0,0,51,,,,0,,,0.0,2153,,0.0,,control,,,,,,,,,,,,,,,,,,,tmjewif2,,,,,0
2154,5vlsnq0j,,0,0,51,,,,0,,,0.0,2154,,0.0,,treatment,,,,,,,,,,,,,,,,,,,tmjewif2,,,,,0
2155,teg45hbk,,0,0,51,,,,0,,,0.0,2155,,0.0,,treatment,,,,,,,,,,,,,,,,,,,tmjewif2,,,,,0
2156,qu5grfw2,,0,0,51,,,,0,,,0.0,2156,,0.0,,treatment,,,,,,,,,,,,,,,,,,,tmjewif2,,,,,0
2157,grt4t3c1,,0,0,51,,,,0,,,0.0,2157,,0.0,,control,,,,,,,,,,,,,,,,,,,tmjewif2,,,,,0
2158,pu4zp915,,0,0,51,,,,0,,,0.0,2158,,0.0,,treatment,,,,,,,,,,,,,,,,,,,tmjewif2,,,,,0
2159,3ch41x6y,,0,0,51,,,,0,,,0.0,2159,,0.0,,treatment,,,,,,,,,,,,,,,,,,,tmjewif2,,,,,0
2160,h5uwk7fj,,0,0,51,,,,0,,,0.0,2160,,0.0,,treatment,,,,,,,,,,,,,,,,,,,tmjewif2,,,,,0
2161,ck1tmapr,,0,0,51,,,,0,,,0.0,2161,,0.0,,control,,,,,,,,,,,,,,,,,,,tmjewif2,,,,,0
2162,3tz6yqpi,,0,0,51,,,,0,,,0.0,2162,,0.0,,treatment,,,,,,,,,,,,,,,,,,,tmjewif2,,,,,0
2163,3ubwcaw2,,0,0,51,,,,0,,,0.0,2163,,0.0,,treatment,,,,,,,,,,,,,,,,,,,tmjewif2,,,,,0
2164,twwoo81z,,0,0,51,,,,0,,,0.0,2164,,0.0,,treatment,,,,,,,,,,,,,,,,,,,tmjewif2,,,,,0
2165,649pgyxh,,0,0,51,,,,0,,,0.0,2165,,0.0,,control,,,,,,,,,,,,,,,,,,,tmjewif2,,,,,0
2166,5lxo44at,,0,0,51,,,,0,,,0.0,2166,,0.0,,treatment,,,,,,,,,,,,,,,,,,,tmjewif2,,,,,0
2167,b3i70pd7,,0,0,51,,,,0,,,0.0,2167,,0.0,,treatment,,,,,,,,,,,,,,,,,,,tmjewif2,,,,,0
2168,islc3e2g,,0,0,51,,,,0,,,0.0,2168,,0.0,,treatment,,,,,,,,,,,,,,,,,,,tmjewif2,,,,,0
2169,sgzkc84y,,0,0,51,,,,0,,,0.0,2169,,0.0,,control,,,,,,,,,,,,,,,,,,,tmjewif2,,,,,0
2170,kl3zog6r,,0,0,51,,,,0,,,0.0,2170,,0.0,,treatment,,,,,,,,,,,,,,,,,,,tmjewif2,,,,,0
2171,wvado3dd,,0,0,51,,,,0,,,0.0,2171,,0.0,,treatment,,,,,,,,,,,,,,,,,,,tmjewif2,,,,,0
2172,8l23vqyk,,0,0,51,,,,0,,,0.0,2172,,0.0,,treatment,,,,,,,,,,,,,,,,,,,tmjewif2,,,,,0
2173,1wcfa4fm,,0,0,51,,,,0,,,0.0,2173,,0.0,,control,,,,,,,,,,,,,,,,,,,tmjewif2,,,,,0
2174,lhmoyedc,,0,0,51,,,,0,,,0.0,2174,,0.0,,treatment,,,,,,,,,,,,,,,,,,,tmjewif2,,,,,0
2175,qdu1bpev,,0,0,51,,,,0,,,0.0,2175,,0.0,,treatment,,,,,,,,,,,,,,,,,,,tmjewif2,,,,,0
2176,hb59k1np,,0,0,51,,,,0,,,0.0,2176,,0.0,,treatment,,,,,,,,,,,,,,,,,,,tmjewif2,,,,,0
2177,t5vn5eod,,0,0,51,,,,0,,,0.0,2177,,0.0,,control,,,,,,,,,,,,,,,,,,,tmjewif2,,,,,0
2178,y78yo46k,,0,0,51,,,,0,,,0.0,2178,,0.0,,treatment,,,,,,,,,,,,,,,,,,,tmjewif2,,,,,0
2179,185qls0k,,0,0,51,,,,0,,,0.0,2179,,0.0,,treatment,,,,,,,,,,,,,,,,,,,tmjewif2,,,,,0
2180,8mj6iph2,,0,0,51,,,,0,,,0.0,2180,,0.0,,treatment,,,,,,,,,,,,,,,,,,,tmjewif2,,,,,0
2181,rtjwvlvg,,0,0,51,,,,0,,,0.0,2181,,0.0,,control,,,,,,,,,,,,,,,,,,,tmjewif2,,,,,0
2182,3whgxrrw,,0,0,51,,,,0,,,0.0,2182,,0.0,,treatment,,,,,,,,,,,,,,,,,,,tmjewif2,,,,,0
2183,0gm6tfdw,,0,0,51,,,,0,,,0.0,2183,,0.0,,treatment,,,,,,,,,,,,,,,,,,,tmjewif2,,,,,0
2184,shfqxuk4,,0,0,51,,,,0,,,0.0,2184,,0.0,,treatment,,,,,,,,,,,,,,,,,,,tmjewif2,,,,,0
2185,93rekju2,,0,0,51,,,,0,,,0.0,2185,,0.0,,control,,,,,,,,,,,,,,,,,,,tmjewif2,,,,,0
2186,pej246lm,,0,0,51,,,,0,,,0.0,2186,,0.0,,treatment,,,,,,,,,,,,,,,,,,,tmjewif2,,,,,0
2187,fa4rjgzh,,0,0,51,,,,0,,,0.0,2187,,0.0,,treatment,,,,,,,,,,,,,,,,,,,tmjewif2,,,,,0
2188,1s5fyzlp,,0,0,51,,,,0,,,0.0,2188,,0.0,,treatment,,,,,,,,,,,,,,,,,,,tmjewif2,,,,,0
2189,5d8cschl,,0,0,51,,,,0,,,0.0,2189,,0.0,,control,,,,,,,,,,,,,,,,,,,tmjewif2,,,,,0
2190,4dvupg7b,,0,0,51,,,,0,,,0.0,2190,,0.0,,treatment,,,,,,,,,,,,,,,,,,,tmjewif2,,,,,0
2191,2bvmm9e6,,0,0,51,,,,0,,,0.0,2191,,0.0,,treatment,,,,,,,,,,,,,,,,,,,tmjewif2,,,,,0
2192,77l42e4r,,0,0,51,,,,0,,,0.0,2192,,0.0,,treatment,,,,,,,,,,,,,,,,,,,tmjewif2,,,,,0
2193,x6ysvp1g,,0,0,51,,,,0,,,0.0,2193,,0.0,,control,,,,,,,,,,,,,,,,,,,tmjewif2,,,,,0
2194,v9tj8r2n,,0,0,51,,,,0,,,0.0,2194,,0.0,,treatment,,,,,,,,,,,,,,,,,,,tmjewif2,,,,,0
2195,bfabrbx8,,0,0,51,,,,0,,,0.0,2195,,0.0,,treatment,,,,,,,,,,,,,,,,,,,tmjewif2,,,,,0
2196,b666dnk6,,0,0,51,,,,0,,,0.0,2196,,0.0,,treatment,,,,,,,,,,,,,,,,,,,tmjewif2,,,,,0
2197,ug0vx7m9,,0,0,51,,,,0,,,0.0,2197,,0.0,,control,,,,,,,,,,,,,,,,,,,tmjewif2,,,,,0
2198,i3fwtwtw,,0,0,51,,,,0,,,0.0,2198,,0.0,,treatment,,,,,,,,,,,,,,,,,,,tmjewif2,,,,,0
2199,tdb6hryr,,0,0,51,,,,0,,,0.0,2199,,0.0,,treatment,,,,,,,,,,,,,,,,,,,tmjewif2,,,,,0
2200,ts7dbkdv,,0,0,51,,,,0,,,0.0,2200,,0.0,,treatment,,,,,,,,,,,,,,,,,,,tmjewif2,,,,,0
2201,f7rvstkr,,0,0,51,,,,0,,,0.0,2201,,0.0,,control,,,,,,,,,,,,,,,,,,,tmjewif2,,,,,0
2202,pwfpswkl,,0,0,51,,,,0,,,0.0,2202,,0.0,,treatment,,,,,,,,,,,,,,,,,,,tmjewif2,,,,,0
2203,z4f3qia6,,0,0,51,,,,0,,,0.0,2203,,0.0,,treatment,,,,,,,,,,,,,,,,,,,tmjewif2,,,,,0
2204,tf3h1zn8,,0,0,51,,,,0,,,0.0,2204,,0.0,,treatment,,,,,,,,,,,,,,,,,,,tmjewif2,,,,,0
2205,jz6x970x,,0,0,51,,,,0,,,0.0,2205,,0.0,,control,,,,,,,,,,,,,,,,,,,tmjewif2,,,,,0
2206,qrwqmd4u,,0,0,51,,,,0,,,0.0,2206,,0.0,,treatment,,,,,,,,,,,,,,,,,,,tmjewif2,,,,,0
2207,fxyu29lw,,0,0,51,,,,0,,,0.0,2207,,0.0,,treatment,,,,,,,,,,,,,,,,,,,tmjewif2,,,,,0
2208,qhq8i2j1,,0,0,51,,,,0,,,0.0,2208,,0.0,,treatment,,,,,,,,,,,,,,,,,,,tmjewif2,,,,,0
2209,iwtgmksn,,0,0,51,,,,0,,,0.0,2209,,0.0,,control,,,,,,,,,,,,,,,,,,,tmjewif2,,,,,0
2210,iwiudi3r,,0,0,51,,,,0,,,0.0,2210,,0.0,,treatment,,,,,,,,,,,,,,,,,,,tmjewif2,,,,,0
2211,vnlduisr,,0,0,51,,,,0,,,0.0,2211,,0.0,,treatment,,,,,,,,,,,,,,,,,,,tmjewif2,,,,,0
2212,zkxa3dm6,,0,0,51,,,,0,,,0.0,2212,,0.0,,treatment,,,,,,,,,,,,,,,,,,,tmjewif2,,,,,0
2213,c6kiuyk1,,0,0,51,,,,0,,,0.0,2213,,0.0,,control,,,,,,,,,,,,,,,,,,,tmjewif2,,,,,0
2214,otuuubdj,,0,0,51,,,,0,,,0.0,2214,,0.0,,treatment,,,,,,,,,,,,,,,,,,,tmjewif2,,,,,0
2215,51hzbbdo,,0,0,51,,,,0,,,0.0,2215,,0.0,,treatment,,,,,,,,,,,,,,,,,,,tmjewif2,,,,,0
2216,42qptnu5,,0,0,51,,,,0,,,0.0,2216,,0.0,,treatment,,,,,,,,,,,,,,,,,,,tmjewif2,,,,,0
2217,in88va9r,,0,0,51,,,,0,,,0.0,2217,,0.0,,control,,,,,,,,,,,,,,,,,,,tmjewif2,,,,,0
2218,g3r4iduc,,0,0,51,,,,0,,,0.0,2218,,0.0,,treatment,,,,,,,,,,,,,,,,,,,tmjewif2,,,,,0
2219,hod59pcr,,0,0,51,,,,0,,,0.0,2219,,0.0,,treatment,,,,,,,,,,,,,,,,,,,tmjewif2,,,,,0
2220,7gro583m,,0,0,51,,,,0,,,0.0,2220,,0.0,,treatment,,,,,,,,,,,,,,,,,,,tmjewif2,,,,,0
2221,pl7bmw19,,0,0,51,,,,0,,,0.0,2221,,0.0,,control,,,,,,,,,,,,,,,,,,,tmjewif2,,,,,0
2222,p1zchlzs,,0,0,51,,,,0,,,0.0,2222,,0.0,,treatment,,,,,,,,,,,,,,,,,,,tmjewif2,,,,,0
2223,e1hvt269,,0,0,51,,,,0,,,0.0,2223,,0.0,,treatment,,,,,,,,,,,,,,,,,,,tmjewif2,,,,,0
2224,4rk7lkbu,,0,0,51,,,,0,,,0.0,2224,,0.0,,treatment,,,,,,,,,,,,,,,,,,,tmjewif2,,,,,0
2225,4mhqwk5p,,0,0,51,,,,0,,,0.0,2225,,0.0,,control,,,,,,,,,,,,,,,,,,,tmjewif2,,,,,0
2226,ufywp4tk,,0,0,51,,,,0,,,0.0,2226,,0.0,,treatment,,,,,,,,,,,,,,,,,,,tmjewif2,,,,,0
2227,secfhe82,,0,0,51,,,,0,,,0.0,2227,,0.0,,treatment,,,,,,,,,,,,,,,,,,,tmjewif2,,,,,0
2228,mekgqume,,0,0,51,,,,0,,,0.0,2228,,0.0,,treatment,,,,,,,,,,,,,,,,,,,tmjewif2,,,,,0
2229,t312rd5n,,0,0,51,,,,0,,,0.0,2229,,0.0,,control,,,,,,,,,,,,,,,,,,,tmjewif2,,,,,0
2230,ffsaxzcf,,0,0,51,,,,0,,,0.0,2230,,0.0,,treatment,,,,,,,,,,,,,,,,,,,tmjewif2,,,,,0
2231,hhivc5hk,,0,0,51,,,,0,,,0.0,2231,,0.0,,treatment,,,,,,,,,,,,,,,,,,,tmjewif2,,,,,0
2232,4bt0juaz,,0,0,51,,,,0,,,0.0,2232,,0.0,,treatment,,,,,,,,,,,,,,,,,,,tmjewif2,,,,,0
2233,n5vca3ku,,0,0,51,,,,0,,,0.0,2233,,0.0,,control,,,,,,,,,,,,,,,,,,,tmjewif2,,,,,0
2234,ah43w3zz,,0,0,51,,,,0,,,0.0,2234,,0.0,,treatment,,,,,,,,,,,,,,,,,,,tmjewif2,,,,,0
2235,1xmg60bh,,0,0,51,,,,0,,,0.0,2235,,0.0,,treatment,,,,,,,,,,,,,,,,,,,tmjewif2,,,,,0
2236,sxukmy0z,,0,0,51,,,,0,,,0.0,2236,,0.0,,treatment,,,,,,,,,,,,,,,,,,,tmjewif2,,,,,0
2237,rfnqngv5,,0,0,51,,,,0,,,0.0,2237,,0.0,,control,,,,,,,,,,,,,,,,,,,tmjewif2,,,,,0
2238,7i6i6yon,,0,0,51,,,,0,,,0.0,2238,,0.0,,treatment,,,,,,,,,,,,,,,,,,,tmjewif2,,,,,0
2239,u74pj82k,,0,0,51,,,,0,,,0.0,2239,,0.0,,treatment,,,,,,,,,,,,,,,,,,,tmjewif2,,,,,0
2240,xrl45r2q,,0,0,51,,,,0,,,0.0,2240,,0.0,,treatment,,,,,,,,,,,,,,,,,,,tmjewif2,,,,,0
2241,fxffe7t3,,0,0,51,,,,0,,,0.0,2241,,0.0,,control,,,,,,,,,,,,,,,,,,,tmjewif2,,,,,0
2242,fdnppy17,,0,0,51,,,,0,,,0.0,2242,,0.0,,treatment,,,,,,,,,,,,,,,,,,,tmjewif2,,,,,0
2243,vcbx028z,,0,0,51,,,,0,,,0.0,2243,,0.0,,treatment,,,,,,,,,,,,,,,,,,,tmjewif2,,,,,0
2244,xcqiefu1,,0,0,51,,,,0,,,0.0,2244,,0.0,,treatment,,,,,,,,,,,,,,,,,,,tmjewif2,,,,,0
2245,52180h19,,0,0,51,,,,0,,,0.0,2245,,0.0,,control,,,,,,,,,,,,,,,,,,,tmjewif2,,,,,0
2246,wo4yosrs,,0,0,51,,,,0,,,0.0,2246,,0.0,,treatment,,,,,,,,,,,,,,,,,,,tmjewif2,,,,,0
2247,fbcpdvim,,0,0,51,,,,0,,,0.0,2247,,0.0,,treatment,,,,,,,,,,,,,,,,,,,tmjewif2,,,,,0
2248,q588z2fi,,0,0,51,,,,0,,,0.0,2248,,0.0,,treatment,,,,,,,,,,,,,,,,,,,tmjewif2,,,,,0
2249,wgg1i86k,,0,0,51,,,,0,,,0.0,2249,,0.0,,control,,,,,,,,,,,,,,,,,,,tmjewif2,,,,,0
2250,sser3ncv,,0,0,51,,,,0,,,0.0,2250,,0.0,,treatment,,,,,,,,,,,,,,,,,,,tmjewif2,,,,,0
2251,31bsnmpc,,0,0,51,,,,0,,,0.0,2251,,0.0,,treatment,,,,,,,,,,,,,,,,,,,tmjewif2,,,,,0
2252,qbhawn21,,0,0,51,,,,0,,,0.0,2252,,0.0,,treatment,,,,,,,,,,,,,,,,,,,tmjewif2,,,,,0
2253,le6fflg8,,0,0,51,,,,0,,,0.0,2253,,0.0,,control,,,,,,,,,,,,,,,,,,,tmjewif2,,,,,0
2254,0n89x22a,,0,0,51,,,,0,,,0.0,2254,,0.0,,treatment,,,,,,,,,,,,,,,,,,,tmjewif2,,,,,0
2255,tustx0g8,,0,0,51,,,,0,,,0.0,2255,,0.0,,treatment,,,,,,,,,,,,,,,,,,,tmjewif2,,,,,0
2256,wjlzrr03,,0,0,51,,,,0,,,0.0,2256,,0.0,,treatment,,,,,,,,,,,,,,,,,,,tmjewif2,,,,,0
2257,jg7gdfwv,,0,0,51,,,,0,,,0.0,2257,,0.0,,control,,,,,,,,,,,,,,,,,,,tmjewif2,,,,,0
2258,dsfs6q7s,,0,0,51,,,,0,,,0.0,2258,,0.0,,treatment,,,,,,,,,,,,,,,,,,,tmjewif2,,,,,0
2259,2fdeh33q,,0,0,51,,,,0,,,0.0,2259,,0.0,,treatment,,,,,,,,,,,,,,,,,,,tmjewif2,,,,,0
2260,uypb8ral,,0,0,51,,,,0,,,0.0,2260,,0.0,,treatment,,,,,,,,,,,,,,,,,,,tmjewif2,,,,,0
2261,0oa6n2q7,,0,0,51,,,,0,,,0.0,2261,,0.0,,control,,,,,,,,,,,,,,,,,,,tmjewif2,,,,,0
2262,udkr9zm2,,0,0,51,,,,0,,,0.0,2262,,0.0,,treatment,,,,,,,,,,,,,,,,,,,tmjewif2,,,,,0
2263,0w8l7hyk,,0,0,51,,,,0,,,0.0,2263,,0.0,,treatment,,,,,,,,,,,,,,,,,,,tmjewif2,,,,,0
2264,vmq0mas4,,0,0,51,,,,0,,,0.0,2264,,0.0,,treatment,,,,,,,,,,,,,,,,,,,tmjewif2,,,,,0
2265,ev6593u3,,0,0,51,,,,0,,,0.0,2265,,0.0,,control,,,,,,,,,,,,,,,,,,,tmjewif2,,,,,0
2266,ei58yohn,,0,0,51,,,,0,,,0.0,2266,,0.0,,treatment,,,,,,,,,,,,,,,,,,,tmjewif2,,,,,0
2267,cts6g7p3,,0,0,51,,,,0,,,0.0,2267,,0.0,,treatment,,,,,,,,,,,,,,,,,,,tmjewif2,,,,,0
2268,bcftfv9d,,0,0,51,,,,0,,,0.0,2268,,0.0,,treatment,,,,,,,,,,,,,,,,,,,tmjewif2,,,,,0
2269,xrehox9t,,0,0,51,,,,0,,,0.0,2269,,0.0,,control,,,,,,,,,,,,,,,,,,,tmjewif2,,,,,0
2270,o4zv43ng,,0,0,51,,,,0,,,0.0,2270,,0.0,,treatment,,,,,,,,,,,,,,,,,,,tmjewif2,,,,,0
2271,avo6tgbo,,0,0,51,,,,0,,,0.0,2271,,0.0,,treatment,,,,,,,,,,,,,,,,,,,tmjewif2,,,,,0
2272,6njniv8e,,0,0,51,,,,0,,,0.0,2272,,0.0,,treatment,,,,,,,,,,,,,,,,,,,tmjewif2,,,,,0
2273,bdk9eoum,,0,0,51,,,,0,,,0.0,2273,,0.0,,control,,,,,,,,,,,,,,,,,,,tmjewif2,,,,,0
2274,zpq31f2y,,0,0,51,,,,0,,,0.0,2274,,0.0,,treatment,,,,,,,,,,,,,,,,,,,tmjewif2,,,,,0
2275,uvt08ixm,,0,0,51,,,,0,,,0.0,2275,,0.0,,treatment,,,,,,,,,,,,,,,,,,,tmjewif2,,,,,0
2276,qjzvxqs4,,0,0,51,,,,0,,,0.0,2276,,0.0,,treatment,,,,,,,,,,,,,,,,,,,tmjewif2,,,,,0
2277,h246hfd1,,0,0,51,,,,0,,,0.0,2277,,0.0,,control,,,,,,,,,,,,,,,,,,,tmjewif2,,,,,0
2278,lyyxex7e,,0,0,51,,,,0,,,0.0,2278,,0.0,,treatment,,,,,,,,,,,,,,,,,,,tmjewif2,,,,,0
2279,qwd8g2le,,0,0,51,,,,0,,,0.0,2279,,0.0,,treatment,,,,,,,,,,,,,,,,,,,tmjewif2,,,,,0
2280,1vu7tv9a,,0,0,51,,,,0,,,0.0,2280,,0.0,,treatment,,,,,,,,,,,,,,,,,,,tmjewif2,,,,,0
2281,dst9mglu,,0,0,51,,,,0,,,0.0,2281,,0.0,,control,,,,,,,,,,,,,,,,,,,tmjewif2,,,,,0
2282,trkwj0xz,,0,0,51,,,,0,,,0.0,2282,,0.0,,treatment,,,,,,,,,,,,,,,,,,,tmjewif2,,,,,0
2283,3gikld09,,0,0,51,,,,0,,,0.0,2283,,0.0,,treatment,,,,,,,,,,,,,,,,,,,tmjewif2,,,,,0
2284,su05x2ye,,0,0,51,,,,0,,,0.0,2284,,0.0,,treatment,,,,,,,,,,,,,,,,,,,tmjewif2,,,,,0
2285,f2owim2a,,0,0,51,,,,0,,,0.0,2285,,0.0,,control,,,,,,,,,,,,,,,,,,,tmjewif2,,,,,0
2286,3f32xqbw,,0,0,51,,,,0,,,0.0,2286,,0.0,,treatment,,,,,,,,,,,,,,,,,,,tmjewif2,,,,,0
2287,evwnwejk,,0,0,51,,,,0,,,0.0,2287,,0.0,,treatment,,,,,,,,,,,,,,,,,,,tmjewif2,,,,,0
2288,k0p5hnj3,,0,0,51,,,,0,,,0.0,2288,,0.0,,treatment,,,,,,,,,,,,,,,,,,,tmjewif2,,,,,0
2289,44xl28yh,,0,0,51,,,,0,,,0.0,2289,,0.0,,control,,,,,,,,,,,,,,,,,,,tmjewif2,,,,,0
2290,uqs28ve7,,0,0,51,,,,0,,,0.0,2290,,0.0,,treatment,,,,,,,,,,,,,,,,,,,tmjewif2,,,,,0
2291,xa7r064g,,0,0,51,,,,0,,,0.0,2291,,0.0,,treatment,,,,,,,,,,,,,,,,,,,tmjewif2,,,,,0
2292,7tryd62e,,0,0,51,,,,0,,,0.0,2292,,0.0,,treatment,,,,,,,,,,,,,,,,,,,tmjewif2,,,,,0
2293,dgyptazq,,0,0,51,,,,0,,,0.0,2293,,0.0,,control,,,,,,,,,,,,,,,,,,,tmjewif2,,,,,0
2294,4nxrbt56,,0,0,51,,,,0,,,0.0,2294,,0.0,,treatment,,,,,,,,,,,,,,,,,,,tmjewif2,,,,,0
2295,enonk2d7,,0,0,51,,,,0,,,0.0,2295,,0.0,,treatment,,,,,,,,,,,,,,,,,,,tmjewif2,,,,,0
2296,ob6oscip,,0,0,51,,,,0,,,0.0,2296,,0.0,,treatment,,,,,,,,,,,,,,,,,,,tmjewif2,,,,,0
2297,qmszdrfw,,0,0,51,,,,0,,,0.0,2297,,0.0,,control,,,,,,,,,,,,,,,,,,,tmjewif2,,,,,0
2298,md3sxmot,,0,0,51,,,,0,,,0.0,2298,,0.0,,treatment,,,,,,,,,,,,,,,,,,,tmjewif2,,,,,0
2299,359mstz0,,0,0,51,,,,0,,,0.0,2299,,0.0,,treatment,,,,,,,,,,,,,,,,,,,tmjewif2,,,,,0
2300,0ppim7tj,,0,0,51,,,,0,,,0.0,2300,,0.0,,treatment,,,,,,,,,,,,,,,,,,,tmjewif2,,,,,0
2301,7xphz1tg,,0,0,51,,,,0,,,0.0,2301,,0.0,,control,,,,,,,,,,,,,,,,,,,tmjewif2,,,,,0
2302,21nrkznw,,0,0,51,,,,0,,,0.0,2302,,0.0,,treatment,,,,,,,,,,,,,,,,,,,tmjewif2,,,,,0
2303,hx5g1kw5,,0,0,51,,,,0,,,0.0,2303,,0.0,,treatment,,,,,,,,,,,,,,,,,,,tmjewif2,,,,,0
2304,cefulh3e,,0,0,51,,,,0,,,0.0,2304,,0.0,,treatment,,,,,,,,,,,,,,,,,,,tmjewif2,,,,,0
2305,o4sof83n,,0,0,51,,,,0,,,0.0,2305,,0.0,,control,,,,,,,,,,,,,,,,,,,tmjewif2,,,,,0
2306,d6xy5its,,0,0,51,,,,0,,,0.0,2306,,0.0,,treatment,,,,,,,,,,,,,,,,,,,tmjewif2,,,,,0
2307,dojvr3rr,,0,0,51,,,,0,,,0.0,2307,,0.0,,treatment,,,,,,,,,,,,,,,,,,,tmjewif2,,,,,0
2308,l15ic63a,,0,0,51,,,,0,,,0.0,2308,,0.0,,treatment,,,,,,,,,,,,,,,,,,,tmjewif2,,,,,0
2309,d2kbke8i,,0,0,51,,,,0,,,0.0,2309,,0.0,,control,,,,,,,,,,,,,,,,,,,tmjewif2,,,,,0
2310,9gj09ooq,,0,0,51,,,,0,,,0.0,2310,,0.0,,treatment,,,,,,,,,,,,,,,,,,,tmjewif2,,,,,0
2311,g8qj97bu,,0,0,51,,,,0,,,0.0,2311,,0.0,,treatment,,,,,,,,,,,,,,,,,,,tmjewif2,,,,,0
2312,2h3mf91h,,0,0,51,,,,0,,,0.0,2312,,0.0,,treatment,,,,,,,,,,,,,,,,,,,tmjewif2,,,,,0
2313,86lv0si9,,0,0,51,,,,0,,,0.0,2313,,0.0,,control,,,,,,,,,,,,,,,,,,,tmjewif2,,,,,0
2314,ia2irchf,,0,0,51,,,,0,,,0.0,2314,,0.0,,treatment,,,,,,,,,,,,,,,,,,,tmjewif2,,,,,0
2315,hc5w7sg6,,0,0,51,,,,0,,,0.0,2315,,0.0,,treatment,,,,,,,,,,,,,,,,,,,tmjewif2,,,,,0
2316,7qbpq9pj,,0,0,51,,,,0,,,0.0,2316,,0.0,,treatment,,,,,,,,,,,,,,,,,,,tmjewif2,,,,,0
2317,3ibcxbg7,,0,0,51,,,,0,,,0.0,2317,,0.0,,control,,,,,,,,,,,,,,,,,,,tmjewif2,,,,,0
2318,rtare3o9,,0,0,51,,,,0,,,0.0,2318,,0.0,,treatment,,,,,,,,,,,,,,,,,,,tmjewif2,,,,,0
2319,w3zjznfd,,0,0,51,,,,0,,,0.0,2319,,0.0,,treatment,,,,,,,,,,,,,,,,,,,tmjewif2,,,,,0
2320,9p5mm5uv,,0,0,51,,,,0,,,0.0,2320,,0.0,,treatment,,,,,,,,,,,,,,,,,,,tmjewif2,,,,,0
2321,k6djmhcl,,0,0,51,,,,0,,,0.0,2321,,0.0,,control,,,,,,,,,,,,,,,,,,,tmjewif2,,,,,0
2322,a2rjp427,,0,0,51,,,,0,,,0.0,2322,,0.0,,treatment,,,,,,,,,,,,,,,,,,,tmjewif2,,,,,0
2323,vj7rc77d,,0,0,51,,,,0,,,0.0,2323,,0.0,,treatment,,,,,,,,,,,,,,,,,,,tmjewif2,,,,,0
2324,2tjnm0sy,,0,0,51,,,,0,,,0.0,2324,,0.0,,treatment,,,,,,,,,,,,,,,,,,,tmjewif2,,,,,0
2325,mbt43ont,,0,0,51,,,,0,,,0.0,2325,,0.0,,control,,,,,,,,,,,,,,,,,,,tmjewif2,,,,,0
2326,a8ui3lm8,,0,0,51,,,,0,,,0.0,2326,,0.0,,treatment,,,,,,,,,,,,,,,,,,,tmjewif2,,,,,0
2327,z0dkqilg,,0,0,51,,,,0,,,0.0,2327,,0.0,,treatment,,,,,,,,,,,,,,,,,,,tmjewif2,,,,,0
2328,0cteca26,,0,0,51,,,,0,,,0.0,2328,,0.0,,treatment,,,,,,,,,,,,,,,,,,,tmjewif2,,,,,0
2329,uxl21yfu,,0,0,51,,,,0,,,0.0,2329,,0.0,,control,,,,,,,,,,,,,,,,,,,tmjewif2,,,,,0
2330,2smylcc2,,0,0,51,,,,0,,,0.0,2330,,0.0,,treatment,,,,,,,,,,,,,,,,,,,tmjewif2,,,,,0
2331,3r050ud5,,0,0,51,,,,0,,,0.0,2331,,0.0,,treatment,,,,,,,,,,,,,,,,,,,tmjewif2,,,,,0
2332,y1oqix3y,,0,0,51,,,,0,,,0.0,2332,,0.0,,treatment,,,,,,,,,,,,,,,,,,,tmjewif2,,,,,0
2333,akoxu4zy,,0,0,51,,,,0,,,0.0,2333,,0.0,,control,,,,,,,,,,,,,,,,,,,tmjewif2,,,,,0
2334,p1w6ab2r,,0,0,51,,,,0,,,0.0,2334,,0.0,,treatment,,,,,,,,,,,,,,,,,,,tmjewif2,,,,,0
2335,nm3a3qdz,,0,0,51,,,,0,,,0.0,2335,,0.0,,treatment,,,,,,,,,,,,,,,,,,,tmjewif2,,,,,0
2336,fnb2d670,,0,0,51,,,,0,,,0.0,2336,,0.0,,treatment,,,,,,,,,,,,,,,,,,,tmjewif2,,,,,0
2337,wz7qmeb1,,0,0,51,,,,0,,,0.0,2337,,0.0,,control,,,,,,,,,,,,,,,,,,,tmjewif2,,,,,0
2338,g029z2ju,,0,0,51,,,,0,,,0.0,2338,,0.0,,treatment,,,,,,,,,,,,,,,,,,,tmjewif2,,,,,0
2339,ojxsyqlr,,0,0,51,,,,0,,,0.0,2339,,0.0,,treatment,,,,,,,,,,,,,,,,,,,tmjewif2,,,,,0
2340,kd7pddz0,,0,0,51,,,,0,,,0.0,2340,,0.0,,treatment,,,,,,,,,,,,,,,,,,,tmjewif2,,,,,0
2341,m0t9a7k5,,0,0,51,,,,0,,,0.0,2341,,0.0,,control,,,,,,,,,,,,,,,,,,,tmjewif2,,,,,0
2342,e0whzr02,,0,0,51,,,,0,,,0.0,2342,,0.0,,treatment,,,,,,,,,,,,,,,,,,,tmjewif2,,,,,0
2343,vp4yayia,,0,0,51,,,,0,,,0.0,2343,,0.0,,treatment,,,,,,,,,,,,,,,,,,,tmjewif2,,,,,0
2344,ls8wzyem,,0,0,51,,,,0,,,0.0,2344,,0.0,,treatment,,,,,,,,,,,,,,,,,,,tmjewif2,,,,,0
2345,q9of5mqa,,0,0,51,,,,0,,,0.0,2345,,0.0,,control,,,,,,,,,,,,,,,,,,,tmjewif2,,,,,0
2346,n664ermm,,0,0,51,,,,0,,,0.0,2346,,0.0,,treatment,,,,,,,,,,,,,,,,,,,tmjewif2,,,,,0
2347,t2wrw8n9,,0,0,51,,,,0,,,0.0,2347,,0.0,,treatment,,,,,,,,,,,,,,,,,,,tmjewif2,,,,,0
2348,sz4pix2g,,0,0,51,,,,0,,,0.0,2348,,0.0,,treatment,,,,,,,,,,,,,,,,,,,tmjewif2,,,,,0
2349,7xrkexsd,,0,0,51,,,,0,,,0.0,2349,,0.0,,control,,,,,,,,,,,,,,,,,,,tmjewif2,,,,,0
2350,ccza1ahb,,0,0,51,,,,0,,,0.0,2350,,0.0,,treatment,,,,,,,,,,,,,,,,,,,tmjewif2,,,,,0
2351,ba3yz47q,,0,0,51,,,,0,,,0.0,2351,,0.0,,treatment,,,,,,,,,,,,,,,,,,,tmjewif2,,,,,0
2352,i34s3dpf,,0,0,51,,,,0,,,0.0,2352,,0.0,,treatment,,,,,,,,,,,,,,,,,,,tmjewif2,,,,,0
2353,n0ndhf2x,,0,0,51,,,,0,,,0.0,2353,,0.0,,control,,,,,,,,,,,,,,,,,,,tmjewif2,,,,,0
2354,6gtkyojv,,0,0,51,,,,0,,,0.0,2354,,0.0,,treatment,,,,,,,,,,,,,,,,,,,tmjewif2,,,,,0
2355,aysb5rzt,,0,0,51,,,,0,,,0.0,2355,,0.0,,treatment,,,,,,,,,,,,,,,,,,,tmjewif2,,,,,0
2356,91jmbmdw,,0,0,51,,,,0,,,0.0,2356,,0.0,,treatment,,,,,,,,,,,,,,,,,,,tmjewif2,,,,,0
2357,950nvt4q,,0,0,51,,,,0,,,0.0,2357,,0.0,,control,,,,,,,,,,,,,,,,,,,tmjewif2,,,,,0
2358,2oimvelp,,0,0,51,,,,0,,,0.0,2358,,0.0,,treatment,,,,,,,,,,,,,,,,,,,tmjewif2,,,,,0
2359,1e44jiz8,,0,0,51,,,,0,,,0.0,2359,,0.0,,treatment,,,,,,,,,,,,,,,,,,,tmjewif2,,,,,0
2360,fjp328ar,,0,0,51,,,,0,,,0.0,2360,,0.0,,treatment,,,,,,,,,,,,,,,,,,,tmjewif2,,,,,0
2361,lptvi2pu,,0,0,51,,,,0,,,0.0,2361,,0.0,,control,,,,,,,,,,,,,,,,,,,tmjewif2,,,,,0
2362,hinxczry,,0,0,51,,,,0,,,0.0,2362,,0.0,,treatment,,,,,,,,,,,,,,,,,,,tmjewif2,,,,,0
2363,9cj9m6vx,,0,0,51,,,,0,,,0.0,2363,,0.0,,treatment,,,,,,,,,,,,,,,,,,,tmjewif2,,,,,0
2364,9qs7ej27,,0,0,51,,,,0,,,0.0,2364,,0.0,,treatment,,,,,,,,,,,,,,,,,,,tmjewif2,,,,,0
2365,eocfh3bn,,0,0,51,,,,0,,,0.0,2365,,0.0,,control,,,,,,,,,,,,,,,,,,,tmjewif2,,,,,0
2366,9rwr0wgg,,0,0,51,,,,0,,,0.0,2366,,0.0,,treatment,,,,,,,,,,,,,,,,,,,tmjewif2,,,,,0
2367,43g4kwsq,,0,0,51,,,,0,,,0.0,2367,,0.0,,treatment,,,,,,,,,,,,,,,,,,,tmjewif2,,,,,0
2368,ko9km5vp,,0,0,51,,,,0,,,0.0,2368,,0.0,,treatment,,,,,,,,,,,,,,,,,,,tmjewif2,,,,,0
2369,0f8jg8l6,,0,0,51,,,,0,,,0.0,2369,,0.0,,control,,,,,,,,,,,,,,,,,,,tmjewif2,,,,,0
2370,l3za4r9t,,0,0,51,,,,0,,,0.0,2370,,0.0,,treatment,,,,,,,,,,,,,,,,,,,tmjewif2,,,,,0
2371,f0kke8so,,0,0,51,,,,0,,,0.0,2371,,0.0,,treatment,,,,,,,,,,,,,,,,,,,tmjewif2,,,,,0
2372,cleit9m9,,0,0,51,,,,0,,,0.0,2372,,0.0,,treatment,,,,,,,,,,,,,,,,,,,tmjewif2,,,,,0
2373,ldxt88ba,,0,0,51,,,,0,,,0.0,2373,,0.0,,control,,,,,,,,,,,,,,,,,,,tmjewif2,,,,,0
2374,ma1w0qwy,,0,0,51,,,,0,,,0.0,2374,,0.0,,treatment,,,,,,,,,,,,,,,,,,,tmjewif2,,,,,0
2375,od2576yt,,0,0,51,,,,0,,,0.0,2375,,0.0,,treatment,,,,,,,,,,,,,,,,,,,tmjewif2,,,,,0
2376,5c6k5h7r,,0,0,51,,,,0,,,0.0,2376,,0.0,,treatment,,,,,,,,,,,,,,,,,,,tmjewif2,,,,,0
2377,8dms75fs,,0,0,51,,,,0,,,0.0,2377,,0.0,,control,,,,,,,,,,,,,,,,,,,tmjewif2,,,,,0
2378,g5miz3lt,,0,0,51,,,,0,,,0.0,2378,,0.0,,treatment,,,,,,,,,,,,,,,,,,,tmjewif2,,,,,0
2379,2ppegnt6,,0,0,51,,,,0,,,0.0,2379,,0.0,,treatment,,,,,,,,,,,,,,,,,,,tmjewif2,,,,,0
2380,7323qtg5,,0,0,51,,,,0,,,0.0,2380,,0.0,,treatment,,,,,,,,,,,,,,,,,,,tmjewif2,,,,,0
2381,9wu6gdz7,,0,0,51,,,,0,,,0.0,2381,,0.0,,control,,,,,,,,,,,,,,,,,,,tmjewif2,,,,,0
2382,j94jto0y,,0,0,51,,,,0,,,0.0,2382,,0.0,,treatment,,,,,,,,,,,,,,,,,,,tmjewif2,,,,,0
2383,clhctz3p,,0,0,51,,,,0,,,0.0,2383,,0.0,,treatment,,,,,,,,,,,,,,,,,,,tmjewif2,,,,,0
2384,9s80tk5k,,0,0,51,,,,0,,,0.0,2384,,0.0,,treatment,,,,,,,,,,,,,,,,,,,tmjewif2,,,,,0
2385,t96wotor,,0,0,51,,,,0,,,0.0,2385,,0.0,,control,,,,,,,,,,,,,,,,,,,tmjewif2,,,,,0
2386,p997piq8,,0,0,51,,,,0,,,0.0,2386,,0.0,,treatment,,,,,,,,,,,,,,,,,,,tmjewif2,,,,,0
2387,fx45e6vm,,0,0,51,,,,0,,,0.0,2387,,0.0,,treatment,,,,,,,,,,,,,,,,,,,tmjewif2,,,,,0
2388,jtrte0br,,0,0,51,,,,0,,,0.0,2388,,0.0,,treatment,,,,,,,,,,,,,,,,,,,tmjewif2,,,,,0
2389,qburfpem,,0,0,51,,,,0,,,0.0,2389,,0.0,,control,,,,,,,,,,,,,,,,,,,tmjewif2,,,,,0
2390,vifth0lq,,0,0,51,,,,0,,,0.0,2390,,0.0,,treatment,,,,,,,,,,,,,,,,,,,tmjewif2,,,,,0
2391,uel0g4wi,,0,0,51,,,,0,,,0.0,2391,,0.0,,treatment,,,,,,,,,,,,,,,,,,,tmjewif2,,,,,0
2392,ndh9f3jx,,0,0,51,,,,0,,,0.0,2392,,0.0,,treatment,,,,,,,,,,,,,,,,,,,tmjewif2,,,,,0
2393,ww0nt848,,0,0,51,,,,0,,,0.0,2393,,0.0,,control,,,,,,,,,,,,,,,,,,,tmjewif2,,,,,0
2394,ec225n22,,0,0,51,,,,0,,,0.0,2394,,0.0,,treatment,,,,,,,,,,,,,,,,,,,tmjewif2,,,,,0
2395,1f5bnm7o,,0,0,51,,,,0,,,0.0,2395,,0.0,,treatment,,,,,,,,,,,,,,,,,,,tmjewif2,,,,,0
2396,s15jmj3i,,0,0,51,,,,0,,,0.0,2396,,0.0,,treatment,,,,,,,,,,,,,,,,,,,tmjewif2,,,,,0
2397,cd2beruo,,0,0,51,,,,0,,,0.0,2397,,0.0,,control,,,,,,,,,,,,,,,,,,,tmjewif2,,,,,0
2398,qzit4fmt,,0,0,51,,,,0,,,0.0,2398,,0.0,,treatment,,,,,,,,,,,,,,,,,,,tmjewif2,,,,,0
2399,8j9dp01y,,0,0,51,,,,0,,,0.0,2399,,0.0,,treatment,,,,,,,,,,,,,,,,,,,tmjewif2,,,,,0
2400,ihv4e4nx,,0,0,51,,,,0,,,0.0,2400,,0.0,,treatment,,,,,,,,,,,,,,,,,,,tmjewif2,,,,,0
2401,qkokn34a,,0,0,51,,,,0,,,0.0,2401,,0.0,,control,,,,,,,,,,,,,,,,,,,tmjewif2,,,,,0
2402,r4vph7hm,,0,0,51,,,,0,,,0.0,2402,,0.0,,treatment,,,,,,,,,,,,,,,,,,,tmjewif2,,,,,0
2403,ztfnen7p,,0,0,51,,,,0,,,0.0,2403,,0.0,,treatment,,,,,,,,,,,,,,,,,,,tmjewif2,,,,,0
2404,h5t9q5jw,,0,0,51,,,,0,,,0.0,2404,,0.0,,treatment,,,,,,,,,,,,,,,,,,,tmjewif2,,,,,0
2405,kz8c4hj6,,0,0,51,,,,0,,,0.0,2405,,0.0,,control,,,,,,,,,,,,,,,,,,,tmjewif2,,,,,0
2406,jhy2agvm,,0,0,51,,,,0,,,0.0,2406,,0.0,,treatment,,,,,,,,,,,,,,,,,,,tmjewif2,,,,,0
2407,c3eb9num,,0,0,51,,,,0,,,0.0,2407,,0.0,,treatment,,,,,,,,,,,,,,,,,,,tmjewif2,,,,,0
2408,jwxt6916,,0,0,51,,,,0,,,0.0,2408,,0.0,,treatment,,,,,,,,,,,,,,,,,,,tmjewif2,,,,,0
2409,7phcuhmr,,0,0,51,,,,0,,,0.0,2409,,0.0,,control,,,,,,,,,,,,,,,,,,,tmjewif2,,,,,0
2410,recezey9,,0,0,51,,,,0,,,0.0,2410,,0.0,,treatment,,,,,,,,,,,,,,,,,,,tmjewif2,,,,,0
2411,j2bkxm9x,,0,0,51,,,,0,,,0.0,2411,,0.0,,treatment,,,,,,,,,,,,,,,,,,,tmjewif2,,,,,0
2412,42npuikw,,0,0,51,,,,0,,,0.0,2412,,0.0,,treatment,,,,,,,,,,,,,,,,,,,tmjewif2,,,,,0
2413,ayi6si6l,,0,0,51,,,,0,,,0.0,2413,,0.0,,control,,,,,,,,,,,,,,,,,,,tmjewif2,,,,,0
2414,oenaq2xi,,0,0,51,,,,0,,,0.0,2414,,0.0,,treatment,,,,,,,,,,,,,,,,,,,tmjewif2,,,,,0
2415,rnr16xbo,,0,0,51,,,,0,,,0.0,2415,,0.0,,treatment,,,,,,,,,,,,,,,,,,,tmjewif2,,,,,0
2416,yxy7ct15,,0,0,51,,,,0,,,0.0,2416,,0.0,,treatment,,,,,,,,,,,,,,,,,,,tmjewif2,,,,,0
2417,4ood2ztr,,0,0,51,,,,0,,,0.0,2417,,0.0,,control,,,,,,,,,,,,,,,,,,,tmjewif2,,,,,0
2418,8y8m6pc5,,0,0,51,,,,0,,,0.0,2418,,0.0,,treatment,,,,,,,,,,,,,,,,,,,tmjewif2,,,,,0
2419,pohxrtvd,,0,0,51,,,,0,,,0.0,2419,,0.0,,treatment,,,,,,,,,,,,,,,,,,,tmjewif2,,,,,0
2420,emdvavza,,0,0,51,,,,0,,,0.0,2420,,0.0,,treatment,,,,,,,,,,,,,,,,,,,tmjewif2,,,,,0
2421,jhibnapy,,0,0,51,,,,0,,,0.0,2421,,0.0,,control,,,,,,,,,,,,,,,,,,,tmjewif2,,,,,0
2422,2jflj2yp,,0,0,51,,,,0,,,0.0,2422,,0.0,,treatment,,,,,,,,,,,,,,,,,,,tmjewif2,,,,,0
2423,895kf49u,,0,0,51,,,,0,,,0.0,2423,,0.0,,treatment,,,,,,,,,,,,,,,,,,,tmjewif2,,,,,0
2424,oy39lilb,,0,0,51,,,,0,,,0.0,2424,,0.0,,treatment,,,,,,,,,,,,,,,,,,,tmjewif2,,,,,0
2425,n7wh7v0b,,0,0,51,,,,0,,,0.0,2425,,0.0,,control,,,,,,,,,,,,,,,,,,,tmjewif2,,,,,0
2426,9yplw2eq,,0,0,51,,,,0,,,0.0,2426,,0.0,,treatment,,,,,,,,,,,,,,,,,,,tmjewif2,,,,,0
2427,v9utwqst,,0,0,51,,,,0,,,0.0,2427,,0.0,,treatment,,,,,,,,,,,,,,,,,,,tmjewif2,,,,,0
2428,7tn0iyqj,,0,0,51,,,,0,,,0.0,2428,,0.0,,treatment,,,,,,,,,,,,,,,,,,,tmjewif2,,,,,0
2429,x6r0y2cs,,0,0,51,,,,0,,,0.0,2429,,0.0,,control,,,,,,,,,,,,,,,,,,,tmjewif2,,,,,0
2430,hirt2kjn,,0,0,51,,,,0,,,0.0,2430,,0.0,,treatment,,,,,,,,,,,,,,,,,,,tmjewif2,,,,,0
2431,kd03tgh6,,0,0,51,,,,0,,,0.0,2431,,0.0,,treatment,,,,,,,,,,,,,,,,,,,tmjewif2,,,,,0
2432,7k62f4gr,,0,0,51,,,,0,,,0.0,2432,,0.0,,treatment,,,,,,,,,,,,,,,,,,,tmjewif2,,,,,0
2433,urspm091,,0,0,51,,,,0,,,0.0,2433,,0.0,,control,,,,,,,,,,,,,,,,,,,tmjewif2,,,,,0
2434,1d97md7l,,0,0,51,,,,0,,,0.0,2434,,0.0,,treatment,,,,,,,,,,,,,,,,,,,tmjewif2,,,,,0
2435,9fjf529r,,0,0,51,,,,0,,,0.0,2435,,0.0,,treatment,,,,,,,,,,,,,,,,,,,tmjewif2,,,,,0
2436,l8eo0qm8,,0,0,51,,,,0,,,0.0,2436,,0.0,,treatment,,,,,,,,,,,,,,,,,,,tmjewif2,,,,,0
2437,7vj8e8zv,,0,0,51,,,,0,,,0.0,2437,,0.0,,control,,,,,,,,,,,,,,,,,,,tmjewif2,,,,,0
2438,xq5uhd6i,,0,0,51,,,,0,,,0.0,2438,,0.0,,treatment,,,,,,,,,,,,,,,,,,,tmjewif2,,,,,0
2439,095hkzo2,,0,0,51,,,,0,,,0.0,2439,,0.0,,treatment,,,,,,,,,,,,,,,,,,,tmjewif2,,,,,0
2440,bcrakkn6,,0,0,51,,,,0,,,0.0,2440,,0.0,,treatment,,,,,,,,,,,,,,,,,,,tmjewif2,,,,,0
2441,8yy1vgni,,0,0,51,,,,0,,,0.0,2441,,0.0,,control,,,,,,,,,,,,,,,,,,,tmjewif2,,,,,0
2442,qznl08xd,,0,0,51,,,,0,,,0.0,2442,,0.0,,treatment,,,,,,,,,,,,,,,,,,,tmjewif2,,,,,0
2443,b8rbxzlc,,0,0,51,,,,0,,,0.0,2443,,0.0,,treatment,,,,,,,,,,,,,,,,,,,tmjewif2,,,,,0
2444,7edb3i5r,,0,0,51,,,,0,,,0.0,2444,,0.0,,treatment,,,,,,,,,,,,,,,,,,,tmjewif2,,,,,0
2445,5xf26oh2,,0,0,51,,,,0,,,0.0,2445,,0.0,,control,,,,,,,,,,,,,,,,,,,tmjewif2,,,,,0
2446,jg9gwjo5,,0,0,51,,,,0,,,0.0,2446,,0.0,,treatment,,,,,,,,,,,,,,,,,,,tmjewif2,,,,,0
2447,z65bphty,,0,0,51,,,,0,,,0.0,2447,,0.0,,treatment,,,,,,,,,,,,,,,,,,,tmjewif2,,,,,0
2448,p93tft1h,,0,0,51,,,,0,,,0.0,2448,,0.0,,treatment,,,,,,,,,,,,,,,,,,,tmjewif2,,,,,0
2449,c19348mb,,0,0,51,,,,0,,,0.0,2449,,0.0,,control,,,,,,,,,,,,,,,,,,,tmjewif2,,,,,0
2450,925xrej4,,0,0,51,,,,0,,,0.0,2450,,0.0,,treatment,,,,,,,,,,,,,,,,,,,tmjewif2,,,,,0
2451,m4rh4116,,0,0,51,,,,0,,,0.0,2451,,0.0,,treatment,,,,,,,,,,,,,,,,,,,tmjewif2,,,,,0
2452,3r89jzvh,,0,0,51,,,,0,,,0.0,2452,,0.0,,treatment,,,,,,,,,,,,,,,,,,,tmjewif2,,,,,0
2453,2pp24t1z,,0,0,51,,,,0,,,0.0,2453,,0.0,,control,,,,,,,,,,,,,,,,,,,tmjewif2,,,,,0
2454,zwea8sx6,,0,0,51,,,,0,,,0.0,2454,,0.0,,treatment,,,,,,,,,,,,,,,,,,,tmjewif2,,,,,0
2455,blj61b8y,,0,0,51,,,,0,,,0.0,2455,,0.0,,treatment,,,,,,,,,,,,,,,,,,,tmjewif2,,,,,0
2456,ad1w4t2h,,0,0,51,,,,0,,,0.0,2456,,0.0,,treatment,,,,,,,,,,,,,,,,,,,tmjewif2,,,,,0
2457,s75i0k7l,,0,0,51,,,,0,,,0.0,2457,,0.0,,control,,,,,,,,,,,,,,,,,,,tmjewif2,,,,,0
2458,fsbtyk19,,0,0,51,,,,0,,,0.0,2458,,0.0,,treatment,,,,,,,,,,,,,,,,,,,tmjewif2,,,,,0
2459,ihyoilcr,,0,0,51,,,,0,,,0.0,2459,,0.0,,treatment,,,,,,,,,,,,,,,,,,,tmjewif2,,,,,0
2460,cxjxd8iw,,0,0,51,,,,0,,,0.0,2460,,0.0,,treatment,,,,,,,,,,,,,,,,,,,tmjewif2,,,,,0
2461,43dwi4rh,,0,0,51,,,,0,,,0.0,2461,,0.0,,control,,,,,,,,,,,,,,,,,,,tmjewif2,,,,,0
2462,4m4go6vp,,0,0,51,,,,0,,,0.0,2462,,0.0,,treatment,,,,,,,,,,,,,,,,,,,tmjewif2,,,,,0
2463,f5dhogjg,,0,0,51,,,,0,,,0.0,2463,,0.0,,treatment,,,,,,,,,,,,,,,,,,,tmjewif2,,,,,0
2464,ozptutat,,0,0,51,,,,0,,,0.0,2464,,0.0,,treatment,,,,,,,,,,,,,,,,,,,tmjewif2,,,,,0
2465,4jsu1u7n,,0,0,51,,,,0,,,0.0,2465,,0.0,,control,,,,,,,,,,,,,,,,,,,tmjewif2,,,,,0
2466,6w6a540p,,0,0,51,,,,0,,,0.0,2466,,0.0,,treatment,,,,,,,,,,,,,,,,,,,tmjewif2,,,,,0
2467,1i02s6o1,,0,0,51,,,,0,,,0.0,2467,,0.0,,treatment,,,,,,,,,,,,,,,,,,,tmjewif2,,,,,0
2468,9vsitdm2,,0,0,51,,,,0,,,0.0,2468,,0.0,,treatment,,,,,,,,,,,,,,,,,,,tmjewif2,,,,,0
2469,kswlmbs7,,0,0,51,,,,0,,,0.0,2469,,0.0,,control,,,,,,,,,,,,,,,,,,,tmjewif2,,,,,0
2470,f095m471,,0,0,51,,,,0,,,0.0,2470,,0.0,,treatment,,,,,,,,,,,,,,,,,,,tmjewif2,,,,,0
2471,vjic24yn,,0,0,51,,,,0,,,0.0,2471,,0.0,,treatment,,,,,,,,,,,,,,,,,,,tmjewif2,,,,,0
2472,htptdyld,,0,0,51,,,,0,,,0.0,2472,,0.0,,treatment,,,,,,,,,,,,,,,,,,,tmjewif2,,,,,0
2473,f0hdow8k,,0,0,51,,,,0,,,0.0,2473,,0.0,,control,,,,,,,,,,,,,,,,,,,tmjewif2,,,,,0
2474,csy4yxc4,,0,0,51,,,,0,,,0.0,2474,,0.0,,treatment,,,,,,,,,,,,,,,,,,,tmjewif2,,,,,0
2475,4s66wu0f,,0,0,51,,,,0,,,0.0,2475,,0.0,,treatment,,,,,,,,,,,,,,,,,,,tmjewif2,,,,,0
2476,fbm41yy8,,0,0,51,,,,0,,,0.0,2476,,0.0,,treatment,,,,,,,,,,,,,,,,,,,tmjewif2,,,,,0
2477,p337zg03,,0,0,51,,,,0,,,0.0,2477,,0.0,,control,,,,,,,,,,,,,,,,,,,tmjewif2,,,,,0
2478,q7kmmnbg,,0,0,51,,,,0,,,0.0,2478,,0.0,,treatment,,,,,,,,,,,,,,,,,,,tmjewif2,,,,,0
2479,csd3iylv,,0,0,51,,,,0,,,0.0,2479,,0.0,,treatment,,,,,,,,,,,,,,,,,,,tmjewif2,,,,,0
2480,gnr2x2bh,,0,0,51,,,,0,,,0.0,2480,,0.0,,treatment,,,,,,,,,,,,,,,,,,,tmjewif2,,,,,0
2481,qf5ekmxb,,0,0,51,,,,0,,,0.0,2481,,0.0,,control,,,,,,,,,,,,,,,,,,,tmjewif2,,,,,0
2482,epm40hfg,,0,0,51,,,,0,,,0.0,2482,,0.0,,treatment,,,,,,,,,,,,,,,,,,,tmjewif2,,,,,0
2483,2wwrw4fy,,0,0,51,,,,0,,,0.0,2483,,0.0,,treatment,,,,,,,,,,,,,,,,,,,tmjewif2,,,,,0
2484,gtlvc4ie,,0,0,51,,,,0,,,0.0,2484,,0.0,,treatment,,,,,,,,,,,,,,,,,,,tmjewif2,,,,,0
2485,76ekmaba,,0,0,51,,,,0,,,0.0,2485,,0.0,,control,,,,,,,,,,,,,,,,,,,tmjewif2,,,,,0
2486,qt3n9bsj,,0,0,51,,,,0,,,0.0,2486,,0.0,,treatment,,,,,,,,,,,,,,,,,,,tmjewif2,,,,,0
2487,9v64nlvu,,0,0,51,,,,0,,,0.0,2487,,0.0,,treatment,,,,,,,,,,,,,,,,,,,tmjewif2,,,,,0
2488,yeztmud4,,0,0,51,,,,0,,,0.0,2488,,0.0,,treatment,,,,,,,,,,,,,,,,,,,tmjewif2,,,,,0
2489,4ahm0v9t,,0,0,51,,,,0,,,0.0,2489,,0.0,,control,,,,,,,,,,,,,,,,,,,tmjewif2,,,,,0
2490,fo9s14b9,,0,0,51,,,,0,,,0.0,2490,,0.0,,treatment,,,,,,,,,,,,,,,,,,,tmjewif2,,,,,0
2491,xa2rcier,,0,0,51,,,,0,,,0.0,2491,,0.0,,treatment,,,,,,,,,,,,,,,,,,,tmjewif2,,,,,0
2492,lv4bn5j6,,0,0,51,,,,0,,,0.0,2492,,0.0,,treatment,,,,,,,,,,,,,,,,,,,tmjewif2,,,,,0
2493,gumpyqt9,,0,0,51,,,,0,,,0.0,2493,,0.0,,control,,,,,,,,,,,,,,,,,,,tmjewif2,,,,,0
2494,4gc99ydb,,0,0,51,,,,0,,,0.0,2494,,0.0,,treatment,,,,,,,,,,,,,,,,,,,tmjewif2,,,,,0
2495,r1kiptxi,,0,0,51,,,,0,,,0.0,2495,,0.0,,treatment,,,,,,,,,,,,,,,,,,,tmjewif2,,,,,0
2496,918roz5h,,0,0,51,,,,0,,,0.0,2496,,0.0,,treatment,,,,,,,,,,,,,,,,,,,tmjewif2,,,,,0
2497,5yxrjkxp,,0,0,51,,,,0,,,0.0,2497,,0.0,,control,,,,,,,,,,,,,,,,,,,tmjewif2,,,,,0
2498,b487lzh6,,0,0,51,,,,0,,,0.0,2498,,0.0,,treatment,,,,,,,,,,,,,,,,,,,tmjewif2,,,,,0
2499,gzdz7ybs,,0,0,51,,,,0,,,0.0,2499,,0.0,,treatment,,,,,,,,,,,,,,,,,,,tmjewif2,,,,,0
2500,q5dcdpz9,,0,0,51,,,,0,,,0.0,2500,,0.0,,treatment,,,,,,,,,,,,,,,,,,,tmjewif2,,,,,0
2501,3ms4wm5o,,0,0,51,,,,0,,,0.0,2501,,0.0,,control,,,,,,,,,,,,,,,,,,,tmjewif2,,,,,0
2502,bvmnxd2w,,0,0,51,,,,0,,,0.0,2502,,0.0,,treatment,,,,,,,,,,,,,,,,,,,tmjewif2,,,,,0
2503,valrlfoa,,0,0,51,,,,0,,,0.0,2503,,0.0,,treatment,,,,,,,,,,,,,,,,,,,tmjewif2,,,,,0
2504,ricmjfwn,,0,0,51,,,,0,,,0.0,2504,,0.0,,treatment,,,,,,,,,,,,,,,,,,,tmjewif2,,,,,0
2505,0f2gkbmx,,0,0,51,,,,0,,,0.0,2505,,0.0,,control,,,,,,,,,,,,,,,,,,,tmjewif2,,,,,0
2506,tqvkmqps,,0,0,51,,,,0,,,0.0,2506,,0.0,,treatment,,,,,,,,,,,,,,,,,,,tmjewif2,,,,,0
2507,y7zxam8h,,0,0,51,,,,0,,,0.0,2507,,0.0,,treatment,,,,,,,,,,,,,,,,,,,tmjewif2,,,,,0
2508,5so18533,,0,0,51,,,,0,,,0.0,2508,,0.0,,treatment,,,,,,,,,,,,,,,,,,,tmjewif2,,,,,0
2509,tfh9uh4w,,0,0,51,,,,0,,,0.0,2509,,0.0,,control,,,,,,,,,,,,,,,,,,,tmjewif2,,,,,0
2510,445r4cg0,,0,0,51,,,,0,,,0.0,2510,,0.0,,treatment,,,,,,,,,,,,,,,,,,,tmjewif2,,,,,0
2511,2gki6y0s,,0,0,51,,,,0,,,0.0,2511,,0.0,,treatment,,,,,,,,,,,,,,,,,,,tmjewif2,,,,,0
2512,nf78ka94,,0,0,51,,,,0,,,0.0,2512,,0.0,,treatment,,,,,,,,,,,,,,,,,,,tmjewif2,,,,,0
2513,v4cpfuzp,,0,0,51,,,,0,,,0.0,2513,,0.0,,control,,,,,,,,,,,,,,,,,,,tmjewif2,,,,,0
2514,4vgikfnf,,0,0,51,,,,0,,,0.0,2514,,0.0,,treatment,,,,,,,,,,,,,,,,,,,tmjewif2,,,,,0
2515,agjj17dc,,0,0,51,,,,0,,,0.0,2515,,0.0,,treatment,,,,,,,,,,,,,,,,,,,tmjewif2,,,,,0
2516,xtmf48hc,,0,0,51,,,,0,,,0.0,2516,,0.0,,treatment,,,,,,,,,,,,,,,,,,,tmjewif2,,,,,0
2517,dtoikv7g,,0,0,51,,,,0,,,0.0,2517,,0.0,,control,,,,,,,,,,,,,,,,,,,tmjewif2,,,,,0
2518,1n4pz23t,,0,0,51,,,,0,,,0.0,2518,,0.0,,treatment,,,,,,,,,,,,,,,,,,,tmjewif2,,,,,0
2519,6gf5rrah,,0,0,51,,,,0,,,0.0,2519,,0.0,,treatment,,,,,,,,,,,,,,,,,,,tmjewif2,,,,,0
2520,8s0u6ozp,,0,0,51,,,,0,,,0.0,2520,,0.0,,treatment,,,,,,,,,,,,,,,,,,,tmjewif2,,,,,0
2521,g9x6w9rq,,0,0,51,,,,0,,,0.0,2521,,0.0,,control,,,,,,,,,,,,,,,,,,,tmjewif2,,,,,0
2522,99j879sj,,0,0,51,,,,0,,,0.0,2522,,0.0,,treatment,,,,,,,,,,,,,,,,,,,tmjewif2,,,,,0
2523,atzugr0u,,0,0,51,,,,0,,,0.0,2523,,0.0,,treatment,,,,,,,,,,,,,,,,,,,tmjewif2,,,,,0
2524,8gb8cqiy,,0,0,51,,,,0,,,0.0,2524,,0.0,,treatment,,,,,,,,,,,,,,,,,,,tmjewif2,,,,,0
2525,1pdc5jki,,0,0,51,,,,0,,,0.0,2525,,0.0,,control,,,,,,,,,,,,,,,,,,,tmjewif2,,,,,0
2526,j62ot3se,,0,0,51,,,,0,,,0.0,2526,,0.0,,treatment,,,,,,,,,,,,,,,,,,,tmjewif2,,,,,0
2527,30wkr6jz,,0,0,51,,,,0,,,0.0,2527,,0.0,,treatment,,,,,,,,,,,,,,,,,,,tmjewif2,,,,,0
2528,hffvodwy,,0,0,51,,,,0,,,0.0,2528,,0.0,,treatment,,,,,,,,,,,,,,,,,,,tmjewif2,,,,,0
2529,0gqwy8yl,,0,0,51,,,,0,,,0.0,2529,,0.0,,control,,,,,,,,,,,,,,,,,,,tmjewif2,,,,,0
2530,fr5kn5zq,,0,0,51,,,,0,,,0.0,2530,,0.0,,treatment,,,,,,,,,,,,,,,,,,,tmjewif2,,,,,0
2531,5njtqt16,,0,0,51,,,,0,,,0.0,2531,,0.0,,treatment,,,,,,,,,,,,,,,,,,,tmjewif2,,,,,0
2532,xbtwbvx6,,0,0,51,,,,0,,,0.0,2532,,0.0,,treatment,,,,,,,,,,,,,,,,,,,tmjewif2,,,,,0
2533,ddoakvhw,,0,0,51,,,,0,,,0.0,2533,,0.0,,control,,,,,,,,,,,,,,,,,,,tmjewif2,,,,,0
2534,7uwv3syt,,0,0,51,,,,0,,,0.0,2534,,0.0,,treatment,,,,,,,,,,,,,,,,,,,tmjewif2,,,,,0
2535,ohay0jp7,,0,0,51,,,,0,,,0.0,2535,,0.0,,treatment,,,,,,,,,,,,,,,,,,,tmjewif2,,,,,0
2536,2q65agqg,,0,0,51,,,,0,,,0.0,2536,,0.0,,treatment,,,,,,,,,,,,,,,,,,,tmjewif2,,,,,0
2537,j1nq1ycy,,0,0,51,,,,0,,,0.0,2537,,0.0,,control,,,,,,,,,,,,,,,,,,,tmjewif2,,,,,0
2538,mssx4clp,,0,0,51,,,,0,,,0.0,2538,,0.0,,treatment,,,,,,,,,,,,,,,,,,,tmjewif2,,,,,0
2539,736whm1c,,0,0,51,,,,0,,,0.0,2539,,0.0,,treatment,,,,,,,,,,,,,,,,,,,tmjewif2,,,,,0
2540,ilm3gsj2,,0,0,51,,,,0,,,0.0,2540,,0.0,,treatment,,,,,,,,,,,,,,,,,,,tmjewif2,,,,,0
2541,z67283a0,,0,0,51,,,,0,,,0.0,2541,,0.0,,control,,,,,,,,,,,,,,,,,,,tmjewif2,,,,,0
2542,7fwzsay1,,0,0,51,,,,0,,,0.0,2542,,0.0,,treatment,,,,,,,,,,,,,,,,,,,tmjewif2,,,,,0
2543,4lmmi5if,,0,0,51,,,,0,,,0.0,2543,,0.0,,treatment,,,,,,,,,,,,,,,,,,,tmjewif2,,,,,0
2544,jfxdgijm,,0,0,51,,,,0,,,0.0,2544,,0.0,,treatment,,,,,,,,,,,,,,,,,,,tmjewif2,,,,,0
2545,gnf72f29,,0,0,51,,,,0,,,0.0,2545,,0.0,,control,,,,,,,,,,,,,,,,,,,tmjewif2,,,,,0
2546,qxv5jypo,,0,0,51,,,,0,,,0.0,2546,,0.0,,treatment,,,,,,,,,,,,,,,,,,,tmjewif2,,,,,0
2547,8nv0yo9p,,0,0,51,,,,0,,,0.0,2547,,0.0,,treatment,,,,,,,,,,,,,,,,,,,tmjewif2,,,,,0
2548,ur9grp6j,,0,0,51,,,,0,,,0.0,2548,,0.0,,treatment,,,,,,,,,,,,,,,,,,,tmjewif2,,,,,0
2549,c7vy7shy,,0,0,51,,,,0,,,0.0,2549,,0.0,,control,,,,,,,,,,,,,,,,,,,tmjewif2,,,,,0
2550,o8hutdoy,,0,0,51,,,,0,,,0.0,2550,,0.0,,treatment,,,,,,,,,,,,,,,,,,,tmjewif2,,,,,0
2551,qu52yuxs,,0,0,51,,,,0,,,0.0,2551,,0.0,,treatment,,,,,,,,,,,,,,,,,,,tmjewif2,,,,,0
2552,cqwyywwn,,0,0,51,,,,0,,,0.0,2552,,0.0,,treatment,,,,,,,,,,,,,,,,,,,tmjewif2,,,,,0
2553,cj63zzmp,,0,0,51,,,,0,,,0.0,2553,,0.0,,control,,,,,,,,,,,,,,,,,,,tmjewif2,,,,,0
2554,lgbxm2wa,,0,0,51,,,,0,,,0.0,2554,,0.0,,treatment,,,,,,,,,,,,,,,,,,,tmjewif2,,,,,0
2555,735vd2ia,,0,0,51,,,,0,,,0.0,2555,,0.0,,treatment,,,,,,,,,,,,,,,,,,,tmjewif2,,,,,0
2556,beoai5w0,,0,0,51,,,,0,,,0.0,2556,,0.0,,treatment,,,,,,,,,,,,,,,,,,,tmjewif2,,,,,0
2557,wnej5yqb,,0,0,51,,,,0,,,0.0,2557,,0.0,,control,,,,,,,,,,,,,,,,,,,tmjewif2,,,,,0
2558,fqoel4wn,,0,0,51,,,,0,,,0.0,2558,,0.0,,treatment,,,,,,,,,,,,,,,,,,,tmjewif2,,,,,0
2559,1w2p1lmg,,0,0,51,,,,0,,,0.0,2559,,0.0,,treatment,,,,,,,,,,,,,,,,,,,tmjewif2,,,,,0
2560,23nt07pk,,0,0,51,,,,0,,,0.0,2560,,0.0,,treatment,,,,,,,,,,,,,,,,,,,tmjewif2,,,,,0
2561,dzxvlzgu,,0,0,51,,,,0,,,0.0,2561,,0.0,,control,,,,,,,,,,,,,,,,,,,tmjewif2,,,,,0
2562,t20un41n,,0,0,51,,,,0,,,0.0,2562,,0.0,,treatment,,,,,,,,,,,,,,,,,,,tmjewif2,,,,,0
2563,b04zp9hf,,0,0,51,,,,0,,,0.0,2563,,0.0,,treatment,,,,,,,,,,,,,,,,,,,tmjewif2,,,,,0
2564,othpp8jg,,0,0,51,,,,0,,,0.0,2564,,0.0,,treatment,,,,,,,,,,,,,,,,,,,tmjewif2,,,,,0
2565,ki78btl3,,0,0,51,,,,0,,,0.0,2565,,0.0,,control,,,,,,,,,,,,,,,,,,,tmjewif2,,,,,0
2566,rx45977v,,0,0,51,,,,0,,,0.0,2566,,0.0,,treatment,,,,,,,,,,,,,,,,,,,tmjewif2,,,,,0
2567,ouf5i13r,,0,0,51,,,,0,,,0.0,2567,,0.0,,treatment,,,,,,,,,,,,,,,,,,,tmjewif2,,,,,0
2568,hdav9bqt,,0,0,51,,,,0,,,0.0,2568,,0.0,,treatment,,,,,,,,,,,,,,,,,,,tmjewif2,,,,,0
2569,bf9y2rpb,,0,0,51,,,,0,,,0.0,2569,,0.0,,control,,,,,,,,,,,,,,,,,,,tmjewif2,,,,,0
2570,wnpvr5oc,,0,0,51,,,,0,,,0.0,2570,,0.0,,treatment,,,,,,,,,,,,,,,,,,,tmjewif2,,,,,0
2571,7t5m7dlf,,0,0,51,,,,0,,,0.0,2571,,0.0,,treatment,,,,,,,,,,,,,,,,,,,tmjewif2,,,,,0
2572,wsbcefsn,,0,0,51,,,,0,,,0.0,2572,,0.0,,treatment,,,,,,,,,,,,,,,,,,,tmjewif2,,,,,0
2573,bw2bm1z2,,0,0,51,,,,0,,,0.0,2573,,0.0,,control,,,,,,,,,,,,,,,,,,,tmjewif2,,,,,0
2574,fvo1b5jz,,0,0,51,,,,0,,,0.0,2574,,0.0,,treatment,,,,,,,,,,,,,,,,,,,tmjewif2,,,,,0
2575,vhu9qkv1,,0,0,51,,,,0,,,0.0,2575,,0.0,,treatment,,,,,,,,,,,,,,,,,,,tmjewif2,,,,,0
2576,c9g7kte9,,0,0,51,,,,0,,,0.0,2576,,0.0,,treatment,,,,,,,,,,,,,,,,,,,tmjewif2,,,,,0
2577,zs8gvpse,,0,0,51,,,,0,,,0.0,2577,,0.0,,control,,,,,,,,,,,,,,,,,,,tmjewif2,,,,,0
2578,ado26yrd,,0,0,51,,,,0,,,0.0,2578,,0.0,,treatment,,,,,,,,,,,,,,,,,,,tmjewif2,,,,,0
2579,3zpu4psd,,0,0,51,,,,0,,,0.0,2579,,0.0,,treatment,,,,,,,,,,,,,,,,,,,tmjewif2,,,,,0
2580,o102h9pt,,0,0,51,,,,0,,,0.0,2580,,0.0,,treatment,,,,,,,,,,,,,,,,,,,tmjewif2,,,,,0
2581,981sdckg,,0,0,51,,,,0,,,0.0,2581,,0.0,,control,,,,,,,,,,,,,,,,,,,tmjewif2,,,,,0
2582,odpxhac2,,0,0,51,,,,0,,,0.0,2582,,0.0,,treatment,,,,,,,,,,,,,,,,,,,tmjewif2,,,,,0
2583,y2n5n58p,,0,0,51,,,,0,,,0.0,2583,,0.0,,treatment,,,,,,,,,,,,,,,,,,,tmjewif2,,,,,0
2584,ff6v0zls,,0,0,51,,,,0,,,0.0,2584,,0.0,,treatment,,,,,,,,,,,,,,,,,,,tmjewif2,,,,,0
2585,u75b7cwz,,0,0,51,,,,0,,,0.0,2585,,0.0,,control,,,,,,,,,,,,,,,,,,,tmjewif2,,,,,0
2586,82dmdj2f,,0,0,51,,,,0,,,0.0,2586,,0.0,,treatment,,,,,,,,,,,,,,,,,,,tmjewif2,,,,,0
2587,qn6jqivh,,0,0,51,,,,0,,,0.0,2587,,0.0,,treatment,,,,,,,,,,,,,,,,,,,tmjewif2,,,,,0
2588,7ekgisni,,0,0,51,,,,0,,,0.0,2588,,0.0,,treatment,,,,,,,,,,,,,,,,,,,tmjewif2,,,,,0
2589,889w79dk,,0,0,51,,,,0,,,0.0,2589,,0.0,,control,,,,,,,,,,,,,,,,,,,tmjewif2,,,,,0
2590,550qjv3d,,0,0,51,,,,0,,,0.0,2590,,0.0,,treatment,,,,,,,,,,,,,,,,,,,tmjewif2,,,,,0
2591,qc57fir9,,0,0,51,,,,0,,,0.0,2591,,0.0,,treatment,,,,,,,,,,,,,,,,,,,tmjewif2,,,,,0
2592,kqznqgqp,,0,0,51,,,,0,,,0.0,2592,,0.0,,treatment,,,,,,,,,,,,,,,,,,,tmjewif2,,,,,0
2593,a3ddy8kg,,0,0,51,,,,0,,,0.0,2593,,0.0,,control,,,,,,,,,,,,,,,,,,,tmjewif2,,,,,0
2594,28l86lrj,,0,0,51,,,,0,,,0.0,2594,,0.0,,treatment,,,,,,,,,,,,,,,,,,,tmjewif2,,,,,0
2595,4uzbtcry,,0,0,51,,,,0,,,0.0,2595,,0.0,,treatment,,,,,,,,,,,,,,,,,,,tmjewif2,,,,,0
2596,zww5qt18,,0,0,51,,,,0,,,0.0,2596,,0.0,,treatment,,,,,,,,,,,,,,,,,,,tmjewif2,,,,,0
2597,vn8cm9u7,,0,0,51,,,,0,,,0.0,2597,,0.0,,control,,,,,,,,,,,,,,,,,,,tmjewif2,,,,,0
2598,tuap6r8j,,0,0,51,,,,0,,,0.0,2598,,0.0,,treatment,,,,,,,,,,,,,,,,,,,tmjewif2,,,,,0
2599,ug60knh2,,0,0,51,,,,0,,,0.0,2599,,0.0,,treatment,,,,,,,,,,,,,,,,,,,tmjewif2,,,,,0
2600,g8l44k6c,,0,0,51,,,,0,,,0.0,2600,,0.0,,treatment,,,,,,,,,,,,,,,,,,,tmjewif2,,,,,0
2601,l3hfwi8x,,0,0,51,,,,0,,,0.0,2601,,0.0,,control,,,,,,,,,,,,,,,,,,,tmjewif2,,,,,0
2602,arrepwrz,,0,0,51,,,,0,,,0.0,2602,,0.0,,treatment,,,,,,,,,,,,,,,,,,,tmjewif2,,,,,0
2603,rpwgiubb,,0,0,51,,,,0,,,0.0,2603,,0.0,,treatment,,,,,,,,,,,,,,,,,,,tmjewif2,,,,,0
2604,lwetto8m,,0,0,51,,,,0,,,0.0,2604,,0.0,,treatment,,,,,,,,,,,,,,,,,,,tmjewif2,,,,,0
2605,igq7rfml,,0,0,51,,,,0,,,0.0,2605,,0.0,,control,,,,,,,,,,,,,,,,,,,tmjewif2,,,,,0
2606,nc3ssrts,,0,0,51,,,,0,,,0.0,2606,,0.0,,treatment,,,,,,,,,,,,,,,,,,,tmjewif2,,,,,0
2607,uj73twyl,,0,0,51,,,,0,,,0.0,2607,,0.0,,treatment,,,,,,,,,,,,,,,,,,,tmjewif2,,,,,0
2608,pze9dfun,,0,0,51,,,,0,,,0.0,2608,,0.0,,treatment,,,,,,,,,,,,,,,,,,,tmjewif2,,,,,0
2609,7un27xzv,,0,0,51,,,,0,,,0.0,2609,,0.0,,control,,,,,,,,,,,,,,,,,,,tmjewif2,,,,,0
2610,v8ej33ff,,0,0,51,,,,0,,,0.0,2610,,0.0,,treatment,,,,,,,,,,,,,,,,,,,tmjewif2,,,,,0
2611,z3fcpc6y,,0,0,51,,,,0,,,0.0,2611,,0.0,,treatment,,,,,,,,,,,,,,,,,,,tmjewif2,,,,,0
2612,85a8rbmp,,0,0,51,,,,0,,,0.0,2612,,0.0,,treatment,,,,,,,,,,,,,,,,,,,tmjewif2,,,,,0
2613,4z8hl0ym,,0,0,51,,,,0,,,0.0,2613,,0.0,,control,,,,,,,,,,,,,,,,,,,tmjewif2,,,,,0
2614,w191q8b5,,0,0,51,,,,0,,,0.0,2614,,0.0,,treatment,,,,,,,,,,,,,,,,,,,tmjewif2,,,,,0
2615,ubbd0muw,,0,0,51,,,,0,,,0.0,2615,,0.0,,treatment,,,,,,,,,,,,,,,,,,,tmjewif2,,,,,0
2616,4fl29whl,,0,0,51,,,,0,,,0.0,2616,,0.0,,treatment,,,,,,,,,,,,,,,,,,,tmjewif2,,,,,0
2617,97naz7ky,,0,0,51,,,,0,,,0.0,2617,,0.0,,control,,,,,,,,,,,,,,,,,,,tmjewif2,,,,,0
2618,t58xi5ny,,0,0,51,,,,0,,,0.0,2618,,0.0,,treatment,,,,,,,,,,,,,,,,,,,tmjewif2,,,,,0
2619,vu7mxsjx,,0,0,51,,,,0,,,0.0,2619,,0.0,,treatment,,,,,,,,,,,,,,,,,,,tmjewif2,,,,,0
2620,7a41uuhd,,0,0,51,,,,0,,,0.0,2620,,0.0,,treatment,,,,,,,,,,,,,,,,,,,tmjewif2,,,,,0
2621,2dq9pkb1,,0,0,51,,,,0,,,0.0,2621,,0.0,,control,,,,,,,,,,,,,,,,,,,tmjewif2,,,,,0
2622,fv5zieib,,0,0,51,,,,0,,,0.0,2622,,0.0,,treatment,,,,,,,,,,,,,,,,,,,tmjewif2,,,,,0
2623,112xx4np,,0,0,51,,,,0,,,0.0,2623,,0.0,,treatment,,,,,,,,,,,,,,,,,,,tmjewif2,,,,,0
2624,aht5e60j,,0,0,51,,,,0,,,0.0,2624,,0.0,,treatment,,,,,,,,,,,,,,,,,,,tmjewif2,,,,,0
2625,if12kcsk,,0,0,51,,,,0,,,0.0,2625,,0.0,,control,,,,,,,,,,,,,,,,,,,tmjewif2,,,,,0
2626,pnrukxf6,,0,0,51,,,,0,,,0.0,2626,,0.0,,treatment,,,,,,,,,,,,,,,,,,,tmjewif2,,,,,0
2627,b8cahbtf,,0,0,51,,,,0,,,0.0,2627,,0.0,,treatment,,,,,,,,,,,,,,,,,,,tmjewif2,,,,,0
2628,eoo3g1k7,,0,0,51,,,,0,,,0.0,2628,,0.0,,treatment,,,,,,,,,,,,,,,,,,,tmjewif2,,,,,0
2629,ggserkzk,,0,0,51,,,,0,,,0.0,2629,,0.0,,control,,,,,,,,,,,,,,,,,,,tmjewif2,,,,,0
2630,v2cudpne,,0,0,51,,,,0,,,0.0,2630,,0.0,,treatment,,,,,,,,,,,,,,,,,,,tmjewif2,,,,,0
2631,9xmzu4tv,,0,0,51,,,,0,,,0.0,2631,,0.0,,treatment,,,,,,,,,,,,,,,,,,,tmjewif2,,,,,0
2632,u8ocir6h,,0,0,51,,,,0,,,0.0,2632,,0.0,,treatment,,,,,,,,,,,,,,,,,,,tmjewif2,,,,,0
2633,8iwo8d6l,,0,0,51,,,,0,,,0.0,2633,,0.0,,control,,,,,,,,,,,,,,,,,,,tmjewif2,,,,,0
2634,xyzh2hop,,0,0,51,,,,0,,,0.0,2634,,0.0,,treatment,,,,,,,,,,,,,,,,,,,tmjewif2,,,,,0
2635,x3riij43,,0,0,51,,,,0,,,0.0,2635,,0.0,,treatment,,,,,,,,,,,,,,,,,,,tmjewif2,,,,,0
2636,c3m0tb57,,0,0,51,,,,0,,,0.0,2636,,0.0,,treatment,,,,,,,,,,,,,,,,,,,tmjewif2,,,,,0
2637,et3ng3cr,,0,0,51,,,,0,,,0.0,2637,,0.0,,control,,,,,,,,,,,,,,,,,,,tmjewif2,,,,,0
2638,dx3fmx1h,,0,0,51,,,,0,,,0.0,2638,,0.0,,treatment,,,,,,,,,,,,,,,,,,,tmjewif2,,,,,0
2639,ah7sd0nb,,0,0,51,,,,0,,,0.0,2639,,0.0,,treatment,,,,,,,,,,,,,,,,,,,tmjewif2,,,,,0
2640,rj8zo2ll,,0,0,51,,,,0,,,0.0,2640,,0.0,,treatment,,,,,,,,,,,,,,,,,,,tmjewif2,,,,,0
2641,0dp15zx9,,0,0,51,,,,0,,,0.0,2641,,0.0,,control,,,,,,,,,,,,,,,,,,,tmjewif2,,,,,0
2642,b5s84ndo,,0,0,51,,,,0,,,0.0,2642,,0.0,,treatment,,,,,,,,,,,,,,,,,,,tmjewif2,,,,,0
2643,mhsx463m,,0,0,51,,,,0,,,0.0,2643,,0.0,,treatment,,,,,,,,,,,,,,,,,,,tmjewif2,,,,,0
2644,ixmtb6ah,,0,0,51,,,,0,,,0.0,2644,,0.0,,treatment,,,,,,,,,,,,,,,,,,,tmjewif2,,,,,0
2645,rdajm9h9,,0,0,51,,,,0,,,0.0,2645,,0.0,,control,,,,,,,,,,,,,,,,,,,tmjewif2,,,,,0
2646,vbnojn5a,,0,0,51,,,,0,,,0.0,2646,,0.0,,treatment,,,,,,,,,,,,,,,,,,,tmjewif2,,,,,0
2647,znmbixzm,,0,0,51,,,,0,,,0.0,2647,,0.0,,treatment,,,,,,,,,,,,,,,,,,,tmjewif2,,,,,0
2648,ek72gxku,,0,0,51,,,,0,,,0.0,2648,,0.0,,treatment,,,,,,,,,,,,,,,,,,,tmjewif2,,,,,0
2649,birbr70t,,0,0,51,,,,0,,,0.0,2649,,0.0,,control,,,,,,,,,,,,,,,,,,,tmjewif2,,,,,0
2650,qft3r4ld,,0,0,51,,,,0,,,0.0,2650,,0.0,,treatment,,,,,,,,,,,,,,,,,,,tmjewif2,,,,,0
2651,ov5wq1wx,,0,0,51,,,,0,,,0.0,2651,,0.0,,treatment,,,,,,,,,,,,,,,,,,,tmjewif2,,,,,0
2652,6zqrcsp3,,0,0,51,,,,0,,,0.0,2652,,0.0,,treatment,,,,,,,,,,,,,,,,,,,tmjewif2,,,,,0
2653,daxt6308,,0,0,51,,,,0,,,0.0,2653,,0.0,,control,,,,,,,,,,,,,,,,,,,tmjewif2,,,,,0
2654,8jczg352,,0,0,51,,,,0,,,0.0,2654,,0.0,,treatment,,,,,,,,,,,,,,,,,,,tmjewif2,,,,,0
2655,pvvi00m0,,0,0,51,,,,0,,,0.0,2655,,0.0,,treatment,,,,,,,,,,,,,,,,,,,tmjewif2,,,,,0
2656,87ap85h6,,0,0,51,,,,0,,,0.0,2656,,0.0,,treatment,,,,,,,,,,,,,,,,,,,tmjewif2,,,,,0
2657,jhddb71t,,0,0,51,,,,0,,,0.0,2657,,0.0,,control,,,,,,,,,,,,,,,,,,,tmjewif2,,,,,0
2658,k4yehqfc,,0,0,51,,,,0,,,0.0,2658,,0.0,,treatment,,,,,,,,,,,,,,,,,,,tmjewif2,,,,,0
2659,i1jk3x8u,,0,0,51,,,,0,,,0.0,2659,,0.0,,treatment,,,,,,,,,,,,,,,,,,,tmjewif2,,,,,0
2660,hk1r9y5u,,0,0,51,,,,0,,,0.0,2660,,0.0,,treatment,,,,,,,,,,,,,,,,,,,tmjewif2,,,,,0
2661,tm3mub63,,0,0,51,,,,0,,,0.0,2661,,0.0,,control,,,,,,,,,,,,,,,,,,,tmjewif2,,,,,0
2662,u4vyzipa,,0,0,51,,,,0,,,0.0,2662,,0.0,,treatment,,,,,,,,,,,,,,,,,,,tmjewif2,,,,,0
2663,jmvft2h5,,0,0,51,,,,0,,,0.0,2663,,0.0,,treatment,,,,,,,,,,,,,,,,,,,tmjewif2,,,,,0
2664,gubv7129,,0,0,51,,,,0,,,0.0,2664,,0.0,,treatment,,,,,,,,,,,,,,,,,,,tmjewif2,,,,,0
2665,a9vdvg7x,,0,0,51,,,,0,,,0.0,2665,,0.0,,control,,,,,,,,,,,,,,,,,,,tmjewif2,,,,,0
2666,1focf0ds,,0,0,51,,,,0,,,0.0,2666,,0.0,,treatment,,,,,,,,,,,,,,,,,,,tmjewif2,,,,,0
2667,kqalbf4l,,0,0,51,,,,0,,,0.0,2667,,0.0,,treatment,,,,,,,,,,,,,,,,,,,tmjewif2,,,,,0
2668,ihzjude0,,0,0,51,,,,0,,,0.0,2668,,0.0,,treatment,,,,,,,,,,,,,,,,,,,tmjewif2,,,,,0
2669,zvrpmzo8,,0,0,51,,,,0,,,0.0,2669,,0.0,,control,,,,,,,,,,,,,,,,,,,tmjewif2,,,,,0
2670,eg3xlkok,,0,0,51,,,,0,,,0.0,2670,,0.0,,treatment,,,,,,,,,,,,,,,,,,,tmjewif2,,,,,0
2671,9jc74qek,,0,0,51,,,,0,,,0.0,2671,,0.0,,treatment,,,,,,,,,,,,,,,,,,,tmjewif2,,,,,0
2672,jboxsd4i,,0,0,51,,,,0,,,0.0,2672,,0.0,,treatment,,,,,,,,,,,,,,,,,,,tmjewif2,,,,,0
2673,mkc4r1k3,,0,0,51,,,,0,,,0.0,2673,,0.0,,control,,,,,,,,,,,,,,,,,,,tmjewif2,,,,,0
2674,9wjpwwkc,,0,0,51,,,,0,,,0.0,2674,,0.0,,treatment,,,,,,,,,,,,,,,,,,,tmjewif2,,,,,0
2675,cwbvwxg0,,0,0,51,,,,0,,,0.0,2675,,0.0,,treatment,,,,,,,,,,,,,,,,,,,tmjewif2,,,,,0
2676,8wkwcg5z,,0,0,51,,,,0,,,0.0,2676,,0.0,,treatment,,,,,,,,,,,,,,,,,,,tmjewif2,,,,,0
2677,zmsknv6w,,0,0,51,,,,0,,,0.0,2677,,0.0,,control,,,,,,,,,,,,,,,,,,,tmjewif2,,,,,0
2678,70uysrpy,,0,0,51,,,,0,,,0.0,2678,,0.0,,treatment,,,,,,,,,,,,,,,,,,,tmjewif2,,,,,0
2679,gp9wd3ud,,0,0,51,,,,0,,,0.0,2679,,0.0,,treatment,,,,,,,,,,,,,,,,,,,tmjewif2,,,,,0
2680,t8p4lohu,,0,0,51,,,,0,,,0.0,2680,,0.0,,treatment,,,,,,,,,,,,,,,,,,,tmjewif2,,,,,0
2681,loczw3l6,,0,0,51,,,,0,,,0.0,2681,,0.0,,control,,,,,,,,,,,,,,,,,,,tmjewif2,,,,,0
2682,t5omoxe0,,0,0,51,,,,0,,,0.0,2682,,0.0,,treatment,,,,,,,,,,,,,,,,,,,tmjewif2,,,,,0
2683,tsuaff1c,,0,0,51,,,,0,,,0.0,2683,,0.0,,treatment,,,,,,,,,,,,,,,,,,,tmjewif2,,,,,0
2684,51yj97r3,,0,0,51,,,,0,,,0.0,2684,,0.0,,treatment,,,,,,,,,,,,,,,,,,,tmjewif2,,,,,0
2685,6qocmahf,,0,0,51,,,,0,,,0.0,2685,,0.0,,control,,,,,,,,,,,,,,,,,,,tmjewif2,,,,,0
2686,dhzdbnj7,,0,0,51,,,,0,,,0.0,2686,,0.0,,treatment,,,,,,,,,,,,,,,,,,,tmjewif2,,,,,0
2687,yl834n4g,,0,0,51,,,,0,,,0.0,2687,,0.0,,treatment,,,,,,,,,,,,,,,,,,,tmjewif2,,,,,0
2688,vgv5umzx,,0,0,51,,,,0,,,0.0,2688,,0.0,,treatment,,,,,,,,,,,,,,,,,,,tmjewif2,,,,,0
2689,8vbjzx6k,,0,0,51,,,,0,,,0.0,2689,,0.0,,control,,,,,,,,,,,,,,,,,,,tmjewif2,,,,,0
2690,5dpb87iz,,0,0,51,,,,0,,,0.0,2690,,0.0,,treatment,,,,,,,,,,,,,,,,,,,tmjewif2,,,,,0
2691,ju4yn7nx,,0,0,51,,,,0,,,0.0,2691,,0.0,,treatment,,,,,,,,,,,,,,,,,,,tmjewif2,,,,,0
2692,uaseayfj,,0,0,51,,,,0,,,0.0,2692,,0.0,,treatment,,,,,,,,,,,,,,,,,,,tmjewif2,,,,,0
2693,5uu0oede,,0,0,51,,,,0,,,0.0,2693,,0.0,,control,,,,,,,,,,,,,,,,,,,tmjewif2,,,,,0
2694,e1ru56st,,0,0,51,,,,0,,,0.0,2694,,0.0,,treatment,,,,,,,,,,,,,,,,,,,tmjewif2,,,,,0
2695,j77q2tjf,,0,0,51,,,,0,,,0.0,2695,,0.0,,treatment,,,,,,,,,,,,,,,,,,,tmjewif2,,,,,0
2696,xk6gddxz,,0,0,51,,,,0,,,0.0,2696,,0.0,,treatment,,,,,,,,,,,,,,,,,,,tmjewif2,,,,,0
2697,fvccqgz1,,0,0,51,,,,0,,,0.0,2697,,0.0,,control,,,,,,,,,,,,,,,,,,,tmjewif2,,,,,0
2698,r1ki5m4j,,0,0,51,,,,0,,,0.0,2698,,0.0,,treatment,,,,,,,,,,,,,,,,,,,tmjewif2,,,,,0
2699,do01ca7e,,0,0,51,,,,0,,,0.0,2699,,0.0,,treatment,,,,,,,,,,,,,,,,,,,tmjewif2,,,,,0
2700,ojg7gl50,,0,0,51,,,,0,,,0.0,2700,,0.0,,treatment,,,,,,,,,,,,,,,,,,,tmjewif2,,,,,0
2701,e52f6j3o,,0,0,51,,,,0,,,0.0,2701,,0.0,,control,,,,,,,,,,,,,,,,,,,tmjewif2,,,,,0
2702,b14ekmg4,,0,0,51,,,,0,,,0.0,2702,,0.0,,treatment,,,,,,,,,,,,,,,,,,,tmjewif2,,,,,0
2703,y4td6v9h,,0,0,51,,,,0,,,0.0,2703,,0.0,,treatment,,,,,,,,,,,,,,,,,,,tmjewif2,,,,,0
2704,pkcbapc7,,0,0,51,,,,0,,,0.0,2704,,0.0,,treatment,,,,,,,,,,,,,,,,,,,tmjewif2,,,,,0
2705,jiynxgug,,0,0,51,,,,0,,,0.0,2705,,0.0,,control,,,,,,,,,,,,,,,,,,,tmjewif2,,,,,0
2706,pqdcxeps,,0,0,51,,,,0,,,0.0,2706,,0.0,,treatment,,,,,,,,,,,,,,,,,,,tmjewif2,,,,,0
2707,eux3nxgp,,0,0,51,,,,0,,,0.0,2707,,0.0,,treatment,,,,,,,,,,,,,,,,,,,tmjewif2,,,,,0
2708,4ighjg2t,,0,0,51,,,,0,,,0.0,2708,,0.0,,treatment,,,,,,,,,,,,,,,,,,,tmjewif2,,,,,0
2709,k332811j,,0,0,51,,,,0,,,0.0,2709,,0.0,,control,,,,,,,,,,,,,,,,,,,tmjewif2,,,,,0
2710,weuger5c,,0,0,51,,,,0,,,0.0,2710,,0.0,,treatment,,,,,,,,,,,,,,,,,,,tmjewif2,,,,,0
2711,58fu4e29,,0,0,51,,,,0,,,0.0,2711,,0.0,,treatment,,,,,,,,,,,,,,,,,,,tmjewif2,,,,,0
2712,xf65sc2z,,0,0,51,,,,0,,,0.0,2712,,0.0,,treatment,,,,,,,,,,,,,,,,,,,tmjewif2,,,,,0
2713,cy2o4jc8,,0,0,51,,,,0,,,0.0,2713,,0.0,,control,,,,,,,,,,,,,,,,,,,tmjewif2,,,,,0
2714,d3garymh,,0,0,51,,,,0,,,0.0,2714,,0.0,,treatment,,,,,,,,,,,,,,,,,,,tmjewif2,,,,,0
2715,8vyrhdcu,,0,0,51,,,,0,,,0.0,2715,,0.0,,treatment,,,,,,,,,,,,,,,,,,,tmjewif2,,,,,0
2716,cwy06mgr,,0,0,51,,,,0,,,0.0,2716,,0.0,,treatment,,,,,,,,,,,,,,,,,,,tmjewif2,,,,,0
2717,so5fxnxv,,0,0,51,,,,0,,,0.0,2717,,0.0,,control,,,,,,,,,,,,,,,,,,,tmjewif2,,,,,0
2718,rgtwhe63,,0,0,51,,,,0,,,0.0,2718,,0.0,,treatment,,,,,,,,,,,,,,,,,,,tmjewif2,,,,,0
2719,r8oinmcz,,0,0,51,,,,0,,,0.0,2719,,0.0,,treatment,,,,,,,,,,,,,,,,,,,tmjewif2,,,,,0
2720,dlsjsl9g,,0,0,51,,,,0,,,0.0,2720,,0.0,,treatment,,,,,,,,,,,,,,,,,,,tmjewif2,,,,,0
2721,45jttr7y,,0,0,51,,,,0,,,0.0,2721,,0.0,,control,,,,,,,,,,,,,,,,,,,tmjewif2,,,,,0
2722,yrxx9k3s,,0,0,51,,,,0,,,0.0,2722,,0.0,,treatment,,,,,,,,,,,,,,,,,,,tmjewif2,,,,,0
2723,2htnp4be,,0,0,51,,,,0,,,0.0,2723,,0.0,,treatment,,,,,,,,,,,,,,,,,,,tmjewif2,,,,,0
2724,ys494738,,0,0,51,,,,0,,,0.0,2724,,0.0,,treatment,,,,,,,,,,,,,,,,,,,tmjewif2,,,,,0
2725,bqv5ec15,,0,0,51,,,,0,,,0.0,2725,,0.0,,control,,,,,,,,,,,,,,,,,,,tmjewif2,,,,,0
2726,f8omg5zw,,0,0,51,,,,0,,,0.0,2726,,0.0,,treatment,,,,,,,,,,,,,,,,,,,tmjewif2,,,,,0
2727,fgqg6w03,,0,0,51,,,,0,,,0.0,2727,,0.0,,treatment,,,,,,,,,,,,,,,,,,,tmjewif2,,,,,0
2728,wv0mxc75,,0,0,51,,,,0,,,0.0,2728,,0.0,,treatment,,,,,,,,,,,,,,,,,,,tmjewif2,,,,,0
2729,c6dun4vk,,0,0,51,,,,0,,,0.0,2729,,0.0,,control,,,,,,,,,,,,,,,,,,,tmjewif2,,,,,0
2730,skknei1o,,0,0,51,,,,0,,,0.0,2730,,0.0,,treatment,,,,,,,,,,,,,,,,,,,tmjewif2,,,,,0
2731,4nrhjgf5,,0,0,51,,,,0,,,0.0,2731,,0.0,,treatment,,,,,,,,,,,,,,,,,,,tmjewif2,,,,,0
2732,ozr5gehs,,0,0,51,,,,0,,,0.0,2732,,0.0,,treatment,,,,,,,,,,,,,,,,,,,tmjewif2,,,,,0
2733,mv6qu222,,0,0,51,,,,0,,,0.0,2733,,0.0,,control,,,,,,,,,,,,,,,,,,,tmjewif2,,,,,0
2734,1gds00v0,,0,0,51,,,,0,,,0.0,2734,,0.0,,treatment,,,,,,,,,,,,,,,,,,,tmjewif2,,,,,0
2735,53y8odme,,0,0,51,,,,0,,,0.0,2735,,0.0,,treatment,,,,,,,,,,,,,,,,,,,tmjewif2,,,,,0
2736,iu6sn2su,,0,0,51,,,,0,,,0.0,2736,,0.0,,treatment,,,,,,,,,,,,,,,,,,,tmjewif2,,,,,0
2737,jds7rese,,0,0,51,,,,0,,,0.0,2737,,0.0,,control,,,,,,,,,,,,,,,,,,,tmjewif2,,,,,0
2738,z3o43ddw,,0,0,51,,,,0,,,0.0,2738,,0.0,,treatment,,,,,,,,,,,,,,,,,,,tmjewif2,,,,,0
2739,7qp1xg9z,,0,0,51,,,,0,,,0.0,2739,,0.0,,treatment,,,,,,,,,,,,,,,,,,,tmjewif2,,,,,0
2740,nxbux1yv,,0,0,51,,,,0,,,0.0,2740,,0.0,,treatment,,,,,,,,,,,,,,,,,,,tmjewif2,,,,,0
2741,3ah9t31c,,0,0,51,,,,0,,,0.0,2741,,0.0,,control,,,,,,,,,,,,,,,,,,,tmjewif2,,,,,0
2742,75tvwkxg,,0,0,51,,,,0,,,0.0,2742,,0.0,,treatment,,,,,,,,,,,,,,,,,,,tmjewif2,,,,,0
2743,wc7i47ka,,0,0,51,,,,0,,,0.0,2743,,0.0,,treatment,,,,,,,,,,,,,,,,,,,tmjewif2,,,,,0
2744,h2zyuqxm,,0,0,51,,,,0,,,0.0,2744,,0.0,,treatment,,,,,,,,,,,,,,,,,,,tmjewif2,,,,,0
2745,jo5ptt59,,0,0,51,,,,0,,,0.0,2745,,0.0,,control,,,,,,,,,,,,,,,,,,,tmjewif2,,,,,0
2746,c141zg9j,,0,0,51,,,,0,,,0.0,2746,,0.0,,treatment,,,,,,,,,,,,,,,,,,,tmjewif2,,,,,0
2747,1irp5idp,,0,0,51,,,,0,,,0.0,2747,,0.0,,treatment,,,,,,,,,,,,,,,,,,,tmjewif2,,,,,0
2748,zxfutbqr,,0,0,51,,,,0,,,0.0,2748,,0.0,,treatment,,,,,,,,,,,,,,,,,,,tmjewif2,,,,,0
2749,qadzblvm,,0,0,51,,,,0,,,0.0,2749,,0.0,,control,,,,,,,,,,,,,,,,,,,tmjewif2,,,,,0
2750,exiv9j87,,0,0,51,,,,0,,,0.0,2750,,0.0,,treatment,,,,,,,,,,,,,,,,,,,tmjewif2,,,,,0
2751,vd7tcm9b,,0,0,51,,,,0,,,0.0,2751,,0.0,,treatment,,,,,,,,,,,,,,,,,,,tmjewif2,,,,,0
2752,afxsq21c,,0,0,51,,,,0,,,0.0,2752,,0.0,,treatment,,,,,,,,,,,,,,,,,,,tmjewif2,,,,,0
2753,jw4byixe,,0,0,51,,,,0,,,0.0,2753,,0.0,,control,,,,,,,,,,,,,,,,,,,tmjewif2,,,,,0
2754,yfb4noei,,0,0,51,,,,0,,,0.0,2754,,0.0,,treatment,,,,,,,,,,,,,,,,,,,tmjewif2,,,,,0
2755,r7vpiyvf,,0,0,51,,,,0,,,0.0,2755,,0.0,,treatment,,,,,,,,,,,,,,,,,,,tmjewif2,,,,,0
2756,fb67dxkv,,0,0,51,,,,0,,,0.0,2756,,0.0,,treatment,,,,,,,,,,,,,,,,,,,tmjewif2,,,,,0
2757,dld14d69,,0,0,51,,,,0,,,0.0,2757,,0.0,,control,,,,,,,,,,,,,,,,,,,tmjewif2,,,,,0
2758,on9ugotx,,0,0,51,,,,0,,,0.0,2758,,0.0,,treatment,,,,,,,,,,,,,,,,,,,tmjewif2,,,,,0
2759,n44v94vj,,0,0,51,,,,0,,,0.0,2759,,0.0,,treatment,,,,,,,,,,,,,,,,,,,tmjewif2,,,,,0
2760,ed3b9lff,,0,0,51,,,,0,,,0.0,2760,,0.0,,treatment,,,,,,,,,,,,,,,,,,,tmjewif2,,,,,0
2761,7p3m4s5b,,0,0,51,,,,0,,,0.0,2761,,0.0,,control,,,,,,,,,,,,,,,,,,,tmjewif2,,,,,0
2762,4neum4cr,,0,0,51,,,,0,,,0.0,2762,,0.0,,treatment,,,,,,,,,,,,,,,,,,,tmjewif2,,,,,0
2763,6eg8okrj,,0,0,51,,,,0,,,0.0,2763,,0.0,,treatment,,,,,,,,,,,,,,,,,,,tmjewif2,,,,,0
2764,jq3ja4mq,,0,0,51,,,,0,,,0.0,2764,,0.0,,treatment,,,,,,,,,,,,,,,,,,,tmjewif2,,,,,0
2765,s2jwjomv,,0,0,51,,,,0,,,0.0,2765,,0.0,,control,,,,,,,,,,,,,,,,,,,tmjewif2,,,,,0
2766,udnosbk0,,0,0,51,,,,0,,,0.0,2766,,0.0,,treatment,,,,,,,,,,,,,,,,,,,tmjewif2,,,,,0
2767,xba1r8do,,0,0,51,,,,0,,,0.0,2767,,0.0,,treatment,,,,,,,,,,,,,,,,,,,tmjewif2,,,,,0
2768,h0yv7d01,,0,0,51,,,,0,,,0.0,2768,,0.0,,treatment,,,,,,,,,,,,,,,,,,,tmjewif2,,,,,0
2769,p6ik0xze,,0,0,51,,,,0,,,0.0,2769,,0.0,,control,,,,,,,,,,,,,,,,,,,tmjewif2,,,,,0
2770,nt1dcg48,,0,0,51,,,,0,,,0.0,2770,,0.0,,treatment,,,,,,,,,,,,,,,,,,,tmjewif2,,,,,0
2771,i8oe3pp9,,0,0,51,,,,0,,,0.0,2771,,0.0,,treatment,,,,,,,,,,,,,,,,,,,tmjewif2,,,,,0
2772,p19mbrh2,,0,0,51,,,,0,,,0.0,2772,,0.0,,treatment,,,,,,,,,,,,,,,,,,,tmjewif2,,,,,0
2773,5ek06n9p,,0,0,51,,,,0,,,0.0,2773,,0.0,,control,,,,,,,,,,,,,,,,,,,tmjewif2,,,,,0
2774,vfpu05ws,,0,0,51,,,,0,,,0.0,2774,,0.0,,treatment,,,,,,,,,,,,,,,,,,,tmjewif2,,,,,0
2775,551ghtk9,,0,0,51,,,,0,,,0.0,2775,,0.0,,treatment,,,,,,,,,,,,,,,,,,,tmjewif2,,,,,0
2776,uv89ge6v,,0,0,51,,,,0,,,0.0,2776,,0.0,,treatment,,,,,,,,,,,,,,,,,,,tmjewif2,,,,,0
2777,02a7orth,,0,0,51,,,,0,,,0.0,2777,,0.0,,control,,,,,,,,,,,,,,,,,,,tmjewif2,,,,,0
2778,qeriwr4u,,0,0,51,,,,0,,,0.0,2778,,0.0,,treatment,,,,,,,,,,,,,,,,,,,tmjewif2,,,,,0
2779,sodtkcxi,,0,0,51,,,,0,,,0.0,2779,,0.0,,treatment,,,,,,,,,,,,,,,,,,,tmjewif2,,,,,0
2780,v18922j8,,0,0,51,,,,0,,,0.0,2780,,0.0,,treatment,,,,,,,,,,,,,,,,,,,tmjewif2,,,,,0
2781,hcnpvp8h,,0,0,51,,,,0,,,0.0,2781,,0.0,,control,,,,,,,,,,,,,,,,,,,tmjewif2,,,,,0
2782,onn9s8n1,,0,0,51,,,,0,,,0.0,2782,,0.0,,treatment,,,,,,,,,,,,,,,,,,,tmjewif2,,,,,0
2783,5uneuqms,,0,0,51,,,,0,,,0.0,2783,,0.0,,treatment,,,,,,,,,,,,,,,,,,,tmjewif2,,,,,0
2784,mfzvtrs9,,0,0,51,,,,0,,,0.0,2784,,0.0,,treatment,,,,,,,,,,,,,,,,,,,tmjewif2,,,,,0
2785,a8afjhsb,,0,0,51,,,,0,,,0.0,2785,,0.0,,control,,,,,,,,,,,,,,,,,,,tmjewif2,,,,,0
2786,sqhxd50m,,0,0,51,,,,0,,,0.0,2786,,0.0,,treatment,,,,,,,,,,,,,,,,,,,tmjewif2,,,,,0
2787,ozyquszf,,0,0,51,,,,0,,,0.0,2787,,0.0,,treatment,,,,,,,,,,,,,,,,,,,tmjewif2,,,,,0
2788,5iniqzpi,,0,0,51,,,,0,,,0.0,2788,,0.0,,treatment,,,,,,,,,,,,,,,,,,,tmjewif2,,,,,0
2789,nulhlrgs,,0,0,51,,,,0,,,0.0,2789,,0.0,,control,,,,,,,,,,,,,,,,,,,tmjewif2,,,,,0
2790,jbze4mrd,,0,0,51,,,,0,,,0.0,2790,,0.0,,treatment,,,,,,,,,,,,,,,,,,,tmjewif2,,,,,0
2791,h9nbizn5,,0,0,51,,,,0,,,0.0,2791,,0.0,,treatment,,,,,,,,,,,,,,,,,,,tmjewif2,,,,,0
2792,gzw2fv4i,,0,0,51,,,,0,,,0.0,2792,,0.0,,treatment,,,,,,,,,,,,,,,,,,,tmjewif2,,,,,0
2793,jono3lyh,,0,0,51,,,,0,,,0.0,2793,,0.0,,control,,,,,,,,,,,,,,,,,,,tmjewif2,,,,,0
2794,5vgwlal7,,0,0,51,,,,0,,,0.0,2794,,0.0,,treatment,,,,,,,,,,,,,,,,,,,tmjewif2,,,,,0
2795,215ulc4v,,0,0,51,,,,0,,,0.0,2795,,0.0,,treatment,,,,,,,,,,,,,,,,,,,tmjewif2,,,,,0
2796,ertb1est,,0,0,51,,,,0,,,0.0,2796,,0.0,,treatment,,,,,,,,,,,,,,,,,,,tmjewif2,,,,,0
2797,3kxfwlj1,,0,0,51,,,,0,,,0.0,2797,,0.0,,control,,,,,,,,,,,,,,,,,,,tmjewif2,,,,,0
2798,uy2cpr66,,0,0,51,,,,0,,,0.0,2798,,0.0,,treatment,,,,,,,,,,,,,,,,,,,tmjewif2,,,,,0
2799,qe3wc20x,,0,0,51,,,,0,,,0.0,2799,,0.0,,treatment,,,,,,,,,,,,,,,,,,,tmjewif2,,,,,0
2800,e77xkazw,,0,0,51,,,,0,,,0.0,2800,,0.0,,treatment,,,,,,,,,,,,,,,,,,,tmjewif2,,,,,0
2801,rl9h7vng,,0,0,51,,,,0,,,0.0,2801,,0.0,,control,,,,,,,,,,,,,,,,,,,tmjewif2,,,,,0
2802,ke79oymn,,0,0,51,,,,0,,,0.0,2802,,0.0,,treatment,,,,,,,,,,,,,,,,,,,tmjewif2,,,,,0
2803,eyvjqnk4,,0,0,51,,,,0,,,0.0,2803,,0.0,,treatment,,,,,,,,,,,,,,,,,,,tmjewif2,,,,,0
2804,auvognmz,,0,0,51,,,,0,,,0.0,2804,,0.0,,treatment,,,,,,,,,,,,,,,,,,,tmjewif2,,,,,0
2805,jtvyfqmf,,0,0,51,,,,0,,,0.0,2805,,0.0,,control,,,,,,,,,,,,,,,,,,,tmjewif2,,,,,0
2806,cvtn7954,,0,0,51,,,,0,,,0.0,2806,,0.0,,treatment,,,,,,,,,,,,,,,,,,,tmjewif2,,,,,0
2807,p7g0j05c,,0,0,51,,,,0,,,0.0,2807,,0.0,,treatment,,,,,,,,,,,,,,,,,,,tmjewif2,,,,,0
2808,g5evt8m7,,0,0,51,,,,0,,,0.0,2808,,0.0,,treatment,,,,,,,,,,,,,,,,,,,tmjewif2,,,,,0
2809,jff2taxb,,0,0,51,,,,0,,,0.0,2809,,0.0,,control,,,,,,,,,,,,,,,,,,,tmjewif2,,,,,0
2810,ewak4uvt,,0,0,51,,,,0,,,0.0,2810,,0.0,,treatment,,,,,,,,,,,,,,,,,,,tmjewif2,,,,,0
2811,3u0ourmv,,0,0,51,,,,0,,,0.0,2811,,0.0,,treatment,,,,,,,,,,,,,,,,,,,tmjewif2,,,,,0
2812,bbsi5p88,,0,0,51,,,,0,,,0.0,2812,,0.0,,treatment,,,,,,,,,,,,,,,,,,,tmjewif2,,,,,0
2813,mgnmt8go,,0,0,51,,,,0,,,0.0,2813,,0.0,,control,,,,,,,,,,,,,,,,,,,tmjewif2,,,,,0
2814,64179h0r,,0,0,51,,,,0,,,0.0,2814,,0.0,,treatment,,,,,,,,,,,,,,,,,,,tmjewif2,,,,,0
2815,1a5b4ma5,,0,0,51,,,,0,,,0.0,2815,,0.0,,treatment,,,,,,,,,,,,,,,,,,,tmjewif2,,,,,0
2816,rzn6w1sd,,0,0,51,,,,0,,,0.0,2816,,0.0,,treatment,,,,,,,,,,,,,,,,,,,tmjewif2,,,,,0
2817,o4yosx7g,,0,0,51,,,,0,,,0.0,2817,,0.0,,control,,,,,,,,,,,,,,,,,,,tmjewif2,,,,,0
2818,z3jhyh53,,0,0,51,,,,0,,,0.0,2818,,0.0,,treatment,,,,,,,,,,,,,,,,,,,tmjewif2,,,,,0
2819,12in44i9,,0,0,51,,,,0,,,0.0,2819,,0.0,,treatment,,,,,,,,,,,,,,,,,,,tmjewif2,,,,,0
2820,8vf8zxlb,,0,0,51,,,,0,,,0.0,2820,,0.0,,treatment,,,,,,,,,,,,,,,,,,,tmjewif2,,,,,0
2821,vg71a2ij,,0,0,51,,,,0,,,0.0,2821,,0.0,,control,,,,,,,,,,,,,,,,,,,tmjewif2,,,,,0
2822,msvrlane,,0,0,51,,,,0,,,0.0,2822,,0.0,,treatment,,,,,,,,,,,,,,,,,,,tmjewif2,,,,,0
2823,f3zqgjh4,,0,0,51,,,,0,,,0.0,2823,,0.0,,treatment,,,,,,,,,,,,,,,,,,,tmjewif2,,,,,0
2824,5jajod82,,0,0,51,,,,0,,,0.0,2824,,0.0,,treatment,,,,,,,,,,,,,,,,,,,tmjewif2,,,,,0
2825,91s1kp6o,,0,0,51,,,,0,,,0.0,2825,,0.0,,control,,,,,,,,,,,,,,,,,,,tmjewif2,,,,,0
2826,78h1pekn,,0,0,51,,,,0,,,0.0,2826,,0.0,,treatment,,,,,,,,,,,,,,,,,,,tmjewif2,,,,,0
2827,5li598e3,,0,0,51,,,,0,,,0.0,2827,,0.0,,treatment,,,,,,,,,,,,,,,,,,,tmjewif2,,,,,0
2828,cfeqsrhu,,0,0,51,,,,0,,,0.0,2828,,0.0,,treatment,,,,,,,,,,,,,,,,,,,tmjewif2,,,,,0
2829,adxu77se,,0,0,51,,,,0,,,0.0,2829,,0.0,,control,,,,,,,,,,,,,,,,,,,tmjewif2,,,,,0
2830,qwafm68y,,0,0,51,,,,0,,,0.0,2830,,0.0,,treatment,,,,,,,,,,,,,,,,,,,tmjewif2,,,,,0
2831,lccto53d,,0,0,51,,,,0,,,0.0,2831,,0.0,,treatment,,,,,,,,,,,,,,,,,,,tmjewif2,,,,,0
2832,qjwdqeji,,0,0,51,,,,0,,,0.0,2832,,0.0,,treatment,,,,,,,,,,,,,,,,,,,tmjewif2,,,,,0
2833,2jagpawx,,0,0,51,,,,0,,,0.0,2833,,0.0,,control,,,,,,,,,,,,,,,,,,,tmjewif2,,,,,0
2834,grltgrgn,,0,0,51,,,,0,,,0.0,2834,,0.0,,treatment,,,,,,,,,,,,,,,,,,,tmjewif2,,,,,0
2835,1155beub,,0,0,51,,,,0,,,0.0,2835,,0.0,,treatment,,,,,,,,,,,,,,,,,,,tmjewif2,,,,,0
2836,02bdc5j9,,0,0,51,,,,0,,,0.0,2836,,0.0,,treatment,,,,,,,,,,,,,,,,,,,tmjewif2,,,,,0
2837,n3ddl5yv,,0,0,51,,,,0,,,0.0,2837,,0.0,,control,,,,,,,,,,,,,,,,,,,tmjewif2,,,,,0
2838,8wdohgow,,0,0,51,,,,0,,,0.0,2838,,0.0,,treatment,,,,,,,,,,,,,,,,,,,tmjewif2,,,,,0
2839,0x3y9s8n,,0,0,51,,,,0,,,0.0,2839,,0.0,,treatment,,,,,,,,,,,,,,,,,,,tmjewif2,,,,,0
2840,5oxpf03x,,0,0,51,,,,0,,,0.0,2840,,0.0,,treatment,,,,,,,,,,,,,,,,,,,tmjewif2,,,,,0
2841,ql0mcsyv,,0,0,51,,,,0,,,0.0,2841,,0.0,,control,,,,,,,,,,,,,,,,,,,tmjewif2,,,,,0
2842,ejvwe3om,,0,0,51,,,,0,,,0.0,2842,,0.0,,treatment,,,,,,,,,,,,,,,,,,,tmjewif2,,,,,0
2843,lmb7t6si,,0,0,51,,,,0,,,0.0,2843,,0.0,,treatment,,,,,,,,,,,,,,,,,,,tmjewif2,,,,,0
2844,axhm0jfd,,0,0,51,,,,0,,,0.0,2844,,0.0,,treatment,,,,,,,,,,,,,,,,,,,tmjewif2,,,,,0
2845,mqhxcmdq,,0,0,51,,,,0,,,0.0,2845,,0.0,,control,,,,,,,,,,,,,,,,,,,tmjewif2,,,,,0
2846,a0egl8n6,,0,0,51,,,,0,,,0.0,2846,,0.0,,treatment,,,,,,,,,,,,,,,,,,,tmjewif2,,,,,0
2847,in80oyfu,,0,0,51,,,,0,,,0.0,2847,,0.0,,treatment,,,,,,,,,,,,,,,,,,,tmjewif2,,,,,0
2848,ch27cnhm,,0,0,51,,,,0,,,0.0,2848,,0.0,,treatment,,,,,,,,,,,,,,,,,,,tmjewif2,,,,,0
2849,i40988no,,0,0,51,,,,0,,,0.0,2849,,0.0,,control,,,,,,,,,,,,,,,,,,,tmjewif2,,,,,0
2850,lokrgtzy,,0,0,51,,,,0,,,0.0,2850,,0.0,,treatment,,,,,,,,,,,,,,,,,,,tmjewif2,,,,,0
2851,xf11m3yy,,0,0,51,,,,0,,,0.0,2851,,0.0,,treatment,,,,,,,,,,,,,,,,,,,tmjewif2,,,,,0
2852,to4l5x56,,0,0,51,,,,0,,,0.0,2852,,0.0,,treatment,,,,,,,,,,,,,,,,,,,tmjewif2,,,,,0
2853,fwx32h6r,,0,0,51,,,,0,,,0.0,2853,,0.0,,control,,,,,,,,,,,,,,,,,,,tmjewif2,,,,,0
2854,epmg81wt,,0,0,51,,,,0,,,0.0,2854,,0.0,,treatment,,,,,,,,,,,,,,,,,,,tmjewif2,,,,,0
2855,fv4dfyy8,,0,0,51,,,,0,,,0.0,2855,,0.0,,treatment,,,,,,,,,,,,,,,,,,,tmjewif2,,,,,0
2856,lxdo6ljk,,0,0,51,,,,0,,,0.0,2856,,0.0,,treatment,,,,,,,,,,,,,,,,,,,tmjewif2,,,,,0
2857,wxuct4km,,0,0,51,,,,0,,,0.0,2857,,0.0,,control,,,,,,,,,,,,,,,,,,,tmjewif2,,,,,0
2858,bjecdswx,,0,0,51,,,,0,,,0.0,2858,,0.0,,treatment,,,,,,,,,,,,,,,,,,,tmjewif2,,,,,0
2859,w0wtbtok,,0,0,51,,,,0,,,0.0,2859,,0.0,,treatment,,,,,,,,,,,,,,,,,,,tmjewif2,,,,,0
2860,6ygkpmpi,,0,0,51,,,,0,,,0.0,2860,,0.0,,treatment,,,,,,,,,,,,,,,,,,,tmjewif2,,,,,0
2861,rqj5mvvd,,0,0,51,,,,0,,,0.0,2861,,0.0,,control,,,,,,,,,,,,,,,,,,,tmjewif2,,,,,0
2862,j91c3vjk,,0,0,51,,,,0,,,0.0,2862,,0.0,,treatment,,,,,,,,,,,,,,,,,,,tmjewif2,,,,,0
2863,tze22697,,0,0,51,,,,0,,,0.0,2863,,0.0,,treatment,,,,,,,,,,,,,,,,,,,tmjewif2,,,,,0
2864,ndtltbcw,,0,0,51,,,,0,,,0.0,2864,,0.0,,treatment,,,,,,,,,,,,,,,,,,,tmjewif2,,,,,0
2865,84s736fj,,0,0,51,,,,0,,,0.0,2865,,0.0,,control,,,,,,,,,,,,,,,,,,,tmjewif2,,,,,0
2866,iiv2bm3k,,0,0,51,,,,0,,,0.0,2866,,0.0,,treatment,,,,,,,,,,,,,,,,,,,tmjewif2,,,,,0
2867,i2kluh2n,,0,0,51,,,,0,,,0.0,2867,,0.0,,treatment,,,,,,,,,,,,,,,,,,,tmjewif2,,,,,0
2868,9v27t75y,,0,0,51,,,,0,,,0.0,2868,,0.0,,treatment,,,,,,,,,,,,,,,,,,,tmjewif2,,,,,0
2869,0uhjc58i,,0,0,51,,,,0,,,0.0,2869,,0.0,,control,,,,,,,,,,,,,,,,,,,tmjewif2,,,,,0
2870,hh2d8a4y,,0,0,51,,,,0,,,0.0,2870,,0.0,,treatment,,,,,,,,,,,,,,,,,,,tmjewif2,,,,,0
2871,6p1cnlaj,,0,0,51,,,,0,,,0.0,2871,,0.0,,treatment,,,,,,,,,,,,,,,,,,,tmjewif2,,,,,0
2872,g9u4z83e,,0,0,51,,,,0,,,0.0,2872,,0.0,,treatment,,,,,,,,,,,,,,,,,,,tmjewif2,,,,,0
2873,t38z6zx7,,0,0,51,,,,0,,,0.0,2873,,0.0,,control,,,,,,,,,,,,,,,,,,,tmjewif2,,,,,0
2874,c5qx9hmj,,0,0,51,,,,0,,,0.0,2874,,0.0,,treatment,,,,,,,,,,,,,,,,,,,tmjewif2,,,,,0
2875,al1jac1l,,0,0,51,,,,0,,,0.0,2875,,0.0,,treatment,,,,,,,,,,,,,,,,,,,tmjewif2,,,,,0
2876,iv7b2q06,,0,0,51,,,,0,,,0.0,2876,,0.0,,treatment,,,,,,,,,,,,,,,,,,,tmjewif2,,,,,0
2877,11uu7mfn,,0,0,51,,,,0,,,0.0,2877,,0.0,,control,,,,,,,,,,,,,,,,,,,tmjewif2,,,,,0
2878,gd53z06e,,0,0,51,,,,0,,,0.0,2878,,0.0,,treatment,,,,,,,,,,,,,,,,,,,tmjewif2,,,,,0
2879,6ks0nkxz,,0,0,51,,,,0,,,0.0,2879,,0.0,,treatment,,,,,,,,,,,,,,,,,,,tmjewif2,,,,,0
2880,8mi7bfuk,,0,0,51,,,,0,,,0.0,2880,,0.0,,treatment,,,,,,,,,,,,,,,,,,,tmjewif2,,,,,0
2881,dwhlo4mj,,0,0,51,,,,0,,,0.0,2881,,0.0,,control,,,,,,,,,,,,,,,,,,,tmjewif2,,,,,0
2882,tzh30rrj,,0,0,51,,,,0,,,0.0,2882,,0.0,,treatment,,,,,,,,,,,,,,,,,,,tmjewif2,,,,,0
2883,3e7ci02u,,0,0,51,,,,0,,,0.0,2883,,0.0,,treatment,,,,,,,,,,,,,,,,,,,tmjewif2,,,,,0
2884,c0ddfm0n,,0,0,51,,,,0,,,0.0,2884,,0.0,,treatment,,,,,,,,,,,,,,,,,,,tmjewif2,,,,,0
2885,esookoj9,,0,0,51,,,,0,,,0.0,2885,,0.0,,control,,,,,,,,,,,,,,,,,,,tmjewif2,,,,,0
2886,reqejtoy,,0,0,51,,,,0,,,0.0,2886,,0.0,,treatment,,,,,,,,,,,,,,,,,,,tmjewif2,,,,,0
2887,zkif14el,,0,0,51,,,,0,,,0.0,2887,,0.0,,treatment,,,,,,,,,,,,,,,,,,,tmjewif2,,,,,0
2888,q0k0r9z0,,0,0,51,,,,0,,,0.0,2888,,0.0,,treatment,,,,,,,,,,,,,,,,,,,tmjewif2,,,,,0
2889,00djt1jq,,0,0,51,,,,0,,,0.0,2889,,0.0,,control,,,,,,,,,,,,,,,,,,,tmjewif2,,,,,0
2890,xyqs1g8s,,0,0,51,,,,0,,,0.0,2890,,0.0,,treatment,,,,,,,,,,,,,,,,,,,tmjewif2,,,,,0
2891,yaevg33r,,0,0,51,,,,0,,,0.0,2891,,0.0,,treatment,,,,,,,,,,,,,,,,,,,tmjewif2,,,,,0
2892,j87tts4m,,0,0,51,,,,0,,,0.0,2892,,0.0,,treatment,,,,,,,,,,,,,,,,,,,tmjewif2,,,,,0
2893,gefl68yi,,0,0,51,,,,0,,,0.0,2893,,0.0,,control,,,,,,,,,,,,,,,,,,,tmjewif2,,,,,0
2894,0cij02qv,,0,0,51,,,,0,,,0.0,2894,,0.0,,treatment,,,,,,,,,,,,,,,,,,,tmjewif2,,,,,0
2895,1ynvby93,,0,0,51,,,,0,,,0.0,2895,,0.0,,treatment,,,,,,,,,,,,,,,,,,,tmjewif2,,,,,0
2896,e9w10pze,,0,0,51,,,,0,,,0.0,2896,,0.0,,treatment,,,,,,,,,,,,,,,,,,,tmjewif2,,,,,0
2897,xxxrgn9b,,0,0,51,,,,0,,,0.0,2897,,0.0,,control,,,,,,,,,,,,,,,,,,,tmjewif2,,,,,0
2898,yr72hjlp,,0,0,51,,,,0,,,0.0,2898,,0.0,,treatment,,,,,,,,,,,,,,,,,,,tmjewif2,,,,,0
2899,gm2g4chh,,0,0,51,,,,0,,,0.0,2899,,0.0,,treatment,,,,,,,,,,,,,,,,,,,tmjewif2,,,,,0
2900,edbvss2n,,0,0,51,,,,0,,,0.0,2900,,0.0,,treatment,,,,,,,,,,,,,,,,,,,tmjewif2,,,,,0
2901,thmvzj5r,,0,0,51,,,,0,,,0.0,2901,,0.0,,,,,,,,,,,,,,,,,,,,,tmjewif2,,,,,0
2902,4sc0alld,,0,0,51,,,,0,,,0.0,2902,,0.0,,treatment,,,,,,,,,,,,,,,,,,,tmjewif2,,,,,0
2903,nyx1k7tr,,0,0,51,,,,0,,,0.0,2903,,0.0,,treatment,,,,,,,,,,,,,,,,,,,tmjewif2,,,,,0
2904,ta5xs8ql,,0,0,51,,,,0,,,0.0,2904,,0.0,,treatment,,,,,,,,,,,,,,,,,,,tmjewif2,,,,,0
2905,2193b5rb,,0,0,51,,,,0,,,0.0,2905,,0.0,,control,,,,,,,,,,,,,,,,,,,tmjewif2,,,,,0
2906,9q00qd21,,0,0,51,,,,0,,,0.0,2906,,0.0,,treatment,,,,,,,,,,,,,,,,,,,tmjewif2,,,,,0
2907,2azxr90l,,0,0,51,,,,0,,,0.0,2907,,0.0,,treatment,,,,,,,,,,,,,,,,,,,tmjewif2,,,,,0
2908,7v6epxzc,,0,0,51,,,,0,,,0.0,2908,,0.0,,treatment,,,,,,,,,,,,,,,,,,,tmjewif2,,,,,0
2909,dt7jcvba,,0,0,51,,,,0,,,0.0,2909,,0.0,,control,,,,,,,,,,,,,,,,,,,tmjewif2,,,,,0
2910,v1h1n1vd,,0,0,51,,,,0,,,0.0,2910,,0.0,,treatment,,,,,,,,,,,,,,,,,,,tmjewif2,,,,,0
2911,burhp313,,0,0,51,,,,0,,,0.0,2911,,0.0,,treatment,,,,,,,,,,,,,,,,,,,tmjewif2,,,,,0
2912,n8t6il8v,,0,0,51,,,,0,,,0.0,2912,,0.0,,treatment,,,,,,,,,,,,,,,,,,,tmjewif2,,,,,0
2913,ns7iyqbq,,0,0,51,,,,0,,,0.0,2913,,0.0,,control,,,,,,,,,,,,,,,,,,,tmjewif2,,,,,0
2914,favrbtqn,,0,0,51,,,,0,,,0.0,2914,,0.0,,treatment,,,,,,,,,,,,,,,,,,,tmjewif2,,,,,0
2915,5ay2ii63,,0,0,51,,,,0,,,0.0,2915,,0.0,,treatment,,,,,,,,,,,,,,,,,,,tmjewif2,,,,,0
2916,yhiagu38,,0,0,51,,,,0,,,0.0,2916,,0.0,,treatment,,,,,,,,,,,,,,,,,,,tmjewif2,,,,,0
2917,kejc8m9i,,0,0,51,,,,0,,,0.0,2917,,0.0,,control,,,,,,,,,,,,,,,,,,,tmjewif2,,,,,0
2918,n0dt1p0a,,0,0,51,,,,0,,,0.0,2918,,0.0,,treatment,,,,,,,,,,,,,,,,,,,tmjewif2,,,,,0
2919,fyfehna3,,0,0,51,,,,0,,,0.0,2919,,0.0,,treatment,,,,,,,,,,,,,,,,,,,tmjewif2,,,,,0
2920,rchorruf,,0,0,51,,,,0,,,0.0,2920,,0.0,,treatment,,,,,,,,,,,,,,,,,,,tmjewif2,,,,,0
2921,llp0uo8g,,0,0,51,,,,0,,,0.0,2921,,0.0,,control,,,,,,,,,,,,,,,,,,,tmjewif2,,,,,0
2922,n37i7yob,,0,0,51,,,,0,,,0.0,2922,,0.0,,treatment,,,,,,,,,,,,,,,,,,,tmjewif2,,,,,0
2923,sohymuo9,,0,0,51,,,,0,,,0.0,2923,,0.0,,treatment,,,,,,,,,,,,,,,,,,,tmjewif2,,,,,0
2924,kb4nel2x,,0,0,51,,,,0,,,0.0,2924,,0.0,,treatment,,,,,,,,,,,,,,,,,,,tmjewif2,,,,,0
2925,4mba3ost,,0,0,51,,,,0,,,0.0,2925,,0.0,,control,,,,,,,,,,,,,,,,,,,tmjewif2,,,,,0
2926,fhyh7bkf,,0,0,51,,,,0,,,0.0,2926,,0.0,,treatment,,,,,,,,,,,,,,,,,,,tmjewif2,,,,,0
2927,wbpa9an5,,0,0,51,,,,0,,,0.0,2927,,0.0,,treatment,,,,,,,,,,,,,,,,,,,tmjewif2,,,,,0
2928,fk57lrc1,,0,0,51,,,,0,,,0.0,2928,,0.0,,treatment,,,,,,,,,,,,,,,,,,,tmjewif2,,,,,0
2929,999mavvk,,0,0,51,,,,0,,,0.0,2929,,0.0,,control,,,,,,,,,,,,,,,,,,,tmjewif2,,,,,0
2930,u6nn6uq9,,0,0,51,,,,0,,,0.0,2930,,0.0,,treatment,,,,,,,,,,,,,,,,,,,tmjewif2,,,,,0
2931,odulra6z,,0,0,51,,,,0,,,0.0,2931,,0.0,,treatment,,,,,,,,,,,,,,,,,,,tmjewif2,,,,,0
2932,nlsraelv,,0,0,51,,,,0,,,0.0,2932,,0.0,,treatment,,,,,,,,,,,,,,,,,,,tmjewif2,,,,,0
2933,rustl9g8,,0,0,51,,,,0,,,0.0,2933,,0.0,,control,,,,,,,,,,,,,,,,,,,tmjewif2,,,,,0
2934,qmuysf9z,,0,0,51,,,,0,,,0.0,2934,,0.0,,treatment,,,,,,,,,,,,,,,,,,,tmjewif2,,,,,0
2935,9umzv6ug,,0,0,51,,,,0,,,0.0,2935,,0.0,,treatment,,,,,,,,,,,,,,,,,,,tmjewif2,,,,,0
2936,o73cics9,,0,0,51,,,,0,,,0.0,2936,,0.0,,treatment,,,,,,,,,,,,,,,,,,,tmjewif2,,,,,0
2937,531q4okt,,0,0,51,,,,0,,,0.0,2937,,0.0,,control,,,,,,,,,,,,,,,,,,,tmjewif2,,,,,0
2938,1vyvtz7k,,0,0,51,,,,0,,,0.0,2938,,0.0,,treatment,,,,,,,,,,,,,,,,,,,tmjewif2,,,,,0
2939,zks4vmpj,,0,0,51,,,,0,,,0.0,2939,,0.0,,treatment,,,,,,,,,,,,,,,,,,,tmjewif2,,,,,0
2940,1mcbq3tj,,0,0,51,,,,0,,,0.0,2940,,0.0,,treatment,,,,,,,,,,,,,,,,,,,tmjewif2,,,,,0
2941,awxq37kb,,0,0,51,,,,0,,,0.0,2941,,0.0,,control,,,,,,,,,,,,,,,,,,,tmjewif2,,,,,0
2942,xo1b9kv5,,0,0,51,,,,0,,,0.0,2942,,0.0,,treatment,,,,,,,,,,,,,,,,,,,tmjewif2,,,,,0
2943,7o6zgaxz,,0,0,51,,,,0,,,0.0,2943,,0.0,,treatment,,,,,,,,,,,,,,,,,,,tmjewif2,,,,,0
2944,rw84js1u,,0,0,51,,,,0,,,0.0,2944,,0.0,,treatment,,,,,,,,,,,,,,,,,,,tmjewif2,,,,,0
2945,w02xmln7,,0,0,51,,,,0,,,0.0,2945,,0.0,,control,,,,,,,,,,,,,,,,,,,tmjewif2,,,,,0
2946,er3xz7q0,,0,0,51,,,,0,,,0.0,2946,,0.0,,treatment,,,,,,,,,,,,,,,,,,,tmjewif2,,,,,0
2947,19cvqd75,,0,0,51,,,,0,,,0.0,2947,,0.0,,treatment,,,,,,,,,,,,,,,,,,,tmjewif2,,,,,0
2948,ayqnfuy3,,0,0,51,,,,0,,,0.0,2948,,0.0,,treatment,,,,,,,,,,,,,,,,,,,tmjewif2,,,,,0
2949,ehupupok,,0,0,51,,,,0,,,0.0,2949,,0.0,,control,,,,,,,,,,,,,,,,,,,tmjewif2,,,,,0
2950,bj9lk360,,0,0,51,,,,0,,,0.0,2950,,0.0,,treatment,,,,,,,,,,,,,,,,,,,tmjewif2,,,,,0
2951,1dirxdyn,,0,0,51,,,,0,,,0.0,2951,,0.0,,treatment,,,,,,,,,,,,,,,,,,,tmjewif2,,,,,0
2952,f6vu6ged,,0,0,51,,,,0,,,0.0,2952,,0.0,,treatment,,,,,,,,,,,,,,,,,,,tmjewif2,,,,,0
2953,h8dt8ky7,,0,0,51,,,,0,,,0.0,2953,,0.0,,control,,,,,,,,,,,,,,,,,,,tmjewif2,,,,,0
2954,fkfpag1y,,0,0,51,,,,0,,,0.0,2954,,0.0,,treatment,,,,,,,,,,,,,,,,,,,tmjewif2,,,,,0
2955,c4mzt7au,,0,0,51,,,,0,,,0.0,2955,,0.0,,treatment,,,,,,,,,,,,,,,,,,,tmjewif2,,,,,0
2956,dj7zs736,,0,0,51,,,,0,,,0.0,2956,,0.0,,treatment,,,,,,,,,,,,,,,,,,,tmjewif2,,,,,0
2957,wo50dskb,,0,0,51,,,,0,,,0.0,2957,,0.0,,control,,,,,,,,,,,,,,,,,,,tmjewif2,,,,,0
2958,j1bak75k,,0,0,51,,,,0,,,0.0,2958,,0.0,,treatment,,,,,,,,,,,,,,,,,,,tmjewif2,,,,,0
2959,bh2rficd,,0,0,51,,,,0,,,0.0,2959,,0.0,,treatment,,,,,,,,,,,,,,,,,,,tmjewif2,,,,,0
2960,xe5r2fcy,,0,0,51,,,,0,,,0.0,2960,,0.0,,treatment,,,,,,,,,,,,,,,,,,,tmjewif2,,,,,0
2961,4gt7me84,,0,0,51,,,,0,,,0.0,2961,,0.0,,control,,,,,,,,,,,,,,,,,,,tmjewif2,,,,,0
2962,ns05ufbl,,0,0,51,,,,0,,,0.0,2962,,0.0,,treatment,,,,,,,,,,,,,,,,,,,tmjewif2,,,,,0
2963,yrean9v9,,0,0,51,,,,0,,,0.0,2963,,0.0,,treatment,,,,,,,,,,,,,,,,,,,tmjewif2,,,,,0
2964,2cp35apr,,0,0,51,,,,0,,,0.0,2964,,0.0,,treatment,,,,,,,,,,,,,,,,,,,tmjewif2,,,,,0
2965,lrj4yaxv,,0,0,51,,,,0,,,0.0,2965,,0.0,,control,,,,,,,,,,,,,,,,,,,tmjewif2,,,,,0
2966,xdyyoqag,,0,0,51,,,,0,,,0.0,2966,,0.0,,treatment,,,,,,,,,,,,,,,,,,,tmjewif2,,,,,0
2967,5fgrutwl,,0,0,51,,,,0,,,0.0,2967,,0.0,,treatment,,,,,,,,,,,,,,,,,,,tmjewif2,,,,,0
2968,q94da739,,0,0,51,,,,0,,,0.0,2968,,0.0,,treatment,,,,,,,,,,,,,,,,,,,tmjewif2,,,,,0
2969,8gmn2qie,,0,0,51,,,,0,,,0.0,2969,,0.0,,control,,,,,,,,,,,,,,,,,,,tmjewif2,,,,,0
2970,0rcfrxea,,0,0,51,,,,0,,,0.0,2970,,0.0,,treatment,,,,,,,,,,,,,,,,,,,tmjewif2,,,,,0
2971,uiyd7ts5,,0,0,51,,,,0,,,0.0,2971,,0.0,,treatment,,,,,,,,,,,,,,,,,,,tmjewif2,,,,,0
2972,3ol91905,,0,0,51,,,,0,,,0.0,2972,,0.0,,treatment,,,,,,,,,,,,,,,,,,,tmjewif2,,,,,0
2973,arxwa0qu,,0,0,51,,,,0,,,0.0,2973,,0.0,,control,,,,,,,,,,,,,,,,,,,tmjewif2,,,,,0
2974,54vbjvae,,0,0,51,,,,0,,,0.0,2974,,0.0,,treatment,,,,,,,,,,,,,,,,,,,tmjewif2,,,,,0
2975,mhhs69mc,,0,0,51,,,,0,,,0.0,2975,,0.0,,treatment,,,,,,,,,,,,,,,,,,,tmjewif2,,,,,0
2976,24l5qc36,,0,0,51,,,,0,,,0.0,2976,,0.0,,treatment,,,,,,,,,,,,,,,,,,,tmjewif2,,,,,0
2977,chgougbh,,0,0,51,,,,0,,,0.0,2977,,0.0,,control,,,,,,,,,,,,,,,,,,,tmjewif2,,,,,0
2978,391oyh2r,,0,0,51,,,,0,,,0.0,2978,,0.0,,treatment,,,,,,,,,,,,,,,,,,,tmjewif2,,,,,0
2979,qjf8sc4w,,0,0,51,,,,0,,,0.0,2979,,0.0,,treatment,,,,,,,,,,,,,,,,,,,tmjewif2,,,,,0
2980,3gf7djvm,,0,0,51,,,,0,,,0.0,2980,,0.0,,treatment,,,,,,,,,,,,,,,,,,,tmjewif2,,,,,0
2981,9a05mr9q,,0,0,51,,,,0,,,0.0,2981,,0.0,,control,,,,,,,,,,,,,,,,,,,tmjewif2,,,,,0
2982,pq35i5vw,,0,0,51,,,,0,,,0.0,2982,,0.0,,treatment,,,,,,,,,,,,,,,,,,,tmjewif2,,,,,0
2983,oy9o98g7,,0,0,51,,,,0,,,0.0,2983,,0.0,,treatment,,,,,,,,,,,,,,,,,,,tmjewif2,,,,,0
2984,ms5lx1cn,,0,0,51,,,,0,,,0.0,2984,,0.0,,treatment,,,,,,,,,,,,,,,,,,,tmjewif2,,,,,0
2985,nuqelak7,,0,0,51,,,,0,,,0.0,2985,,0.0,,control,,,,,,,,,,,,,,,,,,,tmjewif2,,,,,0
2986,o2x94qmx,,0,0,51,,,,0,,,0.0,2986,,0.0,,treatment,,,,,,,,,,,,,,,,,,,tmjewif2,,,,,0
2987,ie96uvju,,0,0,51,,,,0,,,0.0,2987,,0.0,,treatment,,,,,,,,,,,,,,,,,,,tmjewif2,,,,,0
2988,l3k4j3xc,,0,0,51,,,,0,,,0.0,2988,,0.0,,treatment,,,,,,,,,,,,,,,,,,,tmjewif2,,,,,0
2989,dds5d5xa,,0,0,51,,,,0,,,0.0,2989,,0.0,,control,,,,,,,,,,,,,,,,,,,tmjewif2,,,,,0
2990,wvgstisx,,0,0,51,,,,0,,,0.0,2990,,0.0,,treatment,,,,,,,,,,,,,,,,,,,tmjewif2,,,,,0
2991,thiav45e,,0,0,51,,,,0,,,0.0,2991,,0.0,,treatment,,,,,,,,,,,,,,,,,,,tmjewif2,,,,,0
2992,nqmoikyv,,0,0,51,,,,0,,,0.0,2992,,0.0,,treatment,,,,,,,,,,,,,,,,,,,tmjewif2,,,,,0
2993,0tom0qo1,,0,0,51,,,,0,,,0.0,2993,,0.0,,control,,,,,,,,,,,,,,,,,,,tmjewif2,,,,,0
2994,h60nj8o7,,0,0,51,,,,0,,,0.0,2994,,0.0,,treatment,,,,,,,,,,,,,,,,,,,tmjewif2,,,,,0
2995,ltu5ipqt,,0,0,51,,,,0,,,0.0,2995,,0.0,,treatment,,,,,,,,,,,,,,,,,,,tmjewif2,,,,,0
2996,goydavpm,,0,0,51,,,,0,,,0.0,2996,,0.0,,treatment,,,,,,,,,,,,,,,,,,,tmjewif2,,,,,0
2997,d7ihrrso,,0,0,51,,,,0,,,0.0,2997,,0.0,,control,,,,,,,,,,,,,,,,,,,tmjewif2,,,,,0
2998,mgqk8ocq,,0,0,51,,,,0,,,0.0,2998,,0.0,,treatment,,,,,,,,,,,,,,,,,,,tmjewif2,,,,,0
2999,73cse8jy,,0,0,51,,,,0,,,0.0,2999,,0.0,,treatment,,,,,,,,,,,,,,,,,,,tmjewif2,,,,,0
3000,6nmxshrx,,0,0,51,,,,0,,,0.0,3000,,0.0,,treatment,,,,,,,,,,,,,,,,,,,tmjewif2,,,,,0
3001,nmujvkn4,,0,0,51,,,,0,,,0.0,3001,,0.0,,control,,,,,,,,,,,,,,,,,,,tmjewif2,,,,,0
3002,jfjo1i6h,,0,0,51,,,,0,,,0.0,3002,,0.0,,treatment,,,,,,,,,,,,,,,,,,,tmjewif2,,,,,0
3003,aclzdgn4,,0,0,51,,,,0,,,0.0,3003,,0.0,,treatment,,,,,,,,,,,,,,,,,,,tmjewif2,,,,,0
3004,wyl29zpo,,0,0,51,,,,0,,,0.0,3004,,0.0,,treatment,,,,,,,,,,,,,,,,,,,tmjewif2,,,,,0
3005,gipr3hqq,,0,0,51,,,,0,,,0.0,3005,,0.0,,control,,,,,,,,,,,,,,,,,,,tmjewif2,,,,,0
3006,v0o7jwh2,,0,0,51,,,,0,,,0.0,3006,,0.0,,treatment,,,,,,,,,,,,,,,,,,,tmjewif2,,,,,0
3007,p8n86638,,0,0,51,,,,0,,,0.0,3007,,0.0,,treatment,,,,,,,,,,,,,,,,,,,tmjewif2,,,,,0
3008,phl9so6d,,0,0,51,,,,0,,,0.0,3008,,0.0,,treatment,,,,,,,,,,,,,,,,,,,tmjewif2,,,,,0
3009,qdcslj59,,0,0,51,,,,0,,,0.0,3009,,0.0,,control,,,,,,,,,,,,,,,,,,,tmjewif2,,,,,0
3010,qtq6h74m,,0,0,51,,,,0,,,0.0,3010,,0.0,,treatment,,,,,,,,,,,,,,,,,,,tmjewif2,,,,,0
3011,rztw1vtw,,0,0,51,,,,0,,,0.0,3011,,0.0,,treatment,,,,,,,,,,,,,,,,,,,tmjewif2,,,,,0
3012,srzziyq5,,0,0,51,,,,0,,,0.0,3012,,0.0,,treatment,,,,,,,,,,,,,,,,,,,tmjewif2,,,,,0
3013,tgq3w68i,,0,0,51,,,,0,,,0.0,3013,,0.0,,control,,,,,,,,,,,,,,,,,,,tmjewif2,,,,,0
3014,7jwulsa0,,0,0,51,,,,0,,,0.0,3014,,0.0,,treatment,,,,,,,,,,,,,,,,,,,tmjewif2,,,,,0
3015,zhc7fqyt,,0,0,51,,,,0,,,0.0,3015,,0.0,,treatment,,,,,,,,,,,,,,,,,,,tmjewif2,,,,,0
3016,cjw5vgrd,,0,0,51,,,,0,,,0.0,3016,,0.0,,treatment,,,,,,,,,,,,,,,,,,,tmjewif2,,,,,0
3017,madge08d,,0,0,51,,,,0,,,0.0,3017,,0.0,,control,,,,,,,,,,,,,,,,,,,tmjewif2,,,,,0
3018,9svvnic8,,0,0,51,,,,0,,,0.0,3018,,0.0,,treatment,,,,,,,,,,,,,,,,,,,tmjewif2,,,,,0
3019,f33y7xbn,,0,0,51,,,,0,,,0.0,3019,,0.0,,treatment,,,,,,,,,,,,,,,,,,,tmjewif2,,,,,0
3020,7dylka3o,,0,0,51,,,,0,,,0.0,3020,,0.0,,treatment,,,,,,,,,,,,,,,,,,,tmjewif2,,,,,0
3021,jkmz558e,,0,0,51,,,,0,,,0.0,3021,,0.0,,control,,,,,,,,,,,,,,,,,,,tmjewif2,,,,,0
3022,2q2pz7ef,,0,0,51,,,,0,,,0.0,3022,,0.0,,treatment,,,,,,,,,,,,,,,,,,,tmjewif2,,,,,0
3023,0zd742nv,,0,0,51,,,,0,,,0.0,3023,,0.0,,treatment,,,,,,,,,,,,,,,,,,,tmjewif2,,,,,0
3024,niqtyc57,,0,0,51,,,,0,,,0.0,3024,,0.0,,treatment,,,,,,,,,,,,,,,,,,,tmjewif2,,,,,0
3025,rjyzsoq7,,0,0,51,,,,0,,,0.0,3025,,0.0,,control,,,,,,,,,,,,,,,,,,,tmjewif2,,,,,0
3026,6j102ina,,0,0,51,,,,0,,,0.0,3026,,0.0,,treatment,,,,,,,,,,,,,,,,,,,tmjewif2,,,,,0
3027,0pubbc4f,,0,0,51,,,,0,,,0.0,3027,,0.0,,treatment,,,,,,,,,,,,,,,,,,,tmjewif2,,,,,0
3028,k01rtmk3,,0,0,51,,,,0,,,0.0,3028,,0.0,,treatment,,,,,,,,,,,,,,,,,,,tmjewif2,,,,,0
3029,tc3l2qye,,0,0,51,,,,0,,,0.0,3029,,0.0,,control,,,,,,,,,,,,,,,,,,,tmjewif2,,,,,0
3030,p2nnm1nw,,0,0,51,,,,0,,,0.0,3030,,0.0,,treatment,,,,,,,,,,,,,,,,,,,tmjewif2,,,,,0
3031,3ktmal1z,,0,0,51,,,,0,,,0.0,3031,,0.0,,treatment,,,,,,,,,,,,,,,,,,,tmjewif2,,,,,0
3032,y5jws06x,,0,0,51,,,,0,,,0.0,3032,,0.0,,treatment,,,,,,,,,,,,,,,,,,,tmjewif2,,,,,0
3033,rvl7p0n9,,0,0,51,,,,0,,,0.0,3033,,0.0,,control,,,,,,,,,,,,,,,,,,,tmjewif2,,,,,0
3034,f47ez7l2,,0,0,51,,,,0,,,0.0,3034,,0.0,,treatment,,,,,,,,,,,,,,,,,,,tmjewif2,,,,,0
3035,d0bde6vp,,0,0,51,,,,0,,,0.0,3035,,0.0,,treatment,,,,,,,,,,,,,,,,,,,tmjewif2,,,,,0
3036,394g68jh,,0,0,51,,,,0,,,0.0,3036,,0.0,,treatment,,,,,,,,,,,,,,,,,,,tmjewif2,,,,,0
3037,7bmktrke,,0,0,51,,,,0,,,0.0,3037,,0.0,,control,,,,,,,,,,,,,,,,,,,tmjewif2,,,,,0
3038,tedors5e,,0,0,51,,,,0,,,0.0,3038,,0.0,,treatment,,,,,,,,,,,,,,,,,,,tmjewif2,,,,,0
3039,3krqx4xu,,0,0,51,,,,0,,,0.0,3039,,0.0,,treatment,,,,,,,,,,,,,,,,,,,tmjewif2,,,,,0
3040,n0ur154e,,0,0,51,,,,0,,,0.0,3040,,0.0,,treatment,,,,,,,,,,,,,,,,,,,tmjewif2,,,,,0
3041,a907q5zt,,0,0,51,,,,0,,,0.0,3041,,0.0,,control,,,,,,,,,,,,,,,,,,,tmjewif2,,,,,0
3042,v7s3g8an,,0,0,51,,,,0,,,0.0,3042,,0.0,,treatment,,,,,,,,,,,,,,,,,,,tmjewif2,,,,,0
3043,yhbsbcqc,,0,0,51,,,,0,,,0.0,3043,,0.0,,treatment,,,,,,,,,,,,,,,,,,,tmjewif2,,,,,0
3044,41soscxu,,0,0,51,,,,0,,,0.0,3044,,0.0,,treatment,,,,,,,,,,,,,,,,,,,tmjewif2,,,,,0
3045,j77jc3dd,,0,0,51,,,,0,,,0.0,3045,,0.0,,control,,,,,,,,,,,,,,,,,,,tmjewif2,,,,,0
3046,k9f3fepy,,0,0,51,,,,0,,,0.0,3046,,0.0,,treatment,,,,,,,,,,,,,,,,,,,tmjewif2,,,,,0
3047,m849sdln,,0,0,51,,,,0,,,0.0,3047,,0.0,,treatment,,,,,,,,,,,,,,,,,,,tmjewif2,,,,,0
3048,3f5m8zxt,,0,0,51,,,,0,,,0.0,3048,,0.0,,treatment,,,,,,,,,,,,,,,,,,,tmjewif2,,,,,0
3049,z0f7sgkl,,0,0,51,,,,0,,,0.0,3049,,0.0,,control,,,,,,,,,,,,,,,,,,,tmjewif2,,,,,0
3050,z24z4bfm,,0,0,51,,,,0,,,0.0,3050,,0.0,,treatment,,,,,,,,,,,,,,,,,,,tmjewif2,,,,,0
3051,qq5hn1uv,,0,0,51,,,,0,,,0.0,3051,,0.0,,treatment,,,,,,,,,,,,,,,,,,,tmjewif2,,,,,0
3052,y6n6f30e,,0,0,51,,,,0,,,0.0,3052,,0.0,,treatment,,,,,,,,,,,,,,,,,,,tmjewif2,,,,,0
3053,ziij7tgs,,0,0,51,,,,0,,,0.0,3053,,0.0,,control,,,,,,,,,,,,,,,,,,,tmjewif2,,,,,0
3054,a37tj7e9,,0,0,51,,,,0,,,0.0,3054,,0.0,,treatment,,,,,,,,,,,,,,,,,,,tmjewif2,,,,,0
3055,oadrqlqu,,0,0,51,,,,0,,,0.0,3055,,0.0,,treatment,,,,,,,,,,,,,,,,,,,tmjewif2,,,,,0
3056,yxzlvyn8,,0,0,51,,,,0,,,0.0,3056,,0.0,,treatment,,,,,,,,,,,,,,,,,,,tmjewif2,,,,,0
3057,xxzfv8id,,0,0,51,,,,0,,,0.0,3057,,0.0,,control,,,,,,,,,,,,,,,,,,,tmjewif2,,,,,0
3058,bo2nagt3,,0,0,51,,,,0,,,0.0,3058,,0.0,,treatment,,,,,,,,,,,,,,,,,,,tmjewif2,,,,,0
3059,pwzw6f7r,,0,0,51,,,,0,,,0.0,3059,,0.0,,treatment,,,,,,,,,,,,,,,,,,,tmjewif2,,,,,0
3060,fn6zij5t,,0,0,51,,,,0,,,0.0,3060,,0.0,,treatment,,,,,,,,,,,,,,,,,,,tmjewif2,,,,,0
3061,b13icagw,,0,0,51,,,,0,,,0.0,3061,,0.0,,control,,,,,,,,,,,,,,,,,,,tmjewif2,,,,,0
3062,87vrov51,,0,0,51,,,,0,,,0.0,3062,,0.0,,treatment,,,,,,,,,,,,,,,,,,,tmjewif2,,,,,0
3063,qa3wc46c,,0,0,51,,,,0,,,0.0,3063,,0.0,,treatment,,,,,,,,,,,,,,,,,,,tmjewif2,,,,,0
3064,tzwxsyjz,,0,0,51,,,,0,,,0.0,3064,,0.0,,treatment,,,,,,,,,,,,,,,,,,,tmjewif2,,,,,0
3065,95hqrtqe,,0,0,51,,,,0,,,0.0,3065,,0.0,,control,,,,,,,,,,,,,,,,,,,tmjewif2,,,,,0
3066,p390y3n2,,0,0,51,,,,0,,,0.0,3066,,0.0,,treatment,,,,,,,,,,,,,,,,,,,tmjewif2,,,,,0
3067,otn0jb0d,,0,0,51,,,,0,,,0.0,3067,,0.0,,treatment,,,,,,,,,,,,,,,,,,,tmjewif2,,,,,0
3068,ddsot6kf,,0,0,51,,,,0,,,0.0,3068,,0.0,,treatment,,,,,,,,,,,,,,,,,,,tmjewif2,,,,,0
3069,m4btoz3p,,0,0,51,,,,0,,,0.0,3069,,0.0,,control,,,,,,,,,,,,,,,,,,,tmjewif2,,,,,0
3070,7a5ievmb,,0,0,51,,,,0,,,0.0,3070,,0.0,,treatment,,,,,,,,,,,,,,,,,,,tmjewif2,,,,,0
3071,sd4o1awf,,0,0,51,,,,0,,,0.0,3071,,0.0,,treatment,,,,,,,,,,,,,,,,,,,tmjewif2,,,,,0
3072,qc3cxqtg,,0,0,51,,,,0,,,0.0,3072,,0.0,,treatment,,,,,,,,,,,,,,,,,,,tmjewif2,,,,,0
3073,caqupo90,,0,0,51,,,,0,,,0.0,3073,,0.0,,control,,,,,,,,,,,,,,,,,,,tmjewif2,,,,,0
3074,sej6mk78,,0,0,51,,,,0,,,0.0,3074,,0.0,,treatment,,,,,,,,,,,,,,,,,,,tmjewif2,,,,,0
3075,66wdxlyf,,0,0,51,,,,0,,,0.0,3075,,0.0,,treatment,,,,,,,,,,,,,,,,,,,tmjewif2,,,,,0
3076,es60yq9d,,0,0,51,,,,0,,,0.0,3076,,0.0,,treatment,,,,,,,,,,,,,,,,,,,tmjewif2,,,,,0
3077,5evb0vrc,,0,0,51,,,,0,,,0.0,3077,,0.0,,control,,,,,,,,,,,,,,,,,,,tmjewif2,,,,,0
3078,0zg0z4li,,0,0,51,,,,0,,,0.0,3078,,0.0,,treatment,,,,,,,,,,,,,,,,,,,tmjewif2,,,,,0
3079,ocftsfdv,,0,0,51,,,,0,,,0.0,3079,,0.0,,treatment,,,,,,,,,,,,,,,,,,,tmjewif2,,,,,0
3080,hzazvn1w,,0,0,51,,,,0,,,0.0,3080,,0.0,,treatment,,,,,,,,,,,,,,,,,,,tmjewif2,,,,,0
3081,ukvmgh8j,,0,0,51,,,,0,,,0.0,3081,,0.0,,control,,,,,,,,,,,,,,,,,,,tmjewif2,,,,,0
3082,2e3w8jxa,,0,0,51,,,,0,,,0.0,3082,,0.0,,treatment,,,,,,,,,,,,,,,,,,,tmjewif2,,,,,0
3083,pa73bf9x,,0,0,51,,,,0,,,0.0,3083,,0.0,,treatment,,,,,,,,,,,,,,,,,,,tmjewif2,,,,,0
3084,g75911et,,0,0,51,,,,0,,,0.0,3084,,0.0,,treatment,,,,,,,,,,,,,,,,,,,tmjewif2,,,,,0
3085,ylus44zy,,0,0,51,,,,0,,,0.0,3085,,0.0,,control,,,,,,,,,,,,,,,,,,,tmjewif2,,,,,0
3086,ez84ggco,,0,0,51,,,,0,,,0.0,3086,,0.0,,treatment,,,,,,,,,,,,,,,,,,,tmjewif2,,,,,0
3087,myo045wk,,0,0,51,,,,0,,,0.0,3087,,0.0,,treatment,,,,,,,,,,,,,,,,,,,tmjewif2,,,,,0
3088,4ahadz9m,,0,0,51,,,,0,,,0.0,3088,,0.0,,treatment,,,,,,,,,,,,,,,,,,,tmjewif2,,,,,0
3089,cb0vkmfx,,0,0,51,,,,0,,,0.0,3089,,0.0,,control,,,,,,,,,,,,,,,,,,,tmjewif2,,,,,0
3090,nf8bitev,,0,0,51,,,,0,,,0.0,3090,,0.0,,treatment,,,,,,,,,,,,,,,,,,,tmjewif2,,,,,0
3091,jbw73mw6,,0,0,51,,,,0,,,0.0,3091,,0.0,,treatment,,,,,,,,,,,,,,,,,,,tmjewif2,,,,,0
3092,ghku0ll9,,0,0,51,,,,0,,,0.0,3092,,0.0,,treatment,,,,,,,,,,,,,,,,,,,tmjewif2,,,,,0
3093,0ndkhcjk,,0,0,51,,,,0,,,0.0,3093,,0.0,,control,,,,,,,,,,,,,,,,,,,tmjewif2,,,,,0
3094,kz1x6r15,,0,0,51,,,,0,,,0.0,3094,,0.0,,treatment,,,,,,,,,,,,,,,,,,,tmjewif2,,,,,0
3095,oesopzox,,0,0,51,,,,0,,,0.0,3095,,0.0,,treatment,,,,,,,,,,,,,,,,,,,tmjewif2,,,,,0
3096,tndns0f7,,0,0,51,,,,0,,,0.0,3096,,0.0,,treatment,,,,,,,,,,,,,,,,,,,tmjewif2,,,,,0
3097,zpbklacr,,0,0,51,,,,0,,,0.0,3097,,0.0,,control,,,,,,,,,,,,,,,,,,,tmjewif2,,,,,0
3098,gbbb2oiq,,0,0,51,,,,0,,,0.0,3098,,0.0,,treatment,,,,,,,,,,,,,,,,,,,tmjewif2,,,,,0
3099,3gwuvkhc,,0,0,51,,,,0,,,0.0,3099,,0.0,,treatment,,,,,,,,,,,,,,,,,,,tmjewif2,,,,,0
3100,1lpma1rl,,0,0,51,,,,0,,,0.0,3100,,0.0,,treatment,,,,,,,,,,,,,,,,,,,tmjewif2,,,,,0
3101,99br6s4w,,0,0,51,,,,0,,,0.0,3101,,0.0,,control,,,,,,,,,,,,,,,,,,,tmjewif2,,,,,0
3102,m3cxrclb,,0,0,51,,,,0,,,0.0,3102,,0.0,,treatment,,,,,,,,,,,,,,,,,,,tmjewif2,,,,,0
3103,p8imza7s,,0,0,51,,,,0,,,0.0,3103,,0.0,,treatment,,,,,,,,,,,,,,,,,,,tmjewif2,,,,,0
3104,wpyvf4dk,,0,0,51,,,,0,,,0.0,3104,,0.0,,treatment,,,,,,,,,,,,,,,,,,,tmjewif2,,,,,0
3105,e08n3e98,,0,0,51,,,,0,,,0.0,3105,,0.0,,control,,,,,,,,,,,,,,,,,,,tmjewif2,,,,,0
3106,7m7a3v7d,,0,0,51,,,,0,,,0.0,3106,,0.0,,treatment,,,,,,,,,,,,,,,,,,,tmjewif2,,,,,0
3107,nspyj600,,0,0,51,,,,0,,,0.0,3107,,0.0,,treatment,,,,,,,,,,,,,,,,,,,tmjewif2,,,,,0
3108,8vl01p4p,,0,0,51,,,,0,,,0.0,3108,,0.0,,treatment,,,,,,,,,,,,,,,,,,,tmjewif2,,,,,0
3109,si4ukgpz,,0,0,51,,,,0,,,0.0,3109,,0.0,,control,,,,,,,,,,,,,,,,,,,tmjewif2,,,,,0
3110,e5bw5n40,,0,0,51,,,,0,,,0.0,3110,,0.0,,treatment,,,,,,,,,,,,,,,,,,,tmjewif2,,,,,0
3111,1nm8j38c,,0,0,51,,,,0,,,0.0,3111,,0.0,,treatment,,,,,,,,,,,,,,,,,,,tmjewif2,,,,,0
3112,a5i207ok,,0,0,51,,,,0,,,0.0,3112,,0.0,,treatment,,,,,,,,,,,,,,,,,,,tmjewif2,,,,,0
3113,k9mtzjof,,0,0,51,,,,0,,,0.0,3113,,0.0,,control,,,,,,,,,,,,,,,,,,,tmjewif2,,,,,0
3114,sdllslzu,,0,0,51,,,,0,,,0.0,3114,,0.0,,treatment,,,,,,,,,,,,,,,,,,,tmjewif2,,,,,0
3115,5phl0l1s,,0,0,51,,,,0,,,0.0,3115,,0.0,,treatment,,,,,,,,,,,,,,,,,,,tmjewif2,,,,,0
3116,co7jw4zx,,0,0,51,,,,0,,,0.0,3116,,0.0,,treatment,,,,,,,,,,,,,,,,,,,tmjewif2,,,,,0
3117,3y4qdjq5,,0,0,51,,,,0,,,0.0,3117,,0.0,,control,,,,,,,,,,,,,,,,,,,tmjewif2,,,,,0
3118,u5h5quwp,,0,0,51,,,,0,,,0.0,3118,,0.0,,treatment,,,,,,,,,,,,,,,,,,,tmjewif2,,,,,0
3119,kmmfurb3,,0,0,51,,,,0,,,0.0,3119,,0.0,,treatment,,,,,,,,,,,,,,,,,,,tmjewif2,,,,,0
3120,qld9n3g2,,0,0,51,,,,0,,,0.0,3120,,0.0,,treatment,,,,,,,,,,,,,,,,,,,tmjewif2,,,,,0
3121,xmvgnfqv,,0,0,51,,,,0,,,0.0,3121,,0.0,,control,,,,,,,,,,,,,,,,,,,tmjewif2,,,,,0
3122,3ue81kzl,,0,0,51,,,,0,,,0.0,3122,,0.0,,treatment,,,,,,,,,,,,,,,,,,,tmjewif2,,,,,0
3123,3pkg94sx,,0,0,51,,,,0,,,0.0,3123,,0.0,,treatment,,,,,,,,,,,,,,,,,,,tmjewif2,,,,,0
3124,x1l9sn49,,0,0,51,,,,0,,,0.0,3124,,0.0,,treatment,,,,,,,,,,,,,,,,,,,tmjewif2,,,,,0
3125,6zqnxxtv,,0,0,51,,,,0,,,0.0,3125,,0.0,,control,,,,,,,,,,,,,,,,,,,tmjewif2,,,,,0
3126,cbved3q4,,0,0,51,,,,0,,,0.0,3126,,0.0,,treatment,,,,,,,,,,,,,,,,,,,tmjewif2,,,,,0
3127,tw0fhylf,,0,0,51,,,,0,,,0.0,3127,,0.0,,treatment,,,,,,,,,,,,,,,,,,,tmjewif2,,,,,0
3128,l8b1twll,,0,0,51,,,,0,,,0.0,3128,,0.0,,treatment,,,,,,,,,,,,,,,,,,,tmjewif2,,,,,0
3129,xc5cjdpl,,0,0,51,,,,0,,,0.0,3129,,0.0,,control,,,,,,,,,,,,,,,,,,,tmjewif2,,,,,0
3130,01scvl4c,,0,0,51,,,,0,,,0.0,3130,,0.0,,treatment,,,,,,,,,,,,,,,,,,,tmjewif2,,,,,0
3131,j8ydbd96,,0,0,51,,,,0,,,0.0,3131,,0.0,,treatment,,,,,,,,,,,,,,,,,,,tmjewif2,,,,,0
3132,2h9gv5wb,,0,0,51,,,,0,,,0.0,3132,,0.0,,treatment,,,,,,,,,,,,,,,,,,,tmjewif2,,,,,0
3133,cqwn8jze,,0,0,51,,,,0,,,0.0,3133,,0.0,,control,,,,,,,,,,,,,,,,,,,tmjewif2,,,,,0
3134,bv6b102g,,0,0,51,,,,0,,,0.0,3134,,0.0,,treatment,,,,,,,,,,,,,,,,,,,tmjewif2,,,,,0
3135,9idm163h,,0,0,51,,,,0,,,0.0,3135,,0.0,,treatment,,,,,,,,,,,,,,,,,,,tmjewif2,,,,,0
3136,oxepcfmg,,0,0,51,,,,0,,,0.0,3136,,0.0,,treatment,,,,,,,,,,,,,,,,,,,tmjewif2,,,,,0
3137,ra60cwqg,,0,0,51,,,,0,,,0.0,3137,,0.0,,control,,,,,,,,,,,,,,,,,,,tmjewif2,,,,,0
3138,v2h26foe,,0,0,51,,,,0,,,0.0,3138,,0.0,,treatment,,,,,,,,,,,,,,,,,,,tmjewif2,,,,,0
3139,rf3wiakg,,0,0,51,,,,0,,,0.0,3139,,0.0,,treatment,,,,,,,,,,,,,,,,,,,tmjewif2,,,,,0
3140,8nvxyk11,,0,0,51,,,,0,,,0.0,3140,,0.0,,treatment,,,,,,,,,,,,,,,,,,,tmjewif2,,,,,0
3141,pw45cj62,,0,0,51,,,,0,,,0.0,3141,,0.0,,control,,,,,,,,,,,,,,,,,,,tmjewif2,,,,,0
3142,cgyys4yk,,0,0,51,,,,0,,,0.0,3142,,0.0,,treatment,,,,,,,,,,,,,,,,,,,tmjewif2,,,,,0
3143,dydp4nln,,0,0,51,,,,0,,,0.0,3143,,0.0,,treatment,,,,,,,,,,,,,,,,,,,tmjewif2,,,,,0
3144,p6cvvyiq,,0,0,51,,,,0,,,0.0,3144,,0.0,,treatment,,,,,,,,,,,,,,,,,,,tmjewif2,,,,,0
3145,1z2amavt,,0,0,51,,,,0,,,0.0,3145,,0.0,,control,,,,,,,,,,,,,,,,,,,tmjewif2,,,,,0
3146,prxrcbn9,,0,0,51,,,,0,,,0.0,3146,,0.0,,treatment,,,,,,,,,,,,,,,,,,,tmjewif2,,,,,0
3147,fop3zf4c,,0,0,51,,,,0,,,0.0,3147,,0.0,,treatment,,,,,,,,,,,,,,,,,,,tmjewif2,,,,,0
3148,aoep1xc5,,0,0,51,,,,0,,,0.0,3148,,0.0,,treatment,,,,,,,,,,,,,,,,,,,tmjewif2,,,,,0
3149,lkhhyj40,,0,0,51,,,,0,,,0.0,3149,,0.0,,control,,,,,,,,,,,,,,,,,,,tmjewif2,,,,,0
3150,fhjjm7kv,,0,0,51,,,,0,,,0.0,3150,,0.0,,treatment,,,,,,,,,,,,,,,,,,,tmjewif2,,,,,0
3151,dodo93ir,,0,0,51,,,,0,,,0.0,3151,,0.0,,treatment,,,,,,,,,,,,,,,,,,,tmjewif2,,,,,0
3152,mwr1gmr4,,0,0,51,,,,0,,,0.0,3152,,0.0,,treatment,,,,,,,,,,,,,,,,,,,tmjewif2,,,,,0
3153,u53gtbzv,,0,0,51,,,,0,,,0.0,3153,,0.0,,control,,,,,,,,,,,,,,,,,,,tmjewif2,,,,,0
3154,y3jllal7,,0,0,51,,,,0,,,0.0,3154,,0.0,,treatment,,,,,,,,,,,,,,,,,,,tmjewif2,,,,,0
3155,vw59s30n,,0,0,51,,,,0,,,0.0,3155,,0.0,,treatment,,,,,,,,,,,,,,,,,,,tmjewif2,,,,,0
3156,n90v9sn2,,0,0,51,,,,0,,,0.0,3156,,0.0,,treatment,,,,,,,,,,,,,,,,,,,tmjewif2,,,,,0
3157,4lor8zsu,,0,0,51,,,,0,,,0.0,3157,,0.0,,control,,,,,,,,,,,,,,,,,,,tmjewif2,,,,,0
3158,qqzhszdr,,0,0,51,,,,0,,,0.0,3158,,0.0,,treatment,,,,,,,,,,,,,,,,,,,tmjewif2,,,,,0
3159,rfhus0tc,,0,0,51,,,,0,,,0.0,3159,,0.0,,treatment,,,,,,,,,,,,,,,,,,,tmjewif2,,,,,0
3160,uztaxl7n,,0,0,51,,,,0,,,0.0,3160,,0.0,,treatment,,,,,,,,,,,,,,,,,,,tmjewif2,,,,,0
3161,nuojxdd1,,0,0,51,,,,0,,,0.0,3161,,0.0,,control,,,,,,,,,,,,,,,,,,,tmjewif2,,,,,0
3162,pk143jso,,0,0,51,,,,0,,,0.0,3162,,0.0,,treatment,,,,,,,,,,,,,,,,,,,tmjewif2,,,,,0
3163,jqx4qztb,,0,0,51,,,,0,,,0.0,3163,,0.0,,treatment,,,,,,,,,,,,,,,,,,,tmjewif2,,,,,0
3164,rxjuy5by,,0,0,51,,,,0,,,0.0,3164,,0.0,,treatment,,,,,,,,,,,,,,,,,,,tmjewif2,,,,,0
3165,qpgokaq1,,0,0,51,,,,0,,,0.0,3165,,0.0,,control,,,,,,,,,,,,,,,,,,,tmjewif2,,,,,0
3166,82qi78sd,,0,0,51,,,,0,,,0.0,3166,,0.0,,treatment,,,,,,,,,,,,,,,,,,,tmjewif2,,,,,0
3167,12nmk87q,,0,0,51,,,,0,,,0.0,3167,,0.0,,treatment,,,,,,,,,,,,,,,,,,,tmjewif2,,,,,0
3168,sjnrtprv,,0,0,51,,,,0,,,0.0,3168,,0.0,,treatment,,,,,,,,,,,,,,,,,,,tmjewif2,,,,,0
3169,i9ybpg8s,,0,0,51,,,,0,,,0.0,3169,,0.0,,control,,,,,,,,,,,,,,,,,,,tmjewif2,,,,,0
3170,qpcbqhzs,,0,0,51,,,,0,,,0.0,3170,,0.0,,treatment,,,,,,,,,,,,,,,,,,,tmjewif2,,,,,0
3171,ufcptdzu,,0,0,51,,,,0,,,0.0,3171,,0.0,,treatment,,,,,,,,,,,,,,,,,,,tmjewif2,,,,,0
3172,nuf10v89,,0,0,51,,,,0,,,0.0,3172,,0.0,,treatment,,,,,,,,,,,,,,,,,,,tmjewif2,,,,,0
3173,e1zwtb06,,0,0,51,,,,0,,,0.0,3173,,0.0,,control,,,,,,,,,,,,,,,,,,,tmjewif2,,,,,0
3174,amy6qqt1,,0,0,51,,,,0,,,0.0,3174,,0.0,,treatment,,,,,,,,,,,,,,,,,,,tmjewif2,,,,,0
3175,5yiqgul5,,0,0,51,,,,0,,,0.0,3175,,0.0,,treatment,,,,,,,,,,,,,,,,,,,tmjewif2,,,,,0
3176,hpeh0yyc,,0,0,51,,,,0,,,0.0,3176,,0.0,,treatment,,,,,,,,,,,,,,,,,,,tmjewif2,,,,,0
3177,dokl0pz9,,0,0,51,,,,0,,,0.0,3177,,0.0,,control,,,,,,,,,,,,,,,,,,,tmjewif2,,,,,0
3178,ttite3ji,,0,0,51,,,,0,,,0.0,3178,,0.0,,treatment,,,,,,,,,,,,,,,,,,,tmjewif2,,,,,0
3179,vf4i31d5,,0,0,51,,,,0,,,0.0,3179,,0.0,,treatment,,,,,,,,,,,,,,,,,,,tmjewif2,,,,,0
3180,9fqpe7e9,,0,0,51,,,,0,,,0.0,3180,,0.0,,treatment,,,,,,,,,,,,,,,,,,,tmjewif2,,,,,0
3181,gptethet,,0,0,51,,,,0,,,0.0,3181,,0.0,,control,,,,,,,,,,,,,,,,,,,tmjewif2,,,,,0
3182,5jxcpcjl,,0,0,51,,,,0,,,0.0,3182,,0.0,,treatment,,,,,,,,,,,,,,,,,,,tmjewif2,,,,,0
3183,2lo81b1j,,0,0,51,,,,0,,,0.0,3183,,0.0,,treatment,,,,,,,,,,,,,,,,,,,tmjewif2,,,,,0
3184,idbviqt1,,0,0,51,,,,0,,,0.0,3184,,0.0,,treatment,,,,,,,,,,,,,,,,,,,tmjewif2,,,,,0
3185,tffww0cq,,0,0,51,,,,0,,,0.0,3185,,0.0,,control,,,,,,,,,,,,,,,,,,,tmjewif2,,,,,0
3186,styyv0ln,,0,0,51,,,,0,,,0.0,3186,,0.0,,treatment,,,,,,,,,,,,,,,,,,,tmjewif2,,,,,0
3187,zfptq9wf,,0,0,51,,,,0,,,0.0,3187,,0.0,,treatment,,,,,,,,,,,,,,,,,,,tmjewif2,,,,,0
3188,6zpzog83,,0,0,51,,,,0,,,0.0,3188,,0.0,,treatment,,,,,,,,,,,,,,,,,,,tmjewif2,,,,,0
3189,6534s1t5,,0,0,51,,,,0,,,0.0,3189,,0.0,,control,,,,,,,,,,,,,,,,,,,tmjewif2,,,,,0
3190,upwaijb3,,0,0,51,,,,0,,,0.0,3190,,0.0,,treatment,,,,,,,,,,,,,,,,,,,tmjewif2,,,,,0
3191,id3p42w1,,0,0,51,,,,0,,,0.0,3191,,0.0,,treatment,,,,,,,,,,,,,,,,,,,tmjewif2,,,,,0
3192,4vf9ycjb,,0,0,51,,,,0,,,0.0,3192,,0.0,,treatment,,,,,,,,,,,,,,,,,,,tmjewif2,,,,,0
3193,vwd6flh8,,0,0,51,,,,0,,,0.0,3193,,0.0,,control,,,,,,,,,,,,,,,,,,,tmjewif2,,,,,0
3194,pvhz7na9,,0,0,51,,,,0,,,0.0,3194,,0.0,,treatment,,,,,,,,,,,,,,,,,,,tmjewif2,,,,,0
3195,06465hjt,,0,0,51,,,,0,,,0.0,3195,,0.0,,treatment,,,,,,,,,,,,,,,,,,,tmjewif2,,,,,0
3196,owbh520l,,0,0,51,,,,0,,,0.0,3196,,0.0,,treatment,,,,,,,,,,,,,,,,,,,tmjewif2,,,,,0
3197,m50hmpqp,,0,0,51,,,,0,,,0.0,3197,,0.0,,control,,,,,,,,,,,,,,,,,,,tmjewif2,,,,,0
3198,nsu519d1,,0,0,51,,,,0,,,0.0,3198,,0.0,,treatment,,,,,,,,,,,,,,,,,,,tmjewif2,,,,,0
3199,3s4ayybi,,0,0,51,,,,0,,,0.0,3199,,0.0,,treatment,,,,,,,,,,,,,,,,,,,tmjewif2,,,,,0
3200,u6fkjlsk,,0,0,51,,,,0,,,0.0,3200,,0.0,,treatment,,,,,,,,,,,,,,,,,,,tmjewif2,,,,,0
