participant.id_in_session,participant.code,participant.label,participant._is_bot,participant._index_in_pages,participant._max_page_index,participant._current_app_name,participant._current_page_name,participant.time_started_utc,participant.visited,participant.mturk_worker_id,participant.mturk_assignment_id,participant.payoff,player.id_in_group,player.role,player.payoff,player.payable_round,player.payoff_for_trade,player.hl_switch_point,player.hl_draw_row,player.hl_draw_option,player.hl_draw_random,player.savings_interest,player.inflation_effect,player.bid_price_definition,player.mortgage_comparison,player.asset_fluctuations,player.investment_risk,player.long_term_returns,player.stock_mutual_fund_loss,player.bid_ask_spread,player.mutual_fund_statements,player.bond_investment,player.credit_card_payment,player.num_quiz_questions,player.num_correct_answers,player.payoff_for_quiz,player.payoff_for_quiz_expected,player.gender,player.age,player.nationality,player.education,player.study_major,player.course_financial,player.experiment_before,player.trading_experience,player.online_trading_experience,player.trading_frequency,player.portfolio_frequency,player.asset_class,player.use_leverage,player.purpose,player.difficulty,player.pilot_difficulty,player.pilot_instruction_clarity,player.pilot_unclear_open,player.pilot_payoff_understanding,player.pilot_interface_clarity,player.pilot_tech_issues,player.pilot_tech_issues_desc,player.pilot_flow_unsure_steps,player.pilot_one_change,player.pilot_surprises_mismatch,player.pilot_missing_info,player.pilot_confusing_wording,group.id_in_subsession,subsession.round_number,session.code,session.label,session.mturk_HITId,session.mturk_HITGroupId,session.comment,session.is_demo
1,ldp40t4o,6a215752a155484c322dae18,0,51,51,post_exp,FinalForProlific,2026-06-30 21:21:30.096643,1,,,137.15,1,,137.15,4,0.0,6,8,B,0.1748157910184821,More than $112,Less than today,The highest price a buyer is currently willing to pay.,True,Stocks,Decrease,Stocks,True,The difference between the lowest ask price and the highest bid price.,"Mutual funds can invest in several assets, for example invest in both stocks and bonds",She has lent money to firm B,Never,12,12,3.0,3.0,Female,42,United Kingdom,master,Other,0,0,1,1,Monthly,Monthly,Stocks,,,,,,,,,,,,,,,,1,1,4ovtf4e6,,,,,0
2,nuvisjrw,6a00dc49200488c52c09e666,0,51,51,post_exp,FinalForProlific,2026-06-30 21:21:37.837695,1,,,115.63,2,,115.63,14,0.0,6,1,A,0.5489078684110608,More than $112,Less than today,The price you personally choose when submitting a buy order.,True,Stocks,Decrease,Savings accounts,True,The average of the bid price and the ask price.,"Mutual funds can invest in several assets, for example invest in both stocks and bonds",She has lent money to firm B,Never,12,9,2.25,3.0,Male,38,United Kingdom,undergraduate: 4th year,Finance,1,1,1,1,Less than once a month,Weekly,Stocks,,,,,,,,,,,,,,,,1,1,4ovtf4e6,,,,,0
3,ilzmwz6x,69b2e1f7c46a2d58800d4e92,0,51,51,post_exp,FinalForProlific,2026-06-30 21:21:42.555697,1,,,111.56,3,,111.56,14,0.0,7,10,B,0.6594088989689364,More than $112,Less than today,The highest price a buyer is currently willing to pay.,True,Stocks,Increase,Bonds,False,The difference between the lowest ask price and the highest bid price.,Don't know / Not sure,She has lent money to firm B,Between 10 and 15 years,12,7,1.75,3.0,Female,26,Canada,undergraduate: 4th year,Finance,0,0,1,1,Weekly,Weekly,"Derivatives (Options, Futures)",,,,,,,,,,,,,,,,1,1,4ovtf4e6,,,,,0
4,f9znzwup,69ef7af401f65f406ca12641,0,51,51,post_exp,FinalForProlific,2026-06-30 21:21:49.601448,1,,,119.38,4,,119.38,12,0.0,11,10,A,0.9680486943683994,More than $112,Less than today,The highest price a buyer is currently willing to pay.,True,Stocks,Decrease,Stocks,True,The difference between the lowest ask price and the highest bid price.,"Mutual funds can invest in several assets, for example invest in both stocks and bonds",She has lent money to firm B,Never,12,12,3.0,3.0,Male,39,Nigeria,master,Other Management,1,1,1,1,Weekly,Multiple times a day,Cryptocurrencies,,,,,,,,,,,,,,,,1,1,4ovtf4e6,,,,,0
5,sb98z4k1,63d50bed33ba8cb1b9794938,0,51,51,post_exp,FinalForProlific,2026-06-30 21:21:49.856539,1,,,147.98,5,,147.98,9,0.0,6,7,B,0.2979058785843415,More than $112,Less than today,The highest price a buyer is currently willing to pay.,True,Stocks,Decrease,Stocks,True,The difference between the lowest ask price and the highest bid price.,"Mutual funds can invest in several assets, for example invest in both stocks and bonds",She is liable for the company's debts,Never,12,11,2.75,3.0,Male,30,United Kingdom,undergraduate: 2nd year,Other,0,1,1,0,Multiple times a day,Multiple times a day,"Derivatives (Options, Futures)",,,,,,,,,,,,,,,,1,1,4ovtf4e6,,,,,0
6,85jrt09t,69f12a486ad4ab0dbc1683df,0,3,51,intro,comprehensionQuestions,2026-06-30 21:21:51.491172,1,,,0.0,6,,0.0,4,0.0,,,,,,,,,,,,,,,,,,,,,,,,,,,,,,,,,,,,,,,,,,,,,,,,1,1,4ovtf4e6,,,,,0
7,d3nq62n3,671a5785170a0f6380c51f28,0,51,51,post_exp,FinalForProlific,2026-06-30 21:21:53.241452,1,,,108.97,7,,108.97,13,0.0,5,5,B,0.6897407329023705,Exactly $112,Less than today,The most recent price at which the security traded.,Don't know / Not sure,Stocks,Decrease,Stocks,False,The difference between the lowest ask price and the highest bid price.,"Mutual funds can invest in several assets, for example invest in both stocks and bonds",She has lent money to firm B,Between 5 and 10 years,12,7,1.75,3.0,Female,32,Nigeria,undergraduate: 4th year,Other,0,1,0,1,Monthly,Daily,Stocks,,,,,,,,,,,,,,,,1,1,4ovtf4e6,,,,,0
8,z1ylzdnk,6a20a83fda68fa4733fe7147,0,51,51,post_exp,FinalForProlific,2026-06-30 21:21:59.054109,1,,,127.63,8,,127.63,7,0.0,5,3,A,0.12315723185411298,More than $112,Less than today,The highest price a buyer is currently willing to pay.,True,Stocks,Decrease,Stocks,True,The difference between the lowest ask price and the highest bid price.,"Mutual funds can invest in several assets, for example invest in both stocks and bonds",She has lent money to firm B,Never,12,12,3.0,3.0,Male,27,Canada,master,Finance,1,1,1,1,Multiple times a day,Daily,Stocks,,,,,,,,,,,,,,,,1,1,4ovtf4e6,,,,,0
9,m1zxzwoy,69d2f55a44cc1d7b5147cae0,0,2,51,intro,Instructions,2026-06-30 21:22:02.276612,1,,,0.0,9,,0.0,11,0.0,,,,,,,,,,,,,,,,,,,,,,,,,,,,,,,,,,,,,,,,,,,,,,,,1,1,4ovtf4e6,,,,,0
10,8419eo1k,59a9c0291b7a550001d6392e,0,51,51,post_exp,FinalForProlific,2026-06-30 21:22:05.475821,1,,,109.7,10,,109.7,5,0.0,6,7,B,0.8002372667668403,More than $112,Less than today,The highest price a buyer is currently willing to pay.,True,Stocks,Decrease,Stocks,True,The difference between the lowest ask price and the highest bid price.,"Mutual funds can invest in several assets, for example invest in both stocks and bonds",She has lent money to firm B,Never,12,12,3.0,3.0,Female,43,United Kingdom,undergraduate: 4th year,Other Management,1,0,1,1,Less than once a month,Less than once a month,Stocks,,,,,,,,,,,,,,,,1,1,4ovtf4e6,,,,,0
11,ks0tot8i,6a087102490a86b035b41f9c,0,51,51,post_exp,FinalForProlific,2026-06-30 21:22:09.151869,1,,,133.93,11,,133.93,7,0.0,5,8,B,0.09636675602552924,More than $112,Less than today,The highest price a buyer is currently willing to pay.,True,Stocks,Decrease,Stocks,True,The difference between the lowest ask price and the highest bid price.,"Mutual funds can invest in several assets, for example invest in both stocks and bonds",She has lent money to firm B,Never,12,12,3.0,3.0,Male,54,United States,master,Finance,0,1,0,0,Less than once a month,Less than once a month,Stocks,,,,,,,,,,,,,,,,1,1,4ovtf4e6,,,,,0
12,uf749rid,66d40c57f897feb5421947d4,0,51,51,post_exp,FinalForProlific,2026-06-30 21:22:10.965892,1,,,115.06,12,,115.06,4,0.0,6,10,B,0.15825331579201507,More than $112,Less than today,Don't know / Not sure,True,Stocks,Decrease,Stocks,True,The average of the bid price and the ask price.,"Mutual funds can invest in several assets, for example invest in both stocks and bonds",She has lent money to firm B,Between 10 and 15 years,12,9,2.25,3.0,Male,39,Canada,undergraduate: 4th year,Economics,0,0,0,1,Monthly,Less than once a month,Stocks,,,,,,,,,,,,,,,,1,1,4ovtf4e6,,,,,0
13,fc05lohp,6a1f03c7db3ac189886daa83,0,51,51,post_exp,FinalForProlific,2026-06-30 21:22:11.738090,1,,,130.32,13,,130.32,4,0.0,6,9,B,0.6743812753915085,More than $112,Less than today,The highest price a buyer is currently willing to pay.,True,Stocks,Decrease,Stocks,True,The difference between the lowest ask price and the highest bid price.,"Mutual funds can invest in several assets, for example invest in both stocks and bonds",She has lent money to firm B,Never,12,12,3.0,3.0,Male,30,United Kingdom,master,Other,1,0,1,1,Monthly,Weekly,Cryptocurrencies,,,,,,,,,,,,,,,,1,1,4ovtf4e6,,,,,0
14,f7aeh1r7,67a91040bf728e35b7493957,0,51,51,post_exp,FinalForProlific,2026-06-30 21:22:13.734897,1,,,117.65,14,,117.65,6,0.0,4,6,B,0.11523870848005724,Exactly $112,Less than today,The most recent price at which the security traded.,True,Stocks,Decrease,Stocks,True,The difference between the lowest ask price and the highest bid price.,Mutual funds pay a guaranteed rate of return which depends on their past performance,She has lent money to firm B,Between 5 and 10 years,12,8,2.0,3.0,Female,51,United States,undergraduate: 2nd year,Other,0,0,1,0,Less than once a month,Less than once a month,Stocks,,,,,,,,,,,,,,,,1,1,4ovtf4e6,,,,,0
15,gdwnus1t,6a17804639c4e588a70562ae,0,51,51,post_exp,FinalForProlific,2026-06-30 21:22:15.154799,1,,,123.4,15,,123.4,4,0.0,11,5,A,0.11551086544057032,More than $112,Less than today,The highest price a buyer is currently willing to pay.,True,Stocks,Decrease,Stocks,False,The difference between the lowest ask price and the highest bid price.,"Mutual funds can invest in several assets, for example invest in both stocks and bonds",She has lent money to firm B,Never,12,11,2.75,3.0,Female,35,United States,undergraduate: 4th year,Other,0,1,1,1,Monthly,Weekly,Stocks,,,,,,,,,,,,,,,,1,1,4ovtf4e6,,,,,0
16,sxlq43kg,69f738d836d98271b8934f45,0,51,51,post_exp,FinalForProlific,2026-06-30 21:22:17.294126,1,,,127.63,16,,127.63,3,0.0,6,1,A,0.9362436518056444,More than $112,Less than today,The highest price a buyer is currently willing to pay.,True,Stocks,Decrease,Stocks,True,The difference between the lowest ask price and the highest bid price.,"Mutual funds can invest in several assets, for example invest in both stocks and bonds",She has lent money to firm B,Never,12,12,3.0,3.0,Male,25,United Kingdom,undergraduate: 3d year,Other,0,0,1,1,Less than once a month,Less than once a month,Stocks,,,,,,,,,,,,,,,,1,1,4ovtf4e6,,,,,0
17,vyvxvcz2,69447887f465fef0f69bf56e,0,51,51,post_exp,FinalForProlific,2026-06-30 21:22:26.872925,1,,,123.29,17,,123.29,3,0.0,7,8,B,0.4120460634782228,More than $112,Less than today,The highest price a buyer is currently willing to pay.,True,Stocks,Decrease,Stocks,True,The difference between the lowest ask price and the highest bid price.,"Mutual funds can invest in several assets, for example invest in both stocks and bonds",She has lent money to firm B,Never,12,12,3.0,3.0,Male,32,Canada,undergraduate: 4th year,Other Management,1,1,1,1,Daily,Multiple times a day,Stocks,,,,,,,,,,,,,,,,1,1,4ovtf4e6,,,,,0
18,wxbterbk,6a19cd14a8951b68e7872287,0,51,51,post_exp,FinalForProlific,2026-06-30 21:22:30.720203,1,,,111.67,18,,111.67,14,0.0,5,2,A,0.6529023579081314,More than $112,Less than today,The highest price a buyer is currently willing to pay.,True,Stocks,Decrease,Stocks,True,The difference between the lowest ask price and the highest bid price.,"Mutual funds can invest in several assets, for example invest in both stocks and bonds",She is liable for the company's debts,Between 5 and 10 years,12,10,2.5,3.0,Male,35,United Kingdom,master,Other Management,0,0,1,0,Less than once a month,Less than once a month,Cryptocurrencies,,,,,,,,,,,,,,,,1,1,4ovtf4e6,,,,,0
19,sfy8vxh6,6a0f7bc47d616931dfb13e21,0,51,51,post_exp,FinalForProlific,2026-06-30 21:22:38.454895,1,,,118.19,19,,118.19,10,0.0,7,1,A,0.2388098330480234,More than $112,Less than today,The highest price a buyer is currently willing to pay.,True,Stocks,Decrease,Stocks,True,Don't know / Not sure,"Mutual funds can invest in several assets, for example invest in both stocks and bonds",She has lent money to firm B,Never,12,11,2.75,3.0,Male,42,United States,master,Finance,1,1,1,1,Monthly,Weekly,Stocks,,,,,,,,,,,,,,,,1,1,4ovtf4e6,,,,,0
20,ejrs8ygn,6a1630b6678d30cff18d6d6a,0,51,51,post_exp,FinalForProlific,2026-06-30 21:22:42.912134,1,,,121.6,20,,121.6,6,0.0,6,2,A,0.6352536583239956,More than $112,Less than today,The highest price a buyer is currently willing to pay.,True,Stocks,Decrease,Stocks,True,The difference between the lowest ask price and the highest bid price.,"Mutual funds can invest in several assets, for example invest in both stocks and bonds",She has lent money to firm B,Never,12,12,3.0,3.0,Male,57,Canada,undergraduate: 2nd year,Other Management,1,1,1,1,Weekly,Daily,Stocks,,,,,,,,,,,,,,,,1,1,4ovtf4e6,,,,,0
21,s6c7n3gu,653d9bd37da5636bc74b625a,0,51,51,post_exp,FinalForProlific,2026-06-30 21:23:09.594436,1,,,126.93,21,,126.93,13,0.0,10,6,A,0.25437616810243024,More than $112,Less than today,Don't know / Not sure,Don't know / Not sure,Stocks,Decrease,Stocks,True,The difference between the lowest ask price and the highest bid price.,"Mutual funds can invest in several assets, for example invest in both stocks and bonds",She owns a part of firm B,Between 10 and 15 years,12,8,2.0,3.0,Female,28,Canada,master,Other,0,0,1,1,Monthly,Weekly,Stocks,,,,,,,,,,,,,,,,1,1,4ovtf4e6,,,,,0
22,sopeiskq,63e40cde6487028afe7bec5d,0,51,51,post_exp,FinalForProlific,2026-06-30 21:23:13.472446,1,,,107.51,22,,107.51,8,0.0,6,9,B,0.6520249589847579,More than $112,Less than today,The most recent price at which the security traded.,True,Stocks,Decrease,Stocks,False,The difference between the lowest ask price and the highest bid price.,"Mutual funds can invest in several assets, for example invest in both stocks and bonds",She owns a part of firm B,Between 10 and 15 years,12,8,2.0,3.0,Male,35,United States,master,Other,1,1,1,1,Monthly,Weekly,Stocks,,,,,,,,,,,,,,,,1,1,4ovtf4e6,,,,,0
23,2kbjq06y,5df2148f55742510c539232e,0,51,51,post_exp,FinalForProlific,2026-06-30 21:23:13.960531,1,,,138.61,23,,138.61,7,0.0,10,3,A,0.4180249892224106,More than $112,Less than today,The highest price a buyer is currently willing to pay.,True,Stocks,Decrease,Bonds,True,The difference between the lowest ask price and the highest bid price.,"Mutual funds can invest in several assets, for example invest in both stocks and bonds",She has lent money to firm B,Never,12,11,2.75,3.0,Male,37,United Kingdom,PhD,Other,0,1,1,0,Less than once a month,Less than once a month,Stocks,,,,,,,,,,,,,,,,1,1,4ovtf4e6,,,,,0
24,kfyazix7,6a0e2ad147f6240092b0b079,0,23,51,main,DataFeeDecision,2026-06-30 21:23:19.698613,1,,,416.21,24,,0.0,14,0.0,,,,,,,,,,,,,,,,,,,,,,,,,,,,,,,,,,,,,,,,,,,,,,,,1,1,4ovtf4e6,,,,,0
25,5u0rqcjo,6a032a0fa681b9f50187ab7b,0,51,51,post_exp,FinalForProlific,2026-06-30 21:23:23.130841,1,,,117.1,25,,117.1,6,0.0,5,9,B,0.9301415288165343,Less than $112,Less than today,The lowest price a seller is currently willing to accept.,Don't know / Not sure,Stocks,Don't know / Not sure,Stocks,True,Don't know / Not sure,Don't know / Not sure,Prefer not to say,Prefer not to say,12,4,1.0,3.0,Male,43,Italy,master,Other,0,1,1,1,Less than once a month,Daily,Stocks,,,,,,,,,,,,,,,,1,1,4ovtf4e6,,,,,0
26,p77dr61g,69dc1e5832012277110d7fa5,0,51,51,post_exp,FinalForProlific,2026-06-30 21:23:23.630621,1,,,137.2,26,,137.2,11,0.0,10,1,A,0.8103669971706037,More than $112,Less than today,The highest price a buyer is currently willing to pay.,True,Stocks,Decrease,Stocks,True,The difference between the lowest ask price and the highest bid price.,"Mutual funds can invest in several assets, for example invest in both stocks and bonds",She has lent money to firm B,Never,12,12,3.0,3.0,Male,34,United States,undergraduate: 2nd year,Other,0,0,1,1,Monthly,Monthly,Stocks,,,,,,,,,,,,,,,,1,1,4ovtf4e6,,,,,0
27,rog3kntz,69ef7cc445b73b36f20ca693,0,51,51,post_exp,FinalForProlific,2026-06-30 21:23:39.081890,1,,,111.71,27,,111.71,12,0.0,5,3,A,0.027025004156719268,More than $112,Less than today,Don't know / Not sure,True,Stocks,Decrease,Bonds,True,Prefer not to say,"Mutual funds can invest in several assets, for example invest in both stocks and bonds",She has lent money to firm B,Never,12,9,2.25,3.0,Female,27,Canada,master,Other,0,0,0,1,Weekly,Weekly,Stocks,,,,,,,,,,,,,,,,1,1,4ovtf4e6,,,,,0
28,so1mt492,62c8945a3d4a6825d4996a2f,0,51,51,post_exp,FinalForProlific,2026-06-30 21:23:45.070171,1,,,115.49,28,,115.49,4,0.0,6,2,A,0.7462128608953995,More than $112,Less than today,Don't know / Not sure,True,Stocks,Decrease,Stocks,True,Don't know / Not sure,Don't know / Not sure,She owns a part of firm B,Never,12,8,2.0,3.0,Male,42,United Kingdom,undergraduate: 4th year,Other,0,0,1,1,Monthly,Monthly,Stocks,,,,,,,,,,,,,,,,1,1,4ovtf4e6,,,,,0
29,8e19cjdk,6a1f6faaf426fe170ae99881,0,51,51,post_exp,FinalForProlific,2026-06-30 21:23:45.811204,1,,,117.18,29,,117.18,10,0.0,6,5,A,0.6681820559894247,More than $112,Less than today,The highest price a buyer is currently willing to pay.,True,Stocks,Decrease,Stocks,True,The difference between the lowest ask price and the highest bid price.,"Mutual funds can invest in several assets, for example invest in both stocks and bonds",She has lent money to firm B,Never,12,12,3.0,3.0,Male,48,Canada,undergraduate: 4th year,Other,1,1,1,1,Weekly,Multiple times a day,Cryptocurrencies,,,,,,,,,,,,,,,,1,1,4ovtf4e6,,,,,0
30,u7ma4qaa,6a117eb264af420864cf0bb4,0,51,51,post_exp,FinalForProlific,2026-06-30 21:23:49.494075,1,,,117.92,30,,117.92,10,0.0,6,3,A,0.4731683689726851,More than $112,Less than today,The highest price a buyer is currently willing to pay.,True,Stocks,Decrease,Stocks,True,The difference between the lowest ask price and the highest bid price.,"Mutual funds can invest in several assets, for example invest in both stocks and bonds",She has lent money to firm B,Never,12,12,3.0,3.0,Male,36,United Kingdom,undergraduate: 3d year,Other,1,1,1,1,Monthly,Weekly,Stocks,,,,,,,,,,,,,,,,1,1,4ovtf4e6,,,,,0
31,hal614nf,6976ae2360e60c787e85f239,0,51,51,post_exp,FinalForProlific,2026-06-30 21:23:51.212858,1,,,123.39,31,,123.39,12,0.0,6,6,B,0.9609316348485918,More than $112,Less than today,The highest price a buyer is currently willing to pay.,True,Stocks,Decrease,Stocks,True,The difference between the lowest ask price and the highest bid price.,"Mutual funds can invest in several assets, for example invest in both stocks and bonds",She has lent money to firm B,Never,12,12,3.0,3.0,Male,20,Canada,undergraduate: 4th year,Other,0,1,1,1,Daily,Daily,"Derivatives (Options, Futures)",,,,,,,,,,,,,,,,1,1,4ovtf4e6,,,,,0
32,q1vhf6tc,668dc78c1b388adf48d7f329,0,51,51,post_exp,FinalForProlific,2026-06-30 21:23:53.143851,1,,,117.75,32,,117.75,4,0.0,5,3,A,0.6886531946060216,More than $112,Less than today,The price you personally choose when submitting a buy order.,True,Stocks,Decrease,Stocks,False,The average of the bid price and the ask price.,"Once one invests in a mutual fund, one cannot withdraw the money in the first year",She owns a part of firm B,Between 10 and 15 years,12,6,1.5,3.0,Female,50,Jamaica,master,Other,0,0,1,1,Less than once a month,Less than once a month,Stocks,,,,,,,,,,,,,,,,1,1,4ovtf4e6,,,,,0
33,b6gfnab4,69a0e7a04e8ff7f9964b7f47,0,51,51,post_exp,FinalForProlific,2026-06-30 21:23:55.844128,1,,,130.48,33,,130.48,3,0.0,5,1,A,0.7707111704002214,More than $112,Less than today,The highest price a buyer is currently willing to pay.,True,Stocks,Decrease,Stocks,True,The difference between the lowest ask price and the highest bid price.,"Mutual funds can invest in several assets, for example invest in both stocks and bonds",She has lent money to firm B,Never,12,12,3.0,3.0,Male,20,Canada,undergraduate: 4th year,Other,1,1,1,1,Weekly,Weekly,Stocks,,,,,,,,,,,,,,,,1,1,4ovtf4e6,,,,,0
34,9w4l8rts,6a0bfa956af23415f5cb82c3,0,51,51,post_exp,FinalForProlific,2026-06-30 21:24:00.152569,1,,,134.15,34,,134.15,4,0.0,1,9,B,0.48658376384150104,More than $112,Less than today,The highest price a buyer is currently willing to pay.,True,Stocks,Decrease,Stocks,True,The difference between the lowest ask price and the highest bid price.,"Mutual funds can invest in several assets, for example invest in both stocks and bonds",She has lent money to firm B,Never,12,12,3.0,3.0,Male,24,Nepal,undergraduate: 1st year,Other,0,0,1,1,Less than once a month,Less than once a month,Cryptocurrencies,,,,,,,,,,,,,,,,1,1,4ovtf4e6,,,,,0
35,83xw2lmq,60185b020c29360c5588cf22,0,51,51,post_exp,FinalForProlific,2026-06-30 21:24:01.624806,1,,,112.3,35,,112.3,6,0.0,10,2,A,0.041291047424097616,More than $112,Less than today,The highest price a buyer is currently willing to pay.,Don't know / Not sure,Stocks,Decrease,Bonds,Don't know / Not sure,Don't know / Not sure,"Mutual funds can invest in several assets, for example invest in both stocks and bonds",She owns a part of firm B,Between 5 and 10 years,12,6,1.5,3.0,Male,30,Canada,undergraduate: 4th year,Other,1,1,1,1,Monthly,Daily,Cryptocurrencies,,,,,,,,,,,,,,,,1,1,4ovtf4e6,,,,,0
36,msr0c8u5,6a21f4c12774bbcebeeca3e7,0,51,51,post_exp,FinalForProlific,2026-06-30 21:24:03.591659,1,,,110.17,36,,110.17,10,0.0,1,5,B,0.6008520915841362,More than $112,Less than today,The highest price a buyer is currently willing to pay.,True,Stocks,Decrease,Stocks,True,The difference between the lowest ask price and the highest bid price.,"Mutual funds can invest in several assets, for example invest in both stocks and bonds",She has lent money to firm B,None of the above,12,11,2.75,3.0,Male,33,United Kingdom,undergraduate: 4th year,Other,0,1,1,1,Weekly,Daily,Stocks,,,,,,,,,,,,,,,,1,1,4ovtf4e6,,,,,0
37,wevu7xok,66c6683f6336ebf638da4db4,0,51,51,post_exp,FinalForProlific,2026-06-30 21:24:05.207558,1,,,116.44,37,,116.44,3,0.0,11,9,A,0.5381246317689479,More than $112,Less than today,The highest price a buyer is currently willing to pay.,True,Stocks,Decrease,Stocks,True,The difference between the lowest ask price and the highest bid price.,"Mutual funds can invest in several assets, for example invest in both stocks and bonds",She has lent money to firm B,Between 10 and 15 years,12,11,2.75,3.0,Male,58,Canada,undergraduate: 4th year,Other,0,1,1,0,Less than once a month,Less than once a month,Stocks,,,,,,,,,,,,,,,,1,1,4ovtf4e6,,,,,0
38,g3qgi7y4,6a0b111608a2b50d2e9f6040,0,51,51,post_exp,FinalForProlific,2026-06-30 21:24:09.631207,1,,,124.29,38,,124.29,13,0.0,6,1,A,0.3795642899492674,More than $112,Less than today,The highest price a buyer is currently willing to pay.,True,Stocks,Decrease,Stocks,True,The change in the stock price from market open to market close.,None of the above,She is liable for the company's debts,Never,12,9,2.25,3.0,Male,32,United Kingdom,undergraduate: 3d year,Other,0,0,1,1,Daily,Weekly,Cryptocurrencies,,,,,,,,,,,,,,,,1,1,4ovtf4e6,,,,,0
39,z2j5h4d2,698b39ff3d496d059a22c9f5,0,51,51,post_exp,FinalForProlific,2026-06-30 21:24:25.458491,1,,,117.25,39,,117.25,4,0.0,2,7,B,0.34634036269076984,More than $112,Less than today,The highest price a buyer is currently willing to pay.,True,Stocks,Decrease,Stocks,True,The difference between the lowest ask price and the highest bid price.,"Mutual funds can invest in several assets, for example invest in both stocks and bonds",She has lent money to firm B,Never,12,12,3.0,3.0,Male,36,United States,undergraduate: 4th year,Other,1,0,1,1,Monthly,Monthly,Cryptocurrencies,,,,,,,,,,,,,,,,1,1,4ovtf4e6,,,,,0
40,uxs71905,696052c668bf5df05dc13a7a,0,51,51,post_exp,FinalForProlific,2026-06-30 21:26:01.653538,1,,,142.73,40,,142.73,9,0.0,6,8,B,0.7314383124176979,More than $112,Less than today,The highest price a buyer is currently willing to pay.,True,Stocks,Decrease,Stocks,True,The difference between the lowest ask price and the highest bid price.,"Mutual funds can invest in several assets, for example invest in both stocks and bonds",None of the above,Between 10 and 15 years,12,10,2.5,3.0,Female,45,Canada,undergraduate: 4th year,Other,0,0,1,1,Multiple times a day,Daily,Stocks,,,,,,,,,,,,,,,,1,1,4ovtf4e6,,,,,0
41,zgopdtbb,69ffb64219d501a81d7e40c6,0,51,51,post_exp,FinalForProlific,2026-06-30 21:26:45.785048,1,,,119.17,41,,119.17,4,0.0,6,2,A,0.2494878015219527,More than $112,Less than today,The highest price a buyer is currently willing to pay.,True,Stocks,Decrease,Stocks,True,The difference between the lowest ask price and the highest bid price.,"Mutual funds can invest in several assets, for example invest in both stocks and bonds",She has lent money to firm B,Between 10 and 15 years,12,11,2.75,3.0,Male,31,United Kingdom,undergraduate: 3d year,Other,0,1,0,0,Less than once a month,Monthly,Stocks,,,,,,,,,,,,,,,,1,1,4ovtf4e6,,,,,0
42,x27fygv2,5a5f7c21ac56240001543340,0,51,51,post_exp,FinalForProlific,2026-06-30 21:27:18.073995,1,,,128.79,42,,128.79,9,0.0,8,4,A,0.4881143299237928,More than $112,Less than today,The highest price a buyer is currently willing to pay.,True,Stocks,Decrease,Stocks,True,The difference between the lowest ask price and the highest bid price.,"Mutual funds can invest in several assets, for example invest in both stocks and bonds",She has lent money to firm B,Never,12,12,3.0,3.0,Female,41,United Kingdom,master,Finance,1,1,1,1,Less than once a month,Weekly,Stocks,,,,,,,,,,,,,,,,1,1,4ovtf4e6,,,,,0
43,l531yvqb,6a0707fe48e88cfc234956ab,0,51,51,post_exp,FinalForProlific,2026-06-30 21:27:29.400406,1,,,117.91,43,,117.91,10,0.0,11,3,A,0.2879211015203452,More than $112,Less than today,Don't know / Not sure,True,Stocks,Decrease,Stocks,True,Don't know / Not sure,Don't know / Not sure,She owns a part of firm B,Between 10 and 15 years,12,7,1.75,3.0,Female,30,United Kingdom,master,Other,0,0,1,1,Weekly,Weekly,Stocks,,,,,,,,,,,,,,,,1,1,4ovtf4e6,,,,,0
44,wywjchig,69e1896d53cc4bb48204689f,0,51,51,post_exp,FinalForProlific,2026-06-30 21:27:48.755819,1,,,109.62,44,,109.62,8,0.0,6,3,A,0.32188315944027257,More than $112,Less than today,The price you personally choose when submitting a buy order.,False,Stocks,Decrease,Stocks,True,The difference between the lowest ask price and the highest bid price.,"Mutual funds can invest in several assets, for example invest in both stocks and bonds",She has lent money to firm B,Never,12,10,2.5,3.0,Male,30,Canada,undergraduate: 4th year,Other,0,1,1,1,Weekly,Weekly,Stocks,,,,,,,,,,,,,,,,1,1,4ovtf4e6,,,,,0
45,nrmq8h9l,5f8820ba0fdd0c276b4d732c,0,51,51,post_exp,FinalForProlific,2026-06-30 21:27:51.250714,1,,,111.6,45,,111.6,8,0.0,7,3,A,0.5751236295846255,More than $112,Less than today,The highest price a buyer is currently willing to pay.,True,Stocks,Decrease,Stocks,True,The difference between the lowest ask price and the highest bid price.,"Mutual funds can invest in several assets, for example invest in both stocks and bonds",She has lent money to firm B,Never,12,12,3.0,3.0,Male,25,United Kingdom,master,Other,0,1,1,1,Monthly,Daily,Stocks,,,,,,,,,,,,,,,,1,1,4ovtf4e6,,,,,0
46,hreehxih,667d81a95170bdd075f74203,0,51,51,post_exp,FinalForProlific,2026-06-30 21:28:34.098051,1,,,114.65,46,,114.65,6,0.0,7,7,B,0.3090130652199824,More than $112,Less than today,The highest price a buyer is currently willing to pay.,True,Stocks,Decrease,Stocks,True,Don't know / Not sure,Don't know / Not sure,She owns a part of firm B,Between 10 and 15 years,12,8,2.0,3.0,Female,50,United States,master,Other,0,0,1,1,Less than once a month,Less than once a month,Stocks,,,,,,,,,,,,,,,,1,1,4ovtf4e6,,,,,0
47,g630u43f,695ffaceacb6d5f0382f8563,0,51,51,post_exp,FinalForProlific,2026-06-30 21:28:41.537892,1,,,117.32,47,,117.32,9,0.0,6,10,B,0.6824554053793926,More than $112,Less than today,The lowest price a seller is currently willing to accept.,True,Stocks,Decrease,Bonds,True,The difference between the lowest ask price and the highest bid price.,"Mutual funds can invest in several assets, for example invest in both stocks and bonds",She has lent money to firm B,Between 10 and 15 years,12,9,2.25,3.0,Other,37,United States,master,Other,0,1,1,1,Monthly,Monthly,Stocks,,,,,,,,,,,,,,,,1,1,4ovtf4e6,,,,,0
48,o69vlorc,69e162924b2e51bde8806af5,0,51,51,post_exp,FinalForProlific,2026-06-30 21:28:53.312806,1,,,118.98,48,,118.98,14,0.0,6,10,B,0.4548514854686949,Exactly $112,Less than today,The highest price a buyer is currently willing to pay.,True,Stocks,Decrease,Stocks,True,The difference between the lowest ask price and the highest bid price.,"Mutual funds can invest in several assets, for example invest in both stocks and bonds",She has lent money to firm B,Never,12,11,2.75,3.0,Male,20,Canada,undergraduate: 3d year,Finance,1,1,1,1,Weekly,Weekly,Stocks,,,,,,,,,,,,,,,,1,1,4ovtf4e6,,,,,0
49,pu0lh4c9,695bf663d8fe1351746ac705,0,51,51,post_exp,FinalForProlific,2026-06-30 21:28:54.150962,1,,,124.51,49,,124.51,3,0.0,7,8,B,0.7636367457208166,Exactly $112,Less than today,The highest price a buyer is currently willing to pay.,True,Stocks,Decrease,Bonds,True,Don't know / Not sure,None of the above,She has lent money to firm B,Never,12,8,2.0,3.0,Female,25,United States,undergraduate: 4th year,Other,0,1,1,1,Less than once a month,Daily,Stocks,,,,,,,,,,,,,,,,1,1,4ovtf4e6,,,,,0
50,0x9ovnzs,69f3da8612013f312aabd3b3,0,51,51,post_exp,FinalForProlific,2026-06-30 21:29:01.896424,1,,,129.1,50,,129.1,6,0.0,6,10,B,0.46016522754229494,More than $112,More than today,The lowest price a seller is currently willing to accept.,True,Stocks,Decrease,Savings accounts,True,The average of the bid price and the ask price.,"Mutual funds can invest in several assets, for example invest in both stocks and bonds",She has lent money to firm B,Between 10 and 15 years,12,7,1.75,3.0,Male,34,United Kingdom,master,Other Management,0,1,1,1,Less than once a month,Less than once a month,Bonds,,,,,,,,,,,,,,,,1,1,4ovtf4e6,,,,,0
51,ue6or201,69f942a2d9efe806554c2dd0,0,51,51,post_exp,FinalForProlific,2026-06-30 21:29:16.022967,1,,,133.75,51,,133.75,9,0.0,6,5,A,0.27664207581794176,More than $112,Less than today,The highest price a buyer is currently willing to pay.,True,Stocks,Decrease,Stocks,True,The difference between the lowest ask price and the highest bid price.,"Mutual funds can invest in several assets, for example invest in both stocks and bonds",She has lent money to firm B,Never,12,12,3.0,3.0,Male,35,United States,high-school graduate,Other,0,1,1,1,Weekly,Weekly,Cryptocurrencies,,,,,,,,,,,,,,,,1,1,4ovtf4e6,,,,,0
52,zkcnavf8,6a1db99410f52a9f0f01b44d,0,51,51,post_exp,FinalForProlific,2026-06-30 21:29:50.383876,1,,,106.31,52,,106.31,14,0.0,3,2,A,0.3916213831649149,Exactly $112,Less than today,The price you personally choose when submitting a buy order.,True,Stocks,Decrease,Stocks,True,The difference between the lowest ask price and the highest bid price.,"Mutual funds can invest in several assets, for example invest in both stocks and bonds",She owns a part of firm B,Between 5 and 10 years,12,8,2.0,3.0,Female,28,United Kingdom,high-school graduate,Other,0,0,1,1,Daily,Daily,Stocks,,,,,,,,,,,,,,,,1,1,4ovtf4e6,,,,,0
53,q33z5n9f,69e6a58125397cb2600966e2,0,51,51,post_exp,FinalForProlific,2026-06-30 21:30:04.356991,1,,,113.13,53,,113.13,14,0.0,4,3,A,0.8868720371987565,More than $112,Less than today,The highest price a buyer is currently willing to pay.,True,Stocks,Decrease,Bonds,True,The difference between the lowest ask price and the highest bid price.,Don't know / Not sure,She has lent money to firm B,Between 5 and 10 years,12,9,2.25,3.0,Male,43,United States,high-school graduate,Other,0,0,1,1,Less than once a month,Less than once a month,Stocks,,,,,,,,,,,,,,,,1,1,4ovtf4e6,,,,,0
54,lbiob11j,69e8d5e7f1abaa500ce31a11,0,51,51,post_exp,FinalForProlific,2026-06-30 21:30:19.404037,1,,,124.3,54,,124.3,13,0.0,5,8,B,0.6906836751399453,Exactly $112,Less than today,The highest price a buyer is currently willing to pay.,True,Stocks,Stay the same,Bonds,True,The difference between the lowest ask price and the highest bid price.,"Mutual funds can invest in several assets, for example invest in both stocks and bonds",She has lent money to firm B,Never,12,9,2.25,3.0,Female,33,United Kingdom,undergraduate: 3d year,Other,0,0,1,1,Monthly,Daily,Stocks,,,,,,,,,,,,,,,,1,1,4ovtf4e6,,,,,0
55,q1li7f7v,6a0ada5d2213071b53b87ad8,0,51,51,post_exp,FinalForProlific,2026-06-30 21:30:31.739733,1,,,117.07,55,,117.07,13,0.0,5,5,B,0.409657318458603,More than $112,Less than today,The price you personally choose when submitting a buy order.,True,Stocks,Decrease,Stocks,True,The fee the broker charges each time you trade.,"Mutual funds can invest in several assets, for example invest in both stocks and bonds",She has lent money to firm B,Never,12,10,2.5,3.0,Male,46,United Kingdom,high-school graduate,Other,0,0,1,0,Weekly,Weekly,Stocks,,,,,,,,,,,,,,,,1,1,4ovtf4e6,,,,,0
56,24vno9vl,6a03459e5c3c329e6670a53e,0,51,51,post_exp,FinalForProlific,2026-06-30 21:31:00.351395,1,,,130.4,56,,130.4,4,0.0,10,1,A,0.724424747525085,More than $112,Less than today,The price you personally choose when submitting a buy order.,True,Bonds,Stay the same,Don't know / Not sure,True,The difference between the lowest ask price and the highest bid price.,"Mutual funds can invest in several assets, for example invest in both stocks and bonds",She owns a part of firm B,None of the above,12,6,1.5,3.0,Male,22,China,undergraduate: 4th year,Other Management,1,0,1,1,Less than once a month,Monthly,Stocks,,,,,,,,,,,,,,,,1,1,4ovtf4e6,,,,,0
57,hry5pk9z,5996d2256b939900012d9f22,0,51,51,post_exp,FinalForProlific,2026-06-30 21:31:05.025816,1,,,116.56,57,,116.56,13,0.0,7,9,B,0.9175695495138699,More than $112,Less than today,The highest price a buyer is currently willing to pay.,True,Stocks,Decrease,Stocks,True,The difference between the lowest ask price and the highest bid price.,"Mutual funds can invest in several assets, for example invest in both stocks and bonds",She has lent money to firm B,None of the above,12,11,2.75,3.0,Female,35,United Kingdom,undergraduate: 4th year,Other,1,0,1,1,Weekly,Daily,Stocks,,,,,,,,,,,,,,,,1,1,4ovtf4e6,,,,,0
58,cnhbz0fa,61219fd8387ca59d07e0dc1c,0,51,51,post_exp,FinalForProlific,2026-06-30 21:32:16.751025,1,,,112.67,58,,112.67,10,0.0,7,3,A,0.3497835305530176,More than $112,Exactly the same as today,Don't know / Not sure,False,Stocks,Decrease,Stocks,True,Don't know / Not sure,"Mutual funds can invest in several assets, for example invest in both stocks and bonds",She has lent money to firm B,Less than 5 years,12,7,1.75,3.0,Female,57,United States,undergraduate: 4th year,Other,0,0,0,0,Less than once a month,Less than once a month,Stocks,,,,,,,,,,,,,,,,1,1,4ovtf4e6,,,,,0
59,s2kc602q,69bb774707224f55d8069f8b,0,51,51,post_exp,FinalForProlific,2026-06-30 21:32:18.823173,1,,,122.5,59,,122.5,7,0.0,7,3,A,0.6255304684916064,Exactly $112,Less than today,The highest price a buyer is currently willing to pay.,True,Stocks,Decrease,Stocks,False,The difference between the lowest ask price and the highest bid price.,Mutual funds pay a guaranteed rate of return which depends on their past performance,She has lent money to firm B,Between 5 and 10 years,12,8,2.0,3.0,Male,21,Canada,undergraduate: 3d year,Other,0,1,1,1,Weekly,Daily,Stocks,,,,,,,,,,,,,,,,1,1,4ovtf4e6,,,,,0
60,0lb4k7z6,69fcb7d79e3cf2619c70ee2f,0,51,51,post_exp,FinalForProlific,2026-06-30 21:32:20.252378,1,,,158.01,60,,158.01,11,0.0,7,1,A,0.5877811631316433,More than $112,Less than today,The highest price a buyer is currently willing to pay.,True,Stocks,Decrease,Stocks,True,Don't know / Not sure,"Mutual funds can invest in several assets, for example invest in both stocks and bonds",She has lent money to firm B,Never,12,11,2.75,3.0,Male,31,United Kingdom,undergraduate: 3d year,Other,0,1,0,0,Less than once a month,Less than once a month,Stocks,,,,,,,,,,,,,,,,1,1,4ovtf4e6,,,,,0
61,vahoqed4,6a24b27eabc0ca8edcee677e,0,51,51,post_exp,FinalForProlific,2026-06-30 21:32:51.447917,1,,,108.96,61,,108.96,7,0.0,7,5,A,0.7673456847288893,Exactly $112,More than today,The highest price a buyer is currently willing to pay.,True,Stocks,Decrease,Stocks,True,The difference between the lowest ask price and the highest bid price.,"Mutual funds can invest in several assets, for example invest in both stocks and bonds",She owns a part of firm B,Between 5 and 10 years,12,8,2.0,3.0,Male,21,Canada,undergraduate: 3d year,Other,1,1,1,1,Monthly,Monthly,Cryptocurrencies,,,,,,,,,,,,,,,,1,1,4ovtf4e6,,,,,0
62,1d2qe8oo,6a16d4790275f1a571e2fa4e,0,51,51,post_exp,FinalForProlific,2026-06-30 21:33:07.214852,1,,,134.75,62,,134.75,7,0.0,5,7,B,0.7537353292755123,More than $112,Less than today,The highest price a buyer is currently willing to pay.,True,Stocks,Decrease,Stocks,True,The fee the broker charges each time you trade.,"Mutual funds can invest in several assets, for example invest in both stocks and bonds",She has lent money to firm B,Never,12,11,2.75,3.0,Male,21,China,undergraduate: 3d year,Finance,1,1,1,1,Multiple times a day,Daily,Cryptocurrencies,,,,,,,,,,,,,,,,1,1,4ovtf4e6,,,,,0
63,sqm1u5r8,697917f898b6e73223c25fd5,0,51,51,post_exp,FinalForProlific,2026-06-30 21:34:17.857468,1,,,135.84,63,,135.84,6,0.0,5,7,B,0.034522035471537316,More than $112,Less than today,The highest price a buyer is currently willing to pay.,True,Stocks,Decrease,Stocks,True,The difference between the lowest ask price and the highest bid price.,"Mutual funds can invest in several assets, for example invest in both stocks and bonds",She has lent money to firm B,Never,12,12,3.0,3.0,Female,30,Nigeria,undergraduate: 4th year,Other Management,1,0,1,1,Monthly,Monthly,Stocks,,,,,,,,,,,,,,,,1,1,4ovtf4e6,,,,,0
64,7pp62qsn,6a2345035e9657b43637e4ee,0,51,51,post_exp,FinalForProlific,2026-06-30 21:34:30.367568,1,,,127.4,64,,127.4,11,0.0,7,8,B,0.25110984501397826,More than $112,Less than today,The highest price a buyer is currently willing to pay.,True,Stocks,Decrease,Stocks,True,Don't know / Not sure,Don't know / Not sure,She has lent money to firm B,Between 5 and 10 years,12,9,2.25,3.0,Female,20,Latvia,high-school graduate,Other,0,1,1,1,Monthly,Weekly,Stocks,,,,,,,,,,,,,,,,1,1,4ovtf4e6,,,,,0
65,sb0anglt,59cff8eed227970001199862,0,51,51,post_exp,FinalForProlific,2026-06-30 21:34:57.595575,1,,,135.73,65,,135.73,3,0.0,6,6,B,0.3095478981351927,More than $112,Less than today,The highest price a buyer is currently willing to pay.,True,Stocks,Decrease,Stocks,True,The difference between the lowest ask price and the highest bid price.,"Mutual funds can invest in several assets, for example invest in both stocks and bonds",She has lent money to firm B,Never,12,12,3.0,3.0,Male,48,United Kingdom,undergraduate: 4th year,Finance,1,1,1,1,Monthly,Monthly,Stocks,,,,,,,,,,,,,,,,1,1,4ovtf4e6,,,,,0
66,1si85c73,6a15c578d09617330ff0f03d,0,51,51,post_exp,FinalForProlific,2026-06-30 21:35:02.545737,1,,,117.34,66,,117.34,10,0.0,11,2,A,0.3782619591285864,More than $112,Less than today,The highest price a buyer is currently willing to pay.,False,Stocks,Decrease,Stocks,True,The difference between the lowest ask price and the highest bid price.,None of the above,She is liable for the company's debts,Between 5 and 10 years,12,8,2.0,3.0,Male,32,United States,undergraduate: 4th year,Other,0,0,1,1,Daily,Weekly,"Derivatives (Options, Futures)",,,,,,,,,,,,,,,,1,1,4ovtf4e6,,,,,0
67,sugfh80v,6a05ddfc4e1e07322a8f4e2a,0,3,51,intro,comprehensionQuestions,2026-06-30 21:35:19.621527,1,,,0.0,67,,0.0,10,0.0,,,,,,,,,,,,,,,,,,,,,,,,,,,,,,,,,,,,,,,,,,,,,,,,1,1,4ovtf4e6,,,,,0
68,4j4b7xc2,63782709326973c77adc3db8,0,51,51,post_exp,FinalForProlific,2026-06-30 21:35:38.039037,1,,,109.35,68,,109.35,6,0.0,9,4,A,0.8991406177121267,More than $112,Less than today,The lowest price a seller is currently willing to accept.,True,Stocks,Decrease,Stocks,True,The difference between the lowest ask price and the highest bid price.,"Mutual funds can invest in several assets, for example invest in both stocks and bonds",She has lent money to firm B,Never,12,11,2.75,3.0,Female,68,United States,undergraduate: 4th year,Other,0,0,1,1,Less than once a month,Less than once a month,"Derivatives (Options, Futures)",,,,,,,,,,,,,,,,1,1,4ovtf4e6,,,,,0
69,fmzbv9u0,6a1890bd5df03242eb3ab012,0,51,51,post_exp,FinalForProlific,2026-06-30 21:35:49.657590,1,,,115.08,69,,115.08,7,0.0,6,4,A,0.4635051396475399,Exactly $112,Less than today,The highest price a buyer is currently willing to pay.,True,Don't know / Not sure,Decrease,Stocks,True,Don't know / Not sure,Don't know / Not sure,She has lent money to firm B,Between 5 and 10 years,12,7,1.75,3.0,Male,32,United States,undergraduate: 4th year,Other,0,1,1,1,Weekly,Weekly,Cryptocurrencies,,,,,,,,,,,,,,,,1,1,4ovtf4e6,,,,,0
70,pn0vu3hk,69fe2136c437c57da83a9912,0,51,51,post_exp,FinalForProlific,2026-06-30 21:36:07.421705,1,,,133.84,70,,133.84,6,0.0,6,10,B,0.12776139213246662,More than $112,Less than today,The highest price a buyer is currently willing to pay.,True,Stocks,Decrease,Stocks,True,The difference between the lowest ask price and the highest bid price.,"Mutual funds can invest in several assets, for example invest in both stocks and bonds",She has lent money to firm B,Never,12,12,3.0,3.0,Male,29,United States,undergraduate: 4th year,Other,0,1,1,1,Monthly,Weekly,Stocks,,,,,,,,,,,,,,,,1,1,4ovtf4e6,,,,,0
71,yome66xk,67d0c546e34a839a2c0d67a0,0,51,51,post_exp,FinalForProlific,2026-06-30 21:36:38.831765,1,,,128.41,71,,128.41,11,0.0,7,10,B,0.039324372918798756,More than $112,Less than today,The lowest price a seller is currently willing to accept.,True,Stocks,Decrease,Stocks,True,The difference between the lowest ask price and the highest bid price.,"Mutual funds can invest in several assets, for example invest in both stocks and bonds",She has lent money to firm B,Between 10 and 15 years,12,10,2.5,3.0,Male,55,United Kingdom,undergraduate: 3d year,Other,1,1,1,1,Monthly,Monthly,Stocks,,,,,,,,,,,,,,,,1,1,4ovtf4e6,,,,,0
72,choe32sw,6a0b87573768aba68294b3be,0,51,51,post_exp,FinalForProlific,2026-06-30 21:37:06.472574,1,,,115.1,72,,115.1,3,0.0,5,1,A,0.7245154652843048,More than $112,Less than today,The highest price a buyer is currently willing to pay.,True,Stocks,Decrease,Bonds,True,The difference between the lowest ask price and the highest bid price.,"Mutual funds can invest in several assets, for example invest in both stocks and bonds",She has lent money to firm B,Never,12,11,2.75,3.0,Male,21,United States,undergraduate: 4th year,Other Management,1,0,1,1,Less than once a month,Monthly,Cryptocurrencies,,,,,,,,,,,,,,,,1,1,4ovtf4e6,,,,,0
73,076vl8mt,69fc8ff6e44e316aab8e5b47,0,51,51,post_exp,FinalForProlific,2026-06-30 21:37:32.943962,1,,,113.55,73,,113.55,10,0.0,10,6,A,0.6824202977913745,More than $112,Less than today,The highest price a buyer is currently willing to pay.,True,Stocks,Decrease,Stocks,True,The difference between the lowest ask price and the highest bid price.,"Mutual funds can invest in several assets, for example invest in both stocks and bonds",She has lent money to firm B,Never,12,12,3.0,3.0,Female,31,Canada,master,Other,0,1,1,1,Weekly,Daily,Stocks,,,,,,,,,,,,,,,,1,1,4ovtf4e6,,,,,0
74,eqp1n9wf,69ee792c66e99d9dc5c7793f,0,51,51,post_exp,FinalForProlific,2026-06-30 21:37:37.556910,1,,,114.24,74,,114.24,14,0.0,7,8,B,0.02211928630326976,More than $112,Less than today,The highest price a buyer is currently willing to pay.,True,Stocks,Decrease,Bonds,True,The difference between the lowest ask price and the highest bid price.,"Mutual funds can invest in several assets, for example invest in both stocks and bonds",She has lent money to firm B,Never,12,11,2.75,3.0,Male,32,United States,undergraduate: 4th year,Other,0,0,1,1,Monthly,Weekly,Stocks,,,,,,,,,,,,,,,,1,1,4ovtf4e6,,,,,0
75,he72vfh3,6a0351dea82c3941d87ce46c,0,51,51,post_exp,FinalForProlific,2026-06-30 21:38:07.552691,1,,,111.54,75,,111.54,3,0.0,5,10,B,0.3906298859359131,More than $112,Less than today,The highest price a buyer is currently willing to pay.,True,Stocks,Decrease,Stocks,True,The difference between the lowest ask price and the highest bid price.,"Mutual funds can invest in several assets, for example invest in both stocks and bonds",She has lent money to firm B,Never,12,12,3.0,3.0,Male,23,United Kingdom,undergraduate: 4th year,Other,0,0,1,1,Less than once a month,Monthly,Stocks,,,,,,,,,,,,,,,,1,1,4ovtf4e6,,,,,0
76,t7kj1n5s,5ff4ebaadd8cf1c332708eea,0,51,51,post_exp,FinalForProlific,2026-06-30 21:38:23.934426,1,,,126.89,76,,126.89,12,0.0,10,5,A,0.7739821444514734,More than $112,Less than today,The highest price a buyer is currently willing to pay.,True,Stocks,Decrease,Stocks,True,The difference between the lowest ask price and the highest bid price.,"Mutual funds can invest in several assets, for example invest in both stocks and bonds",She has lent money to firm B,Never,12,12,3.0,3.0,Female,36,Canada,undergraduate: 4th year,Other,1,1,1,1,Daily,Daily,Stocks,,,,,,,,,,,,,,,,1,1,4ovtf4e6,,,,,0
77,htlzlueo,6a082bce62ec4f51e9e979fc,0,51,51,post_exp,FinalForProlific,2026-06-30 21:39:13.310670,1,,,117.6,77,,117.6,6,0.0,10,4,A,0.9850582988804172,More than $112,Less than today,The highest price a buyer is currently willing to pay.,True,Stocks,Decrease,Stocks,True,The difference between the lowest ask price and the highest bid price.,"Mutual funds can invest in several assets, for example invest in both stocks and bonds",She has lent money to firm B,Never,12,12,3.0,3.0,Male,26,Canada,undergraduate: 3d year,Other,1,1,1,1,Less than once a month,Weekly,Stocks,,,,,,,,,,,,,,,,1,1,4ovtf4e6,,,,,0
78,8b2uwnnf,67605f33e1626766c448e325,0,51,51,post_exp,FinalForProlific,2026-06-30 21:41:06.191768,1,,,112.06,78,,112.06,4,0.0,10,10,B,0.15923270574049997,More than $112,Less than today,The highest price a buyer is currently willing to pay.,True,Stocks,Decrease,Savings accounts,True,The difference between the lowest ask price and the highest bid price.,"Mutual funds can invest in several assets, for example invest in both stocks and bonds",She owns a part of firm B,Between 10 and 15 years,12,9,2.25,3.0,Male,34,United Kingdom,master,Other Management,0,1,0,0,Less than once a month,Less than once a month,Stocks,,,,,,,,,,,,,,,,1,1,4ovtf4e6,,,,,0
79,oauw0rpv,5c6c260dce4e560001f75731,0,51,51,post_exp,FinalForProlific,2026-06-30 21:41:40.064165,1,,,112.38,79,,112.38,8,0.0,8,7,A,0.910038228451787,More than $112,Less than today,The lowest price a seller is currently willing to accept.,True,Stocks,Decrease,Stocks,True,The difference between the lowest ask price and the highest bid price.,"Mutual funds can invest in several assets, for example invest in both stocks and bonds",She has lent money to firm B,Between 10 and 15 years,12,10,2.5,3.0,Male,45,United Kingdom,undergraduate: 4th year,Other,0,0,1,1,Daily,Daily,Stocks,,,,,,,,,,,,,,,,1,1,4ovtf4e6,,,,,0
80,xjsck36v,69f0b9a0372b1d5b32167fc3,0,51,51,post_exp,FinalForProlific,2026-06-30 21:41:51.965037,1,,,114.27,80,,114.27,5,0.0,5,10,B,0.5452810471053577,More than $112,Less than today,The highest price a buyer is currently willing to pay.,True,Stocks,Decrease,Stocks,True,The difference between the lowest ask price and the highest bid price.,Don't know / Not sure,She owns a part of firm B,Never,12,10,2.5,3.0,Female,39,India,undergraduate: 4th year,Other,0,1,1,0,Less than once a month,Less than once a month,Stocks,,,,,,,,,,,,,,,,1,1,4ovtf4e6,,,,,0
81,oqg5bwdl,69f23d475d7d045f5cb57993,0,51,51,post_exp,FinalForProlific,2026-06-30 21:41:53.371433,1,,,112.89,81,,112.89,9,0.0,7,8,B,0.42994521355398607,More than $112,Less than today,The highest price a buyer is currently willing to pay.,True,Stocks,Decrease,Stocks,True,The difference between the lowest ask price and the highest bid price.,"Mutual funds can invest in several assets, for example invest in both stocks and bonds",She has lent money to firm B,Never,12,12,3.0,3.0,Male,30,Canada,MBA,Finance,1,0,1,1,Monthly,Monthly,Stocks,,,,,,,,,,,,,,,,1,1,4ovtf4e6,,,,,0
82,4fouug0p,69d02eff48a96fc574287db0,0,51,51,post_exp,FinalForProlific,2026-06-30 21:42:29.459433,1,,,105.45,82,,105.45,5,0.0,9,1,A,0.4783288043945879,More than $112,Less than today,Don't know / Not sure,True,Stocks,Decrease,Stocks,True,Don't know / Not sure,"Mutual funds can invest in several assets, for example invest in both stocks and bonds",She has lent money to firm B,Between 10 and 15 years,12,9,2.25,3.0,Female,45,Canada,undergraduate: 4th year,Other,0,1,1,1,Less than once a month,Weekly,Stocks,,,,,,,,,,,,,,,,1,1,4ovtf4e6,,,,,0
83,hej71444,6a08d8f823b3cc312ea6d715,0,51,51,post_exp,FinalForProlific,2026-06-30 21:42:37.183831,1,,,110.45,83,,110.45,6,0.0,8,3,A,0.8775171209107681,More than $112,Less than today,The most recent price at which the security traded.,False,Stocks,Decrease,Stocks,True,The difference between the lowest ask price and the highest bid price.,"Mutual funds can invest in several assets, for example invest in both stocks and bonds",She owns a part of firm B,Never,12,9,2.25,3.0,Male,38,United Kingdom,high-school graduate,Other,0,0,1,1,Monthly,Less than once a month,Stocks,,,,,,,,,,,,,,,,1,1,4ovtf4e6,,,,,0
84,xun9r66m,6995f53429f164a4c9d209e8,0,51,51,post_exp,FinalForProlific,2026-06-30 21:42:37.465380,1,,,138.95,84,,138.95,11,0.0,5,4,A,0.4583679562950741,More than $112,Less than today,The highest price a buyer is currently willing to pay.,True,Stocks,Decrease,Stocks,False,The difference between the lowest ask price and the highest bid price.,"Mutual funds can invest in several assets, for example invest in both stocks and bonds",She has lent money to firm B,Never,12,11,2.75,3.0,Female,33,United States,high-school graduate,Other,0,0,1,1,Weekly,Weekly,Stocks,,,,,,,,,,,,,,,,1,1,4ovtf4e6,,,,,0
85,ixw6na4e,5f84e472052cf81ae5752252,0,51,51,post_exp,FinalForProlific,2026-06-30 21:44:20.891147,1,,,114.0,85,,114.0,10,0.0,10,4,A,0.26096014641718224,More than $112,Less than today,Don't know / Not sure,True,Stocks,Decrease,Savings accounts,True,The difference between the lowest ask price and the highest bid price.,"Mutual funds can invest in several assets, for example invest in both stocks and bonds",She owns a part of firm B,Between 10 and 15 years,12,8,2.0,3.0,Female,35,United Kingdom,master,Other,0,1,1,1,Daily,Daily,Stocks,,,,,,,,,,,,,,,,1,1,4ovtf4e6,,,,,0
86,rvhh2cii,69fc82781ffa298db04922fd,0,51,51,post_exp,FinalForProlific,2026-06-30 21:46:07.737454,1,,,104.53,86,,104.53,14,0.0,4,5,B,0.8501655044241239,Exactly $112,Exactly the same as today,The lowest price a seller is currently willing to accept.,True,Stocks,Decrease,Stocks,Don't know / Not sure,The average of the bid price and the ask price.,Mutual funds pay a guaranteed rate of return which depends on their past performance,She is liable for the company's debts,Between 10 and 15 years,12,4,1.0,3.0,Male,41,United Kingdom,master,Other Management,1,0,1,1,Less than once a month,Less than once a month,Stocks,,,,,,,,,,,,,,,,1,1,4ovtf4e6,,,,,0
87,m8scb1n7,6a00f2185e367aafb7daf28d,0,51,51,post_exp,FinalForProlific,2026-06-30 21:46:11.601095,1,,,113.17,87,,113.17,4,0.0,9,4,A,0.9255731755694698,More than $112,More than today,The highest price a buyer is currently willing to pay.,Don't know / Not sure,Stocks,Decrease,Bonds,True,The difference between the lowest ask price and the highest bid price.,Don't know / Not sure,None of the above,Never,12,7,1.75,3.0,Female,36,United Kingdom,undergraduate: 4th year,Other Management,0,0,0,0,Less than once a month,Less than once a month,Bonds,,,,,,,,,,,,,,,,1,1,4ovtf4e6,,,,,0
88,feeu028t,69f5a8aab6c4437820700d18,0,51,51,post_exp,FinalForProlific,2026-06-30 21:46:19.483465,1,,,112.39,88,,112.39,10,0.0,6,1,A,0.9271129173090503,More than $112,Less than today,The highest price a buyer is currently willing to pay.,True,Stocks,Decrease,Stocks,True,The difference between the lowest ask price and the highest bid price.,"Mutual funds can invest in several assets, for example invest in both stocks and bonds",She has lent money to firm B,Never,12,12,3.0,3.0,Female,18,United States,did not graduate high school,Other,0,0,1,1,Monthly,Daily,Stocks,,,,,,,,,,,,,,,,1,1,4ovtf4e6,,,,,0
89,ylbecl15,6a07875ef323b1f66e483aa6,0,51,51,post_exp,FinalForProlific,2026-06-30 21:46:53.109783,1,,,116.95,89,,116.95,10,0.0,10,8,A,0.7837211821325357,More than $112,Less than today,The highest price a buyer is currently willing to pay.,True,Stocks,Decrease,Stocks,True,The difference between the lowest ask price and the highest bid price.,"Mutual funds can invest in several assets, for example invest in both stocks and bonds",She has lent money to firm B,Never,12,12,3.0,3.0,Male,32,Nigeria,master,Economics,1,1,1,1,Daily,Daily,Stocks,,,,,,,,,,,,,,,,1,1,4ovtf4e6,,,,,0
90,tz4ypazf,698a0bac4d17a0fc23b4d40a,0,51,51,post_exp,FinalForProlific,2026-06-30 21:49:57.335516,1,,,115.27,90,,115.27,7,0.0,8,2,A,0.015548311156987737,More than $112,Less than today,The highest price a buyer is currently willing to pay.,True,Stocks,Decrease,Stocks,True,The difference between the lowest ask price and the highest bid price.,"Mutual funds can invest in several assets, for example invest in both stocks and bonds",She has lent money to firm B,Never,12,12,3.0,3.0,Male,25,United States,MBA,Other,1,1,1,1,Less than once a month,Less than once a month,Stocks,,,,,,,,,,,,,,,,1,1,4ovtf4e6,,,,,0
91,yxrk8adn,5cc369725986a4001b4e9041,0,3,51,intro,comprehensionQuestions,2026-06-30 21:56:04.774658,1,,,0.0,91,,0.0,12,0.0,,,,,,,,,,,,,,,,,,,,,,,,,,,,,,,,,,,,,,,,,,,,,,,,1,1,4ovtf4e6,,,,,0
92,blf75djl,69f6a9b7a7b418e1549df619,0,51,51,post_exp,FinalForProlific,2026-06-30 21:58:12.121139,1,,,118.78,92,,118.78,3,0.0,8,4,A,0.20220234619038968,More than $112,Less than today,The highest price a buyer is currently willing to pay.,True,Stocks,Decrease,Stocks,True,Don't know / Not sure,"Mutual funds can invest in several assets, for example invest in both stocks and bonds",She has lent money to firm B,Between 5 and 10 years,12,10,2.5,3.0,Male,25,United Kingdom,master,Other,0,0,1,1,Less than once a month,Less than once a month,Cryptocurrencies,,,,,,,,,,,,,,,,1,1,4ovtf4e6,,,,,0
93,l8ntrs1j,6a0b2b3fa54870570f5c0540,0,51,51,post_exp,FinalForProlific,2026-06-30 21:58:19.134951,1,,,108.98,93,,108.98,3,0.0,10,3,A,0.32218671492157913,Exactly $112,Less than today,The price you personally choose when submitting a buy order.,True,Stocks,Increase,Savings accounts,True,The fee the broker charges each time you trade.,Don't know / Not sure,She owns a part of firm B,Between 5 and 10 years,12,4,1.0,3.0,Male,21,Bangladesh,undergraduate: 3d year,Finance,1,1,1,1,Daily,Daily,Stocks,,,,,,,,,,,,,,,,1,1,4ovtf4e6,,,,,0
94,ex4demt0,6a032a69ad4a5cdfc84fc79e,0,51,51,post_exp,FinalForProlific,2026-06-30 21:58:25.478821,1,,,138.3,94,,138.3,7,0.0,5,9,B,0.31829893731295,More than $112,Less than today,The highest price a buyer is currently willing to pay.,True,Stocks,Decrease,Stocks,True,The difference between the lowest ask price and the highest bid price.,"Mutual funds can invest in several assets, for example invest in both stocks and bonds",She has lent money to firm B,Never,12,12,3.0,3.0,Male,26,Australia,undergraduate: 3d year,Other,0,1,1,1,Weekly,Daily,Stocks,,,,,,,,,,,,,,,,1,1,4ovtf4e6,,,,,0
95,9pf359ti,69c2c1380709a1555a38b3b9,0,51,51,post_exp,FinalForProlific,2026-06-30 21:59:02.053479,1,,,120.91,95,,120.91,10,0.0,6,10,B,0.013868349719665107,More than $112,Less than today,The highest price a buyer is currently willing to pay.,True,Stocks,Decrease,Stocks,True,The difference between the lowest ask price and the highest bid price.,"Mutual funds can invest in several assets, for example invest in both stocks and bonds",She has lent money to firm B,Never,12,12,3.0,3.0,Female,27,Nigeria,master,Other Management,1,1,1,1,Weekly,Weekly,Cryptocurrencies,,,,,,,,,,,,,,,,1,1,4ovtf4e6,,,,,0
96,lkkiky2x,6a1b21ad162348890ae2af23,0,51,51,post_exp,FinalForProlific,2026-06-30 22:01:52.772508,1,,,113.66,96,,113.66,5,0.0,5,10,B,0.4341435589964958,More than $112,Exactly the same as today,The highest price a buyer is currently willing to pay.,True,Stocks,Decrease,Bonds,True,The difference between the lowest ask price and the highest bid price.,"Mutual funds can invest in several assets, for example invest in both stocks and bonds",She has lent money to firm B,Between 5 and 10 years,12,9,2.25,3.0,Female,23,United States,high-school graduate,Economics,1,0,1,1,Weekly,Monthly,Cryptocurrencies,,,,,,,,,,,,,,,,1,1,4ovtf4e6,,,,,0
97,sb42c316,6983ab491e8425d0736b7da1,0,51,51,post_exp,FinalForProlific,2026-06-30 22:06:22.182988,1,,,107.43,97,,107.43,8,0.0,7,7,B,0.3491891978027123,More than $112,Less than today,The highest price a buyer is currently willing to pay.,Don't know / Not sure,Stocks,Increase,Savings accounts,Don't know / Not sure,Don't know / Not sure,Don't know / Not sure,She has lent money to firm B,Between 5 and 10 years,12,5,1.25,3.0,Male,24,United States,high-school graduate,Other,0,1,1,1,Less than once a month,Less than once a month,Cryptocurrencies,,,,,,,,,,,,,,,,1,1,4ovtf4e6,,,,,0
98,z2b81dec,633f4f203450d46b01e3d16b,0,51,51,post_exp,FinalForProlific,2026-06-30 22:06:24.634254,1,,,117.14,98,,117.14,7,0.0,6,1,A,0.2333203882992182,More than $112,Less than today,The highest price a buyer is currently willing to pay.,True,Stocks,Decrease,Stocks,True,The difference between the lowest ask price and the highest bid price.,"Mutual funds can invest in several assets, for example invest in both stocks and bonds",She has lent money to firm B,Never,12,12,3.0,3.0,Male,38,United States,undergraduate: 2nd year,Other,0,0,1,1,Weekly,Daily,Stocks,,,,,,,,,,,,,,,,1,1,4ovtf4e6,,,,,0
99,25utsixs,69fcef782d11d9b29973e124,0,51,51,post_exp,FinalForProlific,2026-06-30 22:08:25.312946,1,,,102.2,99,,102.2,5,0.0,5,3,A,0.2312766500838277,More than $112,Less than today,The highest price a buyer is currently willing to pay.,True,Stocks,Decrease,Stocks,True,The difference between the lowest ask price and the highest bid price.,"Mutual funds can invest in several assets, for example invest in both stocks and bonds",She has lent money to firm B,Never,12,12,3.0,3.0,Male,28,United Kingdom,undergraduate: 3d year,Economics,1,1,1,1,Weekly,Daily,Stocks,,,,,,,,,,,,,,,,1,1,4ovtf4e6,,,,,0
100,aui42o0h,6a1b2a09786935f8d30783b2,0,51,51,post_exp,FinalForProlific,2026-06-30 22:09:31.890154,1,,,145.98,100,,145.98,9,0.0,5,3,A,0.5161605189105511,More than $112,Less than today,The highest price a buyer is currently willing to pay.,True,Stocks,Decrease,Stocks,True,The difference between the lowest ask price and the highest bid price.,"Mutual funds can invest in several assets, for example invest in both stocks and bonds",She has lent money to firm B,Never,12,12,3.0,3.0,Male,20,United Kingdom,high-school graduate,Other,0,1,1,1,Weekly,Daily,Stocks,,,,,,,,,,,,,,,,1,1,4ovtf4e6,,,,,0
101,7xf3vpro,6a1a50fa286937d0fab68155,0,3,51,intro,comprehensionQuestions,2026-06-30 22:12:12.301096,1,,,0.0,101,,0.0,11,0.0,,,,,,,,,,,,,,,,,,,,,,,,,,,,,,,,,,,,,,,,,,,,,,,,1,1,4ovtf4e6,,,,,0
102,bbkgr8an,69fd8ab1f12667a1d32f9a68,0,51,51,post_exp,FinalForProlific,2026-06-30 22:24:57.766861,1,,,117.49,102,,117.49,4,0.0,8,10,B,0.8730018073478216,More than $112,Don't know / Not sure,The highest price a buyer is currently willing to pay.,False,Stocks,Don't know / Not sure,Stocks,True,The difference between the lowest ask price and the highest bid price.,"Mutual funds can invest in several assets, for example invest in both stocks and bonds",She is liable for the company's debts,Between 5 and 10 years,12,7,1.75,3.0,Female,27,Estonia,master,Other Management,0,1,1,1,Less than once a month,Less than once a month,Cryptocurrencies,,,,,,,,,,,,,,,,1,1,4ovtf4e6,,,,,0
103,jlkufhgl,6a0a278fad5ca2506415e526,0,51,51,post_exp,FinalForProlific,2026-06-30 22:34:36.919494,1,,,123.63,103,,123.63,7,0.0,7,6,A,0.13430823145061777,More than $112,Less than today,The price you personally choose when submitting a buy order.,True,Bonds,Decrease,Stocks,False,The difference between the lowest ask price and the highest bid price.,"Mutual funds can invest in several assets, for example invest in both stocks and bonds",She has lent money to firm B,Between 5 and 10 years,12,8,2.0,3.0,Male,23,United States,PhD,Other,1,0,1,1,Multiple times a day,Multiple times a day,Stocks,,,,,,,,,,,,,,,,1,1,4ovtf4e6,,,,,0
104,cgjtpjb8,6a122a5bce5ec1225ee62078,0,51,51,post_exp,FinalForProlific,2026-06-30 22:34:39.087752,1,,,128.48,104,,128.48,3,0.0,5,8,B,0.4099751702596445,More than $112,Less than today,The highest price a buyer is currently willing to pay.,True,Stocks,Decrease,Stocks,True,The difference between the lowest ask price and the highest bid price.,"Mutual funds can invest in several assets, for example invest in both stocks and bonds",She owns a part of firm B,Never,12,11,2.75,3.0,Male,39,Nigeria,undergraduate: 4th year,Finance,1,0,1,1,Monthly,Monthly,Stocks,,,,,,,,,,,,,,,,1,1,4ovtf4e6,,,,,0
105,3q5q3a1p,67139698ab79b82f8afd1e93,0,51,51,post_exp,FinalForProlific,2026-06-30 22:38:16.949684,1,,,107.87,105,,107.87,13,0.0,5,2,A,0.10798133652789921,Exactly $112,Less than today,The lowest price a seller is currently willing to accept.,False,Stocks,Increase,Bonds,False,The difference between the lowest ask price and the highest bid price.,Mutual funds pay a guaranteed rate of return which depends on their past performance,She owns a part of firm B,Less than 5 years,12,3,0.75,3.0,Male,31,United Kingdom,master,Other Management,0,1,1,1,Monthly,Weekly,Stocks,,,,,,,,,,,,,,,,1,1,4ovtf4e6,,,,,0
106,pu7ai8aj,676055469b245b53e81358d0,0,51,51,post_exp,FinalForProlific,2026-06-30 22:59:42.011795,1,,,114.72,106,,114.72,10,0.0,8,6,A,0.7694456638671464,More than $112,Less than today,The highest price a buyer is currently willing to pay.,True,Stocks,Decrease,Stocks,True,The difference between the lowest ask price and the highest bid price.,"Mutual funds can invest in several assets, for example invest in both stocks and bonds",She has lent money to firm B,Between 10 and 15 years,12,11,2.75,3.0,Male,22,United Kingdom,undergraduate: 4th year,Economics,1,1,1,1,Weekly,Daily,Stocks,,,,,,,,,,,,,,,,1,1,4ovtf4e6,,,,,0
107,empt5jxr,,0,0,51,,,,0,,,0.0,107,,0.0,7,0.0,,,,,,,,,,,,,,,,,,,,,,,,,,,,,,,,,,,,,,,,,,,,,,,,1,1,4ovtf4e6,,,,,0
108,q6xtl9t4,,0,0,51,,,,0,,,0.0,108,,0.0,11,0.0,,,,,,,,,,,,,,,,,,,,,,,,,,,,,,,,,,,,,,,,,,,,,,,,1,1,4ovtf4e6,,,,,0
109,8axi92xy,,0,0,51,,,,0,,,0.0,109,,0.0,14,0.0,,,,,,,,,,,,,,,,,,,,,,,,,,,,,,,,,,,,,,,,,,,,,,,,1,1,4ovtf4e6,,,,,0
110,sgtrhsf4,,0,0,51,,,,0,,,0.0,110,,0.0,12,0.0,,,,,,,,,,,,,,,,,,,,,,,,,,,,,,,,,,,,,,,,,,,,,,,,1,1,4ovtf4e6,,,,,0
111,zhg0kp6h,,0,0,51,,,,0,,,0.0,111,,0.0,4,0.0,,,,,,,,,,,,,,,,,,,,,,,,,,,,,,,,,,,,,,,,,,,,,,,,1,1,4ovtf4e6,,,,,0
112,pgmljm3h,,0,0,51,,,,0,,,0.0,112,,0.0,3,0.0,,,,,,,,,,,,,,,,,,,,,,,,,,,,,,,,,,,,,,,,,,,,,,,,1,1,4ovtf4e6,,,,,0
113,44f74z5v,,0,0,51,,,,0,,,0.0,113,,0.0,14,0.0,,,,,,,,,,,,,,,,,,,,,,,,,,,,,,,,,,,,,,,,,,,,,,,,1,1,4ovtf4e6,,,,,0
114,o6z90wjc,,0,0,51,,,,0,,,0.0,114,,0.0,6,0.0,,,,,,,,,,,,,,,,,,,,,,,,,,,,,,,,,,,,,,,,,,,,,,,,1,1,4ovtf4e6,,,,,0
115,wq0bgov8,,0,0,51,,,,0,,,0.0,115,,0.0,4,0.0,,,,,,,,,,,,,,,,,,,,,,,,,,,,,,,,,,,,,,,,,,,,,,,,1,1,4ovtf4e6,,,,,0
116,hc9ny6fk,,0,0,51,,,,0,,,0.0,116,,0.0,10,0.0,,,,,,,,,,,,,,,,,,,,,,,,,,,,,,,,,,,,,,,,,,,,,,,,1,1,4ovtf4e6,,,,,0
117,jicrwanj,,0,0,51,,,,0,,,0.0,117,,0.0,4,0.0,,,,,,,,,,,,,,,,,,,,,,,,,,,,,,,,,,,,,,,,,,,,,,,,1,1,4ovtf4e6,,,,,0
118,bkmn16zl,,0,0,51,,,,0,,,0.0,118,,0.0,9,0.0,,,,,,,,,,,,,,,,,,,,,,,,,,,,,,,,,,,,,,,,,,,,,,,,1,1,4ovtf4e6,,,,,0
119,gkqq5gw1,,0,0,51,,,,0,,,0.0,119,,0.0,13,0.0,,,,,,,,,,,,,,,,,,,,,,,,,,,,,,,,,,,,,,,,,,,,,,,,1,1,4ovtf4e6,,,,,0
120,a11qt04r,,0,0,51,,,,0,,,0.0,120,,0.0,11,0.0,,,,,,,,,,,,,,,,,,,,,,,,,,,,,,,,,,,,,,,,,,,,,,,,1,1,4ovtf4e6,,,,,0
121,bcz4d1a9,,0,0,51,,,,0,,,0.0,121,,0.0,8,0.0,,,,,,,,,,,,,,,,,,,,,,,,,,,,,,,,,,,,,,,,,,,,,,,,1,1,4ovtf4e6,,,,,0
122,4udf59fs,,0,0,51,,,,0,,,0.0,122,,0.0,11,0.0,,,,,,,,,,,,,,,,,,,,,,,,,,,,,,,,,,,,,,,,,,,,,,,,1,1,4ovtf4e6,,,,,0
123,fyhry06t,,0,0,51,,,,0,,,0.0,123,,0.0,5,0.0,,,,,,,,,,,,,,,,,,,,,,,,,,,,,,,,,,,,,,,,,,,,,,,,1,1,4ovtf4e6,,,,,0
124,h0x7pddg,,0,0,51,,,,0,,,0.0,124,,0.0,14,0.0,,,,,,,,,,,,,,,,,,,,,,,,,,,,,,,,,,,,,,,,,,,,,,,,1,1,4ovtf4e6,,,,,0
125,mcp9otpf,,0,0,51,,,,0,,,0.0,125,,0.0,6,0.0,,,,,,,,,,,,,,,,,,,,,,,,,,,,,,,,,,,,,,,,,,,,,,,,1,1,4ovtf4e6,,,,,0
126,o9vzigdo,,0,0,51,,,,0,,,0.0,126,,0.0,11,0.0,,,,,,,,,,,,,,,,,,,,,,,,,,,,,,,,,,,,,,,,,,,,,,,,1,1,4ovtf4e6,,,,,0
127,qvjy6g7z,,0,0,51,,,,0,,,0.0,127,,0.0,8,0.0,,,,,,,,,,,,,,,,,,,,,,,,,,,,,,,,,,,,,,,,,,,,,,,,1,1,4ovtf4e6,,,,,0
128,yoxy3hen,,0,0,51,,,,0,,,0.0,128,,0.0,8,0.0,,,,,,,,,,,,,,,,,,,,,,,,,,,,,,,,,,,,,,,,,,,,,,,,1,1,4ovtf4e6,,,,,0
129,nkszrdpo,,0,0,51,,,,0,,,0.0,129,,0.0,7,0.0,,,,,,,,,,,,,,,,,,,,,,,,,,,,,,,,,,,,,,,,,,,,,,,,1,1,4ovtf4e6,,,,,0
130,xd0euwan,,0,0,51,,,,0,,,0.0,130,,0.0,12,0.0,,,,,,,,,,,,,,,,,,,,,,,,,,,,,,,,,,,,,,,,,,,,,,,,1,1,4ovtf4e6,,,,,0
131,kojkjv3w,,0,0,51,,,,0,,,0.0,131,,0.0,5,0.0,,,,,,,,,,,,,,,,,,,,,,,,,,,,,,,,,,,,,,,,,,,,,,,,1,1,4ovtf4e6,,,,,0
132,8l8ohiiw,,0,0,51,,,,0,,,0.0,132,,0.0,8,0.0,,,,,,,,,,,,,,,,,,,,,,,,,,,,,,,,,,,,,,,,,,,,,,,,1,1,4ovtf4e6,,,,,0
133,5wh5ch8b,,0,0,51,,,,0,,,0.0,133,,0.0,8,0.0,,,,,,,,,,,,,,,,,,,,,,,,,,,,,,,,,,,,,,,,,,,,,,,,1,1,4ovtf4e6,,,,,0
134,brsei5iq,,0,0,51,,,,0,,,0.0,134,,0.0,11,0.0,,,,,,,,,,,,,,,,,,,,,,,,,,,,,,,,,,,,,,,,,,,,,,,,1,1,4ovtf4e6,,,,,0
135,jk1as0hn,,0,0,51,,,,0,,,0.0,135,,0.0,3,0.0,,,,,,,,,,,,,,,,,,,,,,,,,,,,,,,,,,,,,,,,,,,,,,,,1,1,4ovtf4e6,,,,,0
136,1bwwdoxh,,0,0,51,,,,0,,,0.0,136,,0.0,10,0.0,,,,,,,,,,,,,,,,,,,,,,,,,,,,,,,,,,,,,,,,,,,,,,,,1,1,4ovtf4e6,,,,,0
137,wx8pjfxj,,0,0,51,,,,0,,,0.0,137,,0.0,13,0.0,,,,,,,,,,,,,,,,,,,,,,,,,,,,,,,,,,,,,,,,,,,,,,,,1,1,4ovtf4e6,,,,,0
138,7xpiyqdp,,0,0,51,,,,0,,,0.0,138,,0.0,11,0.0,,,,,,,,,,,,,,,,,,,,,,,,,,,,,,,,,,,,,,,,,,,,,,,,1,1,4ovtf4e6,,,,,0
139,0fd45agn,,0,0,51,,,,0,,,0.0,139,,0.0,6,0.0,,,,,,,,,,,,,,,,,,,,,,,,,,,,,,,,,,,,,,,,,,,,,,,,1,1,4ovtf4e6,,,,,0
140,8dc83xzz,,0,0,51,,,,0,,,0.0,140,,0.0,8,0.0,,,,,,,,,,,,,,,,,,,,,,,,,,,,,,,,,,,,,,,,,,,,,,,,1,1,4ovtf4e6,,,,,0
141,3b4imotl,,0,0,51,,,,0,,,0.0,141,,0.0,11,0.0,,,,,,,,,,,,,,,,,,,,,,,,,,,,,,,,,,,,,,,,,,,,,,,,1,1,4ovtf4e6,,,,,0
142,ncadwl8g,,0,0,51,,,,0,,,0.0,142,,0.0,12,0.0,,,,,,,,,,,,,,,,,,,,,,,,,,,,,,,,,,,,,,,,,,,,,,,,1,1,4ovtf4e6,,,,,0
143,8qz5fka4,,0,0,51,,,,0,,,0.0,143,,0.0,8,0.0,,,,,,,,,,,,,,,,,,,,,,,,,,,,,,,,,,,,,,,,,,,,,,,,1,1,4ovtf4e6,,,,,0
144,oue9ub0l,,0,0,51,,,,0,,,0.0,144,,0.0,13,0.0,,,,,,,,,,,,,,,,,,,,,,,,,,,,,,,,,,,,,,,,,,,,,,,,1,1,4ovtf4e6,,,,,0
145,5d94hnuh,,0,0,51,,,,0,,,0.0,145,,0.0,13,0.0,,,,,,,,,,,,,,,,,,,,,,,,,,,,,,,,,,,,,,,,,,,,,,,,1,1,4ovtf4e6,,,,,0
146,180at29p,,0,0,51,,,,0,,,0.0,146,,0.0,5,0.0,,,,,,,,,,,,,,,,,,,,,,,,,,,,,,,,,,,,,,,,,,,,,,,,1,1,4ovtf4e6,,,,,0
147,upg03som,,0,0,51,,,,0,,,0.0,147,,0.0,9,0.0,,,,,,,,,,,,,,,,,,,,,,,,,,,,,,,,,,,,,,,,,,,,,,,,1,1,4ovtf4e6,,,,,0
148,4htrjkd8,,0,0,51,,,,0,,,0.0,148,,0.0,8,0.0,,,,,,,,,,,,,,,,,,,,,,,,,,,,,,,,,,,,,,,,,,,,,,,,1,1,4ovtf4e6,,,,,0
149,386lga7l,,0,0,51,,,,0,,,0.0,149,,0.0,13,0.0,,,,,,,,,,,,,,,,,,,,,,,,,,,,,,,,,,,,,,,,,,,,,,,,1,1,4ovtf4e6,,,,,0
150,ui5lszue,,0,0,51,,,,0,,,0.0,150,,0.0,13,0.0,,,,,,,,,,,,,,,,,,,,,,,,,,,,,,,,,,,,,,,,,,,,,,,,1,1,4ovtf4e6,,,,,0
151,9qkyepsk,,0,0,51,,,,0,,,0.0,151,,0.0,12,0.0,,,,,,,,,,,,,,,,,,,,,,,,,,,,,,,,,,,,,,,,,,,,,,,,1,1,4ovtf4e6,,,,,0
152,au78s6nm,,0,0,51,,,,0,,,0.0,152,,0.0,14,0.0,,,,,,,,,,,,,,,,,,,,,,,,,,,,,,,,,,,,,,,,,,,,,,,,1,1,4ovtf4e6,,,,,0
153,no68dura,,0,0,51,,,,0,,,0.0,153,,0.0,12,0.0,,,,,,,,,,,,,,,,,,,,,,,,,,,,,,,,,,,,,,,,,,,,,,,,1,1,4ovtf4e6,,,,,0
154,n7eiq6yu,,0,0,51,,,,0,,,0.0,154,,0.0,14,0.0,,,,,,,,,,,,,,,,,,,,,,,,,,,,,,,,,,,,,,,,,,,,,,,,1,1,4ovtf4e6,,,,,0
155,uiwj32nr,,0,0,51,,,,0,,,0.0,155,,0.0,8,0.0,,,,,,,,,,,,,,,,,,,,,,,,,,,,,,,,,,,,,,,,,,,,,,,,1,1,4ovtf4e6,,,,,0
156,8sgdy53v,,0,0,51,,,,0,,,0.0,156,,0.0,4,0.0,,,,,,,,,,,,,,,,,,,,,,,,,,,,,,,,,,,,,,,,,,,,,,,,1,1,4ovtf4e6,,,,,0
157,54xmygju,,0,0,51,,,,0,,,0.0,157,,0.0,4,0.0,,,,,,,,,,,,,,,,,,,,,,,,,,,,,,,,,,,,,,,,,,,,,,,,1,1,4ovtf4e6,,,,,0
158,jv6j9egd,,0,0,51,,,,0,,,0.0,158,,0.0,5,0.0,,,,,,,,,,,,,,,,,,,,,,,,,,,,,,,,,,,,,,,,,,,,,,,,1,1,4ovtf4e6,,,,,0
159,2gv7tbif,,0,0,51,,,,0,,,0.0,159,,0.0,7,0.0,,,,,,,,,,,,,,,,,,,,,,,,,,,,,,,,,,,,,,,,,,,,,,,,1,1,4ovtf4e6,,,,,0
160,olqtmkj7,,0,0,51,,,,0,,,0.0,160,,0.0,10,0.0,,,,,,,,,,,,,,,,,,,,,,,,,,,,,,,,,,,,,,,,,,,,,,,,1,1,4ovtf4e6,,,,,0
161,bl1blkrz,,0,0,51,,,,0,,,0.0,161,,0.0,8,0.0,,,,,,,,,,,,,,,,,,,,,,,,,,,,,,,,,,,,,,,,,,,,,,,,1,1,4ovtf4e6,,,,,0
162,5wh5a7kh,,0,0,51,,,,0,,,0.0,162,,0.0,13,0.0,,,,,,,,,,,,,,,,,,,,,,,,,,,,,,,,,,,,,,,,,,,,,,,,1,1,4ovtf4e6,,,,,0
163,eadgnrdz,,0,0,51,,,,0,,,0.0,163,,0.0,5,0.0,,,,,,,,,,,,,,,,,,,,,,,,,,,,,,,,,,,,,,,,,,,,,,,,1,1,4ovtf4e6,,,,,0
164,9alyej2q,,0,0,51,,,,0,,,0.0,164,,0.0,13,0.0,,,,,,,,,,,,,,,,,,,,,,,,,,,,,,,,,,,,,,,,,,,,,,,,1,1,4ovtf4e6,,,,,0
165,6owmwezp,,0,0,51,,,,0,,,0.0,165,,0.0,4,0.0,,,,,,,,,,,,,,,,,,,,,,,,,,,,,,,,,,,,,,,,,,,,,,,,1,1,4ovtf4e6,,,,,0
166,u9qbmekl,,0,0,51,,,,0,,,0.0,166,,0.0,3,0.0,,,,,,,,,,,,,,,,,,,,,,,,,,,,,,,,,,,,,,,,,,,,,,,,1,1,4ovtf4e6,,,,,0
167,f37zg7bi,,0,0,51,,,,0,,,0.0,167,,0.0,14,0.0,,,,,,,,,,,,,,,,,,,,,,,,,,,,,,,,,,,,,,,,,,,,,,,,1,1,4ovtf4e6,,,,,0
168,c0m6eoy6,,0,0,51,,,,0,,,0.0,168,,0.0,13,0.0,,,,,,,,,,,,,,,,,,,,,,,,,,,,,,,,,,,,,,,,,,,,,,,,1,1,4ovtf4e6,,,,,0
169,4cn5t2wz,,0,0,51,,,,0,,,0.0,169,,0.0,4,0.0,,,,,,,,,,,,,,,,,,,,,,,,,,,,,,,,,,,,,,,,,,,,,,,,1,1,4ovtf4e6,,,,,0
170,frgh5vy0,,0,0,51,,,,0,,,0.0,170,,0.0,12,0.0,,,,,,,,,,,,,,,,,,,,,,,,,,,,,,,,,,,,,,,,,,,,,,,,1,1,4ovtf4e6,,,,,0
171,mc7v3nsj,,0,0,51,,,,0,,,0.0,171,,0.0,9,0.0,,,,,,,,,,,,,,,,,,,,,,,,,,,,,,,,,,,,,,,,,,,,,,,,1,1,4ovtf4e6,,,,,0
172,iix1qf60,,0,0,51,,,,0,,,0.0,172,,0.0,11,0.0,,,,,,,,,,,,,,,,,,,,,,,,,,,,,,,,,,,,,,,,,,,,,,,,1,1,4ovtf4e6,,,,,0
173,pn9u8swk,,0,0,51,,,,0,,,0.0,173,,0.0,11,0.0,,,,,,,,,,,,,,,,,,,,,,,,,,,,,,,,,,,,,,,,,,,,,,,,1,1,4ovtf4e6,,,,,0
174,kgrq8gv3,,0,0,51,,,,0,,,0.0,174,,0.0,11,0.0,,,,,,,,,,,,,,,,,,,,,,,,,,,,,,,,,,,,,,,,,,,,,,,,1,1,4ovtf4e6,,,,,0
175,shrfyy03,,0,0,51,,,,0,,,0.0,175,,0.0,4,0.0,,,,,,,,,,,,,,,,,,,,,,,,,,,,,,,,,,,,,,,,,,,,,,,,1,1,4ovtf4e6,,,,,0
176,hrso9jvt,,0,0,51,,,,0,,,0.0,176,,0.0,7,0.0,,,,,,,,,,,,,,,,,,,,,,,,,,,,,,,,,,,,,,,,,,,,,,,,1,1,4ovtf4e6,,,,,0
177,cdaapubl,,0,0,51,,,,0,,,0.0,177,,0.0,9,0.0,,,,,,,,,,,,,,,,,,,,,,,,,,,,,,,,,,,,,,,,,,,,,,,,1,1,4ovtf4e6,,,,,0
178,kb2n8tjw,,0,0,51,,,,0,,,0.0,178,,0.0,5,0.0,,,,,,,,,,,,,,,,,,,,,,,,,,,,,,,,,,,,,,,,,,,,,,,,1,1,4ovtf4e6,,,,,0
179,jrvwkowz,,0,0,51,,,,0,,,0.0,179,,0.0,9,0.0,,,,,,,,,,,,,,,,,,,,,,,,,,,,,,,,,,,,,,,,,,,,,,,,1,1,4ovtf4e6,,,,,0
180,mzg4rsab,,0,0,51,,,,0,,,0.0,180,,0.0,7,0.0,,,,,,,,,,,,,,,,,,,,,,,,,,,,,,,,,,,,,,,,,,,,,,,,1,1,4ovtf4e6,,,,,0
181,y63g2nbe,,0,0,51,,,,0,,,0.0,181,,0.0,9,0.0,,,,,,,,,,,,,,,,,,,,,,,,,,,,,,,,,,,,,,,,,,,,,,,,1,1,4ovtf4e6,,,,,0
182,dyb35bmg,,0,0,51,,,,0,,,0.0,182,,0.0,9,0.0,,,,,,,,,,,,,,,,,,,,,,,,,,,,,,,,,,,,,,,,,,,,,,,,1,1,4ovtf4e6,,,,,0
183,6ik1j23r,,0,0,51,,,,0,,,0.0,183,,0.0,13,0.0,,,,,,,,,,,,,,,,,,,,,,,,,,,,,,,,,,,,,,,,,,,,,,,,1,1,4ovtf4e6,,,,,0
184,19dg0pgu,,0,0,51,,,,0,,,0.0,184,,0.0,12,0.0,,,,,,,,,,,,,,,,,,,,,,,,,,,,,,,,,,,,,,,,,,,,,,,,1,1,4ovtf4e6,,,,,0
185,e7diadii,,0,0,51,,,,0,,,0.0,185,,0.0,8,0.0,,,,,,,,,,,,,,,,,,,,,,,,,,,,,,,,,,,,,,,,,,,,,,,,1,1,4ovtf4e6,,,,,0
186,wwq9jh56,,0,0,51,,,,0,,,0.0,186,,0.0,11,0.0,,,,,,,,,,,,,,,,,,,,,,,,,,,,,,,,,,,,,,,,,,,,,,,,1,1,4ovtf4e6,,,,,0
187,rf113wla,,0,0,51,,,,0,,,0.0,187,,0.0,14,0.0,,,,,,,,,,,,,,,,,,,,,,,,,,,,,,,,,,,,,,,,,,,,,,,,1,1,4ovtf4e6,,,,,0
188,7c5hd259,,0,0,51,,,,0,,,0.0,188,,0.0,4,0.0,,,,,,,,,,,,,,,,,,,,,,,,,,,,,,,,,,,,,,,,,,,,,,,,1,1,4ovtf4e6,,,,,0
189,9ipk5yx6,,0,0,51,,,,0,,,0.0,189,,0.0,7,0.0,,,,,,,,,,,,,,,,,,,,,,,,,,,,,,,,,,,,,,,,,,,,,,,,1,1,4ovtf4e6,,,,,0
190,ud5gt1r1,,0,0,51,,,,0,,,0.0,190,,0.0,9,0.0,,,,,,,,,,,,,,,,,,,,,,,,,,,,,,,,,,,,,,,,,,,,,,,,1,1,4ovtf4e6,,,,,0
191,hu5hnhwi,,0,0,51,,,,0,,,0.0,191,,0.0,13,0.0,,,,,,,,,,,,,,,,,,,,,,,,,,,,,,,,,,,,,,,,,,,,,,,,1,1,4ovtf4e6,,,,,0
192,fljw0g3r,,0,0,51,,,,0,,,0.0,192,,0.0,10,0.0,,,,,,,,,,,,,,,,,,,,,,,,,,,,,,,,,,,,,,,,,,,,,,,,1,1,4ovtf4e6,,,,,0
193,d8jb782p,,0,0,51,,,,0,,,0.0,193,,0.0,13,0.0,,,,,,,,,,,,,,,,,,,,,,,,,,,,,,,,,,,,,,,,,,,,,,,,1,1,4ovtf4e6,,,,,0
194,th15gsj3,,0,0,51,,,,0,,,0.0,194,,0.0,11,0.0,,,,,,,,,,,,,,,,,,,,,,,,,,,,,,,,,,,,,,,,,,,,,,,,1,1,4ovtf4e6,,,,,0
195,b4abt4d2,,0,0,51,,,,0,,,0.0,195,,0.0,14,0.0,,,,,,,,,,,,,,,,,,,,,,,,,,,,,,,,,,,,,,,,,,,,,,,,1,1,4ovtf4e6,,,,,0
196,mgbaz11c,,0,0,51,,,,0,,,0.0,196,,0.0,5,0.0,,,,,,,,,,,,,,,,,,,,,,,,,,,,,,,,,,,,,,,,,,,,,,,,1,1,4ovtf4e6,,,,,0
197,4k58nzo4,,0,0,51,,,,0,,,0.0,197,,0.0,8,0.0,,,,,,,,,,,,,,,,,,,,,,,,,,,,,,,,,,,,,,,,,,,,,,,,1,1,4ovtf4e6,,,,,0
198,lre4jukv,,0,0,51,,,,0,,,0.0,198,,0.0,11,0.0,,,,,,,,,,,,,,,,,,,,,,,,,,,,,,,,,,,,,,,,,,,,,,,,1,1,4ovtf4e6,,,,,0
199,x8mi934k,,0,0,51,,,,0,,,0.0,199,,0.0,7,0.0,,,,,,,,,,,,,,,,,,,,,,,,,,,,,,,,,,,,,,,,,,,,,,,,1,1,4ovtf4e6,,,,,0
200,u9wmxovs,,0,0,51,,,,0,,,0.0,200,,0.0,12,0.0,,,,,,,,,,,,,,,,,,,,,,,,,,,,,,,,,,,,,,,,,,,,,,,,1,1,4ovtf4e6,,,,,0
201,mo9ajgnb,,0,0,51,,,,0,,,0.0,201,,0.0,14,0.0,,,,,,,,,,,,,,,,,,,,,,,,,,,,,,,,,,,,,,,,,,,,,,,,1,1,4ovtf4e6,,,,,0
202,rokbrag5,,0,0,51,,,,0,,,0.0,202,,0.0,4,0.0,,,,,,,,,,,,,,,,,,,,,,,,,,,,,,,,,,,,,,,,,,,,,,,,1,1,4ovtf4e6,,,,,0
203,d9r2ddc6,,0,0,51,,,,0,,,0.0,203,,0.0,6,0.0,,,,,,,,,,,,,,,,,,,,,,,,,,,,,,,,,,,,,,,,,,,,,,,,1,1,4ovtf4e6,,,,,0
204,pg14ynx8,,0,0,51,,,,0,,,0.0,204,,0.0,13,0.0,,,,,,,,,,,,,,,,,,,,,,,,,,,,,,,,,,,,,,,,,,,,,,,,1,1,4ovtf4e6,,,,,0
205,qplhefqz,,0,0,51,,,,0,,,0.0,205,,0.0,13,0.0,,,,,,,,,,,,,,,,,,,,,,,,,,,,,,,,,,,,,,,,,,,,,,,,1,1,4ovtf4e6,,,,,0
206,kr00jji0,,0,0,51,,,,0,,,0.0,206,,0.0,14,0.0,,,,,,,,,,,,,,,,,,,,,,,,,,,,,,,,,,,,,,,,,,,,,,,,1,1,4ovtf4e6,,,,,0
207,3j6nae4d,,0,0,51,,,,0,,,0.0,207,,0.0,5,0.0,,,,,,,,,,,,,,,,,,,,,,,,,,,,,,,,,,,,,,,,,,,,,,,,1,1,4ovtf4e6,,,,,0
208,6uptz9rw,,0,0,51,,,,0,,,0.0,208,,0.0,7,0.0,,,,,,,,,,,,,,,,,,,,,,,,,,,,,,,,,,,,,,,,,,,,,,,,1,1,4ovtf4e6,,,,,0
209,gosz35ee,,0,0,51,,,,0,,,0.0,209,,0.0,4,0.0,,,,,,,,,,,,,,,,,,,,,,,,,,,,,,,,,,,,,,,,,,,,,,,,1,1,4ovtf4e6,,,,,0
210,r4d6q527,,0,0,51,,,,0,,,0.0,210,,0.0,13,0.0,,,,,,,,,,,,,,,,,,,,,,,,,,,,,,,,,,,,,,,,,,,,,,,,1,1,4ovtf4e6,,,,,0
211,0gq9krp6,,0,0,51,,,,0,,,0.0,211,,0.0,10,0.0,,,,,,,,,,,,,,,,,,,,,,,,,,,,,,,,,,,,,,,,,,,,,,,,1,1,4ovtf4e6,,,,,0
212,6zbvxh8z,,0,0,51,,,,0,,,0.0,212,,0.0,5,0.0,,,,,,,,,,,,,,,,,,,,,,,,,,,,,,,,,,,,,,,,,,,,,,,,1,1,4ovtf4e6,,,,,0
213,5i0fkqll,,0,0,51,,,,0,,,0.0,213,,0.0,11,0.0,,,,,,,,,,,,,,,,,,,,,,,,,,,,,,,,,,,,,,,,,,,,,,,,1,1,4ovtf4e6,,,,,0
214,kwyz6dlo,,0,0,51,,,,0,,,0.0,214,,0.0,8,0.0,,,,,,,,,,,,,,,,,,,,,,,,,,,,,,,,,,,,,,,,,,,,,,,,1,1,4ovtf4e6,,,,,0
215,vbeyq2u9,,0,0,51,,,,0,,,0.0,215,,0.0,10,0.0,,,,,,,,,,,,,,,,,,,,,,,,,,,,,,,,,,,,,,,,,,,,,,,,1,1,4ovtf4e6,,,,,0
216,kky22ljs,,0,0,51,,,,0,,,0.0,216,,0.0,7,0.0,,,,,,,,,,,,,,,,,,,,,,,,,,,,,,,,,,,,,,,,,,,,,,,,1,1,4ovtf4e6,,,,,0
217,nwehptih,,0,0,51,,,,0,,,0.0,217,,0.0,6,0.0,,,,,,,,,,,,,,,,,,,,,,,,,,,,,,,,,,,,,,,,,,,,,,,,1,1,4ovtf4e6,,,,,0
218,zu0rxtqg,,0,0,51,,,,0,,,0.0,218,,0.0,5,0.0,,,,,,,,,,,,,,,,,,,,,,,,,,,,,,,,,,,,,,,,,,,,,,,,1,1,4ovtf4e6,,,,,0
219,ofmkfuii,,0,0,51,,,,0,,,0.0,219,,0.0,13,0.0,,,,,,,,,,,,,,,,,,,,,,,,,,,,,,,,,,,,,,,,,,,,,,,,1,1,4ovtf4e6,,,,,0
220,cs434ggj,,0,0,51,,,,0,,,0.0,220,,0.0,4,0.0,,,,,,,,,,,,,,,,,,,,,,,,,,,,,,,,,,,,,,,,,,,,,,,,1,1,4ovtf4e6,,,,,0
221,plm72jq5,,0,0,51,,,,0,,,0.0,221,,0.0,13,0.0,,,,,,,,,,,,,,,,,,,,,,,,,,,,,,,,,,,,,,,,,,,,,,,,1,1,4ovtf4e6,,,,,0
222,az8ahe9f,,0,0,51,,,,0,,,0.0,222,,0.0,10,0.0,,,,,,,,,,,,,,,,,,,,,,,,,,,,,,,,,,,,,,,,,,,,,,,,1,1,4ovtf4e6,,,,,0
223,mfl6drjc,,0,0,51,,,,0,,,0.0,223,,0.0,14,0.0,,,,,,,,,,,,,,,,,,,,,,,,,,,,,,,,,,,,,,,,,,,,,,,,1,1,4ovtf4e6,,,,,0
224,36vr14dq,,0,0,51,,,,0,,,0.0,224,,0.0,5,0.0,,,,,,,,,,,,,,,,,,,,,,,,,,,,,,,,,,,,,,,,,,,,,,,,1,1,4ovtf4e6,,,,,0
225,c4gasw5v,,0,0,51,,,,0,,,0.0,225,,0.0,6,0.0,,,,,,,,,,,,,,,,,,,,,,,,,,,,,,,,,,,,,,,,,,,,,,,,1,1,4ovtf4e6,,,,,0
226,wztopl4d,,0,0,51,,,,0,,,0.0,226,,0.0,14,0.0,,,,,,,,,,,,,,,,,,,,,,,,,,,,,,,,,,,,,,,,,,,,,,,,1,1,4ovtf4e6,,,,,0
227,es3n6gin,,0,0,51,,,,0,,,0.0,227,,0.0,7,0.0,,,,,,,,,,,,,,,,,,,,,,,,,,,,,,,,,,,,,,,,,,,,,,,,1,1,4ovtf4e6,,,,,0
228,fxwdpfzt,,0,0,51,,,,0,,,0.0,228,,0.0,14,0.0,,,,,,,,,,,,,,,,,,,,,,,,,,,,,,,,,,,,,,,,,,,,,,,,1,1,4ovtf4e6,,,,,0
229,rvini76r,,0,0,51,,,,0,,,0.0,229,,0.0,13,0.0,,,,,,,,,,,,,,,,,,,,,,,,,,,,,,,,,,,,,,,,,,,,,,,,1,1,4ovtf4e6,,,,,0
230,i5wijqdb,,0,0,51,,,,0,,,0.0,230,,0.0,13,0.0,,,,,,,,,,,,,,,,,,,,,,,,,,,,,,,,,,,,,,,,,,,,,,,,1,1,4ovtf4e6,,,,,0
231,wuyyu1iw,,0,0,51,,,,0,,,0.0,231,,0.0,11,0.0,,,,,,,,,,,,,,,,,,,,,,,,,,,,,,,,,,,,,,,,,,,,,,,,1,1,4ovtf4e6,,,,,0
232,mxb2r6bz,,0,0,51,,,,0,,,0.0,232,,0.0,5,0.0,,,,,,,,,,,,,,,,,,,,,,,,,,,,,,,,,,,,,,,,,,,,,,,,1,1,4ovtf4e6,,,,,0
233,kt2678mm,,0,0,51,,,,0,,,0.0,233,,0.0,3,0.0,,,,,,,,,,,,,,,,,,,,,,,,,,,,,,,,,,,,,,,,,,,,,,,,1,1,4ovtf4e6,,,,,0
234,0pefpqaj,,0,0,51,,,,0,,,0.0,234,,0.0,9,0.0,,,,,,,,,,,,,,,,,,,,,,,,,,,,,,,,,,,,,,,,,,,,,,,,1,1,4ovtf4e6,,,,,0
235,dcewsmte,,0,0,51,,,,0,,,0.0,235,,0.0,8,0.0,,,,,,,,,,,,,,,,,,,,,,,,,,,,,,,,,,,,,,,,,,,,,,,,1,1,4ovtf4e6,,,,,0
236,3mlci048,,0,0,51,,,,0,,,0.0,236,,0.0,13,0.0,,,,,,,,,,,,,,,,,,,,,,,,,,,,,,,,,,,,,,,,,,,,,,,,1,1,4ovtf4e6,,,,,0
237,b693zpzp,,0,0,51,,,,0,,,0.0,237,,0.0,13,0.0,,,,,,,,,,,,,,,,,,,,,,,,,,,,,,,,,,,,,,,,,,,,,,,,1,1,4ovtf4e6,,,,,0
238,bygvq5lp,,0,0,51,,,,0,,,0.0,238,,0.0,3,0.0,,,,,,,,,,,,,,,,,,,,,,,,,,,,,,,,,,,,,,,,,,,,,,,,1,1,4ovtf4e6,,,,,0
239,0u2b05vb,,0,0,51,,,,0,,,0.0,239,,0.0,7,0.0,,,,,,,,,,,,,,,,,,,,,,,,,,,,,,,,,,,,,,,,,,,,,,,,1,1,4ovtf4e6,,,,,0
240,n1910r50,,0,0,51,,,,0,,,0.0,240,,0.0,7,0.0,,,,,,,,,,,,,,,,,,,,,,,,,,,,,,,,,,,,,,,,,,,,,,,,1,1,4ovtf4e6,,,,,0
241,3pps4as4,,0,0,51,,,,0,,,0.0,241,,0.0,4,0.0,,,,,,,,,,,,,,,,,,,,,,,,,,,,,,,,,,,,,,,,,,,,,,,,1,1,4ovtf4e6,,,,,0
242,janqo2gx,,0,0,51,,,,0,,,0.0,242,,0.0,6,0.0,,,,,,,,,,,,,,,,,,,,,,,,,,,,,,,,,,,,,,,,,,,,,,,,1,1,4ovtf4e6,,,,,0
243,eihel04u,,0,0,51,,,,0,,,0.0,243,,0.0,12,0.0,,,,,,,,,,,,,,,,,,,,,,,,,,,,,,,,,,,,,,,,,,,,,,,,1,1,4ovtf4e6,,,,,0
244,z37x5kyo,,0,0,51,,,,0,,,0.0,244,,0.0,6,0.0,,,,,,,,,,,,,,,,,,,,,,,,,,,,,,,,,,,,,,,,,,,,,,,,1,1,4ovtf4e6,,,,,0
245,dp6foypf,,0,0,51,,,,0,,,0.0,245,,0.0,10,0.0,,,,,,,,,,,,,,,,,,,,,,,,,,,,,,,,,,,,,,,,,,,,,,,,1,1,4ovtf4e6,,,,,0
246,s00eet6a,,0,0,51,,,,0,,,0.0,246,,0.0,8,0.0,,,,,,,,,,,,,,,,,,,,,,,,,,,,,,,,,,,,,,,,,,,,,,,,1,1,4ovtf4e6,,,,,0
247,y18xtul2,,0,0,51,,,,0,,,0.0,247,,0.0,14,0.0,,,,,,,,,,,,,,,,,,,,,,,,,,,,,,,,,,,,,,,,,,,,,,,,1,1,4ovtf4e6,,,,,0
248,ybe7ktoo,,0,0,51,,,,0,,,0.0,248,,0.0,14,0.0,,,,,,,,,,,,,,,,,,,,,,,,,,,,,,,,,,,,,,,,,,,,,,,,1,1,4ovtf4e6,,,,,0
249,wjxvbno6,,0,0,51,,,,0,,,0.0,249,,0.0,6,0.0,,,,,,,,,,,,,,,,,,,,,,,,,,,,,,,,,,,,,,,,,,,,,,,,1,1,4ovtf4e6,,,,,0
250,i6tdpw7z,,0,0,51,,,,0,,,0.0,250,,0.0,5,0.0,,,,,,,,,,,,,,,,,,,,,,,,,,,,,,,,,,,,,,,,,,,,,,,,1,1,4ovtf4e6,,,,,0
251,frcyhh1r,,0,0,51,,,,0,,,0.0,251,,0.0,8,0.0,,,,,,,,,,,,,,,,,,,,,,,,,,,,,,,,,,,,,,,,,,,,,,,,1,1,4ovtf4e6,,,,,0
252,5bdc6j6g,,0,0,51,,,,0,,,0.0,252,,0.0,13,0.0,,,,,,,,,,,,,,,,,,,,,,,,,,,,,,,,,,,,,,,,,,,,,,,,1,1,4ovtf4e6,,,,,0
253,lz60um56,,0,0,51,,,,0,,,0.0,253,,0.0,11,0.0,,,,,,,,,,,,,,,,,,,,,,,,,,,,,,,,,,,,,,,,,,,,,,,,1,1,4ovtf4e6,,,,,0
254,92bed6l2,,0,0,51,,,,0,,,0.0,254,,0.0,11,0.0,,,,,,,,,,,,,,,,,,,,,,,,,,,,,,,,,,,,,,,,,,,,,,,,1,1,4ovtf4e6,,,,,0
255,uukew8xi,,0,0,51,,,,0,,,0.0,255,,0.0,7,0.0,,,,,,,,,,,,,,,,,,,,,,,,,,,,,,,,,,,,,,,,,,,,,,,,1,1,4ovtf4e6,,,,,0
256,mtn6v9vm,,0,0,51,,,,0,,,0.0,256,,0.0,14,0.0,,,,,,,,,,,,,,,,,,,,,,,,,,,,,,,,,,,,,,,,,,,,,,,,1,1,4ovtf4e6,,,,,0
257,4etyzy1o,,0,0,51,,,,0,,,0.0,257,,0.0,9,0.0,,,,,,,,,,,,,,,,,,,,,,,,,,,,,,,,,,,,,,,,,,,,,,,,1,1,4ovtf4e6,,,,,0
258,936zrwu6,,0,0,51,,,,0,,,0.0,258,,0.0,8,0.0,,,,,,,,,,,,,,,,,,,,,,,,,,,,,,,,,,,,,,,,,,,,,,,,1,1,4ovtf4e6,,,,,0
259,9d5cugya,,0,0,51,,,,0,,,0.0,259,,0.0,13,0.0,,,,,,,,,,,,,,,,,,,,,,,,,,,,,,,,,,,,,,,,,,,,,,,,1,1,4ovtf4e6,,,,,0
260,xlz2o5zh,,0,0,51,,,,0,,,0.0,260,,0.0,13,0.0,,,,,,,,,,,,,,,,,,,,,,,,,,,,,,,,,,,,,,,,,,,,,,,,1,1,4ovtf4e6,,,,,0
261,i5q4s4gt,,0,0,51,,,,0,,,0.0,261,,0.0,5,0.0,,,,,,,,,,,,,,,,,,,,,,,,,,,,,,,,,,,,,,,,,,,,,,,,1,1,4ovtf4e6,,,,,0
262,0mvlaqay,,0,0,51,,,,0,,,0.0,262,,0.0,12,0.0,,,,,,,,,,,,,,,,,,,,,,,,,,,,,,,,,,,,,,,,,,,,,,,,1,1,4ovtf4e6,,,,,0
263,vm81dptn,,0,0,51,,,,0,,,0.0,263,,0.0,11,0.0,,,,,,,,,,,,,,,,,,,,,,,,,,,,,,,,,,,,,,,,,,,,,,,,1,1,4ovtf4e6,,,,,0
264,d9hhmm2g,,0,0,51,,,,0,,,0.0,264,,0.0,13,0.0,,,,,,,,,,,,,,,,,,,,,,,,,,,,,,,,,,,,,,,,,,,,,,,,1,1,4ovtf4e6,,,,,0
265,mc8qzjml,,0,0,51,,,,0,,,0.0,265,,0.0,5,0.0,,,,,,,,,,,,,,,,,,,,,,,,,,,,,,,,,,,,,,,,,,,,,,,,1,1,4ovtf4e6,,,,,0
266,tg4anugg,,0,0,51,,,,0,,,0.0,266,,0.0,9,0.0,,,,,,,,,,,,,,,,,,,,,,,,,,,,,,,,,,,,,,,,,,,,,,,,1,1,4ovtf4e6,,,,,0
267,s1savqwm,,0,0,51,,,,0,,,0.0,267,,0.0,12,0.0,,,,,,,,,,,,,,,,,,,,,,,,,,,,,,,,,,,,,,,,,,,,,,,,1,1,4ovtf4e6,,,,,0
268,6hw9819a,,0,0,51,,,,0,,,0.0,268,,0.0,9,0.0,,,,,,,,,,,,,,,,,,,,,,,,,,,,,,,,,,,,,,,,,,,,,,,,1,1,4ovtf4e6,,,,,0
269,1xjdm4yg,,0,0,51,,,,0,,,0.0,269,,0.0,13,0.0,,,,,,,,,,,,,,,,,,,,,,,,,,,,,,,,,,,,,,,,,,,,,,,,1,1,4ovtf4e6,,,,,0
270,tt6wirdw,,0,0,51,,,,0,,,0.0,270,,0.0,6,0.0,,,,,,,,,,,,,,,,,,,,,,,,,,,,,,,,,,,,,,,,,,,,,,,,1,1,4ovtf4e6,,,,,0
271,hnru9acc,,0,0,51,,,,0,,,0.0,271,,0.0,6,0.0,,,,,,,,,,,,,,,,,,,,,,,,,,,,,,,,,,,,,,,,,,,,,,,,1,1,4ovtf4e6,,,,,0
272,e6bzr0a6,,0,0,51,,,,0,,,0.0,272,,0.0,9,0.0,,,,,,,,,,,,,,,,,,,,,,,,,,,,,,,,,,,,,,,,,,,,,,,,1,1,4ovtf4e6,,,,,0
273,tn3aolsw,,0,0,51,,,,0,,,0.0,273,,0.0,7,0.0,,,,,,,,,,,,,,,,,,,,,,,,,,,,,,,,,,,,,,,,,,,,,,,,1,1,4ovtf4e6,,,,,0
274,6gits0nv,,0,0,51,,,,0,,,0.0,274,,0.0,8,0.0,,,,,,,,,,,,,,,,,,,,,,,,,,,,,,,,,,,,,,,,,,,,,,,,1,1,4ovtf4e6,,,,,0
275,3m4fs8rt,,0,0,51,,,,0,,,0.0,275,,0.0,6,0.0,,,,,,,,,,,,,,,,,,,,,,,,,,,,,,,,,,,,,,,,,,,,,,,,1,1,4ovtf4e6,,,,,0
276,9xh7ajk3,,0,0,51,,,,0,,,0.0,276,,0.0,6,0.0,,,,,,,,,,,,,,,,,,,,,,,,,,,,,,,,,,,,,,,,,,,,,,,,1,1,4ovtf4e6,,,,,0
277,mv8s4pjd,,0,0,51,,,,0,,,0.0,277,,0.0,10,0.0,,,,,,,,,,,,,,,,,,,,,,,,,,,,,,,,,,,,,,,,,,,,,,,,1,1,4ovtf4e6,,,,,0
278,0lbj8a0w,,0,0,51,,,,0,,,0.0,278,,0.0,9,0.0,,,,,,,,,,,,,,,,,,,,,,,,,,,,,,,,,,,,,,,,,,,,,,,,1,1,4ovtf4e6,,,,,0
279,3yq0f32e,,0,0,51,,,,0,,,0.0,279,,0.0,10,0.0,,,,,,,,,,,,,,,,,,,,,,,,,,,,,,,,,,,,,,,,,,,,,,,,1,1,4ovtf4e6,,,,,0
280,rhcafqgo,,0,0,51,,,,0,,,0.0,280,,0.0,3,0.0,,,,,,,,,,,,,,,,,,,,,,,,,,,,,,,,,,,,,,,,,,,,,,,,1,1,4ovtf4e6,,,,,0
281,82cagtr7,,0,0,51,,,,0,,,0.0,281,,0.0,7,0.0,,,,,,,,,,,,,,,,,,,,,,,,,,,,,,,,,,,,,,,,,,,,,,,,1,1,4ovtf4e6,,,,,0
282,szeyuf3y,,0,0,51,,,,0,,,0.0,282,,0.0,9,0.0,,,,,,,,,,,,,,,,,,,,,,,,,,,,,,,,,,,,,,,,,,,,,,,,1,1,4ovtf4e6,,,,,0
283,5lz6ifb4,,0,0,51,,,,0,,,0.0,283,,0.0,10,0.0,,,,,,,,,,,,,,,,,,,,,,,,,,,,,,,,,,,,,,,,,,,,,,,,1,1,4ovtf4e6,,,,,0
284,hewhkdzp,,0,0,51,,,,0,,,0.0,284,,0.0,10,0.0,,,,,,,,,,,,,,,,,,,,,,,,,,,,,,,,,,,,,,,,,,,,,,,,1,1,4ovtf4e6,,,,,0
285,cr8epsty,,0,0,51,,,,0,,,0.0,285,,0.0,7,0.0,,,,,,,,,,,,,,,,,,,,,,,,,,,,,,,,,,,,,,,,,,,,,,,,1,1,4ovtf4e6,,,,,0
286,x2f8c6qf,,0,0,51,,,,0,,,0.0,286,,0.0,4,0.0,,,,,,,,,,,,,,,,,,,,,,,,,,,,,,,,,,,,,,,,,,,,,,,,1,1,4ovtf4e6,,,,,0
287,rptyh8x8,,0,0,51,,,,0,,,0.0,287,,0.0,4,0.0,,,,,,,,,,,,,,,,,,,,,,,,,,,,,,,,,,,,,,,,,,,,,,,,1,1,4ovtf4e6,,,,,0
288,0jnvguv6,,0,0,51,,,,0,,,0.0,288,,0.0,10,0.0,,,,,,,,,,,,,,,,,,,,,,,,,,,,,,,,,,,,,,,,,,,,,,,,1,1,4ovtf4e6,,,,,0
289,fv2z5weg,,0,0,51,,,,0,,,0.0,289,,0.0,13,0.0,,,,,,,,,,,,,,,,,,,,,,,,,,,,,,,,,,,,,,,,,,,,,,,,1,1,4ovtf4e6,,,,,0
290,it4aabtf,,0,0,51,,,,0,,,0.0,290,,0.0,9,0.0,,,,,,,,,,,,,,,,,,,,,,,,,,,,,,,,,,,,,,,,,,,,,,,,1,1,4ovtf4e6,,,,,0
291,5au6gkax,,0,0,51,,,,0,,,0.0,291,,0.0,9,0.0,,,,,,,,,,,,,,,,,,,,,,,,,,,,,,,,,,,,,,,,,,,,,,,,1,1,4ovtf4e6,,,,,0
292,geb51jtj,,0,0,51,,,,0,,,0.0,292,,0.0,14,0.0,,,,,,,,,,,,,,,,,,,,,,,,,,,,,,,,,,,,,,,,,,,,,,,,1,1,4ovtf4e6,,,,,0
293,oyrz0xue,,0,0,51,,,,0,,,0.0,293,,0.0,12,0.0,,,,,,,,,,,,,,,,,,,,,,,,,,,,,,,,,,,,,,,,,,,,,,,,1,1,4ovtf4e6,,,,,0
294,yl5geoia,,0,0,51,,,,0,,,0.0,294,,0.0,11,0.0,,,,,,,,,,,,,,,,,,,,,,,,,,,,,,,,,,,,,,,,,,,,,,,,1,1,4ovtf4e6,,,,,0
295,3wem7jjm,,0,0,51,,,,0,,,0.0,295,,0.0,11,0.0,,,,,,,,,,,,,,,,,,,,,,,,,,,,,,,,,,,,,,,,,,,,,,,,1,1,4ovtf4e6,,,,,0
296,gj0su5pu,,0,0,51,,,,0,,,0.0,296,,0.0,9,0.0,,,,,,,,,,,,,,,,,,,,,,,,,,,,,,,,,,,,,,,,,,,,,,,,1,1,4ovtf4e6,,,,,0
297,o88oq9ir,,0,0,51,,,,0,,,0.0,297,,0.0,6,0.0,,,,,,,,,,,,,,,,,,,,,,,,,,,,,,,,,,,,,,,,,,,,,,,,1,1,4ovtf4e6,,,,,0
298,tgtgllfu,,0,0,51,,,,0,,,0.0,298,,0.0,4,0.0,,,,,,,,,,,,,,,,,,,,,,,,,,,,,,,,,,,,,,,,,,,,,,,,1,1,4ovtf4e6,,,,,0
299,tak8o1tl,,0,0,51,,,,0,,,0.0,299,,0.0,13,0.0,,,,,,,,,,,,,,,,,,,,,,,,,,,,,,,,,,,,,,,,,,,,,,,,1,1,4ovtf4e6,,,,,0
300,1675xbtb,,0,0,51,,,,0,,,0.0,300,,0.0,9,0.0,,,,,,,,,,,,,,,,,,,,,,,,,,,,,,,,,,,,,,,,,,,,,,,,1,1,4ovtf4e6,,,,,0
301,vb22cx5l,,0,0,51,,,,0,,,0.0,301,,0.0,6,0.0,,,,,,,,,,,,,,,,,,,,,,,,,,,,,,,,,,,,,,,,,,,,,,,,1,1,4ovtf4e6,,,,,0
302,pduc7vfj,,0,0,51,,,,0,,,0.0,302,,0.0,4,0.0,,,,,,,,,,,,,,,,,,,,,,,,,,,,,,,,,,,,,,,,,,,,,,,,1,1,4ovtf4e6,,,,,0
303,smqwtj3o,,0,0,51,,,,0,,,0.0,303,,0.0,9,0.0,,,,,,,,,,,,,,,,,,,,,,,,,,,,,,,,,,,,,,,,,,,,,,,,1,1,4ovtf4e6,,,,,0
304,y701qjjo,,0,0,51,,,,0,,,0.0,304,,0.0,8,0.0,,,,,,,,,,,,,,,,,,,,,,,,,,,,,,,,,,,,,,,,,,,,,,,,1,1,4ovtf4e6,,,,,0
305,clcf9gpk,,0,0,51,,,,0,,,0.0,305,,0.0,4,0.0,,,,,,,,,,,,,,,,,,,,,,,,,,,,,,,,,,,,,,,,,,,,,,,,1,1,4ovtf4e6,,,,,0
306,efliis34,,0,0,51,,,,0,,,0.0,306,,0.0,5,0.0,,,,,,,,,,,,,,,,,,,,,,,,,,,,,,,,,,,,,,,,,,,,,,,,1,1,4ovtf4e6,,,,,0
307,su93umc6,,0,0,51,,,,0,,,0.0,307,,0.0,11,0.0,,,,,,,,,,,,,,,,,,,,,,,,,,,,,,,,,,,,,,,,,,,,,,,,1,1,4ovtf4e6,,,,,0
308,znft5ae8,,0,0,51,,,,0,,,0.0,308,,0.0,12,0.0,,,,,,,,,,,,,,,,,,,,,,,,,,,,,,,,,,,,,,,,,,,,,,,,1,1,4ovtf4e6,,,,,0
309,pw3yfq50,,0,0,51,,,,0,,,0.0,309,,0.0,4,0.0,,,,,,,,,,,,,,,,,,,,,,,,,,,,,,,,,,,,,,,,,,,,,,,,1,1,4ovtf4e6,,,,,0
310,dxphaf8v,,0,0,51,,,,0,,,0.0,310,,0.0,14,0.0,,,,,,,,,,,,,,,,,,,,,,,,,,,,,,,,,,,,,,,,,,,,,,,,1,1,4ovtf4e6,,,,,0
311,xgitodnb,,0,0,51,,,,0,,,0.0,311,,0.0,8,0.0,,,,,,,,,,,,,,,,,,,,,,,,,,,,,,,,,,,,,,,,,,,,,,,,1,1,4ovtf4e6,,,,,0
312,dr1orw4o,,0,0,51,,,,0,,,0.0,312,,0.0,6,0.0,,,,,,,,,,,,,,,,,,,,,,,,,,,,,,,,,,,,,,,,,,,,,,,,1,1,4ovtf4e6,,,,,0
313,7ip65zok,,0,0,51,,,,0,,,0.0,313,,0.0,7,0.0,,,,,,,,,,,,,,,,,,,,,,,,,,,,,,,,,,,,,,,,,,,,,,,,1,1,4ovtf4e6,,,,,0
314,brvqf3ps,,0,0,51,,,,0,,,0.0,314,,0.0,12,0.0,,,,,,,,,,,,,,,,,,,,,,,,,,,,,,,,,,,,,,,,,,,,,,,,1,1,4ovtf4e6,,,,,0
315,d2dq0ol5,,0,0,51,,,,0,,,0.0,315,,0.0,7,0.0,,,,,,,,,,,,,,,,,,,,,,,,,,,,,,,,,,,,,,,,,,,,,,,,1,1,4ovtf4e6,,,,,0
316,286wkofv,,0,0,51,,,,0,,,0.0,316,,0.0,14,0.0,,,,,,,,,,,,,,,,,,,,,,,,,,,,,,,,,,,,,,,,,,,,,,,,1,1,4ovtf4e6,,,,,0
317,0xlewu7w,,0,0,51,,,,0,,,0.0,317,,0.0,8,0.0,,,,,,,,,,,,,,,,,,,,,,,,,,,,,,,,,,,,,,,,,,,,,,,,1,1,4ovtf4e6,,,,,0
318,db2o8lsk,,0,0,51,,,,0,,,0.0,318,,0.0,3,0.0,,,,,,,,,,,,,,,,,,,,,,,,,,,,,,,,,,,,,,,,,,,,,,,,1,1,4ovtf4e6,,,,,0
319,wu9849xy,,0,0,51,,,,0,,,0.0,319,,0.0,11,0.0,,,,,,,,,,,,,,,,,,,,,,,,,,,,,,,,,,,,,,,,,,,,,,,,1,1,4ovtf4e6,,,,,0
320,5rdsxxfq,,0,0,51,,,,0,,,0.0,320,,0.0,3,0.0,,,,,,,,,,,,,,,,,,,,,,,,,,,,,,,,,,,,,,,,,,,,,,,,1,1,4ovtf4e6,,,,,0
321,s7x0bk2v,,0,0,51,,,,0,,,0.0,321,,0.0,7,0.0,,,,,,,,,,,,,,,,,,,,,,,,,,,,,,,,,,,,,,,,,,,,,,,,1,1,4ovtf4e6,,,,,0
322,qqwahmqq,,0,0,51,,,,0,,,0.0,322,,0.0,12,0.0,,,,,,,,,,,,,,,,,,,,,,,,,,,,,,,,,,,,,,,,,,,,,,,,1,1,4ovtf4e6,,,,,0
323,emx1ydq1,,0,0,51,,,,0,,,0.0,323,,0.0,13,0.0,,,,,,,,,,,,,,,,,,,,,,,,,,,,,,,,,,,,,,,,,,,,,,,,1,1,4ovtf4e6,,,,,0
324,4sg0glov,,0,0,51,,,,0,,,0.0,324,,0.0,10,0.0,,,,,,,,,,,,,,,,,,,,,,,,,,,,,,,,,,,,,,,,,,,,,,,,1,1,4ovtf4e6,,,,,0
325,ofakv96s,,0,0,51,,,,0,,,0.0,325,,0.0,14,0.0,,,,,,,,,,,,,,,,,,,,,,,,,,,,,,,,,,,,,,,,,,,,,,,,1,1,4ovtf4e6,,,,,0
326,70g2cyy4,,0,0,51,,,,0,,,0.0,326,,0.0,4,0.0,,,,,,,,,,,,,,,,,,,,,,,,,,,,,,,,,,,,,,,,,,,,,,,,1,1,4ovtf4e6,,,,,0
327,3p74owsb,,0,0,51,,,,0,,,0.0,327,,0.0,3,0.0,,,,,,,,,,,,,,,,,,,,,,,,,,,,,,,,,,,,,,,,,,,,,,,,1,1,4ovtf4e6,,,,,0
328,4ta8yws6,,0,0,51,,,,0,,,0.0,328,,0.0,12,0.0,,,,,,,,,,,,,,,,,,,,,,,,,,,,,,,,,,,,,,,,,,,,,,,,1,1,4ovtf4e6,,,,,0
329,l4sl4f4k,,0,0,51,,,,0,,,0.0,329,,0.0,10,0.0,,,,,,,,,,,,,,,,,,,,,,,,,,,,,,,,,,,,,,,,,,,,,,,,1,1,4ovtf4e6,,,,,0
330,8t8wp06f,,0,0,51,,,,0,,,0.0,330,,0.0,11,0.0,,,,,,,,,,,,,,,,,,,,,,,,,,,,,,,,,,,,,,,,,,,,,,,,1,1,4ovtf4e6,,,,,0
331,gstdypg7,,0,0,51,,,,0,,,0.0,331,,0.0,8,0.0,,,,,,,,,,,,,,,,,,,,,,,,,,,,,,,,,,,,,,,,,,,,,,,,1,1,4ovtf4e6,,,,,0
332,7q1wm10q,,0,0,51,,,,0,,,0.0,332,,0.0,7,0.0,,,,,,,,,,,,,,,,,,,,,,,,,,,,,,,,,,,,,,,,,,,,,,,,1,1,4ovtf4e6,,,,,0
333,mpeoo49z,,0,0,51,,,,0,,,0.0,333,,0.0,8,0.0,,,,,,,,,,,,,,,,,,,,,,,,,,,,,,,,,,,,,,,,,,,,,,,,1,1,4ovtf4e6,,,,,0
334,rrpqftjr,,0,0,51,,,,0,,,0.0,334,,0.0,6,0.0,,,,,,,,,,,,,,,,,,,,,,,,,,,,,,,,,,,,,,,,,,,,,,,,1,1,4ovtf4e6,,,,,0
335,hzj77j11,,0,0,51,,,,0,,,0.0,335,,0.0,13,0.0,,,,,,,,,,,,,,,,,,,,,,,,,,,,,,,,,,,,,,,,,,,,,,,,1,1,4ovtf4e6,,,,,0
336,n297hsq4,,0,0,51,,,,0,,,0.0,336,,0.0,14,0.0,,,,,,,,,,,,,,,,,,,,,,,,,,,,,,,,,,,,,,,,,,,,,,,,1,1,4ovtf4e6,,,,,0
337,422fj6fw,,0,0,51,,,,0,,,0.0,337,,0.0,14,0.0,,,,,,,,,,,,,,,,,,,,,,,,,,,,,,,,,,,,,,,,,,,,,,,,1,1,4ovtf4e6,,,,,0
338,jrp6cjhs,,0,0,51,,,,0,,,0.0,338,,0.0,6,0.0,,,,,,,,,,,,,,,,,,,,,,,,,,,,,,,,,,,,,,,,,,,,,,,,1,1,4ovtf4e6,,,,,0
339,7acaj3ju,,0,0,51,,,,0,,,0.0,339,,0.0,8,0.0,,,,,,,,,,,,,,,,,,,,,,,,,,,,,,,,,,,,,,,,,,,,,,,,1,1,4ovtf4e6,,,,,0
340,qz78h0bj,,0,0,51,,,,0,,,0.0,340,,0.0,10,0.0,,,,,,,,,,,,,,,,,,,,,,,,,,,,,,,,,,,,,,,,,,,,,,,,1,1,4ovtf4e6,,,,,0
341,xjcbkrkv,,0,0,51,,,,0,,,0.0,341,,0.0,8,0.0,,,,,,,,,,,,,,,,,,,,,,,,,,,,,,,,,,,,,,,,,,,,,,,,1,1,4ovtf4e6,,,,,0
342,2y69tpfw,,0,0,51,,,,0,,,0.0,342,,0.0,3,0.0,,,,,,,,,,,,,,,,,,,,,,,,,,,,,,,,,,,,,,,,,,,,,,,,1,1,4ovtf4e6,,,,,0
343,u63oexg3,,0,0,51,,,,0,,,0.0,343,,0.0,10,0.0,,,,,,,,,,,,,,,,,,,,,,,,,,,,,,,,,,,,,,,,,,,,,,,,1,1,4ovtf4e6,,,,,0
344,d2sophzs,,0,0,51,,,,0,,,0.0,344,,0.0,4,0.0,,,,,,,,,,,,,,,,,,,,,,,,,,,,,,,,,,,,,,,,,,,,,,,,1,1,4ovtf4e6,,,,,0
345,5hihh6mg,,0,0,51,,,,0,,,0.0,345,,0.0,9,0.0,,,,,,,,,,,,,,,,,,,,,,,,,,,,,,,,,,,,,,,,,,,,,,,,1,1,4ovtf4e6,,,,,0
346,43c32y7w,,0,0,51,,,,0,,,0.0,346,,0.0,7,0.0,,,,,,,,,,,,,,,,,,,,,,,,,,,,,,,,,,,,,,,,,,,,,,,,1,1,4ovtf4e6,,,,,0
347,d0jv53ta,,0,0,51,,,,0,,,0.0,347,,0.0,4,0.0,,,,,,,,,,,,,,,,,,,,,,,,,,,,,,,,,,,,,,,,,,,,,,,,1,1,4ovtf4e6,,,,,0
348,3z8bf9c3,,0,0,51,,,,0,,,0.0,348,,0.0,5,0.0,,,,,,,,,,,,,,,,,,,,,,,,,,,,,,,,,,,,,,,,,,,,,,,,1,1,4ovtf4e6,,,,,0
349,t16sxslc,,0,0,51,,,,0,,,0.0,349,,0.0,7,0.0,,,,,,,,,,,,,,,,,,,,,,,,,,,,,,,,,,,,,,,,,,,,,,,,1,1,4ovtf4e6,,,,,0
350,d3bnf31m,,0,0,51,,,,0,,,0.0,350,,0.0,8,0.0,,,,,,,,,,,,,,,,,,,,,,,,,,,,,,,,,,,,,,,,,,,,,,,,1,1,4ovtf4e6,,,,,0
351,xs48r4c7,,0,0,51,,,,0,,,0.0,351,,0.0,5,0.0,,,,,,,,,,,,,,,,,,,,,,,,,,,,,,,,,,,,,,,,,,,,,,,,1,1,4ovtf4e6,,,,,0
352,ahgm2ojy,,0,0,51,,,,0,,,0.0,352,,0.0,11,0.0,,,,,,,,,,,,,,,,,,,,,,,,,,,,,,,,,,,,,,,,,,,,,,,,1,1,4ovtf4e6,,,,,0
353,lwrza2p1,,0,0,51,,,,0,,,0.0,353,,0.0,13,0.0,,,,,,,,,,,,,,,,,,,,,,,,,,,,,,,,,,,,,,,,,,,,,,,,1,1,4ovtf4e6,,,,,0
354,g212ua9y,,0,0,51,,,,0,,,0.0,354,,0.0,11,0.0,,,,,,,,,,,,,,,,,,,,,,,,,,,,,,,,,,,,,,,,,,,,,,,,1,1,4ovtf4e6,,,,,0
355,vos9ccnu,,0,0,51,,,,0,,,0.0,355,,0.0,8,0.0,,,,,,,,,,,,,,,,,,,,,,,,,,,,,,,,,,,,,,,,,,,,,,,,1,1,4ovtf4e6,,,,,0
356,80q7ju7y,,0,0,51,,,,0,,,0.0,356,,0.0,13,0.0,,,,,,,,,,,,,,,,,,,,,,,,,,,,,,,,,,,,,,,,,,,,,,,,1,1,4ovtf4e6,,,,,0
357,4uwzywt7,,0,0,51,,,,0,,,0.0,357,,0.0,5,0.0,,,,,,,,,,,,,,,,,,,,,,,,,,,,,,,,,,,,,,,,,,,,,,,,1,1,4ovtf4e6,,,,,0
358,dre290tv,,0,0,51,,,,0,,,0.0,358,,0.0,13,0.0,,,,,,,,,,,,,,,,,,,,,,,,,,,,,,,,,,,,,,,,,,,,,,,,1,1,4ovtf4e6,,,,,0
359,bkfdz28u,,0,0,51,,,,0,,,0.0,359,,0.0,4,0.0,,,,,,,,,,,,,,,,,,,,,,,,,,,,,,,,,,,,,,,,,,,,,,,,1,1,4ovtf4e6,,,,,0
360,0l20swq6,,0,0,51,,,,0,,,0.0,360,,0.0,11,0.0,,,,,,,,,,,,,,,,,,,,,,,,,,,,,,,,,,,,,,,,,,,,,,,,1,1,4ovtf4e6,,,,,0
361,1wydni6p,,0,0,51,,,,0,,,0.0,361,,0.0,9,0.0,,,,,,,,,,,,,,,,,,,,,,,,,,,,,,,,,,,,,,,,,,,,,,,,1,1,4ovtf4e6,,,,,0
362,q71u43w2,,0,0,51,,,,0,,,0.0,362,,0.0,8,0.0,,,,,,,,,,,,,,,,,,,,,,,,,,,,,,,,,,,,,,,,,,,,,,,,1,1,4ovtf4e6,,,,,0
363,h3xnmki9,,0,0,51,,,,0,,,0.0,363,,0.0,4,0.0,,,,,,,,,,,,,,,,,,,,,,,,,,,,,,,,,,,,,,,,,,,,,,,,1,1,4ovtf4e6,,,,,0
364,3x2b6owm,,0,0,51,,,,0,,,0.0,364,,0.0,12,0.0,,,,,,,,,,,,,,,,,,,,,,,,,,,,,,,,,,,,,,,,,,,,,,,,1,1,4ovtf4e6,,,,,0
365,snl7ttwj,,0,0,51,,,,0,,,0.0,365,,0.0,12,0.0,,,,,,,,,,,,,,,,,,,,,,,,,,,,,,,,,,,,,,,,,,,,,,,,1,1,4ovtf4e6,,,,,0
366,2m1gep9s,,0,0,51,,,,0,,,0.0,366,,0.0,13,0.0,,,,,,,,,,,,,,,,,,,,,,,,,,,,,,,,,,,,,,,,,,,,,,,,1,1,4ovtf4e6,,,,,0
367,k265hs6r,,0,0,51,,,,0,,,0.0,367,,0.0,4,0.0,,,,,,,,,,,,,,,,,,,,,,,,,,,,,,,,,,,,,,,,,,,,,,,,1,1,4ovtf4e6,,,,,0
368,0ukvparh,,0,0,51,,,,0,,,0.0,368,,0.0,8,0.0,,,,,,,,,,,,,,,,,,,,,,,,,,,,,,,,,,,,,,,,,,,,,,,,1,1,4ovtf4e6,,,,,0
369,3i29uqvo,,0,0,51,,,,0,,,0.0,369,,0.0,13,0.0,,,,,,,,,,,,,,,,,,,,,,,,,,,,,,,,,,,,,,,,,,,,,,,,1,1,4ovtf4e6,,,,,0
370,ygpumaw7,,0,0,51,,,,0,,,0.0,370,,0.0,13,0.0,,,,,,,,,,,,,,,,,,,,,,,,,,,,,,,,,,,,,,,,,,,,,,,,1,1,4ovtf4e6,,,,,0
371,7m33ak1v,,0,0,51,,,,0,,,0.0,371,,0.0,13,0.0,,,,,,,,,,,,,,,,,,,,,,,,,,,,,,,,,,,,,,,,,,,,,,,,1,1,4ovtf4e6,,,,,0
372,8b98snmj,,0,0,51,,,,0,,,0.0,372,,0.0,8,0.0,,,,,,,,,,,,,,,,,,,,,,,,,,,,,,,,,,,,,,,,,,,,,,,,1,1,4ovtf4e6,,,,,0
373,hw4pccrj,,0,0,51,,,,0,,,0.0,373,,0.0,11,0.0,,,,,,,,,,,,,,,,,,,,,,,,,,,,,,,,,,,,,,,,,,,,,,,,1,1,4ovtf4e6,,,,,0
374,f8p9ivna,,0,0,51,,,,0,,,0.0,374,,0.0,10,0.0,,,,,,,,,,,,,,,,,,,,,,,,,,,,,,,,,,,,,,,,,,,,,,,,1,1,4ovtf4e6,,,,,0
375,o7ysb72y,,0,0,51,,,,0,,,0.0,375,,0.0,7,0.0,,,,,,,,,,,,,,,,,,,,,,,,,,,,,,,,,,,,,,,,,,,,,,,,1,1,4ovtf4e6,,,,,0
376,2bpyrkp7,,0,0,51,,,,0,,,0.0,376,,0.0,12,0.0,,,,,,,,,,,,,,,,,,,,,,,,,,,,,,,,,,,,,,,,,,,,,,,,1,1,4ovtf4e6,,,,,0
377,5b0y5xxi,,0,0,51,,,,0,,,0.0,377,,0.0,4,0.0,,,,,,,,,,,,,,,,,,,,,,,,,,,,,,,,,,,,,,,,,,,,,,,,1,1,4ovtf4e6,,,,,0
378,5l7er2vu,,0,0,51,,,,0,,,0.0,378,,0.0,10,0.0,,,,,,,,,,,,,,,,,,,,,,,,,,,,,,,,,,,,,,,,,,,,,,,,1,1,4ovtf4e6,,,,,0
379,1174yafx,,0,0,51,,,,0,,,0.0,379,,0.0,9,0.0,,,,,,,,,,,,,,,,,,,,,,,,,,,,,,,,,,,,,,,,,,,,,,,,1,1,4ovtf4e6,,,,,0
380,cjueeqwh,,0,0,51,,,,0,,,0.0,380,,0.0,5,0.0,,,,,,,,,,,,,,,,,,,,,,,,,,,,,,,,,,,,,,,,,,,,,,,,1,1,4ovtf4e6,,,,,0
381,dse7rupd,,0,0,51,,,,0,,,0.0,381,,0.0,9,0.0,,,,,,,,,,,,,,,,,,,,,,,,,,,,,,,,,,,,,,,,,,,,,,,,1,1,4ovtf4e6,,,,,0
382,wfojvogy,,0,0,51,,,,0,,,0.0,382,,0.0,6,0.0,,,,,,,,,,,,,,,,,,,,,,,,,,,,,,,,,,,,,,,,,,,,,,,,1,1,4ovtf4e6,,,,,0
383,vucm1504,,0,0,51,,,,0,,,0.0,383,,0.0,8,0.0,,,,,,,,,,,,,,,,,,,,,,,,,,,,,,,,,,,,,,,,,,,,,,,,1,1,4ovtf4e6,,,,,0
384,8lm3gfus,,0,0,51,,,,0,,,0.0,384,,0.0,14,0.0,,,,,,,,,,,,,,,,,,,,,,,,,,,,,,,,,,,,,,,,,,,,,,,,1,1,4ovtf4e6,,,,,0
385,z5mcudw3,,0,0,51,,,,0,,,0.0,385,,0.0,11,0.0,,,,,,,,,,,,,,,,,,,,,,,,,,,,,,,,,,,,,,,,,,,,,,,,1,1,4ovtf4e6,,,,,0
386,wz4lgsa2,,0,0,51,,,,0,,,0.0,386,,0.0,5,0.0,,,,,,,,,,,,,,,,,,,,,,,,,,,,,,,,,,,,,,,,,,,,,,,,1,1,4ovtf4e6,,,,,0
387,0gwexcvf,,0,0,51,,,,0,,,0.0,387,,0.0,9,0.0,,,,,,,,,,,,,,,,,,,,,,,,,,,,,,,,,,,,,,,,,,,,,,,,1,1,4ovtf4e6,,,,,0
388,xpsmzget,,0,0,51,,,,0,,,0.0,388,,0.0,8,0.0,,,,,,,,,,,,,,,,,,,,,,,,,,,,,,,,,,,,,,,,,,,,,,,,1,1,4ovtf4e6,,,,,0
389,qketrljr,,0,0,51,,,,0,,,0.0,389,,0.0,5,0.0,,,,,,,,,,,,,,,,,,,,,,,,,,,,,,,,,,,,,,,,,,,,,,,,1,1,4ovtf4e6,,,,,0
390,wfocbo0l,,0,0,51,,,,0,,,0.0,390,,0.0,8,0.0,,,,,,,,,,,,,,,,,,,,,,,,,,,,,,,,,,,,,,,,,,,,,,,,1,1,4ovtf4e6,,,,,0
391,revgyv3b,,0,0,51,,,,0,,,0.0,391,,0.0,14,0.0,,,,,,,,,,,,,,,,,,,,,,,,,,,,,,,,,,,,,,,,,,,,,,,,1,1,4ovtf4e6,,,,,0
392,pc2q68i0,,0,0,51,,,,0,,,0.0,392,,0.0,9,0.0,,,,,,,,,,,,,,,,,,,,,,,,,,,,,,,,,,,,,,,,,,,,,,,,1,1,4ovtf4e6,,,,,0
393,me33d8cu,,0,0,51,,,,0,,,0.0,393,,0.0,5,0.0,,,,,,,,,,,,,,,,,,,,,,,,,,,,,,,,,,,,,,,,,,,,,,,,1,1,4ovtf4e6,,,,,0
394,z4ex76ai,,0,0,51,,,,0,,,0.0,394,,0.0,7,0.0,,,,,,,,,,,,,,,,,,,,,,,,,,,,,,,,,,,,,,,,,,,,,,,,1,1,4ovtf4e6,,,,,0
395,xglaznd7,,0,0,51,,,,0,,,0.0,395,,0.0,5,0.0,,,,,,,,,,,,,,,,,,,,,,,,,,,,,,,,,,,,,,,,,,,,,,,,1,1,4ovtf4e6,,,,,0
396,p32arw91,,0,0,51,,,,0,,,0.0,396,,0.0,7,0.0,,,,,,,,,,,,,,,,,,,,,,,,,,,,,,,,,,,,,,,,,,,,,,,,1,1,4ovtf4e6,,,,,0
397,l6fl3ywr,,0,0,51,,,,0,,,0.0,397,,0.0,6,0.0,,,,,,,,,,,,,,,,,,,,,,,,,,,,,,,,,,,,,,,,,,,,,,,,1,1,4ovtf4e6,,,,,0
398,22q576dg,,0,0,51,,,,0,,,0.0,398,,0.0,9,0.0,,,,,,,,,,,,,,,,,,,,,,,,,,,,,,,,,,,,,,,,,,,,,,,,1,1,4ovtf4e6,,,,,0
399,o63cm2f4,,0,0,51,,,,0,,,0.0,399,,0.0,13,0.0,,,,,,,,,,,,,,,,,,,,,,,,,,,,,,,,,,,,,,,,,,,,,,,,1,1,4ovtf4e6,,,,,0
400,bkh6mgm5,,0,0,51,,,,0,,,0.0,400,,0.0,11,0.0,,,,,,,,,,,,,,,,,,,,,,,,,,,,,,,,,,,,,,,,,,,,,,,,1,1,4ovtf4e6,,,,,0
401,vr6lbp3o,,0,0,51,,,,0,,,0.0,401,,0.0,8,0.0,,,,,,,,,,,,,,,,,,,,,,,,,,,,,,,,,,,,,,,,,,,,,,,,1,1,4ovtf4e6,,,,,0
402,d2ievu0t,,0,0,51,,,,0,,,0.0,402,,0.0,12,0.0,,,,,,,,,,,,,,,,,,,,,,,,,,,,,,,,,,,,,,,,,,,,,,,,1,1,4ovtf4e6,,,,,0
403,ok9nzrc8,,0,0,51,,,,0,,,0.0,403,,0.0,12,0.0,,,,,,,,,,,,,,,,,,,,,,,,,,,,,,,,,,,,,,,,,,,,,,,,1,1,4ovtf4e6,,,,,0
404,o0fktyo7,,0,0,51,,,,0,,,0.0,404,,0.0,9,0.0,,,,,,,,,,,,,,,,,,,,,,,,,,,,,,,,,,,,,,,,,,,,,,,,1,1,4ovtf4e6,,,,,0
405,v83soxur,,0,0,51,,,,0,,,0.0,405,,0.0,5,0.0,,,,,,,,,,,,,,,,,,,,,,,,,,,,,,,,,,,,,,,,,,,,,,,,1,1,4ovtf4e6,,,,,0
406,n53dhd6w,,0,0,51,,,,0,,,0.0,406,,0.0,11,0.0,,,,,,,,,,,,,,,,,,,,,,,,,,,,,,,,,,,,,,,,,,,,,,,,1,1,4ovtf4e6,,,,,0
407,mkqbfnbn,,0,0,51,,,,0,,,0.0,407,,0.0,13,0.0,,,,,,,,,,,,,,,,,,,,,,,,,,,,,,,,,,,,,,,,,,,,,,,,1,1,4ovtf4e6,,,,,0
408,rxophiaq,,0,0,51,,,,0,,,0.0,408,,0.0,10,0.0,,,,,,,,,,,,,,,,,,,,,,,,,,,,,,,,,,,,,,,,,,,,,,,,1,1,4ovtf4e6,,,,,0
409,3l16pveo,,0,0,51,,,,0,,,0.0,409,,0.0,11,0.0,,,,,,,,,,,,,,,,,,,,,,,,,,,,,,,,,,,,,,,,,,,,,,,,1,1,4ovtf4e6,,,,,0
410,d786vtoo,,0,0,51,,,,0,,,0.0,410,,0.0,8,0.0,,,,,,,,,,,,,,,,,,,,,,,,,,,,,,,,,,,,,,,,,,,,,,,,1,1,4ovtf4e6,,,,,0
411,pqqurelk,,0,0,51,,,,0,,,0.0,411,,0.0,8,0.0,,,,,,,,,,,,,,,,,,,,,,,,,,,,,,,,,,,,,,,,,,,,,,,,1,1,4ovtf4e6,,,,,0
412,zlq5fngd,,0,0,51,,,,0,,,0.0,412,,0.0,14,0.0,,,,,,,,,,,,,,,,,,,,,,,,,,,,,,,,,,,,,,,,,,,,,,,,1,1,4ovtf4e6,,,,,0
413,ub01klmf,,0,0,51,,,,0,,,0.0,413,,0.0,9,0.0,,,,,,,,,,,,,,,,,,,,,,,,,,,,,,,,,,,,,,,,,,,,,,,,1,1,4ovtf4e6,,,,,0
414,td67sd1n,,0,0,51,,,,0,,,0.0,414,,0.0,14,0.0,,,,,,,,,,,,,,,,,,,,,,,,,,,,,,,,,,,,,,,,,,,,,,,,1,1,4ovtf4e6,,,,,0
415,pib42jkw,,0,0,51,,,,0,,,0.0,415,,0.0,4,0.0,,,,,,,,,,,,,,,,,,,,,,,,,,,,,,,,,,,,,,,,,,,,,,,,1,1,4ovtf4e6,,,,,0
416,iamduspb,,0,0,51,,,,0,,,0.0,416,,0.0,11,0.0,,,,,,,,,,,,,,,,,,,,,,,,,,,,,,,,,,,,,,,,,,,,,,,,1,1,4ovtf4e6,,,,,0
417,926afx55,,0,0,51,,,,0,,,0.0,417,,0.0,14,0.0,,,,,,,,,,,,,,,,,,,,,,,,,,,,,,,,,,,,,,,,,,,,,,,,1,1,4ovtf4e6,,,,,0
418,i21bucm0,,0,0,51,,,,0,,,0.0,418,,0.0,11,0.0,,,,,,,,,,,,,,,,,,,,,,,,,,,,,,,,,,,,,,,,,,,,,,,,1,1,4ovtf4e6,,,,,0
419,lt8m79r6,,0,0,51,,,,0,,,0.0,419,,0.0,13,0.0,,,,,,,,,,,,,,,,,,,,,,,,,,,,,,,,,,,,,,,,,,,,,,,,1,1,4ovtf4e6,,,,,0
420,cubza75h,,0,0,51,,,,0,,,0.0,420,,0.0,6,0.0,,,,,,,,,,,,,,,,,,,,,,,,,,,,,,,,,,,,,,,,,,,,,,,,1,1,4ovtf4e6,,,,,0
421,f2h6pf9t,,0,0,51,,,,0,,,0.0,421,,0.0,6,0.0,,,,,,,,,,,,,,,,,,,,,,,,,,,,,,,,,,,,,,,,,,,,,,,,1,1,4ovtf4e6,,,,,0
422,b3l50iuh,,0,0,51,,,,0,,,0.0,422,,0.0,10,0.0,,,,,,,,,,,,,,,,,,,,,,,,,,,,,,,,,,,,,,,,,,,,,,,,1,1,4ovtf4e6,,,,,0
423,ir02ujpg,,0,0,51,,,,0,,,0.0,423,,0.0,8,0.0,,,,,,,,,,,,,,,,,,,,,,,,,,,,,,,,,,,,,,,,,,,,,,,,1,1,4ovtf4e6,,,,,0
424,ydothw3n,,0,0,51,,,,0,,,0.0,424,,0.0,13,0.0,,,,,,,,,,,,,,,,,,,,,,,,,,,,,,,,,,,,,,,,,,,,,,,,1,1,4ovtf4e6,,,,,0
425,7qmgjccx,,0,0,51,,,,0,,,0.0,425,,0.0,11,0.0,,,,,,,,,,,,,,,,,,,,,,,,,,,,,,,,,,,,,,,,,,,,,,,,1,1,4ovtf4e6,,,,,0
426,q1okelqf,,0,0,51,,,,0,,,0.0,426,,0.0,4,0.0,,,,,,,,,,,,,,,,,,,,,,,,,,,,,,,,,,,,,,,,,,,,,,,,1,1,4ovtf4e6,,,,,0
427,mo601ifv,,0,0,51,,,,0,,,0.0,427,,0.0,12,0.0,,,,,,,,,,,,,,,,,,,,,,,,,,,,,,,,,,,,,,,,,,,,,,,,1,1,4ovtf4e6,,,,,0
428,n8s3loa5,,0,0,51,,,,0,,,0.0,428,,0.0,11,0.0,,,,,,,,,,,,,,,,,,,,,,,,,,,,,,,,,,,,,,,,,,,,,,,,1,1,4ovtf4e6,,,,,0
429,jk3wbdgw,,0,0,51,,,,0,,,0.0,429,,0.0,9,0.0,,,,,,,,,,,,,,,,,,,,,,,,,,,,,,,,,,,,,,,,,,,,,,,,1,1,4ovtf4e6,,,,,0
430,dmdc9lic,,0,0,51,,,,0,,,0.0,430,,0.0,14,0.0,,,,,,,,,,,,,,,,,,,,,,,,,,,,,,,,,,,,,,,,,,,,,,,,1,1,4ovtf4e6,,,,,0
431,poa9fxsx,,0,0,51,,,,0,,,0.0,431,,0.0,11,0.0,,,,,,,,,,,,,,,,,,,,,,,,,,,,,,,,,,,,,,,,,,,,,,,,1,1,4ovtf4e6,,,,,0
432,0gwwpt2m,,0,0,51,,,,0,,,0.0,432,,0.0,8,0.0,,,,,,,,,,,,,,,,,,,,,,,,,,,,,,,,,,,,,,,,,,,,,,,,1,1,4ovtf4e6,,,,,0
433,l2wrrmd8,,0,0,51,,,,0,,,0.0,433,,0.0,5,0.0,,,,,,,,,,,,,,,,,,,,,,,,,,,,,,,,,,,,,,,,,,,,,,,,1,1,4ovtf4e6,,,,,0
434,73u3l81k,,0,0,51,,,,0,,,0.0,434,,0.0,4,0.0,,,,,,,,,,,,,,,,,,,,,,,,,,,,,,,,,,,,,,,,,,,,,,,,1,1,4ovtf4e6,,,,,0
435,zagmm2hk,,0,0,51,,,,0,,,0.0,435,,0.0,6,0.0,,,,,,,,,,,,,,,,,,,,,,,,,,,,,,,,,,,,,,,,,,,,,,,,1,1,4ovtf4e6,,,,,0
436,vcrzm64h,,0,0,51,,,,0,,,0.0,436,,0.0,4,0.0,,,,,,,,,,,,,,,,,,,,,,,,,,,,,,,,,,,,,,,,,,,,,,,,1,1,4ovtf4e6,,,,,0
437,56suz5x1,,0,0,51,,,,0,,,0.0,437,,0.0,4,0.0,,,,,,,,,,,,,,,,,,,,,,,,,,,,,,,,,,,,,,,,,,,,,,,,1,1,4ovtf4e6,,,,,0
438,e8qx75br,,0,0,51,,,,0,,,0.0,438,,0.0,6,0.0,,,,,,,,,,,,,,,,,,,,,,,,,,,,,,,,,,,,,,,,,,,,,,,,1,1,4ovtf4e6,,,,,0
439,8311mwev,,0,0,51,,,,0,,,0.0,439,,0.0,3,0.0,,,,,,,,,,,,,,,,,,,,,,,,,,,,,,,,,,,,,,,,,,,,,,,,1,1,4ovtf4e6,,,,,0
440,58zlzuiy,,0,0,51,,,,0,,,0.0,440,,0.0,5,0.0,,,,,,,,,,,,,,,,,,,,,,,,,,,,,,,,,,,,,,,,,,,,,,,,1,1,4ovtf4e6,,,,,0
441,ca2odq31,,0,0,51,,,,0,,,0.0,441,,0.0,11,0.0,,,,,,,,,,,,,,,,,,,,,,,,,,,,,,,,,,,,,,,,,,,,,,,,1,1,4ovtf4e6,,,,,0
442,7ag1fa41,,0,0,51,,,,0,,,0.0,442,,0.0,3,0.0,,,,,,,,,,,,,,,,,,,,,,,,,,,,,,,,,,,,,,,,,,,,,,,,1,1,4ovtf4e6,,,,,0
443,ys10ccbg,,0,0,51,,,,0,,,0.0,443,,0.0,4,0.0,,,,,,,,,,,,,,,,,,,,,,,,,,,,,,,,,,,,,,,,,,,,,,,,1,1,4ovtf4e6,,,,,0
444,h33gpejo,,0,0,51,,,,0,,,0.0,444,,0.0,4,0.0,,,,,,,,,,,,,,,,,,,,,,,,,,,,,,,,,,,,,,,,,,,,,,,,1,1,4ovtf4e6,,,,,0
445,ceffs9kt,,0,0,51,,,,0,,,0.0,445,,0.0,8,0.0,,,,,,,,,,,,,,,,,,,,,,,,,,,,,,,,,,,,,,,,,,,,,,,,1,1,4ovtf4e6,,,,,0
446,q0jcr6sj,,0,0,51,,,,0,,,0.0,446,,0.0,6,0.0,,,,,,,,,,,,,,,,,,,,,,,,,,,,,,,,,,,,,,,,,,,,,,,,1,1,4ovtf4e6,,,,,0
447,kbyr82l3,,0,0,51,,,,0,,,0.0,447,,0.0,8,0.0,,,,,,,,,,,,,,,,,,,,,,,,,,,,,,,,,,,,,,,,,,,,,,,,1,1,4ovtf4e6,,,,,0
448,bynnyz3v,,0,0,51,,,,0,,,0.0,448,,0.0,10,0.0,,,,,,,,,,,,,,,,,,,,,,,,,,,,,,,,,,,,,,,,,,,,,,,,1,1,4ovtf4e6,,,,,0
449,vznivj3s,,0,0,51,,,,0,,,0.0,449,,0.0,4,0.0,,,,,,,,,,,,,,,,,,,,,,,,,,,,,,,,,,,,,,,,,,,,,,,,1,1,4ovtf4e6,,,,,0
450,ox7g8c8s,,0,0,51,,,,0,,,0.0,450,,0.0,14,0.0,,,,,,,,,,,,,,,,,,,,,,,,,,,,,,,,,,,,,,,,,,,,,,,,1,1,4ovtf4e6,,,,,0
451,bxcdnf9q,,0,0,51,,,,0,,,0.0,451,,0.0,4,0.0,,,,,,,,,,,,,,,,,,,,,,,,,,,,,,,,,,,,,,,,,,,,,,,,1,1,4ovtf4e6,,,,,0
452,k9b56h97,,0,0,51,,,,0,,,0.0,452,,0.0,8,0.0,,,,,,,,,,,,,,,,,,,,,,,,,,,,,,,,,,,,,,,,,,,,,,,,1,1,4ovtf4e6,,,,,0
453,s9gmi18l,,0,0,51,,,,0,,,0.0,453,,0.0,7,0.0,,,,,,,,,,,,,,,,,,,,,,,,,,,,,,,,,,,,,,,,,,,,,,,,1,1,4ovtf4e6,,,,,0
454,y41p660n,,0,0,51,,,,0,,,0.0,454,,0.0,13,0.0,,,,,,,,,,,,,,,,,,,,,,,,,,,,,,,,,,,,,,,,,,,,,,,,1,1,4ovtf4e6,,,,,0
455,5598n0ie,,0,0,51,,,,0,,,0.0,455,,0.0,3,0.0,,,,,,,,,,,,,,,,,,,,,,,,,,,,,,,,,,,,,,,,,,,,,,,,1,1,4ovtf4e6,,,,,0
456,nvf3o5ax,,0,0,51,,,,0,,,0.0,456,,0.0,14,0.0,,,,,,,,,,,,,,,,,,,,,,,,,,,,,,,,,,,,,,,,,,,,,,,,1,1,4ovtf4e6,,,,,0
457,d9gs9pzc,,0,0,51,,,,0,,,0.0,457,,0.0,8,0.0,,,,,,,,,,,,,,,,,,,,,,,,,,,,,,,,,,,,,,,,,,,,,,,,1,1,4ovtf4e6,,,,,0
458,a77e8i88,,0,0,51,,,,0,,,0.0,458,,0.0,13,0.0,,,,,,,,,,,,,,,,,,,,,,,,,,,,,,,,,,,,,,,,,,,,,,,,1,1,4ovtf4e6,,,,,0
459,mh7ekx9w,,0,0,51,,,,0,,,0.0,459,,0.0,14,0.0,,,,,,,,,,,,,,,,,,,,,,,,,,,,,,,,,,,,,,,,,,,,,,,,1,1,4ovtf4e6,,,,,0
460,l8bax58j,,0,0,51,,,,0,,,0.0,460,,0.0,11,0.0,,,,,,,,,,,,,,,,,,,,,,,,,,,,,,,,,,,,,,,,,,,,,,,,1,1,4ovtf4e6,,,,,0
461,bgh9d1xx,,0,0,51,,,,0,,,0.0,461,,0.0,10,0.0,,,,,,,,,,,,,,,,,,,,,,,,,,,,,,,,,,,,,,,,,,,,,,,,1,1,4ovtf4e6,,,,,0
462,eio7eok3,,0,0,51,,,,0,,,0.0,462,,0.0,8,0.0,,,,,,,,,,,,,,,,,,,,,,,,,,,,,,,,,,,,,,,,,,,,,,,,1,1,4ovtf4e6,,,,,0
463,z8e5qk4z,,0,0,51,,,,0,,,0.0,463,,0.0,14,0.0,,,,,,,,,,,,,,,,,,,,,,,,,,,,,,,,,,,,,,,,,,,,,,,,1,1,4ovtf4e6,,,,,0
464,lm8oy777,,0,0,51,,,,0,,,0.0,464,,0.0,5,0.0,,,,,,,,,,,,,,,,,,,,,,,,,,,,,,,,,,,,,,,,,,,,,,,,1,1,4ovtf4e6,,,,,0
465,y6hw4ezs,,0,0,51,,,,0,,,0.0,465,,0.0,11,0.0,,,,,,,,,,,,,,,,,,,,,,,,,,,,,,,,,,,,,,,,,,,,,,,,1,1,4ovtf4e6,,,,,0
466,8ynfjfxi,,0,0,51,,,,0,,,0.0,466,,0.0,12,0.0,,,,,,,,,,,,,,,,,,,,,,,,,,,,,,,,,,,,,,,,,,,,,,,,1,1,4ovtf4e6,,,,,0
467,3i5k0txk,,0,0,51,,,,0,,,0.0,467,,0.0,14,0.0,,,,,,,,,,,,,,,,,,,,,,,,,,,,,,,,,,,,,,,,,,,,,,,,1,1,4ovtf4e6,,,,,0
468,z21c4qps,,0,0,51,,,,0,,,0.0,468,,0.0,6,0.0,,,,,,,,,,,,,,,,,,,,,,,,,,,,,,,,,,,,,,,,,,,,,,,,1,1,4ovtf4e6,,,,,0
469,deyjpxii,,0,0,51,,,,0,,,0.0,469,,0.0,14,0.0,,,,,,,,,,,,,,,,,,,,,,,,,,,,,,,,,,,,,,,,,,,,,,,,1,1,4ovtf4e6,,,,,0
470,6c93l8d4,,0,0,51,,,,0,,,0.0,470,,0.0,13,0.0,,,,,,,,,,,,,,,,,,,,,,,,,,,,,,,,,,,,,,,,,,,,,,,,1,1,4ovtf4e6,,,,,0
471,fr76a7pi,,0,0,51,,,,0,,,0.0,471,,0.0,12,0.0,,,,,,,,,,,,,,,,,,,,,,,,,,,,,,,,,,,,,,,,,,,,,,,,1,1,4ovtf4e6,,,,,0
472,2q6tf4n6,,0,0,51,,,,0,,,0.0,472,,0.0,12,0.0,,,,,,,,,,,,,,,,,,,,,,,,,,,,,,,,,,,,,,,,,,,,,,,,1,1,4ovtf4e6,,,,,0
473,y87kj9gz,,0,0,51,,,,0,,,0.0,473,,0.0,13,0.0,,,,,,,,,,,,,,,,,,,,,,,,,,,,,,,,,,,,,,,,,,,,,,,,1,1,4ovtf4e6,,,,,0
474,rpu3ehze,,0,0,51,,,,0,,,0.0,474,,0.0,11,0.0,,,,,,,,,,,,,,,,,,,,,,,,,,,,,,,,,,,,,,,,,,,,,,,,1,1,4ovtf4e6,,,,,0
475,8jccj9wj,,0,0,51,,,,0,,,0.0,475,,0.0,6,0.0,,,,,,,,,,,,,,,,,,,,,,,,,,,,,,,,,,,,,,,,,,,,,,,,1,1,4ovtf4e6,,,,,0
476,j0agp0p7,,0,0,51,,,,0,,,0.0,476,,0.0,8,0.0,,,,,,,,,,,,,,,,,,,,,,,,,,,,,,,,,,,,,,,,,,,,,,,,1,1,4ovtf4e6,,,,,0
477,gui7klkl,,0,0,51,,,,0,,,0.0,477,,0.0,7,0.0,,,,,,,,,,,,,,,,,,,,,,,,,,,,,,,,,,,,,,,,,,,,,,,,1,1,4ovtf4e6,,,,,0
478,abtkudfb,,0,0,51,,,,0,,,0.0,478,,0.0,8,0.0,,,,,,,,,,,,,,,,,,,,,,,,,,,,,,,,,,,,,,,,,,,,,,,,1,1,4ovtf4e6,,,,,0
479,2otoepmu,,0,0,51,,,,0,,,0.0,479,,0.0,7,0.0,,,,,,,,,,,,,,,,,,,,,,,,,,,,,,,,,,,,,,,,,,,,,,,,1,1,4ovtf4e6,,,,,0
480,e9p0tyuv,,0,0,51,,,,0,,,0.0,480,,0.0,4,0.0,,,,,,,,,,,,,,,,,,,,,,,,,,,,,,,,,,,,,,,,,,,,,,,,1,1,4ovtf4e6,,,,,0
481,xbyzi7ij,,0,0,51,,,,0,,,0.0,481,,0.0,5,0.0,,,,,,,,,,,,,,,,,,,,,,,,,,,,,,,,,,,,,,,,,,,,,,,,1,1,4ovtf4e6,,,,,0
482,47dqfdo0,,0,0,51,,,,0,,,0.0,482,,0.0,10,0.0,,,,,,,,,,,,,,,,,,,,,,,,,,,,,,,,,,,,,,,,,,,,,,,,1,1,4ovtf4e6,,,,,0
483,wcf07hz6,,0,0,51,,,,0,,,0.0,483,,0.0,7,0.0,,,,,,,,,,,,,,,,,,,,,,,,,,,,,,,,,,,,,,,,,,,,,,,,1,1,4ovtf4e6,,,,,0
484,h2vzrf5r,,0,0,51,,,,0,,,0.0,484,,0.0,13,0.0,,,,,,,,,,,,,,,,,,,,,,,,,,,,,,,,,,,,,,,,,,,,,,,,1,1,4ovtf4e6,,,,,0
485,xr340lwd,,0,0,51,,,,0,,,0.0,485,,0.0,13,0.0,,,,,,,,,,,,,,,,,,,,,,,,,,,,,,,,,,,,,,,,,,,,,,,,1,1,4ovtf4e6,,,,,0
486,29mw8wu7,,0,0,51,,,,0,,,0.0,486,,0.0,9,0.0,,,,,,,,,,,,,,,,,,,,,,,,,,,,,,,,,,,,,,,,,,,,,,,,1,1,4ovtf4e6,,,,,0
487,w91j3vkb,,0,0,51,,,,0,,,0.0,487,,0.0,11,0.0,,,,,,,,,,,,,,,,,,,,,,,,,,,,,,,,,,,,,,,,,,,,,,,,1,1,4ovtf4e6,,,,,0
488,lkoeb1o6,,0,0,51,,,,0,,,0.0,488,,0.0,8,0.0,,,,,,,,,,,,,,,,,,,,,,,,,,,,,,,,,,,,,,,,,,,,,,,,1,1,4ovtf4e6,,,,,0
489,jjvvgrjw,,0,0,51,,,,0,,,0.0,489,,0.0,12,0.0,,,,,,,,,,,,,,,,,,,,,,,,,,,,,,,,,,,,,,,,,,,,,,,,1,1,4ovtf4e6,,,,,0
490,ravg4uae,,0,0,51,,,,0,,,0.0,490,,0.0,8,0.0,,,,,,,,,,,,,,,,,,,,,,,,,,,,,,,,,,,,,,,,,,,,,,,,1,1,4ovtf4e6,,,,,0
491,f1u4z8b8,,0,0,51,,,,0,,,0.0,491,,0.0,4,0.0,,,,,,,,,,,,,,,,,,,,,,,,,,,,,,,,,,,,,,,,,,,,,,,,1,1,4ovtf4e6,,,,,0
492,bt6k27va,,0,0,51,,,,0,,,0.0,492,,0.0,10,0.0,,,,,,,,,,,,,,,,,,,,,,,,,,,,,,,,,,,,,,,,,,,,,,,,1,1,4ovtf4e6,,,,,0
493,22r6u160,,0,0,51,,,,0,,,0.0,493,,0.0,7,0.0,,,,,,,,,,,,,,,,,,,,,,,,,,,,,,,,,,,,,,,,,,,,,,,,1,1,4ovtf4e6,,,,,0
494,iyc6n4qy,,0,0,51,,,,0,,,0.0,494,,0.0,7,0.0,,,,,,,,,,,,,,,,,,,,,,,,,,,,,,,,,,,,,,,,,,,,,,,,1,1,4ovtf4e6,,,,,0
495,9se8cd2f,,0,0,51,,,,0,,,0.0,495,,0.0,7,0.0,,,,,,,,,,,,,,,,,,,,,,,,,,,,,,,,,,,,,,,,,,,,,,,,1,1,4ovtf4e6,,,,,0
496,oof35k6b,,0,0,51,,,,0,,,0.0,496,,0.0,8,0.0,,,,,,,,,,,,,,,,,,,,,,,,,,,,,,,,,,,,,,,,,,,,,,,,1,1,4ovtf4e6,,,,,0
497,gws25x52,,0,0,51,,,,0,,,0.0,497,,0.0,13,0.0,,,,,,,,,,,,,,,,,,,,,,,,,,,,,,,,,,,,,,,,,,,,,,,,1,1,4ovtf4e6,,,,,0
498,m9mcsuvq,,0,0,51,,,,0,,,0.0,498,,0.0,7,0.0,,,,,,,,,,,,,,,,,,,,,,,,,,,,,,,,,,,,,,,,,,,,,,,,1,1,4ovtf4e6,,,,,0
499,v48leq80,,0,0,51,,,,0,,,0.0,499,,0.0,10,0.0,,,,,,,,,,,,,,,,,,,,,,,,,,,,,,,,,,,,,,,,,,,,,,,,1,1,4ovtf4e6,,,,,0
500,4bab0d1c,,0,0,51,,,,0,,,0.0,500,,0.0,14,0.0,,,,,,,,,,,,,,,,,,,,,,,,,,,,,,,,,,,,,,,,,,,,,,,,1,1,4ovtf4e6,,,,,0
501,97ubd8kp,,0,0,51,,,,0,,,0.0,501,,0.0,8,0.0,,,,,,,,,,,,,,,,,,,,,,,,,,,,,,,,,,,,,,,,,,,,,,,,1,1,4ovtf4e6,,,,,0
502,n6fvxspv,,0,0,51,,,,0,,,0.0,502,,0.0,8,0.0,,,,,,,,,,,,,,,,,,,,,,,,,,,,,,,,,,,,,,,,,,,,,,,,1,1,4ovtf4e6,,,,,0
503,qejhgpu5,,0,0,51,,,,0,,,0.0,503,,0.0,5,0.0,,,,,,,,,,,,,,,,,,,,,,,,,,,,,,,,,,,,,,,,,,,,,,,,1,1,4ovtf4e6,,,,,0
504,z2r2vst7,,0,0,51,,,,0,,,0.0,504,,0.0,3,0.0,,,,,,,,,,,,,,,,,,,,,,,,,,,,,,,,,,,,,,,,,,,,,,,,1,1,4ovtf4e6,,,,,0
505,aw2ybwru,,0,0,51,,,,0,,,0.0,505,,0.0,3,0.0,,,,,,,,,,,,,,,,,,,,,,,,,,,,,,,,,,,,,,,,,,,,,,,,1,1,4ovtf4e6,,,,,0
506,232otppw,,0,0,51,,,,0,,,0.0,506,,0.0,9,0.0,,,,,,,,,,,,,,,,,,,,,,,,,,,,,,,,,,,,,,,,,,,,,,,,1,1,4ovtf4e6,,,,,0
507,1yz174kd,,0,0,51,,,,0,,,0.0,507,,0.0,7,0.0,,,,,,,,,,,,,,,,,,,,,,,,,,,,,,,,,,,,,,,,,,,,,,,,1,1,4ovtf4e6,,,,,0
508,sshu2mw2,,0,0,51,,,,0,,,0.0,508,,0.0,10,0.0,,,,,,,,,,,,,,,,,,,,,,,,,,,,,,,,,,,,,,,,,,,,,,,,1,1,4ovtf4e6,,,,,0
509,qvyas90z,,0,0,51,,,,0,,,0.0,509,,0.0,6,0.0,,,,,,,,,,,,,,,,,,,,,,,,,,,,,,,,,,,,,,,,,,,,,,,,1,1,4ovtf4e6,,,,,0
510,xuzc4syu,,0,0,51,,,,0,,,0.0,510,,0.0,14,0.0,,,,,,,,,,,,,,,,,,,,,,,,,,,,,,,,,,,,,,,,,,,,,,,,1,1,4ovtf4e6,,,,,0
511,xoqzig56,,0,0,51,,,,0,,,0.0,511,,0.0,14,0.0,,,,,,,,,,,,,,,,,,,,,,,,,,,,,,,,,,,,,,,,,,,,,,,,1,1,4ovtf4e6,,,,,0
512,sic4d7ic,,0,0,51,,,,0,,,0.0,512,,0.0,13,0.0,,,,,,,,,,,,,,,,,,,,,,,,,,,,,,,,,,,,,,,,,,,,,,,,1,1,4ovtf4e6,,,,,0
513,swlk5esc,,0,0,51,,,,0,,,0.0,513,,0.0,11,0.0,,,,,,,,,,,,,,,,,,,,,,,,,,,,,,,,,,,,,,,,,,,,,,,,1,1,4ovtf4e6,,,,,0
514,psrl7m6q,,0,0,51,,,,0,,,0.0,514,,0.0,5,0.0,,,,,,,,,,,,,,,,,,,,,,,,,,,,,,,,,,,,,,,,,,,,,,,,1,1,4ovtf4e6,,,,,0
515,v1185aiz,,0,0,51,,,,0,,,0.0,515,,0.0,8,0.0,,,,,,,,,,,,,,,,,,,,,,,,,,,,,,,,,,,,,,,,,,,,,,,,1,1,4ovtf4e6,,,,,0
516,z8csz1fu,,0,0,51,,,,0,,,0.0,516,,0.0,10,0.0,,,,,,,,,,,,,,,,,,,,,,,,,,,,,,,,,,,,,,,,,,,,,,,,1,1,4ovtf4e6,,,,,0
517,4m2pnhuq,,0,0,51,,,,0,,,0.0,517,,0.0,14,0.0,,,,,,,,,,,,,,,,,,,,,,,,,,,,,,,,,,,,,,,,,,,,,,,,1,1,4ovtf4e6,,,,,0
518,d3qwepi1,,0,0,51,,,,0,,,0.0,518,,0.0,3,0.0,,,,,,,,,,,,,,,,,,,,,,,,,,,,,,,,,,,,,,,,,,,,,,,,1,1,4ovtf4e6,,,,,0
519,veb8dkjq,,0,0,51,,,,0,,,0.0,519,,0.0,12,0.0,,,,,,,,,,,,,,,,,,,,,,,,,,,,,,,,,,,,,,,,,,,,,,,,1,1,4ovtf4e6,,,,,0
520,pdm2hhpr,,0,0,51,,,,0,,,0.0,520,,0.0,13,0.0,,,,,,,,,,,,,,,,,,,,,,,,,,,,,,,,,,,,,,,,,,,,,,,,1,1,4ovtf4e6,,,,,0
521,ad568618,,0,0,51,,,,0,,,0.0,521,,0.0,10,0.0,,,,,,,,,,,,,,,,,,,,,,,,,,,,,,,,,,,,,,,,,,,,,,,,1,1,4ovtf4e6,,,,,0
522,l643kd2q,,0,0,51,,,,0,,,0.0,522,,0.0,11,0.0,,,,,,,,,,,,,,,,,,,,,,,,,,,,,,,,,,,,,,,,,,,,,,,,1,1,4ovtf4e6,,,,,0
523,xqj4kmra,,0,0,51,,,,0,,,0.0,523,,0.0,5,0.0,,,,,,,,,,,,,,,,,,,,,,,,,,,,,,,,,,,,,,,,,,,,,,,,1,1,4ovtf4e6,,,,,0
524,gfjqaxiy,,0,0,51,,,,0,,,0.0,524,,0.0,7,0.0,,,,,,,,,,,,,,,,,,,,,,,,,,,,,,,,,,,,,,,,,,,,,,,,1,1,4ovtf4e6,,,,,0
525,80uc80ok,,0,0,51,,,,0,,,0.0,525,,0.0,7,0.0,,,,,,,,,,,,,,,,,,,,,,,,,,,,,,,,,,,,,,,,,,,,,,,,1,1,4ovtf4e6,,,,,0
526,tu79faqf,,0,0,51,,,,0,,,0.0,526,,0.0,7,0.0,,,,,,,,,,,,,,,,,,,,,,,,,,,,,,,,,,,,,,,,,,,,,,,,1,1,4ovtf4e6,,,,,0
527,reg4ivxj,,0,0,51,,,,0,,,0.0,527,,0.0,5,0.0,,,,,,,,,,,,,,,,,,,,,,,,,,,,,,,,,,,,,,,,,,,,,,,,1,1,4ovtf4e6,,,,,0
528,7twow5t4,,0,0,51,,,,0,,,0.0,528,,0.0,8,0.0,,,,,,,,,,,,,,,,,,,,,,,,,,,,,,,,,,,,,,,,,,,,,,,,1,1,4ovtf4e6,,,,,0
529,dz8d0e7t,,0,0,51,,,,0,,,0.0,529,,0.0,6,0.0,,,,,,,,,,,,,,,,,,,,,,,,,,,,,,,,,,,,,,,,,,,,,,,,1,1,4ovtf4e6,,,,,0
530,at0vmvfo,,0,0,51,,,,0,,,0.0,530,,0.0,13,0.0,,,,,,,,,,,,,,,,,,,,,,,,,,,,,,,,,,,,,,,,,,,,,,,,1,1,4ovtf4e6,,,,,0
531,2a2wbccy,,0,0,51,,,,0,,,0.0,531,,0.0,5,0.0,,,,,,,,,,,,,,,,,,,,,,,,,,,,,,,,,,,,,,,,,,,,,,,,1,1,4ovtf4e6,,,,,0
532,xk9xlzgz,,0,0,51,,,,0,,,0.0,532,,0.0,14,0.0,,,,,,,,,,,,,,,,,,,,,,,,,,,,,,,,,,,,,,,,,,,,,,,,1,1,4ovtf4e6,,,,,0
533,c1exhkts,,0,0,51,,,,0,,,0.0,533,,0.0,5,0.0,,,,,,,,,,,,,,,,,,,,,,,,,,,,,,,,,,,,,,,,,,,,,,,,1,1,4ovtf4e6,,,,,0
534,s40z641n,,0,0,51,,,,0,,,0.0,534,,0.0,9,0.0,,,,,,,,,,,,,,,,,,,,,,,,,,,,,,,,,,,,,,,,,,,,,,,,1,1,4ovtf4e6,,,,,0
535,44szknn2,,0,0,51,,,,0,,,0.0,535,,0.0,5,0.0,,,,,,,,,,,,,,,,,,,,,,,,,,,,,,,,,,,,,,,,,,,,,,,,1,1,4ovtf4e6,,,,,0
536,qdwi1inr,,0,0,51,,,,0,,,0.0,536,,0.0,3,0.0,,,,,,,,,,,,,,,,,,,,,,,,,,,,,,,,,,,,,,,,,,,,,,,,1,1,4ovtf4e6,,,,,0
537,u5v9i55s,,0,0,51,,,,0,,,0.0,537,,0.0,5,0.0,,,,,,,,,,,,,,,,,,,,,,,,,,,,,,,,,,,,,,,,,,,,,,,,1,1,4ovtf4e6,,,,,0
538,xghh7yhv,,0,0,51,,,,0,,,0.0,538,,0.0,12,0.0,,,,,,,,,,,,,,,,,,,,,,,,,,,,,,,,,,,,,,,,,,,,,,,,1,1,4ovtf4e6,,,,,0
539,j3oftb79,,0,0,51,,,,0,,,0.0,539,,0.0,13,0.0,,,,,,,,,,,,,,,,,,,,,,,,,,,,,,,,,,,,,,,,,,,,,,,,1,1,4ovtf4e6,,,,,0
540,lneh7rua,,0,0,51,,,,0,,,0.0,540,,0.0,10,0.0,,,,,,,,,,,,,,,,,,,,,,,,,,,,,,,,,,,,,,,,,,,,,,,,1,1,4ovtf4e6,,,,,0
541,j5wzothn,,0,0,51,,,,0,,,0.0,541,,0.0,14,0.0,,,,,,,,,,,,,,,,,,,,,,,,,,,,,,,,,,,,,,,,,,,,,,,,1,1,4ovtf4e6,,,,,0
542,pbh1u3zg,,0,0,51,,,,0,,,0.0,542,,0.0,11,0.0,,,,,,,,,,,,,,,,,,,,,,,,,,,,,,,,,,,,,,,,,,,,,,,,1,1,4ovtf4e6,,,,,0
543,4jyd6nrn,,0,0,51,,,,0,,,0.0,543,,0.0,8,0.0,,,,,,,,,,,,,,,,,,,,,,,,,,,,,,,,,,,,,,,,,,,,,,,,1,1,4ovtf4e6,,,,,0
544,cn17t1xc,,0,0,51,,,,0,,,0.0,544,,0.0,8,0.0,,,,,,,,,,,,,,,,,,,,,,,,,,,,,,,,,,,,,,,,,,,,,,,,1,1,4ovtf4e6,,,,,0
545,zo3w8tbg,,0,0,51,,,,0,,,0.0,545,,0.0,14,0.0,,,,,,,,,,,,,,,,,,,,,,,,,,,,,,,,,,,,,,,,,,,,,,,,1,1,4ovtf4e6,,,,,0
546,eut578tw,,0,0,51,,,,0,,,0.0,546,,0.0,12,0.0,,,,,,,,,,,,,,,,,,,,,,,,,,,,,,,,,,,,,,,,,,,,,,,,1,1,4ovtf4e6,,,,,0
547,yww6mnpq,,0,0,51,,,,0,,,0.0,547,,0.0,7,0.0,,,,,,,,,,,,,,,,,,,,,,,,,,,,,,,,,,,,,,,,,,,,,,,,1,1,4ovtf4e6,,,,,0
548,xoys9h0d,,0,0,51,,,,0,,,0.0,548,,0.0,11,0.0,,,,,,,,,,,,,,,,,,,,,,,,,,,,,,,,,,,,,,,,,,,,,,,,1,1,4ovtf4e6,,,,,0
549,6k60cit8,,0,0,51,,,,0,,,0.0,549,,0.0,10,0.0,,,,,,,,,,,,,,,,,,,,,,,,,,,,,,,,,,,,,,,,,,,,,,,,1,1,4ovtf4e6,,,,,0
550,pshc7ils,,0,0,51,,,,0,,,0.0,550,,0.0,13,0.0,,,,,,,,,,,,,,,,,,,,,,,,,,,,,,,,,,,,,,,,,,,,,,,,1,1,4ovtf4e6,,,,,0
551,8bodvt4u,,0,0,51,,,,0,,,0.0,551,,0.0,4,0.0,,,,,,,,,,,,,,,,,,,,,,,,,,,,,,,,,,,,,,,,,,,,,,,,1,1,4ovtf4e6,,,,,0
552,01srvg5w,,0,0,51,,,,0,,,0.0,552,,0.0,5,0.0,,,,,,,,,,,,,,,,,,,,,,,,,,,,,,,,,,,,,,,,,,,,,,,,1,1,4ovtf4e6,,,,,0
553,nshqtqc9,,0,0,51,,,,0,,,0.0,553,,0.0,3,0.0,,,,,,,,,,,,,,,,,,,,,,,,,,,,,,,,,,,,,,,,,,,,,,,,1,1,4ovtf4e6,,,,,0
554,dwkcoev3,,0,0,51,,,,0,,,0.0,554,,0.0,14,0.0,,,,,,,,,,,,,,,,,,,,,,,,,,,,,,,,,,,,,,,,,,,,,,,,1,1,4ovtf4e6,,,,,0
555,9of4f5kc,,0,0,51,,,,0,,,0.0,555,,0.0,6,0.0,,,,,,,,,,,,,,,,,,,,,,,,,,,,,,,,,,,,,,,,,,,,,,,,1,1,4ovtf4e6,,,,,0
556,ts8f0hcn,,0,0,51,,,,0,,,0.0,556,,0.0,4,0.0,,,,,,,,,,,,,,,,,,,,,,,,,,,,,,,,,,,,,,,,,,,,,,,,1,1,4ovtf4e6,,,,,0
557,mlc41ncs,,0,0,51,,,,0,,,0.0,557,,0.0,6,0.0,,,,,,,,,,,,,,,,,,,,,,,,,,,,,,,,,,,,,,,,,,,,,,,,1,1,4ovtf4e6,,,,,0
558,lqjo8tkf,,0,0,51,,,,0,,,0.0,558,,0.0,12,0.0,,,,,,,,,,,,,,,,,,,,,,,,,,,,,,,,,,,,,,,,,,,,,,,,1,1,4ovtf4e6,,,,,0
559,zcbb6rka,,0,0,51,,,,0,,,0.0,559,,0.0,4,0.0,,,,,,,,,,,,,,,,,,,,,,,,,,,,,,,,,,,,,,,,,,,,,,,,1,1,4ovtf4e6,,,,,0
560,fu2m5yt3,,0,0,51,,,,0,,,0.0,560,,0.0,10,0.0,,,,,,,,,,,,,,,,,,,,,,,,,,,,,,,,,,,,,,,,,,,,,,,,1,1,4ovtf4e6,,,,,0
561,los1anyw,,0,0,51,,,,0,,,0.0,561,,0.0,6,0.0,,,,,,,,,,,,,,,,,,,,,,,,,,,,,,,,,,,,,,,,,,,,,,,,1,1,4ovtf4e6,,,,,0
562,0gbfan3j,,0,0,51,,,,0,,,0.0,562,,0.0,12,0.0,,,,,,,,,,,,,,,,,,,,,,,,,,,,,,,,,,,,,,,,,,,,,,,,1,1,4ovtf4e6,,,,,0
563,y5c7qg8z,,0,0,51,,,,0,,,0.0,563,,0.0,4,0.0,,,,,,,,,,,,,,,,,,,,,,,,,,,,,,,,,,,,,,,,,,,,,,,,1,1,4ovtf4e6,,,,,0
564,gerli18s,,0,0,51,,,,0,,,0.0,564,,0.0,5,0.0,,,,,,,,,,,,,,,,,,,,,,,,,,,,,,,,,,,,,,,,,,,,,,,,1,1,4ovtf4e6,,,,,0
565,dkvhn3jh,,0,0,51,,,,0,,,0.0,565,,0.0,5,0.0,,,,,,,,,,,,,,,,,,,,,,,,,,,,,,,,,,,,,,,,,,,,,,,,1,1,4ovtf4e6,,,,,0
566,2gzmxomc,,0,0,51,,,,0,,,0.0,566,,0.0,5,0.0,,,,,,,,,,,,,,,,,,,,,,,,,,,,,,,,,,,,,,,,,,,,,,,,1,1,4ovtf4e6,,,,,0
567,b8rztapv,,0,0,51,,,,0,,,0.0,567,,0.0,13,0.0,,,,,,,,,,,,,,,,,,,,,,,,,,,,,,,,,,,,,,,,,,,,,,,,1,1,4ovtf4e6,,,,,0
568,18e5dmct,,0,0,51,,,,0,,,0.0,568,,0.0,6,0.0,,,,,,,,,,,,,,,,,,,,,,,,,,,,,,,,,,,,,,,,,,,,,,,,1,1,4ovtf4e6,,,,,0
569,2hzrx0ug,,0,0,51,,,,0,,,0.0,569,,0.0,9,0.0,,,,,,,,,,,,,,,,,,,,,,,,,,,,,,,,,,,,,,,,,,,,,,,,1,1,4ovtf4e6,,,,,0
570,4535ernw,,0,0,51,,,,0,,,0.0,570,,0.0,6,0.0,,,,,,,,,,,,,,,,,,,,,,,,,,,,,,,,,,,,,,,,,,,,,,,,1,1,4ovtf4e6,,,,,0
571,etbouiuo,,0,0,51,,,,0,,,0.0,571,,0.0,4,0.0,,,,,,,,,,,,,,,,,,,,,,,,,,,,,,,,,,,,,,,,,,,,,,,,1,1,4ovtf4e6,,,,,0
572,894tjh4w,,0,0,51,,,,0,,,0.0,572,,0.0,5,0.0,,,,,,,,,,,,,,,,,,,,,,,,,,,,,,,,,,,,,,,,,,,,,,,,1,1,4ovtf4e6,,,,,0
573,g64e0zlq,,0,0,51,,,,0,,,0.0,573,,0.0,9,0.0,,,,,,,,,,,,,,,,,,,,,,,,,,,,,,,,,,,,,,,,,,,,,,,,1,1,4ovtf4e6,,,,,0
574,06r3al9p,,0,0,51,,,,0,,,0.0,574,,0.0,14,0.0,,,,,,,,,,,,,,,,,,,,,,,,,,,,,,,,,,,,,,,,,,,,,,,,1,1,4ovtf4e6,,,,,0
575,r7j7bs66,,0,0,51,,,,0,,,0.0,575,,0.0,12,0.0,,,,,,,,,,,,,,,,,,,,,,,,,,,,,,,,,,,,,,,,,,,,,,,,1,1,4ovtf4e6,,,,,0
576,n7lmzt90,,0,0,51,,,,0,,,0.0,576,,0.0,8,0.0,,,,,,,,,,,,,,,,,,,,,,,,,,,,,,,,,,,,,,,,,,,,,,,,1,1,4ovtf4e6,,,,,0
577,5vge7zww,,0,0,51,,,,0,,,0.0,577,,0.0,13,0.0,,,,,,,,,,,,,,,,,,,,,,,,,,,,,,,,,,,,,,,,,,,,,,,,1,1,4ovtf4e6,,,,,0
578,xmmm9mnj,,0,0,51,,,,0,,,0.0,578,,0.0,10,0.0,,,,,,,,,,,,,,,,,,,,,,,,,,,,,,,,,,,,,,,,,,,,,,,,1,1,4ovtf4e6,,,,,0
579,n27tj3y1,,0,0,51,,,,0,,,0.0,579,,0.0,9,0.0,,,,,,,,,,,,,,,,,,,,,,,,,,,,,,,,,,,,,,,,,,,,,,,,1,1,4ovtf4e6,,,,,0
580,lx730645,,0,0,51,,,,0,,,0.0,580,,0.0,5,0.0,,,,,,,,,,,,,,,,,,,,,,,,,,,,,,,,,,,,,,,,,,,,,,,,1,1,4ovtf4e6,,,,,0
581,cqulpj4o,,0,0,51,,,,0,,,0.0,581,,0.0,8,0.0,,,,,,,,,,,,,,,,,,,,,,,,,,,,,,,,,,,,,,,,,,,,,,,,1,1,4ovtf4e6,,,,,0
582,t7ew6w9g,,0,0,51,,,,0,,,0.0,582,,0.0,3,0.0,,,,,,,,,,,,,,,,,,,,,,,,,,,,,,,,,,,,,,,,,,,,,,,,1,1,4ovtf4e6,,,,,0
583,rekzqfar,,0,0,51,,,,0,,,0.0,583,,0.0,7,0.0,,,,,,,,,,,,,,,,,,,,,,,,,,,,,,,,,,,,,,,,,,,,,,,,1,1,4ovtf4e6,,,,,0
584,68szxhlq,,0,0,51,,,,0,,,0.0,584,,0.0,3,0.0,,,,,,,,,,,,,,,,,,,,,,,,,,,,,,,,,,,,,,,,,,,,,,,,1,1,4ovtf4e6,,,,,0
585,b8r0imaw,,0,0,51,,,,0,,,0.0,585,,0.0,11,0.0,,,,,,,,,,,,,,,,,,,,,,,,,,,,,,,,,,,,,,,,,,,,,,,,1,1,4ovtf4e6,,,,,0
586,kef0tycp,,0,0,51,,,,0,,,0.0,586,,0.0,4,0.0,,,,,,,,,,,,,,,,,,,,,,,,,,,,,,,,,,,,,,,,,,,,,,,,1,1,4ovtf4e6,,,,,0
587,zs5ipj83,,0,0,51,,,,0,,,0.0,587,,0.0,10,0.0,,,,,,,,,,,,,,,,,,,,,,,,,,,,,,,,,,,,,,,,,,,,,,,,1,1,4ovtf4e6,,,,,0
588,wx60spnl,,0,0,51,,,,0,,,0.0,588,,0.0,10,0.0,,,,,,,,,,,,,,,,,,,,,,,,,,,,,,,,,,,,,,,,,,,,,,,,1,1,4ovtf4e6,,,,,0
589,go71046p,,0,0,51,,,,0,,,0.0,589,,0.0,14,0.0,,,,,,,,,,,,,,,,,,,,,,,,,,,,,,,,,,,,,,,,,,,,,,,,1,1,4ovtf4e6,,,,,0
590,6gbzxcx8,,0,0,51,,,,0,,,0.0,590,,0.0,6,0.0,,,,,,,,,,,,,,,,,,,,,,,,,,,,,,,,,,,,,,,,,,,,,,,,1,1,4ovtf4e6,,,,,0
591,k35toe5c,,0,0,51,,,,0,,,0.0,591,,0.0,3,0.0,,,,,,,,,,,,,,,,,,,,,,,,,,,,,,,,,,,,,,,,,,,,,,,,1,1,4ovtf4e6,,,,,0
592,enhjbn5z,,0,0,51,,,,0,,,0.0,592,,0.0,14,0.0,,,,,,,,,,,,,,,,,,,,,,,,,,,,,,,,,,,,,,,,,,,,,,,,1,1,4ovtf4e6,,,,,0
593,b9e7l8av,,0,0,51,,,,0,,,0.0,593,,0.0,9,0.0,,,,,,,,,,,,,,,,,,,,,,,,,,,,,,,,,,,,,,,,,,,,,,,,1,1,4ovtf4e6,,,,,0
594,5mv76o0l,,0,0,51,,,,0,,,0.0,594,,0.0,14,0.0,,,,,,,,,,,,,,,,,,,,,,,,,,,,,,,,,,,,,,,,,,,,,,,,1,1,4ovtf4e6,,,,,0
595,rr8wi5kx,,0,0,51,,,,0,,,0.0,595,,0.0,12,0.0,,,,,,,,,,,,,,,,,,,,,,,,,,,,,,,,,,,,,,,,,,,,,,,,1,1,4ovtf4e6,,,,,0
596,eijmxf4u,,0,0,51,,,,0,,,0.0,596,,0.0,13,0.0,,,,,,,,,,,,,,,,,,,,,,,,,,,,,,,,,,,,,,,,,,,,,,,,1,1,4ovtf4e6,,,,,0
597,avvv3rbg,,0,0,51,,,,0,,,0.0,597,,0.0,3,0.0,,,,,,,,,,,,,,,,,,,,,,,,,,,,,,,,,,,,,,,,,,,,,,,,1,1,4ovtf4e6,,,,,0
598,rh1zqu5p,,0,0,51,,,,0,,,0.0,598,,0.0,3,0.0,,,,,,,,,,,,,,,,,,,,,,,,,,,,,,,,,,,,,,,,,,,,,,,,1,1,4ovtf4e6,,,,,0
599,3vnrd70c,,0,0,51,,,,0,,,0.0,599,,0.0,9,0.0,,,,,,,,,,,,,,,,,,,,,,,,,,,,,,,,,,,,,,,,,,,,,,,,1,1,4ovtf4e6,,,,,0
600,h377nilu,,0,0,51,,,,0,,,0.0,600,,0.0,12,0.0,,,,,,,,,,,,,,,,,,,,,,,,,,,,,,,,,,,,,,,,,,,,,,,,1,1,4ovtf4e6,,,,,0
