session_code,participant_id_in_session,participant_code,page_index,app_name,page_name,epoch_time_completed,round_number,timeout_happened,is_wait_page
9vfoiax5,1,mbi772qr,0,,InitializeParticipant,1787597341,1,0,0
9vfoiax5,1,mbi772qr,1,intro,Consent,1787597350,1,0,0
9vfoiax5,1,mbi772qr,2,intro,Instructions,1787597353,1,0,0
9vfoiax5,2,ttbhrq7x,0,,InitializeParticipant,1787598242,1,0,0
9vfoiax5,3,h6ra9n61,0,,InitializeParticipant,1787598244,1,0,0
9vfoiax5,4,4tucoz6l,0,,InitializeParticipant,1787598247,1,0,0
9vfoiax5,5,47cbw4kl,0,,InitializeParticipant,1787598247,1,0,0
9vfoiax5,6,w1hg4dq2,0,,InitializeParticipant,1787598248,1,0,0
9vfoiax5,7,2am1bt7m,0,,InitializeParticipant,1787598248,1,0,0
9vfoiax5,8,f0dtgw15,0,,InitializeParticipant,1787598248,1,0,0
9vfoiax5,9,gtr4o4u4,0,,InitializeParticipant,1787598249,1,0,0
9vfoiax5,10,edlvyy4x,0,,InitializeParticipant,1787598249,1,0,0
9vfoiax5,11,454urtzl,0,,InitializeParticipant,1787598249,1,0,0
9vfoiax5,12,y7r9sa4u,0,,InitializeParticipant,1787598250,1,0,0
9vfoiax5,13,pm665xdw,0,,InitializeParticipant,1787598250,1,0,0
9vfoiax5,14,qgszrtu9,0,,InitializeParticipant,1787598251,1,0,0
9vfoiax5,15,0z4ddbix,0,,InitializeParticipant,1787598251,1,0,0
9vfoiax5,16,t6rthajw,0,,InitializeParticipant,1787598252,1,0,0
9vfoiax5,17,wel7w6gg,0,,InitializeParticipant,1787598253,1,0,0
9vfoiax5,18,u4dpd5wy,0,,InitializeParticipant,1787598254,1,0,0
9vfoiax5,19,y3uiqp3t,0,,InitializeParticipant,1787598254,1,0,0
9vfoiax5,20,atqtlu6a,0,,InitializeParticipant,1787598255,1,0,0
9vfoiax5,21,cuq5iz33,0,,InitializeParticipant,1787598255,1,0,0
9vfoiax5,22,4yux8e22,0,,InitializeParticipant,1787598256,1,0,0
9vfoiax5,23,f291tr7u,0,,InitializeParticipant,1787598257,1,0,0
9vfoiax5,24,w3cukoe0,0,,InitializeParticipant,1787598263,1,0,0
9vfoiax5,25,ms2vytj1,0,,InitializeParticipant,1787598263,1,0,0
9vfoiax5,11,454urtzl,1,intro,Consent,1787598265,1,0,0
9vfoiax5,26,4zd5ned9,0,,InitializeParticipant,1787598266,1,0,0
9vfoiax5,27,mknb67le,0,,InitializeParticipant,1787598267,1,0,0
9vfoiax5,28,sp03734d,0,,InitializeParticipant,1787598270,1,0,0
9vfoiax5,17,wel7w6gg,1,intro,Consent,1787598270,1,0,0
9vfoiax5,12,y7r9sa4u,1,intro,Consent,1787598270,1,0,0
9vfoiax5,29,m7hitpc7,0,,InitializeParticipant,1787598272,1,0,0
9vfoiax5,30,92y585sb,0,,InitializeParticipant,1787598272,1,0,0
9vfoiax5,31,ki9t1ots,0,,InitializeParticipant,1787598273,1,0,0
9vfoiax5,14,qgszrtu9,1,intro,Consent,1787598275,1,0,0
9vfoiax5,32,8ygvklh3,0,,InitializeParticipant,1787598275,1,0,0
9vfoiax5,10,edlvyy4x,1,intro,Consent,1787598278,1,0,0
9vfoiax5,25,ms2vytj1,1,intro,Consent,1787598279,1,0,0
9vfoiax5,33,j6pfvo4x,0,,InitializeParticipant,1787598281,1,0,0
9vfoiax5,34,mrwqmc94,0,,InitializeParticipant,1787598289,1,0,0
9vfoiax5,13,pm665xdw,1,intro,Consent,1787598293,1,0,0
9vfoiax5,18,u4dpd5wy,1,intro,Consent,1787598293,1,0,0
9vfoiax5,34,mrwqmc94,1,intro,Consent,1787598294,1,0,0
9vfoiax5,27,mknb67le,1,intro,Consent,1787598294,1,0,0
9vfoiax5,21,cuq5iz33,1,intro,Consent,1787598294,1,0,0
9vfoiax5,32,8ygvklh3,1,intro,Consent,1787598297,1,0,0
9vfoiax5,20,atqtlu6a,1,intro,Consent,1787598301,1,0,0
9vfoiax5,16,t6rthajw,1,intro,Consent,1787598304,1,0,0
9vfoiax5,35,8lotxa0v,0,,InitializeParticipant,1787598304,1,0,0
9vfoiax5,19,y3uiqp3t,1,intro,Consent,1787598305,1,0,0
9vfoiax5,2,ttbhrq7x,1,intro,Consent,1787598305,1,0,0
9vfoiax5,33,j6pfvo4x,1,intro,Consent,1787598306,1,0,0
9vfoiax5,36,zy0t07g5,0,,InitializeParticipant,1787598306,1,0,0
9vfoiax5,36,zy0t07g5,1,intro,Consent,1787598310,1,0,0
9vfoiax5,28,sp03734d,1,intro,Consent,1787598312,1,0,0
9vfoiax5,26,4zd5ned9,1,intro,Consent,1787598312,1,0,0
9vfoiax5,36,zy0t07g5,2,intro,Instructions,1787598314,1,0,0
9vfoiax5,35,8lotxa0v,1,intro,Consent,1787598316,1,0,0
9vfoiax5,5,47cbw4kl,1,intro,Consent,1787598318,1,0,0
9vfoiax5,3,h6ra9n61,1,intro,Consent,1787598319,1,0,0
9vfoiax5,4,4tucoz6l,1,intro,Consent,1787598319,1,0,0
9vfoiax5,6,w1hg4dq2,1,intro,Consent,1787598322,1,0,0
9vfoiax5,23,f291tr7u,1,intro,Consent,1787598322,1,0,0
9vfoiax5,5,47cbw4kl,2,intro,Instructions,1787598323,1,0,0
9vfoiax5,24,w3cukoe0,1,intro,Consent,1787598333,1,0,0
9vfoiax5,8,f0dtgw15,1,intro,Consent,1787598336,1,0,0
9vfoiax5,22,4yux8e22,1,intro,Consent,1787598342,1,0,0
9vfoiax5,11,454urtzl,2,intro,Instructions,1787598348,1,0,0
9vfoiax5,7,2am1bt7m,1,intro,Consent,1787598348,1,0,0
9vfoiax5,10,edlvyy4x,2,intro,Instructions,1787598356,1,0,0
9vfoiax5,3,h6ra9n61,2,intro,Instructions,1787598360,1,0,0
9vfoiax5,21,cuq5iz33,2,intro,Instructions,1787598363,1,0,0
9vfoiax5,16,t6rthajw,2,intro,Instructions,1787598363,1,0,0
9vfoiax5,28,sp03734d,2,intro,Instructions,1787598364,1,0,0
9vfoiax5,35,8lotxa0v,2,intro,Instructions,1787598366,1,0,0
9vfoiax5,13,pm665xdw,2,intro,Instructions,1787598368,1,0,0
9vfoiax5,17,wel7w6gg,2,intro,Instructions,1787598371,1,0,0
9vfoiax5,2,ttbhrq7x,2,intro,Instructions,1787598385,1,0,0
9vfoiax5,12,y7r9sa4u,2,intro,Instructions,1787598386,1,0,0
9vfoiax5,14,qgszrtu9,2,intro,Instructions,1787598388,1,0,0
9vfoiax5,31,ki9t1ots,1,intro,Consent,1787598389,1,0,0
9vfoiax5,15,0z4ddbix,1,intro,Consent,1787598389,1,0,0
9vfoiax5,32,8ygvklh3,2,intro,Instructions,1787598390,1,0,0
9vfoiax5,9,gtr4o4u4,1,intro,Consent,1787598391,1,0,0
9vfoiax5,20,atqtlu6a,2,intro,Instructions,1787598399,1,0,0
9vfoiax5,29,m7hitpc7,1,intro,Consent,1787598403,1,0,0
9vfoiax5,18,u4dpd5wy,2,intro,Instructions,1787598408,1,0,0
9vfoiax5,34,mrwqmc94,2,intro,Instructions,1787598409,1,0,0
9vfoiax5,31,ki9t1ots,2,intro,Instructions,1787598410,1,0,0
9vfoiax5,23,f291tr7u,2,intro,Instructions,1787598412,1,0,0
9vfoiax5,11,454urtzl,3,intro,comprehensionQuestions,1787598421,1,0,0
9vfoiax5,22,4yux8e22,2,intro,Instructions,1787598423,1,0,0
9vfoiax5,9,gtr4o4u4,2,intro,Instructions,1787598429,1,0,0
9vfoiax5,17,wel7w6gg,3,intro,comprehensionQuestions,1787598430,1,0,0
9vfoiax5,4,4tucoz6l,2,intro,Instructions,1787598431,1,0,0
9vfoiax5,29,m7hitpc7,2,intro,Instructions,1787598431,1,0,0
9vfoiax5,6,w1hg4dq2,2,intro,Instructions,1787598432,1,0,0
9vfoiax5,26,4zd5ned9,2,intro,Instructions,1787598435,1,0,0
9vfoiax5,37,zs0yllk7,0,,InitializeParticipant,1787598436,1,0,0
9vfoiax5,11,454urtzl,4,intro,selfAssessment,1787598437,1,0,0
9vfoiax5,17,wel7w6gg,4,intro,selfAssessment,1787598439,1,0,0
9vfoiax5,28,sp03734d,3,intro,comprehensionQuestions,1787598444,1,0,0
9vfoiax5,33,j6pfvo4x,2,intro,Instructions,1787598446,1,0,0
9vfoiax5,30,92y585sb,1,intro,Consent,1787598456,1,0,0
9vfoiax5,28,sp03734d,4,intro,selfAssessment,1787598457,1,0,0
9vfoiax5,8,f0dtgw15,2,intro,Instructions,1787598469,1,0,0
9vfoiax5,38,9ozs75r2,0,,InitializeParticipant,1787598476,1,0,0
9vfoiax5,35,8lotxa0v,3,intro,comprehensionQuestions,1787598483,1,0,0
9vfoiax5,3,h6ra9n61,3,intro,comprehensionQuestions,1787598484,1,0,0
9vfoiax5,19,y3uiqp3t,2,intro,Instructions,1787598487,1,0,0
9vfoiax5,35,8lotxa0v,4,intro,selfAssessment,1787598490,1,0,0
9vfoiax5,21,cuq5iz33,3,intro,comprehensionQuestions,1787598493,1,0,0
9vfoiax5,7,2am1bt7m,2,intro,Instructions,1787598493,1,0,0
9vfoiax5,3,h6ra9n61,4,intro,selfAssessment,1787598494,1,0,0
9vfoiax5,21,cuq5iz33,4,intro,selfAssessment,1787598501,1,0,0
9vfoiax5,12,y7r9sa4u,3,intro,comprehensionQuestions,1787598504,1,0,0
9vfoiax5,15,0z4ddbix,2,intro,Instructions,1787598512,1,0,0
9vfoiax5,12,y7r9sa4u,4,intro,selfAssessment,1787598515,1,0,0
9vfoiax5,9,gtr4o4u4,3,intro,comprehensionQuestions,1787598529,1,0,0
9vfoiax5,14,qgszrtu9,3,intro,comprehensionQuestions,1787598531,1,0,0
9vfoiax5,23,f291tr7u,3,intro,comprehensionQuestions,1787598536,1,0,0
9vfoiax5,9,gtr4o4u4,4,intro,selfAssessment,1787598540,1,0,0
9vfoiax5,14,qgszrtu9,4,intro,selfAssessment,1787598540,1,0,0
9vfoiax5,24,w3cukoe0,2,intro,Instructions,1787598548,1,0,0
9vfoiax5,34,mrwqmc94,3,intro,comprehensionQuestions,1787598549,1,0,0
9vfoiax5,23,f291tr7u,4,intro,selfAssessment,1787598551,1,0,0
9vfoiax5,28,sp03734d,6,main,Trade,1787598553,1,0,0
9vfoiax5,34,mrwqmc94,4,intro,selfAssessment,1787598554,1,0,0
9vfoiax5,35,8lotxa0v,6,main,Trade,1787598555,1,0,0
9vfoiax5,4,4tucoz6l,3,intro,comprehensionQuestions,1787598557,1,0,0
9vfoiax5,16,t6rthajw,3,intro,comprehensionQuestions,1787598558,1,0,0
9vfoiax5,4,4tucoz6l,4,intro,selfAssessment,1787598567,1,0,0
9vfoiax5,16,t6rthajw,4,intro,selfAssessment,1787598568,1,0,0
9vfoiax5,35,8lotxa0v,7,main,RoundFeedback,1787598571,1,0,0
9vfoiax5,8,f0dtgw15,3,intro,comprehensionQuestions,1787598572,1,0,0
9vfoiax5,17,wel7w6gg,6,main,Trade,1787598573,1,0,0
9vfoiax5,5,47cbw4kl,3,intro,comprehensionQuestions,1787598577,1,0,0
9vfoiax5,38,9ozs75r2,1,intro,Consent,1787598579,1,0,0
9vfoiax5,19,y3uiqp3t,3,intro,comprehensionQuestions,1787598580,1,0,0
9vfoiax5,5,47cbw4kl,4,intro,selfAssessment,1787598585,1,0,0
9vfoiax5,11,454urtzl,6,main,Trade,1787598585,1,0,0
9vfoiax5,28,sp03734d,7,main,RoundFeedback,1787598586,1,0,0
9vfoiax5,19,y3uiqp3t,4,intro,selfAssessment,1787598586,1,0,0
9vfoiax5,8,f0dtgw15,4,intro,selfAssessment,1787598588,1,0,0
9vfoiax5,6,w1hg4dq2,3,intro,comprehensionQuestions,1787598590,1,0,0
9vfoiax5,21,cuq5iz33,6,main,Trade,1787598592,1,0,0
9vfoiax5,29,m7hitpc7,3,intro,comprehensionQuestions,1787598597,1,0,0
9vfoiax5,35,8lotxa0v,9,main,Trade,1787598599,2,0,0
9vfoiax5,6,w1hg4dq2,4,intro,selfAssessment,1787598599,1,0,0
9vfoiax5,17,wel7w6gg,7,main,RoundFeedback,1787598600,1,0,0
9vfoiax5,29,m7hitpc7,4,intro,selfAssessment,1787598603,1,0,0
9vfoiax5,10,edlvyy4x,3,intro,comprehensionQuestions,1787598605,1,0,0
9vfoiax5,33,j6pfvo4x,3,intro,comprehensionQuestions,1787598609,1,0,0
9vfoiax5,21,cuq5iz33,7,main,RoundFeedback,1787598610,1,0,0
9vfoiax5,32,8ygvklh3,3,intro,comprehensionQuestions,1787598613,1,0,0
9vfoiax5,20,atqtlu6a,3,intro,comprehensionQuestions,1787598616,1,0,0
9vfoiax5,33,j6pfvo4x,4,intro,selfAssessment,1787598617,1,0,0
9vfoiax5,3,h6ra9n61,6,main,Trade,1787598619,1,0,0
9vfoiax5,30,92y585sb,2,intro,Instructions,1787598620,1,0,0
9vfoiax5,11,454urtzl,7,main,RoundFeedback,1787598620,1,0,0
9vfoiax5,10,edlvyy4x,4,intro,selfAssessment,1787598621,1,0,0
9vfoiax5,32,8ygvklh3,4,intro,selfAssessment,1787598624,1,0,0
9vfoiax5,20,atqtlu6a,4,intro,selfAssessment,1787598627,1,0,0
9vfoiax5,36,zy0t07g5,3,intro,comprehensionQuestions,1787598631,1,0,0
9vfoiax5,35,8lotxa0v,10,main,RoundFeedback,1787598636,2,0,0
9vfoiax5,3,h6ra9n61,7,main,RoundFeedback,1787598637,1,0,0
9vfoiax5,17,wel7w6gg,9,main,Trade,1787598638,2,0,0
9vfoiax5,36,zy0t07g5,4,intro,selfAssessment,1787598638,1,0,0
9vfoiax5,23,f291tr7u,6,main,Trade,1787598651,1,0,0
9vfoiax5,17,wel7w6gg,10,main,RoundFeedback,1787598651,2,0,0
9vfoiax5,35,8lotxa0v,11,main,DataFeeDecision,1787598651,3,0,0
9vfoiax5,5,47cbw4kl,6,main,Trade,1787598654,1,0,0
9vfoiax5,11,454urtzl,9,main,Trade,1787598654,2,0,0
9vfoiax5,28,sp03734d,9,main,Trade,1787598655,2,0,0
9vfoiax5,21,cuq5iz33,9,main,Trade,1787598659,2,0,0
9vfoiax5,18,u4dpd5wy,3,intro,comprehensionQuestions,1787598660,1,0,0
9vfoiax5,27,mknb67le,2,intro,Instructions,1787598663,1,0,0
9vfoiax5,9,gtr4o4u4,6,main,Trade,1787598663,1,0,0
9vfoiax5,17,wel7w6gg,11,main,DataFeeDecision,1787598665,3,0,0
9vfoiax5,16,t6rthajw,6,main,Trade,1787598669,1,0,0
9vfoiax5,37,zs0yllk7,1,intro,Consent,1787598672,1,0,0
9vfoiax5,11,454urtzl,10,main,RoundFeedback,1787598673,2,0,0
9vfoiax5,18,u4dpd5wy,4,intro,selfAssessment,1787598674,1,0,0
9vfoiax5,5,47cbw4kl,7,main,RoundFeedback,1787598676,1,0,0
9vfoiax5,21,cuq5iz33,10,main,RoundFeedback,1787598677,2,0,0
9vfoiax5,37,zs0yllk7,2,intro,Instructions,1787598678,1,0,0
9vfoiax5,28,sp03734d,10,main,RoundFeedback,1787598683,2,0,0
9vfoiax5,9,gtr4o4u4,7,main,RoundFeedback,1787598684,1,0,0
9vfoiax5,23,f291tr7u,7,main,RoundFeedback,1787598684,1,0,0
9vfoiax5,16,t6rthajw,7,main,RoundFeedback,1787598685,1,0,0
9vfoiax5,11,454urtzl,11,main,DataFeeDecision,1787598686,3,0,0
9vfoiax5,13,pm665xdw,3,intro,comprehensionQuestions,1787598686,1,0,0
9vfoiax5,35,8lotxa0v,12,main,Trade,1787598686,3,0,0
9vfoiax5,34,mrwqmc94,6,main,Trade,1787598690,1,0,0
9vfoiax5,3,h6ra9n61,9,main,Trade,1787598691,2,0,0
9vfoiax5,13,pm665xdw,4,intro,selfAssessment,1787598692,1,0,0
9vfoiax5,4,4tucoz6l,6,main,Trade,1787598695,1,0,0
9vfoiax5,14,qgszrtu9,6,main,Trade,1787598696,1,0,0
9vfoiax5,38,9ozs75r2,2,intro,Instructions,1787598697,1,0,0
9vfoiax5,21,cuq5iz33,11,main,DataFeeDecision,1787598697,3,0,0
9vfoiax5,31,ki9t1ots,3,intro,comprehensionQuestions,1787598699,1,0,0
9vfoiax5,35,8lotxa0v,13,main,RoundFeedback,1787598700,3,0,0
9vfoiax5,19,y3uiqp3t,6,main,Trade,1787598700,1,0,0
9vfoiax5,17,wel7w6gg,12,main,Trade,1787598702,3,0,0
9vfoiax5,35,8lotxa0v,14,main,DataFeeDecision,1787598705,4,0,0
9vfoiax5,17,wel7w6gg,13,main,RoundFeedback,1787598706,3,0,0
9vfoiax5,3,h6ra9n61,10,main,RoundFeedback,1787598707,2,0,0
9vfoiax5,31,ki9t1ots,4,intro,selfAssessment,1787598708,1,0,0
9vfoiax5,28,sp03734d,11,main,DataFeeDecision,1787598710,3,0,0
9vfoiax5,17,wel7w6gg,14,main,DataFeeDecision,1787598712,4,0,0
9vfoiax5,34,mrwqmc94,7,main,RoundFeedback,1787598717,1,0,0
9vfoiax5,19,y3uiqp3t,7,main,RoundFeedback,1787598717,1,0,0
9vfoiax5,14,qgszrtu9,7,main,RoundFeedback,1787598719,1,0,0
9vfoiax5,26,4zd5ned9,3,intro,comprehensionQuestions,1787598719,1,0,0
9vfoiax5,21,cuq5iz33,12,main,Trade,1787598722,3,0,0
9vfoiax5,16,t6rthajw,9,main,Trade,1787598726,2,0,0
9vfoiax5,4,4tucoz6l,7,main,RoundFeedback,1787598727,1,0,0
9vfoiax5,35,8lotxa0v,15,main,Trade,1787598729,4,0,0
9vfoiax5,12,y7r9sa4u,6,main,Trade,1787598729,1,0,0
9vfoiax5,3,h6ra9n61,11,main,DataFeeDecision,1787598731,3,0,0
9vfoiax5,21,cuq5iz33,13,main,RoundFeedback,1787598734,3,0,0
9vfoiax5,26,4zd5ned9,4,intro,selfAssessment,1787598734,1,0,0
9vfoiax5,35,8lotxa0v,16,main,RoundFeedback,1787598734,4,0,0
9vfoiax5,7,2am1bt7m,3,intro,comprehensionQuestions,1787598735,1,0,0
9vfoiax5,16,t6rthajw,10,main,RoundFeedback,1787598735,2,0,0
9vfoiax5,11,454urtzl,12,main,Trade,1787598735,3,0,0
9vfoiax5,35,8lotxa0v,17,main,DataFeeDecision,1787598737,5,0,0
9vfoiax5,30,92y585sb,3,intro,comprehensionQuestions,1787598739,1,0,0
9vfoiax5,21,cuq5iz33,14,main,DataFeeDecision,1787598740,4,0,0
9vfoiax5,29,m7hitpc7,6,main,Trade,1787598746,1,0,0
9vfoiax5,7,2am1bt7m,4,intro,selfAssessment,1787598747,1,0,0
9vfoiax5,16,t6rthajw,11,main,DataFeeDecision,1787598749,3,0,0
9vfoiax5,17,wel7w6gg,15,main,Trade,1787598752,4,0,0
9vfoiax5,30,92y585sb,4,intro,selfAssessment,1787598753,1,0,0
9vfoiax5,9,gtr4o4u4,9,main,Trade,1787598753,2,0,0
9vfoiax5,36,zy0t07g5,6,main,Trade,1787598754,1,0,0
9vfoiax5,12,y7r9sa4u,7,main,RoundFeedback,1787598755,1,0,0
9vfoiax5,5,47cbw4kl,9,main,Trade,1787598755,2,0,0
9vfoiax5,35,8lotxa0v,18,main,Trade,1787598758,5,0,0
9vfoiax5,17,wel7w6gg,16,main,RoundFeedback,1787598759,4,0,0
9vfoiax5,36,zy0t07g5,7,main,RoundFeedback,1787598760,1,0,0
9vfoiax5,11,454urtzl,13,main,RoundFeedback,1787598761,3,0,0
9vfoiax5,17,wel7w6gg,17,main,DataFeeDecision,1787598761,5,0,0
9vfoiax5,21,cuq5iz33,15,main,Trade,1787598762,4,0,0
9vfoiax5,11,454urtzl,14,main,DataFeeDecision,1787598766,4,0,0
9vfoiax5,35,8lotxa0v,19,main,RoundFeedback,1787598766,5,0,0
9vfoiax5,29,m7hitpc7,7,main,RoundFeedback,1787598766,1,0,0
9vfoiax5,19,y3uiqp3t,9,main,Trade,1787598769,2,0,0
9vfoiax5,34,mrwqmc94,9,main,Trade,1787598769,2,0,0
9vfoiax5,21,cuq5iz33,16,main,RoundFeedback,1787598769,4,0,0
9vfoiax5,35,8lotxa0v,20,main,DataFeeDecision,1787598770,6,0,0
9vfoiax5,20,atqtlu6a,6,main,Trade,1787598772,1,0,0
9vfoiax5,21,cuq5iz33,17,main,DataFeeDecision,1787598774,5,0,0
9vfoiax5,23,f291tr7u,9,main,Trade,1787598774,2,0,0
9vfoiax5,3,h6ra9n61,12,main,Trade,1787598779,3,0,0
9vfoiax5,33,j6pfvo4x,6,main,Trade,1787598779,1,0,0
9vfoiax5,24,w3cukoe0,3,intro,comprehensionQuestions,1787598783,1,0,0
9vfoiax5,34,mrwqmc94,10,main,RoundFeedback,1787598785,2,0,0
9vfoiax5,5,47cbw4kl,10,main,RoundFeedback,1787598785,2,0,0
9vfoiax5,19,y3uiqp3t,10,main,RoundFeedback,1787598785,2,0,0
9vfoiax5,8,f0dtgw15,6,main,Trade,1787598786,1,0,0
9vfoiax5,35,8lotxa0v,21,main,Trade,1787598786,6,0,0
9vfoiax5,3,h6ra9n61,13,main,RoundFeedback,1787598790,3,0,0
9vfoiax5,23,f291tr7u,10,main,RoundFeedback,1787598790,2,0,0
9vfoiax5,35,8lotxa0v,22,main,RoundFeedback,1787598792,6,0,0
9vfoiax5,17,wel7w6gg,18,main,Trade,1787598794,5,0,0
9vfoiax5,9,gtr4o4u4,10,main,RoundFeedback,1787598794,2,0,0
9vfoiax5,3,h6ra9n61,14,main,DataFeeDecision,1787598795,4,0,0
9vfoiax5,35,8lotxa0v,23,main,DataFeeDecision,1787598795,7,0,0
9vfoiax5,20,atqtlu6a,7,main,RoundFeedback,1787598797,1,0,0
9vfoiax5,34,mrwqmc94,11,main,DataFeeDecision,1787598799,3,0,0
9vfoiax5,4,4tucoz6l,9,main,Trade,1787598799,2,0,0
9vfoiax5,21,cuq5iz33,18,main,Trade,1787598799,5,0,0
9vfoiax5,32,8ygvklh3,6,main,Trade,1787598799,1,0,0
9vfoiax5,14,qgszrtu9,9,main,Trade,1787598799,2,0,0
9vfoiax5,28,sp03734d,12,main,Trade,1787598800,3,0,0
9vfoiax5,19,y3uiqp3t,11,main,DataFeeDecision,1787598801,3,0,0
9vfoiax5,36,zy0t07g5,9,main,Trade,1787598801,2,0,0
9vfoiax5,5,47cbw4kl,11,main,DataFeeDecision,1787598802,3,0,0
9vfoiax5,16,t6rthajw,12,main,Trade,1787598802,3,0,0
9vfoiax5,36,zy0t07g5,10,main,RoundFeedback,1787598804,2,0,0
9vfoiax5,9,gtr4o4u4,11,main,DataFeeDecision,1787598805,3,0,0
9vfoiax5,21,cuq5iz33,19,main,RoundFeedback,1787598809,5,0,0
9vfoiax5,24,w3cukoe0,4,intro,selfAssessment,1787598809,1,0,0
9vfoiax5,11,454urtzl,15,main,Trade,1787598810,4,0,0
9vfoiax5,10,edlvyy4x,6,main,Trade,1787598811,1,0,0
9vfoiax5,32,8ygvklh3,7,main,RoundFeedback,1787598811,1,0,0
9vfoiax5,28,sp03734d,13,main,RoundFeedback,1787598813,3,0,0
9vfoiax5,14,qgszrtu9,10,main,RoundFeedback,1787598813,2,0,0
9vfoiax5,21,cuq5iz33,20,main,DataFeeDecision,1787598814,6,0,0
9vfoiax5,16,t6rthajw,13,main,RoundFeedback,1787598814,3,0,0
9vfoiax5,23,f291tr7u,11,main,DataFeeDecision,1787598815,3,0,0
9vfoiax5,4,4tucoz6l,10,main,RoundFeedback,1787598815,2,0,0
9vfoiax5,2,ttbhrq7x,3,intro,comprehensionQuestions,1787598815,1,0,0
9vfoiax5,36,zy0t07g5,11,main,DataFeeDecision,1787598818,3,0,0
9vfoiax5,17,wel7w6gg,19,main,RoundFeedback,1787598819,5,0,0
9vfoiax5,35,8lotxa0v,24,main,Trade,1787598820,7,0,0
9vfoiax5,16,t6rthajw,14,main,DataFeeDecision,1787598820,4,0,0
9vfoiax5,11,454urtzl,16,main,RoundFeedback,1787598821,4,0,0
9vfoiax5,8,f0dtgw15,7,main,RoundFeedback,1787598824,1,0,0
9vfoiax5,11,454urtzl,17,main,DataFeeDecision,1787598826,5,0,0
9vfoiax5,28,sp03734d,14,main,DataFeeDecision,1787598826,4,0,0
9vfoiax5,2,ttbhrq7x,4,intro,selfAssessment,1787598828,1,0,0
9vfoiax5,22,4yux8e22,3,intro,comprehensionQuestions,1787598828,1,0,0
9vfoiax5,17,wel7w6gg,20,main,DataFeeDecision,1787598829,6,0,0
9vfoiax5,14,qgszrtu9,11,main,DataFeeDecision,1787598829,3,0,0
9vfoiax5,3,h6ra9n61,15,main,Trade,1787598830,4,0,0
9vfoiax5,4,4tucoz6l,11,main,DataFeeDecision,1787598831,3,0,0
9vfoiax5,35,8lotxa0v,25,main,RoundFeedback,1787598831,7,0,0
9vfoiax5,33,j6pfvo4x,7,main,RoundFeedback,1787598834,1,0,0
9vfoiax5,3,h6ra9n61,16,main,RoundFeedback,1787598835,4,0,0
9vfoiax5,35,8lotxa0v,26,main,DataFeeDecision,1787598835,8,0,0
9vfoiax5,21,cuq5iz33,21,main,Trade,1787598840,6,0,0
9vfoiax5,3,h6ra9n61,17,main,DataFeeDecision,1787598841,5,0,0
9vfoiax5,10,edlvyy4x,7,main,RoundFeedback,1787598842,1,0,0
9vfoiax5,29,m7hitpc7,9,main,Trade,1787598843,2,0,0
9vfoiax5,34,mrwqmc94,12,main,Trade,1787598847,3,0,0
9vfoiax5,21,cuq5iz33,22,main,RoundFeedback,1787598848,6,0,0
9vfoiax5,22,4yux8e22,4,intro,selfAssessment,1787598851,1,0,0
9vfoiax5,16,t6rthajw,15,main,Trade,1787598852,4,0,0
9vfoiax5,21,cuq5iz33,23,main,DataFeeDecision,1787598854,7,0,0
9vfoiax5,6,w1hg4dq2,6,main,Trade,1787598856,1,0,0
9vfoiax5,13,pm665xdw,6,main,Trade,1787598858,1,0,0
9vfoiax5,19,y3uiqp3t,12,main,Trade,1787598859,3,0,0
9vfoiax5,17,wel7w6gg,21,main,Trade,1787598859,6,0,0
9vfoiax5,29,m7hitpc7,10,main,RoundFeedback,1787598861,2,0,0
9vfoiax5,4,4tucoz6l,12,main,Trade,1787598862,3,0,0
9vfoiax5,35,8lotxa0v,27,main,Trade,1787598862,8,0,0
9vfoiax5,31,ki9t1ots,6,main,Trade,1787598863,1,0,0
9vfoiax5,34,mrwqmc94,13,main,RoundFeedback,1787598865,3,0,0
9vfoiax5,3,h6ra9n61,18,main,Trade,1787598867,5,0,0
9vfoiax5,11,454urtzl,18,main,Trade,1787598868,5,0,0
9vfoiax5,14,qgszrtu9,12,main,Trade,1787598868,3,0,0
9vfoiax5,16,t6rthajw,16,main,RoundFeedback,1787598868,4,0,0
9vfoiax5,3,h6ra9n61,19,main,RoundFeedback,1787598870,5,0,0
9vfoiax5,35,8lotxa0v,28,main,RoundFeedback,1787598871,8,0,0
9vfoiax5,19,y3uiqp3t,13,main,RoundFeedback,1787598871,3,0,0
9vfoiax5,18,u4dpd5wy,6,main,Trade,1787598871,1,0,0
9vfoiax5,3,h6ra9n61,20,main,DataFeeDecision,1787598873,6,0,0
9vfoiax5,33,j6pfvo4x,9,main,Trade,1787598873,2,0,0
9vfoiax5,39,nn4f2puj,0,,InitializeParticipant,1787598875,1,0,0
9vfoiax5,21,cuq5iz33,24,main,Trade,1787598875,7,0,0
9vfoiax5,35,8lotxa0v,29,main,DataFeeDecision,1787598875,9,0,0
9vfoiax5,16,t6rthajw,17,main,DataFeeDecision,1787598877,5,0,0
9vfoiax5,14,qgszrtu9,13,main,RoundFeedback,1787598877,3,0,0
9vfoiax5,17,wel7w6gg,22,main,RoundFeedback,1787598879,6,0,0
9vfoiax5,11,454urtzl,19,main,RoundFeedback,1787598879,5,0,0
9vfoiax5,4,4tucoz6l,13,main,RoundFeedback,1787598879,3,0,0
9vfoiax5,28,sp03734d,15,main,Trade,1787598879,4,0,0
9vfoiax5,19,y3uiqp3t,14,main,DataFeeDecision,1787598880,4,0,0
9vfoiax5,34,mrwqmc94,14,main,DataFeeDecision,1787598882,4,0,0
9vfoiax5,14,qgszrtu9,14,main,DataFeeDecision,1787598882,4,0,0
9vfoiax5,21,cuq5iz33,25,main,RoundFeedback,1787598883,7,0,0
9vfoiax5,11,454urtzl,20,main,DataFeeDecision,1787598884,6,0,0
9vfoiax5,17,wel7w6gg,23,main,DataFeeDecision,1787598886,7,0,0
9vfoiax5,29,m7hitpc7,11,main,DataFeeDecision,1787598887,3,0,0
9vfoiax5,33,j6pfvo4x,10,main,RoundFeedback,1787598887,2,0,0
9vfoiax5,4,4tucoz6l,14,main,DataFeeDecision,1787598887,4,0,0
9vfoiax5,21,cuq5iz33,26,main,DataFeeDecision,1787598887,8,0,0
9vfoiax5,15,0z4ddbix,3,intro,comprehensionQuestions,1787598888,1,0,0
9vfoiax5,36,zy0t07g5,12,main,Trade,1787598889,3,0,0
9vfoiax5,27,mknb67le,3,intro,comprehensionQuestions,1787598889,1,0,0
9vfoiax5,20,atqtlu6a,9,main,Trade,1787598889,2,0,0
9vfoiax5,31,ki9t1ots,7,main,RoundFeedback,1787598891,1,0,0
9vfoiax5,8,f0dtgw15,9,main,Trade,1787598895,2,0,0
9vfoiax5,9,gtr4o4u4,12,main,Trade,1787598895,3,0,0
9vfoiax5,37,zs0yllk7,3,intro,comprehensionQuestions,1787598898,1,0,0
9vfoiax5,7,2am1bt7m,6,main,Trade,1787598898,1,0,0
9vfoiax5,15,0z4ddbix,4,intro,selfAssessment,1787598899,1,0,0
9vfoiax5,36,zy0t07g5,13,main,RoundFeedback,1787598900,3,0,0
9vfoiax5,5,47cbw4kl,12,main,Trade,1787598900,3,0,0
9vfoiax5,3,h6ra9n61,21,main,Trade,1787598901,6,0,0
9vfoiax5,21,cuq5iz33,27,main,Trade,1787598902,8,0,0
9vfoiax5,3,h6ra9n61,22,main,RoundFeedback,1787598905,6,0,0
9vfoiax5,20,atqtlu6a,10,main,RoundFeedback,1787598905,2,0,0
9vfoiax5,18,u4dpd5wy,7,main,RoundFeedback,1787598905,1,0,0
9vfoiax5,35,8lotxa0v,30,main,Trade,1787598905,9,0,0
9vfoiax5,28,sp03734d,16,main,RoundFeedback,1787598905,4,0,0
9vfoiax5,38,9ozs75r2,3,intro,comprehensionQuestions,1787598905,1,0,0
9vfoiax5,6,w1hg4dq2,7,main,RoundFeedback,1787598906,1,0,0
9vfoiax5,36,zy0t07g5,14,main,DataFeeDecision,1787598907,4,0,0
9vfoiax5,9,gtr4o4u4,13,main,RoundFeedback,1787598907,3,0,0
9vfoiax5,21,cuq5iz33,28,main,RoundFeedback,1787598908,8,0,0
9vfoiax5,26,4zd5ned9,6,main,Trade,1787598909,1,0,0
9vfoiax5,35,8lotxa0v,31,main,RoundFeedback,1787598909,9,0,0
9vfoiax5,27,mknb67le,4,intro,selfAssessment,1787598910,1,0,0
9vfoiax5,9,gtr4o4u4,14,main,DataFeeDecision,1787598912,4,0,0
9vfoiax5,33,j6pfvo4x,11,main,DataFeeDecision,1787598912,3,0,0
9vfoiax5,21,cuq5iz33,29,main,DataFeeDecision,1787598913,9,0,0
9vfoiax5,35,8lotxa0v,32,main,DataFeeDecision,1787598913,10,0,0
9vfoiax5,3,h6ra9n61,23,main,DataFeeDecision,1787598913,7,0,0
9vfoiax5,28,sp03734d,17,main,DataFeeDecision,1787598913,5,0,0
9vfoiax5,13,pm665xdw,7,main,RoundFeedback,1787598914,1,0,0
9vfoiax5,32,8ygvklh3,9,main,Trade,1787598915,2,0,0
9vfoiax5,5,47cbw4kl,13,main,RoundFeedback,1787598915,3,0,0
9vfoiax5,38,9ozs75r2,4,intro,selfAssessment,1787598918,1,0,0
9vfoiax5,8,f0dtgw15,10,main,RoundFeedback,1787598919,2,0,0
9vfoiax5,32,8ygvklh3,10,main,RoundFeedback,1787598920,2,0,0
9vfoiax5,37,zs0yllk7,4,intro,selfAssessment,1787598920,1,0,0
9vfoiax5,5,47cbw4kl,14,main,DataFeeDecision,1787598920,4,0,0
9vfoiax5,11,454urtzl,21,main,Trade,1787598923,6,0,0
9vfoiax5,20,atqtlu6a,11,main,DataFeeDecision,1787598925,3,0,0
9vfoiax5,39,nn4f2puj,1,intro,Consent,1787598925,1,0,0
9vfoiax5,4,4tucoz6l,15,main,Trade,1787598926,4,0,0
9vfoiax5,12,y7r9sa4u,9,main,Trade,1787598927,2,0,0
9vfoiax5,35,8lotxa0v,33,main,Trade,1787598929,10,0,0
9vfoiax5,16,t6rthajw,18,main,Trade,1787598931,5,0,0
9vfoiax5,23,f291tr7u,12,main,Trade,1787598931,3,0,0
9vfoiax5,7,2am1bt7m,7,main,RoundFeedback,1787598931,1,0,0
9vfoiax5,11,454urtzl,22,main,RoundFeedback,1787598932,6,0,0
9vfoiax5,3,h6ra9n61,24,main,Trade,1787598933,7,0,0
9vfoiax5,19,y3uiqp3t,15,main,Trade,1787598933,4,0,0
9vfoiax5,32,8ygvklh3,11,main,DataFeeDecision,1787598936,3,0,0
9vfoiax5,3,h6ra9n61,25,main,RoundFeedback,1787598936,7,0,0
9vfoiax5,33,j6pfvo4x,12,main,Trade,1787598937,3,0,0
9vfoiax5,11,454urtzl,23,main,DataFeeDecision,1787598938,7,0,0
9vfoiax5,19,y3uiqp3t,16,main,RoundFeedback,1787598938,4,0,0
9vfoiax5,8,f0dtgw15,11,main,DataFeeDecision,1787598939,3,0,0
9vfoiax5,35,8lotxa0v,34,main,RoundFeedback,1787598939,10,0,0
9vfoiax5,3,h6ra9n61,26,main,DataFeeDecision,1787598940,8,0,0
9vfoiax5,12,y7r9sa4u,10,main,RoundFeedback,1787598941,2,0,0
9vfoiax5,26,4zd5ned9,7,main,RoundFeedback,1787598941,1,0,0
9vfoiax5,21,cuq5iz33,30,main,Trade,1787598943,9,0,0
9vfoiax5,35,8lotxa0v,35,main,DataFeeDecision,1787598945,11,0,0
9vfoiax5,19,y3uiqp3t,17,main,DataFeeDecision,1787598945,5,0,0
9vfoiax5,16,t6rthajw,19,main,RoundFeedback,1787598945,5,0,0
9vfoiax5,14,qgszrtu9,15,main,Trade,1787598947,4,0,0
9vfoiax5,36,zy0t07g5,15,main,Trade,1787598950,4,0,0
9vfoiax5,33,j6pfvo4x,13,main,RoundFeedback,1787598951,3,0,0
9vfoiax5,21,cuq5iz33,31,main,RoundFeedback,1787598951,9,0,0
9vfoiax5,16,t6rthajw,20,main,DataFeeDecision,1787598951,6,0,0
9vfoiax5,21,cuq5iz33,32,main,DataFeeDecision,1787598954,10,0,0
9vfoiax5,23,f291tr7u,13,main,RoundFeedback,1787598954,3,0,0
9vfoiax5,35,8lotxa0v,36,main,Trade,1787598954,11,0,0
9vfoiax5,36,zy0t07g5,16,main,RoundFeedback,1787598955,4,0,0
9vfoiax5,30,92y585sb,6,main,Trade,1787598956,1,0,0
9vfoiax5,14,qgszrtu9,16,main,RoundFeedback,1787598957,4,0,0
9vfoiax5,35,8lotxa0v,37,main,RoundFeedback,1787598957,11,0,0
9vfoiax5,4,4tucoz6l,16,main,RoundFeedback,1787598958,4,0,0
9vfoiax5,29,m7hitpc7,12,main,Trade,1787598959,3,0,0
9vfoiax5,35,8lotxa0v,38,main,DataFeeDecision,1787598960,12,0,0
9vfoiax5,2,ttbhrq7x,6,main,Trade,1787598961,1,0,0
9vfoiax5,36,zy0t07g5,17,main,DataFeeDecision,1787598962,5,0,0
9vfoiax5,23,f291tr7u,14,main,DataFeeDecision,1787598963,4,0,0
9vfoiax5,5,47cbw4kl,15,main,Trade,1787598963,4,0,0
9vfoiax5,14,qgszrtu9,17,main,DataFeeDecision,1787598963,5,0,0
9vfoiax5,33,j6pfvo4x,14,main,DataFeeDecision,1787598964,4,0,0
9vfoiax5,4,4tucoz6l,17,main,DataFeeDecision,1787598965,5,0,0
9vfoiax5,3,h6ra9n61,27,main,Trade,1787598966,8,0,0
9vfoiax5,9,gtr4o4u4,15,main,Trade,1787598967,4,0,0
9vfoiax5,24,w3cukoe0,6,main,Trade,1787598969,1,0,0
9vfoiax5,17,wel7w6gg,24,main,Trade,1787598972,7,0,0
9vfoiax5,34,mrwqmc94,15,main,Trade,1787598972,4,0,0
9vfoiax5,12,y7r9sa4u,11,main,DataFeeDecision,1787598973,3,0,0
9vfoiax5,3,h6ra9n61,28,main,RoundFeedback,1787598973,8,0,0
9vfoiax5,32,8ygvklh3,12,main,Trade,1787598975,3,0,0
9vfoiax5,9,gtr4o4u4,16,main,RoundFeedback,1787598977,4,0,0
9vfoiax5,3,h6ra9n61,29,main,DataFeeDecision,1787598978,9,0,0
9vfoiax5,39,nn4f2puj,2,intro,Instructions,1787598981,1,0,0
9vfoiax5,9,gtr4o4u4,17,main,DataFeeDecision,1787598981,5,0,0
9vfoiax5,34,mrwqmc94,16,main,RoundFeedback,1787598981,4,0,0
9vfoiax5,11,454urtzl,24,main,Trade,1787598982,7,0,0
9vfoiax5,5,47cbw4kl,16,main,RoundFeedback,1787598983,4,0,0
9vfoiax5,16,t6rthajw,21,main,Trade,1787598983,6,0,0
9vfoiax5,29,m7hitpc7,13,main,RoundFeedback,1787598983,3,0,0
9vfoiax5,2,ttbhrq7x,7,main,RoundFeedback,1787598984,1,0,0
9vfoiax5,35,8lotxa0v,39,main,Trade,1787598985,12,0,0
9vfoiax5,34,mrwqmc94,17,main,DataFeeDecision,1787598987,5,0,0
9vfoiax5,21,cuq5iz33,33,main,Trade,1787598989,10,0,0
9vfoiax5,3,h6ra9n61,30,main,Trade,1787598989,9,0,0
9vfoiax5,35,8lotxa0v,40,main,RoundFeedback,1787598990,12,0,0
9vfoiax5,32,8ygvklh3,13,main,RoundFeedback,1787598990,3,0,0
9vfoiax5,29,m7hitpc7,14,main,DataFeeDecision,1787598991,4,0,0
9vfoiax5,11,454urtzl,25,main,RoundFeedback,1787598991,7,0,0
9vfoiax5,5,47cbw4kl,17,main,DataFeeDecision,1787598991,5,0,0
9vfoiax5,6,w1hg4dq2,9,main,Trade,1787598992,2,0,0
9vfoiax5,14,qgszrtu9,18,main,Trade,1787598992,5,0,0
9vfoiax5,13,pm665xdw,9,main,Trade,1787598993,2,0,0
9vfoiax5,4,4tucoz6l,18,main,Trade,1787598993,5,0,0
9vfoiax5,21,cuq5iz33,34,main,RoundFeedback,1787598993,10,0,0
9vfoiax5,35,8lotxa0v,41,main,DataFeeDecision,1787598993,13,0,0
9vfoiax5,16,t6rthajw,22,main,RoundFeedback,1787598994,6,0,0
9vfoiax5,11,454urtzl,26,main,DataFeeDecision,1787598995,8,0,0
9vfoiax5,10,edlvyy4x,9,main,Trade,1787598995,2,0,0
9vfoiax5,21,cuq5iz33,35,main,DataFeeDecision,1787598995,11,0,0
9vfoiax5,3,h6ra9n61,31,main,RoundFeedback,1787598996,9,0,0
9vfoiax5,16,t6rthajw,23,main,DataFeeDecision,1787598998,7,0,0
9vfoiax5,17,wel7w6gg,25,main,RoundFeedback,1787598998,7,0,0
9vfoiax5,3,h6ra9n61,32,main,DataFeeDecision,1787599001,10,0,0
9vfoiax5,36,zy0t07g5,18,main,Trade,1787599001,5,0,0
9vfoiax5,17,wel7w6gg,26,main,DataFeeDecision,1787599001,8,0,0
9vfoiax5,14,qgszrtu9,19,main,RoundFeedback,1787599001,5,0,0
9vfoiax5,28,sp03734d,18,main,Trade,1787599004,5,0,0
9vfoiax5,30,92y585sb,7,main,RoundFeedback,1787599004,1,0,0
9vfoiax5,4,4tucoz6l,19,main,RoundFeedback,1787599004,5,0,0
9vfoiax5,14,qgszrtu9,20,main,DataFeeDecision,1787599005,6,0,0
9vfoiax5,6,w1hg4dq2,10,main,RoundFeedback,1787599006,2,0,0
9vfoiax5,36,zy0t07g5,19,main,RoundFeedback,1787599007,5,0,0
9vfoiax5,10,edlvyy4x,10,main,RoundFeedback,1787599009,2,0,0
9vfoiax5,32,8ygvklh3,14,main,DataFeeDecision,1787599010,4,0,0
9vfoiax5,36,zy0t07g5,20,main,DataFeeDecision,1787599010,6,0,0
9vfoiax5,33,j6pfvo4x,15,main,Trade,1787599010,4,0,0
9vfoiax5,35,8lotxa0v,42,main,Trade,1787599011,13,0,0
9vfoiax5,24,w3cukoe0,7,main,RoundFeedback,1787599013,1,0,0
9vfoiax5,35,8lotxa0v,43,main,RoundFeedback,1787599016,13,0,0
9vfoiax5,4,4tucoz6l,20,main,DataFeeDecision,1787599016,6,0,0
9vfoiax5,8,f0dtgw15,12,main,Trade,1787599016,3,0,0
9vfoiax5,3,h6ra9n61,33,main,Trade,1787599017,10,0,0
9vfoiax5,33,j6pfvo4x,16,main,RoundFeedback,1787599017,4,0,0
9vfoiax5,35,8lotxa0v,44,main,DataFeeDecision,1787599019,14,0,0
9vfoiax5,3,h6ra9n61,34,main,RoundFeedback,1787599020,10,0,0
9vfoiax5,21,cuq5iz33,36,main,Trade,1787599021,11,0,0
9vfoiax5,13,pm665xdw,10,main,RoundFeedback,1787599021,2,0,0
9vfoiax5,3,h6ra9n61,35,main,DataFeeDecision,1787599022,11,0,0
9vfoiax5,6,w1hg4dq2,11,main,DataFeeDecision,1787599022,3,0,0
9vfoiax5,33,j6pfvo4x,17,main,DataFeeDecision,1787599022,5,0,0
9vfoiax5,21,cuq5iz33,37,main,RoundFeedback,1787599024,11,0,0
9vfoiax5,28,sp03734d,19,main,RoundFeedback,1787599028,5,0,0
9vfoiax5,21,cuq5iz33,38,main,DataFeeDecision,1787599028,12,0,0
9vfoiax5,29,m7hitpc7,15,main,Trade,1787599033,4,0,0
9vfoiax5,28,sp03734d,20,main,DataFeeDecision,1787599034,6,0,0
9vfoiax5,16,t6rthajw,24,main,Trade,1787599034,7,0,0
9vfoiax5,22,4yux8e22,6,main,Trade,1787599034,1,0,0
9vfoiax5,35,8lotxa0v,45,main,Trade,1787599035,14,0,0
9vfoiax5,17,wel7w6gg,27,main,Trade,1787599038,8,0,0
9vfoiax5,10,edlvyy4x,11,main,DataFeeDecision,1787599038,3,0,0
9vfoiax5,8,f0dtgw15,13,main,RoundFeedback,1787599041,3,0,0
9vfoiax5,19,y3uiqp3t,18,main,Trade,1787599041,5,0,0
9vfoiax5,14,qgszrtu9,21,main,Trade,1787599043,6,0,0
9vfoiax5,35,8lotxa0v,46,main,RoundFeedback,1787599044,14,0,0
9vfoiax5,4,4tucoz6l,21,main,Trade,1787599044,6,0,0
9vfoiax5,20,atqtlu6a,12,main,Trade,1787599045,3,0,0
9vfoiax5,2,ttbhrq7x,9,main,Trade,1787599045,2,0,0
9vfoiax5,13,pm665xdw,11,main,DataFeeDecision,1787599046,3,0,0
9vfoiax5,35,8lotxa0v,47,main,DataFeeDecision,1787599047,15,0,0
9vfoiax5,32,8ygvklh3,15,main,Trade,1787599047,4,0,0
9vfoiax5,7,2am1bt7m,9,main,Trade,1787599049,2,0,0
9vfoiax5,22,4yux8e22,7,main,RoundFeedback,1787599050,1,0,0
9vfoiax5,17,wel7w6gg,28,main,RoundFeedback,1787599050,8,0,0
9vfoiax5,8,f0dtgw15,14,main,DataFeeDecision,1787599050,4,0,0
9vfoiax5,14,qgszrtu9,22,main,RoundFeedback,1787599050,6,0,0
9vfoiax5,16,t6rthajw,25,main,RoundFeedback,1787599051,7,0,0
9vfoiax5,5,47cbw4kl,18,main,Trade,1787599053,5,0,0
9vfoiax5,34,mrwqmc94,18,main,Trade,1787599053,5,0,0
9vfoiax5,21,cuq5iz33,39,main,Trade,1787599053,12,0,0
9vfoiax5,4,4tucoz6l,22,main,RoundFeedback,1787599054,6,0,0
9vfoiax5,17,wel7w6gg,29,main,DataFeeDecision,1787599054,9,0,0
9vfoiax5,11,454urtzl,27,main,Trade,1787599055,8,0,0
9vfoiax5,20,atqtlu6a,13,main,RoundFeedback,1787599055,3,0,0
9vfoiax5,32,8ygvklh3,16,main,RoundFeedback,1787599055,4,0,0
9vfoiax5,29,m7hitpc7,16,main,RoundFeedback,1787599055,4,0,0
9vfoiax5,16,t6rthajw,26,main,DataFeeDecision,1787599056,8,0,0
9vfoiax5,14,qgszrtu9,23,main,DataFeeDecision,1787599056,7,0,0
9vfoiax5,19,y3uiqp3t,19,main,RoundFeedback,1787599056,5,0,0
9vfoiax5,9,gtr4o4u4,18,main,Trade,1787599056,5,0,0
9vfoiax5,31,ki9t1ots,9,main,Trade,1787599058,2,0,0
9vfoiax5,11,454urtzl,28,main,RoundFeedback,1787599058,8,0,0
9vfoiax5,19,y3uiqp3t,20,main,DataFeeDecision,1787599059,6,0,0
9vfoiax5,4,4tucoz6l,23,main,DataFeeDecision,1787599060,7,0,0
9vfoiax5,32,8ygvklh3,17,main,DataFeeDecision,1787599061,5,0,0
9vfoiax5,5,47cbw4kl,19,main,RoundFeedback,1787599061,5,0,0
9vfoiax5,20,atqtlu6a,14,main,DataFeeDecision,1787599061,4,0,0
9vfoiax5,3,h6ra9n61,36,main,Trade,1787599061,11,0,0
9vfoiax5,21,cuq5iz33,40,main,RoundFeedback,1787599062,12,0,0
9vfoiax5,26,4zd5ned9,9,main,Trade,1787599063,2,0,0
9vfoiax5,7,2am1bt7m,10,main,RoundFeedback,1787599064,2,0,0
9vfoiax5,11,454urtzl,29,main,DataFeeDecision,1787599064,9,0,0
9vfoiax5,29,m7hitpc7,17,main,DataFeeDecision,1787599064,5,0,0
9vfoiax5,5,47cbw4kl,20,main,DataFeeDecision,1787599065,6,0,0
9vfoiax5,3,h6ra9n61,37,main,RoundFeedback,1787599066,11,0,0
9vfoiax5,21,cuq5iz33,41,main,DataFeeDecision,1787599066,13,0,0
9vfoiax5,9,gtr4o4u4,19,main,RoundFeedback,1787599068,5,0,0
9vfoiax5,2,ttbhrq7x,10,main,RoundFeedback,1787599068,2,0,0
9vfoiax5,3,h6ra9n61,38,main,DataFeeDecision,1787599069,12,0,0
9vfoiax5,36,zy0t07g5,21,main,Trade,1787599069,6,0,0
9vfoiax5,34,mrwqmc94,19,main,RoundFeedback,1787599071,5,0,0
9vfoiax5,33,j6pfvo4x,18,main,Trade,1787599072,5,0,0
9vfoiax5,26,4zd5ned9,10,main,RoundFeedback,1787599073,2,0,0
9vfoiax5,34,mrwqmc94,20,main,DataFeeDecision,1787599075,6,0,0
9vfoiax5,9,gtr4o4u4,20,main,DataFeeDecision,1787599076,6,0,0
9vfoiax5,35,8lotxa0v,48,main,Trade,1787599076,15,0,0
9vfoiax5,36,zy0t07g5,22,main,RoundFeedback,1787599077,6,0,0
9vfoiax5,7,2am1bt7m,11,main,DataFeeDecision,1787599078,3,0,0
9vfoiax5,4,4tucoz6l,24,main,Trade,1787599079,7,0,0
9vfoiax5,31,ki9t1ots,10,main,RoundFeedback,1787599080,2,0,0
9vfoiax5,36,zy0t07g5,23,main,DataFeeDecision,1787599081,7,0,0
9vfoiax5,35,8lotxa0v,49,main,RoundFeedback,1787599082,15,0,0
9vfoiax5,2,ttbhrq7x,11,main,DataFeeDecision,1787599083,3,0,0
9vfoiax5,32,8ygvklh3,18,main,Trade,1787599084,5,0,0
9vfoiax5,32,8ygvklh3,19,main,RoundFeedback,1787599086,5,0,0
9vfoiax5,17,wel7w6gg,30,main,Trade,1787599088,9,0,0
9vfoiax5,35,8lotxa0v,50,main,DataFeeDecision,1787599088,16,0,0
9vfoiax5,33,j6pfvo4x,19,main,RoundFeedback,1787599088,5,0,0
9vfoiax5,4,4tucoz6l,25,main,RoundFeedback,1787599088,7,0,0
9vfoiax5,23,f291tr7u,15,main,Trade,1787599089,4,0,0
9vfoiax5,32,8ygvklh3,20,main,DataFeeDecision,1787599090,6,0,0
9vfoiax5,14,qgszrtu9,24,main,Trade,1787599090,7,0,0
9vfoiax5,15,0z4ddbix,6,main,Trade,1787599091,1,0,0
9vfoiax5,30,92y585sb,9,main,Trade,1787599092,2,0,0
9vfoiax5,4,4tucoz6l,26,main,DataFeeDecision,1787599092,8,0,0
9vfoiax5,38,9ozs75r2,6,main,Trade,1787599092,1,0,0
9vfoiax5,33,j6pfvo4x,20,main,DataFeeDecision,1787599094,6,0,0
9vfoiax5,8,f0dtgw15,15,main,Trade,1787599096,4,0,0
9vfoiax5,6,w1hg4dq2,12,main,Trade,1787599097,3,0,0
9vfoiax5,19,y3uiqp3t,21,main,Trade,1787599098,6,0,0
9vfoiax5,21,cuq5iz33,42,main,Trade,1787599098,13,0,0
9vfoiax5,5,47cbw4kl,21,main,Trade,1787599099,6,0,0
9vfoiax5,26,4zd5ned9,11,main,DataFeeDecision,1787599100,3,0,0
9vfoiax5,17,wel7w6gg,31,main,RoundFeedback,1787599100,9,0,0
9vfoiax5,27,mknb67le,6,main,Trade,1787599101,1,0,0
9vfoiax5,3,h6ra9n61,39,main,Trade,1787599102,12,0,0
9vfoiax5,31,ki9t1ots,11,main,DataFeeDecision,1787599103,3,0,0
9vfoiax5,17,wel7w6gg,32,main,DataFeeDecision,1787599104,10,0,0
9vfoiax5,23,f291tr7u,16,main,RoundFeedback,1787599104,4,0,0
9vfoiax5,19,y3uiqp3t,22,main,RoundFeedback,1787599105,6,0,0
9vfoiax5,35,8lotxa0v,51,main,Trade,1787599105,16,0,0
9vfoiax5,13,pm665xdw,12,main,Trade,1787599105,3,0,0
9vfoiax5,3,h6ra9n61,40,main,RoundFeedback,1787599107,12,0,0
9vfoiax5,29,m7hitpc7,18,main,Trade,1787599107,5,0,0
9vfoiax5,10,edlvyy4x,12,main,Trade,1787599107,3,0,0
9vfoiax5,35,8lotxa0v,52,main,RoundFeedback,1787599108,16,0,0
9vfoiax5,6,w1hg4dq2,13,main,RoundFeedback,1787599109,3,0,0
9vfoiax5,28,sp03734d,21,main,Trade,1787599109,6,0,0
9vfoiax5,19,y3uiqp3t,23,main,DataFeeDecision,1787599109,7,0,0
9vfoiax5,21,cuq5iz33,43,main,RoundFeedback,1787599110,13,0,0
9vfoiax5,5,47cbw4kl,22,main,RoundFeedback,1787599110,6,0,0
9vfoiax5,24,w3cukoe0,9,main,Trade,1787599110,2,0,0
9vfoiax5,35,8lotxa0v,53,main,DataFeeDecision,1787599111,17,0,0
9vfoiax5,23,f291tr7u,17,main,DataFeeDecision,1787599111,5,0,0
9vfoiax5,38,9ozs75r2,7,main,RoundFeedback,1787599112,1,0,0
9vfoiax5,14,qgszrtu9,25,main,RoundFeedback,1787599112,7,0,0
9vfoiax5,9,gtr4o4u4,21,main,Trade,1787599113,6,0,0
9vfoiax5,3,h6ra9n61,41,main,DataFeeDecision,1787599113,13,0,0
9vfoiax5,11,454urtzl,30,main,Trade,1787599113,9,0,0
9vfoiax5,21,cuq5iz33,44,main,DataFeeDecision,1787599114,14,0,0
9vfoiax5,8,f0dtgw15,16,main,RoundFeedback,1787599114,4,0,0
9vfoiax5,6,w1hg4dq2,14,main,DataFeeDecision,1787599116,4,0,0
9vfoiax5,15,0z4ddbix,7,main,RoundFeedback,1787599116,1,0,0
9vfoiax5,4,4tucoz6l,27,main,Trade,1787599117,8,0,0
9vfoiax5,20,atqtlu6a,15,main,Trade,1787599117,4,0,0
9vfoiax5,12,y7r9sa4u,12,main,Trade,1787599117,3,0,0
9vfoiax5,5,47cbw4kl,23,main,DataFeeDecision,1787599118,7,0,0
9vfoiax5,11,454urtzl,31,main,RoundFeedback,1787599118,9,0,0
9vfoiax5,8,f0dtgw15,17,main,DataFeeDecision,1787599118,5,0,0
9vfoiax5,29,m7hitpc7,19,main,RoundFeedback,1787599119,5,0,0
9vfoiax5,13,pm665xdw,13,main,RoundFeedback,1787599119,3,0,0
9vfoiax5,32,8ygvklh3,21,main,Trade,1787599119,6,0,0
9vfoiax5,14,qgszrtu9,26,main,DataFeeDecision,1787599120,8,0,0
9vfoiax5,10,edlvyy4x,13,main,RoundFeedback,1787599120,3,0,0
9vfoiax5,35,8lotxa0v,54,main,Trade,1787599121,17,0,0
9vfoiax5,11,454urtzl,32,main,DataFeeDecision,1787599121,10,0,0
9vfoiax5,35,8lotxa0v,55,main,RoundFeedback,1787599126,17,0,0
9vfoiax5,13,pm665xdw,14,main,DataFeeDecision,1787599127,4,0,0
9vfoiax5,32,8ygvklh3,22,main,RoundFeedback,1787599129,6,0,0
9vfoiax5,36,zy0t07g5,24,main,Trade,1787599130,7,0,0
9vfoiax5,4,4tucoz6l,28,main,RoundFeedback,1787599130,8,0,0
9vfoiax5,35,8lotxa0v,56,main,DataFeeDecision,1787599130,18,0,0
9vfoiax5,18,u4dpd5wy,9,main,Trade,1787599132,2,0,0
9vfoiax5,9,gtr4o4u4,22,main,RoundFeedback,1787599133,6,0,0
9vfoiax5,30,92y585sb,10,main,RoundFeedback,1787599134,2,0,0
9vfoiax5,32,8ygvklh3,23,main,DataFeeDecision,1787599134,7,0,0
9vfoiax5,22,4yux8e22,9,main,Trade,1787599135,2,0,0
9vfoiax5,27,mknb67le,7,main,RoundFeedback,1787599137,1,0,0
9vfoiax5,29,m7hitpc7,20,main,DataFeeDecision,1787599138,6,0,0
9vfoiax5,36,zy0t07g5,25,main,RoundFeedback,1787599139,7,0,0
9vfoiax5,3,h6ra9n61,42,main,Trade,1787599140,13,0,0
9vfoiax5,20,atqtlu6a,16,main,RoundFeedback,1787599140,4,0,0
9vfoiax5,24,w3cukoe0,10,main,RoundFeedback,1787599141,2,0,0
9vfoiax5,36,zy0t07g5,26,main,DataFeeDecision,1787599143,8,0,0
9vfoiax5,9,gtr4o4u4,23,main,DataFeeDecision,1787599143,7,0,0
9vfoiax5,18,u4dpd5wy,10,main,RoundFeedback,1787599143,2,0,0
9vfoiax5,16,t6rthajw,27,main,Trade,1787599145,8,0,0
9vfoiax5,28,sp03734d,22,main,RoundFeedback,1787599145,6,0,0
9vfoiax5,10,edlvyy4x,14,main,DataFeeDecision,1787599145,4,0,0
9vfoiax5,3,h6ra9n61,43,main,RoundFeedback,1787599145,13,0,0
9vfoiax5,34,mrwqmc94,21,main,Trade,1787599146,6,0,0
9vfoiax5,3,h6ra9n61,44,main,DataFeeDecision,1787599148,14,0,0
9vfoiax5,20,atqtlu6a,17,main,DataFeeDecision,1787599149,5,0,0
9vfoiax5,5,47cbw4kl,24,main,Trade,1787599150,7,0,0
9vfoiax5,7,2am1bt7m,12,main,Trade,1787599151,3,0,0
9vfoiax5,35,8lotxa0v,57,main,Trade,1787599152,18,0,0
9vfoiax5,28,sp03734d,23,main,DataFeeDecision,1787599152,7,0,0
9vfoiax5,35,8lotxa0v,58,main,RoundFeedback,1787599156,18,0,0
9vfoiax5,12,y7r9sa4u,13,main,RoundFeedback,1787599156,3,0,0
9vfoiax5,16,t6rthajw,28,main,RoundFeedback,1787599158,8,0,0
9vfoiax5,35,8lotxa0v,59,main,DataFeeDecision,1787599159,19,0,0
9vfoiax5,21,cuq5iz33,45,main,Trade,1787599159,14,0,0
9vfoiax5,30,92y585sb,11,main,DataFeeDecision,1787599161,3,0,0
9vfoiax5,22,4yux8e22,10,main,RoundFeedback,1787599161,2,0,0
9vfoiax5,19,y3uiqp3t,24,main,Trade,1787599162,7,0,0
9vfoiax5,34,mrwqmc94,22,main,RoundFeedback,1787599163,6,0,0
9vfoiax5,14,qgszrtu9,27,main,Trade,1787599163,8,0,0
9vfoiax5,7,2am1bt7m,13,main,RoundFeedback,1787599164,3,0,0
9vfoiax5,5,47cbw4kl,25,main,RoundFeedback,1787599165,7,0,0
9vfoiax5,16,t6rthajw,29,main,DataFeeDecision,1787599166,9,0,0
9vfoiax5,4,4tucoz6l,29,main,DataFeeDecision,1787599167,9,0,0
9vfoiax5,19,y3uiqp3t,25,main,RoundFeedback,1787599167,7,0,0
9vfoiax5,36,zy0t07g5,27,main,Trade,1787599167,8,0,0
9vfoiax5,34,mrwqmc94,23,main,DataFeeDecision,1787599168,7,0,0
9vfoiax5,32,8ygvklh3,24,main,Trade,1787599168,7,0,0
9vfoiax5,24,w3cukoe0,11,main,DataFeeDecision,1787599168,3,0,0
9vfoiax5,21,cuq5iz33,46,main,RoundFeedback,1787599169,14,0,0
9vfoiax5,12,y7r9sa4u,14,main,DataFeeDecision,1787599170,4,0,0
9vfoiax5,5,47cbw4kl,26,main,DataFeeDecision,1787599171,8,0,0
9vfoiax5,33,j6pfvo4x,21,main,Trade,1787599171,6,0,0
9vfoiax5,6,w1hg4dq2,15,main,Trade,1787599171,4,0,0
9vfoiax5,21,cuq5iz33,47,main,DataFeeDecision,1787599171,15,0,0
9vfoiax5,19,y3uiqp3t,26,main,DataFeeDecision,1787599171,8,0,0
9vfoiax5,7,2am1bt7m,14,main,DataFeeDecision,1787599172,4,0,0
9vfoiax5,14,qgszrtu9,28,main,RoundFeedback,1787599173,8,0,0
9vfoiax5,29,m7hitpc7,21,main,Trade,1787599174,6,0,0
9vfoiax5,8,f0dtgw15,18,main,Trade,1787599175,5,0,0
9vfoiax5,11,454urtzl,33,main,Trade,1787599176,10,0,0
9vfoiax5,33,j6pfvo4x,22,main,RoundFeedback,1787599176,6,0,0
9vfoiax5,36,zy0t07g5,28,main,RoundFeedback,1787599176,8,0,0
9vfoiax5,32,8ygvklh3,25,main,RoundFeedback,1787599177,7,0,0
9vfoiax5,17,wel7w6gg,33,main,Trade,1787599179,10,0,0
9vfoiax5,33,j6pfvo4x,23,main,DataFeeDecision,1787599180,7,0,0
9vfoiax5,6,w1hg4dq2,16,main,RoundFeedback,1787599180,4,0,0
9vfoiax5,36,zy0t07g5,29,main,DataFeeDecision,1787599180,9,0,0
9vfoiax5,14,qgszrtu9,29,main,DataFeeDecision,1787599180,9,0,0
9vfoiax5,22,4yux8e22,11,main,DataFeeDecision,1787599180,3,0,0
9vfoiax5,11,454urtzl,34,main,RoundFeedback,1787599181,10,0,0
9vfoiax5,32,8ygvklh3,26,main,DataFeeDecision,1787599182,8,0,0
9vfoiax5,6,w1hg4dq2,17,main,DataFeeDecision,1787599183,5,0,0
9vfoiax5,11,454urtzl,35,main,DataFeeDecision,1787599184,11,0,0
9vfoiax5,35,8lotxa0v,60,main,Trade,1787599185,19,0,0
9vfoiax5,4,4tucoz6l,30,main,Trade,1787599188,9,0,0
9vfoiax5,3,h6ra9n61,45,main,Trade,1787599188,14,0,0
9vfoiax5,29,m7hitpc7,22,main,RoundFeedback,1787599188,6,0,0
9vfoiax5,35,8lotxa0v,61,main,RoundFeedback,1787599189,19,0,0
9vfoiax5,15,0z4ddbix,9,main,Trade,1787599189,2,0,0
9vfoiax5,23,f291tr7u,18,main,Trade,1787599189,5,0,0
9vfoiax5,18,u4dpd5wy,11,main,DataFeeDecision,1787599191,3,0,0
9vfoiax5,13,pm665xdw,15,main,Trade,1787599191,4,0,0
9vfoiax5,16,t6rthajw,30,main,Trade,1787599192,9,0,0
9vfoiax5,35,8lotxa0v,62,main,DataFeeDecision,1787599192,20,0,0
9vfoiax5,29,m7hitpc7,23,main,DataFeeDecision,1787599193,7,0,0
9vfoiax5,17,wel7w6gg,34,main,RoundFeedback,1787599197,10,0,0
9vfoiax5,3,h6ra9n61,46,main,RoundFeedback,1787599197,14,0,0
9vfoiax5,8,f0dtgw15,19,main,RoundFeedback,1787599198,5,0,0
9vfoiax5,13,pm665xdw,16,main,RoundFeedback,1787599199,4,0,0
9vfoiax5,17,wel7w6gg,35,main,DataFeeDecision,1787599200,11,0,0
9vfoiax5,3,h6ra9n61,47,main,DataFeeDecision,1787599200,15,0,0
9vfoiax5,23,f291tr7u,19,main,RoundFeedback,1787599201,5,0,0
9vfoiax5,21,cuq5iz33,48,main,Trade,1787599202,15,0,0
9vfoiax5,8,f0dtgw15,20,main,DataFeeDecision,1787599202,6,0,0
9vfoiax5,19,y3uiqp3t,27,main,Trade,1787599203,8,0,0
9vfoiax5,16,t6rthajw,31,main,RoundFeedback,1787599203,9,0,0
9vfoiax5,23,f291tr7u,20,main,DataFeeDecision,1787599205,6,0,0
9vfoiax5,21,cuq5iz33,49,main,RoundFeedback,1787599206,15,0,0
9vfoiax5,28,sp03734d,24,main,Trade,1787599206,7,0,0
9vfoiax5,15,0z4ddbix,10,main,RoundFeedback,1787599206,2,0,0
9vfoiax5,16,t6rthajw,32,main,DataFeeDecision,1787599207,10,0,0
9vfoiax5,35,8lotxa0v,63,main,Trade,1787599208,20,0,0
9vfoiax5,20,atqtlu6a,18,main,Trade,1787599208,5,0,0
9vfoiax5,21,cuq5iz33,50,main,DataFeeDecision,1787599209,16,0,0
9vfoiax5,35,8lotxa0v,64,main,RoundFeedback,1787599210,20,0,0
9vfoiax5,4,4tucoz6l,31,main,RoundFeedback,1787599210,9,0,0
9vfoiax5,19,y3uiqp3t,28,main,RoundFeedback,1787599212,8,0,0
9vfoiax5,11,454urtzl,36,main,Trade,1787599218,11,0,0
9vfoiax5,19,y3uiqp3t,29,main,DataFeeDecision,1787599220,9,0,0
9vfoiax5,38,9ozs75r2,9,main,Trade,1787599220,2,0,0
9vfoiax5,4,4tucoz6l,32,main,DataFeeDecision,1787599220,10,0,0
9vfoiax5,14,qgszrtu9,30,main,Trade,1787599222,9,0,0
9vfoiax5,5,47cbw4kl,27,main,Trade,1787599224,8,0,0
9vfoiax5,6,w1hg4dq2,18,main,Trade,1787599225,5,0,0
9vfoiax5,32,8ygvklh3,27,main,Trade,1787599225,8,0,0
9vfoiax5,30,92y585sb,12,main,Trade,1787599227,3,0,0
9vfoiax5,36,zy0t07g5,30,main,Trade,1787599228,9,0,0
9vfoiax5,32,8ygvklh3,28,main,RoundFeedback,1787599228,8,0,0
9vfoiax5,11,454urtzl,37,main,RoundFeedback,1787599228,11,0,0
9vfoiax5,20,atqtlu6a,19,main,RoundFeedback,1787599229,5,0,0
9vfoiax5,26,4zd5ned9,12,main,Trade,1787599229,3,0,0
9vfoiax5,6,w1hg4dq2,19,main,RoundFeedback,1787599230,5,0,0
9vfoiax5,14,qgszrtu9,31,main,RoundFeedback,1787599231,9,0,0
9vfoiax5,32,8ygvklh3,29,main,DataFeeDecision,1787599232,9,0,0
9vfoiax5,22,4yux8e22,12,main,Trade,1787599233,3,0,0
9vfoiax5,21,cuq5iz33,51,main,Trade,1787599233,16,0,0
9vfoiax5,6,w1hg4dq2,20,main,DataFeeDecision,1787599233,6,0,0
9vfoiax5,36,zy0t07g5,31,main,RoundFeedback,1787599234,9,0,0
9vfoiax5,5,47cbw4kl,28,main,RoundFeedback,1787599235,8,0,0
9vfoiax5,28,sp03734d,25,main,RoundFeedback,1787599235,7,0,0
9vfoiax5,31,ki9t1ots,12,main,Trade,1787599237,3,0,0
9vfoiax5,5,47cbw4kl,29,main,DataFeeDecision,1787599237,9,0,0
9vfoiax5,11,454urtzl,38,main,DataFeeDecision,1787599237,12,0,0
9vfoiax5,20,atqtlu6a,20,main,DataFeeDecision,1787599238,6,0,0
9vfoiax5,14,qgszrtu9,32,main,DataFeeDecision,1787599238,10,0,0
9vfoiax5,21,cuq5iz33,52,main,RoundFeedback,1787599238,16,0,0
9vfoiax5,7,2am1bt7m,15,main,Trade,1787599238,4,0,0
9vfoiax5,36,zy0t07g5,32,main,DataFeeDecision,1787599238,10,0,0
9vfoiax5,37,zs0yllk7,6,main,Trade,1787599239,1,0,0
9vfoiax5,38,9ozs75r2,10,main,RoundFeedback,1787599241,2,0,0
9vfoiax5,12,y7r9sa4u,15,main,Trade,1787599241,4,0,0
9vfoiax5,21,cuq5iz33,53,main,DataFeeDecision,1787599241,17,0,0
9vfoiax5,15,0z4ddbix,11,main,DataFeeDecision,1787599241,3,0,0
9vfoiax5,17,wel7w6gg,36,main,Trade,1787599241,11,0,0
9vfoiax5,24,w3cukoe0,12,main,Trade,1787599245,3,0,0
9vfoiax5,3,h6ra9n61,48,main,Trade,1787599247,15,0,0
9vfoiax5,28,sp03734d,26,main,DataFeeDecision,1787599248,8,0,0
9vfoiax5,26,4zd5ned9,13,main,RoundFeedback,1787599248,3,0,0
9vfoiax5,4,4tucoz6l,33,main,Trade,1787599248,10,0,0
9vfoiax5,22,4yux8e22,13,main,RoundFeedback,1787599249,3,0,0
9vfoiax5,7,2am1bt7m,16,main,RoundFeedback,1787599249,4,0,0
9vfoiax5,29,m7hitpc7,24,main,Trade,1787599250,7,0,0
9vfoiax5,31,ki9t1ots,13,main,RoundFeedback,1787599250,3,0,0
9vfoiax5,16,t6rthajw,33,main,Trade,1787599250,10,0,0
9vfoiax5,13,pm665xdw,17,main,DataFeeDecision,1787599251,5,0,0
9vfoiax5,3,h6ra9n61,49,main,RoundFeedback,1787599251,15,0,0
9vfoiax5,17,wel7w6gg,37,main,RoundFeedback,1787599252,11,0,0
9vfoiax5,19,y3uiqp3t,30,main,Trade,1787599253,9,0,0
9vfoiax5,26,4zd5ned9,14,main,DataFeeDecision,1787599254,4,0,0
9vfoiax5,7,2am1bt7m,17,main,DataFeeDecision,1787599255,5,0,0
9vfoiax5,8,f0dtgw15,21,main,Trade,1787599255,6,0,0
9vfoiax5,17,wel7w6gg,38,main,DataFeeDecision,1787599255,12,0,0
9vfoiax5,3,h6ra9n61,50,main,DataFeeDecision,1787599256,16,0,0
9vfoiax5,32,8ygvklh3,30,main,Trade,1787599256,9,0,0
9vfoiax5,31,ki9t1ots,14,main,DataFeeDecision,1787599257,4,0,0
9vfoiax5,19,y3uiqp3t,31,main,RoundFeedback,1787599257,9,0,0
9vfoiax5,22,4yux8e22,14,main,DataFeeDecision,1787599258,4,0,0
9vfoiax5,23,f291tr7u,21,main,Trade,1787599260,6,0,0
9vfoiax5,16,t6rthajw,34,main,RoundFeedback,1787599260,10,0,0
9vfoiax5,12,y7r9sa4u,16,main,RoundFeedback,1787599260,4,0,0
9vfoiax5,14,qgszrtu9,33,main,Trade,1787599261,10,0,0
9vfoiax5,24,w3cukoe0,13,main,RoundFeedback,1787599262,3,0,0
9vfoiax5,4,4tucoz6l,34,main,RoundFeedback,1787599262,10,0,0
9vfoiax5,5,47cbw4kl,30,main,Trade,1787599262,9,0,0
9vfoiax5,32,8ygvklh3,31,main,RoundFeedback,1787599262,9,0,0
9vfoiax5,16,t6rthajw,35,main,DataFeeDecision,1787599263,11,0,0
9vfoiax5,30,92y585sb,13,main,RoundFeedback,1787599263,3,0,0
9vfoiax5,38,9ozs75r2,11,main,DataFeeDecision,1787599264,3,0,0
9vfoiax5,19,y3uiqp3t,32,main,DataFeeDecision,1787599265,10,0,0
9vfoiax5,11,454urtzl,39,main,Trade,1787599265,12,0,0
9vfoiax5,4,4tucoz6l,35,main,DataFeeDecision,1787599266,11,0,0
9vfoiax5,12,y7r9sa4u,17,main,DataFeeDecision,1787599266,5,0,0
9vfoiax5,23,f291tr7u,22,main,RoundFeedback,1787599267,6,0,0
9vfoiax5,14,qgszrtu9,34,main,RoundFeedback,1787599267,10,0,0
9vfoiax5,32,8ygvklh3,32,main,DataFeeDecision,1787599267,10,0,0
9vfoiax5,5,47cbw4kl,31,main,RoundFeedback,1787599267,9,0,0
9vfoiax5,34,mrwqmc94,24,main,Trade,1787599267,7,0,0
9vfoiax5,9,gtr4o4u4,24,main,Trade,1787599269,7,0,0
9vfoiax5,29,m7hitpc7,25,main,RoundFeedback,1787599269,7,0,0
9vfoiax5,5,47cbw4kl,32,main,DataFeeDecision,1787599270,10,0,0
9vfoiax5,14,qgszrtu9,35,main,DataFeeDecision,1787599271,11,0,0
9vfoiax5,9,gtr4o4u4,25,main,RoundFeedback,1787599273,7,0,0
9vfoiax5,23,f291tr7u,23,main,DataFeeDecision,1787599273,7,0,0
9vfoiax5,21,cuq5iz33,54,main,Trade,1787599273,17,0,0
9vfoiax5,11,454urtzl,40,main,RoundFeedback,1787599274,12,0,0
9vfoiax5,3,h6ra9n61,51,main,Trade,1787599275,16,0,0
9vfoiax5,18,u4dpd5wy,12,main,Trade,1787599275,3,0,0
9vfoiax5,24,w3cukoe0,14,main,DataFeeDecision,1787599275,4,0,0
9vfoiax5,29,m7hitpc7,26,main,DataFeeDecision,1787599276,8,0,0
9vfoiax5,11,454urtzl,41,main,DataFeeDecision,1787599277,13,0,0
9vfoiax5,8,f0dtgw15,22,main,RoundFeedback,1787599277,6,0,0
9vfoiax5,3,h6ra9n61,52,main,RoundFeedback,1787599278,16,0,0
9vfoiax5,27,mknb67le,9,main,Trade,1787599279,2,0,0
9vfoiax5,34,mrwqmc94,25,main,RoundFeedback,1787599279,7,0,0
9vfoiax5,9,gtr4o4u4,26,main,DataFeeDecision,1787599279,8,0,0
9vfoiax5,21,cuq5iz33,55,main,RoundFeedback,1787599281,17,0,0
9vfoiax5,8,f0dtgw15,23,main,DataFeeDecision,1787599281,7,0,0
9vfoiax5,3,h6ra9n61,53,main,DataFeeDecision,1787599281,17,0,0
9vfoiax5,20,atqtlu6a,21,main,Trade,1787599281,6,0,0
9vfoiax5,34,mrwqmc94,26,main,DataFeeDecision,1787599282,8,0,0
9vfoiax5,7,2am1bt7m,18,main,Trade,1787599283,5,0,0
9vfoiax5,21,cuq5iz33,56,main,DataFeeDecision,1787599283,18,0,0
9vfoiax5,26,4zd5ned9,15,main,Trade,1787599288,4,0,0
9vfoiax5,18,u4dpd5wy,13,main,RoundFeedback,1787599290,3,0,0
9vfoiax5,30,92y585sb,14,main,DataFeeDecision,1787599291,4,0,0
9vfoiax5,27,mknb67le,10,main,RoundFeedback,1787599292,2,0,0
9vfoiax5,7,2am1bt7m,19,main,RoundFeedback,1787599292,5,0,0
9vfoiax5,4,4tucoz6l,36,main,Trade,1787599294,11,0,0
9vfoiax5,36,zy0t07g5,33,main,Trade,1787599296,10,0,0
9vfoiax5,3,h6ra9n61,54,main,Trade,1787599296,17,0,0
9vfoiax5,7,2am1bt7m,20,main,DataFeeDecision,1787599296,6,0,0
9vfoiax5,5,47cbw4kl,33,main,Trade,1787599298,10,0,0
9vfoiax5,16,t6rthajw,36,main,Trade,1787599299,11,0,0
9vfoiax5,20,atqtlu6a,22,main,RoundFeedback,1787599300,6,0,0
9vfoiax5,31,ki9t1ots,15,main,Trade,1787599300,4,0,0
9vfoiax5,3,h6ra9n61,55,main,RoundFeedback,1787599301,17,0,0
9vfoiax5,21,cuq5iz33,57,main,Trade,1787599303,18,0,0
9vfoiax5,17,wel7w6gg,39,main,Trade,1787599303,12,0,0
9vfoiax5,18,u4dpd5wy,14,main,DataFeeDecision,1787599304,4,0,0
9vfoiax5,36,zy0t07g5,34,main,RoundFeedback,1787599304,10,0,0
9vfoiax5,3,h6ra9n61,56,main,DataFeeDecision,1787599304,18,0,0
9vfoiax5,26,4zd5ned9,16,main,RoundFeedback,1787599305,4,0,0
9vfoiax5,21,cuq5iz33,58,main,RoundFeedback,1787599306,18,0,0
9vfoiax5,19,y3uiqp3t,33,main,Trade,1787599307,10,0,0
9vfoiax5,36,zy0t07g5,35,main,DataFeeDecision,1787599307,11,0,0
9vfoiax5,14,qgszrtu9,36,main,Trade,1787599307,11,0,0
9vfoiax5,5,47cbw4kl,34,main,RoundFeedback,1787599308,10,0,0
9vfoiax5,6,w1hg4dq2,21,main,Trade,1787599308,6,0,0
9vfoiax5,21,cuq5iz33,59,main,DataFeeDecision,1787599310,19,0,0
9vfoiax5,15,0z4ddbix,12,main,Trade,1787599310,3,0,0
9vfoiax5,20,atqtlu6a,23,main,DataFeeDecision,1787599311,7,0,0
9vfoiax5,31,ki9t1ots,16,main,RoundFeedback,1787599311,4,0,0
9vfoiax5,16,t6rthajw,37,main,RoundFeedback,1787599311,11,0,0
9vfoiax5,35,8lotxa0v,65,post_exp,HoltLaury,1787599312,1,0,0
9vfoiax5,32,8ygvklh3,33,main,Trade,1787599312,10,0,0
9vfoiax5,5,47cbw4kl,35,main,DataFeeDecision,1787599313,11,0,0
9vfoiax5,6,w1hg4dq2,22,main,RoundFeedback,1787599313,6,0,0
9vfoiax5,19,y3uiqp3t,34,main,RoundFeedback,1787599313,10,0,0
9vfoiax5,29,m7hitpc7,27,main,Trade,1787599313,8,0,0
9vfoiax5,27,mknb67le,11,main,DataFeeDecision,1787599313,3,0,0
9vfoiax5,28,sp03734d,27,main,Trade,1787599314,8,0,0
9vfoiax5,4,4tucoz6l,37,main,RoundFeedback,1787599314,11,0,0
9vfoiax5,6,w1hg4dq2,23,main,DataFeeDecision,1787599315,7,0,0
9vfoiax5,9,gtr4o4u4,27,main,Trade,1787599315,8,0,0
9vfoiax5,26,4zd5ned9,17,main,DataFeeDecision,1787599316,5,0,0
9vfoiax5,19,y3uiqp3t,35,main,DataFeeDecision,1787599317,11,0,0
9vfoiax5,16,t6rthajw,38,main,DataFeeDecision,1787599317,12,0,0
9vfoiax5,32,8ygvklh3,34,main,RoundFeedback,1787599317,10,0,0
9vfoiax5,17,wel7w6gg,40,main,RoundFeedback,1787599317,12,0,0
9vfoiax5,22,4yux8e22,15,main,Trade,1787599318,4,0,0
9vfoiax5,17,wel7w6gg,41,main,DataFeeDecision,1787599320,13,0,0
9vfoiax5,31,ki9t1ots,17,main,DataFeeDecision,1787599321,5,0,0
9vfoiax5,9,gtr4o4u4,28,main,RoundFeedback,1787599321,8,0,0
9vfoiax5,3,h6ra9n61,57,main,Trade,1787599321,18,0,0
9vfoiax5,4,4tucoz6l,38,main,DataFeeDecision,1787599322,12,0,0
9vfoiax5,37,zs0yllk7,7,main,RoundFeedback,1787599322,1,0,0
9vfoiax5,14,qgszrtu9,37,main,RoundFeedback,1787599323,11,0,0
9vfoiax5,32,8ygvklh3,35,main,DataFeeDecision,1787599323,11,0,0
9vfoiax5,3,h6ra9n61,58,main,RoundFeedback,1787599324,18,0,0
9vfoiax5,28,sp03734d,28,main,RoundFeedback,1787599326,8,0,0
9vfoiax5,21,cuq5iz33,60,main,Trade,1787599326,19,0,0
9vfoiax5,9,gtr4o4u4,29,main,DataFeeDecision,1787599326,9,0,0
9vfoiax5,3,h6ra9n61,59,main,DataFeeDecision,1787599327,19,0,0
9vfoiax5,14,qgszrtu9,38,main,DataFeeDecision,1787599330,12,0,0
9vfoiax5,22,4yux8e22,16,main,RoundFeedback,1787599330,4,0,0
9vfoiax5,21,cuq5iz33,61,main,RoundFeedback,1787599331,19,0,0
9vfoiax5,28,sp03734d,29,main,DataFeeDecision,1787599331,9,0,0
9vfoiax5,11,454urtzl,42,main,Trade,1787599331,13,0,0
9vfoiax5,29,m7hitpc7,28,main,RoundFeedback,1787599332,8,0,0
9vfoiax5,21,cuq5iz33,62,main,DataFeeDecision,1787599335,20,0,0
9vfoiax5,10,edlvyy4x,15,main,Trade,1787599336,4,0,0
9vfoiax5,39,nn4f2puj,3,intro,comprehensionQuestions,1787599336,1,0,0
9vfoiax5,23,f291tr7u,24,main,Trade,1787599338,7,0,0
9vfoiax5,15,0z4ddbix,13,main,RoundFeedback,1787599338,3,0,0
9vfoiax5,22,4yux8e22,17,main,DataFeeDecision,1787599339,5,0,0
9vfoiax5,13,pm665xdw,18,main,Trade,1787599340,5,0,0
9vfoiax5,29,m7hitpc7,29,main,DataFeeDecision,1787599340,9,0,0
9vfoiax5,32,8ygvklh3,36,main,Trade,1787599340,11,0,0
9vfoiax5,2,ttbhrq7x,12,main,Trade,1787599343,3,0,0
9vfoiax5,11,454urtzl,43,main,RoundFeedback,1787599343,13,0,0
9vfoiax5,4,4tucoz6l,39,main,Trade,1787599344,12,0,0
9vfoiax5,11,454urtzl,44,main,DataFeeDecision,1787599347,14,0,0
9vfoiax5,32,8ygvklh3,37,main,RoundFeedback,1787599347,11,0,0
9vfoiax5,21,cuq5iz33,63,main,Trade,1787599348,20,0,0
9vfoiax5,39,nn4f2puj,4,intro,selfAssessment,1787599349,1,0,0
9vfoiax5,36,zy0t07g5,36,main,Trade,1787599349,11,0,0
9vfoiax5,13,pm665xdw,19,main,RoundFeedback,1787599349,5,0,0
9vfoiax5,10,edlvyy4x,16,main,RoundFeedback,1787599351,4,0,0
9vfoiax5,34,mrwqmc94,27,main,Trade,1787599351,8,0,0
9vfoiax5,7,2am1bt7m,21,main,Trade,1787599352,6,0,0
9vfoiax5,32,8ygvklh3,38,main,DataFeeDecision,1787599352,12,0,0
9vfoiax5,15,0z4ddbix,14,main,DataFeeDecision,1787599353,4,0,0
9vfoiax5,4,4tucoz6l,40,main,RoundFeedback,1787599353,12,0,0
9vfoiax5,21,cuq5iz33,64,main,RoundFeedback,1787599353,20,0,0
9vfoiax5,17,wel7w6gg,42,main,Trade,1787599353,13,0,0
9vfoiax5,20,atqtlu6a,24,main,Trade,1787599354,7,0,0
9vfoiax5,23,f291tr7u,25,main,RoundFeedback,1787599354,7,0,0
9vfoiax5,13,pm665xdw,20,main,DataFeeDecision,1787599354,6,0,0
9vfoiax5,3,h6ra9n61,60,main,Trade,1787599355,19,0,0
9vfoiax5,9,gtr4o4u4,30,main,Trade,1787599356,9,0,0
9vfoiax5,7,2am1bt7m,22,main,RoundFeedback,1787599357,6,0,0
9vfoiax5,10,edlvyy4x,17,main,DataFeeDecision,1787599358,5,0,0
9vfoiax5,3,h6ra9n61,61,main,RoundFeedback,1787599358,19,0,0
9vfoiax5,36,zy0t07g5,37,main,RoundFeedback,1787599358,11,0,0
9vfoiax5,30,92y585sb,15,main,Trade,1787599359,4,0,0
9vfoiax5,17,wel7w6gg,43,main,RoundFeedback,1787599359,13,0,0
9vfoiax5,7,2am1bt7m,23,main,DataFeeDecision,1787599360,7,0,0
9vfoiax5,16,t6rthajw,39,main,Trade,1787599360,12,0,0
9vfoiax5,2,ttbhrq7x,13,main,RoundFeedback,1787599361,3,0,0
9vfoiax5,3,h6ra9n61,62,main,DataFeeDecision,1787599361,20,0,0
9vfoiax5,5,47cbw4kl,36,main,Trade,1787599361,11,0,0
9vfoiax5,17,wel7w6gg,44,main,DataFeeDecision,1787599362,14,0,0
9vfoiax5,34,mrwqmc94,28,main,RoundFeedback,1787599362,8,0,0
9vfoiax5,8,f0dtgw15,24,main,Trade,1787599363,7,0,0
9vfoiax5,36,zy0t07g5,38,main,DataFeeDecision,1787599363,12,0,0
9vfoiax5,9,gtr4o4u4,31,main,RoundFeedback,1787599363,9,0,0
9vfoiax5,14,qgszrtu9,39,main,Trade,1787599364,12,0,0
9vfoiax5,23,f291tr7u,26,main,DataFeeDecision,1787599365,8,0,0
9vfoiax5,9,gtr4o4u4,32,main,DataFeeDecision,1787599368,10,0,0
9vfoiax5,34,mrwqmc94,29,main,DataFeeDecision,1787599369,9,0,0
9vfoiax5,5,47cbw4kl,37,main,RoundFeedback,1787599369,11,0,0
9vfoiax5,20,atqtlu6a,25,main,RoundFeedback,1787599369,7,0,0
9vfoiax5,16,t6rthajw,40,main,RoundFeedback,1787599371,12,0,0
9vfoiax5,24,w3cukoe0,15,main,Trade,1787599371,4,0,0
9vfoiax5,20,atqtlu6a,26,main,DataFeeDecision,1787599373,8,0,0
9vfoiax5,5,47cbw4kl,38,main,DataFeeDecision,1787599374,12,0,0
9vfoiax5,19,y3uiqp3t,36,main,Trade,1787599374,11,0,0
9vfoiax5,32,8ygvklh3,39,main,Trade,1787599375,12,0,0
9vfoiax5,16,t6rthajw,41,main,DataFeeDecision,1787599375,13,0,0
9vfoiax5,29,m7hitpc7,30,main,Trade,1787599376,9,0,0
9vfoiax5,14,qgszrtu9,40,main,RoundFeedback,1787599377,12,0,0
9vfoiax5,32,8ygvklh3,40,main,RoundFeedback,1787599378,12,0,0
9vfoiax5,2,ttbhrq7x,14,main,DataFeeDecision,1787599379,4,0,0
9vfoiax5,32,8ygvklh3,41,main,DataFeeDecision,1787599381,13,0,0
9vfoiax5,11,454urtzl,45,main,Trade,1787599381,14,0,0
9vfoiax5,19,y3uiqp3t,37,main,RoundFeedback,1787599382,11,0,0
9vfoiax5,14,qgszrtu9,41,main,DataFeeDecision,1787599383,13,0,0
9vfoiax5,29,m7hitpc7,31,main,RoundFeedback,1787599384,9,0,0
9vfoiax5,3,h6ra9n61,63,main,Trade,1787599385,20,0,0
9vfoiax5,11,454urtzl,46,main,RoundFeedback,1787599386,14,0,0
9vfoiax5,8,f0dtgw15,25,main,RoundFeedback,1787599387,7,0,0
9vfoiax5,19,y3uiqp3t,38,main,DataFeeDecision,1787599387,12,0,0
9vfoiax5,17,wel7w6gg,45,main,Trade,1787599387,14,0,0
9vfoiax5,3,h6ra9n61,64,main,RoundFeedback,1787599387,20,0,0
9vfoiax5,24,w3cukoe0,16,main,RoundFeedback,1787599389,4,0,0
9vfoiax5,29,m7hitpc7,32,main,DataFeeDecision,1787599390,10,0,0
9vfoiax5,8,f0dtgw15,26,main,DataFeeDecision,1787599390,8,0,0
9vfoiax5,11,454urtzl,47,main,DataFeeDecision,1787599393,15,0,0
9vfoiax5,24,w3cukoe0,17,main,DataFeeDecision,1787599393,5,0,0
9vfoiax5,12,y7r9sa4u,18,main,Trade,1787599394,5,0,0
9vfoiax5,28,sp03734d,30,main,Trade,1787599394,9,0,0
9vfoiax5,32,8ygvklh3,42,main,Trade,1787599396,13,0,0
9vfoiax5,4,4tucoz6l,41,main,DataFeeDecision,1787599396,13,0,0
9vfoiax5,17,wel7w6gg,46,main,RoundFeedback,1787599396,14,0,0
9vfoiax5,26,4zd5ned9,18,main,Trade,1787599398,5,0,0
9vfoiax5,17,wel7w6gg,47,main,DataFeeDecision,1787599399,15,0,0
9vfoiax5,7,2am1bt7m,24,main,Trade,1787599400,7,0,0
9vfoiax5,5,47cbw4kl,39,main,Trade,1787599401,12,0,0
9vfoiax5,7,2am1bt7m,25,main,RoundFeedback,1787599402,7,0,0
9vfoiax5,27,mknb67le,12,main,Trade,1787599404,3,0,0
9vfoiax5,32,8ygvklh3,43,main,RoundFeedback,1787599404,13,0,0
9vfoiax5,16,t6rthajw,42,main,Trade,1787599405,13,0,0
9vfoiax5,2,ttbhrq7x,15,main,Trade,1787599406,4,0,0
9vfoiax5,7,2am1bt7m,26,main,DataFeeDecision,1787599406,8,0,0
9vfoiax5,5,47cbw4kl,40,main,RoundFeedback,1787599409,12,0,0
9vfoiax5,26,4zd5ned9,19,main,RoundFeedback,1787599412,5,0,0
9vfoiax5,16,t6rthajw,43,main,RoundFeedback,1787599415,13,0,0
9vfoiax5,18,u4dpd5wy,15,main,Trade,1787599416,4,0,0
9vfoiax5,15,0z4ddbix,15,main,Trade,1787599417,4,0,0
9vfoiax5,5,47cbw4kl,41,main,DataFeeDecision,1787599417,13,0,0
9vfoiax5,16,t6rthajw,44,main,DataFeeDecision,1787599417,14,0,0
9vfoiax5,32,8ygvklh3,44,main,DataFeeDecision,1787599418,14,0,0
9vfoiax5,2,ttbhrq7x,16,main,RoundFeedback,1787599418,4,0,0
9vfoiax5,28,sp03734d,31,main,RoundFeedback,1787599419,9,0,0
9vfoiax5,34,mrwqmc94,30,main,Trade,1787599420,9,0,0
9vfoiax5,20,atqtlu6a,27,main,Trade,1787599422,8,0,0
9vfoiax5,27,mknb67le,13,main,RoundFeedback,1787599422,3,0,0
9vfoiax5,30,92y585sb,16,main,RoundFeedback,1787599422,4,0,0
9vfoiax5,26,4zd5ned9,20,main,DataFeeDecision,1787599423,6,0,0
9vfoiax5,19,y3uiqp3t,39,main,Trade,1787599423,12,0,0
9vfoiax5,12,y7r9sa4u,19,main,RoundFeedback,1787599424,5,0,0
9vfoiax5,11,454urtzl,48,main,Trade,1787599425,15,0,0
9vfoiax5,28,sp03734d,32,main,DataFeeDecision,1787599425,10,0,0
9vfoiax5,18,u4dpd5wy,16,main,RoundFeedback,1787599425,4,0,0
9vfoiax5,2,ttbhrq7x,17,main,DataFeeDecision,1787599426,5,0,0
9vfoiax5,23,f291tr7u,27,main,Trade,1787599426,8,0,0
9vfoiax5,19,y3uiqp3t,40,main,RoundFeedback,1787599426,12,0,0
9vfoiax5,22,4yux8e22,18,main,Trade,1787599427,5,0,0
9vfoiax5,34,mrwqmc94,31,main,RoundFeedback,1787599428,9,0,0
9vfoiax5,21,cuq5iz33,65,post_exp,HoltLaury,1787599428,1,0,0
9vfoiax5,14,qgszrtu9,42,main,Trade,1787599428,13,0,0
9vfoiax5,36,zy0t07g5,39,main,Trade,1787599430,12,0,0
9vfoiax5,8,f0dtgw15,27,main,Trade,1787599431,8,0,0
9vfoiax5,4,4tucoz6l,42,main,Trade,1787599431,13,0,0
9vfoiax5,19,y3uiqp3t,41,main,DataFeeDecision,1787599431,13,0,0
9vfoiax5,34,mrwqmc94,32,main,DataFeeDecision,1787599431,10,0,0
9vfoiax5,29,m7hitpc7,33,main,Trade,1787599432,10,0,0
9vfoiax5,22,4yux8e22,19,main,RoundFeedback,1787599434,5,0,0
9vfoiax5,12,y7r9sa4u,20,main,DataFeeDecision,1787599434,6,0,0
9vfoiax5,18,u4dpd5wy,17,main,DataFeeDecision,1787599434,5,0,0
9vfoiax5,30,92y585sb,17,main,DataFeeDecision,1787599435,5,0,0
9vfoiax5,23,f291tr7u,28,main,RoundFeedback,1787599437,8,0,0
9vfoiax5,17,wel7w6gg,48,main,Trade,1787599437,15,0,0
9vfoiax5,27,mknb67le,14,main,DataFeeDecision,1787599438,4,0,0
9vfoiax5,11,454urtzl,49,main,RoundFeedback,1787599439,15,0,0
9vfoiax5,20,atqtlu6a,28,main,RoundFeedback,1787599440,8,0,0
9vfoiax5,9,gtr4o4u4,33,main,Trade,1787599440,10,0,0
9vfoiax5,5,47cbw4kl,42,main,Trade,1787599440,13,0,0
9vfoiax5,15,0z4ddbix,16,main,RoundFeedback,1787599441,4,0,0
9vfoiax5,23,f291tr7u,29,main,DataFeeDecision,1787599441,9,0,0
9vfoiax5,14,qgszrtu9,43,main,RoundFeedback,1787599442,13,0,0
9vfoiax5,8,f0dtgw15,28,main,RoundFeedback,1787599442,8,0,0
9vfoiax5,36,zy0t07g5,40,main,RoundFeedback,1787599444,12,0,0
9vfoiax5,20,atqtlu6a,29,main,DataFeeDecision,1787599444,9,0,0
9vfoiax5,16,t6rthajw,45,main,Trade,1787599444,14,0,0
9vfoiax5,4,4tucoz6l,43,main,RoundFeedback,1787599445,13,0,0
9vfoiax5,14,qgszrtu9,44,main,DataFeeDecision,1787599445,14,0,0
9vfoiax5,15,0z4ddbix,17,main,DataFeeDecision,1787599445,5,0,0
9vfoiax5,22,4yux8e22,20,main,DataFeeDecision,1787599446,6,0,0
9vfoiax5,11,454urtzl,50,main,DataFeeDecision,1787599446,16,0,0
9vfoiax5,9,gtr4o4u4,34,main,RoundFeedback,1787599447,10,0,0
9vfoiax5,36,zy0t07g5,41,main,DataFeeDecision,1787599448,13,0,0
9vfoiax5,29,m7hitpc7,34,main,RoundFeedback,1787599449,10,0,0
9vfoiax5,17,wel7w6gg,49,main,RoundFeedback,1787599449,15,0,0
9vfoiax5,4,4tucoz6l,44,main,DataFeeDecision,1787599450,14,0,0
9vfoiax5,8,f0dtgw15,29,main,DataFeeDecision,1787599451,9,0,0
9vfoiax5,9,gtr4o4u4,35,main,DataFeeDecision,1787599451,11,0,0
9vfoiax5,5,47cbw4kl,43,main,RoundFeedback,1787599452,13,0,0
9vfoiax5,10,edlvyy4x,18,main,Trade,1787599452,5,0,0
9vfoiax5,17,wel7w6gg,50,main,DataFeeDecision,1787599452,16,0,0
9vfoiax5,37,zs0yllk7,9,main,Trade,1787599454,2,0,0
9vfoiax5,5,47cbw4kl,44,main,DataFeeDecision,1787599455,14,0,0
9vfoiax5,16,t6rthajw,46,main,RoundFeedback,1787599457,14,0,0
9vfoiax5,29,m7hitpc7,35,main,DataFeeDecision,1787599458,11,0,0
9vfoiax5,32,8ygvklh3,45,main,Trade,1787599458,14,0,0
9vfoiax5,16,t6rthajw,47,main,DataFeeDecision,1787599461,15,0,0
9vfoiax5,10,edlvyy4x,19,main,RoundFeedback,1787599462,5,0,0
9vfoiax5,24,w3cukoe0,18,main,Trade,1787599462,5,0,0
9vfoiax5,2,ttbhrq7x,18,main,Trade,1787599464,5,0,0
9vfoiax5,32,8ygvklh3,46,main,RoundFeedback,1787599465,14,0,0
9vfoiax5,7,2am1bt7m,27,main,Trade,1787599465,8,0,0
9vfoiax5,10,edlvyy4x,20,main,DataFeeDecision,1787599465,6,0,0
9vfoiax5,32,8ygvklh3,47,main,DataFeeDecision,1787599468,15,0,0
9vfoiax5,17,wel7w6gg,51,main,Trade,1787599468,16,0,0
9vfoiax5,37,zs0yllk7,10,main,RoundFeedback,1787599468,2,0,0
9vfoiax5,28,sp03734d,33,main,Trade,1787599472,10,0,0
9vfoiax5,17,wel7w6gg,52,main,RoundFeedback,1787599474,16,0,0
9vfoiax5,14,qgszrtu9,45,main,Trade,1787599476,14,0,0
9vfoiax5,24,w3cukoe0,19,main,RoundFeedback,1787599476,5,0,0
9vfoiax5,17,wel7w6gg,53,main,DataFeeDecision,1787599477,17,0,0
9vfoiax5,7,2am1bt7m,28,main,RoundFeedback,1787599478,8,0,0
9vfoiax5,14,qgszrtu9,46,main,RoundFeedback,1787599481,14,0,0
9vfoiax5,36,zy0t07g5,42,main,Trade,1787599481,13,0,0
9vfoiax5,28,sp03734d,34,main,RoundFeedback,1787599481,10,0,0
9vfoiax5,7,2am1bt7m,29,main,DataFeeDecision,1787599482,9,0,0
9vfoiax5,6,w1hg4dq2,24,main,Trade,1787599483,7,0,0
9vfoiax5,20,atqtlu6a,30,main,Trade,1787599484,9,0,0
9vfoiax5,24,w3cukoe0,20,main,DataFeeDecision,1787599485,6,0,0
9vfoiax5,14,qgszrtu9,47,main,DataFeeDecision,1787599485,15,0,0
9vfoiax5,36,zy0t07g5,43,main,RoundFeedback,1787599486,13,0,0
9vfoiax5,30,92y585sb,18,main,Trade,1787599486,5,0,0
9vfoiax5,19,y3uiqp3t,42,main,Trade,1787599486,13,0,0
9vfoiax5,6,w1hg4dq2,25,main,RoundFeedback,1787599487,7,0,0
9vfoiax5,4,4tucoz6l,45,main,Trade,1787599489,14,0,0
9vfoiax5,28,sp03734d,35,main,DataFeeDecision,1787599489,11,0,0
9vfoiax5,3,h6ra9n61,65,post_exp,HoltLaury,1787599491,1,0,0
9vfoiax5,36,zy0t07g5,44,main,DataFeeDecision,1787599491,14,0,0
9vfoiax5,11,454urtzl,51,main,Trade,1787599492,16,0,0
9vfoiax5,6,w1hg4dq2,26,main,DataFeeDecision,1787599492,8,0,0
9vfoiax5,19,y3uiqp3t,43,main,RoundFeedback,1787599494,13,0,0
9vfoiax5,4,4tucoz6l,46,main,RoundFeedback,1787599494,14,0,0
9vfoiax5,12,y7r9sa4u,21,main,Trade,1787599495,6,0,0
9vfoiax5,11,454urtzl,52,main,RoundFeedback,1787599495,16,0,0
9vfoiax5,37,zs0yllk7,11,main,DataFeeDecision,1787599496,3,0,0
9vfoiax5,19,y3uiqp3t,44,main,DataFeeDecision,1787599499,14,0,0
9vfoiax5,2,ttbhrq7x,19,main,RoundFeedback,1787599499,5,0,0
9vfoiax5,16,t6rthajw,48,main,Trade,1787599500,15,0,0
9vfoiax5,34,mrwqmc94,33,main,Trade,1787599500,10,0,0
9vfoiax5,13,pm665xdw,21,main,Trade,1787599501,6,0,0
9vfoiax5,11,454urtzl,53,main,DataFeeDecision,1787599501,17,0,0
9vfoiax5,5,47cbw4kl,45,main,Trade,1787599501,14,0,0
9vfoiax5,20,atqtlu6a,31,main,RoundFeedback,1787599502,9,0,0
9vfoiax5,31,ki9t1ots,18,main,Trade,1787599507,5,0,0
9vfoiax5,4,4tucoz6l,47,main,DataFeeDecision,1787599507,15,0,0
9vfoiax5,20,atqtlu6a,32,main,DataFeeDecision,1787599510,10,0,0
9vfoiax5,16,t6rthajw,49,main,RoundFeedback,1787599510,15,0,0
9vfoiax5,5,47cbw4kl,46,main,RoundFeedback,1787599511,14,0,0
9vfoiax5,2,ttbhrq7x,20,main,DataFeeDecision,1787599512,6,0,0
9vfoiax5,12,y7r9sa4u,22,main,RoundFeedback,1787599512,6,0,0
9vfoiax5,32,8ygvklh3,48,main,Trade,1787599513,15,0,0
9vfoiax5,27,mknb67le,15,main,Trade,1787599514,4,0,0
9vfoiax5,8,f0dtgw15,30,main,Trade,1787599514,9,0,0
9vfoiax5,16,t6rthajw,50,main,DataFeeDecision,1787599514,16,0,0
9vfoiax5,5,47cbw4kl,47,main,DataFeeDecision,1787599514,15,0,0
9vfoiax5,34,mrwqmc94,34,main,RoundFeedback,1787599516,10,0,0
9vfoiax5,26,4zd5ned9,21,main,Trade,1787599517,6,0,0
9vfoiax5,22,4yux8e22,21,main,Trade,1787599517,6,0,0
9vfoiax5,30,92y585sb,19,main,RoundFeedback,1787599519,5,0,0
9vfoiax5,17,wel7w6gg,54,main,Trade,1787599519,17,0,0
9vfoiax5,32,8ygvklh3,49,main,RoundFeedback,1787599519,15,0,0
9vfoiax5,22,4yux8e22,22,main,RoundFeedback,1787599519,6,0,0
9vfoiax5,31,ki9t1ots,19,main,RoundFeedback,1787599520,5,0,0
9vfoiax5,19,y3uiqp3t,45,main,Trade,1787599520,14,0,0
9vfoiax5,34,mrwqmc94,35,main,DataFeeDecision,1787599520,11,0,0
9vfoiax5,12,y7r9sa4u,23,main,DataFeeDecision,1787599521,7,0,0
9vfoiax5,35,8lotxa0v,66,post_exp,literacyQuiz,1787599522,1,0,0
9vfoiax5,32,8ygvklh3,50,main,DataFeeDecision,1787599523,16,0,0
9vfoiax5,17,wel7w6gg,55,main,RoundFeedback,1787599523,17,0,0
9vfoiax5,22,4yux8e22,23,main,DataFeeDecision,1787599524,7,0,0
9vfoiax5,18,u4dpd5wy,18,main,Trade,1787599524,5,0,0
9vfoiax5,19,y3uiqp3t,46,main,RoundFeedback,1787599525,14,0,0
9vfoiax5,15,0z4ddbix,18,main,Trade,1787599526,5,0,0
9vfoiax5,30,92y585sb,20,main,DataFeeDecision,1787599526,6,0,0
9vfoiax5,17,wel7w6gg,56,main,DataFeeDecision,1787599526,18,0,0
9vfoiax5,23,f291tr7u,30,main,Trade,1787599527,9,0,0
9vfoiax5,31,ki9t1ots,20,main,DataFeeDecision,1787599527,6,0,0
9vfoiax5,27,mknb67le,16,main,RoundFeedback,1787599528,4,0,0
9vfoiax5,4,4tucoz6l,48,main,Trade,1787599529,15,0,0
9vfoiax5,19,y3uiqp3t,47,main,DataFeeDecision,1787599530,15,0,0
9vfoiax5,26,4zd5ned9,22,main,RoundFeedback,1787599530,6,0,0
9vfoiax5,39,nn4f2puj,6,main,Trade,1787599533,1,0,0
9vfoiax5,11,454urtzl,54,main,Trade,1787599533,17,0,0
9vfoiax5,18,u4dpd5wy,19,main,RoundFeedback,1787599533,5,0,0
9vfoiax5,8,f0dtgw15,31,main,RoundFeedback,1787599534,9,0,0
9vfoiax5,9,gtr4o4u4,36,main,Trade,1787599535,11,0,0
9vfoiax5,27,mknb67le,17,main,DataFeeDecision,1787599537,5,0,0
9vfoiax5,8,f0dtgw15,32,main,DataFeeDecision,1787599537,10,0,0
9vfoiax5,9,gtr4o4u4,37,main,RoundFeedback,1787599540,11,0,0
9vfoiax5,4,4tucoz6l,49,main,RoundFeedback,1787599541,15,0,0
9vfoiax5,26,4zd5ned9,23,main,DataFeeDecision,1787599542,7,0,0
9vfoiax5,11,454urtzl,55,main,RoundFeedback,1787599543,17,0,0
9vfoiax5,15,0z4ddbix,19,main,RoundFeedback,1787599543,5,0,0
9vfoiax5,23,f291tr7u,31,main,RoundFeedback,1787599544,9,0,0
9vfoiax5,9,gtr4o4u4,38,main,DataFeeDecision,1787599545,12,0,0
9vfoiax5,4,4tucoz6l,50,main,DataFeeDecision,1787599546,16,0,0
9vfoiax5,18,u4dpd5wy,20,main,DataFeeDecision,1787599546,6,0,0
9vfoiax5,11,454urtzl,56,main,DataFeeDecision,1787599547,18,0,0
9vfoiax5,32,8ygvklh3,51,main,Trade,1787599548,16,0,0
9vfoiax5,15,0z4ddbix,20,main,DataFeeDecision,1787599548,6,0,0
9vfoiax5,5,47cbw4kl,48,main,Trade,1787599550,15,0,0
9vfoiax5,14,qgszrtu9,48,main,Trade,1787599552,15,0,0
9vfoiax5,32,8ygvklh3,52,main,RoundFeedback,1787599552,16,0,0
9vfoiax5,16,t6rthajw,51,main,Trade,1787599552,16,0,0
9vfoiax5,2,ttbhrq7x,21,main,Trade,1787599554,6,0,0
9vfoiax5,13,pm665xdw,22,main,RoundFeedback,1787599555,6,0,0
9vfoiax5,24,w3cukoe0,21,main,Trade,1787599555,6,0,0
9vfoiax5,7,2am1bt7m,30,main,Trade,1787599555,9,0,0
9vfoiax5,32,8ygvklh3,53,main,DataFeeDecision,1787599555,17,0,0
9vfoiax5,5,47cbw4kl,49,main,RoundFeedback,1787599556,15,0,0
9vfoiax5,36,zy0t07g5,45,main,Trade,1787599556,14,0,0
9vfoiax5,14,qgszrtu9,49,main,RoundFeedback,1787599558,15,0,0
9vfoiax5,23,f291tr7u,32,main,DataFeeDecision,1787599558,10,0,0
9vfoiax5,39,nn4f2puj,7,main,RoundFeedback,1787599558,1,0,0
9vfoiax5,5,47cbw4kl,50,main,DataFeeDecision,1787599558,16,0,0
9vfoiax5,28,sp03734d,36,main,Trade,1787599559,11,0,0
9vfoiax5,29,m7hitpc7,36,main,Trade,1787599559,11,0,0
9vfoiax5,16,t6rthajw,52,main,RoundFeedback,1787599560,16,0,0
9vfoiax5,19,y3uiqp3t,48,main,Trade,1787599560,15,0,0
9vfoiax5,13,pm665xdw,23,main,DataFeeDecision,1787599560,7,0,0
9vfoiax5,7,2am1bt7m,31,main,RoundFeedback,1787599563,9,0,0
9vfoiax5,19,y3uiqp3t,49,main,RoundFeedback,1787599563,15,0,0
9vfoiax5,34,mrwqmc94,36,main,Trade,1787599565,11,0,0
9vfoiax5,17,wel7w6gg,57,main,Trade,1787599565,18,0,0
9vfoiax5,16,t6rthajw,53,main,DataFeeDecision,1787599565,17,0,0
9vfoiax5,7,2am1bt7m,32,main,DataFeeDecision,1787599566,10,0,0
9vfoiax5,2,ttbhrq7x,22,main,RoundFeedback,1787599566,6,0,0
9vfoiax5,30,92y585sb,21,main,Trade,1787599567,6,0,0
9vfoiax5,19,y3uiqp3t,50,main,DataFeeDecision,1787599567,16,0,0
9vfoiax5,36,zy0t07g5,46,main,RoundFeedback,1787599571,14,0,0
9vfoiax5,17,wel7w6gg,58,main,RoundFeedback,1787599571,18,0,0
9vfoiax5,2,ttbhrq7x,23,main,DataFeeDecision,1787599571,7,0,0
9vfoiax5,12,y7r9sa4u,24,main,Trade,1787599572,7,0,0
9vfoiax5,29,m7hitpc7,37,main,RoundFeedback,1787599572,11,0,0
9vfoiax5,22,4yux8e22,24,main,Trade,1787599574,7,0,0
9vfoiax5,36,zy0t07g5,47,main,DataFeeDecision,1787599575,15,0,0
9vfoiax5,35,8lotxa0v,67,post_exp,Demographics,1787599575,1,0,0
9vfoiax5,28,sp03734d,37,main,RoundFeedback,1787599575,11,0,0
9vfoiax5,10,edlvyy4x,21,main,Trade,1787599575,6,0,0
9vfoiax5,11,454urtzl,57,main,Trade,1787599576,18,0,0
9vfoiax5,29,m7hitpc7,38,main,DataFeeDecision,1787599578,12,0,0
9vfoiax5,14,qgszrtu9,50,main,DataFeeDecision,1787599579,16,0,0
9vfoiax5,34,mrwqmc94,37,main,RoundFeedback,1787599579,11,0,0
9vfoiax5,30,92y585sb,22,main,RoundFeedback,1787599580,6,0,0
9vfoiax5,5,47cbw4kl,51,main,Trade,1787599580,16,0,0
9vfoiax5,24,w3cukoe0,22,main,RoundFeedback,1787599581,6,0,0
9vfoiax5,12,y7r9sa4u,25,main,RoundFeedback,1787599582,7,0,0
9vfoiax5,34,mrwqmc94,38,main,DataFeeDecision,1787599582,12,0,0
9vfoiax5,11,454urtzl,58,main,RoundFeedback,1787599583,18,0,0
9vfoiax5,10,edlvyy4x,22,main,RoundFeedback,1787599583,6,0,0
9vfoiax5,22,4yux8e22,25,main,RoundFeedback,1787599584,7,0,0
9vfoiax5,28,sp03734d,38,main,DataFeeDecision,1787599584,12,0,0
9vfoiax5,24,w3cukoe0,23,main,DataFeeDecision,1787599584,7,0,0
9vfoiax5,30,92y585sb,23,main,DataFeeDecision,1787599584,7,0,0
9vfoiax5,32,8ygvklh3,54,main,Trade,1787599585,17,0,0
9vfoiax5,4,4tucoz6l,51,main,Trade,1787599586,16,0,0
9vfoiax5,17,wel7w6gg,59,main,DataFeeDecision,1787599586,19,0,0
9vfoiax5,5,47cbw4kl,52,main,RoundFeedback,1787599586,16,0,0
9vfoiax5,11,454urtzl,59,main,DataFeeDecision,1787599587,19,0,0
9vfoiax5,10,edlvyy4x,23,main,DataFeeDecision,1787599587,7,0,0
9vfoiax5,12,y7r9sa4u,26,main,DataFeeDecision,1787599588,8,0,0
9vfoiax5,22,4yux8e22,26,main,DataFeeDecision,1787599589,8,0,0
9vfoiax5,5,47cbw4kl,53,main,DataFeeDecision,1787599590,17,0,0
9vfoiax5,32,8ygvklh3,55,main,RoundFeedback,1787599591,17,0,0
9vfoiax5,32,8ygvklh3,56,main,DataFeeDecision,1787599594,18,0,0
9vfoiax5,4,4tucoz6l,52,main,RoundFeedback,1787599595,16,0,0
9vfoiax5,19,y3uiqp3t,51,main,Trade,1787599596,16,0,0
9vfoiax5,6,w1hg4dq2,27,main,Trade,1787599599,8,0,0
9vfoiax5,4,4tucoz6l,53,main,DataFeeDecision,1787599599,17,0,0
9vfoiax5,13,pm665xdw,24,main,Trade,1787599600,7,0,0
9vfoiax5,36,zy0t07g5,48,main,Trade,1787599601,15,0,0
9vfoiax5,19,y3uiqp3t,52,main,RoundFeedback,1787599604,16,0,0
9vfoiax5,35,8lotxa0v,68,post_exp,ContactInfo,1787599605,1,0,0
9vfoiax5,17,wel7w6gg,60,main,Trade,1787599606,19,0,0
9vfoiax5,6,w1hg4dq2,28,main,RoundFeedback,1787599606,8,0,0
9vfoiax5,33,j6pfvo4x,24,main,Trade,1787599608,7,0,0
9vfoiax5,19,y3uiqp3t,53,main,DataFeeDecision,1787599609,17,0,0
9vfoiax5,17,wel7w6gg,61,main,RoundFeedback,1787599609,19,0,0
9vfoiax5,6,w1hg4dq2,29,main,DataFeeDecision,1787599611,9,0,0
9vfoiax5,8,f0dtgw15,33,main,Trade,1787599612,10,0,0
9vfoiax5,17,wel7w6gg,62,main,DataFeeDecision,1787599612,20,0,0
9vfoiax5,36,zy0t07g5,49,main,RoundFeedback,1787599613,15,0,0
9vfoiax5,2,ttbhrq7x,24,main,Trade,1787599614,7,0,0
9vfoiax5,20,atqtlu6a,33,main,Trade,1787599614,10,0,0
9vfoiax5,13,pm665xdw,25,main,RoundFeedback,1787599615,7,0,0
9vfoiax5,36,zy0t07g5,50,main,DataFeeDecision,1787599616,16,0,0
9vfoiax5,9,gtr4o4u4,39,main,Trade,1787599617,12,0,0
9vfoiax5,16,t6rthajw,54,main,Trade,1787599619,17,0,0
9vfoiax5,26,4zd5ned9,24,main,Trade,1787599619,7,0,0
9vfoiax5,13,pm665xdw,26,main,DataFeeDecision,1787599620,8,0,0
9vfoiax5,23,f291tr7u,33,main,Trade,1787599622,10,0,0
9vfoiax5,11,454urtzl,60,main,Trade,1787599625,19,0,0
9vfoiax5,2,ttbhrq7x,25,main,RoundFeedback,1787599627,7,0,0
9vfoiax5,38,9ozs75r2,12,main,Trade,1787599627,3,0,0
9vfoiax5,9,gtr4o4u4,40,main,RoundFeedback,1787599628,12,0,0
9vfoiax5,30,92y585sb,24,main,Trade,1787599629,7,0,0
9vfoiax5,28,sp03734d,39,main,Trade,1787599629,12,0,0
9vfoiax5,17,wel7w6gg,63,main,Trade,1787599630,20,0,0
9vfoiax5,24,w3cukoe0,24,main,Trade,1787599631,7,0,0
9vfoiax5,7,2am1bt7m,33,main,Trade,1787599631,10,0,0
9vfoiax5,32,8ygvklh3,57,main,Trade,1787599631,18,0,0
9vfoiax5,11,454urtzl,61,main,RoundFeedback,1787599632,19,0,0
9vfoiax5,32,8ygvklh3,58,main,RoundFeedback,1787599633,18,0,0
9vfoiax5,17,wel7w6gg,64,main,RoundFeedback,1787599633,20,0,0
9vfoiax5,16,t6rthajw,55,main,RoundFeedback,1787599634,17,0,0
9vfoiax5,9,gtr4o4u4,41,main,DataFeeDecision,1787599634,13,0,0
9vfoiax5,20,atqtlu6a,34,main,RoundFeedback,1787599634,10,0,0
9vfoiax5,23,f291tr7u,34,main,RoundFeedback,1787599635,10,0,0
9vfoiax5,7,2am1bt7m,34,main,RoundFeedback,1787599635,10,0,0
9vfoiax5,11,454urtzl,62,main,DataFeeDecision,1787599636,20,0,0
9vfoiax5,29,m7hitpc7,39,main,Trade,1787599636,12,0,0
9vfoiax5,32,8ygvklh3,59,main,DataFeeDecision,1787599636,19,0,0
9vfoiax5,5,47cbw4kl,54,main,Trade,1787599636,17,0,0
9vfoiax5,28,sp03734d,40,main,RoundFeedback,1787599637,12,0,0
9vfoiax5,16,t6rthajw,56,main,DataFeeDecision,1787599637,18,0,0
9vfoiax5,7,2am1bt7m,35,main,DataFeeDecision,1787599637,11,0,0
9vfoiax5,24,w3cukoe0,25,main,RoundFeedback,1787599638,7,0,0
9vfoiax5,23,f291tr7u,35,main,DataFeeDecision,1787599638,11,0,0
9vfoiax5,19,y3uiqp3t,54,main,Trade,1787599638,17,0,0
9vfoiax5,4,4tucoz6l,54,main,Trade,1787599639,17,0,0
9vfoiax5,38,9ozs75r2,13,main,RoundFeedback,1787599639,3,0,0
9vfoiax5,26,4zd5ned9,25,main,RoundFeedback,1787599639,7,0,0
9vfoiax5,20,atqtlu6a,35,main,DataFeeDecision,1787599639,11,0,0
9vfoiax5,2,ttbhrq7x,26,main,DataFeeDecision,1787599640,8,0,0
9vfoiax5,28,sp03734d,41,main,DataFeeDecision,1787599641,13,0,0
9vfoiax5,22,4yux8e22,27,main,Trade,1787599641,8,0,0
9vfoiax5,39,nn4f2puj,9,main,Trade,1787599643,2,0,0
9vfoiax5,5,47cbw4kl,55,main,RoundFeedback,1787599643,17,0,0
9vfoiax5,26,4zd5ned9,26,main,DataFeeDecision,1787599644,8,0,0
9vfoiax5,8,f0dtgw15,34,main,RoundFeedback,1787599644,10,0,0
9vfoiax5,24,w3cukoe0,26,main,DataFeeDecision,1787599645,8,0,0
9vfoiax5,19,y3uiqp3t,55,main,RoundFeedback,1787599645,17,0,0
9vfoiax5,35,8lotxa0v,69,post_exp,Payoff,1787599645,1,0,0
9vfoiax5,29,m7hitpc7,40,main,RoundFeedback,1787599646,12,0,0
9vfoiax5,22,4yux8e22,28,main,RoundFeedback,1787599646,8,0,0
9vfoiax5,4,4tucoz6l,55,main,RoundFeedback,1787599646,17,0,0
9vfoiax5,8,f0dtgw15,35,main,DataFeeDecision,1787599648,11,0,0
9vfoiax5,5,47cbw4kl,56,main,DataFeeDecision,1787599648,18,0,0
9vfoiax5,19,y3uiqp3t,56,main,DataFeeDecision,1787599648,18,0,0
9vfoiax5,15,0z4ddbix,21,main,Trade,1787599649,6,0,0
9vfoiax5,29,m7hitpc7,41,main,DataFeeDecision,1787599649,13,0,0
9vfoiax5,33,j6pfvo4x,25,main,RoundFeedback,1787599650,7,0,0
9vfoiax5,38,9ozs75r2,14,main,DataFeeDecision,1787599650,4,0,0
9vfoiax5,30,92y585sb,25,main,RoundFeedback,1787599651,7,0,0
9vfoiax5,4,4tucoz6l,56,main,DataFeeDecision,1787599651,18,0,0
9vfoiax5,3,h6ra9n61,66,post_exp,literacyQuiz,1787599651,1,0,0
9vfoiax5,36,zy0t07g5,51,main,Trade,1787599654,16,0,0
9vfoiax5,14,qgszrtu9,51,main,Trade,1787599655,16,0,0
9vfoiax5,13,pm665xdw,27,main,Trade,1787599655,8,0,0
9vfoiax5,33,j6pfvo4x,26,main,DataFeeDecision,1787599655,8,0,0
9vfoiax5,30,92y585sb,26,main,DataFeeDecision,1787599655,8,0,0
9vfoiax5,34,mrwqmc94,39,main,Trade,1787599658,12,0,0
9vfoiax5,36,zy0t07g5,52,main,RoundFeedback,1787599658,16,0,0
9vfoiax5,14,qgszrtu9,52,main,RoundFeedback,1787599660,16,0,0
9vfoiax5,27,mknb67le,18,main,Trade,1787599661,5,0,0
9vfoiax5,12,y7r9sa4u,27,main,Trade,1787599663,8,0,0
9vfoiax5,13,pm665xdw,28,main,RoundFeedback,1787599665,8,0,0
9vfoiax5,22,4yux8e22,29,main,DataFeeDecision,1787599665,9,0,0
9vfoiax5,15,0z4ddbix,22,main,RoundFeedback,1787599665,6,0,0
9vfoiax5,23,f291tr7u,36,main,Trade,1787599666,11,0,0
9vfoiax5,39,nn4f2puj,10,main,RoundFeedback,1787599666,2,0,0
9vfoiax5,4,4tucoz6l,57,main,Trade,1787599667,18,0,0
9vfoiax5,2,ttbhrq7x,27,main,Trade,1787599668,8,0,0
9vfoiax5,13,pm665xdw,29,main,DataFeeDecision,1787599668,9,0,0
9vfoiax5,12,y7r9sa4u,28,main,RoundFeedback,1787599668,8,0,0
9vfoiax5,14,qgszrtu9,53,main,DataFeeDecision,1787599669,17,0,0
9vfoiax5,11,454urtzl,63,main,Trade,1787599670,20,0,0
9vfoiax5,5,47cbw4kl,57,main,Trade,1787599670,18,0,0
9vfoiax5,15,0z4ddbix,23,main,DataFeeDecision,1787599670,7,0,0
9vfoiax5,34,mrwqmc94,40,main,RoundFeedback,1787599671,12,0,0
9vfoiax5,21,cuq5iz33,66,post_exp,literacyQuiz,1787599671,1,0,0
9vfoiax5,18,u4dpd5wy,21,main,Trade,1787599671,6,0,0
9vfoiax5,38,9ozs75r2,15,main,Trade,1787599671,4,0,0
9vfoiax5,23,f291tr7u,37,main,RoundFeedback,1787599672,11,0,0
9vfoiax5,32,8ygvklh3,60,main,Trade,1787599673,19,0,0
9vfoiax5,34,mrwqmc94,41,main,DataFeeDecision,1787599674,13,0,0
9vfoiax5,27,mknb67le,19,main,RoundFeedback,1787599675,5,0,0
9vfoiax5,38,9ozs75r2,16,main,RoundFeedback,1787599675,4,0,0
9vfoiax5,23,f291tr7u,38,main,DataFeeDecision,1787599676,12,0,0
9vfoiax5,36,zy0t07g5,53,main,DataFeeDecision,1787599676,17,0,0
9vfoiax5,4,4tucoz6l,58,main,RoundFeedback,1787599676,18,0,0
9vfoiax5,2,ttbhrq7x,28,main,RoundFeedback,1787599678,8,0,0
9vfoiax5,11,454urtzl,64,main,RoundFeedback,1787599678,20,0,0
9vfoiax5,18,u4dpd5wy,22,main,RoundFeedback,1787599678,6,0,0
9vfoiax5,37,zs0yllk7,12,main,Trade,1787599679,3,0,0
9vfoiax5,16,t6rthajw,57,main,Trade,1787599679,18,0,0
9vfoiax5,12,y7r9sa4u,29,main,DataFeeDecision,1787599680,9,0,0
9vfoiax5,38,9ozs75r2,17,main,DataFeeDecision,1787599680,5,0,0
9vfoiax5,5,47cbw4kl,58,main,RoundFeedback,1787599681,18,0,0
9vfoiax5,18,u4dpd5wy,23,main,DataFeeDecision,1787599682,7,0,0
9vfoiax5,27,mknb67le,20,main,DataFeeDecision,1787599683,6,0,0
9vfoiax5,6,w1hg4dq2,30,main,Trade,1787599684,9,0,0
9vfoiax5,31,ki9t1ots,21,main,Trade,1787599684,6,0,0
9vfoiax5,32,8ygvklh3,61,main,RoundFeedback,1787599684,19,0,0
9vfoiax5,5,47cbw4kl,59,main,DataFeeDecision,1787599685,19,0,0
9vfoiax5,7,2am1bt7m,36,main,Trade,1787599686,11,0,0
9vfoiax5,39,nn4f2puj,11,main,DataFeeDecision,1787599686,3,0,0
9vfoiax5,9,gtr4o4u4,42,main,Trade,1787599688,13,0,0
9vfoiax5,16,t6rthajw,58,main,RoundFeedback,1787599688,18,0,0
9vfoiax5,32,8ygvklh3,62,main,DataFeeDecision,1787599688,20,0,0
9vfoiax5,3,h6ra9n61,67,post_exp,Demographics,1787599689,1,0,0
9vfoiax5,14,qgszrtu9,54,main,Trade,1787599689,17,0,0
9vfoiax5,6,w1hg4dq2,31,main,RoundFeedback,1787599689,9,0,0
9vfoiax5,31,ki9t1ots,22,main,RoundFeedback,1787599689,6,0,0
9vfoiax5,7,2am1bt7m,37,main,RoundFeedback,1787599690,11,0,0
9vfoiax5,8,f0dtgw15,36,main,Trade,1787599690,11,0,0
9vfoiax5,28,sp03734d,42,main,Trade,1787599691,13,0,0
9vfoiax5,6,w1hg4dq2,32,main,DataFeeDecision,1787599692,10,0,0
9vfoiax5,16,t6rthajw,59,main,DataFeeDecision,1787599693,19,0,0
9vfoiax5,7,2am1bt7m,38,main,DataFeeDecision,1787599693,12,0,0
9vfoiax5,20,atqtlu6a,36,main,Trade,1787599693,11,0,0
9vfoiax5,9,gtr4o4u4,43,main,RoundFeedback,1787599693,13,0,0
9vfoiax5,31,ki9t1ots,23,main,DataFeeDecision,1787599694,7,0,0
9vfoiax5,14,qgszrtu9,55,main,RoundFeedback,1787599695,17,0,0
9vfoiax5,30,92y585sb,27,main,Trade,1787599696,8,0,0
9vfoiax5,4,4tucoz6l,59,main,DataFeeDecision,1787599696,19,0,0
9vfoiax5,9,gtr4o4u4,44,main,DataFeeDecision,1787599699,14,0,0
9vfoiax5,14,qgszrtu9,56,main,DataFeeDecision,1787599699,18,0,0
9vfoiax5,2,ttbhrq7x,29,main,DataFeeDecision,1787599700,9,0,0
9vfoiax5,22,4yux8e22,30,main,Trade,1787599701,9,0,0
9vfoiax5,20,atqtlu6a,37,main,RoundFeedback,1787599701,11,0,0
9vfoiax5,10,edlvyy4x,24,main,Trade,1787599703,7,0,0
9vfoiax5,8,f0dtgw15,37,main,RoundFeedback,1787599703,11,0,0
9vfoiax5,22,4yux8e22,31,main,RoundFeedback,1787599704,9,0,0
9vfoiax5,20,atqtlu6a,38,main,DataFeeDecision,1787599705,12,0,0
9vfoiax5,8,f0dtgw15,38,main,DataFeeDecision,1787599707,12,0,0
9vfoiax5,28,sp03734d,43,main,RoundFeedback,1787599707,13,0,0
9vfoiax5,4,4tucoz6l,60,main,Trade,1787599708,19,0,0
9vfoiax5,22,4yux8e22,32,main,DataFeeDecision,1787599708,10,0,0
9vfoiax5,19,y3uiqp3t,57,main,Trade,1787599708,18,0,0
9vfoiax5,10,edlvyy4x,25,main,RoundFeedback,1787599710,7,0,0
9vfoiax5,21,cuq5iz33,67,post_exp,Demographics,1787599711,1,0,0
9vfoiax5,30,92y585sb,28,main,RoundFeedback,1787599712,8,0,0
9vfoiax5,4,4tucoz6l,61,main,RoundFeedback,1787599712,19,0,0
9vfoiax5,32,8ygvklh3,63,main,Trade,1787599713,20,0,0
9vfoiax5,19,y3uiqp3t,58,main,RoundFeedback,1787599713,18,0,0
9vfoiax5,28,sp03734d,44,main,DataFeeDecision,1787599715,14,0,0
9vfoiax5,13,pm665xdw,30,main,Trade,1787599716,9,0,0
9vfoiax5,3,h6ra9n61,68,post_exp,ContactInfo,1787599716,1,0,0
9vfoiax5,4,4tucoz6l,62,main,DataFeeDecision,1787599717,20,0,0
9vfoiax5,17,wel7w6gg,65,post_exp,HoltLaury,1787599718,1,0,0
9vfoiax5,19,y3uiqp3t,59,main,DataFeeDecision,1787599718,19,0,0
9vfoiax5,24,w3cukoe0,27,main,Trade,1787599718,8,0,0
9vfoiax5,32,8ygvklh3,64,main,RoundFeedback,1787599719,20,0,0
9vfoiax5,30,92y585sb,29,main,DataFeeDecision,1787599719,9,0,0
9vfoiax5,29,m7hitpc7,42,main,Trade,1787599719,13,0,0
9vfoiax5,5,47cbw4kl,60,main,Trade,1787599720,19,0,0
9vfoiax5,31,ki9t1ots,24,main,Trade,1787599720,7,0,0
9vfoiax5,36,zy0t07g5,54,main,Trade,1787599722,17,0,0
9vfoiax5,16,t6rthajw,60,main,Trade,1787599722,19,0,0
9vfoiax5,13,pm665xdw,31,main,RoundFeedback,1787599723,9,0,0
9vfoiax5,10,edlvyy4x,26,main,DataFeeDecision,1787599723,8,0,0
9vfoiax5,5,47cbw4kl,61,main,RoundFeedback,1787599724,19,0,0
9vfoiax5,31,ki9t1ots,25,main,RoundFeedback,1787599724,7,0,0
9vfoiax5,34,mrwqmc94,42,main,Trade,1787599725,13,0,0
9vfoiax5,23,f291tr7u,39,main,Trade,1787599726,12,0,0
9vfoiax5,5,47cbw4kl,62,main,DataFeeDecision,1787599727,20,0,0
9vfoiax5,29,m7hitpc7,43,main,RoundFeedback,1787599728,13,0,0
9vfoiax5,13,pm665xdw,32,main,DataFeeDecision,1787599728,10,0,0
9vfoiax5,2,ttbhrq7x,30,main,Trade,1787599728,9,0,0
9vfoiax5,20,atqtlu6a,39,main,Trade,1787599730,12,0,0
9vfoiax5,4,4tucoz6l,63,main,Trade,1787599730,20,0,0
9vfoiax5,15,0z4ddbix,24,main,Trade,1787599730,7,0,0
9vfoiax5,9,gtr4o4u4,45,main,Trade,1787599730,14,0,0
9vfoiax5,26,4zd5ned9,27,main,Trade,1787599731,8,0,0
9vfoiax5,12,y7r9sa4u,30,main,Trade,1787599731,9,0,0
9vfoiax5,36,zy0t07g5,55,main,RoundFeedback,1787599732,17,0,0
9vfoiax5,31,ki9t1ots,26,main,DataFeeDecision,1787599732,8,0,0
9vfoiax5,16,t6rthajw,61,main,RoundFeedback,1787599732,19,0,0
9vfoiax5,23,f291tr7u,40,main,RoundFeedback,1787599733,12,0,0
9vfoiax5,29,m7hitpc7,44,main,DataFeeDecision,1787599734,14,0,0
9vfoiax5,4,4tucoz6l,64,main,RoundFeedback,1787599734,20,0,0
9vfoiax5,34,mrwqmc94,43,main,RoundFeedback,1787599735,13,0,0
9vfoiax5,36,zy0t07g5,56,main,DataFeeDecision,1787599735,18,0,0
9vfoiax5,23,f291tr7u,41,main,DataFeeDecision,1787599736,13,0,0
9vfoiax5,16,t6rthajw,62,main,DataFeeDecision,1787599736,20,0,0
9vfoiax5,9,gtr4o4u4,46,main,RoundFeedback,1787599737,14,0,0
9vfoiax5,3,h6ra9n61,69,post_exp,Payoff,1787599737,1,0,0
9vfoiax5,37,zs0yllk7,13,main,RoundFeedback,1787599738,3,0,0
9vfoiax5,34,mrwqmc94,44,main,DataFeeDecision,1787599740,14,0,0
9vfoiax5,24,w3cukoe0,28,main,RoundFeedback,1787599741,8,0,0
9vfoiax5,37,zs0yllk7,14,main,DataFeeDecision,1787599741,4,0,0
9vfoiax5,12,y7r9sa4u,31,main,RoundFeedback,1787599742,9,0,0
9vfoiax5,2,ttbhrq7x,31,main,RoundFeedback,1787599742,9,0,0
9vfoiax5,14,qgszrtu9,57,main,Trade,1787599742,18,0,0
9vfoiax5,20,atqtlu6a,40,main,RoundFeedback,1787599743,12,0,0
9vfoiax5,9,gtr4o4u4,47,main,DataFeeDecision,1787599744,15,0,0
9vfoiax5,24,w3cukoe0,29,main,DataFeeDecision,1787599744,9,0,0
9vfoiax5,12,y7r9sa4u,32,main,DataFeeDecision,1787599744,10,0,0
9vfoiax5,7,2am1bt7m,39,main,Trade,1787599745,12,0,0
9vfoiax5,2,ttbhrq7x,32,main,DataFeeDecision,1787599746,10,0,0
9vfoiax5,38,9ozs75r2,18,main,Trade,1787599746,5,0,0
9vfoiax5,7,2am1bt7m,40,main,RoundFeedback,1787599748,12,0,0
9vfoiax5,26,4zd5ned9,28,main,RoundFeedback,1787599748,8,0,0
9vfoiax5,20,atqtlu6a,41,main,DataFeeDecision,1787599750,13,0,0
9vfoiax5,7,2am1bt7m,41,main,DataFeeDecision,1787599751,13,0,0
9vfoiax5,39,nn4f2puj,12,main,Trade,1787599752,3,0,0
9vfoiax5,15,0z4ddbix,25,main,RoundFeedback,1787599753,7,0,0
9vfoiax5,14,qgszrtu9,58,main,RoundFeedback,1787599753,18,0,0
9vfoiax5,13,pm665xdw,33,main,Trade,1787599754,10,0,0
9vfoiax5,38,9ozs75r2,19,main,RoundFeedback,1787599754,5,0,0
9vfoiax5,27,mknb67le,21,main,Trade,1787599754,6,0,0
9vfoiax5,15,0z4ddbix,26,main,DataFeeDecision,1787599757,8,0,0
9vfoiax5,18,u4dpd5wy,24,main,Trade,1787599758,7,0,0
9vfoiax5,30,92y585sb,30,main,Trade,1787599758,9,0,0
9vfoiax5,22,4yux8e22,33,main,Trade,1787599759,10,0,0
9vfoiax5,38,9ozs75r2,20,main,DataFeeDecision,1787599759,6,0,0
9vfoiax5,26,4zd5ned9,29,main,DataFeeDecision,1787599760,9,0,0
9vfoiax5,23,f291tr7u,42,main,Trade,1787599761,13,0,0
9vfoiax5,19,y3uiqp3t,60,main,Trade,1787599761,19,0,0
9vfoiax5,13,pm665xdw,34,main,RoundFeedback,1787599763,10,0,0
9vfoiax5,14,qgszrtu9,59,main,DataFeeDecision,1787599764,19,0,0
9vfoiax5,39,nn4f2puj,13,main,RoundFeedback,1787599765,3,0,0
9vfoiax5,19,y3uiqp3t,61,main,RoundFeedback,1787599766,19,0,0
9vfoiax5,22,4yux8e22,34,main,RoundFeedback,1787599766,10,0,0
9vfoiax5,5,47cbw4kl,63,main,Trade,1787599767,20,0,0
9vfoiax5,27,mknb67le,22,main,RoundFeedback,1787599768,6,0,0
9vfoiax5,21,cuq5iz33,68,post_exp,ContactInfo,1787599768,1,0,0
9vfoiax5,31,ki9t1ots,27,main,Trade,1787599768,8,0,0
9vfoiax5,23,f291tr7u,43,main,RoundFeedback,1787599769,13,0,0
9vfoiax5,18,u4dpd5wy,25,main,RoundFeedback,1787599769,7,0,0
9vfoiax5,13,pm665xdw,35,main,DataFeeDecision,1787599770,11,0,0
9vfoiax5,19,y3uiqp3t,62,main,DataFeeDecision,1787599770,20,0,0
9vfoiax5,22,4yux8e22,35,main,DataFeeDecision,1787599771,11,0,0
9vfoiax5,16,t6rthajw,63,main,Trade,1787599771,20,0,0
9vfoiax5,28,sp03734d,45,main,Trade,1787599771,14,0,0
9vfoiax5,23,f291tr7u,44,main,DataFeeDecision,1787599772,14,0,0
9vfoiax5,31,ki9t1ots,28,main,RoundFeedback,1787599772,8,0,0
9vfoiax5,27,mknb67le,23,main,DataFeeDecision,1787599773,7,0,0
9vfoiax5,18,u4dpd5wy,26,main,DataFeeDecision,1787599773,8,0,0
9vfoiax5,39,nn4f2puj,14,main,DataFeeDecision,1787599774,4,0,0
9vfoiax5,33,j6pfvo4x,27,main,Trade,1787599775,8,0,0
9vfoiax5,28,sp03734d,46,main,RoundFeedback,1787599775,14,0,0
9vfoiax5,5,47cbw4kl,64,main,RoundFeedback,1787599775,20,0,0
9vfoiax5,30,92y585sb,31,main,RoundFeedback,1787599777,9,0,0
9vfoiax5,28,sp03734d,47,main,DataFeeDecision,1787599778,15,0,0
9vfoiax5,16,t6rthajw,64,main,RoundFeedback,1787599779,20,0,0
9vfoiax5,7,2am1bt7m,42,main,Trade,1787599781,13,0,0
9vfoiax5,21,cuq5iz33,69,post_exp,Payoff,1787599782,1,0,0
9vfoiax5,31,ki9t1ots,29,main,DataFeeDecision,1787599783,9,0,0
9vfoiax5,30,92y585sb,32,main,DataFeeDecision,1787599785,10,0,0
9vfoiax5,38,9ozs75r2,21,main,Trade,1787599788,6,0,0
9vfoiax5,36,zy0t07g5,57,main,Trade,1787599791,18,0,0
9vfoiax5,33,j6pfvo4x,28,main,RoundFeedback,1787599792,8,0,0
9vfoiax5,20,atqtlu6a,42,main,Trade,1787599792,13,0,0
9vfoiax5,29,m7hitpc7,45,main,Trade,1787599792,14,0,0
9vfoiax5,7,2am1bt7m,43,main,RoundFeedback,1787599792,13,0,0
9vfoiax5,36,zy0t07g5,58,main,RoundFeedback,1787599793,18,0,0
9vfoiax5,24,w3cukoe0,30,main,Trade,1787599794,9,0,0
9vfoiax5,9,gtr4o4u4,48,main,Trade,1787599795,15,0,0
9vfoiax5,7,2am1bt7m,44,main,DataFeeDecision,1787599795,14,0,0
9vfoiax5,33,j6pfvo4x,29,main,DataFeeDecision,1787599795,9,0,0
9vfoiax5,24,w3cukoe0,31,main,RoundFeedback,1787599797,9,0,0
9vfoiax5,34,mrwqmc94,45,main,Trade,1787599797,14,0,0
9vfoiax5,36,zy0t07g5,59,main,DataFeeDecision,1787599797,19,0,0
9vfoiax5,38,9ozs75r2,22,main,RoundFeedback,1787599799,6,0,0
9vfoiax5,20,atqtlu6a,43,main,RoundFeedback,1787599799,13,0,0
9vfoiax5,24,w3cukoe0,32,main,DataFeeDecision,1787599800,10,0,0
9vfoiax5,29,m7hitpc7,46,main,RoundFeedback,1787599801,14,0,0
9vfoiax5,12,y7r9sa4u,33,main,Trade,1787599802,10,0,0
9vfoiax5,20,atqtlu6a,44,main,DataFeeDecision,1787599803,14,0,0
9vfoiax5,38,9ozs75r2,23,main,DataFeeDecision,1787599803,7,0,0
9vfoiax5,10,edlvyy4x,27,main,Trade,1787599805,8,0,0
9vfoiax5,34,mrwqmc94,46,main,RoundFeedback,1787599805,14,0,0
9vfoiax5,6,w1hg4dq2,33,main,Trade,1787599806,10,0,0
9vfoiax5,29,m7hitpc7,47,main,DataFeeDecision,1787599806,15,0,0
9vfoiax5,2,ttbhrq7x,33,main,Trade,1787599806,10,0,0
9vfoiax5,34,mrwqmc94,47,main,DataFeeDecision,1787599808,15,0,0
9vfoiax5,10,edlvyy4x,28,main,RoundFeedback,1787599810,8,0,0
9vfoiax5,22,4yux8e22,36,main,Trade,1787599811,11,0,0
9vfoiax5,8,f0dtgw15,39,main,Trade,1787599811,12,0,0
9vfoiax5,6,w1hg4dq2,34,main,RoundFeedback,1787599811,10,0,0
9vfoiax5,12,y7r9sa4u,34,main,RoundFeedback,1787599812,10,0,0
9vfoiax5,13,pm665xdw,36,main,Trade,1787599813,11,0,0
9vfoiax5,14,qgszrtu9,60,main,Trade,1787599814,19,0,0
9vfoiax5,9,gtr4o4u4,49,main,RoundFeedback,1787599814,15,0,0
9vfoiax5,6,w1hg4dq2,35,main,DataFeeDecision,1787599815,11,0,0
9vfoiax5,10,edlvyy4x,29,main,DataFeeDecision,1787599815,9,0,0
9vfoiax5,39,nn4f2puj,15,main,Trade,1787599815,4,0,0
9vfoiax5,12,y7r9sa4u,35,main,DataFeeDecision,1787599816,11,0,0
9vfoiax5,31,ki9t1ots,30,main,Trade,1787599817,9,0,0
9vfoiax5,30,92y585sb,33,main,Trade,1787599817,10,0,0
9vfoiax5,37,zs0yllk7,15,main,Trade,1787599817,4,0,0
9vfoiax5,15,0z4ddbix,27,main,Trade,1787599817,8,0,0
9vfoiax5,9,gtr4o4u4,50,main,DataFeeDecision,1787599818,16,0,0
9vfoiax5,2,ttbhrq7x,34,main,RoundFeedback,1787599818,10,0,0
9vfoiax5,28,sp03734d,48,main,Trade,1787599819,15,0,0
9vfoiax5,19,y3uiqp3t,63,main,Trade,1787599820,20,0,0
9vfoiax5,13,pm665xdw,37,main,RoundFeedback,1787599820,11,0,0
9vfoiax5,11,454urtzl,65,post_exp,HoltLaury,1787599821,1,0,0
9vfoiax5,31,ki9t1ots,31,main,RoundFeedback,1787599821,9,0,0
9vfoiax5,22,4yux8e22,37,main,RoundFeedback,1787599822,11,0,0
9vfoiax5,28,sp03734d,49,main,RoundFeedback,1787599822,15,0,0
9vfoiax5,2,ttbhrq7x,35,main,DataFeeDecision,1787599824,11,0,0
9vfoiax5,13,pm665xdw,38,main,DataFeeDecision,1787599824,12,0,0
9vfoiax5,31,ki9t1ots,32,main,DataFeeDecision,1787599825,10,0,0
9vfoiax5,19,y3uiqp3t,64,main,RoundFeedback,1787599826,20,0,0
9vfoiax5,14,qgszrtu9,61,main,RoundFeedback,1787599826,19,0,0
9vfoiax5,28,sp03734d,50,main,DataFeeDecision,1787599827,16,0,0
9vfoiax5,8,f0dtgw15,40,main,RoundFeedback,1787599827,12,0,0
9vfoiax5,36,zy0t07g5,60,main,Trade,1787599828,19,0,0
9vfoiax5,39,nn4f2puj,16,main,RoundFeedback,1787599829,4,0,0
9vfoiax5,27,mknb67le,24,main,Trade,1787599829,7,0,0
9vfoiax5,15,0z4ddbix,28,main,RoundFeedback,1787599830,8,0,0
9vfoiax5,8,f0dtgw15,41,main,DataFeeDecision,1787599831,13,0,0
9vfoiax5,37,zs0yllk7,16,main,RoundFeedback,1787599832,4,0,0
9vfoiax5,39,nn4f2puj,17,main,DataFeeDecision,1787599833,5,0,0
9vfoiax5,20,atqtlu6a,45,main,Trade,1787599833,14,0,0
9vfoiax5,26,4zd5ned9,30,main,Trade,1787599834,9,0,0
9vfoiax5,12,y7r9sa4u,36,main,Trade,1787599834,11,0,0
9vfoiax5,23,f291tr7u,45,main,Trade,1787599834,14,0,0
9vfoiax5,37,zs0yllk7,17,main,DataFeeDecision,1787599835,5,0,0
9vfoiax5,15,0z4ddbix,29,main,DataFeeDecision,1787599835,9,0,0
9vfoiax5,14,qgszrtu9,62,main,DataFeeDecision,1787599836,20,0,0
9vfoiax5,22,4yux8e22,38,main,DataFeeDecision,1787599837,12,0,0
9vfoiax5,36,zy0t07g5,61,main,RoundFeedback,1787599839,19,0,0
9vfoiax5,20,atqtlu6a,46,main,RoundFeedback,1787599840,14,0,0
9vfoiax5,4,4tucoz6l,65,post_exp,HoltLaury,1787599840,1,0,0
9vfoiax5,12,y7r9sa4u,37,main,RoundFeedback,1787599840,11,0,0
9vfoiax5,27,mknb67le,25,main,RoundFeedback,1787599840,7,0,0
9vfoiax5,31,ki9t1ots,33,main,Trade,1787599842,10,0,0
9vfoiax5,20,atqtlu6a,47,main,DataFeeDecision,1787599844,15,0,0
9vfoiax5,24,w3cukoe0,33,main,Trade,1787599844,10,0,0
9vfoiax5,38,9ozs75r2,24,main,Trade,1787599845,7,0,0
9vfoiax5,30,92y585sb,34,main,RoundFeedback,1787599846,10,0,0
9vfoiax5,24,w3cukoe0,34,main,RoundFeedback,1787599846,10,0,0
9vfoiax5,31,ki9t1ots,34,main,RoundFeedback,1787599846,10,0,0
9vfoiax5,36,zy0t07g5,62,main,DataFeeDecision,1787599846,20,0,0
9vfoiax5,23,f291tr7u,46,main,RoundFeedback,1787599846,14,0,0
9vfoiax5,29,m7hitpc7,48,main,Trade,1787599847,15,0,0
9vfoiax5,27,mknb67le,26,main,DataFeeDecision,1787599848,8,0,0
9vfoiax5,24,w3cukoe0,35,main,DataFeeDecision,1787599850,11,0,0
9vfoiax5,26,4zd5ned9,31,main,RoundFeedback,1787599850,9,0,0
9vfoiax5,12,y7r9sa4u,38,main,DataFeeDecision,1787599850,12,0,0
9vfoiax5,7,2am1bt7m,45,main,Trade,1787599851,14,0,0
9vfoiax5,38,9ozs75r2,25,main,RoundFeedback,1787599851,7,0,0
9vfoiax5,23,f291tr7u,47,main,DataFeeDecision,1787599852,15,0,0
9vfoiax5,33,j6pfvo4x,30,main,Trade,1787599852,9,0,0
9vfoiax5,30,92y585sb,35,main,DataFeeDecision,1787599853,11,0,0
9vfoiax5,7,2am1bt7m,46,main,RoundFeedback,1787599854,14,0,0
9vfoiax5,38,9ozs75r2,26,main,DataFeeDecision,1787599855,8,0,0
9vfoiax5,26,4zd5ned9,32,main,DataFeeDecision,1787599856,10,0,0
9vfoiax5,7,2am1bt7m,47,main,DataFeeDecision,1787599857,15,0,0
9vfoiax5,31,ki9t1ots,35,main,DataFeeDecision,1787599857,11,0,0
9vfoiax5,16,t6rthajw,65,post_exp,HoltLaury,1787599858,1,0,0
9vfoiax5,13,pm665xdw,39,main,Trade,1787599858,12,0,0
9vfoiax5,29,m7hitpc7,49,main,RoundFeedback,1787599858,15,0,0
9vfoiax5,14,qgszrtu9,63,main,Trade,1787599860,20,0,0
9vfoiax5,29,m7hitpc7,50,main,DataFeeDecision,1787599861,16,0,0
9vfoiax5,33,j6pfvo4x,31,main,RoundFeedback,1787599862,9,0,0
9vfoiax5,33,j6pfvo4x,32,main,DataFeeDecision,1787599868,10,0,0
9vfoiax5,20,atqtlu6a,48,main,Trade,1787599868,15,0,0
9vfoiax5,12,y7r9sa4u,39,main,Trade,1787599869,12,0,0
9vfoiax5,13,pm665xdw,40,main,RoundFeedback,1787599869,12,0,0
9vfoiax5,8,f0dtgw15,42,main,Trade,1787599870,13,0,0
9vfoiax5,10,edlvyy4x,30,main,Trade,1787599871,9,0,0
9vfoiax5,14,qgszrtu9,64,main,RoundFeedback,1787599871,20,0,0
9vfoiax5,36,zy0t07g5,63,main,Trade,1787599871,20,0,0
9vfoiax5,13,pm665xdw,41,main,DataFeeDecision,1787599873,13,0,0
9vfoiax5,9,gtr4o4u4,51,main,Trade,1787599874,16,0,0
9vfoiax5,12,y7r9sa4u,40,main,RoundFeedback,1787599874,12,0,0
9vfoiax5,12,y7r9sa4u,41,main,DataFeeDecision,1787599877,13,0,0
9vfoiax5,20,atqtlu6a,49,main,RoundFeedback,1787599877,15,0,0
9vfoiax5,36,zy0t07g5,64,main,RoundFeedback,1787599877,20,0,0
9vfoiax5,9,gtr4o4u4,52,main,RoundFeedback,1787599877,16,0,0
9vfoiax5,20,atqtlu6a,50,main,DataFeeDecision,1787599879,16,0,0
9vfoiax5,9,gtr4o4u4,53,main,DataFeeDecision,1787599881,17,0,0
9vfoiax5,5,47cbw4kl,65,post_exp,HoltLaury,1787599883,1,0,0
9vfoiax5,22,4yux8e22,39,main,Trade,1787599883,12,0,0
9vfoiax5,39,nn4f2puj,18,main,Trade,1787599884,5,0,0
9vfoiax5,15,0z4ddbix,30,main,Trade,1787599884,9,0,0
9vfoiax5,23,f291tr7u,48,main,Trade,1787599885,15,0,0
9vfoiax5,10,edlvyy4x,31,main,RoundFeedback,1787599886,9,0,0
9vfoiax5,8,f0dtgw15,43,main,RoundFeedback,1787599887,13,0,0
9vfoiax5,22,4yux8e22,40,main,RoundFeedback,1787599887,12,0,0
9vfoiax5,28,sp03734d,51,main,Trade,1787599887,16,0,0
9vfoiax5,38,9ozs75r2,27,main,Trade,1787599888,8,0,0
9vfoiax5,23,f291tr7u,49,main,RoundFeedback,1787599889,15,0,0
9vfoiax5,39,nn4f2puj,19,main,RoundFeedback,1787599890,5,0,0
9vfoiax5,8,f0dtgw15,44,main,DataFeeDecision,1787599890,14,0,0
9vfoiax5,10,edlvyy4x,32,main,DataFeeDecision,1787599890,10,0,0
9vfoiax5,34,mrwqmc94,48,main,Trade,1787599891,15,0,0
9vfoiax5,23,f291tr7u,50,main,DataFeeDecision,1787599893,16,0,0
9vfoiax5,28,sp03734d,52,main,RoundFeedback,1787599893,16,0,0
9vfoiax5,38,9ozs75r2,28,main,RoundFeedback,1787599894,8,0,0
9vfoiax5,18,u4dpd5wy,27,main,Trade,1787599894,8,0,0
9vfoiax5,31,ki9t1ots,36,main,Trade,1787599894,11,0,0
9vfoiax5,39,nn4f2puj,20,main,DataFeeDecision,1787599895,6,0,0
9vfoiax5,38,9ozs75r2,29,main,DataFeeDecision,1787599896,9,0,0
9vfoiax5,6,w1hg4dq2,36,main,Trade,1787599897,11,0,0
9vfoiax5,28,sp03734d,53,main,DataFeeDecision,1787599898,17,0,0
9vfoiax5,13,pm665xdw,42,main,Trade,1787599898,13,0,0
9vfoiax5,12,y7r9sa4u,42,main,Trade,1787599898,13,0,0
9vfoiax5,7,2am1bt7m,48,main,Trade,1787599898,15,0,0
9vfoiax5,15,0z4ddbix,31,main,RoundFeedback,1787599899,9,0,0
9vfoiax5,22,4yux8e22,41,main,DataFeeDecision,1787599900,13,0,0
9vfoiax5,34,mrwqmc94,49,main,RoundFeedback,1787599900,15,0,0
9vfoiax5,31,ki9t1ots,37,main,RoundFeedback,1787599901,11,0,0
9vfoiax5,12,y7r9sa4u,43,main,RoundFeedback,1787599902,13,0,0
9vfoiax5,6,w1hg4dq2,37,main,RoundFeedback,1787599903,11,0,0
9vfoiax5,34,mrwqmc94,50,main,DataFeeDecision,1787599904,16,0,0
9vfoiax5,13,pm665xdw,43,main,RoundFeedback,1787599904,13,0,0
9vfoiax5,15,0z4ddbix,32,main,DataFeeDecision,1787599905,10,0,0
9vfoiax5,7,2am1bt7m,49,main,RoundFeedback,1787599905,15,0,0
9vfoiax5,30,92y585sb,36,main,Trade,1787599905,11,0,0
9vfoiax5,12,y7r9sa4u,44,main,DataFeeDecision,1787599905,14,0,0
9vfoiax5,31,ki9t1ots,38,main,DataFeeDecision,1787599907,12,0,0
9vfoiax5,6,w1hg4dq2,38,main,DataFeeDecision,1787599907,12,0,0
9vfoiax5,7,2am1bt7m,50,main,DataFeeDecision,1787599908,16,0,0
9vfoiax5,13,pm665xdw,44,main,DataFeeDecision,1787599908,14,0,0
9vfoiax5,2,ttbhrq7x,36,main,Trade,1787599909,11,0,0
9vfoiax5,38,9ozs75r2,30,main,Trade,1787599910,9,0,0
9vfoiax5,20,atqtlu6a,51,main,Trade,1787599911,16,0,0
9vfoiax5,24,w3cukoe0,36,main,Trade,1787599911,11,0,0
9vfoiax5,37,zs0yllk7,18,main,Trade,1787599912,5,0,0
9vfoiax5,29,m7hitpc7,51,main,Trade,1787599912,16,0,0
9vfoiax5,24,w3cukoe0,37,main,RoundFeedback,1787599914,11,0,0
9vfoiax5,24,w3cukoe0,38,main,DataFeeDecision,1787599917,12,0,0
9vfoiax5,20,atqtlu6a,52,main,RoundFeedback,1787599917,16,0,0
9vfoiax5,38,9ozs75r2,31,main,RoundFeedback,1787599919,9,0,0
9vfoiax5,2,ttbhrq7x,37,main,RoundFeedback,1787599920,11,0,0
9vfoiax5,20,atqtlu6a,53,main,DataFeeDecision,1787599921,17,0,0
9vfoiax5,37,zs0yllk7,19,main,RoundFeedback,1787599922,5,0,0
9vfoiax5,22,4yux8e22,42,main,Trade,1787599923,13,0,0
9vfoiax5,38,9ozs75r2,32,main,DataFeeDecision,1787599924,10,0,0
9vfoiax5,28,sp03734d,54,main,Trade,1787599925,17,0,0
9vfoiax5,30,92y585sb,37,main,RoundFeedback,1787599925,11,0,0
9vfoiax5,37,zs0yllk7,20,main,DataFeeDecision,1787599925,6,0,0
9vfoiax5,26,4zd5ned9,33,main,Trade,1787599927,10,0,0
9vfoiax5,2,ttbhrq7x,38,main,DataFeeDecision,1787599927,12,0,0
9vfoiax5,9,gtr4o4u4,54,main,Trade,1787599928,17,0,0
9vfoiax5,15,0z4ddbix,33,main,Trade,1787599928,10,0,0
9vfoiax5,39,nn4f2puj,21,main,Trade,1787599928,6,0,0
9vfoiax5,30,92y585sb,38,main,DataFeeDecision,1787599929,12,0,0
9vfoiax5,22,4yux8e22,43,main,RoundFeedback,1787599929,13,0,0
9vfoiax5,28,sp03734d,55,main,RoundFeedback,1787599929,17,0,0
9vfoiax5,29,m7hitpc7,52,main,RoundFeedback,1787599930,16,0,0
9vfoiax5,12,y7r9sa4u,45,main,Trade,1787599931,14,0,0
9vfoiax5,19,y3uiqp3t,65,post_exp,HoltLaury,1787599931,1,0,0
9vfoiax5,27,mknb67le,27,main,Trade,1787599932,8,0,0
9vfoiax5,39,nn4f2puj,22,main,RoundFeedback,1787599932,6,0,0
9vfoiax5,22,4yux8e22,44,main,DataFeeDecision,1787599933,14,0,0
9vfoiax5,29,m7hitpc7,53,main,DataFeeDecision,1787599933,17,0,0
9vfoiax5,10,edlvyy4x,33,main,Trade,1787599933,10,0,0
9vfoiax5,26,4zd5ned9,34,main,RoundFeedback,1787599934,10,0,0
9vfoiax5,9,gtr4o4u4,55,main,RoundFeedback,1787599934,17,0,0
9vfoiax5,28,sp03734d,56,main,DataFeeDecision,1787599934,18,0,0
9vfoiax5,39,nn4f2puj,23,main,DataFeeDecision,1787599936,7,0,0
9vfoiax5,12,y7r9sa4u,46,main,RoundFeedback,1787599937,14,0,0
9vfoiax5,9,gtr4o4u4,56,main,DataFeeDecision,1787599937,18,0,0
9vfoiax5,10,edlvyy4x,34,main,RoundFeedback,1787599938,10,0,0
9vfoiax5,15,0z4ddbix,34,main,RoundFeedback,1787599939,10,0,0
9vfoiax5,12,y7r9sa4u,47,main,DataFeeDecision,1787599940,15,0,0
9vfoiax5,13,pm665xdw,45,main,Trade,1787599941,14,0,0
9vfoiax5,26,4zd5ned9,35,main,DataFeeDecision,1787599941,11,0,0
9vfoiax5,36,zy0t07g5,65,post_exp,HoltLaury,1787599941,1,0,0
9vfoiax5,10,edlvyy4x,35,main,DataFeeDecision,1787599942,11,0,0
9vfoiax5,27,mknb67le,28,main,RoundFeedback,1787599945,8,0,0
9vfoiax5,6,w1hg4dq2,39,main,Trade,1787599946,12,0,0
9vfoiax5,34,mrwqmc94,51,main,Trade,1787599946,16,0,0
9vfoiax5,15,0z4ddbix,35,main,DataFeeDecision,1787599946,11,0,0
9vfoiax5,27,mknb67le,29,main,DataFeeDecision,1787599947,9,0,0
9vfoiax5,13,pm665xdw,46,main,RoundFeedback,1787599948,14,0,0
9vfoiax5,7,2am1bt7m,51,main,Trade,1787599948,16,0,0
9vfoiax5,7,2am1bt7m,52,main,RoundFeedback,1787599950,16,0,0
9vfoiax5,24,w3cukoe0,39,main,Trade,1787599951,12,0,0
9vfoiax5,8,f0dtgw15,45,main,Trade,1787599951,14,0,0
9vfoiax5,13,pm665xdw,47,main,DataFeeDecision,1787599952,15,0,0
9vfoiax5,34,mrwqmc94,52,main,RoundFeedback,1787599952,16,0,0
9vfoiax5,7,2am1bt7m,53,main,DataFeeDecision,1787599953,17,0,0
9vfoiax5,4,4tucoz6l,66,post_exp,literacyQuiz,1787599953,1,0,0
9vfoiax5,24,w3cukoe0,40,main,RoundFeedback,1787599953,12,0,0
9vfoiax5,6,w1hg4dq2,40,main,RoundFeedback,1787599954,12,0,0
9vfoiax5,34,mrwqmc94,53,main,DataFeeDecision,1787599955,17,0,0
9vfoiax5,23,f291tr7u,51,main,Trade,1787599955,16,0,0
9vfoiax5,24,w3cukoe0,41,main,DataFeeDecision,1787599956,13,0,0
9vfoiax5,6,w1hg4dq2,41,main,DataFeeDecision,1787599956,13,0,0
9vfoiax5,38,9ozs75r2,33,main,Trade,1787599956,10,0,0
9vfoiax5,20,atqtlu6a,54,main,Trade,1787599957,17,0,0
9vfoiax5,22,4yux8e22,45,main,Trade,1787599957,14,0,0
9vfoiax5,38,9ozs75r2,34,main,RoundFeedback,1787599960,10,0,0
9vfoiax5,20,atqtlu6a,55,main,RoundFeedback,1787599962,17,0,0
9vfoiax5,22,4yux8e22,46,main,RoundFeedback,1787599964,14,0,0
9vfoiax5,8,f0dtgw15,46,main,RoundFeedback,1787599964,14,0,0
9vfoiax5,23,f291tr7u,52,main,RoundFeedback,1787599964,16,0,0
9vfoiax5,28,sp03734d,57,main,Trade,1787599964,18,0,0
9vfoiax5,33,j6pfvo4x,33,main,Trade,1787599965,10,0,0
9vfoiax5,30,92y585sb,39,main,Trade,1787599966,12,0,0
9vfoiax5,20,atqtlu6a,56,main,DataFeeDecision,1787599966,18,0,0
9vfoiax5,22,4yux8e22,47,main,DataFeeDecision,1787599968,15,0,0
9vfoiax5,8,f0dtgw15,47,main,DataFeeDecision,1787599968,15,0,0
9vfoiax5,23,f291tr7u,53,main,DataFeeDecision,1787599969,17,0,0
9vfoiax5,39,nn4f2puj,24,main,Trade,1787599969,7,0,0
9vfoiax5,38,9ozs75r2,35,main,DataFeeDecision,1787599972,11,0,0
9vfoiax5,31,ki9t1ots,39,main,Trade,1787599972,12,0,0
9vfoiax5,29,m7hitpc7,54,main,Trade,1787599973,17,0,0
9vfoiax5,12,y7r9sa4u,48,main,Trade,1787599973,15,0,0
9vfoiax5,39,nn4f2puj,25,main,RoundFeedback,1787599973,7,0,0
9vfoiax5,31,ki9t1ots,40,main,RoundFeedback,1787599975,12,0,0
9vfoiax5,2,ttbhrq7x,39,main,Trade,1787599975,12,0,0
9vfoiax5,11,454urtzl,66,post_exp,literacyQuiz,1787599975,1,0,0
9vfoiax5,33,j6pfvo4x,34,main,RoundFeedback,1787599976,10,0,0
9vfoiax5,28,sp03734d,58,main,RoundFeedback,1787599977,18,0,0
9vfoiax5,39,nn4f2puj,26,main,DataFeeDecision,1787599978,8,0,0
9vfoiax5,37,zs0yllk7,21,main,Trade,1787599978,6,0,0
9vfoiax5,9,gtr4o4u4,57,main,Trade,1787599978,18,0,0
9vfoiax5,31,ki9t1ots,41,main,DataFeeDecision,1787599978,13,0,0
9vfoiax5,12,y7r9sa4u,49,main,RoundFeedback,1787599979,15,0,0
9vfoiax5,33,j6pfvo4x,35,main,DataFeeDecision,1787599981,11,0,0
9vfoiax5,13,pm665xdw,48,main,Trade,1787599981,15,0,0
9vfoiax5,2,ttbhrq7x,40,main,RoundFeedback,1787599981,12,0,0
9vfoiax5,28,sp03734d,59,main,DataFeeDecision,1787599982,19,0,0
9vfoiax5,9,gtr4o4u4,58,main,RoundFeedback,1787599982,18,0,0
9vfoiax5,12,y7r9sa4u,50,main,DataFeeDecision,1787599983,16,0,0
9vfoiax5,10,edlvyy4x,36,main,Trade,1787599984,11,0,0
9vfoiax5,2,ttbhrq7x,41,main,DataFeeDecision,1787599986,13,0,0
9vfoiax5,29,m7hitpc7,55,main,RoundFeedback,1787599986,17,0,0
9vfoiax5,4,4tucoz6l,67,post_exp,Demographics,1787599987,1,0,0
9vfoiax5,18,u4dpd5wy,28,main,RoundFeedback,1787599988,8,0,0
9vfoiax5,13,pm665xdw,49,main,RoundFeedback,1787599989,15,0,0
9vfoiax5,9,gtr4o4u4,59,main,DataFeeDecision,1787599989,19,0,0
9vfoiax5,38,9ozs75r2,36,main,Trade,1787599989,11,0,0
9vfoiax5,20,atqtlu6a,57,main,Trade,1787599991,18,0,0
9vfoiax5,37,zs0yllk7,22,main,RoundFeedback,1787599991,6,0,0
9vfoiax5,10,edlvyy4x,37,main,RoundFeedback,1787599991,11,0,0
9vfoiax5,38,9ozs75r2,37,main,RoundFeedback,1787599994,11,0,0
9vfoiax5,29,m7hitpc7,56,main,DataFeeDecision,1787599994,18,0,0
9vfoiax5,13,pm665xdw,50,main,DataFeeDecision,1787599994,16,0,0
9vfoiax5,10,edlvyy4x,38,main,DataFeeDecision,1787599995,12,0,0
9vfoiax5,34,mrwqmc94,54,main,Trade,1787599996,17,0,0
9vfoiax5,30,92y585sb,40,main,RoundFeedback,1787599996,12,0,0
9vfoiax5,20,atqtlu6a,58,main,RoundFeedback,1787599996,18,0,0
9vfoiax5,39,nn4f2puj,27,main,Trade,1787599996,8,0,0
9vfoiax5,38,9ozs75r2,38,main,DataFeeDecision,1787599996,12,0,0
9vfoiax5,37,zs0yllk7,23,main,DataFeeDecision,1787599998,7,0,0
9vfoiax5,20,atqtlu6a,59,main,DataFeeDecision,1787599999,19,0,0
9vfoiax5,18,u4dpd5wy,29,main,DataFeeDecision,1787599999,9,0,0
9vfoiax5,15,0z4ddbix,36,main,Trade,1787600002,11,0,0
9vfoiax5,24,w3cukoe0,42,main,Trade,1787600003,13,0,0
9vfoiax5,26,4zd5ned9,36,main,Trade,1787600005,11,0,0
9vfoiax5,39,nn4f2puj,28,main,RoundFeedback,1787600005,8,0,0
9vfoiax5,38,9ozs75r2,39,main,Trade,1787600005,12,0,0
9vfoiax5,4,4tucoz6l,68,post_exp,ContactInfo,1787600006,1,0,0
9vfoiax5,24,w3cukoe0,43,main,RoundFeedback,1787600006,13,0,0
9vfoiax5,34,mrwqmc94,55,main,RoundFeedback,1787600008,17,0,0
9vfoiax5,27,mknb67le,30,main,Trade,1787600008,9,0,0
9vfoiax5,12,y7r9sa4u,51,main,Trade,1787600009,16,0,0
9vfoiax5,38,9ozs75r2,40,main,RoundFeedback,1787600010,12,0,0
9vfoiax5,24,w3cukoe0,44,main,DataFeeDecision,1787600010,14,0,0
9vfoiax5,30,92y585sb,41,main,DataFeeDecision,1787600010,13,0,0
9vfoiax5,39,nn4f2puj,29,main,DataFeeDecision,1787600011,9,0,0
9vfoiax5,34,mrwqmc94,56,main,DataFeeDecision,1787600011,18,0,0
9vfoiax5,15,0z4ddbix,37,main,RoundFeedback,1787600011,11,0,0
9vfoiax5,4,4tucoz6l,69,post_exp,Payoff,1787600013,1,0,0
9vfoiax5,9,gtr4o4u4,60,main,Trade,1787600013,19,0,0
9vfoiax5,28,sp03734d,60,main,Trade,1787600013,19,0,0
9vfoiax5,38,9ozs75r2,41,main,DataFeeDecision,1787600014,13,0,0
9vfoiax5,15,0z4ddbix,38,main,DataFeeDecision,1787600016,12,0,0
9vfoiax5,2,ttbhrq7x,42,main,Trade,1787600016,13,0,0
9vfoiax5,26,4zd5ned9,37,main,RoundFeedback,1787600016,11,0,0
9vfoiax5,27,mknb67le,31,main,RoundFeedback,1787600016,9,0,0
9vfoiax5,22,4yux8e22,48,main,Trade,1787600017,15,0,0
9vfoiax5,9,gtr4o4u4,61,main,RoundFeedback,1787600017,19,0,0
9vfoiax5,12,y7r9sa4u,52,main,RoundFeedback,1787600018,16,0,0
9vfoiax5,23,f291tr7u,54,main,Trade,1787600018,17,0,0
9vfoiax5,27,mknb67le,32,main,DataFeeDecision,1787600020,10,0,0
9vfoiax5,17,wel7w6gg,66,post_exp,literacyQuiz,1787600020,1,0,0
9vfoiax5,11,454urtzl,67,post_exp,Demographics,1787600021,1,0,0
9vfoiax5,12,y7r9sa4u,53,main,DataFeeDecision,1787600021,17,0,0
9vfoiax5,28,sp03734d,61,main,RoundFeedback,1787600021,19,0,0
9vfoiax5,23,f291tr7u,55,main,RoundFeedback,1787600023,17,0,0
9vfoiax5,9,gtr4o4u4,62,main,DataFeeDecision,1787600024,20,0,0
9vfoiax5,26,4zd5ned9,38,main,DataFeeDecision,1787600024,12,0,0
9vfoiax5,7,2am1bt7m,54,main,Trade,1787600025,17,0,0
9vfoiax5,23,f291tr7u,56,main,DataFeeDecision,1787600026,18,0,0
9vfoiax5,22,4yux8e22,49,main,RoundFeedback,1787600027,15,0,0
9vfoiax5,28,sp03734d,62,main,DataFeeDecision,1787600028,20,0,0
9vfoiax5,7,2am1bt7m,55,main,RoundFeedback,1787600029,17,0,0
9vfoiax5,16,t6rthajw,66,post_exp,literacyQuiz,1787600029,1,0,0
9vfoiax5,38,9ozs75r2,42,main,Trade,1787600030,13,0,0
9vfoiax5,2,ttbhrq7x,43,main,RoundFeedback,1787600031,13,0,0
9vfoiax5,7,2am1bt7m,56,main,DataFeeDecision,1787600031,18,0,0
9vfoiax5,22,4yux8e22,50,main,DataFeeDecision,1787600033,16,0,0
9vfoiax5,38,9ozs75r2,43,main,RoundFeedback,1787600033,13,0,0
9vfoiax5,13,pm665xdw,51,main,Trade,1787600034,16,0,0
9vfoiax5,8,f0dtgw15,48,main,Trade,1787600035,15,0,0
9vfoiax5,12,y7r9sa4u,54,main,Trade,1787600035,17,0,0
9vfoiax5,20,atqtlu6a,60,main,Trade,1787600036,19,0,0
9vfoiax5,2,ttbhrq7x,44,main,DataFeeDecision,1787600039,14,0,0
9vfoiax5,12,y7r9sa4u,55,main,RoundFeedback,1787600040,17,0,0
9vfoiax5,11,454urtzl,68,post_exp,ContactInfo,1787600041,1,0,0
9vfoiax5,38,9ozs75r2,44,main,DataFeeDecision,1787600042,14,0,0
9vfoiax5,10,edlvyy4x,39,main,Trade,1787600042,12,0,0
9vfoiax5,6,w1hg4dq2,42,main,Trade,1787600042,13,0,0
9vfoiax5,20,atqtlu6a,61,main,RoundFeedback,1787600042,19,0,0
9vfoiax5,12,y7r9sa4u,56,main,DataFeeDecision,1787600043,18,0,0
9vfoiax5,13,pm665xdw,52,main,RoundFeedback,1787600043,16,0,0
9vfoiax5,6,w1hg4dq2,43,main,RoundFeedback,1787600046,13,0,0
9vfoiax5,8,f0dtgw15,49,main,RoundFeedback,1787600046,15,0,0
9vfoiax5,13,pm665xdw,53,main,DataFeeDecision,1787600047,17,0,0
9vfoiax5,20,atqtlu6a,62,main,DataFeeDecision,1787600047,20,0,0
9vfoiax5,6,w1hg4dq2,44,main,DataFeeDecision,1787600049,14,0,0
9vfoiax5,30,92y585sb,42,main,Trade,1787600050,13,0,0
9vfoiax5,8,f0dtgw15,50,main,DataFeeDecision,1787600050,16,0,0
9vfoiax5,29,m7hitpc7,57,main,Trade,1787600051,18,0,0
9vfoiax5,24,w3cukoe0,45,main,Trade,1787600051,14,0,0
9vfoiax5,24,w3cukoe0,46,main,RoundFeedback,1787600053,14,0,0
9vfoiax5,10,edlvyy4x,40,main,RoundFeedback,1787600054,12,0,0
9vfoiax5,17,wel7w6gg,67,post_exp,Demographics,1787600055,1,0,0
9vfoiax5,32,8ygvklh3,65,post_exp,HoltLaury,1787600056,1,0,0
9vfoiax5,24,w3cukoe0,47,main,DataFeeDecision,1787600056,15,0,0
9vfoiax5,10,edlvyy4x,41,main,DataFeeDecision,1787600057,13,0,0
9vfoiax5,9,gtr4o4u4,63,main,Trade,1787600057,20,0,0
9vfoiax5,39,nn4f2puj,30,main,Trade,1787600060,9,0,0
9vfoiax5,9,gtr4o4u4,64,main,RoundFeedback,1787600060,20,0,0
9vfoiax5,22,4yux8e22,51,main,Trade,1787600061,16,0,0
9vfoiax5,34,mrwqmc94,57,main,Trade,1787600061,18,0,0
9vfoiax5,28,sp03734d,63,main,Trade,1787600062,20,0,0
9vfoiax5,30,92y585sb,43,main,RoundFeedback,1787600064,13,0,0
9vfoiax5,23,f291tr7u,57,main,Trade,1787600064,18,0,0
9vfoiax5,31,ki9t1ots,42,main,Trade,1787600065,13,0,0
9vfoiax5,39,nn4f2puj,31,main,RoundFeedback,1787600065,9,0,0
9vfoiax5,15,0z4ddbix,39,main,Trade,1787600066,12,0,0
9vfoiax5,28,sp03734d,64,main,RoundFeedback,1787600066,20,0,0
9vfoiax5,38,9ozs75r2,45,main,Trade,1787600066,14,0,0
9vfoiax5,17,wel7w6gg,68,post_exp,ContactInfo,1787600066,1,0,0
9vfoiax5,12,y7r9sa4u,57,main,Trade,1787600067,18,0,0
9vfoiax5,20,atqtlu6a,63,main,Trade,1787600067,20,0,0
9vfoiax5,18,u4dpd5wy,30,main,Trade,1787600067,9,0,0
9vfoiax5,16,t6rthajw,67,post_exp,Demographics,1787600067,1,0,0
9vfoiax5,30,92y585sb,44,main,DataFeeDecision,1787600068,14,0,0
9vfoiax5,22,4yux8e22,52,main,RoundFeedback,1787600068,16,0,0
9vfoiax5,7,2am1bt7m,57,main,Trade,1787600068,18,0,0
9vfoiax5,31,ki9t1ots,43,main,RoundFeedback,1787600070,13,0,0
9vfoiax5,23,f291tr7u,58,main,RoundFeedback,1787600070,18,0,0
9vfoiax5,29,m7hitpc7,58,main,RoundFeedback,1787600070,18,0,0
9vfoiax5,13,pm665xdw,54,main,Trade,1787600070,17,0,0
9vfoiax5,12,y7r9sa4u,58,main,RoundFeedback,1787600070,18,0,0
9vfoiax5,34,mrwqmc94,58,main,RoundFeedback,1787600071,18,0,0
9vfoiax5,20,atqtlu6a,64,main,RoundFeedback,1787600071,20,0,0
9vfoiax5,38,9ozs75r2,46,main,RoundFeedback,1787600072,14,0,0
9vfoiax5,22,4yux8e22,53,main,DataFeeDecision,1787600072,17,0,0
9vfoiax5,7,2am1bt7m,58,main,RoundFeedback,1787600072,18,0,0
9vfoiax5,12,y7r9sa4u,59,main,DataFeeDecision,1787600073,19,0,0
9vfoiax5,39,nn4f2puj,32,main,DataFeeDecision,1787600074,10,0,0
9vfoiax5,29,m7hitpc7,59,main,DataFeeDecision,1787600074,19,0,0
9vfoiax5,34,mrwqmc94,59,main,DataFeeDecision,1787600074,19,0,0
9vfoiax5,7,2am1bt7m,59,main,DataFeeDecision,1787600075,19,0,0
9vfoiax5,23,f291tr7u,59,main,DataFeeDecision,1787600076,19,0,0
9vfoiax5,13,pm665xdw,55,main,RoundFeedback,1787600076,17,0,0
9vfoiax5,31,ki9t1ots,44,main,DataFeeDecision,1787600076,14,0,0
9vfoiax5,38,9ozs75r2,47,main,DataFeeDecision,1787600078,15,0,0
9vfoiax5,13,pm665xdw,56,main,DataFeeDecision,1787600078,18,0,0
9vfoiax5,18,u4dpd5wy,31,main,RoundFeedback,1787600080,9,0,0
9vfoiax5,37,zs0yllk7,24,main,Trade,1787600080,7,0,0
9vfoiax5,16,t6rthajw,68,post_exp,ContactInfo,1787600081,1,0,0
9vfoiax5,15,0z4ddbix,40,main,RoundFeedback,1787600086,12,0,0
9vfoiax5,27,mknb67le,33,main,Trade,1787600087,10,0,0
9vfoiax5,37,zs0yllk7,25,main,RoundFeedback,1787600087,7,0,0
9vfoiax5,37,zs0yllk7,26,main,DataFeeDecision,1787600089,8,0,0
9vfoiax5,15,0z4ddbix,41,main,DataFeeDecision,1787600090,13,0,0
9vfoiax5,8,f0dtgw15,51,main,Trade,1787600091,16,0,0
9vfoiax5,11,454urtzl,69,post_exp,Payoff,1787600095,1,0,0
9vfoiax5,27,mknb67le,34,main,RoundFeedback,1787600095,10,0,0
9vfoiax5,18,u4dpd5wy,32,main,DataFeeDecision,1787600097,10,0,0
9vfoiax5,16,t6rthajw,69,post_exp,Payoff,1787600099,1,0,0
9vfoiax5,27,mknb67le,35,main,DataFeeDecision,1787600099,11,0,0
9vfoiax5,31,ki9t1ots,45,main,Trade,1787600100,14,0,0
9vfoiax5,12,y7r9sa4u,60,main,Trade,1787600100,19,0,0
9vfoiax5,8,f0dtgw15,52,main,RoundFeedback,1787600101,16,0,0
9vfoiax5,24,w3cukoe0,48,main,Trade,1787600101,15,0,0
9vfoiax5,31,ki9t1ots,46,main,RoundFeedback,1787600101,14,0,0
9vfoiax5,34,mrwqmc94,60,main,Trade,1787600103,19,0,0
9vfoiax5,24,w3cukoe0,49,main,RoundFeedback,1787600103,15,0,0
9vfoiax5,8,f0dtgw15,53,main,DataFeeDecision,1787600104,17,0,0
9vfoiax5,13,pm665xdw,57,main,Trade,1787600105,18,0,0
9vfoiax5,22,4yux8e22,54,main,Trade,1787600106,17,0,0
9vfoiax5,31,ki9t1ots,47,main,DataFeeDecision,1787600106,15,0,0
9vfoiax5,24,w3cukoe0,50,main,DataFeeDecision,1787600107,16,0,0
9vfoiax5,23,f291tr7u,60,main,Trade,1787600107,19,0,0
9vfoiax5,12,y7r9sa4u,61,main,RoundFeedback,1787600107,19,0,0
9vfoiax5,38,9ozs75r2,48,main,Trade,1787600108,15,0,0
9vfoiax5,12,y7r9sa4u,62,main,DataFeeDecision,1787600110,20,0,0
9vfoiax5,13,pm665xdw,58,main,RoundFeedback,1787600110,18,0,0
9vfoiax5,30,92y585sb,45,main,Trade,1787600110,14,0,0
9vfoiax5,23,f291tr7u,61,main,RoundFeedback,1787600111,19,0,0
9vfoiax5,38,9ozs75r2,49,main,RoundFeedback,1787600112,15,0,0
9vfoiax5,13,pm665xdw,59,main,DataFeeDecision,1787600112,19,0,0
9vfoiax5,34,mrwqmc94,61,main,RoundFeedback,1787600112,19,0,0
9vfoiax5,7,2am1bt7m,60,main,Trade,1787600113,19,0,0
9vfoiax5,7,2am1bt7m,61,main,RoundFeedback,1787600114,19,0,0
9vfoiax5,23,f291tr7u,62,main,DataFeeDecision,1787600115,20,0,0
9vfoiax5,38,9ozs75r2,50,main,DataFeeDecision,1787600115,16,0,0
9vfoiax5,33,j6pfvo4x,36,main,Trade,1787600116,11,0,0
9vfoiax5,34,mrwqmc94,62,main,DataFeeDecision,1787600117,20,0,0
9vfoiax5,7,2am1bt7m,62,main,DataFeeDecision,1787600117,20,0,0
9vfoiax5,22,4yux8e22,55,main,RoundFeedback,1787600117,17,0,0
9vfoiax5,36,zy0t07g5,66,post_exp,literacyQuiz,1787600120,1,0,0
9vfoiax5,26,4zd5ned9,39,main,Trade,1787600122,12,0,0
9vfoiax5,19,y3uiqp3t,66,post_exp,literacyQuiz,1787600123,1,0,0
9vfoiax5,22,4yux8e22,56,main,DataFeeDecision,1787600123,18,0,0
9vfoiax5,2,ttbhrq7x,45,main,Trade,1787600123,14,0,0
9vfoiax5,33,j6pfvo4x,37,main,RoundFeedback,1787600124,11,0,0
9vfoiax5,30,92y585sb,46,main,RoundFeedback,1787600125,14,0,0
9vfoiax5,29,m7hitpc7,60,main,Trade,1787600127,19,0,0
9vfoiax5,33,j6pfvo4x,38,main,DataFeeDecision,1787600128,12,0,0
9vfoiax5,10,edlvyy4x,42,main,Trade,1787600129,13,0,0
9vfoiax5,31,ki9t1ots,48,main,Trade,1787600130,15,0,0
9vfoiax5,30,92y585sb,47,main,DataFeeDecision,1787600131,15,0,0
9vfoiax5,13,pm665xdw,60,main,Trade,1787600132,19,0,0
9vfoiax5,12,y7r9sa4u,63,main,Trade,1787600132,20,0,0
9vfoiax5,31,ki9t1ots,49,main,RoundFeedback,1787600132,15,0,0
9vfoiax5,38,9ozs75r2,51,main,Trade,1787600133,16,0,0
9vfoiax5,10,edlvyy4x,43,main,RoundFeedback,1787600134,13,0,0
9vfoiax5,39,nn4f2puj,33,main,Trade,1787600135,10,0,0
9vfoiax5,2,ttbhrq7x,46,main,RoundFeedback,1787600138,14,0,0
9vfoiax5,26,4zd5ned9,40,main,RoundFeedback,1787600138,12,0,0
9vfoiax5,10,edlvyy4x,44,main,DataFeeDecision,1787600138,14,0,0
9vfoiax5,39,nn4f2puj,34,main,RoundFeedback,1787600139,10,0,0
9vfoiax5,13,pm665xdw,61,main,RoundFeedback,1787600139,19,0,0
9vfoiax5,15,0z4ddbix,42,main,Trade,1787600139,13,0,0
9vfoiax5,38,9ozs75r2,52,main,RoundFeedback,1787600140,16,0,0
9vfoiax5,23,f291tr7u,63,main,Trade,1787600140,20,0,0
9vfoiax5,12,y7r9sa4u,64,main,RoundFeedback,1787600140,20,0,0
9vfoiax5,29,m7hitpc7,61,main,RoundFeedback,1787600141,19,0,0
9vfoiax5,2,ttbhrq7x,47,main,DataFeeDecision,1787600142,15,0,0
9vfoiax5,13,pm665xdw,62,main,DataFeeDecision,1787600142,20,0,0
9vfoiax5,26,4zd5ned9,41,main,DataFeeDecision,1787600143,13,0,0
9vfoiax5,31,ki9t1ots,50,main,DataFeeDecision,1787600143,16,0,0
9vfoiax5,39,nn4f2puj,35,main,DataFeeDecision,1787600143,11,0,0
9vfoiax5,34,mrwqmc94,63,main,Trade,1787600143,20,0,0
9vfoiax5,29,m7hitpc7,62,main,DataFeeDecision,1787600144,20,0,0
9vfoiax5,23,f291tr7u,64,main,RoundFeedback,1787600145,20,0,0
9vfoiax5,18,u4dpd5wy,33,main,Trade,1787600147,10,0,0
9vfoiax5,17,wel7w6gg,69,post_exp,Payoff,1787600147,1,0,0
9vfoiax5,24,w3cukoe0,51,main,Trade,1787600148,16,0,0
9vfoiax5,38,9ozs75r2,53,main,DataFeeDecision,1787600150,17,0,0
9vfoiax5,24,w3cukoe0,52,main,RoundFeedback,1787600150,16,0,0
9vfoiax5,34,mrwqmc94,64,main,RoundFeedback,1787600153,20,0,0
9vfoiax5,24,w3cukoe0,53,main,DataFeeDecision,1787600153,17,0,0
9vfoiax5,5,47cbw4kl,66,post_exp,literacyQuiz,1787600154,1,0,0
9vfoiax5,36,zy0t07g5,67,post_exp,Demographics,1787600154,1,0,0
9vfoiax5,37,zs0yllk7,27,main,Trade,1787600156,8,0,0
9vfoiax5,8,f0dtgw15,54,main,Trade,1787600156,17,0,0
9vfoiax5,18,u4dpd5wy,34,main,RoundFeedback,1787600159,10,0,0
9vfoiax5,6,w1hg4dq2,45,main,Trade,1787600159,14,0,0
9vfoiax5,15,0z4ddbix,43,main,RoundFeedback,1787600161,13,0,0
9vfoiax5,20,atqtlu6a,65,post_exp,HoltLaury,1787600162,1,0,0
9vfoiax5,19,y3uiqp3t,67,post_exp,Demographics,1787600164,1,0,0
9vfoiax5,6,w1hg4dq2,46,main,RoundFeedback,1787600164,14,0,0
9vfoiax5,18,u4dpd5wy,35,main,DataFeeDecision,1787600164,11,0,0
9vfoiax5,37,zs0yllk7,28,main,RoundFeedback,1787600165,8,0,0
9vfoiax5,15,0z4ddbix,44,main,DataFeeDecision,1787600165,14,0,0
9vfoiax5,9,gtr4o4u4,65,post_exp,HoltLaury,1787600166,1,0,0
9vfoiax5,22,4yux8e22,57,main,Trade,1787600166,18,0,0
9vfoiax5,6,w1hg4dq2,47,main,DataFeeDecision,1787600167,15,0,0
9vfoiax5,8,f0dtgw15,55,main,RoundFeedback,1787600169,17,0,0
9vfoiax5,37,zs0yllk7,29,main,DataFeeDecision,1787600169,9,0,0
9vfoiax5,22,4yux8e22,58,main,RoundFeedback,1787600171,18,0,0
9vfoiax5,2,ttbhrq7x,48,main,Trade,1787600171,15,0,0
9vfoiax5,27,mknb67le,36,main,Trade,1787600171,11,0,0
9vfoiax5,13,pm665xdw,63,main,Trade,1787600173,20,0,0
9vfoiax5,38,9ozs75r2,54,main,Trade,1787600173,17,0,0
9vfoiax5,22,4yux8e22,59,main,DataFeeDecision,1787600174,19,0,0
9vfoiax5,36,zy0t07g5,68,post_exp,ContactInfo,1787600177,1,0,0
9vfoiax5,19,y3uiqp3t,68,post_exp,ContactInfo,1787600178,1,0,0
9vfoiax5,27,mknb67le,37,main,RoundFeedback,1787600178,11,0,0
9vfoiax5,30,92y585sb,48,main,Trade,1787600180,15,0,0
9vfoiax5,8,f0dtgw15,56,main,DataFeeDecision,1787600180,18,0,0
9vfoiax5,13,pm665xdw,64,main,RoundFeedback,1787600180,20,0,0
9vfoiax5,2,ttbhrq7x,49,main,RoundFeedback,1787600181,15,0,0
9vfoiax5,7,2am1bt7m,63,main,Trade,1787600181,20,0,0
9vfoiax5,38,9ozs75r2,55,main,RoundFeedback,1787600181,17,0,0
9vfoiax5,27,mknb67le,38,main,DataFeeDecision,1787600181,12,0,0
9vfoiax5,24,w3cukoe0,54,main,Trade,1787600183,17,0,0
9vfoiax5,24,w3cukoe0,55,main,RoundFeedback,1787600185,17,0,0
9vfoiax5,7,2am1bt7m,64,main,RoundFeedback,1787600185,20,0,0
9vfoiax5,2,ttbhrq7x,50,main,DataFeeDecision,1787600185,16,0,0
9vfoiax5,29,m7hitpc7,63,main,Trade,1787600187,20,0,0
9vfoiax5,24,w3cukoe0,56,main,DataFeeDecision,1787600187,18,0,0
9vfoiax5,30,92y585sb,49,main,RoundFeedback,1787600189,15,0,0
9vfoiax5,31,ki9t1ots,51,main,Trade,1787600190,16,0,0
9vfoiax5,29,m7hitpc7,64,main,RoundFeedback,1787600192,20,0,0
9vfoiax5,36,zy0t07g5,69,post_exp,Payoff,1787600193,1,0,0
9vfoiax5,30,92y585sb,50,main,DataFeeDecision,1787600194,16,0,0
9vfoiax5,31,ki9t1ots,52,main,RoundFeedback,1787600194,16,0,0
9vfoiax5,31,ki9t1ots,53,main,DataFeeDecision,1787600197,17,0,0
9vfoiax5,15,0z4ddbix,45,main,Trade,1787600199,14,0,0
9vfoiax5,22,4yux8e22,60,main,Trade,1787600200,19,0,0
9vfoiax5,14,qgszrtu9,65,post_exp,HoltLaury,1787600200,1,0,0
9vfoiax5,22,4yux8e22,61,main,RoundFeedback,1787600204,19,0,0
9vfoiax5,28,sp03734d,65,post_exp,HoltLaury,1787600207,1,0,0
9vfoiax5,22,4yux8e22,62,main,DataFeeDecision,1787600207,20,0,0
9vfoiax5,15,0z4ddbix,46,main,RoundFeedback,1787600208,14,0,0
9vfoiax5,19,y3uiqp3t,69,post_exp,Payoff,1787600210,1,0,0
9vfoiax5,37,zs0yllk7,30,main,Trade,1787600211,9,0,0
9vfoiax5,5,47cbw4kl,67,post_exp,Demographics,1787600211,1,0,0
9vfoiax5,15,0z4ddbix,47,main,DataFeeDecision,1787600213,15,0,0
9vfoiax5,39,nn4f2puj,36,main,Trade,1787600215,11,0,0
9vfoiax5,37,zs0yllk7,31,main,RoundFeedback,1787600217,9,0,0
9vfoiax5,18,u4dpd5wy,36,main,Trade,1787600217,11,0,0
9vfoiax5,24,w3cukoe0,57,main,Trade,1787600221,18,0,0
9vfoiax5,37,zs0yllk7,32,main,DataFeeDecision,1787600222,10,0,0
9vfoiax5,6,w1hg4dq2,48,main,Trade,1787600222,15,0,0
9vfoiax5,39,nn4f2puj,37,main,RoundFeedback,1787600223,11,0,0
9vfoiax5,24,w3cukoe0,58,main,RoundFeedback,1787600224,18,0,0
9vfoiax5,33,j6pfvo4x,39,main,Trade,1787600226,12,0,0
9vfoiax5,10,edlvyy4x,45,main,Trade,1787600227,14,0,0
9vfoiax5,6,w1hg4dq2,49,main,RoundFeedback,1787600227,15,0,0
9vfoiax5,24,w3cukoe0,59,main,DataFeeDecision,1787600227,19,0,0
9vfoiax5,18,u4dpd5wy,37,main,RoundFeedback,1787600227,11,0,0
9vfoiax5,31,ki9t1ots,54,main,Trade,1787600227,17,0,0
9vfoiax5,39,nn4f2puj,38,main,DataFeeDecision,1787600228,12,0,0
9vfoiax5,31,ki9t1ots,55,main,RoundFeedback,1787600229,17,0,0
9vfoiax5,6,w1hg4dq2,50,main,DataFeeDecision,1787600230,16,0,0
9vfoiax5,10,edlvyy4x,46,main,RoundFeedback,1787600230,14,0,0
9vfoiax5,18,u4dpd5wy,38,main,DataFeeDecision,1787600230,12,0,0
9vfoiax5,2,ttbhrq7x,51,main,Trade,1787600232,16,0,0
9vfoiax5,22,4yux8e22,63,main,Trade,1787600233,20,0,0
9vfoiax5,31,ki9t1ots,56,main,DataFeeDecision,1787600233,18,0,0
9vfoiax5,10,edlvyy4x,47,main,DataFeeDecision,1787600234,15,0,0
9vfoiax5,5,47cbw4kl,68,post_exp,ContactInfo,1787600234,1,0,0
9vfoiax5,38,9ozs75r2,56,main,DataFeeDecision,1787600235,18,0,0
9vfoiax5,22,4yux8e22,64,main,RoundFeedback,1787600236,20,0,0
9vfoiax5,33,j6pfvo4x,40,main,RoundFeedback,1787600237,12,0,0
9vfoiax5,8,f0dtgw15,57,main,Trade,1787600237,18,0,0
9vfoiax5,2,ttbhrq7x,52,main,RoundFeedback,1787600239,16,0,0
9vfoiax5,33,j6pfvo4x,41,main,DataFeeDecision,1787600241,13,0,0
9vfoiax5,2,ttbhrq7x,53,main,DataFeeDecision,1787600242,17,0,0
9vfoiax5,30,92y585sb,51,main,Trade,1787600243,16,0,0
9vfoiax5,23,f291tr7u,65,post_exp,HoltLaury,1787600244,1,0,0
9vfoiax5,8,f0dtgw15,58,main,RoundFeedback,1787600246,18,0,0
9vfoiax5,26,4zd5ned9,42,main,Trade,1787600246,13,0,0
9vfoiax5,8,f0dtgw15,59,main,DataFeeDecision,1787600250,19,0,0
9vfoiax5,27,mknb67le,39,main,Trade,1787600252,12,0,0
9vfoiax5,30,92y585sb,52,main,RoundFeedback,1787600256,16,0,0
9vfoiax5,37,zs0yllk7,33,main,Trade,1787600257,10,0,0
9vfoiax5,26,4zd5ned9,43,main,RoundFeedback,1787600259,13,0,0
9vfoiax5,27,mknb67le,40,main,RoundFeedback,1787600260,12,0,0
9vfoiax5,24,w3cukoe0,60,main,Trade,1787600260,19,0,0
9vfoiax5,30,92y585sb,53,main,DataFeeDecision,1787600260,17,0,0
9vfoiax5,24,w3cukoe0,61,main,RoundFeedback,1787600262,19,0,0
9vfoiax5,27,mknb67le,41,main,DataFeeDecision,1787600263,13,0,0
9vfoiax5,26,4zd5ned9,44,main,DataFeeDecision,1787600264,14,0,0
9vfoiax5,24,w3cukoe0,62,main,DataFeeDecision,1787600265,20,0,0
9vfoiax5,15,0z4ddbix,48,main,Trade,1787600266,15,0,0
9vfoiax5,38,9ozs75r2,57,main,Trade,1787600268,18,0,0
9vfoiax5,38,9ozs75r2,58,main,RoundFeedback,1787600274,18,0,0
9vfoiax5,37,zs0yllk7,34,main,RoundFeedback,1787600274,10,0,0
9vfoiax5,37,zs0yllk7,35,main,DataFeeDecision,1787600277,11,0,0
9vfoiax5,5,47cbw4kl,69,post_exp,Payoff,1787600277,1,0,0
9vfoiax5,15,0z4ddbix,49,main,RoundFeedback,1787600278,15,0,0
9vfoiax5,38,9ozs75r2,59,main,DataFeeDecision,1787600278,19,0,0
9vfoiax5,15,0z4ddbix,50,main,DataFeeDecision,1787600281,16,0,0
9vfoiax5,2,ttbhrq7x,54,main,Trade,1787600282,17,0,0
9vfoiax5,18,u4dpd5wy,39,main,Trade,1787600283,12,0,0
9vfoiax5,34,mrwqmc94,65,post_exp,HoltLaury,1787600284,1,0,0
9vfoiax5,24,w3cukoe0,63,main,Trade,1787600288,20,0,0
9vfoiax5,24,w3cukoe0,64,main,RoundFeedback,1787600290,20,0,0
9vfoiax5,38,9ozs75r2,60,main,Trade,1787600291,19,0,0
9vfoiax5,18,u4dpd5wy,40,main,RoundFeedback,1787600291,12,0,0
9vfoiax5,2,ttbhrq7x,55,main,RoundFeedback,1787600292,17,0,0
9vfoiax5,39,nn4f2puj,39,main,Trade,1787600294,12,0,0
9vfoiax5,18,u4dpd5wy,41,main,DataFeeDecision,1787600295,13,0,0
9vfoiax5,38,9ozs75r2,61,main,RoundFeedback,1787600295,19,0,0
9vfoiax5,12,y7r9sa4u,65,post_exp,HoltLaury,1787600297,1,0,0
9vfoiax5,38,9ozs75r2,62,main,DataFeeDecision,1787600298,20,0,0
9vfoiax5,2,ttbhrq7x,56,main,DataFeeDecision,1787600299,18,0,0
9vfoiax5,39,nn4f2puj,40,main,RoundFeedback,1787600301,12,0,0
9vfoiax5,8,f0dtgw15,60,main,Trade,1787600302,19,0,0
9vfoiax5,37,zs0yllk7,36,main,Trade,1787600303,11,0,0
9vfoiax5,39,nn4f2puj,41,main,DataFeeDecision,1787600306,13,0,0
9vfoiax5,37,zs0yllk7,37,main,RoundFeedback,1787600306,11,0,0
9vfoiax5,30,92y585sb,54,main,Trade,1787600306,17,0,0
9vfoiax5,31,ki9t1ots,57,main,Trade,1787600307,18,0,0
9vfoiax5,37,zs0yllk7,38,main,DataFeeDecision,1787600309,12,0,0
9vfoiax5,31,ki9t1ots,58,main,RoundFeedback,1787600309,18,0,0
9vfoiax5,15,0z4ddbix,51,main,Trade,1787600310,16,0,0
9vfoiax5,27,mknb67le,42,main,Trade,1787600313,13,0,0
9vfoiax5,38,9ozs75r2,63,main,Trade,1787600314,20,0,0
9vfoiax5,31,ki9t1ots,59,main,DataFeeDecision,1787600318,19,0,0
9vfoiax5,15,0z4ddbix,52,main,RoundFeedback,1787600318,16,0,0
9vfoiax5,2,ttbhrq7x,57,main,Trade,1787600318,18,0,0
9vfoiax5,8,f0dtgw15,61,main,RoundFeedback,1787600320,19,0,0
9vfoiax5,38,9ozs75r2,64,main,RoundFeedback,1787600320,20,0,0
9vfoiax5,2,ttbhrq7x,58,main,RoundFeedback,1787600321,18,0,0
9vfoiax5,15,0z4ddbix,53,main,DataFeeDecision,1787600321,17,0,0
9vfoiax5,30,92y585sb,55,main,RoundFeedback,1787600322,17,0,0
9vfoiax5,8,f0dtgw15,62,main,DataFeeDecision,1787600323,20,0,0
9vfoiax5,7,2am1bt7m,65,post_exp,HoltLaury,1787600324,1,0,0
9vfoiax5,2,ttbhrq7x,59,main,DataFeeDecision,1787600324,19,0,0
9vfoiax5,27,mknb67le,43,main,RoundFeedback,1787600327,13,0,0
9vfoiax5,30,92y585sb,56,main,DataFeeDecision,1787600329,18,0,0
9vfoiax5,27,mknb67le,44,main,DataFeeDecision,1787600330,14,0,0
9vfoiax5,33,j6pfvo4x,42,main,Trade,1787600336,13,0,0
9vfoiax5,31,ki9t1ots,60,main,Trade,1787600340,19,0,0
9vfoiax5,26,4zd5ned9,45,main,Trade,1787600340,14,0,0
9vfoiax5,13,pm665xdw,65,post_exp,HoltLaury,1787600340,1,0,0
9vfoiax5,33,j6pfvo4x,43,main,RoundFeedback,1787600342,13,0,0
9vfoiax5,37,zs0yllk7,39,main,Trade,1787600343,12,0,0
9vfoiax5,33,j6pfvo4x,44,main,DataFeeDecision,1787600345,14,0,0
9vfoiax5,26,4zd5ned9,46,main,RoundFeedback,1787600346,14,0,0
9vfoiax5,37,zs0yllk7,40,main,RoundFeedback,1787600346,12,0,0
9vfoiax5,31,ki9t1ots,61,main,RoundFeedback,1787600346,19,0,0
9vfoiax5,37,zs0yllk7,41,main,DataFeeDecision,1787600348,13,0,0
9vfoiax5,26,4zd5ned9,47,main,DataFeeDecision,1787600349,15,0,0
9vfoiax5,31,ki9t1ots,62,main,DataFeeDecision,1787600350,20,0,0
9vfoiax5,9,gtr4o4u4,66,post_exp,literacyQuiz,1787600354,1,0,0
9vfoiax5,6,w1hg4dq2,51,main,Trade,1787600354,16,0,0
9vfoiax5,2,ttbhrq7x,60,main,Trade,1787600355,19,0,0
9vfoiax5,10,edlvyy4x,48,main,Trade,1787600356,15,0,0
9vfoiax5,6,w1hg4dq2,52,main,RoundFeedback,1787600359,16,0,0
9vfoiax5,10,edlvyy4x,49,main,RoundFeedback,1787600360,15,0,0
9vfoiax5,30,92y585sb,57,main,Trade,1787600361,18,0,0
9vfoiax5,6,w1hg4dq2,53,main,DataFeeDecision,1787600362,17,0,0
9vfoiax5,2,ttbhrq7x,61,main,RoundFeedback,1787600366,19,0,0
9vfoiax5,10,edlvyy4x,50,main,DataFeeDecision,1787600367,16,0,0
9vfoiax5,18,u4dpd5wy,42,main,Trade,1787600368,13,0,0
9vfoiax5,2,ttbhrq7x,62,main,DataFeeDecision,1787600370,20,0,0
9vfoiax5,30,92y585sb,58,main,RoundFeedback,1787600371,18,0,0
9vfoiax5,39,nn4f2puj,42,main,Trade,1787600374,13,0,0
9vfoiax5,30,92y585sb,59,main,DataFeeDecision,1787600376,19,0,0
9vfoiax5,8,f0dtgw15,63,main,Trade,1787600376,20,0,0
9vfoiax5,18,u4dpd5wy,43,main,RoundFeedback,1787600376,13,0,0
9vfoiax5,39,nn4f2puj,43,main,RoundFeedback,1787600378,13,0,0
9vfoiax5,18,u4dpd5wy,44,main,DataFeeDecision,1787600379,14,0,0
9vfoiax5,31,ki9t1ots,63,main,Trade,1787600384,20,0,0
9vfoiax5,32,8ygvklh3,66,post_exp,literacyQuiz,1787600385,1,0,0
9vfoiax5,31,ki9t1ots,64,main,RoundFeedback,1787600389,20,0,0
9vfoiax5,20,atqtlu6a,66,post_exp,literacyQuiz,1787600389,1,0,0
9vfoiax5,39,nn4f2puj,44,main,DataFeeDecision,1787600392,14,0,0
9vfoiax5,37,zs0yllk7,42,main,Trade,1787600392,13,0,0
9vfoiax5,15,0z4ddbix,54,main,Trade,1787600393,17,0,0
9vfoiax5,37,zs0yllk7,43,main,RoundFeedback,1787600395,13,0,0
9vfoiax5,37,zs0yllk7,44,main,DataFeeDecision,1787600398,14,0,0
9vfoiax5,8,f0dtgw15,64,main,RoundFeedback,1787600401,20,0,0
9vfoiax5,2,ttbhrq7x,63,main,Trade,1787600402,20,0,0
9vfoiax5,27,mknb67le,45,main,Trade,1787600403,14,0,0
9vfoiax5,26,4zd5ned9,48,main,Trade,1787600407,15,0,0
9vfoiax5,15,0z4ddbix,55,main,RoundFeedback,1787600408,17,0,0
9vfoiax5,9,gtr4o4u4,67,post_exp,Demographics,1787600409,1,0,0
9vfoiax5,27,mknb67le,46,main,RoundFeedback,1787600410,14,0,0
9vfoiax5,2,ttbhrq7x,64,main,RoundFeedback,1787600411,20,0,0
9vfoiax5,15,0z4ddbix,56,main,DataFeeDecision,1787600412,18,0,0
9vfoiax5,27,mknb67le,47,main,DataFeeDecision,1787600413,15,0,0
9vfoiax5,29,m7hitpc7,65,post_exp,HoltLaury,1787600414,1,0,0
9vfoiax5,33,j6pfvo4x,45,main,Trade,1787600417,14,0,0
9vfoiax5,32,8ygvklh3,67,post_exp,Demographics,1787600418,1,0,0
9vfoiax5,26,4zd5ned9,49,main,RoundFeedback,1787600419,15,0,0
9vfoiax5,33,j6pfvo4x,46,main,RoundFeedback,1787600423,14,0,0
9vfoiax5,26,4zd5ned9,50,main,DataFeeDecision,1787600425,16,0,0
9vfoiax5,22,4yux8e22,65,post_exp,HoltLaury,1787600425,1,0,0
9vfoiax5,33,j6pfvo4x,47,main,DataFeeDecision,1787600426,15,0,0
9vfoiax5,32,8ygvklh3,68,post_exp,ContactInfo,1787600429,1,0,0
9vfoiax5,6,w1hg4dq2,54,main,Trade,1787600429,17,0,0
9vfoiax5,20,atqtlu6a,67,post_exp,Demographics,1787600431,1,0,0
9vfoiax5,37,zs0yllk7,45,main,Trade,1787600433,14,0,0
9vfoiax5,6,w1hg4dq2,55,main,RoundFeedback,1787600434,17,0,0
9vfoiax5,37,zs0yllk7,46,main,RoundFeedback,1787600435,14,0,0
9vfoiax5,6,w1hg4dq2,56,main,DataFeeDecision,1787600437,18,0,0
9vfoiax5,37,zs0yllk7,47,main,DataFeeDecision,1787600438,15,0,0
9vfoiax5,38,9ozs75r2,65,post_exp,HoltLaury,1787600438,1,0,0
9vfoiax5,9,gtr4o4u4,68,post_exp,ContactInfo,1787600438,1,0,0
9vfoiax5,32,8ygvklh3,69,post_exp,Payoff,1787600438,1,0,0
9vfoiax5,15,0z4ddbix,57,main,Trade,1787600441,18,0,0
9vfoiax5,20,atqtlu6a,68,post_exp,ContactInfo,1787600452,1,0,0
9vfoiax5,15,0z4ddbix,58,main,RoundFeedback,1787600452,18,0,0
9vfoiax5,10,edlvyy4x,51,main,Trade,1787600454,16,0,0
9vfoiax5,37,zs0yllk7,48,main,Trade,1787600456,15,0,0
9vfoiax5,37,zs0yllk7,49,main,RoundFeedback,1787600457,15,0,0
9vfoiax5,10,edlvyy4x,52,main,RoundFeedback,1787600458,16,0,0
9vfoiax5,15,0z4ddbix,59,main,DataFeeDecision,1787600458,19,0,0
9vfoiax5,10,edlvyy4x,53,main,DataFeeDecision,1787600461,17,0,0
9vfoiax5,37,zs0yllk7,50,main,DataFeeDecision,1787600461,16,0,0
9vfoiax5,34,mrwqmc94,66,post_exp,literacyQuiz,1787600467,1,0,0
9vfoiax5,18,u4dpd5wy,45,main,Trade,1787600468,14,0,0
9vfoiax5,33,j6pfvo4x,48,main,Trade,1787600468,15,0,0
9vfoiax5,39,nn4f2puj,45,main,Trade,1787600470,14,0,0
9vfoiax5,33,j6pfvo4x,49,main,RoundFeedback,1787600473,15,0,0
9vfoiax5,18,u4dpd5wy,46,main,RoundFeedback,1787600473,14,0,0
9vfoiax5,39,nn4f2puj,46,main,RoundFeedback,1787600475,14,0,0
9vfoiax5,20,atqtlu6a,69,post_exp,Payoff,1787600476,1,0,0
9vfoiax5,18,u4dpd5wy,47,main,DataFeeDecision,1787600476,15,0,0
9vfoiax5,33,j6pfvo4x,50,main,DataFeeDecision,1787600477,16,0,0
9vfoiax5,26,4zd5ned9,51,main,Trade,1787600478,16,0,0
9vfoiax5,27,mknb67le,48,main,Trade,1787600479,15,0,0
9vfoiax5,39,nn4f2puj,47,main,DataFeeDecision,1787600479,15,0,0
9vfoiax5,37,zs0yllk7,51,main,Trade,1787600480,16,0,0
9vfoiax5,37,zs0yllk7,52,main,RoundFeedback,1787600482,16,0,0
9vfoiax5,26,4zd5ned9,52,main,RoundFeedback,1787600485,16,0,0
9vfoiax5,6,w1hg4dq2,57,main,Trade,1787600486,18,0,0
9vfoiax5,27,mknb67le,49,main,RoundFeedback,1787600486,15,0,0
9vfoiax5,37,zs0yllk7,53,main,DataFeeDecision,1787600489,17,0,0
9vfoiax5,27,mknb67le,50,main,DataFeeDecision,1787600489,16,0,0
9vfoiax5,23,f291tr7u,66,post_exp,literacyQuiz,1787600489,1,0,0
9vfoiax5,26,4zd5ned9,53,main,DataFeeDecision,1787600490,17,0,0
9vfoiax5,6,w1hg4dq2,58,main,RoundFeedback,1787600490,18,0,0
9vfoiax5,9,gtr4o4u4,69,post_exp,Payoff,1787600492,1,0,0
9vfoiax5,6,w1hg4dq2,59,main,DataFeeDecision,1787600495,19,0,0
9vfoiax5,14,qgszrtu9,66,post_exp,literacyQuiz,1787600496,1,0,0
9vfoiax5,15,0z4ddbix,60,main,Trade,1787600498,19,0,0
9vfoiax5,28,sp03734d,66,post_exp,literacyQuiz,1787600503,1,0,0
9vfoiax5,15,0z4ddbix,61,main,RoundFeedback,1787600505,19,0,0
9vfoiax5,15,0z4ddbix,62,main,DataFeeDecision,1787600509,20,0,0
9vfoiax5,10,edlvyy4x,54,main,Trade,1787600509,17,0,0
9vfoiax5,37,zs0yllk7,54,main,Trade,1787600512,17,0,0
9vfoiax5,24,w3cukoe0,65,post_exp,HoltLaury,1787600512,1,0,0
9vfoiax5,37,zs0yllk7,55,main,RoundFeedback,1787600514,17,0,0
9vfoiax5,31,ki9t1ots,65,post_exp,HoltLaury,1787600515,1,0,0
9vfoiax5,37,zs0yllk7,56,main,DataFeeDecision,1787600516,18,0,0
9vfoiax5,10,edlvyy4x,55,main,RoundFeedback,1787600518,17,0,0
9vfoiax5,10,edlvyy4x,56,main,DataFeeDecision,1787600522,18,0,0
9vfoiax5,34,mrwqmc94,67,post_exp,Demographics,1787600525,1,0,0
9vfoiax5,18,u4dpd5wy,48,main,Trade,1787600530,15,0,0
9vfoiax5,6,w1hg4dq2,60,main,Trade,1787600535,19,0,0
9vfoiax5,23,f291tr7u,67,post_exp,Demographics,1787600536,1,0,0
9vfoiax5,6,w1hg4dq2,61,main,RoundFeedback,1787600536,19,0,0
9vfoiax5,18,u4dpd5wy,49,main,RoundFeedback,1787600538,15,0,0
9vfoiax5,6,w1hg4dq2,62,main,DataFeeDecision,1787600540,20,0,0
9vfoiax5,14,qgszrtu9,67,post_exp,Demographics,1787600541,1,0,0
9vfoiax5,18,u4dpd5wy,50,main,DataFeeDecision,1787600542,16,0,0
9vfoiax5,34,mrwqmc94,68,post_exp,ContactInfo,1787600542,1,0,0
9vfoiax5,15,0z4ddbix,63,main,Trade,1787600545,20,0,0
9vfoiax5,37,zs0yllk7,57,main,Trade,1787600548,18,0,0
9vfoiax5,27,mknb67le,51,main,Trade,1787600549,16,0,0
9vfoiax5,26,4zd5ned9,54,main,Trade,1787600550,17,0,0
9vfoiax5,37,zs0yllk7,58,main,RoundFeedback,1787600551,18,0,0
9vfoiax5,30,92y585sb,60,main,Trade,1787600552,19,0,0
9vfoiax5,15,0z4ddbix,64,main,RoundFeedback,1787600552,20,0,0
9vfoiax5,23,f291tr7u,68,post_exp,ContactInfo,1787600553,1,0,0
9vfoiax5,37,zs0yllk7,59,main,DataFeeDecision,1787600553,19,0,0
9vfoiax5,6,w1hg4dq2,63,main,Trade,1787600554,20,0,0
9vfoiax5,6,w1hg4dq2,64,main,RoundFeedback,1787600556,20,0,0
9vfoiax5,27,mknb67le,52,main,RoundFeedback,1787600557,16,0,0
9vfoiax5,14,qgszrtu9,68,post_exp,ContactInfo,1787600559,1,0,0
9vfoiax5,27,mknb67le,53,main,DataFeeDecision,1787600559,17,0,0
9vfoiax5,33,j6pfvo4x,51,main,Trade,1787600560,16,0,0
9vfoiax5,39,nn4f2puj,48,main,Trade,1787600560,15,0,0
9vfoiax5,30,92y585sb,61,main,RoundFeedback,1787600564,19,0,0
9vfoiax5,39,nn4f2puj,49,main,RoundFeedback,1787600566,15,0,0
9vfoiax5,33,j6pfvo4x,52,main,RoundFeedback,1787600566,16,0,0
9vfoiax5,30,92y585sb,62,main,DataFeeDecision,1787600568,20,0,0
9vfoiax5,33,j6pfvo4x,53,main,DataFeeDecision,1787600569,17,0,0
9vfoiax5,39,nn4f2puj,50,main,DataFeeDecision,1787600570,16,0,0
9vfoiax5,26,4zd5ned9,55,main,RoundFeedback,1787600571,17,0,0
9vfoiax5,34,mrwqmc94,69,post_exp,Payoff,1787600571,1,0,0
9vfoiax5,28,sp03734d,67,post_exp,Demographics,1787600575,1,0,0
9vfoiax5,14,qgszrtu9,69,post_exp,Payoff,1787600584,1,0,0
9vfoiax5,26,4zd5ned9,56,main,DataFeeDecision,1787600587,18,0,0
9vfoiax5,10,edlvyy4x,57,main,Trade,1787600593,18,0,0
9vfoiax5,37,zs0yllk7,60,main,Trade,1787600594,19,0,0
9vfoiax5,28,sp03734d,68,post_exp,ContactInfo,1787600595,1,0,0
9vfoiax5,23,f291tr7u,69,post_exp,Payoff,1787600596,1,0,0
9vfoiax5,37,zs0yllk7,61,main,RoundFeedback,1787600596,19,0,0
9vfoiax5,10,edlvyy4x,58,main,RoundFeedback,1787600598,18,0,0
9vfoiax5,27,mknb67le,54,main,Trade,1787600598,17,0,0
9vfoiax5,37,zs0yllk7,62,main,DataFeeDecision,1787600598,20,0,0
9vfoiax5,10,edlvyy4x,59,main,DataFeeDecision,1787600602,19,0,0
9vfoiax5,27,mknb67le,55,main,RoundFeedback,1787600603,17,0,0
9vfoiax5,27,mknb67le,56,main,DataFeeDecision,1787600606,18,0,0
9vfoiax5,30,92y585sb,63,main,Trade,1787600609,20,0,0
9vfoiax5,6,w1hg4dq2,65,post_exp,HoltLaury,1787600613,1,0,0
9vfoiax5,39,nn4f2puj,51,main,Trade,1787600616,16,0,0
9vfoiax5,29,m7hitpc7,66,post_exp,literacyQuiz,1787600619,1,0,0
9vfoiax5,39,nn4f2puj,52,main,RoundFeedback,1787600620,16,0,0
9vfoiax5,30,92y585sb,64,main,RoundFeedback,1787600620,20,0,0
9vfoiax5,39,nn4f2puj,53,main,DataFeeDecision,1787600623,17,0,0
9vfoiax5,37,zs0yllk7,63,main,Trade,1787600625,20,0,0
9vfoiax5,37,zs0yllk7,64,main,RoundFeedback,1787600628,20,0,0
9vfoiax5,13,pm665xdw,66,post_exp,literacyQuiz,1787600629,1,0,0
9vfoiax5,33,j6pfvo4x,54,main,Trade,1787600630,17,0,0
9vfoiax5,27,mknb67le,57,main,Trade,1787600631,18,0,0
9vfoiax5,26,4zd5ned9,57,main,Trade,1787600634,18,0,0
9vfoiax5,33,j6pfvo4x,55,main,RoundFeedback,1787600635,17,0,0
9vfoiax5,27,mknb67le,58,main,RoundFeedback,1787600636,18,0,0
9vfoiax5,18,u4dpd5wy,51,main,Trade,1787600637,16,0,0
9vfoiax5,28,sp03734d,69,post_exp,Payoff,1787600638,1,0,0
9vfoiax5,33,j6pfvo4x,56,main,DataFeeDecision,1787600638,18,0,0
9vfoiax5,26,4zd5ned9,58,main,RoundFeedback,1787600639,18,0,0
9vfoiax5,2,ttbhrq7x,65,post_exp,HoltLaury,1787600640,1,0,0
9vfoiax5,27,mknb67le,59,main,DataFeeDecision,1787600640,19,0,0
9vfoiax5,18,u4dpd5wy,52,main,RoundFeedback,1787600640,16,0,0
9vfoiax5,18,u4dpd5wy,53,main,DataFeeDecision,1787600643,17,0,0
9vfoiax5,26,4zd5ned9,59,main,DataFeeDecision,1787600645,19,0,0
9vfoiax5,10,edlvyy4x,60,main,Trade,1787600654,19,0,0
9vfoiax5,39,nn4f2puj,54,main,Trade,1787600659,17,0,0
9vfoiax5,10,edlvyy4x,61,main,RoundFeedback,1787600660,19,0,0
9vfoiax5,39,nn4f2puj,55,main,RoundFeedback,1787600662,17,0,0
9vfoiax5,10,edlvyy4x,62,main,DataFeeDecision,1787600665,20,0,0
9vfoiax5,39,nn4f2puj,56,main,DataFeeDecision,1787600666,18,0,0
9vfoiax5,12,y7r9sa4u,66,post_exp,literacyQuiz,1787600666,1,0,0
9vfoiax5,13,pm665xdw,67,post_exp,Demographics,1787600669,1,0,0
9vfoiax5,27,mknb67le,60,main,Trade,1787600671,19,0,0
9vfoiax5,27,mknb67le,61,main,RoundFeedback,1787600676,19,0,0
9vfoiax5,27,mknb67le,62,main,DataFeeDecision,1787600679,20,0,0
9vfoiax5,29,m7hitpc7,67,post_exp,Demographics,1787600684,1,0,0
9vfoiax5,13,pm665xdw,68,post_exp,ContactInfo,1787600691,1,0,0
9vfoiax5,39,nn4f2puj,57,main,Trade,1787600692,18,0,0
9vfoiax5,15,0z4ddbix,65,post_exp,HoltLaury,1787600692,1,0,0
9vfoiax5,39,nn4f2puj,58,main,RoundFeedback,1787600696,18,0,0
9vfoiax5,39,nn4f2puj,59,main,DataFeeDecision,1787600701,19,0,0
9vfoiax5,29,m7hitpc7,68,post_exp,ContactInfo,1787600702,1,0,0
9vfoiax5,26,4zd5ned9,60,main,Trade,1787600705,19,0,0
9vfoiax5,30,92y585sb,65,post_exp,HoltLaury,1787600705,1,0,0
9vfoiax5,33,j6pfvo4x,57,main,Trade,1787600705,18,0,0
9vfoiax5,27,mknb67le,63,main,Trade,1787600706,20,0,0
9vfoiax5,33,j6pfvo4x,58,main,RoundFeedback,1787600707,18,0,0
9vfoiax5,10,edlvyy4x,63,main,Trade,1787600708,20,0,0
9vfoiax5,33,j6pfvo4x,59,main,DataFeeDecision,1787600710,19,0,0
9vfoiax5,26,4zd5ned9,61,main,RoundFeedback,1787600710,19,0,0
9vfoiax5,10,edlvyy4x,64,main,RoundFeedback,1787600711,20,0,0
9vfoiax5,12,y7r9sa4u,67,post_exp,Demographics,1787600712,1,0,0
9vfoiax5,27,mknb67le,64,main,RoundFeedback,1787600712,20,0,0
9vfoiax5,26,4zd5ned9,62,main,DataFeeDecision,1787600714,20,0,0
9vfoiax5,18,u4dpd5wy,54,main,Trade,1787600726,17,0,0
9vfoiax5,39,nn4f2puj,60,main,Trade,1787600727,19,0,0
9vfoiax5,18,u4dpd5wy,55,main,RoundFeedback,1787600730,17,0,0
9vfoiax5,39,nn4f2puj,61,main,RoundFeedback,1787600730,19,0,0
9vfoiax5,29,m7hitpc7,69,post_exp,Payoff,1787600731,1,0,0
9vfoiax5,18,u4dpd5wy,56,main,DataFeeDecision,1787600733,18,0,0
9vfoiax5,39,nn4f2puj,62,main,DataFeeDecision,1787600734,20,0,0
9vfoiax5,38,9ozs75r2,66,post_exp,literacyQuiz,1787600739,1,0,0
9vfoiax5,12,y7r9sa4u,68,post_exp,ContactInfo,1787600740,1,0,0
9vfoiax5,37,zs0yllk7,65,post_exp,HoltLaury,1787600744,1,0,0
9vfoiax5,26,4zd5ned9,63,main,Trade,1787600749,20,0,0
9vfoiax5,26,4zd5ned9,64,main,RoundFeedback,1787600760,20,0,0
9vfoiax5,12,y7r9sa4u,69,post_exp,Payoff,1787600765,1,0,0
9vfoiax5,33,j6pfvo4x,60,main,Trade,1787600766,19,0,0
9vfoiax5,8,f0dtgw15,65,post_exp,HoltLaury,1787600768,1,0,0
9vfoiax5,33,j6pfvo4x,61,main,RoundFeedback,1787600770,19,0,0
9vfoiax5,33,j6pfvo4x,62,main,DataFeeDecision,1787600773,20,0,0
9vfoiax5,13,pm665xdw,69,post_exp,Payoff,1787600777,1,0,0
9vfoiax5,18,u4dpd5wy,57,main,Trade,1787600787,18,0,0
9vfoiax5,39,nn4f2puj,63,main,Trade,1787600787,20,0,0
9vfoiax5,38,9ozs75r2,67,post_exp,Demographics,1787600787,1,0,0
9vfoiax5,39,nn4f2puj,64,main,RoundFeedback,1787600790,20,0,0
9vfoiax5,18,u4dpd5wy,58,main,RoundFeedback,1787600792,18,0,0
9vfoiax5,18,u4dpd5wy,59,main,DataFeeDecision,1787600795,19,0,0
9vfoiax5,7,2am1bt7m,66,post_exp,literacyQuiz,1787600796,1,0,0
9vfoiax5,33,j6pfvo4x,63,main,Trade,1787600809,20,0,0
9vfoiax5,33,j6pfvo4x,64,main,RoundFeedback,1787600815,20,0,0
9vfoiax5,22,4yux8e22,66,post_exp,literacyQuiz,1787600815,1,0,0
9vfoiax5,6,w1hg4dq2,66,post_exp,literacyQuiz,1787600817,1,0,0
9vfoiax5,38,9ozs75r2,68,post_exp,ContactInfo,1787600830,1,0,0
9vfoiax5,7,2am1bt7m,67,post_exp,Demographics,1787600832,1,0,0
9vfoiax5,18,u4dpd5wy,60,main,Trade,1787600837,19,0,0
9vfoiax5,18,u4dpd5wy,61,main,RoundFeedback,1787600843,19,0,0
9vfoiax5,24,w3cukoe0,66,post_exp,literacyQuiz,1787600844,1,0,0
9vfoiax5,18,u4dpd5wy,62,main,DataFeeDecision,1787600846,20,0,0
9vfoiax5,7,2am1bt7m,68,post_exp,ContactInfo,1787600849,1,0,0
9vfoiax5,6,w1hg4dq2,67,post_exp,Demographics,1787600854,1,0,0
9vfoiax5,10,edlvyy4x,65,post_exp,HoltLaury,1787600859,1,0,0
9vfoiax5,2,ttbhrq7x,66,post_exp,literacyQuiz,1787600861,1,0,0
9vfoiax5,6,w1hg4dq2,68,post_exp,ContactInfo,1787600873,1,0,0
9vfoiax5,7,2am1bt7m,69,post_exp,Payoff,1787600877,1,0,0
9vfoiax5,22,4yux8e22,67,post_exp,Demographics,1787600877,1,0,0
9vfoiax5,6,w1hg4dq2,69,post_exp,Payoff,1787600878,1,0,0
9vfoiax5,39,nn4f2puj,65,post_exp,HoltLaury,1787600885,1,0,0
9vfoiax5,24,w3cukoe0,67,post_exp,Demographics,1787600898,1,0,0
9vfoiax5,27,mknb67le,65,post_exp,HoltLaury,1787600898,1,0,0
9vfoiax5,33,j6pfvo4x,65,post_exp,HoltLaury,1787600902,1,0,0
9vfoiax5,22,4yux8e22,68,post_exp,ContactInfo,1787600903,1,0,0
9vfoiax5,2,ttbhrq7x,67,post_exp,Demographics,1787600909,1,0,0
9vfoiax5,38,9ozs75r2,69,post_exp,Payoff,1787600917,1,0,0
9vfoiax5,24,w3cukoe0,68,post_exp,ContactInfo,1787600921,1,0,0
9vfoiax5,2,ttbhrq7x,68,post_exp,ContactInfo,1787600922,1,0,0
9vfoiax5,18,u4dpd5wy,63,main,Trade,1787600929,20,0,0
9vfoiax5,18,u4dpd5wy,64,main,RoundFeedback,1787600933,20,0,0
9vfoiax5,26,4zd5ned9,65,post_exp,HoltLaury,1787600941,1,0,0
9vfoiax5,24,w3cukoe0,69,post_exp,Payoff,1787600944,1,0,0
9vfoiax5,2,ttbhrq7x,69,post_exp,Payoff,1787600953,1,0,0
9vfoiax5,22,4yux8e22,69,post_exp,Payoff,1787600955,1,0,0
9vfoiax5,37,zs0yllk7,66,post_exp,literacyQuiz,1787600973,1,0,0
9vfoiax5,31,ki9t1ots,66,post_exp,literacyQuiz,1787601004,1,0,0
9vfoiax5,15,0z4ddbix,66,post_exp,literacyQuiz,1787601018,1,0,0
9vfoiax5,37,zs0yllk7,67,post_exp,Demographics,1787601030,1,0,0
9vfoiax5,31,ki9t1ots,67,post_exp,Demographics,1787601049,1,0,0
9vfoiax5,37,zs0yllk7,68,post_exp,ContactInfo,1787601052,1,0,0
9vfoiax5,8,f0dtgw15,66,post_exp,literacyQuiz,1787601059,1,0,0
9vfoiax5,18,u4dpd5wy,65,post_exp,HoltLaury,1787601065,1,0,0
9vfoiax5,31,ki9t1ots,68,post_exp,ContactInfo,1787601073,1,0,0
9vfoiax5,15,0z4ddbix,67,post_exp,Demographics,1787601086,1,0,0
9vfoiax5,10,edlvyy4x,66,post_exp,literacyQuiz,1787601102,1,0,0
9vfoiax5,8,f0dtgw15,67,post_exp,Demographics,1787601111,1,0,0
9vfoiax5,15,0z4ddbix,68,post_exp,ContactInfo,1787601127,1,0,0
9vfoiax5,33,j6pfvo4x,66,post_exp,literacyQuiz,1787601128,1,0,0
9vfoiax5,37,zs0yllk7,69,post_exp,Payoff,1787601134,1,0,0
9vfoiax5,8,f0dtgw15,68,post_exp,ContactInfo,1787601135,1,0,0
9vfoiax5,31,ki9t1ots,69,post_exp,Payoff,1787601152,1,0,0
9vfoiax5,15,0z4ddbix,69,post_exp,Payoff,1787601169,1,0,0
9vfoiax5,10,edlvyy4x,67,post_exp,Demographics,1787601189,1,0,0
9vfoiax5,33,j6pfvo4x,67,post_exp,Demographics,1787601189,1,0,0
9vfoiax5,10,edlvyy4x,68,post_exp,ContactInfo,1787601203,1,0,0
9vfoiax5,8,f0dtgw15,69,post_exp,Payoff,1787601206,1,0,0
9vfoiax5,33,j6pfvo4x,68,post_exp,ContactInfo,1787601206,1,0,0
9vfoiax5,30,92y585sb,66,post_exp,literacyQuiz,1787601207,1,0,0
9vfoiax5,33,j6pfvo4x,69,post_exp,Payoff,1787601238,1,0,0
9vfoiax5,10,edlvyy4x,69,post_exp,Payoff,1787601258,1,0,0
9vfoiax5,26,4zd5ned9,66,post_exp,literacyQuiz,1787601276,1,0,0
9vfoiax5,18,u4dpd5wy,66,post_exp,literacyQuiz,1787601315,1,0,0
9vfoiax5,26,4zd5ned9,67,post_exp,Demographics,1787601327,1,0,0
9vfoiax5,27,mknb67le,66,post_exp,literacyQuiz,1787601328,1,0,0
9vfoiax5,26,4zd5ned9,68,post_exp,ContactInfo,1787601351,1,0,0
9vfoiax5,18,u4dpd5wy,67,post_exp,Demographics,1787601361,1,0,0
9vfoiax5,18,u4dpd5wy,68,post_exp,ContactInfo,1787601376,1,0,0
9vfoiax5,27,mknb67le,67,post_exp,Demographics,1787601377,1,0,0
9vfoiax5,39,nn4f2puj,66,post_exp,literacyQuiz,1787601379,1,0,0
9vfoiax5,30,92y585sb,67,post_exp,Demographics,1787601383,1,0,0
9vfoiax5,26,4zd5ned9,69,post_exp,Payoff,1787601395,1,0,0
9vfoiax5,30,92y585sb,68,post_exp,ContactInfo,1787601399,1,0,0
9vfoiax5,27,mknb67le,68,post_exp,ContactInfo,1787601400,1,0,0
9vfoiax5,27,mknb67le,69,post_exp,Payoff,1787601404,1,0,0
9vfoiax5,30,92y585sb,69,post_exp,Payoff,1787601428,1,0,0
9vfoiax5,39,nn4f2puj,67,post_exp,Demographics,1787601432,1,0,0
9vfoiax5,18,u4dpd5wy,69,post_exp,Payoff,1787601433,1,0,0
9vfoiax5,39,nn4f2puj,68,post_exp,ContactInfo,1787601452,1,0,0
9vfoiax5,39,nn4f2puj,69,post_exp,Payoff,1787601470,1,0,0
