participant.id_in_session,participant.code,participant.label,participant._is_bot,participant._index_in_pages,participant._max_page_index,participant._current_app_name,participant._current_page_name,participant.time_started_utc,participant.visited,participant.mturk_worker_id,participant.mturk_assignment_id,participant.payoff,player.id_in_group,player.role,player.payoff,player.session_name,player.condition,player.block_order,player.trade_payoff,player.payable_round,player.data_available,player.pay_for_data,player.ack_brokerage_fee,player.round_type,player.investment_amount,player.return_forecast,player.telemetry_payload,player.imbalance_informative,player.realized_return,player.imbalance_was_informative,player.investment_payoff,player.cumulative_bonuses,player.round_payoff,player.self_assesment,subsession.training,session.code,session.label,session.mturk_HITId,session.mturk_HITGroupId,session.comment,session.is_demo
1,6wt574tn,668a6f07c623b9b9500b962f,0,3,52,intro,comprehensionQuestions,2026-01-12 11:58:17.222049,1,,,0.0,1,,0.0,,control,,0.0,11,1,,,training,,,,,,,0.0,0.0,,,1,461q1n1d,,,,,0
2,msi911c4,5f8ece6117db5206eafc8b73,0,52,52,post_exp,FinalForProlific,2026-01-12 12:08:06.099778,1,,,109.78,2,,0.0,,treatment,,0.0,4,1,,,training,50.0,10.0,[],1,29.7625447699681,1,0.0,0.0,0.0,,1,461q1n1d,,,,,0
3,ybu7wgc0,62a0de11fe1eb0f5e7a97389,0,52,52,post_exp,FinalForProlific,2026-01-12 12:42:59.794356,1,,,110.74,3,,0.0,,treatment,,0.0,6,1,,,training,10.0,12.0,[],1,29.7625447699681,1,0.0,0.0,0.0,,1,461q1n1d,,,,,0
4,t2whvuhh,5f2f03deec679e2cf4a992e6,0,52,52,post_exp,FinalForProlific,2026-01-12 12:43:17.998797,1,,,112.35,4,,0.0,,treatment,,0.0,9,1,,,training,50.0,7.0,[],1,29.7625447699681,1,0.0,0.0,0.0,,1,461q1n1d,,,,,0
5,9olw9405,5ecae23b40dae00008174c32,0,52,52,post_exp,FinalForProlific,2026-01-12 12:45:31.992880,1,,,118.42,5,,0.0,,control,,0.0,14,1,,,training,75.0,10.0,[],1,29.7625447699681,1,0.0,0.0,0.0,,1,461q1n1d,,,,,0
6,p9t04pw0,5ea159434ac916016387488e,0,52,52,post_exp,FinalForProlific,2026-01-12 12:46:57.010699,1,,,105.89,6,,0.0,,treatment,,0.0,6,1,,,training,10.0,-5.0,[],1,29.7625447699681,1,0.0,0.0,0.0,,1,461q1n1d,,,,,0
7,ccodk2rc,63d7f3f795d4674597d533a1,0,52,52,post_exp,FinalForProlific,2026-01-12 12:49:25.762528,1,,,118.07,7,,0.0,,treatment,,0.0,9,1,,,training,20.0,6.0,[],1,29.7625447699681,1,0.0,0.0,0.0,,1,461q1n1d,,,,,0
8,samrpio0,5ec79cbd44972a1fceed2719,0,52,52,post_exp,FinalForProlific,2026-01-12 12:51:01.062574,1,,,119.3,8,,0.0,,treatment,,0.0,6,1,,,training,10.0,10.0,[],0,29.7625447699681,1,0.0,0.0,0.0,,1,461q1n1d,,,,,0
9,iwejo55l,66c20b634a3b292d25596fbc,0,3,52,intro,comprehensionQuestions,2026-01-12 12:55:05.751367,1,,,0.0,9,,0.0,,control,,0.0,13,1,,,training,,,,,,,0.0,0.0,,,1,461q1n1d,,,,,0
10,j5394dae,60fd14512de6e8dab5242343,0,52,52,post_exp,FinalForProlific,2026-01-12 12:57:07.288139,1,,,115.87,10,,0.0,,treatment,,0.0,8,1,,,training,100.0,10.0,"[{""type"":""copy"",""detail"":{""types"":[],""hasImage"":true,""hasFiles"":false},""ts"":""2026-01-12T13:00:34.405Z""},{""type"":""window-blur"",""detail"":{},""ts"":""2026-01-12T13:00:35.515Z""},{""type"":""visibilitychange"",""detail"":{""state"":""hidden""},""ts"":""2026-01-12T13:00:35.734Z""},{""type"":""visibilitychange"",""detail"":{""state"":""visible""},""ts"":""2026-01-12T13:00:55.458Z""},{""type"":""window-focus"",""detail"":{},""ts"":""2026-01-12T13:00:55.482Z""},{""type"":""window-blur"",""detail"":{},""ts"":""2026-01-12T13:00:58.799Z""},{""type"":""visibilitychange"",""detail"":{""state"":""hidden""},""ts"":""2026-01-12T13:00:59.086Z""},{""type"":""visibilitychange"",""detail"":{""state"":""visible""},""ts"":""2026-01-12T13:01:10.547Z""},{""type"":""window-focus"",""detail"":{},""ts"":""2026-01-12T13:01:10.568Z""},{""type"":""window-blur"",""detail"":{},""ts"":""2026-01-12T13:01:29.916Z""},{""type"":""visibilitychange"",""detail"":{""state"":""hidden""},""ts"":""2026-01-12T13:01:30.232Z""},{""type"":""visibilitychange"",""detail"":{""state"":""visible""},""ts"":""2026-01-12T13:01:42.882Z""},{""type"":""window-focus"",""detail"":{},""ts"":""2026-01-12T13:01:42.896Z""},{""type"":""window-blur"",""detail"":{},""ts"":""2026-01-12T13:01:45.237Z""},{""type"":""visibilitychange"",""detail"":{""state"":""hidden""},""ts"":""2026-01-12T13:01:45.628Z""},{""type"":""visibilitychange"",""detail"":{""state"":""visible""},""ts"":""2026-01-12T13:01:56.708Z""},{""type"":""window-focus"",""detail"":{},""ts"":""2026-01-12T13:01:56.720Z""},{""type"":""window-blur"",""detail"":{},""ts"":""2026-01-12T13:02:02.675Z""},{""type"":""visibilitychange"",""detail"":{""state"":""hidden""},""ts"":""2026-01-12T13:02:03.126Z""},{""type"":""visibilitychange"",""detail"":{""state"":""visible""},""ts"":""2026-01-12T13:02:37.170Z""},{""type"":""window-focus"",""detail"":{},""ts"":""2026-01-12T13:02:37.188Z""},{""type"":""window-blur"",""detail"":{},""ts"":""2026-01-12T13:02:39.653Z""},{""type"":""visibilitychange"",""detail"":{""state"":""hidden""},""ts"":""2026-01-12T13:02:40.016Z""},{""type"":""visibilitychange"",""detail"":{""state"":""visible""},""ts"":""2026-01-12T13:02:56.491Z""},{""type"":""window-focus"",""detail"":{},""ts"":""2026-01-12T13:02:56.510Z""}]",0,29.7625447699681,1,0.0,0.0,0.0,,1,461q1n1d,,,,,0
11,i597wq6a,67eff0475e43d9a5390ff55e,0,52,52,post_exp,FinalForProlific,2026-01-12 12:57:25.610637,1,,,126.66,11,,0.0,,treatment,,0.0,11,1,,,training,50.0,10.0,[],1,29.7625447699681,1,0.0,0.0,0.0,,1,461q1n1d,,,,,0
12,ul2kc8gp,6661c9ae13d2c1b196d73a43,0,14,52,main,DataFeeDecision,2026-01-12 13:01:59.306032,1,,,111.58,12,,0.0,,treatment,,0.0,13,1,,,training,100.0,50.0,[],1,29.7625447699681,1,0.0,0.0,0.0,,1,461q1n1d,,,,,0
13,sgflujhv,63d3fc9de67e1179cdf0d080,0,3,52,intro,comprehensionQuestions,2026-01-12 13:04:09.707872,1,,,0.0,13,,0.0,,control,,0.0,11,1,,,training,,,,,,,0.0,0.0,,,1,461q1n1d,,,,,0
14,cfpzesdf,66f69dcc061074dacb886b52,0,52,52,post_exp,FinalForProlific,2026-01-12 13:06:55.036073,1,,,109.41,14,,0.0,,treatment,,0.0,11,1,,,training,20.0,20.0,"[{""type"":""right-click"",""detail"":{""x"":888.7592163085938,""y"":96.10986328125,""target"":""P""},""ts"":""2026-01-12T13:17:11.708Z""},{""type"":""contextmenu"",""detail"":{""x"":888,""y"":96,""target"":""P""},""ts"":""2026-01-12T13:17:11.708Z""},{""type"":""window-blur"",""detail"":{},""ts"":""2026-01-12T13:17:12.984Z""},{""type"":""visibilitychange"",""detail"":{""state"":""hidden""},""ts"":""2026-01-12T13:17:12.984Z""},{""type"":""visibilitychange"",""detail"":{""state"":""visible""},""ts"":""2026-01-12T13:17:19.706Z""},{""type"":""window-focus"",""detail"":{},""ts"":""2026-01-12T13:17:19.706Z""}]",1,29.7625447699681,1,0.0,0.0,0.0,,1,461q1n1d,,,,,0
15,emtejkbt,5d09edb73d40080001655677,0,52,52,post_exp,FinalForProlific,2026-01-12 13:12:41.689463,1,,,110.33,15,,0.0,,treatment,,0.0,9,1,,,training,10.0,5.0,[],1,29.7625447699681,1,0.0,0.0,0.0,,1,461q1n1d,,,,,0
16,9mnmq71z,58bb48b71c81f300014468a3,0,52,52,post_exp,FinalForProlific,2026-01-12 13:18:33.245847,1,,,137.52,16,,0.0,,treatment,,0.0,11,1,,,training,50.0,8.0,[],1,29.7625447699681,1,0.0,0.0,0.0,,1,461q1n1d,,,,,0
17,0epe8f6d,,0,0,52,,,,0,,,0.0,17,,0.0,,control,,0.0,4,1,,,training,,,,,,,0.0,0.0,,,1,461q1n1d,,,,,0
18,en9w510c,,0,0,52,,,,0,,,0.0,18,,0.0,,treatment,,0.0,9,1,,,training,,,,,,,0.0,0.0,,,1,461q1n1d,,,,,0
19,6qj3vys6,,0,0,52,,,,0,,,0.0,19,,0.0,,treatment,,0.0,5,1,,,training,,,,,,,0.0,0.0,,,1,461q1n1d,,,,,0
20,pqcdc1sj,,0,0,52,,,,0,,,0.0,20,,0.0,,treatment,,0.0,7,1,,,training,,,,,,,0.0,0.0,,,1,461q1n1d,,,,,0
21,s432tmda,,0,0,52,,,,0,,,0.0,21,,0.0,,control,,0.0,7,1,,,training,,,,,,,0.0,0.0,,,1,461q1n1d,,,,,0
22,yxb4ahgs,,0,0,52,,,,0,,,0.0,22,,0.0,,treatment,,0.0,9,1,,,training,,,,,,,0.0,0.0,,,1,461q1n1d,,,,,0
23,l9m4eq7c,,0,0,52,,,,0,,,0.0,23,,0.0,,treatment,,0.0,10,1,,,training,,,,,,,0.0,0.0,,,1,461q1n1d,,,,,0
24,pyy6b06u,,0,0,52,,,,0,,,0.0,24,,0.0,,treatment,,0.0,4,1,,,training,,,,,,,0.0,0.0,,,1,461q1n1d,,,,,0
25,t67bymso,,0,0,52,,,,0,,,0.0,25,,0.0,,control,,0.0,4,1,,,training,,,,,,,0.0,0.0,,,1,461q1n1d,,,,,0
26,pbnw6k1u,,0,0,52,,,,0,,,0.0,26,,0.0,,treatment,,0.0,6,1,,,training,,,,,,,0.0,0.0,,,1,461q1n1d,,,,,0
27,o8v0tu3x,,0,0,52,,,,0,,,0.0,27,,0.0,,treatment,,0.0,8,1,,,training,,,,,,,0.0,0.0,,,1,461q1n1d,,,,,0
28,uz3wphd2,,0,0,52,,,,0,,,0.0,28,,0.0,,treatment,,0.0,12,1,,,training,,,,,,,0.0,0.0,,,1,461q1n1d,,,,,0
29,d9kpy4wv,,0,0,52,,,,0,,,0.0,29,,0.0,,control,,0.0,3,1,,,training,,,,,,,0.0,0.0,,,1,461q1n1d,,,,,0
30,hn0d0oom,,0,0,52,,,,0,,,0.0,30,,0.0,,treatment,,0.0,11,1,,,training,,,,,,,0.0,0.0,,,1,461q1n1d,,,,,0
31,ppt1jtmn,,0,0,52,,,,0,,,0.0,31,,0.0,,treatment,,0.0,13,1,,,training,,,,,,,0.0,0.0,,,1,461q1n1d,,,,,0
32,zax1jttz,,0,0,52,,,,0,,,0.0,32,,0.0,,treatment,,0.0,9,1,,,training,,,,,,,0.0,0.0,,,1,461q1n1d,,,,,0
33,0yzr41vf,,0,0,52,,,,0,,,0.0,33,,0.0,,control,,0.0,14,1,,,training,,,,,,,0.0,0.0,,,1,461q1n1d,,,,,0
34,u4bx83n4,,0,0,52,,,,0,,,0.0,34,,0.0,,treatment,,0.0,10,1,,,training,,,,,,,0.0,0.0,,,1,461q1n1d,,,,,0
35,gnbv9v11,,0,0,52,,,,0,,,0.0,35,,0.0,,treatment,,0.0,13,1,,,training,,,,,,,0.0,0.0,,,1,461q1n1d,,,,,0
36,xxzedbp3,,0,0,52,,,,0,,,0.0,36,,0.0,,treatment,,0.0,13,1,,,training,,,,,,,0.0,0.0,,,1,461q1n1d,,,,,0
37,o8k3ito7,,0,0,52,,,,0,,,0.0,37,,0.0,,control,,0.0,10,1,,,training,,,,,,,0.0,0.0,,,1,461q1n1d,,,,,0
38,n8upco0z,,0,0,52,,,,0,,,0.0,38,,0.0,,treatment,,0.0,8,1,,,training,,,,,,,0.0,0.0,,,1,461q1n1d,,,,,0
39,4y37qyvy,,0,0,52,,,,0,,,0.0,39,,0.0,,treatment,,0.0,13,1,,,training,,,,,,,0.0,0.0,,,1,461q1n1d,,,,,0
40,osildy02,,0,0,52,,,,0,,,0.0,40,,0.0,,treatment,,0.0,8,1,,,training,,,,,,,0.0,0.0,,,1,461q1n1d,,,,,0
41,1lsxphst,,0,0,52,,,,0,,,0.0,41,,0.0,,control,,0.0,4,1,,,training,,,,,,,0.0,0.0,,,1,461q1n1d,,,,,0
42,3yjm3dhd,,0,0,52,,,,0,,,0.0,42,,0.0,,treatment,,0.0,5,1,,,training,,,,,,,0.0,0.0,,,1,461q1n1d,,,,,0
43,6kaioor2,,0,0,52,,,,0,,,0.0,43,,0.0,,treatment,,0.0,11,1,,,training,,,,,,,0.0,0.0,,,1,461q1n1d,,,,,0
44,9f7m3hdf,,0,0,52,,,,0,,,0.0,44,,0.0,,treatment,,0.0,14,1,,,training,,,,,,,0.0,0.0,,,1,461q1n1d,,,,,0
45,6ut27tp1,,0,0,52,,,,0,,,0.0,45,,0.0,,control,,0.0,5,1,,,training,,,,,,,0.0,0.0,,,1,461q1n1d,,,,,0
46,9yh6dlbt,,0,0,52,,,,0,,,0.0,46,,0.0,,treatment,,0.0,14,1,,,training,,,,,,,0.0,0.0,,,1,461q1n1d,,,,,0
47,219oy01u,,0,0,52,,,,0,,,0.0,47,,0.0,,treatment,,0.0,14,1,,,training,,,,,,,0.0,0.0,,,1,461q1n1d,,,,,0
48,7bpctl9o,,0,0,52,,,,0,,,0.0,48,,0.0,,treatment,,0.0,12,1,,,training,,,,,,,0.0,0.0,,,1,461q1n1d,,,,,0
49,7wvvyz5w,,0,0,52,,,,0,,,0.0,49,,0.0,,control,,0.0,12,1,,,training,,,,,,,0.0,0.0,,,1,461q1n1d,,,,,0
50,9v6740c3,,0,0,52,,,,0,,,0.0,50,,0.0,,treatment,,0.0,4,1,,,training,,,,,,,0.0,0.0,,,1,461q1n1d,,,,,0
51,ykznxeqm,,0,0,52,,,,0,,,0.0,51,,0.0,,treatment,,0.0,9,1,,,training,,,,,,,0.0,0.0,,,1,461q1n1d,,,,,0
52,73bgu8ul,,0,0,52,,,,0,,,0.0,52,,0.0,,treatment,,0.0,14,1,,,training,,,,,,,0.0,0.0,,,1,461q1n1d,,,,,0
53,ewaeg9gm,,0,0,52,,,,0,,,0.0,53,,0.0,,control,,0.0,5,1,,,training,,,,,,,0.0,0.0,,,1,461q1n1d,,,,,0
54,nidpofue,,0,0,52,,,,0,,,0.0,54,,0.0,,treatment,,0.0,3,1,,,training,,,,,,,0.0,0.0,,,1,461q1n1d,,,,,0
55,7zgkvvwf,,0,0,52,,,,0,,,0.0,55,,0.0,,treatment,,0.0,13,1,,,training,,,,,,,0.0,0.0,,,1,461q1n1d,,,,,0
56,pqoodroh,,0,0,52,,,,0,,,0.0,56,,0.0,,treatment,,0.0,3,1,,,training,,,,,,,0.0,0.0,,,1,461q1n1d,,,,,0
57,tkbqtsrd,,0,0,52,,,,0,,,0.0,57,,0.0,,control,,0.0,10,1,,,training,,,,,,,0.0,0.0,,,1,461q1n1d,,,,,0
58,dt9odxsr,,0,0,52,,,,0,,,0.0,58,,0.0,,treatment,,0.0,8,1,,,training,,,,,,,0.0,0.0,,,1,461q1n1d,,,,,0
59,3ujy8kbo,,0,0,52,,,,0,,,0.0,59,,0.0,,treatment,,0.0,9,1,,,training,,,,,,,0.0,0.0,,,1,461q1n1d,,,,,0
60,p4to1yx5,,0,0,52,,,,0,,,0.0,60,,0.0,,treatment,,0.0,11,1,,,training,,,,,,,0.0,0.0,,,1,461q1n1d,,,,,0
61,x909whia,,0,0,52,,,,0,,,0.0,61,,0.0,,control,,0.0,13,1,,,training,,,,,,,0.0,0.0,,,1,461q1n1d,,,,,0
62,v5adyj4t,,0,0,52,,,,0,,,0.0,62,,0.0,,treatment,,0.0,7,1,,,training,,,,,,,0.0,0.0,,,1,461q1n1d,,,,,0
63,bnc4t5dr,,0,0,52,,,,0,,,0.0,63,,0.0,,treatment,,0.0,14,1,,,training,,,,,,,0.0,0.0,,,1,461q1n1d,,,,,0
64,ajj007nu,,0,0,52,,,,0,,,0.0,64,,0.0,,treatment,,0.0,13,1,,,training,,,,,,,0.0,0.0,,,1,461q1n1d,,,,,0
65,crll0mwy,,0,0,52,,,,0,,,0.0,65,,0.0,,control,,0.0,3,1,,,training,,,,,,,0.0,0.0,,,1,461q1n1d,,,,,0
66,8iqnj1ut,,0,0,52,,,,0,,,0.0,66,,0.0,,treatment,,0.0,4,1,,,training,,,,,,,0.0,0.0,,,1,461q1n1d,,,,,0
67,w60r8k13,,0,0,52,,,,0,,,0.0,67,,0.0,,treatment,,0.0,10,1,,,training,,,,,,,0.0,0.0,,,1,461q1n1d,,,,,0
68,i2sgh938,,0,0,52,,,,0,,,0.0,68,,0.0,,treatment,,0.0,9,1,,,training,,,,,,,0.0,0.0,,,1,461q1n1d,,,,,0
69,588ci7nv,,0,0,52,,,,0,,,0.0,69,,0.0,,control,,0.0,10,1,,,training,,,,,,,0.0,0.0,,,1,461q1n1d,,,,,0
70,bjo1kx0v,,0,0,52,,,,0,,,0.0,70,,0.0,,treatment,,0.0,6,1,,,training,,,,,,,0.0,0.0,,,1,461q1n1d,,,,,0
71,2zmqkvp4,,0,0,52,,,,0,,,0.0,71,,0.0,,treatment,,0.0,11,1,,,training,,,,,,,0.0,0.0,,,1,461q1n1d,,,,,0
72,470tfviy,,0,0,52,,,,0,,,0.0,72,,0.0,,treatment,,0.0,8,1,,,training,,,,,,,0.0,0.0,,,1,461q1n1d,,,,,0
73,9gyvu00x,,0,0,52,,,,0,,,0.0,73,,0.0,,control,,0.0,14,1,,,training,,,,,,,0.0,0.0,,,1,461q1n1d,,,,,0
74,z4p83vub,,0,0,52,,,,0,,,0.0,74,,0.0,,treatment,,0.0,4,1,,,training,,,,,,,0.0,0.0,,,1,461q1n1d,,,,,0
75,3jhsgk0s,,0,0,52,,,,0,,,0.0,75,,0.0,,treatment,,0.0,14,1,,,training,,,,,,,0.0,0.0,,,1,461q1n1d,,,,,0
76,s78wc8yk,,0,0,52,,,,0,,,0.0,76,,0.0,,treatment,,0.0,7,1,,,training,,,,,,,0.0,0.0,,,1,461q1n1d,,,,,0
77,2p2sv4bn,,0,0,52,,,,0,,,0.0,77,,0.0,,control,,0.0,13,1,,,training,,,,,,,0.0,0.0,,,1,461q1n1d,,,,,0
78,p5dyvl2a,,0,0,52,,,,0,,,0.0,78,,0.0,,treatment,,0.0,8,1,,,training,,,,,,,0.0,0.0,,,1,461q1n1d,,,,,0
79,ctfq4lm0,,0,0,52,,,,0,,,0.0,79,,0.0,,treatment,,0.0,8,1,,,training,,,,,,,0.0,0.0,,,1,461q1n1d,,,,,0
80,52mc9nne,,0,0,52,,,,0,,,0.0,80,,0.0,,treatment,,0.0,3,1,,,training,,,,,,,0.0,0.0,,,1,461q1n1d,,,,,0
81,1rm81xpy,,0,0,52,,,,0,,,0.0,81,,0.0,,control,,0.0,3,1,,,training,,,,,,,0.0,0.0,,,1,461q1n1d,,,,,0
82,ne25do2k,,0,0,52,,,,0,,,0.0,82,,0.0,,treatment,,0.0,6,1,,,training,,,,,,,0.0,0.0,,,1,461q1n1d,,,,,0
83,blep05xv,,0,0,52,,,,0,,,0.0,83,,0.0,,treatment,,0.0,12,1,,,training,,,,,,,0.0,0.0,,,1,461q1n1d,,,,,0
84,r67ble2p,,0,0,52,,,,0,,,0.0,84,,0.0,,treatment,,0.0,8,1,,,training,,,,,,,0.0,0.0,,,1,461q1n1d,,,,,0
85,umkd4k3b,,0,0,52,,,,0,,,0.0,85,,0.0,,control,,0.0,13,1,,,training,,,,,,,0.0,0.0,,,1,461q1n1d,,,,,0
86,kede2j6z,,0,0,52,,,,0,,,0.0,86,,0.0,,treatment,,0.0,10,1,,,training,,,,,,,0.0,0.0,,,1,461q1n1d,,,,,0
87,bj34gpv1,,0,0,52,,,,0,,,0.0,87,,0.0,,treatment,,0.0,7,1,,,training,,,,,,,0.0,0.0,,,1,461q1n1d,,,,,0
88,ol4sgoqx,,0,0,52,,,,0,,,0.0,88,,0.0,,treatment,,0.0,3,1,,,training,,,,,,,0.0,0.0,,,1,461q1n1d,,,,,0
89,ds2lqftx,,0,0,52,,,,0,,,0.0,89,,0.0,,control,,0.0,5,1,,,training,,,,,,,0.0,0.0,,,1,461q1n1d,,,,,0
90,2gekyf0t,,0,0,52,,,,0,,,0.0,90,,0.0,,treatment,,0.0,4,1,,,training,,,,,,,0.0,0.0,,,1,461q1n1d,,,,,0
91,6pr9qwd4,,0,0,52,,,,0,,,0.0,91,,0.0,,treatment,,0.0,5,1,,,training,,,,,,,0.0,0.0,,,1,461q1n1d,,,,,0
92,ssgz07b8,,0,0,52,,,,0,,,0.0,92,,0.0,,treatment,,0.0,5,1,,,training,,,,,,,0.0,0.0,,,1,461q1n1d,,,,,0
93,409pvrmu,,0,0,52,,,,0,,,0.0,93,,0.0,,control,,0.0,6,1,,,training,,,,,,,0.0,0.0,,,1,461q1n1d,,,,,0
94,4fh17kc2,,0,0,52,,,,0,,,0.0,94,,0.0,,treatment,,0.0,5,1,,,training,,,,,,,0.0,0.0,,,1,461q1n1d,,,,,0
95,xfzk1x8d,,0,0,52,,,,0,,,0.0,95,,0.0,,treatment,,0.0,11,1,,,training,,,,,,,0.0,0.0,,,1,461q1n1d,,,,,0
96,1a5qzoql,,0,0,52,,,,0,,,0.0,96,,0.0,,treatment,,0.0,3,1,,,training,,,,,,,0.0,0.0,,,1,461q1n1d,,,,,0
97,3x36m0rt,,0,0,52,,,,0,,,0.0,97,,0.0,,control,,0.0,10,1,,,training,,,,,,,0.0,0.0,,,1,461q1n1d,,,,,0
98,wtzczkzr,,0,0,52,,,,0,,,0.0,98,,0.0,,treatment,,0.0,9,1,,,training,,,,,,,0.0,0.0,,,1,461q1n1d,,,,,0
99,plebsarm,,0,0,52,,,,0,,,0.0,99,,0.0,,treatment,,0.0,12,1,,,training,,,,,,,0.0,0.0,,,1,461q1n1d,,,,,0
100,hthnd810,,0,0,52,,,,0,,,0.0,100,,0.0,,treatment,,0.0,12,1,,,training,,,,,,,0.0,0.0,,,1,461q1n1d,,,,,0
1,6wt574tn,668a6f07c623b9b9500b962f,0,3,52,intro,comprehensionQuestions,2026-01-12 11:58:17.222049,1,,,0.0,1,,0.0,,control,,0.0,11,1,,,training,,,,,,,0.0,0.0,,,1,461q1n1d,,,,,0
2,msi911c4,5f8ece6117db5206eafc8b73,0,52,52,post_exp,FinalForProlific,2026-01-12 12:08:06.099778,1,,,109.78,2,,0.0,,treatment,,0.0,4,1,,,training,0.0,10.0,[],1,10.9465251116429,1,0.0,0.0,0.0,,1,461q1n1d,,,,,0
3,ybu7wgc0,62a0de11fe1eb0f5e7a97389,0,52,52,post_exp,FinalForProlific,2026-01-12 12:42:59.794356,1,,,110.74,3,,0.0,,treatment,,0.0,6,1,,,training,10.0,25.0,[],1,10.9465251116429,1,0.0,0.0,0.0,,1,461q1n1d,,,,,0
4,t2whvuhh,5f2f03deec679e2cf4a992e6,0,52,52,post_exp,FinalForProlific,2026-01-12 12:43:17.998797,1,,,112.35,4,,0.0,,treatment,,0.0,9,1,,,training,0.0,6.0,[],1,10.9465251116429,1,0.0,0.0,0.0,,1,461q1n1d,,,,,0
5,9olw9405,5ecae23b40dae00008174c32,0,52,52,post_exp,FinalForProlific,2026-01-12 12:45:31.992880,1,,,118.42,5,,0.0,,control,,0.0,14,1,,,training,40.0,22.0,[],0,10.9465251116429,1,0.0,0.0,0.0,,1,461q1n1d,,,,,0
6,p9t04pw0,5ea159434ac916016387488e,0,52,52,post_exp,FinalForProlific,2026-01-12 12:46:57.010699,1,,,105.89,6,,0.0,,treatment,,0.0,6,1,,,training,20.0,1.0,[],1,10.9465251116429,1,0.0,0.0,0.0,,1,461q1n1d,,,,,0
7,ccodk2rc,63d7f3f795d4674597d533a1,0,52,52,post_exp,FinalForProlific,2026-01-12 12:49:25.762528,1,,,118.07,7,,0.0,,treatment,,0.0,9,1,,,training,25.0,20.0,[],1,10.9465251116429,1,0.0,0.0,0.0,,1,461q1n1d,,,,,0
8,samrpio0,5ec79cbd44972a1fceed2719,0,52,52,post_exp,FinalForProlific,2026-01-12 12:51:01.062574,1,,,119.3,8,,0.0,,treatment,,0.0,6,1,,,training,50.0,30.0,[],1,10.9465251116429,1,0.0,0.0,0.0,,1,461q1n1d,,,,,0
9,iwejo55l,66c20b634a3b292d25596fbc,0,3,52,intro,comprehensionQuestions,2026-01-12 12:55:05.751367,1,,,0.0,9,,0.0,,control,,0.0,13,1,,,training,,,,,,,0.0,0.0,,,1,461q1n1d,,,,,0
10,j5394dae,60fd14512de6e8dab5242343,0,52,52,post_exp,FinalForProlific,2026-01-12 12:57:07.288139,1,,,115.87,10,,0.0,,treatment,,0.0,8,1,,,training,70.0,20.0,"[{""type"":""window-blur"",""detail"":{},""ts"":""2026-01-12T13:03:51.050Z""},{""type"":""visibilitychange"",""detail"":{""state"":""hidden""},""ts"":""2026-01-12T13:03:51.391Z""},{""type"":""visibilitychange"",""detail"":{""state"":""visible""},""ts"":""2026-01-12T13:04:52.147Z""},{""type"":""window-focus"",""detail"":{},""ts"":""2026-01-12T13:04:52.168Z""}]",1,10.9465251116429,1,0.0,0.0,0.0,,1,461q1n1d,,,,,0
11,i597wq6a,67eff0475e43d9a5390ff55e,0,52,52,post_exp,FinalForProlific,2026-01-12 12:57:25.610637,1,,,126.66,11,,0.0,,treatment,,0.0,11,1,,,training,75.0,5.0,[],1,10.9465251116429,1,0.0,0.0,0.0,,1,461q1n1d,,,,,0
12,ul2kc8gp,6661c9ae13d2c1b196d73a43,0,14,52,main,DataFeeDecision,2026-01-12 13:01:59.306032,1,,,111.58,12,,0.0,,treatment,,0.0,13,1,,,training,100.0,30.0,[],1,10.9465251116429,1,0.0,0.0,0.0,,1,461q1n1d,,,,,0
13,sgflujhv,63d3fc9de67e1179cdf0d080,0,3,52,intro,comprehensionQuestions,2026-01-12 13:04:09.707872,1,,,0.0,13,,0.0,,control,,0.0,11,1,,,training,,,,,,,0.0,0.0,,,1,461q1n1d,,,,,0
14,cfpzesdf,66f69dcc061074dacb886b52,0,52,52,post_exp,FinalForProlific,2026-01-12 13:06:55.036073,1,,,109.41,14,,0.0,,treatment,,0.0,11,1,,,training,40.0,40.0,[],1,10.9465251116429,1,0.0,0.0,0.0,,1,461q1n1d,,,,,0
15,emtejkbt,5d09edb73d40080001655677,0,52,52,post_exp,FinalForProlific,2026-01-12 13:12:41.689463,1,,,110.33,15,,0.0,,treatment,,0.0,9,1,,,training,10.0,5.0,[],1,10.9465251116429,1,0.0,0.0,0.0,,1,461q1n1d,,,,,0
16,9mnmq71z,58bb48b71c81f300014468a3,0,52,52,post_exp,FinalForProlific,2026-01-12 13:18:33.245847,1,,,137.52,16,,0.0,,treatment,,0.0,11,1,,,training,100.0,22.0,[],1,10.9465251116429,1,0.0,0.0,0.0,,1,461q1n1d,,,,,0
17,0epe8f6d,,0,0,52,,,,0,,,0.0,17,,0.0,,control,,0.0,4,1,,,training,,,,,,,0.0,0.0,,,1,461q1n1d,,,,,0
18,en9w510c,,0,0,52,,,,0,,,0.0,18,,0.0,,treatment,,0.0,9,1,,,training,,,,,,,0.0,0.0,,,1,461q1n1d,,,,,0
19,6qj3vys6,,0,0,52,,,,0,,,0.0,19,,0.0,,treatment,,0.0,5,1,,,training,,,,,,,0.0,0.0,,,1,461q1n1d,,,,,0
20,pqcdc1sj,,0,0,52,,,,0,,,0.0,20,,0.0,,treatment,,0.0,7,1,,,training,,,,,,,0.0,0.0,,,1,461q1n1d,,,,,0
21,s432tmda,,0,0,52,,,,0,,,0.0,21,,0.0,,control,,0.0,7,1,,,training,,,,,,,0.0,0.0,,,1,461q1n1d,,,,,0
22,yxb4ahgs,,0,0,52,,,,0,,,0.0,22,,0.0,,treatment,,0.0,9,1,,,training,,,,,,,0.0,0.0,,,1,461q1n1d,,,,,0
23,l9m4eq7c,,0,0,52,,,,0,,,0.0,23,,0.0,,treatment,,0.0,10,1,,,training,,,,,,,0.0,0.0,,,1,461q1n1d,,,,,0
24,pyy6b06u,,0,0,52,,,,0,,,0.0,24,,0.0,,treatment,,0.0,4,1,,,training,,,,,,,0.0,0.0,,,1,461q1n1d,,,,,0
25,t67bymso,,0,0,52,,,,0,,,0.0,25,,0.0,,control,,0.0,4,1,,,training,,,,,,,0.0,0.0,,,1,461q1n1d,,,,,0
26,pbnw6k1u,,0,0,52,,,,0,,,0.0,26,,0.0,,treatment,,0.0,6,1,,,training,,,,,,,0.0,0.0,,,1,461q1n1d,,,,,0
27,o8v0tu3x,,0,0,52,,,,0,,,0.0,27,,0.0,,treatment,,0.0,8,1,,,training,,,,,,,0.0,0.0,,,1,461q1n1d,,,,,0
28,uz3wphd2,,0,0,52,,,,0,,,0.0,28,,0.0,,treatment,,0.0,12,1,,,training,,,,,,,0.0,0.0,,,1,461q1n1d,,,,,0
29,d9kpy4wv,,0,0,52,,,,0,,,0.0,29,,0.0,,control,,0.0,3,1,,,training,,,,,,,0.0,0.0,,,1,461q1n1d,,,,,0
30,hn0d0oom,,0,0,52,,,,0,,,0.0,30,,0.0,,treatment,,0.0,11,1,,,training,,,,,,,0.0,0.0,,,1,461q1n1d,,,,,0
31,ppt1jtmn,,0,0,52,,,,0,,,0.0,31,,0.0,,treatment,,0.0,13,1,,,training,,,,,,,0.0,0.0,,,1,461q1n1d,,,,,0
32,zax1jttz,,0,0,52,,,,0,,,0.0,32,,0.0,,treatment,,0.0,9,1,,,training,,,,,,,0.0,0.0,,,1,461q1n1d,,,,,0
33,0yzr41vf,,0,0,52,,,,0,,,0.0,33,,0.0,,control,,0.0,14,1,,,training,,,,,,,0.0,0.0,,,1,461q1n1d,,,,,0
34,u4bx83n4,,0,0,52,,,,0,,,0.0,34,,0.0,,treatment,,0.0,10,1,,,training,,,,,,,0.0,0.0,,,1,461q1n1d,,,,,0
35,gnbv9v11,,0,0,52,,,,0,,,0.0,35,,0.0,,treatment,,0.0,13,1,,,training,,,,,,,0.0,0.0,,,1,461q1n1d,,,,,0
36,xxzedbp3,,0,0,52,,,,0,,,0.0,36,,0.0,,treatment,,0.0,13,1,,,training,,,,,,,0.0,0.0,,,1,461q1n1d,,,,,0
37,o8k3ito7,,0,0,52,,,,0,,,0.0,37,,0.0,,control,,0.0,10,1,,,training,,,,,,,0.0,0.0,,,1,461q1n1d,,,,,0
38,n8upco0z,,0,0,52,,,,0,,,0.0,38,,0.0,,treatment,,0.0,8,1,,,training,,,,,,,0.0,0.0,,,1,461q1n1d,,,,,0
39,4y37qyvy,,0,0,52,,,,0,,,0.0,39,,0.0,,treatment,,0.0,13,1,,,training,,,,,,,0.0,0.0,,,1,461q1n1d,,,,,0
40,osildy02,,0,0,52,,,,0,,,0.0,40,,0.0,,treatment,,0.0,8,1,,,training,,,,,,,0.0,0.0,,,1,461q1n1d,,,,,0
41,1lsxphst,,0,0,52,,,,0,,,0.0,41,,0.0,,control,,0.0,4,1,,,training,,,,,,,0.0,0.0,,,1,461q1n1d,,,,,0
42,3yjm3dhd,,0,0,52,,,,0,,,0.0,42,,0.0,,treatment,,0.0,5,1,,,training,,,,,,,0.0,0.0,,,1,461q1n1d,,,,,0
43,6kaioor2,,0,0,52,,,,0,,,0.0,43,,0.0,,treatment,,0.0,11,1,,,training,,,,,,,0.0,0.0,,,1,461q1n1d,,,,,0
44,9f7m3hdf,,0,0,52,,,,0,,,0.0,44,,0.0,,treatment,,0.0,14,1,,,training,,,,,,,0.0,0.0,,,1,461q1n1d,,,,,0
45,6ut27tp1,,0,0,52,,,,0,,,0.0,45,,0.0,,control,,0.0,5,1,,,training,,,,,,,0.0,0.0,,,1,461q1n1d,,,,,0
46,9yh6dlbt,,0,0,52,,,,0,,,0.0,46,,0.0,,treatment,,0.0,14,1,,,training,,,,,,,0.0,0.0,,,1,461q1n1d,,,,,0
47,219oy01u,,0,0,52,,,,0,,,0.0,47,,0.0,,treatment,,0.0,14,1,,,training,,,,,,,0.0,0.0,,,1,461q1n1d,,,,,0
48,7bpctl9o,,0,0,52,,,,0,,,0.0,48,,0.0,,treatment,,0.0,12,1,,,training,,,,,,,0.0,0.0,,,1,461q1n1d,,,,,0
49,7wvvyz5w,,0,0,52,,,,0,,,0.0,49,,0.0,,control,,0.0,12,1,,,training,,,,,,,0.0,0.0,,,1,461q1n1d,,,,,0
50,9v6740c3,,0,0,52,,,,0,,,0.0,50,,0.0,,treatment,,0.0,4,1,,,training,,,,,,,0.0,0.0,,,1,461q1n1d,,,,,0
51,ykznxeqm,,0,0,52,,,,0,,,0.0,51,,0.0,,treatment,,0.0,9,1,,,training,,,,,,,0.0,0.0,,,1,461q1n1d,,,,,0
52,73bgu8ul,,0,0,52,,,,0,,,0.0,52,,0.0,,treatment,,0.0,14,1,,,training,,,,,,,0.0,0.0,,,1,461q1n1d,,,,,0
53,ewaeg9gm,,0,0,52,,,,0,,,0.0,53,,0.0,,control,,0.0,5,1,,,training,,,,,,,0.0,0.0,,,1,461q1n1d,,,,,0
54,nidpofue,,0,0,52,,,,0,,,0.0,54,,0.0,,treatment,,0.0,3,1,,,training,,,,,,,0.0,0.0,,,1,461q1n1d,,,,,0
55,7zgkvvwf,,0,0,52,,,,0,,,0.0,55,,0.0,,treatment,,0.0,13,1,,,training,,,,,,,0.0,0.0,,,1,461q1n1d,,,,,0
56,pqoodroh,,0,0,52,,,,0,,,0.0,56,,0.0,,treatment,,0.0,3,1,,,training,,,,,,,0.0,0.0,,,1,461q1n1d,,,,,0
57,tkbqtsrd,,0,0,52,,,,0,,,0.0,57,,0.0,,control,,0.0,10,1,,,training,,,,,,,0.0,0.0,,,1,461q1n1d,,,,,0
58,dt9odxsr,,0,0,52,,,,0,,,0.0,58,,0.0,,treatment,,0.0,8,1,,,training,,,,,,,0.0,0.0,,,1,461q1n1d,,,,,0
59,3ujy8kbo,,0,0,52,,,,0,,,0.0,59,,0.0,,treatment,,0.0,9,1,,,training,,,,,,,0.0,0.0,,,1,461q1n1d,,,,,0
60,p4to1yx5,,0,0,52,,,,0,,,0.0,60,,0.0,,treatment,,0.0,11,1,,,training,,,,,,,0.0,0.0,,,1,461q1n1d,,,,,0
61,x909whia,,0,0,52,,,,0,,,0.0,61,,0.0,,control,,0.0,13,1,,,training,,,,,,,0.0,0.0,,,1,461q1n1d,,,,,0
62,v5adyj4t,,0,0,52,,,,0,,,0.0,62,,0.0,,treatment,,0.0,7,1,,,training,,,,,,,0.0,0.0,,,1,461q1n1d,,,,,0
63,bnc4t5dr,,0,0,52,,,,0,,,0.0,63,,0.0,,treatment,,0.0,14,1,,,training,,,,,,,0.0,0.0,,,1,461q1n1d,,,,,0
64,ajj007nu,,0,0,52,,,,0,,,0.0,64,,0.0,,treatment,,0.0,13,1,,,training,,,,,,,0.0,0.0,,,1,461q1n1d,,,,,0
65,crll0mwy,,0,0,52,,,,0,,,0.0,65,,0.0,,control,,0.0,3,1,,,training,,,,,,,0.0,0.0,,,1,461q1n1d,,,,,0
66,8iqnj1ut,,0,0,52,,,,0,,,0.0,66,,0.0,,treatment,,0.0,4,1,,,training,,,,,,,0.0,0.0,,,1,461q1n1d,,,,,0
67,w60r8k13,,0,0,52,,,,0,,,0.0,67,,0.0,,treatment,,0.0,10,1,,,training,,,,,,,0.0,0.0,,,1,461q1n1d,,,,,0
68,i2sgh938,,0,0,52,,,,0,,,0.0,68,,0.0,,treatment,,0.0,9,1,,,training,,,,,,,0.0,0.0,,,1,461q1n1d,,,,,0
69,588ci7nv,,0,0,52,,,,0,,,0.0,69,,0.0,,control,,0.0,10,1,,,training,,,,,,,0.0,0.0,,,1,461q1n1d,,,,,0
70,bjo1kx0v,,0,0,52,,,,0,,,0.0,70,,0.0,,treatment,,0.0,6,1,,,training,,,,,,,0.0,0.0,,,1,461q1n1d,,,,,0
71,2zmqkvp4,,0,0,52,,,,0,,,0.0,71,,0.0,,treatment,,0.0,11,1,,,training,,,,,,,0.0,0.0,,,1,461q1n1d,,,,,0
72,470tfviy,,0,0,52,,,,0,,,0.0,72,,0.0,,treatment,,0.0,8,1,,,training,,,,,,,0.0,0.0,,,1,461q1n1d,,,,,0
73,9gyvu00x,,0,0,52,,,,0,,,0.0,73,,0.0,,control,,0.0,14,1,,,training,,,,,,,0.0,0.0,,,1,461q1n1d,,,,,0
74,z4p83vub,,0,0,52,,,,0,,,0.0,74,,0.0,,treatment,,0.0,4,1,,,training,,,,,,,0.0,0.0,,,1,461q1n1d,,,,,0
75,3jhsgk0s,,0,0,52,,,,0,,,0.0,75,,0.0,,treatment,,0.0,14,1,,,training,,,,,,,0.0,0.0,,,1,461q1n1d,,,,,0
76,s78wc8yk,,0,0,52,,,,0,,,0.0,76,,0.0,,treatment,,0.0,7,1,,,training,,,,,,,0.0,0.0,,,1,461q1n1d,,,,,0
77,2p2sv4bn,,0,0,52,,,,0,,,0.0,77,,0.0,,control,,0.0,13,1,,,training,,,,,,,0.0,0.0,,,1,461q1n1d,,,,,0
78,p5dyvl2a,,0,0,52,,,,0,,,0.0,78,,0.0,,treatment,,0.0,8,1,,,training,,,,,,,0.0,0.0,,,1,461q1n1d,,,,,0
79,ctfq4lm0,,0,0,52,,,,0,,,0.0,79,,0.0,,treatment,,0.0,8,1,,,training,,,,,,,0.0,0.0,,,1,461q1n1d,,,,,0
80,52mc9nne,,0,0,52,,,,0,,,0.0,80,,0.0,,treatment,,0.0,3,1,,,training,,,,,,,0.0,0.0,,,1,461q1n1d,,,,,0
81,1rm81xpy,,0,0,52,,,,0,,,0.0,81,,0.0,,control,,0.0,3,1,,,training,,,,,,,0.0,0.0,,,1,461q1n1d,,,,,0
82,ne25do2k,,0,0,52,,,,0,,,0.0,82,,0.0,,treatment,,0.0,6,1,,,training,,,,,,,0.0,0.0,,,1,461q1n1d,,,,,0
83,blep05xv,,0,0,52,,,,0,,,0.0,83,,0.0,,treatment,,0.0,12,1,,,training,,,,,,,0.0,0.0,,,1,461q1n1d,,,,,0
84,r67ble2p,,0,0,52,,,,0,,,0.0,84,,0.0,,treatment,,0.0,8,1,,,training,,,,,,,0.0,0.0,,,1,461q1n1d,,,,,0
85,umkd4k3b,,0,0,52,,,,0,,,0.0,85,,0.0,,control,,0.0,13,1,,,training,,,,,,,0.0,0.0,,,1,461q1n1d,,,,,0
86,kede2j6z,,0,0,52,,,,0,,,0.0,86,,0.0,,treatment,,0.0,10,1,,,training,,,,,,,0.0,0.0,,,1,461q1n1d,,,,,0
87,bj34gpv1,,0,0,52,,,,0,,,0.0,87,,0.0,,treatment,,0.0,7,1,,,training,,,,,,,0.0,0.0,,,1,461q1n1d,,,,,0
88,ol4sgoqx,,0,0,52,,,,0,,,0.0,88,,0.0,,treatment,,0.0,3,1,,,training,,,,,,,0.0,0.0,,,1,461q1n1d,,,,,0
89,ds2lqftx,,0,0,52,,,,0,,,0.0,89,,0.0,,control,,0.0,5,1,,,training,,,,,,,0.0,0.0,,,1,461q1n1d,,,,,0
90,2gekyf0t,,0,0,52,,,,0,,,0.0,90,,0.0,,treatment,,0.0,4,1,,,training,,,,,,,0.0,0.0,,,1,461q1n1d,,,,,0
91,6pr9qwd4,,0,0,52,,,,0,,,0.0,91,,0.0,,treatment,,0.0,5,1,,,training,,,,,,,0.0,0.0,,,1,461q1n1d,,,,,0
92,ssgz07b8,,0,0,52,,,,0,,,0.0,92,,0.0,,treatment,,0.0,5,1,,,training,,,,,,,0.0,0.0,,,1,461q1n1d,,,,,0
93,409pvrmu,,0,0,52,,,,0,,,0.0,93,,0.0,,control,,0.0,6,1,,,training,,,,,,,0.0,0.0,,,1,461q1n1d,,,,,0
94,4fh17kc2,,0,0,52,,,,0,,,0.0,94,,0.0,,treatment,,0.0,5,1,,,training,,,,,,,0.0,0.0,,,1,461q1n1d,,,,,0
95,xfzk1x8d,,0,0,52,,,,0,,,0.0,95,,0.0,,treatment,,0.0,11,1,,,training,,,,,,,0.0,0.0,,,1,461q1n1d,,,,,0
96,1a5qzoql,,0,0,52,,,,0,,,0.0,96,,0.0,,treatment,,0.0,3,1,,,training,,,,,,,0.0,0.0,,,1,461q1n1d,,,,,0
97,3x36m0rt,,0,0,52,,,,0,,,0.0,97,,0.0,,control,,0.0,10,1,,,training,,,,,,,0.0,0.0,,,1,461q1n1d,,,,,0
98,wtzczkzr,,0,0,52,,,,0,,,0.0,98,,0.0,,treatment,,0.0,9,1,,,training,,,,,,,0.0,0.0,,,1,461q1n1d,,,,,0
99,plebsarm,,0,0,52,,,,0,,,0.0,99,,0.0,,treatment,,0.0,12,1,,,training,,,,,,,0.0,0.0,,,1,461q1n1d,,,,,0
100,hthnd810,,0,0,52,,,,0,,,0.0,100,,0.0,,treatment,,0.0,12,1,,,training,,,,,,,0.0,0.0,,,1,461q1n1d,,,,,0
1,6wt574tn,668a6f07c623b9b9500b962f,0,3,52,intro,comprehensionQuestions,2026-01-12 11:58:17.222049,1,,,0.0,1,,0.0,,control,,0.0,11,1,,,free_data,,,,,,,0.0,0.0,,,0,461q1n1d,,,,,0
2,msi911c4,5f8ece6117db5206eafc8b73,0,52,52,post_exp,FinalForProlific,2026-01-12 12:08:06.099778,1,,,109.78,2,,108.98,,treatment,,0.0,4,1,1,,paid_data,80.0,15.0,[],1,16.2241467682678,0,108.98,0.0,108.98,,0,461q1n1d,,,,,0
3,ybu7wgc0,62a0de11fe1eb0f5e7a97389,0,52,52,post_exp,FinalForProlific,2026-01-12 12:42:59.794356,1,,,110.74,3,,97.81,,treatment,,0.0,6,1,1,,paid_data,5.0,2.0,[],0,16.2241467682678,0,96.81,1.0,97.81,,0,461q1n1d,,,,,0
4,t2whvuhh,5f2f03deec679e2cf4a992e6,0,52,52,post_exp,FinalForProlific,2026-01-12 12:43:17.998797,1,,,112.35,4,,103.49,,treatment,,0.0,9,1,1,,paid_data,40.0,19.5,[],0,16.2241467682678,0,102.49,1.0,103.49,,0,461q1n1d,,,,,0
5,9olw9405,5ecae23b40dae00008174c32,0,52,52,post_exp,FinalForProlific,2026-01-12 12:45:31.992880,1,,,118.42,5,,110.73,,control,,0.0,14,1,,,free_data,60.0,18.0,[],0,16.2241467682678,0,109.73,1.0,110.73,,0,461q1n1d,,,,,0
6,p9t04pw0,5ea159434ac916016387488e,0,52,52,post_exp,FinalForProlific,2026-01-12 12:46:57.010699,1,,,105.89,6,,99.24,,treatment,,0.0,6,1,1,,paid_data,20.0,5.0,[],1,16.2241467682678,0,99.24,0.0,99.24,,0,461q1n1d,,,,,0
7,ccodk2rc,63d7f3f795d4674597d533a1,0,52,52,post_exp,FinalForProlific,2026-01-12 12:49:25.762528,1,,,118.07,7,,98.62,,treatment,,0.0,9,1,1,,paid_data,10.0,10.0,[],0,16.2241467682678,0,97.62,1.0,98.62,,0,461q1n1d,,,,,0
8,samrpio0,5ec79cbd44972a1fceed2719,0,52,52,post_exp,FinalForProlific,2026-01-12 12:51:01.062574,1,,,119.3,8,,109.17,,treatment,,0.0,6,1,1,,paid_data,75.0,10.0,[],0,16.2241467682678,0,108.17,1.0,109.17,,0,461q1n1d,,,,,0
9,iwejo55l,66c20b634a3b292d25596fbc,0,3,52,intro,comprehensionQuestions,2026-01-12 12:55:05.751367,1,,,0.0,9,,0.0,,control,,0.0,13,1,,,free_data,,,,,,,0.0,0.0,,,0,461q1n1d,,,,,0
10,j5394dae,60fd14512de6e8dab5242343,0,52,52,post_exp,FinalForProlific,2026-01-12 12:57:07.288139,1,,,115.87,10,,103.49,,treatment,,0.0,8,1,1,,paid_data,40.0,15.0,"[{""type"":""window-blur"",""detail"":{},""ts"":""2026-01-12T13:06:28.596Z""},{""type"":""visibilitychange"",""detail"":{""state"":""hidden""},""ts"":""2026-01-12T13:06:28.905Z""},{""type"":""visibilitychange"",""detail"":{""state"":""visible""},""ts"":""2026-01-12T13:06:38.883Z""},{""type"":""window-focus"",""detail"":{},""ts"":""2026-01-12T13:06:38.902Z""},{""type"":""window-blur"",""detail"":{},""ts"":""2026-01-12T13:06:40.194Z""},{""type"":""visibilitychange"",""detail"":{""state"":""hidden""},""ts"":""2026-01-12T13:06:40.695Z""},{""type"":""visibilitychange"",""detail"":{""state"":""visible""},""ts"":""2026-01-12T13:06:57.542Z""},{""type"":""window-focus"",""detail"":{},""ts"":""2026-01-12T13:06:57.562Z""}]",0,16.2241467682678,0,102.49,1.0,103.49,,0,461q1n1d,,,,,0
11,i597wq6a,67eff0475e43d9a5390ff55e,0,52,52,post_exp,FinalForProlific,2026-01-12 12:57:25.610637,1,,,126.66,11,,107.36,,treatment,,0.0,11,1,1,,paid_data,70.0,45.0,[],1,16.2241467682678,0,107.36,0.0,107.36,,0,461q1n1d,,,,,0
12,ul2kc8gp,6661c9ae13d2c1b196d73a43,0,14,52,main,DataFeeDecision,2026-01-12 13:01:59.306032,1,,,111.58,12,,111.58,,treatment,,0.0,13,1,1,,paid_data,96.0,25.0,[],1,16.2241467682678,0,111.58,0.0,111.58,,0,461q1n1d,,,,,0
13,sgflujhv,63d3fc9de67e1179cdf0d080,0,3,52,intro,comprehensionQuestions,2026-01-12 13:04:09.707872,1,,,0.0,13,,0.0,,control,,0.0,11,1,,,free_data,,,,,,,0.0,0.0,,,0,461q1n1d,,,,,0
14,cfpzesdf,66f69dcc061074dacb886b52,0,52,52,post_exp,FinalForProlific,2026-01-12 13:06:55.036073,1,,,109.41,14,,101.62,,treatment,,0.0,11,0,0,,paid_data,10.0,-5.0,[],,16.2241467682678,0,101.62,0.0,101.62,,0,461q1n1d,,,,,0
15,emtejkbt,5d09edb73d40080001655677,0,52,52,post_exp,FinalForProlific,2026-01-12 13:12:41.689463,1,,,110.33,15,,111.58,,treatment,,0.0,9,1,1,,paid_data,96.0,10.0,[],1,16.2241467682678,0,111.58,0.0,111.58,,0,461q1n1d,,,,,0
16,9mnmq71z,58bb48b71c81f300014468a3,0,52,52,post_exp,FinalForProlific,2026-01-12 13:18:33.245847,1,,,137.52,16,,112.58,,treatment,,0.0,11,1,1,,paid_data,96.0,17.0,[],1,16.2241467682678,0,111.58,1.0,112.58,,0,461q1n1d,,,,,0
17,0epe8f6d,,0,0,52,,,,0,,,0.0,17,,0.0,,control,,0.0,4,1,,,free_data,,,,,,,0.0,0.0,,,0,461q1n1d,,,,,0
18,en9w510c,,0,0,52,,,,0,,,0.0,18,,0.0,,treatment,,0.0,9,0,,,paid_data,,,,,,,0.0,0.0,,,0,461q1n1d,,,,,0
19,6qj3vys6,,0,0,52,,,,0,,,0.0,19,,0.0,,treatment,,0.0,5,0,,,paid_data,,,,,,,0.0,0.0,,,0,461q1n1d,,,,,0
20,pqcdc1sj,,0,0,52,,,,0,,,0.0,20,,0.0,,treatment,,0.0,7,0,,,paid_data,,,,,,,0.0,0.0,,,0,461q1n1d,,,,,0
21,s432tmda,,0,0,52,,,,0,,,0.0,21,,0.0,,control,,0.0,7,1,,,free_data,,,,,,,0.0,0.0,,,0,461q1n1d,,,,,0
22,yxb4ahgs,,0,0,52,,,,0,,,0.0,22,,0.0,,treatment,,0.0,9,0,,,paid_data,,,,,,,0.0,0.0,,,0,461q1n1d,,,,,0
23,l9m4eq7c,,0,0,52,,,,0,,,0.0,23,,0.0,,treatment,,0.0,10,0,,,paid_data,,,,,,,0.0,0.0,,,0,461q1n1d,,,,,0
24,pyy6b06u,,0,0,52,,,,0,,,0.0,24,,0.0,,treatment,,0.0,4,0,,,paid_data,,,,,,,0.0,0.0,,,0,461q1n1d,,,,,0
25,t67bymso,,0,0,52,,,,0,,,0.0,25,,0.0,,control,,0.0,4,1,,,free_data,,,,,,,0.0,0.0,,,0,461q1n1d,,,,,0
26,pbnw6k1u,,0,0,52,,,,0,,,0.0,26,,0.0,,treatment,,0.0,6,0,,,paid_data,,,,,,,0.0,0.0,,,0,461q1n1d,,,,,0
27,o8v0tu3x,,0,0,52,,,,0,,,0.0,27,,0.0,,treatment,,0.0,8,0,,,paid_data,,,,,,,0.0,0.0,,,0,461q1n1d,,,,,0
28,uz3wphd2,,0,0,52,,,,0,,,0.0,28,,0.0,,treatment,,0.0,12,0,,,paid_data,,,,,,,0.0,0.0,,,0,461q1n1d,,,,,0
29,d9kpy4wv,,0,0,52,,,,0,,,0.0,29,,0.0,,control,,0.0,3,1,,,free_data,,,,,,,0.0,0.0,,,0,461q1n1d,,,,,0
30,hn0d0oom,,0,0,52,,,,0,,,0.0,30,,0.0,,treatment,,0.0,11,0,,,paid_data,,,,,,,0.0,0.0,,,0,461q1n1d,,,,,0
31,ppt1jtmn,,0,0,52,,,,0,,,0.0,31,,0.0,,treatment,,0.0,13,0,,,paid_data,,,,,,,0.0,0.0,,,0,461q1n1d,,,,,0
32,zax1jttz,,0,0,52,,,,0,,,0.0,32,,0.0,,treatment,,0.0,9,0,,,paid_data,,,,,,,0.0,0.0,,,0,461q1n1d,,,,,0
33,0yzr41vf,,0,0,52,,,,0,,,0.0,33,,0.0,,control,,0.0,14,1,,,free_data,,,,,,,0.0,0.0,,,0,461q1n1d,,,,,0
34,u4bx83n4,,0,0,52,,,,0,,,0.0,34,,0.0,,treatment,,0.0,10,0,,,paid_data,,,,,,,0.0,0.0,,,0,461q1n1d,,,,,0
35,gnbv9v11,,0,0,52,,,,0,,,0.0,35,,0.0,,treatment,,0.0,13,0,,,paid_data,,,,,,,0.0,0.0,,,0,461q1n1d,,,,,0
36,xxzedbp3,,0,0,52,,,,0,,,0.0,36,,0.0,,treatment,,0.0,13,0,,,paid_data,,,,,,,0.0,0.0,,,0,461q1n1d,,,,,0
37,o8k3ito7,,0,0,52,,,,0,,,0.0,37,,0.0,,control,,0.0,10,1,,,free_data,,,,,,,0.0,0.0,,,0,461q1n1d,,,,,0
38,n8upco0z,,0,0,52,,,,0,,,0.0,38,,0.0,,treatment,,0.0,8,0,,,paid_data,,,,,,,0.0,0.0,,,0,461q1n1d,,,,,0
39,4y37qyvy,,0,0,52,,,,0,,,0.0,39,,0.0,,treatment,,0.0,13,0,,,paid_data,,,,,,,0.0,0.0,,,0,461q1n1d,,,,,0
40,osildy02,,0,0,52,,,,0,,,0.0,40,,0.0,,treatment,,0.0,8,0,,,paid_data,,,,,,,0.0,0.0,,,0,461q1n1d,,,,,0
41,1lsxphst,,0,0,52,,,,0,,,0.0,41,,0.0,,control,,0.0,4,1,,,free_data,,,,,,,0.0,0.0,,,0,461q1n1d,,,,,0
42,3yjm3dhd,,0,0,52,,,,0,,,0.0,42,,0.0,,treatment,,0.0,5,0,,,paid_data,,,,,,,0.0,0.0,,,0,461q1n1d,,,,,0
43,6kaioor2,,0,0,52,,,,0,,,0.0,43,,0.0,,treatment,,0.0,11,0,,,paid_data,,,,,,,0.0,0.0,,,0,461q1n1d,,,,,0
44,9f7m3hdf,,0,0,52,,,,0,,,0.0,44,,0.0,,treatment,,0.0,14,0,,,paid_data,,,,,,,0.0,0.0,,,0,461q1n1d,,,,,0
45,6ut27tp1,,0,0,52,,,,0,,,0.0,45,,0.0,,control,,0.0,5,1,,,free_data,,,,,,,0.0,0.0,,,0,461q1n1d,,,,,0
46,9yh6dlbt,,0,0,52,,,,0,,,0.0,46,,0.0,,treatment,,0.0,14,0,,,paid_data,,,,,,,0.0,0.0,,,0,461q1n1d,,,,,0
47,219oy01u,,0,0,52,,,,0,,,0.0,47,,0.0,,treatment,,0.0,14,0,,,paid_data,,,,,,,0.0,0.0,,,0,461q1n1d,,,,,0
48,7bpctl9o,,0,0,52,,,,0,,,0.0,48,,0.0,,treatment,,0.0,12,0,,,paid_data,,,,,,,0.0,0.0,,,0,461q1n1d,,,,,0
49,7wvvyz5w,,0,0,52,,,,0,,,0.0,49,,0.0,,control,,0.0,12,1,,,free_data,,,,,,,0.0,0.0,,,0,461q1n1d,,,,,0
50,9v6740c3,,0,0,52,,,,0,,,0.0,50,,0.0,,treatment,,0.0,4,0,,,paid_data,,,,,,,0.0,0.0,,,0,461q1n1d,,,,,0
51,ykznxeqm,,0,0,52,,,,0,,,0.0,51,,0.0,,treatment,,0.0,9,0,,,paid_data,,,,,,,0.0,0.0,,,0,461q1n1d,,,,,0
52,73bgu8ul,,0,0,52,,,,0,,,0.0,52,,0.0,,treatment,,0.0,14,0,,,paid_data,,,,,,,0.0,0.0,,,0,461q1n1d,,,,,0
53,ewaeg9gm,,0,0,52,,,,0,,,0.0,53,,0.0,,control,,0.0,5,1,,,free_data,,,,,,,0.0,0.0,,,0,461q1n1d,,,,,0
54,nidpofue,,0,0,52,,,,0,,,0.0,54,,0.0,,treatment,,0.0,3,0,,,paid_data,,,,,,,0.0,0.0,,,0,461q1n1d,,,,,0
55,7zgkvvwf,,0,0,52,,,,0,,,0.0,55,,0.0,,treatment,,0.0,13,0,,,paid_data,,,,,,,0.0,0.0,,,0,461q1n1d,,,,,0
56,pqoodroh,,0,0,52,,,,0,,,0.0,56,,0.0,,treatment,,0.0,3,0,,,paid_data,,,,,,,0.0,0.0,,,0,461q1n1d,,,,,0
57,tkbqtsrd,,0,0,52,,,,0,,,0.0,57,,0.0,,control,,0.0,10,1,,,free_data,,,,,,,0.0,0.0,,,0,461q1n1d,,,,,0
58,dt9odxsr,,0,0,52,,,,0,,,0.0,58,,0.0,,treatment,,0.0,8,0,,,paid_data,,,,,,,0.0,0.0,,,0,461q1n1d,,,,,0
59,3ujy8kbo,,0,0,52,,,,0,,,0.0,59,,0.0,,treatment,,0.0,9,0,,,paid_data,,,,,,,0.0,0.0,,,0,461q1n1d,,,,,0
60,p4to1yx5,,0,0,52,,,,0,,,0.0,60,,0.0,,treatment,,0.0,11,0,,,paid_data,,,,,,,0.0,0.0,,,0,461q1n1d,,,,,0
61,x909whia,,0,0,52,,,,0,,,0.0,61,,0.0,,control,,0.0,13,1,,,free_data,,,,,,,0.0,0.0,,,0,461q1n1d,,,,,0
62,v5adyj4t,,0,0,52,,,,0,,,0.0,62,,0.0,,treatment,,0.0,7,0,,,paid_data,,,,,,,0.0,0.0,,,0,461q1n1d,,,,,0
63,bnc4t5dr,,0,0,52,,,,0,,,0.0,63,,0.0,,treatment,,0.0,14,0,,,paid_data,,,,,,,0.0,0.0,,,0,461q1n1d,,,,,0
64,ajj007nu,,0,0,52,,,,0,,,0.0,64,,0.0,,treatment,,0.0,13,0,,,paid_data,,,,,,,0.0,0.0,,,0,461q1n1d,,,,,0
65,crll0mwy,,0,0,52,,,,0,,,0.0,65,,0.0,,control,,0.0,3,1,,,free_data,,,,,,,0.0,0.0,,,0,461q1n1d,,,,,0
66,8iqnj1ut,,0,0,52,,,,0,,,0.0,66,,0.0,,treatment,,0.0,4,0,,,paid_data,,,,,,,0.0,0.0,,,0,461q1n1d,,,,,0
67,w60r8k13,,0,0,52,,,,0,,,0.0,67,,0.0,,treatment,,0.0,10,0,,,paid_data,,,,,,,0.0,0.0,,,0,461q1n1d,,,,,0
68,i2sgh938,,0,0,52,,,,0,,,0.0,68,,0.0,,treatment,,0.0,9,0,,,paid_data,,,,,,,0.0,0.0,,,0,461q1n1d,,,,,0
69,588ci7nv,,0,0,52,,,,0,,,0.0,69,,0.0,,control,,0.0,10,1,,,free_data,,,,,,,0.0,0.0,,,0,461q1n1d,,,,,0
70,bjo1kx0v,,0,0,52,,,,0,,,0.0,70,,0.0,,treatment,,0.0,6,0,,,paid_data,,,,,,,0.0,0.0,,,0,461q1n1d,,,,,0
71,2zmqkvp4,,0,0,52,,,,0,,,0.0,71,,0.0,,treatment,,0.0,11,0,,,paid_data,,,,,,,0.0,0.0,,,0,461q1n1d,,,,,0
72,470tfviy,,0,0,52,,,,0,,,0.0,72,,0.0,,treatment,,0.0,8,0,,,paid_data,,,,,,,0.0,0.0,,,0,461q1n1d,,,,,0
73,9gyvu00x,,0,0,52,,,,0,,,0.0,73,,0.0,,control,,0.0,14,1,,,free_data,,,,,,,0.0,0.0,,,0,461q1n1d,,,,,0
74,z4p83vub,,0,0,52,,,,0,,,0.0,74,,0.0,,treatment,,0.0,4,0,,,paid_data,,,,,,,0.0,0.0,,,0,461q1n1d,,,,,0
75,3jhsgk0s,,0,0,52,,,,0,,,0.0,75,,0.0,,treatment,,0.0,14,0,,,paid_data,,,,,,,0.0,0.0,,,0,461q1n1d,,,,,0
76,s78wc8yk,,0,0,52,,,,0,,,0.0,76,,0.0,,treatment,,0.0,7,0,,,paid_data,,,,,,,0.0,0.0,,,0,461q1n1d,,,,,0
77,2p2sv4bn,,0,0,52,,,,0,,,0.0,77,,0.0,,control,,0.0,13,1,,,free_data,,,,,,,0.0,0.0,,,0,461q1n1d,,,,,0
78,p5dyvl2a,,0,0,52,,,,0,,,0.0,78,,0.0,,treatment,,0.0,8,0,,,paid_data,,,,,,,0.0,0.0,,,0,461q1n1d,,,,,0
79,ctfq4lm0,,0,0,52,,,,0,,,0.0,79,,0.0,,treatment,,0.0,8,0,,,paid_data,,,,,,,0.0,0.0,,,0,461q1n1d,,,,,0
80,52mc9nne,,0,0,52,,,,0,,,0.0,80,,0.0,,treatment,,0.0,3,0,,,paid_data,,,,,,,0.0,0.0,,,0,461q1n1d,,,,,0
81,1rm81xpy,,0,0,52,,,,0,,,0.0,81,,0.0,,control,,0.0,3,1,,,free_data,,,,,,,0.0,0.0,,,0,461q1n1d,,,,,0
82,ne25do2k,,0,0,52,,,,0,,,0.0,82,,0.0,,treatment,,0.0,6,0,,,paid_data,,,,,,,0.0,0.0,,,0,461q1n1d,,,,,0
83,blep05xv,,0,0,52,,,,0,,,0.0,83,,0.0,,treatment,,0.0,12,0,,,paid_data,,,,,,,0.0,0.0,,,0,461q1n1d,,,,,0
84,r67ble2p,,0,0,52,,,,0,,,0.0,84,,0.0,,treatment,,0.0,8,0,,,paid_data,,,,,,,0.0,0.0,,,0,461q1n1d,,,,,0
85,umkd4k3b,,0,0,52,,,,0,,,0.0,85,,0.0,,control,,0.0,13,1,,,free_data,,,,,,,0.0,0.0,,,0,461q1n1d,,,,,0
86,kede2j6z,,0,0,52,,,,0,,,0.0,86,,0.0,,treatment,,0.0,10,0,,,paid_data,,,,,,,0.0,0.0,,,0,461q1n1d,,,,,0
87,bj34gpv1,,0,0,52,,,,0,,,0.0,87,,0.0,,treatment,,0.0,7,0,,,paid_data,,,,,,,0.0,0.0,,,0,461q1n1d,,,,,0
88,ol4sgoqx,,0,0,52,,,,0,,,0.0,88,,0.0,,treatment,,0.0,3,0,,,paid_data,,,,,,,0.0,0.0,,,0,461q1n1d,,,,,0
89,ds2lqftx,,0,0,52,,,,0,,,0.0,89,,0.0,,control,,0.0,5,1,,,free_data,,,,,,,0.0,0.0,,,0,461q1n1d,,,,,0
90,2gekyf0t,,0,0,52,,,,0,,,0.0,90,,0.0,,treatment,,0.0,4,0,,,paid_data,,,,,,,0.0,0.0,,,0,461q1n1d,,,,,0
91,6pr9qwd4,,0,0,52,,,,0,,,0.0,91,,0.0,,treatment,,0.0,5,0,,,paid_data,,,,,,,0.0,0.0,,,0,461q1n1d,,,,,0
92,ssgz07b8,,0,0,52,,,,0,,,0.0,92,,0.0,,treatment,,0.0,5,0,,,paid_data,,,,,,,0.0,0.0,,,0,461q1n1d,,,,,0
93,409pvrmu,,0,0,52,,,,0,,,0.0,93,,0.0,,control,,0.0,6,1,,,free_data,,,,,,,0.0,0.0,,,0,461q1n1d,,,,,0
94,4fh17kc2,,0,0,52,,,,0,,,0.0,94,,0.0,,treatment,,0.0,5,0,,,paid_data,,,,,,,0.0,0.0,,,0,461q1n1d,,,,,0
95,xfzk1x8d,,0,0,52,,,,0,,,0.0,95,,0.0,,treatment,,0.0,11,0,,,paid_data,,,,,,,0.0,0.0,,,0,461q1n1d,,,,,0
96,1a5qzoql,,0,0,52,,,,0,,,0.0,96,,0.0,,treatment,,0.0,3,0,,,paid_data,,,,,,,0.0,0.0,,,0,461q1n1d,,,,,0
97,3x36m0rt,,0,0,52,,,,0,,,0.0,97,,0.0,,control,,0.0,10,1,,,free_data,,,,,,,0.0,0.0,,,0,461q1n1d,,,,,0
98,wtzczkzr,,0,0,52,,,,0,,,0.0,98,,0.0,,treatment,,0.0,9,0,,,paid_data,,,,,,,0.0,0.0,,,0,461q1n1d,,,,,0
99,plebsarm,,0,0,52,,,,0,,,0.0,99,,0.0,,treatment,,0.0,12,0,,,paid_data,,,,,,,0.0,0.0,,,0,461q1n1d,,,,,0
100,hthnd810,,0,0,52,,,,0,,,0.0,100,,0.0,,treatment,,0.0,12,0,,,paid_data,,,,,,,0.0,0.0,,,0,461q1n1d,,,,,0
1,6wt574tn,668a6f07c623b9b9500b962f,0,3,52,intro,comprehensionQuestions,2026-01-12 11:58:17.222049,1,,,0.0,1,,0.0,,control,,0.0,11,1,,,free_data,,,,,,,0.0,0.0,,,0,461q1n1d,,,,,0
2,msi911c4,5f8ece6117db5206eafc8b73,0,52,52,post_exp,FinalForProlific,2026-01-12 12:08:06.099778,1,,,109.78,2,,100.43,,treatment,,0.0,4,1,1,,free_data,20.0,0.0,[],0,-2.86297242693207,0,99.43,1.0,100.43,,0,461q1n1d,,,,,0
3,ybu7wgc0,62a0de11fe1eb0f5e7a97389,0,52,52,post_exp,FinalForProlific,2026-01-12 12:42:59.794356,1,,,110.74,3,,99.57,,treatment,,0.0,6,1,0,,free_data,50.0,15.0,[],0,-2.86297242693207,0,98.57,2.0,99.57,,0,461q1n1d,,,,,0
4,t2whvuhh,5f2f03deec679e2cf4a992e6,0,52,52,post_exp,FinalForProlific,2026-01-12 12:43:17.998797,1,,,112.35,4,,100.57,,treatment,,0.0,9,1,1,,free_data,15.0,11.0,[],0,-2.86297242693207,0,99.57,2.0,100.57,,0,461q1n1d,,,,,0
5,9olw9405,5ecae23b40dae00008174c32,0,52,52,post_exp,FinalForProlific,2026-01-12 12:45:31.992880,1,,,118.42,5,,100.14,,control,,0.0,14,1,,,free_data,30.0,19.0,[],0,-2.86297242693207,0,99.14,2.0,100.14,,0,461q1n1d,,,,,0
6,p9t04pw0,5ea159434ac916016387488e,0,52,52,post_exp,FinalForProlific,2026-01-12 12:46:57.010699,1,,,105.89,6,,99.28,,treatment,,0.0,6,1,0,,free_data,25.0,10.0,[],1,-2.86297242693207,0,99.28,0.0,99.28,,0,461q1n1d,,,,,0
7,ccodk2rc,63d7f3f795d4674597d533a1,0,52,52,post_exp,FinalForProlific,2026-01-12 12:49:25.762528,1,,,118.07,7,,100.43,,treatment,,0.0,9,1,1,,free_data,20.0,15.0,[],0,-2.86297242693207,0,99.43,2.0,100.43,,0,461q1n1d,,,,,0
8,samrpio0,5ec79cbd44972a1fceed2719,0,52,52,post_exp,FinalForProlific,2026-01-12 12:51:01.062574,1,,,119.3,8,,98.57,,treatment,,0.0,6,1,1,,free_data,50.0,16.0,[],1,-2.86297242693207,0,98.57,1.0,98.57,,0,461q1n1d,,,,,0
9,iwejo55l,66c20b634a3b292d25596fbc,0,3,52,intro,comprehensionQuestions,2026-01-12 12:55:05.751367,1,,,0.0,9,,0.0,,control,,0.0,13,1,,,free_data,,,,,,,0.0,0.0,,,0,461q1n1d,,,,,0
10,j5394dae,60fd14512de6e8dab5242343,0,52,52,post_exp,FinalForProlific,2026-01-12 12:57:07.288139,1,,,115.87,10,,99.43,,treatment,,0.0,8,1,0,,free_data,20.0,25.0,"[{""type"":""window-blur"",""detail"":{},""ts"":""2026-01-12T13:07:45.426Z""},{""type"":""visibilitychange"",""detail"":{""state"":""hidden""},""ts"":""2026-01-12T13:07:45.808Z""},{""type"":""visibilitychange"",""detail"":{""state"":""visible""},""ts"":""2026-01-12T13:08:32.292Z""},{""type"":""window-focus"",""detail"":{},""ts"":""2026-01-12T13:08:32.311Z""}]",1,-2.86297242693207,0,99.43,1.0,99.43,,0,461q1n1d,,,,,0
11,i597wq6a,67eff0475e43d9a5390ff55e,0,52,52,post_exp,FinalForProlific,2026-01-12 12:57:25.610637,1,,,126.66,11,,97.14,,treatment,,0.0,11,1,0,,free_data,100.0,16.0,[],1,-2.86297242693207,0,97.14,0.0,97.14,,0,461q1n1d,,,,,0
12,ul2kc8gp,6661c9ae13d2c1b196d73a43,0,14,52,main,DataFeeDecision,2026-01-12 13:01:59.306032,1,,,111.58,12,,0.0,,treatment,,0.0,13,1,,,free_data,,,,,,,0.0,0.0,,,0,461q1n1d,,,,,0
13,sgflujhv,63d3fc9de67e1179cdf0d080,0,3,52,intro,comprehensionQuestions,2026-01-12 13:04:09.707872,1,,,0.0,13,,0.0,,control,,0.0,11,1,,,free_data,,,,,,,0.0,0.0,,,0,461q1n1d,,,,,0
14,cfpzesdf,66f69dcc061074dacb886b52,0,52,52,post_exp,FinalForProlific,2026-01-12 13:06:55.036073,1,,,109.41,14,,98.57,,treatment,,0.0,11,1,0,,free_data,50.0,35.0,[],1,-2.86297242693207,0,98.57,0.0,98.57,,0,461q1n1d,,,,,0
15,emtejkbt,5d09edb73d40080001655677,0,52,52,post_exp,FinalForProlific,2026-01-12 13:12:41.689463,1,,,110.33,15,,98.57,,treatment,,0.0,9,1,1,,free_data,50.0,5.0,[],1,-2.86297242693207,0,98.57,0.0,98.57,,0,461q1n1d,,,,,0
16,9mnmq71z,58bb48b71c81f300014468a3,0,52,52,post_exp,FinalForProlific,2026-01-12 13:18:33.245847,1,,,137.52,16,,98.14,,treatment,,0.0,11,1,1,,free_data,100.0,19.0,[],0,-2.86297242693207,0,97.14,2.0,98.14,,0,461q1n1d,,,,,0
17,0epe8f6d,,0,0,52,,,,0,,,0.0,17,,0.0,,control,,0.0,4,1,,,free_data,,,,,,,0.0,0.0,,,0,461q1n1d,,,,,0
18,en9w510c,,0,0,52,,,,0,,,0.0,18,,0.0,,treatment,,0.0,9,1,,,free_data,,,,,,,0.0,0.0,,,0,461q1n1d,,,,,0
19,6qj3vys6,,0,0,52,,,,0,,,0.0,19,,0.0,,treatment,,0.0,5,1,,,free_data,,,,,,,0.0,0.0,,,0,461q1n1d,,,,,0
20,pqcdc1sj,,0,0,52,,,,0,,,0.0,20,,0.0,,treatment,,0.0,7,1,,,free_data,,,,,,,0.0,0.0,,,0,461q1n1d,,,,,0
21,s432tmda,,0,0,52,,,,0,,,0.0,21,,0.0,,control,,0.0,7,1,,,free_data,,,,,,,0.0,0.0,,,0,461q1n1d,,,,,0
22,yxb4ahgs,,0,0,52,,,,0,,,0.0,22,,0.0,,treatment,,0.0,9,1,,,free_data,,,,,,,0.0,0.0,,,0,461q1n1d,,,,,0
23,l9m4eq7c,,0,0,52,,,,0,,,0.0,23,,0.0,,treatment,,0.0,10,1,,,free_data,,,,,,,0.0,0.0,,,0,461q1n1d,,,,,0
24,pyy6b06u,,0,0,52,,,,0,,,0.0,24,,0.0,,treatment,,0.0,4,1,,,free_data,,,,,,,0.0,0.0,,,0,461q1n1d,,,,,0
25,t67bymso,,0,0,52,,,,0,,,0.0,25,,0.0,,control,,0.0,4,1,,,free_data,,,,,,,0.0,0.0,,,0,461q1n1d,,,,,0
26,pbnw6k1u,,0,0,52,,,,0,,,0.0,26,,0.0,,treatment,,0.0,6,1,,,free_data,,,,,,,0.0,0.0,,,0,461q1n1d,,,,,0
27,o8v0tu3x,,0,0,52,,,,0,,,0.0,27,,0.0,,treatment,,0.0,8,1,,,free_data,,,,,,,0.0,0.0,,,0,461q1n1d,,,,,0
28,uz3wphd2,,0,0,52,,,,0,,,0.0,28,,0.0,,treatment,,0.0,12,1,,,free_data,,,,,,,0.0,0.0,,,0,461q1n1d,,,,,0
29,d9kpy4wv,,0,0,52,,,,0,,,0.0,29,,0.0,,control,,0.0,3,1,,,free_data,,,,,,,0.0,0.0,,,0,461q1n1d,,,,,0
30,hn0d0oom,,0,0,52,,,,0,,,0.0,30,,0.0,,treatment,,0.0,11,1,,,free_data,,,,,,,0.0,0.0,,,0,461q1n1d,,,,,0
31,ppt1jtmn,,0,0,52,,,,0,,,0.0,31,,0.0,,treatment,,0.0,13,1,,,free_data,,,,,,,0.0,0.0,,,0,461q1n1d,,,,,0
32,zax1jttz,,0,0,52,,,,0,,,0.0,32,,0.0,,treatment,,0.0,9,1,,,free_data,,,,,,,0.0,0.0,,,0,461q1n1d,,,,,0
33,0yzr41vf,,0,0,52,,,,0,,,0.0,33,,0.0,,control,,0.0,14,1,,,free_data,,,,,,,0.0,0.0,,,0,461q1n1d,,,,,0
34,u4bx83n4,,0,0,52,,,,0,,,0.0,34,,0.0,,treatment,,0.0,10,1,,,free_data,,,,,,,0.0,0.0,,,0,461q1n1d,,,,,0
35,gnbv9v11,,0,0,52,,,,0,,,0.0,35,,0.0,,treatment,,0.0,13,1,,,free_data,,,,,,,0.0,0.0,,,0,461q1n1d,,,,,0
36,xxzedbp3,,0,0,52,,,,0,,,0.0,36,,0.0,,treatment,,0.0,13,1,,,free_data,,,,,,,0.0,0.0,,,0,461q1n1d,,,,,0
37,o8k3ito7,,0,0,52,,,,0,,,0.0,37,,0.0,,control,,0.0,10,1,,,free_data,,,,,,,0.0,0.0,,,0,461q1n1d,,,,,0
38,n8upco0z,,0,0,52,,,,0,,,0.0,38,,0.0,,treatment,,0.0,8,1,,,free_data,,,,,,,0.0,0.0,,,0,461q1n1d,,,,,0
39,4y37qyvy,,0,0,52,,,,0,,,0.0,39,,0.0,,treatment,,0.0,13,1,,,free_data,,,,,,,0.0,0.0,,,0,461q1n1d,,,,,0
40,osildy02,,0,0,52,,,,0,,,0.0,40,,0.0,,treatment,,0.0,8,1,,,free_data,,,,,,,0.0,0.0,,,0,461q1n1d,,,,,0
41,1lsxphst,,0,0,52,,,,0,,,0.0,41,,0.0,,control,,0.0,4,1,,,free_data,,,,,,,0.0,0.0,,,0,461q1n1d,,,,,0
42,3yjm3dhd,,0,0,52,,,,0,,,0.0,42,,0.0,,treatment,,0.0,5,1,,,free_data,,,,,,,0.0,0.0,,,0,461q1n1d,,,,,0
43,6kaioor2,,0,0,52,,,,0,,,0.0,43,,0.0,,treatment,,0.0,11,1,,,free_data,,,,,,,0.0,0.0,,,0,461q1n1d,,,,,0
44,9f7m3hdf,,0,0,52,,,,0,,,0.0,44,,0.0,,treatment,,0.0,14,1,,,free_data,,,,,,,0.0,0.0,,,0,461q1n1d,,,,,0
45,6ut27tp1,,0,0,52,,,,0,,,0.0,45,,0.0,,control,,0.0,5,1,,,free_data,,,,,,,0.0,0.0,,,0,461q1n1d,,,,,0
46,9yh6dlbt,,0,0,52,,,,0,,,0.0,46,,0.0,,treatment,,0.0,14,1,,,free_data,,,,,,,0.0,0.0,,,0,461q1n1d,,,,,0
47,219oy01u,,0,0,52,,,,0,,,0.0,47,,0.0,,treatment,,0.0,14,1,,,free_data,,,,,,,0.0,0.0,,,0,461q1n1d,,,,,0
48,7bpctl9o,,0,0,52,,,,0,,,0.0,48,,0.0,,treatment,,0.0,12,1,,,free_data,,,,,,,0.0,0.0,,,0,461q1n1d,,,,,0
49,7wvvyz5w,,0,0,52,,,,0,,,0.0,49,,0.0,,control,,0.0,12,1,,,free_data,,,,,,,0.0,0.0,,,0,461q1n1d,,,,,0
50,9v6740c3,,0,0,52,,,,0,,,0.0,50,,0.0,,treatment,,0.0,4,1,,,free_data,,,,,,,0.0,0.0,,,0,461q1n1d,,,,,0
51,ykznxeqm,,0,0,52,,,,0,,,0.0,51,,0.0,,treatment,,0.0,9,1,,,free_data,,,,,,,0.0,0.0,,,0,461q1n1d,,,,,0
52,73bgu8ul,,0,0,52,,,,0,,,0.0,52,,0.0,,treatment,,0.0,14,1,,,free_data,,,,,,,0.0,0.0,,,0,461q1n1d,,,,,0
53,ewaeg9gm,,0,0,52,,,,0,,,0.0,53,,0.0,,control,,0.0,5,1,,,free_data,,,,,,,0.0,0.0,,,0,461q1n1d,,,,,0
54,nidpofue,,0,0,52,,,,0,,,0.0,54,,0.0,,treatment,,0.0,3,1,,,free_data,,,,,,,0.0,0.0,,,0,461q1n1d,,,,,0
55,7zgkvvwf,,0,0,52,,,,0,,,0.0,55,,0.0,,treatment,,0.0,13,1,,,free_data,,,,,,,0.0,0.0,,,0,461q1n1d,,,,,0
56,pqoodroh,,0,0,52,,,,0,,,0.0,56,,0.0,,treatment,,0.0,3,1,,,free_data,,,,,,,0.0,0.0,,,0,461q1n1d,,,,,0
57,tkbqtsrd,,0,0,52,,,,0,,,0.0,57,,0.0,,control,,0.0,10,1,,,free_data,,,,,,,0.0,0.0,,,0,461q1n1d,,,,,0
58,dt9odxsr,,0,0,52,,,,0,,,0.0,58,,0.0,,treatment,,0.0,8,1,,,free_data,,,,,,,0.0,0.0,,,0,461q1n1d,,,,,0
59,3ujy8kbo,,0,0,52,,,,0,,,0.0,59,,0.0,,treatment,,0.0,9,1,,,free_data,,,,,,,0.0,0.0,,,0,461q1n1d,,,,,0
60,p4to1yx5,,0,0,52,,,,0,,,0.0,60,,0.0,,treatment,,0.0,11,1,,,free_data,,,,,,,0.0,0.0,,,0,461q1n1d,,,,,0
61,x909whia,,0,0,52,,,,0,,,0.0,61,,0.0,,control,,0.0,13,1,,,free_data,,,,,,,0.0,0.0,,,0,461q1n1d,,,,,0
62,v5adyj4t,,0,0,52,,,,0,,,0.0,62,,0.0,,treatment,,0.0,7,1,,,free_data,,,,,,,0.0,0.0,,,0,461q1n1d,,,,,0
63,bnc4t5dr,,0,0,52,,,,0,,,0.0,63,,0.0,,treatment,,0.0,14,1,,,free_data,,,,,,,0.0,0.0,,,0,461q1n1d,,,,,0
64,ajj007nu,,0,0,52,,,,0,,,0.0,64,,0.0,,treatment,,0.0,13,1,,,free_data,,,,,,,0.0,0.0,,,0,461q1n1d,,,,,0
65,crll0mwy,,0,0,52,,,,0,,,0.0,65,,0.0,,control,,0.0,3,1,,,free_data,,,,,,,0.0,0.0,,,0,461q1n1d,,,,,0
66,8iqnj1ut,,0,0,52,,,,0,,,0.0,66,,0.0,,treatment,,0.0,4,1,,,free_data,,,,,,,0.0,0.0,,,0,461q1n1d,,,,,0
67,w60r8k13,,0,0,52,,,,0,,,0.0,67,,0.0,,treatment,,0.0,10,1,,,free_data,,,,,,,0.0,0.0,,,0,461q1n1d,,,,,0
68,i2sgh938,,0,0,52,,,,0,,,0.0,68,,0.0,,treatment,,0.0,9,1,,,free_data,,,,,,,0.0,0.0,,,0,461q1n1d,,,,,0
69,588ci7nv,,0,0,52,,,,0,,,0.0,69,,0.0,,control,,0.0,10,1,,,free_data,,,,,,,0.0,0.0,,,0,461q1n1d,,,,,0
70,bjo1kx0v,,0,0,52,,,,0,,,0.0,70,,0.0,,treatment,,0.0,6,1,,,free_data,,,,,,,0.0,0.0,,,0,461q1n1d,,,,,0
71,2zmqkvp4,,0,0,52,,,,0,,,0.0,71,,0.0,,treatment,,0.0,11,1,,,free_data,,,,,,,0.0,0.0,,,0,461q1n1d,,,,,0
72,470tfviy,,0,0,52,,,,0,,,0.0,72,,0.0,,treatment,,0.0,8,1,,,free_data,,,,,,,0.0,0.0,,,0,461q1n1d,,,,,0
73,9gyvu00x,,0,0,52,,,,0,,,0.0,73,,0.0,,control,,0.0,14,1,,,free_data,,,,,,,0.0,0.0,,,0,461q1n1d,,,,,0
74,z4p83vub,,0,0,52,,,,0,,,0.0,74,,0.0,,treatment,,0.0,4,1,,,free_data,,,,,,,0.0,0.0,,,0,461q1n1d,,,,,0
75,3jhsgk0s,,0,0,52,,,,0,,,0.0,75,,0.0,,treatment,,0.0,14,1,,,free_data,,,,,,,0.0,0.0,,,0,461q1n1d,,,,,0
76,s78wc8yk,,0,0,52,,,,0,,,0.0,76,,0.0,,treatment,,0.0,7,1,,,free_data,,,,,,,0.0,0.0,,,0,461q1n1d,,,,,0
77,2p2sv4bn,,0,0,52,,,,0,,,0.0,77,,0.0,,control,,0.0,13,1,,,free_data,,,,,,,0.0,0.0,,,0,461q1n1d,,,,,0
78,p5dyvl2a,,0,0,52,,,,0,,,0.0,78,,0.0,,treatment,,0.0,8,1,,,free_data,,,,,,,0.0,0.0,,,0,461q1n1d,,,,,0
79,ctfq4lm0,,0,0,52,,,,0,,,0.0,79,,0.0,,treatment,,0.0,8,1,,,free_data,,,,,,,0.0,0.0,,,0,461q1n1d,,,,,0
80,52mc9nne,,0,0,52,,,,0,,,0.0,80,,0.0,,treatment,,0.0,3,1,,,free_data,,,,,,,0.0,0.0,,,0,461q1n1d,,,,,0
81,1rm81xpy,,0,0,52,,,,0,,,0.0,81,,0.0,,control,,0.0,3,1,,,free_data,,,,,,,0.0,0.0,,,0,461q1n1d,,,,,0
82,ne25do2k,,0,0,52,,,,0,,,0.0,82,,0.0,,treatment,,0.0,6,1,,,free_data,,,,,,,0.0,0.0,,,0,461q1n1d,,,,,0
83,blep05xv,,0,0,52,,,,0,,,0.0,83,,0.0,,treatment,,0.0,12,1,,,free_data,,,,,,,0.0,0.0,,,0,461q1n1d,,,,,0
84,r67ble2p,,0,0,52,,,,0,,,0.0,84,,0.0,,treatment,,0.0,8,1,,,free_data,,,,,,,0.0,0.0,,,0,461q1n1d,,,,,0
85,umkd4k3b,,0,0,52,,,,0,,,0.0,85,,0.0,,control,,0.0,13,1,,,free_data,,,,,,,0.0,0.0,,,0,461q1n1d,,,,,0
86,kede2j6z,,0,0,52,,,,0,,,0.0,86,,0.0,,treatment,,0.0,10,1,,,free_data,,,,,,,0.0,0.0,,,0,461q1n1d,,,,,0
87,bj34gpv1,,0,0,52,,,,0,,,0.0,87,,0.0,,treatment,,0.0,7,1,,,free_data,,,,,,,0.0,0.0,,,0,461q1n1d,,,,,0
88,ol4sgoqx,,0,0,52,,,,0,,,0.0,88,,0.0,,treatment,,0.0,3,1,,,free_data,,,,,,,0.0,0.0,,,0,461q1n1d,,,,,0
89,ds2lqftx,,0,0,52,,,,0,,,0.0,89,,0.0,,control,,0.0,5,1,,,free_data,,,,,,,0.0,0.0,,,0,461q1n1d,,,,,0
90,2gekyf0t,,0,0,52,,,,0,,,0.0,90,,0.0,,treatment,,0.0,4,1,,,free_data,,,,,,,0.0,0.0,,,0,461q1n1d,,,,,0
91,6pr9qwd4,,0,0,52,,,,0,,,0.0,91,,0.0,,treatment,,0.0,5,1,,,free_data,,,,,,,0.0,0.0,,,0,461q1n1d,,,,,0
92,ssgz07b8,,0,0,52,,,,0,,,0.0,92,,0.0,,treatment,,0.0,5,1,,,free_data,,,,,,,0.0,0.0,,,0,461q1n1d,,,,,0
93,409pvrmu,,0,0,52,,,,0,,,0.0,93,,0.0,,control,,0.0,6,1,,,free_data,,,,,,,0.0,0.0,,,0,461q1n1d,,,,,0
94,4fh17kc2,,0,0,52,,,,0,,,0.0,94,,0.0,,treatment,,0.0,5,1,,,free_data,,,,,,,0.0,0.0,,,0,461q1n1d,,,,,0
95,xfzk1x8d,,0,0,52,,,,0,,,0.0,95,,0.0,,treatment,,0.0,11,1,,,free_data,,,,,,,0.0,0.0,,,0,461q1n1d,,,,,0
96,1a5qzoql,,0,0,52,,,,0,,,0.0,96,,0.0,,treatment,,0.0,3,1,,,free_data,,,,,,,0.0,0.0,,,0,461q1n1d,,,,,0
97,3x36m0rt,,0,0,52,,,,0,,,0.0,97,,0.0,,control,,0.0,10,1,,,free_data,,,,,,,0.0,0.0,,,0,461q1n1d,,,,,0
98,wtzczkzr,,0,0,52,,,,0,,,0.0,98,,0.0,,treatment,,0.0,9,1,,,free_data,,,,,,,0.0,0.0,,,0,461q1n1d,,,,,0
99,plebsarm,,0,0,52,,,,0,,,0.0,99,,0.0,,treatment,,0.0,12,1,,,free_data,,,,,,,0.0,0.0,,,0,461q1n1d,,,,,0
100,hthnd810,,0,0,52,,,,0,,,0.0,100,,0.0,,treatment,,0.0,12,1,,,free_data,,,,,,,0.0,0.0,,,0,461q1n1d,,,,,0
1,6wt574tn,668a6f07c623b9b9500b962f,0,3,52,intro,comprehensionQuestions,2026-01-12 11:58:17.222049,1,,,0.0,1,,0.0,,control,,0.0,11,1,,,free_data,,,,,,,0.0,0.0,,,0,461q1n1d,,,,,0
2,msi911c4,5f8ece6117db5206eafc8b73,0,52,52,post_exp,FinalForProlific,2026-01-12 12:08:06.099778,1,,,109.78,2,,102.95,,treatment,,0.0,4,1,1,,paid_data,50.0,22.0,[],1,11.8936778560018,1,101.95,2.0,102.95,,0,461q1n1d,,,,,0
3,ybu7wgc0,62a0de11fe1eb0f5e7a97389,0,52,52,post_exp,FinalForProlific,2026-01-12 12:42:59.794356,1,,,110.74,3,,109.42,,treatment,,0.0,6,1,1,,paid_data,96.0,12.0,[],1,11.8936778560018,1,107.42,4.0,109.42,,0,461q1n1d,,,,,0
4,t2whvuhh,5f2f03deec679e2cf4a992e6,0,52,52,post_exp,FinalForProlific,2026-01-12 12:43:17.998797,1,,,112.35,4,,97.0,,treatment,,0.0,9,1,1,,paid_data,0.0,-5.0,[],1,11.8936778560018,1,96.0,3.0,97.0,,0,461q1n1d,,,,,0
5,9olw9405,5ecae23b40dae00008174c32,0,52,52,post_exp,FinalForProlific,2026-01-12 12:45:31.992880,1,,,118.42,5,,110.51,,control,,0.0,14,1,,,free_data,80.0,16.5,[],1,11.8936778560018,1,109.51,3.0,110.51,,0,461q1n1d,,,,,0
6,p9t04pw0,5ea159434ac916016387488e,0,52,52,post_exp,FinalForProlific,2026-01-12 12:46:57.010699,1,,,105.89,6,,100.59,,treatment,,0.0,6,0,0,,paid_data,5.0,1.0,[],,11.8936778560018,1,100.59,0.0,100.59,,0,461q1n1d,,,,,0
7,ccodk2rc,63d7f3f795d4674597d533a1,0,52,52,post_exp,FinalForProlific,2026-01-12 12:49:25.762528,1,,,118.07,7,,100.45,,treatment,,0.0,9,1,1,,paid_data,29.0,10.0,[],1,11.8936778560018,1,99.45,3.0,100.45,,0,461q1n1d,,,,,0
8,samrpio0,5ec79cbd44972a1fceed2719,0,52,52,post_exp,FinalForProlific,2026-01-12 12:51:01.062574,1,,,119.3,8,,106.51,,treatment,,0.0,6,1,1,,paid_data,80.0,-8.0,[],1,11.8936778560018,1,105.51,2.0,106.51,,0,461q1n1d,,,,,0
9,iwejo55l,66c20b634a3b292d25596fbc,0,3,52,intro,comprehensionQuestions,2026-01-12 12:55:05.751367,1,,,0.0,9,,0.0,,control,,0.0,13,1,,,free_data,,,,,,,0.0,0.0,,,0,461q1n1d,,,,,0
10,j5394dae,60fd14512de6e8dab5242343,0,52,52,post_exp,FinalForProlific,2026-01-12 12:57:07.288139,1,,,115.87,10,,101.19,,treatment,,0.0,8,0,0,,paid_data,10.0,5.0,[],,11.8936778560018,1,101.19,1.0,101.19,,0,461q1n1d,,,,,0
11,i597wq6a,67eff0475e43d9a5390ff55e,0,52,52,post_exp,FinalForProlific,2026-01-12 12:57:25.610637,1,,,126.66,11,,106.7,,treatment,,0.0,11,1,1,,paid_data,90.0,34.0,[],0,11.8936778560018,1,106.7,0.0,106.7,,0,461q1n1d,,,,,0
12,ul2kc8gp,6661c9ae13d2c1b196d73a43,0,14,52,main,DataFeeDecision,2026-01-12 13:01:59.306032,1,,,111.58,12,,0.0,,treatment,,0.0,13,0,,,paid_data,,,,,,,0.0,0.0,,,0,461q1n1d,,,,,0
13,sgflujhv,63d3fc9de67e1179cdf0d080,0,3,52,intro,comprehensionQuestions,2026-01-12 13:04:09.707872,1,,,0.0,13,,0.0,,control,,0.0,11,1,,,free_data,,,,,,,0.0,0.0,,,0,461q1n1d,,,,,0
14,cfpzesdf,66f69dcc061074dacb886b52,0,52,52,post_exp,FinalForProlific,2026-01-12 13:06:55.036073,1,,,109.41,14,,105.95,,treatment,,0.0,11,0,0,,paid_data,50.0,20.0,[],,11.8936778560018,1,105.95,0.0,105.95,,0,461q1n1d,,,,,0
15,emtejkbt,5d09edb73d40080001655677,0,52,52,post_exp,FinalForProlific,2026-01-12 13:12:41.689463,1,,,110.33,15,,102.95,,treatment,,0.0,9,1,1,,paid_data,50.0,15.0,[],1,11.8936778560018,1,101.95,1.0,102.95,,0,461q1n1d,,,,,0
16,9mnmq71z,58bb48b71c81f300014468a3,0,52,52,post_exp,FinalForProlific,2026-01-12 13:18:33.245847,1,,,137.52,16,,108.42,,treatment,,0.0,11,1,1,,paid_data,96.0,15.0,[],1,11.8936778560018,1,107.42,3.0,108.42,,0,461q1n1d,,,,,0
17,0epe8f6d,,0,0,52,,,,0,,,0.0,17,,0.0,,control,,0.0,4,1,,,free_data,,,,,,,0.0,0.0,,,0,461q1n1d,,,,,0
18,en9w510c,,0,0,52,,,,0,,,0.0,18,,0.0,,treatment,,0.0,9,0,,,paid_data,,,,,,,0.0,0.0,,,0,461q1n1d,,,,,0
19,6qj3vys6,,0,0,52,,,,0,,,0.0,19,,0.0,,treatment,,0.0,5,0,,,paid_data,,,,,,,0.0,0.0,,,0,461q1n1d,,,,,0
20,pqcdc1sj,,0,0,52,,,,0,,,0.0,20,,0.0,,treatment,,0.0,7,0,,,paid_data,,,,,,,0.0,0.0,,,0,461q1n1d,,,,,0
21,s432tmda,,0,0,52,,,,0,,,0.0,21,,0.0,,control,,0.0,7,1,,,free_data,,,,,,,0.0,0.0,,,0,461q1n1d,,,,,0
22,yxb4ahgs,,0,0,52,,,,0,,,0.0,22,,0.0,,treatment,,0.0,9,0,,,paid_data,,,,,,,0.0,0.0,,,0,461q1n1d,,,,,0
23,l9m4eq7c,,0,0,52,,,,0,,,0.0,23,,0.0,,treatment,,0.0,10,0,,,paid_data,,,,,,,0.0,0.0,,,0,461q1n1d,,,,,0
24,pyy6b06u,,0,0,52,,,,0,,,0.0,24,,0.0,,treatment,,0.0,4,0,,,paid_data,,,,,,,0.0,0.0,,,0,461q1n1d,,,,,0
25,t67bymso,,0,0,52,,,,0,,,0.0,25,,0.0,,control,,0.0,4,1,,,free_data,,,,,,,0.0,0.0,,,0,461q1n1d,,,,,0
26,pbnw6k1u,,0,0,52,,,,0,,,0.0,26,,0.0,,treatment,,0.0,6,0,,,paid_data,,,,,,,0.0,0.0,,,0,461q1n1d,,,,,0
27,o8v0tu3x,,0,0,52,,,,0,,,0.0,27,,0.0,,treatment,,0.0,8,0,,,paid_data,,,,,,,0.0,0.0,,,0,461q1n1d,,,,,0
28,uz3wphd2,,0,0,52,,,,0,,,0.0,28,,0.0,,treatment,,0.0,12,0,,,paid_data,,,,,,,0.0,0.0,,,0,461q1n1d,,,,,0
29,d9kpy4wv,,0,0,52,,,,0,,,0.0,29,,0.0,,control,,0.0,3,1,,,free_data,,,,,,,0.0,0.0,,,0,461q1n1d,,,,,0
30,hn0d0oom,,0,0,52,,,,0,,,0.0,30,,0.0,,treatment,,0.0,11,0,,,paid_data,,,,,,,0.0,0.0,,,0,461q1n1d,,,,,0
31,ppt1jtmn,,0,0,52,,,,0,,,0.0,31,,0.0,,treatment,,0.0,13,0,,,paid_data,,,,,,,0.0,0.0,,,0,461q1n1d,,,,,0
32,zax1jttz,,0,0,52,,,,0,,,0.0,32,,0.0,,treatment,,0.0,9,0,,,paid_data,,,,,,,0.0,0.0,,,0,461q1n1d,,,,,0
33,0yzr41vf,,0,0,52,,,,0,,,0.0,33,,0.0,,control,,0.0,14,1,,,free_data,,,,,,,0.0,0.0,,,0,461q1n1d,,,,,0
34,u4bx83n4,,0,0,52,,,,0,,,0.0,34,,0.0,,treatment,,0.0,10,0,,,paid_data,,,,,,,0.0,0.0,,,0,461q1n1d,,,,,0
35,gnbv9v11,,0,0,52,,,,0,,,0.0,35,,0.0,,treatment,,0.0,13,0,,,paid_data,,,,,,,0.0,0.0,,,0,461q1n1d,,,,,0
36,xxzedbp3,,0,0,52,,,,0,,,0.0,36,,0.0,,treatment,,0.0,13,0,,,paid_data,,,,,,,0.0,0.0,,,0,461q1n1d,,,,,0
37,o8k3ito7,,0,0,52,,,,0,,,0.0,37,,0.0,,control,,0.0,10,1,,,free_data,,,,,,,0.0,0.0,,,0,461q1n1d,,,,,0
38,n8upco0z,,0,0,52,,,,0,,,0.0,38,,0.0,,treatment,,0.0,8,0,,,paid_data,,,,,,,0.0,0.0,,,0,461q1n1d,,,,,0
39,4y37qyvy,,0,0,52,,,,0,,,0.0,39,,0.0,,treatment,,0.0,13,0,,,paid_data,,,,,,,0.0,0.0,,,0,461q1n1d,,,,,0
40,osildy02,,0,0,52,,,,0,,,0.0,40,,0.0,,treatment,,0.0,8,0,,,paid_data,,,,,,,0.0,0.0,,,0,461q1n1d,,,,,0
41,1lsxphst,,0,0,52,,,,0,,,0.0,41,,0.0,,control,,0.0,4,1,,,free_data,,,,,,,0.0,0.0,,,0,461q1n1d,,,,,0
42,3yjm3dhd,,0,0,52,,,,0,,,0.0,42,,0.0,,treatment,,0.0,5,0,,,paid_data,,,,,,,0.0,0.0,,,0,461q1n1d,,,,,0
43,6kaioor2,,0,0,52,,,,0,,,0.0,43,,0.0,,treatment,,0.0,11,0,,,paid_data,,,,,,,0.0,0.0,,,0,461q1n1d,,,,,0
44,9f7m3hdf,,0,0,52,,,,0,,,0.0,44,,0.0,,treatment,,0.0,14,0,,,paid_data,,,,,,,0.0,0.0,,,0,461q1n1d,,,,,0
45,6ut27tp1,,0,0,52,,,,0,,,0.0,45,,0.0,,control,,0.0,5,1,,,free_data,,,,,,,0.0,0.0,,,0,461q1n1d,,,,,0
46,9yh6dlbt,,0,0,52,,,,0,,,0.0,46,,0.0,,treatment,,0.0,14,0,,,paid_data,,,,,,,0.0,0.0,,,0,461q1n1d,,,,,0
47,219oy01u,,0,0,52,,,,0,,,0.0,47,,0.0,,treatment,,0.0,14,0,,,paid_data,,,,,,,0.0,0.0,,,0,461q1n1d,,,,,0
48,7bpctl9o,,0,0,52,,,,0,,,0.0,48,,0.0,,treatment,,0.0,12,0,,,paid_data,,,,,,,0.0,0.0,,,0,461q1n1d,,,,,0
49,7wvvyz5w,,0,0,52,,,,0,,,0.0,49,,0.0,,control,,0.0,12,1,,,free_data,,,,,,,0.0,0.0,,,0,461q1n1d,,,,,0
50,9v6740c3,,0,0,52,,,,0,,,0.0,50,,0.0,,treatment,,0.0,4,0,,,paid_data,,,,,,,0.0,0.0,,,0,461q1n1d,,,,,0
51,ykznxeqm,,0,0,52,,,,0,,,0.0,51,,0.0,,treatment,,0.0,9,0,,,paid_data,,,,,,,0.0,0.0,,,0,461q1n1d,,,,,0
52,73bgu8ul,,0,0,52,,,,0,,,0.0,52,,0.0,,treatment,,0.0,14,0,,,paid_data,,,,,,,0.0,0.0,,,0,461q1n1d,,,,,0
53,ewaeg9gm,,0,0,52,,,,0,,,0.0,53,,0.0,,control,,0.0,5,1,,,free_data,,,,,,,0.0,0.0,,,0,461q1n1d,,,,,0
54,nidpofue,,0,0,52,,,,0,,,0.0,54,,0.0,,treatment,,0.0,3,0,,,paid_data,,,,,,,0.0,0.0,,,0,461q1n1d,,,,,0
55,7zgkvvwf,,0,0,52,,,,0,,,0.0,55,,0.0,,treatment,,0.0,13,0,,,paid_data,,,,,,,0.0,0.0,,,0,461q1n1d,,,,,0
56,pqoodroh,,0,0,52,,,,0,,,0.0,56,,0.0,,treatment,,0.0,3,0,,,paid_data,,,,,,,0.0,0.0,,,0,461q1n1d,,,,,0
57,tkbqtsrd,,0,0,52,,,,0,,,0.0,57,,0.0,,control,,0.0,10,1,,,free_data,,,,,,,0.0,0.0,,,0,461q1n1d,,,,,0
58,dt9odxsr,,0,0,52,,,,0,,,0.0,58,,0.0,,treatment,,0.0,8,0,,,paid_data,,,,,,,0.0,0.0,,,0,461q1n1d,,,,,0
59,3ujy8kbo,,0,0,52,,,,0,,,0.0,59,,0.0,,treatment,,0.0,9,0,,,paid_data,,,,,,,0.0,0.0,,,0,461q1n1d,,,,,0
60,p4to1yx5,,0,0,52,,,,0,,,0.0,60,,0.0,,treatment,,0.0,11,0,,,paid_data,,,,,,,0.0,0.0,,,0,461q1n1d,,,,,0
61,x909whia,,0,0,52,,,,0,,,0.0,61,,0.0,,control,,0.0,13,1,,,free_data,,,,,,,0.0,0.0,,,0,461q1n1d,,,,,0
62,v5adyj4t,,0,0,52,,,,0,,,0.0,62,,0.0,,treatment,,0.0,7,0,,,paid_data,,,,,,,0.0,0.0,,,0,461q1n1d,,,,,0
63,bnc4t5dr,,0,0,52,,,,0,,,0.0,63,,0.0,,treatment,,0.0,14,0,,,paid_data,,,,,,,0.0,0.0,,,0,461q1n1d,,,,,0
64,ajj007nu,,0,0,52,,,,0,,,0.0,64,,0.0,,treatment,,0.0,13,0,,,paid_data,,,,,,,0.0,0.0,,,0,461q1n1d,,,,,0
65,crll0mwy,,0,0,52,,,,0,,,0.0,65,,0.0,,control,,0.0,3,1,,,free_data,,,,,,,0.0,0.0,,,0,461q1n1d,,,,,0
66,8iqnj1ut,,0,0,52,,,,0,,,0.0,66,,0.0,,treatment,,0.0,4,0,,,paid_data,,,,,,,0.0,0.0,,,0,461q1n1d,,,,,0
67,w60r8k13,,0,0,52,,,,0,,,0.0,67,,0.0,,treatment,,0.0,10,0,,,paid_data,,,,,,,0.0,0.0,,,0,461q1n1d,,,,,0
68,i2sgh938,,0,0,52,,,,0,,,0.0,68,,0.0,,treatment,,0.0,9,0,,,paid_data,,,,,,,0.0,0.0,,,0,461q1n1d,,,,,0
69,588ci7nv,,0,0,52,,,,0,,,0.0,69,,0.0,,control,,0.0,10,1,,,free_data,,,,,,,0.0,0.0,,,0,461q1n1d,,,,,0
70,bjo1kx0v,,0,0,52,,,,0,,,0.0,70,,0.0,,treatment,,0.0,6,0,,,paid_data,,,,,,,0.0,0.0,,,0,461q1n1d,,,,,0
71,2zmqkvp4,,0,0,52,,,,0,,,0.0,71,,0.0,,treatment,,0.0,11,0,,,paid_data,,,,,,,0.0,0.0,,,0,461q1n1d,,,,,0
72,470tfviy,,0,0,52,,,,0,,,0.0,72,,0.0,,treatment,,0.0,8,0,,,paid_data,,,,,,,0.0,0.0,,,0,461q1n1d,,,,,0
73,9gyvu00x,,0,0,52,,,,0,,,0.0,73,,0.0,,control,,0.0,14,1,,,free_data,,,,,,,0.0,0.0,,,0,461q1n1d,,,,,0
74,z4p83vub,,0,0,52,,,,0,,,0.0,74,,0.0,,treatment,,0.0,4,0,,,paid_data,,,,,,,0.0,0.0,,,0,461q1n1d,,,,,0
75,3jhsgk0s,,0,0,52,,,,0,,,0.0,75,,0.0,,treatment,,0.0,14,0,,,paid_data,,,,,,,0.0,0.0,,,0,461q1n1d,,,,,0
76,s78wc8yk,,0,0,52,,,,0,,,0.0,76,,0.0,,treatment,,0.0,7,0,,,paid_data,,,,,,,0.0,0.0,,,0,461q1n1d,,,,,0
77,2p2sv4bn,,0,0,52,,,,0,,,0.0,77,,0.0,,control,,0.0,13,1,,,free_data,,,,,,,0.0,0.0,,,0,461q1n1d,,,,,0
78,p5dyvl2a,,0,0,52,,,,0,,,0.0,78,,0.0,,treatment,,0.0,8,0,,,paid_data,,,,,,,0.0,0.0,,,0,461q1n1d,,,,,0
79,ctfq4lm0,,0,0,52,,,,0,,,0.0,79,,0.0,,treatment,,0.0,8,0,,,paid_data,,,,,,,0.0,0.0,,,0,461q1n1d,,,,,0
80,52mc9nne,,0,0,52,,,,0,,,0.0,80,,0.0,,treatment,,0.0,3,0,,,paid_data,,,,,,,0.0,0.0,,,0,461q1n1d,,,,,0
81,1rm81xpy,,0,0,52,,,,0,,,0.0,81,,0.0,,control,,0.0,3,1,,,free_data,,,,,,,0.0,0.0,,,0,461q1n1d,,,,,0
82,ne25do2k,,0,0,52,,,,0,,,0.0,82,,0.0,,treatment,,0.0,6,0,,,paid_data,,,,,,,0.0,0.0,,,0,461q1n1d,,,,,0
83,blep05xv,,0,0,52,,,,0,,,0.0,83,,0.0,,treatment,,0.0,12,0,,,paid_data,,,,,,,0.0,0.0,,,0,461q1n1d,,,,,0
84,r67ble2p,,0,0,52,,,,0,,,0.0,84,,0.0,,treatment,,0.0,8,0,,,paid_data,,,,,,,0.0,0.0,,,0,461q1n1d,,,,,0
85,umkd4k3b,,0,0,52,,,,0,,,0.0,85,,0.0,,control,,0.0,13,1,,,free_data,,,,,,,0.0,0.0,,,0,461q1n1d,,,,,0
86,kede2j6z,,0,0,52,,,,0,,,0.0,86,,0.0,,treatment,,0.0,10,0,,,paid_data,,,,,,,0.0,0.0,,,0,461q1n1d,,,,,0
87,bj34gpv1,,0,0,52,,,,0,,,0.0,87,,0.0,,treatment,,0.0,7,0,,,paid_data,,,,,,,0.0,0.0,,,0,461q1n1d,,,,,0
88,ol4sgoqx,,0,0,52,,,,0,,,0.0,88,,0.0,,treatment,,0.0,3,0,,,paid_data,,,,,,,0.0,0.0,,,0,461q1n1d,,,,,0
89,ds2lqftx,,0,0,52,,,,0,,,0.0,89,,0.0,,control,,0.0,5,1,,,free_data,,,,,,,0.0,0.0,,,0,461q1n1d,,,,,0
90,2gekyf0t,,0,0,52,,,,0,,,0.0,90,,0.0,,treatment,,0.0,4,0,,,paid_data,,,,,,,0.0,0.0,,,0,461q1n1d,,,,,0
91,6pr9qwd4,,0,0,52,,,,0,,,0.0,91,,0.0,,treatment,,0.0,5,0,,,paid_data,,,,,,,0.0,0.0,,,0,461q1n1d,,,,,0
92,ssgz07b8,,0,0,52,,,,0,,,0.0,92,,0.0,,treatment,,0.0,5,0,,,paid_data,,,,,,,0.0,0.0,,,0,461q1n1d,,,,,0
93,409pvrmu,,0,0,52,,,,0,,,0.0,93,,0.0,,control,,0.0,6,1,,,free_data,,,,,,,0.0,0.0,,,0,461q1n1d,,,,,0
94,4fh17kc2,,0,0,52,,,,0,,,0.0,94,,0.0,,treatment,,0.0,5,0,,,paid_data,,,,,,,0.0,0.0,,,0,461q1n1d,,,,,0
95,xfzk1x8d,,0,0,52,,,,0,,,0.0,95,,0.0,,treatment,,0.0,11,0,,,paid_data,,,,,,,0.0,0.0,,,0,461q1n1d,,,,,0
96,1a5qzoql,,0,0,52,,,,0,,,0.0,96,,0.0,,treatment,,0.0,3,0,,,paid_data,,,,,,,0.0,0.0,,,0,461q1n1d,,,,,0
97,3x36m0rt,,0,0,52,,,,0,,,0.0,97,,0.0,,control,,0.0,10,1,,,free_data,,,,,,,0.0,0.0,,,0,461q1n1d,,,,,0
98,wtzczkzr,,0,0,52,,,,0,,,0.0,98,,0.0,,treatment,,0.0,9,0,,,paid_data,,,,,,,0.0,0.0,,,0,461q1n1d,,,,,0
99,plebsarm,,0,0,52,,,,0,,,0.0,99,,0.0,,treatment,,0.0,12,0,,,paid_data,,,,,,,0.0,0.0,,,0,461q1n1d,,,,,0
100,hthnd810,,0,0,52,,,,0,,,0.0,100,,0.0,,treatment,,0.0,12,0,,,paid_data,,,,,,,0.0,0.0,,,0,461q1n1d,,,,,0
1,6wt574tn,668a6f07c623b9b9500b962f,0,3,52,intro,comprehensionQuestions,2026-01-12 11:58:17.222049,1,,,0.0,1,,0.0,,control,,0.0,11,1,,,free_data,,,,,,,0.0,0.0,,,0,461q1n1d,,,,,0
2,msi911c4,5f8ece6117db5206eafc8b73,0,52,52,post_exp,FinalForProlific,2026-01-12 12:08:06.099778,1,,,109.78,2,,101.54,,treatment,,0.0,4,0,0,,paid_data,20.0,5.0,[],,7.71708225676856,1,101.54,2.0,101.54,,0,461q1n1d,,,,,0
3,ybu7wgc0,62a0de11fe1eb0f5e7a97389,0,52,52,post_exp,FinalForProlific,2026-01-12 12:42:59.794356,1,,,110.74,3,,97.39,,treatment,,0.0,6,1,1,,paid_data,5.0,-19.0,[],1,7.71708225676856,1,96.39,5.0,97.39,,0,461q1n1d,,,,,0
4,t2whvuhh,5f2f03deec679e2cf4a992e6,0,52,52,post_exp,FinalForProlific,2026-01-12 12:43:17.998797,1,,,112.35,4,,96.0,,treatment,,0.0,9,1,1,,paid_data,0.0,-4.0,[],0,7.71708225676856,1,96.0,3.0,96.0,,0,461q1n1d,,,,,0
5,9olw9405,5ecae23b40dae00008174c32,0,52,52,post_exp,FinalForProlific,2026-01-12 12:45:31.992880,1,,,118.42,5,,106.79,,control,,0.0,14,1,,,free_data,75.0,-12.2,[],1,7.71708225676856,1,105.79,4.0,106.79,,0,461q1n1d,,,,,0
6,p9t04pw0,5ea159434ac916016387488e,0,52,52,post_exp,FinalForProlific,2026-01-12 12:46:57.010699,1,,,105.89,6,,97.39,,treatment,,0.0,6,1,1,,paid_data,5.0,1.0,[],1,7.71708225676856,1,96.39,1.0,97.39,,0,461q1n1d,,,,,0
7,ccodk2rc,63d7f3f795d4674597d533a1,0,52,52,post_exp,FinalForProlific,2026-01-12 12:49:25.762528,1,,,118.07,7,,97.39,,treatment,,0.0,9,1,1,,paid_data,5.0,0.0,[],1,7.71708225676856,1,96.39,4.0,97.39,,0,461q1n1d,,,,,0
8,samrpio0,5ec79cbd44972a1fceed2719,0,52,52,post_exp,FinalForProlific,2026-01-12 12:51:01.062574,1,,,119.3,8,,106.95,,treatment,,0.0,6,0,0,,paid_data,90.0,5.0,[],,7.71708225676856,1,106.95,2.0,106.95,,0,461q1n1d,,,,,0
9,iwejo55l,66c20b634a3b292d25596fbc,0,3,52,intro,comprehensionQuestions,2026-01-12 12:55:05.751367,1,,,0.0,9,,0.0,,control,,0.0,13,1,,,free_data,,,,,,,0.0,0.0,,,0,461q1n1d,,,,,0
10,j5394dae,60fd14512de6e8dab5242343,0,52,52,post_exp,FinalForProlific,2026-01-12 12:57:07.288139,1,,,115.87,10,,97.77,,treatment,,0.0,8,1,1,,paid_data,10.0,11.0,[],1,7.71708225676856,1,96.77,2.0,97.77,,0,461q1n1d,,,,,0
11,i597wq6a,67eff0475e43d9a5390ff55e,0,52,52,post_exp,FinalForProlific,2026-01-12 12:57:25.610637,1,,,126.66,11,,101.24,,treatment,,0.0,11,1,1,,paid_data,55.0,1.0,[],1,7.71708225676856,1,100.24,1.0,101.24,,0,461q1n1d,,,,,0
12,ul2kc8gp,6661c9ae13d2c1b196d73a43,0,14,52,main,DataFeeDecision,2026-01-12 13:01:59.306032,1,,,111.58,12,,0.0,,treatment,,0.0,13,0,,,paid_data,,,,,,,0.0,0.0,,,0,461q1n1d,,,,,0
13,sgflujhv,63d3fc9de67e1179cdf0d080,0,3,52,intro,comprehensionQuestions,2026-01-12 13:04:09.707872,1,,,0.0,13,,0.0,,control,,0.0,11,1,,,free_data,,,,,,,0.0,0.0,,,0,461q1n1d,,,,,0
14,cfpzesdf,66f69dcc061074dacb886b52,0,52,52,post_exp,FinalForProlific,2026-01-12 13:06:55.036073,1,,,109.41,14,,102.32,,treatment,,0.0,11,0,0,,paid_data,30.0,10.0,[],,7.71708225676856,1,102.32,0.0,102.32,,0,461q1n1d,,,,,0
15,emtejkbt,5d09edb73d40080001655677,0,52,52,post_exp,FinalForProlific,2026-01-12 13:12:41.689463,1,,,110.33,15,,104.41,,treatment,,0.0,9,1,1,,paid_data,96.0,15.0,[],1,7.71708225676856,1,103.41,2.0,104.41,,0,461q1n1d,,,,,0
16,9mnmq71z,58bb48b71c81f300014468a3,0,52,52,post_exp,FinalForProlific,2026-01-12 13:18:33.245847,1,,,137.52,16,,99.55,,treatment,,0.0,11,1,1,,paid_data,46.0,10.0,[],0,7.71708225676856,1,99.55,3.0,99.55,,0,461q1n1d,,,,,0
17,0epe8f6d,,0,0,52,,,,0,,,0.0,17,,0.0,,control,,0.0,4,1,,,free_data,,,,,,,0.0,0.0,,,0,461q1n1d,,,,,0
18,en9w510c,,0,0,52,,,,0,,,0.0,18,,0.0,,treatment,,0.0,9,0,,,paid_data,,,,,,,0.0,0.0,,,0,461q1n1d,,,,,0
19,6qj3vys6,,0,0,52,,,,0,,,0.0,19,,0.0,,treatment,,0.0,5,0,,,paid_data,,,,,,,0.0,0.0,,,0,461q1n1d,,,,,0
20,pqcdc1sj,,0,0,52,,,,0,,,0.0,20,,0.0,,treatment,,0.0,7,0,,,paid_data,,,,,,,0.0,0.0,,,0,461q1n1d,,,,,0
21,s432tmda,,0,0,52,,,,0,,,0.0,21,,0.0,,control,,0.0,7,1,,,free_data,,,,,,,0.0,0.0,,,0,461q1n1d,,,,,0
22,yxb4ahgs,,0,0,52,,,,0,,,0.0,22,,0.0,,treatment,,0.0,9,0,,,paid_data,,,,,,,0.0,0.0,,,0,461q1n1d,,,,,0
23,l9m4eq7c,,0,0,52,,,,0,,,0.0,23,,0.0,,treatment,,0.0,10,0,,,paid_data,,,,,,,0.0,0.0,,,0,461q1n1d,,,,,0
24,pyy6b06u,,0,0,52,,,,0,,,0.0,24,,0.0,,treatment,,0.0,4,0,,,paid_data,,,,,,,0.0,0.0,,,0,461q1n1d,,,,,0
25,t67bymso,,0,0,52,,,,0,,,0.0,25,,0.0,,control,,0.0,4,1,,,free_data,,,,,,,0.0,0.0,,,0,461q1n1d,,,,,0
26,pbnw6k1u,,0,0,52,,,,0,,,0.0,26,,0.0,,treatment,,0.0,6,0,,,paid_data,,,,,,,0.0,0.0,,,0,461q1n1d,,,,,0
27,o8v0tu3x,,0,0,52,,,,0,,,0.0,27,,0.0,,treatment,,0.0,8,0,,,paid_data,,,,,,,0.0,0.0,,,0,461q1n1d,,,,,0
28,uz3wphd2,,0,0,52,,,,0,,,0.0,28,,0.0,,treatment,,0.0,12,0,,,paid_data,,,,,,,0.0,0.0,,,0,461q1n1d,,,,,0
29,d9kpy4wv,,0,0,52,,,,0,,,0.0,29,,0.0,,control,,0.0,3,1,,,free_data,,,,,,,0.0,0.0,,,0,461q1n1d,,,,,0
30,hn0d0oom,,0,0,52,,,,0,,,0.0,30,,0.0,,treatment,,0.0,11,0,,,paid_data,,,,,,,0.0,0.0,,,0,461q1n1d,,,,,0
31,ppt1jtmn,,0,0,52,,,,0,,,0.0,31,,0.0,,treatment,,0.0,13,0,,,paid_data,,,,,,,0.0,0.0,,,0,461q1n1d,,,,,0
32,zax1jttz,,0,0,52,,,,0,,,0.0,32,,0.0,,treatment,,0.0,9,0,,,paid_data,,,,,,,0.0,0.0,,,0,461q1n1d,,,,,0
33,0yzr41vf,,0,0,52,,,,0,,,0.0,33,,0.0,,control,,0.0,14,1,,,free_data,,,,,,,0.0,0.0,,,0,461q1n1d,,,,,0
34,u4bx83n4,,0,0,52,,,,0,,,0.0,34,,0.0,,treatment,,0.0,10,0,,,paid_data,,,,,,,0.0,0.0,,,0,461q1n1d,,,,,0
35,gnbv9v11,,0,0,52,,,,0,,,0.0,35,,0.0,,treatment,,0.0,13,0,,,paid_data,,,,,,,0.0,0.0,,,0,461q1n1d,,,,,0
36,xxzedbp3,,0,0,52,,,,0,,,0.0,36,,0.0,,treatment,,0.0,13,0,,,paid_data,,,,,,,0.0,0.0,,,0,461q1n1d,,,,,0
37,o8k3ito7,,0,0,52,,,,0,,,0.0,37,,0.0,,control,,0.0,10,1,,,free_data,,,,,,,0.0,0.0,,,0,461q1n1d,,,,,0
38,n8upco0z,,0,0,52,,,,0,,,0.0,38,,0.0,,treatment,,0.0,8,0,,,paid_data,,,,,,,0.0,0.0,,,0,461q1n1d,,,,,0
39,4y37qyvy,,0,0,52,,,,0,,,0.0,39,,0.0,,treatment,,0.0,13,0,,,paid_data,,,,,,,0.0,0.0,,,0,461q1n1d,,,,,0
40,osildy02,,0,0,52,,,,0,,,0.0,40,,0.0,,treatment,,0.0,8,0,,,paid_data,,,,,,,0.0,0.0,,,0,461q1n1d,,,,,0
41,1lsxphst,,0,0,52,,,,0,,,0.0,41,,0.0,,control,,0.0,4,1,,,free_data,,,,,,,0.0,0.0,,,0,461q1n1d,,,,,0
42,3yjm3dhd,,0,0,52,,,,0,,,0.0,42,,0.0,,treatment,,0.0,5,0,,,paid_data,,,,,,,0.0,0.0,,,0,461q1n1d,,,,,0
43,6kaioor2,,0,0,52,,,,0,,,0.0,43,,0.0,,treatment,,0.0,11,0,,,paid_data,,,,,,,0.0,0.0,,,0,461q1n1d,,,,,0
44,9f7m3hdf,,0,0,52,,,,0,,,0.0,44,,0.0,,treatment,,0.0,14,0,,,paid_data,,,,,,,0.0,0.0,,,0,461q1n1d,,,,,0
45,6ut27tp1,,0,0,52,,,,0,,,0.0,45,,0.0,,control,,0.0,5,1,,,free_data,,,,,,,0.0,0.0,,,0,461q1n1d,,,,,0
46,9yh6dlbt,,0,0,52,,,,0,,,0.0,46,,0.0,,treatment,,0.0,14,0,,,paid_data,,,,,,,0.0,0.0,,,0,461q1n1d,,,,,0
47,219oy01u,,0,0,52,,,,0,,,0.0,47,,0.0,,treatment,,0.0,14,0,,,paid_data,,,,,,,0.0,0.0,,,0,461q1n1d,,,,,0
48,7bpctl9o,,0,0,52,,,,0,,,0.0,48,,0.0,,treatment,,0.0,12,0,,,paid_data,,,,,,,0.0,0.0,,,0,461q1n1d,,,,,0
49,7wvvyz5w,,0,0,52,,,,0,,,0.0,49,,0.0,,control,,0.0,12,1,,,free_data,,,,,,,0.0,0.0,,,0,461q1n1d,,,,,0
50,9v6740c3,,0,0,52,,,,0,,,0.0,50,,0.0,,treatment,,0.0,4,0,,,paid_data,,,,,,,0.0,0.0,,,0,461q1n1d,,,,,0
51,ykznxeqm,,0,0,52,,,,0,,,0.0,51,,0.0,,treatment,,0.0,9,0,,,paid_data,,,,,,,0.0,0.0,,,0,461q1n1d,,,,,0
52,73bgu8ul,,0,0,52,,,,0,,,0.0,52,,0.0,,treatment,,0.0,14,0,,,paid_data,,,,,,,0.0,0.0,,,0,461q1n1d,,,,,0
53,ewaeg9gm,,0,0,52,,,,0,,,0.0,53,,0.0,,control,,0.0,5,1,,,free_data,,,,,,,0.0,0.0,,,0,461q1n1d,,,,,0
54,nidpofue,,0,0,52,,,,0,,,0.0,54,,0.0,,treatment,,0.0,3,0,,,paid_data,,,,,,,0.0,0.0,,,0,461q1n1d,,,,,0
55,7zgkvvwf,,0,0,52,,,,0,,,0.0,55,,0.0,,treatment,,0.0,13,0,,,paid_data,,,,,,,0.0,0.0,,,0,461q1n1d,,,,,0
56,pqoodroh,,0,0,52,,,,0,,,0.0,56,,0.0,,treatment,,0.0,3,0,,,paid_data,,,,,,,0.0,0.0,,,0,461q1n1d,,,,,0
57,tkbqtsrd,,0,0,52,,,,0,,,0.0,57,,0.0,,control,,0.0,10,1,,,free_data,,,,,,,0.0,0.0,,,0,461q1n1d,,,,,0
58,dt9odxsr,,0,0,52,,,,0,,,0.0,58,,0.0,,treatment,,0.0,8,0,,,paid_data,,,,,,,0.0,0.0,,,0,461q1n1d,,,,,0
59,3ujy8kbo,,0,0,52,,,,0,,,0.0,59,,0.0,,treatment,,0.0,9,0,,,paid_data,,,,,,,0.0,0.0,,,0,461q1n1d,,,,,0
60,p4to1yx5,,0,0,52,,,,0,,,0.0,60,,0.0,,treatment,,0.0,11,0,,,paid_data,,,,,,,0.0,0.0,,,0,461q1n1d,,,,,0
61,x909whia,,0,0,52,,,,0,,,0.0,61,,0.0,,control,,0.0,13,1,,,free_data,,,,,,,0.0,0.0,,,0,461q1n1d,,,,,0
62,v5adyj4t,,0,0,52,,,,0,,,0.0,62,,0.0,,treatment,,0.0,7,0,,,paid_data,,,,,,,0.0,0.0,,,0,461q1n1d,,,,,0
63,bnc4t5dr,,0,0,52,,,,0,,,0.0,63,,0.0,,treatment,,0.0,14,0,,,paid_data,,,,,,,0.0,0.0,,,0,461q1n1d,,,,,0
64,ajj007nu,,0,0,52,,,,0,,,0.0,64,,0.0,,treatment,,0.0,13,0,,,paid_data,,,,,,,0.0,0.0,,,0,461q1n1d,,,,,0
65,crll0mwy,,0,0,52,,,,0,,,0.0,65,,0.0,,control,,0.0,3,1,,,free_data,,,,,,,0.0,0.0,,,0,461q1n1d,,,,,0
66,8iqnj1ut,,0,0,52,,,,0,,,0.0,66,,0.0,,treatment,,0.0,4,0,,,paid_data,,,,,,,0.0,0.0,,,0,461q1n1d,,,,,0
67,w60r8k13,,0,0,52,,,,0,,,0.0,67,,0.0,,treatment,,0.0,10,0,,,paid_data,,,,,,,0.0,0.0,,,0,461q1n1d,,,,,0
68,i2sgh938,,0,0,52,,,,0,,,0.0,68,,0.0,,treatment,,0.0,9,0,,,paid_data,,,,,,,0.0,0.0,,,0,461q1n1d,,,,,0
69,588ci7nv,,0,0,52,,,,0,,,0.0,69,,0.0,,control,,0.0,10,1,,,free_data,,,,,,,0.0,0.0,,,0,461q1n1d,,,,,0
70,bjo1kx0v,,0,0,52,,,,0,,,0.0,70,,0.0,,treatment,,0.0,6,0,,,paid_data,,,,,,,0.0,0.0,,,0,461q1n1d,,,,,0
71,2zmqkvp4,,0,0,52,,,,0,,,0.0,71,,0.0,,treatment,,0.0,11,0,,,paid_data,,,,,,,0.0,0.0,,,0,461q1n1d,,,,,0
72,470tfviy,,0,0,52,,,,0,,,0.0,72,,0.0,,treatment,,0.0,8,0,,,paid_data,,,,,,,0.0,0.0,,,0,461q1n1d,,,,,0
73,9gyvu00x,,0,0,52,,,,0,,,0.0,73,,0.0,,control,,0.0,14,1,,,free_data,,,,,,,0.0,0.0,,,0,461q1n1d,,,,,0
74,z4p83vub,,0,0,52,,,,0,,,0.0,74,,0.0,,treatment,,0.0,4,0,,,paid_data,,,,,,,0.0,0.0,,,0,461q1n1d,,,,,0
75,3jhsgk0s,,0,0,52,,,,0,,,0.0,75,,0.0,,treatment,,0.0,14,0,,,paid_data,,,,,,,0.0,0.0,,,0,461q1n1d,,,,,0
76,s78wc8yk,,0,0,52,,,,0,,,0.0,76,,0.0,,treatment,,0.0,7,0,,,paid_data,,,,,,,0.0,0.0,,,0,461q1n1d,,,,,0
77,2p2sv4bn,,0,0,52,,,,0,,,0.0,77,,0.0,,control,,0.0,13,1,,,free_data,,,,,,,0.0,0.0,,,0,461q1n1d,,,,,0
78,p5dyvl2a,,0,0,52,,,,0,,,0.0,78,,0.0,,treatment,,0.0,8,0,,,paid_data,,,,,,,0.0,0.0,,,0,461q1n1d,,,,,0
79,ctfq4lm0,,0,0,52,,,,0,,,0.0,79,,0.0,,treatment,,0.0,8,0,,,paid_data,,,,,,,0.0,0.0,,,0,461q1n1d,,,,,0
80,52mc9nne,,0,0,52,,,,0,,,0.0,80,,0.0,,treatment,,0.0,3,0,,,paid_data,,,,,,,0.0,0.0,,,0,461q1n1d,,,,,0
81,1rm81xpy,,0,0,52,,,,0,,,0.0,81,,0.0,,control,,0.0,3,1,,,free_data,,,,,,,0.0,0.0,,,0,461q1n1d,,,,,0
82,ne25do2k,,0,0,52,,,,0,,,0.0,82,,0.0,,treatment,,0.0,6,0,,,paid_data,,,,,,,0.0,0.0,,,0,461q1n1d,,,,,0
83,blep05xv,,0,0,52,,,,0,,,0.0,83,,0.0,,treatment,,0.0,12,0,,,paid_data,,,,,,,0.0,0.0,,,0,461q1n1d,,,,,0
84,r67ble2p,,0,0,52,,,,0,,,0.0,84,,0.0,,treatment,,0.0,8,0,,,paid_data,,,,,,,0.0,0.0,,,0,461q1n1d,,,,,0
85,umkd4k3b,,0,0,52,,,,0,,,0.0,85,,0.0,,control,,0.0,13,1,,,free_data,,,,,,,0.0,0.0,,,0,461q1n1d,,,,,0
86,kede2j6z,,0,0,52,,,,0,,,0.0,86,,0.0,,treatment,,0.0,10,0,,,paid_data,,,,,,,0.0,0.0,,,0,461q1n1d,,,,,0
87,bj34gpv1,,0,0,52,,,,0,,,0.0,87,,0.0,,treatment,,0.0,7,0,,,paid_data,,,,,,,0.0,0.0,,,0,461q1n1d,,,,,0
88,ol4sgoqx,,0,0,52,,,,0,,,0.0,88,,0.0,,treatment,,0.0,3,0,,,paid_data,,,,,,,0.0,0.0,,,0,461q1n1d,,,,,0
89,ds2lqftx,,0,0,52,,,,0,,,0.0,89,,0.0,,control,,0.0,5,1,,,free_data,,,,,,,0.0,0.0,,,0,461q1n1d,,,,,0
90,2gekyf0t,,0,0,52,,,,0,,,0.0,90,,0.0,,treatment,,0.0,4,0,,,paid_data,,,,,,,0.0,0.0,,,0,461q1n1d,,,,,0
91,6pr9qwd4,,0,0,52,,,,0,,,0.0,91,,0.0,,treatment,,0.0,5,0,,,paid_data,,,,,,,0.0,0.0,,,0,461q1n1d,,,,,0
92,ssgz07b8,,0,0,52,,,,0,,,0.0,92,,0.0,,treatment,,0.0,5,0,,,paid_data,,,,,,,0.0,0.0,,,0,461q1n1d,,,,,0
93,409pvrmu,,0,0,52,,,,0,,,0.0,93,,0.0,,control,,0.0,6,1,,,free_data,,,,,,,0.0,0.0,,,0,461q1n1d,,,,,0
94,4fh17kc2,,0,0,52,,,,0,,,0.0,94,,0.0,,treatment,,0.0,5,0,,,paid_data,,,,,,,0.0,0.0,,,0,461q1n1d,,,,,0
95,xfzk1x8d,,0,0,52,,,,0,,,0.0,95,,0.0,,treatment,,0.0,11,0,,,paid_data,,,,,,,0.0,0.0,,,0,461q1n1d,,,,,0
96,1a5qzoql,,0,0,52,,,,0,,,0.0,96,,0.0,,treatment,,0.0,3,0,,,paid_data,,,,,,,0.0,0.0,,,0,461q1n1d,,,,,0
97,3x36m0rt,,0,0,52,,,,0,,,0.0,97,,0.0,,control,,0.0,10,1,,,free_data,,,,,,,0.0,0.0,,,0,461q1n1d,,,,,0
98,wtzczkzr,,0,0,52,,,,0,,,0.0,98,,0.0,,treatment,,0.0,9,0,,,paid_data,,,,,,,0.0,0.0,,,0,461q1n1d,,,,,0
99,plebsarm,,0,0,52,,,,0,,,0.0,99,,0.0,,treatment,,0.0,12,0,,,paid_data,,,,,,,0.0,0.0,,,0,461q1n1d,,,,,0
100,hthnd810,,0,0,52,,,,0,,,0.0,100,,0.0,,treatment,,0.0,12,0,,,paid_data,,,,,,,0.0,0.0,,,0,461q1n1d,,,,,0
1,6wt574tn,668a6f07c623b9b9500b962f,0,3,52,intro,comprehensionQuestions,2026-01-12 11:58:17.222049,1,,,0.0,1,,0.0,,control,,0.0,11,1,,,free_data,,,,,,,0.0,0.0,,,0,461q1n1d,,,,,0
2,msi911c4,5f8ece6117db5206eafc8b73,0,52,52,post_exp,FinalForProlific,2026-01-12 12:08:06.099778,1,,,109.78,2,,97.0,,treatment,,0.0,4,1,1,,paid_data,0.0,-12.0,[],0,20.8485847322204,0,96.0,3.0,97.0,,0,461q1n1d,,,,,0
3,ybu7wgc0,62a0de11fe1eb0f5e7a97389,0,52,52,post_exp,FinalForProlific,2026-01-12 12:42:59.794356,1,,,110.74,3,,120.85,,treatment,,0.0,6,0,0,,paid_data,100.0,15.0,[],,20.8485847322204,0,120.85,5.0,120.85,,0,461q1n1d,,,,,0
4,t2whvuhh,5f2f03deec679e2cf4a992e6,0,52,52,post_exp,FinalForProlific,2026-01-12 12:43:17.998797,1,,,112.35,4,,100.17,,treatment,,0.0,9,1,1,,paid_data,20.0,9.0,[],1,20.8485847322204,0,100.17,3.0,100.17,,0,461q1n1d,,,,,0
5,9olw9405,5ecae23b40dae00008174c32,0,52,52,post_exp,FinalForProlific,2026-01-12 12:45:31.992880,1,,,118.42,5,,116.64,,control,,0.0,14,1,,,free_data,75.0,16.0,[],0,20.8485847322204,0,115.64,5.0,116.64,,0,461q1n1d,,,,,0
6,p9t04pw0,5ea159434ac916016387488e,0,52,52,post_exp,FinalForProlific,2026-01-12 12:46:57.010699,1,,,105.89,6,,100.17,,treatment,,0.0,6,1,1,,paid_data,20.0,10.0,[],1,20.8485847322204,0,100.17,1.0,100.17,,0,461q1n1d,,,,,0
7,ccodk2rc,63d7f3f795d4674597d533a1,0,52,52,post_exp,FinalForProlific,2026-01-12 12:49:25.762528,1,,,118.07,7,,100.13,,treatment,,0.0,9,1,1,,paid_data,15.0,15.0,[],0,20.8485847322204,0,99.13,5.0,100.13,,0,461q1n1d,,,,,0
8,samrpio0,5ec79cbd44972a1fceed2719,0,52,52,post_exp,FinalForProlific,2026-01-12 12:51:01.062574,1,,,119.3,8,,115.64,,treatment,,0.0,6,0,0,,paid_data,75.0,30.0,[],,20.8485847322204,0,115.64,2.0,115.64,,0,461q1n1d,,,,,0
9,iwejo55l,66c20b634a3b292d25596fbc,0,3,52,intro,comprehensionQuestions,2026-01-12 12:55:05.751367,1,,,0.0,9,,0.0,,control,,0.0,13,1,,,free_data,,,,,,,0.0,0.0,,,0,461q1n1d,,,,,0
10,j5394dae,60fd14512de6e8dab5242343,0,52,52,post_exp,FinalForProlific,2026-01-12 12:57:07.288139,1,,,115.87,10,,104.17,,treatment,,0.0,8,0,0,,paid_data,20.0,14.0,[],,20.8485847322204,0,104.17,2.0,104.17,,0,461q1n1d,,,,,0
11,i597wq6a,67eff0475e43d9a5390ff55e,0,52,52,post_exp,FinalForProlific,2026-01-12 12:57:25.610637,1,,,126.66,11,,107.47,,treatment,,0.0,11,1,1,,paid_data,55.0,25.0,[],1,20.8485847322204,0,107.47,1.0,107.47,,0,461q1n1d,,,,,0
12,ul2kc8gp,6661c9ae13d2c1b196d73a43,0,14,52,main,DataFeeDecision,2026-01-12 13:01:59.306032,1,,,111.58,12,,0.0,,treatment,,0.0,13,0,,,paid_data,,,,,,,0.0,0.0,,,0,461q1n1d,,,,,0
13,sgflujhv,63d3fc9de67e1179cdf0d080,0,3,52,intro,comprehensionQuestions,2026-01-12 13:04:09.707872,1,,,0.0,13,,0.0,,control,,0.0,11,1,,,free_data,,,,,,,0.0,0.0,,,0,461q1n1d,,,,,0
14,cfpzesdf,66f69dcc061074dacb886b52,0,52,52,post_exp,FinalForProlific,2026-01-12 13:06:55.036073,1,,,109.41,14,,104.17,,treatment,,0.0,11,0,0,,paid_data,20.0,10.0,[],,20.8485847322204,0,104.17,0.0,104.17,,0,461q1n1d,,,,,0
15,emtejkbt,5d09edb73d40080001655677,0,52,52,post_exp,FinalForProlific,2026-01-12 13:12:41.689463,1,,,110.33,15,,106.42,,treatment,,0.0,9,1,1,,paid_data,50.0,1.0,[],1,20.8485847322204,0,106.42,2.0,106.42,,0,461q1n1d,,,,,0
16,9mnmq71z,58bb48b71c81f300014468a3,0,52,52,post_exp,FinalForProlific,2026-01-12 13:18:33.245847,1,,,137.52,16,,116.01,,treatment,,0.0,11,1,1,,paid_data,96.0,25.0,[],1,20.8485847322204,0,116.01,3.0,116.01,,0,461q1n1d,,,,,0
17,0epe8f6d,,0,0,52,,,,0,,,0.0,17,,0.0,,control,,0.0,4,1,,,free_data,,,,,,,0.0,0.0,,,0,461q1n1d,,,,,0
18,en9w510c,,0,0,52,,,,0,,,0.0,18,,0.0,,treatment,,0.0,9,0,,,paid_data,,,,,,,0.0,0.0,,,0,461q1n1d,,,,,0
19,6qj3vys6,,0,0,52,,,,0,,,0.0,19,,0.0,,treatment,,0.0,5,0,,,paid_data,,,,,,,0.0,0.0,,,0,461q1n1d,,,,,0
20,pqcdc1sj,,0,0,52,,,,0,,,0.0,20,,0.0,,treatment,,0.0,7,0,,,paid_data,,,,,,,0.0,0.0,,,0,461q1n1d,,,,,0
21,s432tmda,,0,0,52,,,,0,,,0.0,21,,0.0,,control,,0.0,7,1,,,free_data,,,,,,,0.0,0.0,,,0,461q1n1d,,,,,0
22,yxb4ahgs,,0,0,52,,,,0,,,0.0,22,,0.0,,treatment,,0.0,9,0,,,paid_data,,,,,,,0.0,0.0,,,0,461q1n1d,,,,,0
23,l9m4eq7c,,0,0,52,,,,0,,,0.0,23,,0.0,,treatment,,0.0,10,0,,,paid_data,,,,,,,0.0,0.0,,,0,461q1n1d,,,,,0
24,pyy6b06u,,0,0,52,,,,0,,,0.0,24,,0.0,,treatment,,0.0,4,0,,,paid_data,,,,,,,0.0,0.0,,,0,461q1n1d,,,,,0
25,t67bymso,,0,0,52,,,,0,,,0.0,25,,0.0,,control,,0.0,4,1,,,free_data,,,,,,,0.0,0.0,,,0,461q1n1d,,,,,0
26,pbnw6k1u,,0,0,52,,,,0,,,0.0,26,,0.0,,treatment,,0.0,6,0,,,paid_data,,,,,,,0.0,0.0,,,0,461q1n1d,,,,,0
27,o8v0tu3x,,0,0,52,,,,0,,,0.0,27,,0.0,,treatment,,0.0,8,0,,,paid_data,,,,,,,0.0,0.0,,,0,461q1n1d,,,,,0
28,uz3wphd2,,0,0,52,,,,0,,,0.0,28,,0.0,,treatment,,0.0,12,0,,,paid_data,,,,,,,0.0,0.0,,,0,461q1n1d,,,,,0
29,d9kpy4wv,,0,0,52,,,,0,,,0.0,29,,0.0,,control,,0.0,3,1,,,free_data,,,,,,,0.0,0.0,,,0,461q1n1d,,,,,0
30,hn0d0oom,,0,0,52,,,,0,,,0.0,30,,0.0,,treatment,,0.0,11,0,,,paid_data,,,,,,,0.0,0.0,,,0,461q1n1d,,,,,0
31,ppt1jtmn,,0,0,52,,,,0,,,0.0,31,,0.0,,treatment,,0.0,13,0,,,paid_data,,,,,,,0.0,0.0,,,0,461q1n1d,,,,,0
32,zax1jttz,,0,0,52,,,,0,,,0.0,32,,0.0,,treatment,,0.0,9,0,,,paid_data,,,,,,,0.0,0.0,,,0,461q1n1d,,,,,0
33,0yzr41vf,,0,0,52,,,,0,,,0.0,33,,0.0,,control,,0.0,14,1,,,free_data,,,,,,,0.0,0.0,,,0,461q1n1d,,,,,0
34,u4bx83n4,,0,0,52,,,,0,,,0.0,34,,0.0,,treatment,,0.0,10,0,,,paid_data,,,,,,,0.0,0.0,,,0,461q1n1d,,,,,0
35,gnbv9v11,,0,0,52,,,,0,,,0.0,35,,0.0,,treatment,,0.0,13,0,,,paid_data,,,,,,,0.0,0.0,,,0,461q1n1d,,,,,0
36,xxzedbp3,,0,0,52,,,,0,,,0.0,36,,0.0,,treatment,,0.0,13,0,,,paid_data,,,,,,,0.0,0.0,,,0,461q1n1d,,,,,0
37,o8k3ito7,,0,0,52,,,,0,,,0.0,37,,0.0,,control,,0.0,10,1,,,free_data,,,,,,,0.0,0.0,,,0,461q1n1d,,,,,0
38,n8upco0z,,0,0,52,,,,0,,,0.0,38,,0.0,,treatment,,0.0,8,0,,,paid_data,,,,,,,0.0,0.0,,,0,461q1n1d,,,,,0
39,4y37qyvy,,0,0,52,,,,0,,,0.0,39,,0.0,,treatment,,0.0,13,0,,,paid_data,,,,,,,0.0,0.0,,,0,461q1n1d,,,,,0
40,osildy02,,0,0,52,,,,0,,,0.0,40,,0.0,,treatment,,0.0,8,0,,,paid_data,,,,,,,0.0,0.0,,,0,461q1n1d,,,,,0
41,1lsxphst,,0,0,52,,,,0,,,0.0,41,,0.0,,control,,0.0,4,1,,,free_data,,,,,,,0.0,0.0,,,0,461q1n1d,,,,,0
42,3yjm3dhd,,0,0,52,,,,0,,,0.0,42,,0.0,,treatment,,0.0,5,0,,,paid_data,,,,,,,0.0,0.0,,,0,461q1n1d,,,,,0
43,6kaioor2,,0,0,52,,,,0,,,0.0,43,,0.0,,treatment,,0.0,11,0,,,paid_data,,,,,,,0.0,0.0,,,0,461q1n1d,,,,,0
44,9f7m3hdf,,0,0,52,,,,0,,,0.0,44,,0.0,,treatment,,0.0,14,0,,,paid_data,,,,,,,0.0,0.0,,,0,461q1n1d,,,,,0
45,6ut27tp1,,0,0,52,,,,0,,,0.0,45,,0.0,,control,,0.0,5,1,,,free_data,,,,,,,0.0,0.0,,,0,461q1n1d,,,,,0
46,9yh6dlbt,,0,0,52,,,,0,,,0.0,46,,0.0,,treatment,,0.0,14,0,,,paid_data,,,,,,,0.0,0.0,,,0,461q1n1d,,,,,0
47,219oy01u,,0,0,52,,,,0,,,0.0,47,,0.0,,treatment,,0.0,14,0,,,paid_data,,,,,,,0.0,0.0,,,0,461q1n1d,,,,,0
48,7bpctl9o,,0,0,52,,,,0,,,0.0,48,,0.0,,treatment,,0.0,12,0,,,paid_data,,,,,,,0.0,0.0,,,0,461q1n1d,,,,,0
49,7wvvyz5w,,0,0,52,,,,0,,,0.0,49,,0.0,,control,,0.0,12,1,,,free_data,,,,,,,0.0,0.0,,,0,461q1n1d,,,,,0
50,9v6740c3,,0,0,52,,,,0,,,0.0,50,,0.0,,treatment,,0.0,4,0,,,paid_data,,,,,,,0.0,0.0,,,0,461q1n1d,,,,,0
51,ykznxeqm,,0,0,52,,,,0,,,0.0,51,,0.0,,treatment,,0.0,9,0,,,paid_data,,,,,,,0.0,0.0,,,0,461q1n1d,,,,,0
52,73bgu8ul,,0,0,52,,,,0,,,0.0,52,,0.0,,treatment,,0.0,14,0,,,paid_data,,,,,,,0.0,0.0,,,0,461q1n1d,,,,,0
53,ewaeg9gm,,0,0,52,,,,0,,,0.0,53,,0.0,,control,,0.0,5,1,,,free_data,,,,,,,0.0,0.0,,,0,461q1n1d,,,,,0
54,nidpofue,,0,0,52,,,,0,,,0.0,54,,0.0,,treatment,,0.0,3,0,,,paid_data,,,,,,,0.0,0.0,,,0,461q1n1d,,,,,0
55,7zgkvvwf,,0,0,52,,,,0,,,0.0,55,,0.0,,treatment,,0.0,13,0,,,paid_data,,,,,,,0.0,0.0,,,0,461q1n1d,,,,,0
56,pqoodroh,,0,0,52,,,,0,,,0.0,56,,0.0,,treatment,,0.0,3,0,,,paid_data,,,,,,,0.0,0.0,,,0,461q1n1d,,,,,0
57,tkbqtsrd,,0,0,52,,,,0,,,0.0,57,,0.0,,control,,0.0,10,1,,,free_data,,,,,,,0.0,0.0,,,0,461q1n1d,,,,,0
58,dt9odxsr,,0,0,52,,,,0,,,0.0,58,,0.0,,treatment,,0.0,8,0,,,paid_data,,,,,,,0.0,0.0,,,0,461q1n1d,,,,,0
59,3ujy8kbo,,0,0,52,,,,0,,,0.0,59,,0.0,,treatment,,0.0,9,0,,,paid_data,,,,,,,0.0,0.0,,,0,461q1n1d,,,,,0
60,p4to1yx5,,0,0,52,,,,0,,,0.0,60,,0.0,,treatment,,0.0,11,0,,,paid_data,,,,,,,0.0,0.0,,,0,461q1n1d,,,,,0
61,x909whia,,0,0,52,,,,0,,,0.0,61,,0.0,,control,,0.0,13,1,,,free_data,,,,,,,0.0,0.0,,,0,461q1n1d,,,,,0
62,v5adyj4t,,0,0,52,,,,0,,,0.0,62,,0.0,,treatment,,0.0,7,0,,,paid_data,,,,,,,0.0,0.0,,,0,461q1n1d,,,,,0
63,bnc4t5dr,,0,0,52,,,,0,,,0.0,63,,0.0,,treatment,,0.0,14,0,,,paid_data,,,,,,,0.0,0.0,,,0,461q1n1d,,,,,0
64,ajj007nu,,0,0,52,,,,0,,,0.0,64,,0.0,,treatment,,0.0,13,0,,,paid_data,,,,,,,0.0,0.0,,,0,461q1n1d,,,,,0
65,crll0mwy,,0,0,52,,,,0,,,0.0,65,,0.0,,control,,0.0,3,1,,,free_data,,,,,,,0.0,0.0,,,0,461q1n1d,,,,,0
66,8iqnj1ut,,0,0,52,,,,0,,,0.0,66,,0.0,,treatment,,0.0,4,0,,,paid_data,,,,,,,0.0,0.0,,,0,461q1n1d,,,,,0
67,w60r8k13,,0,0,52,,,,0,,,0.0,67,,0.0,,treatment,,0.0,10,0,,,paid_data,,,,,,,0.0,0.0,,,0,461q1n1d,,,,,0
68,i2sgh938,,0,0,52,,,,0,,,0.0,68,,0.0,,treatment,,0.0,9,0,,,paid_data,,,,,,,0.0,0.0,,,0,461q1n1d,,,,,0
69,588ci7nv,,0,0,52,,,,0,,,0.0,69,,0.0,,control,,0.0,10,1,,,free_data,,,,,,,0.0,0.0,,,0,461q1n1d,,,,,0
70,bjo1kx0v,,0,0,52,,,,0,,,0.0,70,,0.0,,treatment,,0.0,6,0,,,paid_data,,,,,,,0.0,0.0,,,0,461q1n1d,,,,,0
71,2zmqkvp4,,0,0,52,,,,0,,,0.0,71,,0.0,,treatment,,0.0,11,0,,,paid_data,,,,,,,0.0,0.0,,,0,461q1n1d,,,,,0
72,470tfviy,,0,0,52,,,,0,,,0.0,72,,0.0,,treatment,,0.0,8,0,,,paid_data,,,,,,,0.0,0.0,,,0,461q1n1d,,,,,0
73,9gyvu00x,,0,0,52,,,,0,,,0.0,73,,0.0,,control,,0.0,14,1,,,free_data,,,,,,,0.0,0.0,,,0,461q1n1d,,,,,0
74,z4p83vub,,0,0,52,,,,0,,,0.0,74,,0.0,,treatment,,0.0,4,0,,,paid_data,,,,,,,0.0,0.0,,,0,461q1n1d,,,,,0
75,3jhsgk0s,,0,0,52,,,,0,,,0.0,75,,0.0,,treatment,,0.0,14,0,,,paid_data,,,,,,,0.0,0.0,,,0,461q1n1d,,,,,0
76,s78wc8yk,,0,0,52,,,,0,,,0.0,76,,0.0,,treatment,,0.0,7,0,,,paid_data,,,,,,,0.0,0.0,,,0,461q1n1d,,,,,0
77,2p2sv4bn,,0,0,52,,,,0,,,0.0,77,,0.0,,control,,0.0,13,1,,,free_data,,,,,,,0.0,0.0,,,0,461q1n1d,,,,,0
78,p5dyvl2a,,0,0,52,,,,0,,,0.0,78,,0.0,,treatment,,0.0,8,0,,,paid_data,,,,,,,0.0,0.0,,,0,461q1n1d,,,,,0
79,ctfq4lm0,,0,0,52,,,,0,,,0.0,79,,0.0,,treatment,,0.0,8,0,,,paid_data,,,,,,,0.0,0.0,,,0,461q1n1d,,,,,0
80,52mc9nne,,0,0,52,,,,0,,,0.0,80,,0.0,,treatment,,0.0,3,0,,,paid_data,,,,,,,0.0,0.0,,,0,461q1n1d,,,,,0
81,1rm81xpy,,0,0,52,,,,0,,,0.0,81,,0.0,,control,,0.0,3,1,,,free_data,,,,,,,0.0,0.0,,,0,461q1n1d,,,,,0
82,ne25do2k,,0,0,52,,,,0,,,0.0,82,,0.0,,treatment,,0.0,6,0,,,paid_data,,,,,,,0.0,0.0,,,0,461q1n1d,,,,,0
83,blep05xv,,0,0,52,,,,0,,,0.0,83,,0.0,,treatment,,0.0,12,0,,,paid_data,,,,,,,0.0,0.0,,,0,461q1n1d,,,,,0
84,r67ble2p,,0,0,52,,,,0,,,0.0,84,,0.0,,treatment,,0.0,8,0,,,paid_data,,,,,,,0.0,0.0,,,0,461q1n1d,,,,,0
85,umkd4k3b,,0,0,52,,,,0,,,0.0,85,,0.0,,control,,0.0,13,1,,,free_data,,,,,,,0.0,0.0,,,0,461q1n1d,,,,,0
86,kede2j6z,,0,0,52,,,,0,,,0.0,86,,0.0,,treatment,,0.0,10,0,,,paid_data,,,,,,,0.0,0.0,,,0,461q1n1d,,,,,0
87,bj34gpv1,,0,0,52,,,,0,,,0.0,87,,0.0,,treatment,,0.0,7,0,,,paid_data,,,,,,,0.0,0.0,,,0,461q1n1d,,,,,0
88,ol4sgoqx,,0,0,52,,,,0,,,0.0,88,,0.0,,treatment,,0.0,3,0,,,paid_data,,,,,,,0.0,0.0,,,0,461q1n1d,,,,,0
89,ds2lqftx,,0,0,52,,,,0,,,0.0,89,,0.0,,control,,0.0,5,1,,,free_data,,,,,,,0.0,0.0,,,0,461q1n1d,,,,,0
90,2gekyf0t,,0,0,52,,,,0,,,0.0,90,,0.0,,treatment,,0.0,4,0,,,paid_data,,,,,,,0.0,0.0,,,0,461q1n1d,,,,,0
91,6pr9qwd4,,0,0,52,,,,0,,,0.0,91,,0.0,,treatment,,0.0,5,0,,,paid_data,,,,,,,0.0,0.0,,,0,461q1n1d,,,,,0
92,ssgz07b8,,0,0,52,,,,0,,,0.0,92,,0.0,,treatment,,0.0,5,0,,,paid_data,,,,,,,0.0,0.0,,,0,461q1n1d,,,,,0
93,409pvrmu,,0,0,52,,,,0,,,0.0,93,,0.0,,control,,0.0,6,1,,,free_data,,,,,,,0.0,0.0,,,0,461q1n1d,,,,,0
94,4fh17kc2,,0,0,52,,,,0,,,0.0,94,,0.0,,treatment,,0.0,5,0,,,paid_data,,,,,,,0.0,0.0,,,0,461q1n1d,,,,,0
95,xfzk1x8d,,0,0,52,,,,0,,,0.0,95,,0.0,,treatment,,0.0,11,0,,,paid_data,,,,,,,0.0,0.0,,,0,461q1n1d,,,,,0
96,1a5qzoql,,0,0,52,,,,0,,,0.0,96,,0.0,,treatment,,0.0,3,0,,,paid_data,,,,,,,0.0,0.0,,,0,461q1n1d,,,,,0
97,3x36m0rt,,0,0,52,,,,0,,,0.0,97,,0.0,,control,,0.0,10,1,,,free_data,,,,,,,0.0,0.0,,,0,461q1n1d,,,,,0
98,wtzczkzr,,0,0,52,,,,0,,,0.0,98,,0.0,,treatment,,0.0,9,0,,,paid_data,,,,,,,0.0,0.0,,,0,461q1n1d,,,,,0
99,plebsarm,,0,0,52,,,,0,,,0.0,99,,0.0,,treatment,,0.0,12,0,,,paid_data,,,,,,,0.0,0.0,,,0,461q1n1d,,,,,0
100,hthnd810,,0,0,52,,,,0,,,0.0,100,,0.0,,treatment,,0.0,12,0,,,paid_data,,,,,,,0.0,0.0,,,0,461q1n1d,,,,,0
1,6wt574tn,668a6f07c623b9b9500b962f,0,3,52,intro,comprehensionQuestions,2026-01-12 11:58:17.222049,1,,,0.0,1,,0.0,,control,,0.0,11,1,,,free_data,,,,,,,0.0,0.0,,,0,461q1n1d,,,,,0
2,msi911c4,5f8ece6117db5206eafc8b73,0,52,52,post_exp,FinalForProlific,2026-01-12 12:08:06.099778,1,,,109.78,2,,101.0,,treatment,,0.0,4,1,0,,free_data,0.0,-12.0,[],1,22.0771797811744,1,100.0,4.0,101.0,,0,461q1n1d,,,,,0
3,ybu7wgc0,62a0de11fe1eb0f5e7a97389,0,52,52,post_exp,FinalForProlific,2026-01-12 12:42:59.794356,1,,,110.74,3,,123.08,,treatment,,0.0,6,1,1,,free_data,100.0,24.0,[],1,22.0771797811744,1,122.08,6.0,123.08,,0,461q1n1d,,,,,0
4,t2whvuhh,5f2f03deec679e2cf4a992e6,0,52,52,post_exp,FinalForProlific,2026-01-12 12:43:17.998797,1,,,112.35,4,,112.04,,treatment,,0.0,9,1,1,,free_data,50.0,13.5,[],1,22.0771797811744,1,111.04,4.0,112.04,,0,461q1n1d,,,,,0
5,9olw9405,5ecae23b40dae00008174c32,0,52,52,post_exp,FinalForProlific,2026-01-12 12:45:31.992880,1,,,118.42,5,,118.66,,control,,0.0,14,1,,,free_data,80.0,34.0,[],1,22.0771797811744,1,117.66,6.0,118.66,,0,461q1n1d,,,,,0
6,p9t04pw0,5ea159434ac916016387488e,0,52,52,post_exp,FinalForProlific,2026-01-12 12:46:57.010699,1,,,105.89,6,,116.45,,treatment,,0.0,6,1,1,,free_data,70.0,30.0,[],1,22.0771797811744,1,115.45,2.0,116.45,,0,461q1n1d,,,,,0
7,ccodk2rc,63d7f3f795d4674597d533a1,0,52,52,post_exp,FinalForProlific,2026-01-12 12:49:25.762528,1,,,118.07,7,,107.62,,treatment,,0.0,9,1,1,,free_data,30.0,25.0,[],1,22.0771797811744,1,106.62,6.0,107.62,,0,461q1n1d,,,,,0
8,samrpio0,5ec79cbd44972a1fceed2719,0,52,52,post_exp,FinalForProlific,2026-01-12 12:51:01.062574,1,,,119.3,8,,120.97,,treatment,,0.0,6,1,0,,free_data,95.0,38.0,[],0,22.0771797811744,1,120.97,2.0,120.97,,0,461q1n1d,,,,,0
9,iwejo55l,66c20b634a3b292d25596fbc,0,3,52,intro,comprehensionQuestions,2026-01-12 12:55:05.751367,1,,,0.0,9,,0.0,,control,,0.0,13,1,,,free_data,,,,,,,0.0,0.0,,,0,461q1n1d,,,,,0
10,j5394dae,60fd14512de6e8dab5242343,0,52,52,post_exp,FinalForProlific,2026-01-12 12:57:07.288139,1,,,115.87,10,,106.62,,treatment,,0.0,8,1,0,,free_data,30.0,25.0,[],0,22.0771797811744,1,106.62,2.0,106.62,,0,461q1n1d,,,,,0
11,i597wq6a,67eff0475e43d9a5390ff55e,0,52,52,post_exp,FinalForProlific,2026-01-12 12:57:25.610637,1,,,126.66,11,,119.77,,treatment,,0.0,11,1,1,,free_data,85.0,1.0,[],1,22.0771797811744,1,118.77,2.0,119.77,,0,461q1n1d,,,,,0
12,ul2kc8gp,6661c9ae13d2c1b196d73a43,0,14,52,main,DataFeeDecision,2026-01-12 13:01:59.306032,1,,,111.58,12,,0.0,,treatment,,0.0,13,1,,,free_data,,,,,,,0.0,0.0,,,0,461q1n1d,,,,,0
13,sgflujhv,63d3fc9de67e1179cdf0d080,0,3,52,intro,comprehensionQuestions,2026-01-12 13:04:09.707872,1,,,0.0,13,,0.0,,control,,0.0,11,1,,,free_data,,,,,,,0.0,0.0,,,0,461q1n1d,,,,,0
14,cfpzesdf,66f69dcc061074dacb886b52,0,52,52,post_exp,FinalForProlific,2026-01-12 13:06:55.036073,1,,,109.41,14,,108.83,,treatment,,0.0,11,1,1,,free_data,40.0,20.0,[],0,22.0771797811744,1,108.83,0.0,108.83,,0,461q1n1d,,,,,0
15,emtejkbt,5d09edb73d40080001655677,0,52,52,post_exp,FinalForProlific,2026-01-12 13:12:41.689463,1,,,110.33,15,,102.21,,treatment,,0.0,9,1,1,,free_data,10.0,0.0,[],0,22.0771797811744,1,102.21,2.0,102.21,,0,461q1n1d,,,,,0
16,9mnmq71z,58bb48b71c81f300014468a3,0,52,52,post_exp,FinalForProlific,2026-01-12 13:18:33.245847,1,,,137.52,16,,123.08,,treatment,,0.0,11,1,1,,free_data,100.0,34.0,[],1,22.0771797811744,1,122.08,4.0,123.08,,0,461q1n1d,,,,,0
17,0epe8f6d,,0,0,52,,,,0,,,0.0,17,,0.0,,control,,0.0,4,1,,,free_data,,,,,,,0.0,0.0,,,0,461q1n1d,,,,,0
18,en9w510c,,0,0,52,,,,0,,,0.0,18,,0.0,,treatment,,0.0,9,1,,,free_data,,,,,,,0.0,0.0,,,0,461q1n1d,,,,,0
19,6qj3vys6,,0,0,52,,,,0,,,0.0,19,,0.0,,treatment,,0.0,5,1,,,free_data,,,,,,,0.0,0.0,,,0,461q1n1d,,,,,0
20,pqcdc1sj,,0,0,52,,,,0,,,0.0,20,,0.0,,treatment,,0.0,7,1,,,free_data,,,,,,,0.0,0.0,,,0,461q1n1d,,,,,0
21,s432tmda,,0,0,52,,,,0,,,0.0,21,,0.0,,control,,0.0,7,1,,,free_data,,,,,,,0.0,0.0,,,0,461q1n1d,,,,,0
22,yxb4ahgs,,0,0,52,,,,0,,,0.0,22,,0.0,,treatment,,0.0,9,1,,,free_data,,,,,,,0.0,0.0,,,0,461q1n1d,,,,,0
23,l9m4eq7c,,0,0,52,,,,0,,,0.0,23,,0.0,,treatment,,0.0,10,1,,,free_data,,,,,,,0.0,0.0,,,0,461q1n1d,,,,,0
24,pyy6b06u,,0,0,52,,,,0,,,0.0,24,,0.0,,treatment,,0.0,4,1,,,free_data,,,,,,,0.0,0.0,,,0,461q1n1d,,,,,0
25,t67bymso,,0,0,52,,,,0,,,0.0,25,,0.0,,control,,0.0,4,1,,,free_data,,,,,,,0.0,0.0,,,0,461q1n1d,,,,,0
26,pbnw6k1u,,0,0,52,,,,0,,,0.0,26,,0.0,,treatment,,0.0,6,1,,,free_data,,,,,,,0.0,0.0,,,0,461q1n1d,,,,,0
27,o8v0tu3x,,0,0,52,,,,0,,,0.0,27,,0.0,,treatment,,0.0,8,1,,,free_data,,,,,,,0.0,0.0,,,0,461q1n1d,,,,,0
28,uz3wphd2,,0,0,52,,,,0,,,0.0,28,,0.0,,treatment,,0.0,12,1,,,free_data,,,,,,,0.0,0.0,,,0,461q1n1d,,,,,0
29,d9kpy4wv,,0,0,52,,,,0,,,0.0,29,,0.0,,control,,0.0,3,1,,,free_data,,,,,,,0.0,0.0,,,0,461q1n1d,,,,,0
30,hn0d0oom,,0,0,52,,,,0,,,0.0,30,,0.0,,treatment,,0.0,11,1,,,free_data,,,,,,,0.0,0.0,,,0,461q1n1d,,,,,0
31,ppt1jtmn,,0,0,52,,,,0,,,0.0,31,,0.0,,treatment,,0.0,13,1,,,free_data,,,,,,,0.0,0.0,,,0,461q1n1d,,,,,0
32,zax1jttz,,0,0,52,,,,0,,,0.0,32,,0.0,,treatment,,0.0,9,1,,,free_data,,,,,,,0.0,0.0,,,0,461q1n1d,,,,,0
33,0yzr41vf,,0,0,52,,,,0,,,0.0,33,,0.0,,control,,0.0,14,1,,,free_data,,,,,,,0.0,0.0,,,0,461q1n1d,,,,,0
34,u4bx83n4,,0,0,52,,,,0,,,0.0,34,,0.0,,treatment,,0.0,10,1,,,free_data,,,,,,,0.0,0.0,,,0,461q1n1d,,,,,0
35,gnbv9v11,,0,0,52,,,,0,,,0.0,35,,0.0,,treatment,,0.0,13,1,,,free_data,,,,,,,0.0,0.0,,,0,461q1n1d,,,,,0
36,xxzedbp3,,0,0,52,,,,0,,,0.0,36,,0.0,,treatment,,0.0,13,1,,,free_data,,,,,,,0.0,0.0,,,0,461q1n1d,,,,,0
37,o8k3ito7,,0,0,52,,,,0,,,0.0,37,,0.0,,control,,0.0,10,1,,,free_data,,,,,,,0.0,0.0,,,0,461q1n1d,,,,,0
38,n8upco0z,,0,0,52,,,,0,,,0.0,38,,0.0,,treatment,,0.0,8,1,,,free_data,,,,,,,0.0,0.0,,,0,461q1n1d,,,,,0
39,4y37qyvy,,0,0,52,,,,0,,,0.0,39,,0.0,,treatment,,0.0,13,1,,,free_data,,,,,,,0.0,0.0,,,0,461q1n1d,,,,,0
40,osildy02,,0,0,52,,,,0,,,0.0,40,,0.0,,treatment,,0.0,8,1,,,free_data,,,,,,,0.0,0.0,,,0,461q1n1d,,,,,0
41,1lsxphst,,0,0,52,,,,0,,,0.0,41,,0.0,,control,,0.0,4,1,,,free_data,,,,,,,0.0,0.0,,,0,461q1n1d,,,,,0
42,3yjm3dhd,,0,0,52,,,,0,,,0.0,42,,0.0,,treatment,,0.0,5,1,,,free_data,,,,,,,0.0,0.0,,,0,461q1n1d,,,,,0
43,6kaioor2,,0,0,52,,,,0,,,0.0,43,,0.0,,treatment,,0.0,11,1,,,free_data,,,,,,,0.0,0.0,,,0,461q1n1d,,,,,0
44,9f7m3hdf,,0,0,52,,,,0,,,0.0,44,,0.0,,treatment,,0.0,14,1,,,free_data,,,,,,,0.0,0.0,,,0,461q1n1d,,,,,0
45,6ut27tp1,,0,0,52,,,,0,,,0.0,45,,0.0,,control,,0.0,5,1,,,free_data,,,,,,,0.0,0.0,,,0,461q1n1d,,,,,0
46,9yh6dlbt,,0,0,52,,,,0,,,0.0,46,,0.0,,treatment,,0.0,14,1,,,free_data,,,,,,,0.0,0.0,,,0,461q1n1d,,,,,0
47,219oy01u,,0,0,52,,,,0,,,0.0,47,,0.0,,treatment,,0.0,14,1,,,free_data,,,,,,,0.0,0.0,,,0,461q1n1d,,,,,0
48,7bpctl9o,,0,0,52,,,,0,,,0.0,48,,0.0,,treatment,,0.0,12,1,,,free_data,,,,,,,0.0,0.0,,,0,461q1n1d,,,,,0
49,7wvvyz5w,,0,0,52,,,,0,,,0.0,49,,0.0,,control,,0.0,12,1,,,free_data,,,,,,,0.0,0.0,,,0,461q1n1d,,,,,0
50,9v6740c3,,0,0,52,,,,0,,,0.0,50,,0.0,,treatment,,0.0,4,1,,,free_data,,,,,,,0.0,0.0,,,0,461q1n1d,,,,,0
51,ykznxeqm,,0,0,52,,,,0,,,0.0,51,,0.0,,treatment,,0.0,9,1,,,free_data,,,,,,,0.0,0.0,,,0,461q1n1d,,,,,0
52,73bgu8ul,,0,0,52,,,,0,,,0.0,52,,0.0,,treatment,,0.0,14,1,,,free_data,,,,,,,0.0,0.0,,,0,461q1n1d,,,,,0
53,ewaeg9gm,,0,0,52,,,,0,,,0.0,53,,0.0,,control,,0.0,5,1,,,free_data,,,,,,,0.0,0.0,,,0,461q1n1d,,,,,0
54,nidpofue,,0,0,52,,,,0,,,0.0,54,,0.0,,treatment,,0.0,3,1,,,free_data,,,,,,,0.0,0.0,,,0,461q1n1d,,,,,0
55,7zgkvvwf,,0,0,52,,,,0,,,0.0,55,,0.0,,treatment,,0.0,13,1,,,free_data,,,,,,,0.0,0.0,,,0,461q1n1d,,,,,0
56,pqoodroh,,0,0,52,,,,0,,,0.0,56,,0.0,,treatment,,0.0,3,1,,,free_data,,,,,,,0.0,0.0,,,0,461q1n1d,,,,,0
57,tkbqtsrd,,0,0,52,,,,0,,,0.0,57,,0.0,,control,,0.0,10,1,,,free_data,,,,,,,0.0,0.0,,,0,461q1n1d,,,,,0
58,dt9odxsr,,0,0,52,,,,0,,,0.0,58,,0.0,,treatment,,0.0,8,1,,,free_data,,,,,,,0.0,0.0,,,0,461q1n1d,,,,,0
59,3ujy8kbo,,0,0,52,,,,0,,,0.0,59,,0.0,,treatment,,0.0,9,1,,,free_data,,,,,,,0.0,0.0,,,0,461q1n1d,,,,,0
60,p4to1yx5,,0,0,52,,,,0,,,0.0,60,,0.0,,treatment,,0.0,11,1,,,free_data,,,,,,,0.0,0.0,,,0,461q1n1d,,,,,0
61,x909whia,,0,0,52,,,,0,,,0.0,61,,0.0,,control,,0.0,13,1,,,free_data,,,,,,,0.0,0.0,,,0,461q1n1d,,,,,0
62,v5adyj4t,,0,0,52,,,,0,,,0.0,62,,0.0,,treatment,,0.0,7,1,,,free_data,,,,,,,0.0,0.0,,,0,461q1n1d,,,,,0
63,bnc4t5dr,,0,0,52,,,,0,,,0.0,63,,0.0,,treatment,,0.0,14,1,,,free_data,,,,,,,0.0,0.0,,,0,461q1n1d,,,,,0
64,ajj007nu,,0,0,52,,,,0,,,0.0,64,,0.0,,treatment,,0.0,13,1,,,free_data,,,,,,,0.0,0.0,,,0,461q1n1d,,,,,0
65,crll0mwy,,0,0,52,,,,0,,,0.0,65,,0.0,,control,,0.0,3,1,,,free_data,,,,,,,0.0,0.0,,,0,461q1n1d,,,,,0
66,8iqnj1ut,,0,0,52,,,,0,,,0.0,66,,0.0,,treatment,,0.0,4,1,,,free_data,,,,,,,0.0,0.0,,,0,461q1n1d,,,,,0
67,w60r8k13,,0,0,52,,,,0,,,0.0,67,,0.0,,treatment,,0.0,10,1,,,free_data,,,,,,,0.0,0.0,,,0,461q1n1d,,,,,0
68,i2sgh938,,0,0,52,,,,0,,,0.0,68,,0.0,,treatment,,0.0,9,1,,,free_data,,,,,,,0.0,0.0,,,0,461q1n1d,,,,,0
69,588ci7nv,,0,0,52,,,,0,,,0.0,69,,0.0,,control,,0.0,10,1,,,free_data,,,,,,,0.0,0.0,,,0,461q1n1d,,,,,0
70,bjo1kx0v,,0,0,52,,,,0,,,0.0,70,,0.0,,treatment,,0.0,6,1,,,free_data,,,,,,,0.0,0.0,,,0,461q1n1d,,,,,0
71,2zmqkvp4,,0,0,52,,,,0,,,0.0,71,,0.0,,treatment,,0.0,11,1,,,free_data,,,,,,,0.0,0.0,,,0,461q1n1d,,,,,0
72,470tfviy,,0,0,52,,,,0,,,0.0,72,,0.0,,treatment,,0.0,8,1,,,free_data,,,,,,,0.0,0.0,,,0,461q1n1d,,,,,0
73,9gyvu00x,,0,0,52,,,,0,,,0.0,73,,0.0,,control,,0.0,14,1,,,free_data,,,,,,,0.0,0.0,,,0,461q1n1d,,,,,0
74,z4p83vub,,0,0,52,,,,0,,,0.0,74,,0.0,,treatment,,0.0,4,1,,,free_data,,,,,,,0.0,0.0,,,0,461q1n1d,,,,,0
75,3jhsgk0s,,0,0,52,,,,0,,,0.0,75,,0.0,,treatment,,0.0,14,1,,,free_data,,,,,,,0.0,0.0,,,0,461q1n1d,,,,,0
76,s78wc8yk,,0,0,52,,,,0,,,0.0,76,,0.0,,treatment,,0.0,7,1,,,free_data,,,,,,,0.0,0.0,,,0,461q1n1d,,,,,0
77,2p2sv4bn,,0,0,52,,,,0,,,0.0,77,,0.0,,control,,0.0,13,1,,,free_data,,,,,,,0.0,0.0,,,0,461q1n1d,,,,,0
78,p5dyvl2a,,0,0,52,,,,0,,,0.0,78,,0.0,,treatment,,0.0,8,1,,,free_data,,,,,,,0.0,0.0,,,0,461q1n1d,,,,,0
79,ctfq4lm0,,0,0,52,,,,0,,,0.0,79,,0.0,,treatment,,0.0,8,1,,,free_data,,,,,,,0.0,0.0,,,0,461q1n1d,,,,,0
80,52mc9nne,,0,0,52,,,,0,,,0.0,80,,0.0,,treatment,,0.0,3,1,,,free_data,,,,,,,0.0,0.0,,,0,461q1n1d,,,,,0
81,1rm81xpy,,0,0,52,,,,0,,,0.0,81,,0.0,,control,,0.0,3,1,,,free_data,,,,,,,0.0,0.0,,,0,461q1n1d,,,,,0
82,ne25do2k,,0,0,52,,,,0,,,0.0,82,,0.0,,treatment,,0.0,6,1,,,free_data,,,,,,,0.0,0.0,,,0,461q1n1d,,,,,0
83,blep05xv,,0,0,52,,,,0,,,0.0,83,,0.0,,treatment,,0.0,12,1,,,free_data,,,,,,,0.0,0.0,,,0,461q1n1d,,,,,0
84,r67ble2p,,0,0,52,,,,0,,,0.0,84,,0.0,,treatment,,0.0,8,1,,,free_data,,,,,,,0.0,0.0,,,0,461q1n1d,,,,,0
85,umkd4k3b,,0,0,52,,,,0,,,0.0,85,,0.0,,control,,0.0,13,1,,,free_data,,,,,,,0.0,0.0,,,0,461q1n1d,,,,,0
86,kede2j6z,,0,0,52,,,,0,,,0.0,86,,0.0,,treatment,,0.0,10,1,,,free_data,,,,,,,0.0,0.0,,,0,461q1n1d,,,,,0
87,bj34gpv1,,0,0,52,,,,0,,,0.0,87,,0.0,,treatment,,0.0,7,1,,,free_data,,,,,,,0.0,0.0,,,0,461q1n1d,,,,,0
88,ol4sgoqx,,0,0,52,,,,0,,,0.0,88,,0.0,,treatment,,0.0,3,1,,,free_data,,,,,,,0.0,0.0,,,0,461q1n1d,,,,,0
89,ds2lqftx,,0,0,52,,,,0,,,0.0,89,,0.0,,control,,0.0,5,1,,,free_data,,,,,,,0.0,0.0,,,0,461q1n1d,,,,,0
90,2gekyf0t,,0,0,52,,,,0,,,0.0,90,,0.0,,treatment,,0.0,4,1,,,free_data,,,,,,,0.0,0.0,,,0,461q1n1d,,,,,0
91,6pr9qwd4,,0,0,52,,,,0,,,0.0,91,,0.0,,treatment,,0.0,5,1,,,free_data,,,,,,,0.0,0.0,,,0,461q1n1d,,,,,0
92,ssgz07b8,,0,0,52,,,,0,,,0.0,92,,0.0,,treatment,,0.0,5,1,,,free_data,,,,,,,0.0,0.0,,,0,461q1n1d,,,,,0
93,409pvrmu,,0,0,52,,,,0,,,0.0,93,,0.0,,control,,0.0,6,1,,,free_data,,,,,,,0.0,0.0,,,0,461q1n1d,,,,,0
94,4fh17kc2,,0,0,52,,,,0,,,0.0,94,,0.0,,treatment,,0.0,5,1,,,free_data,,,,,,,0.0,0.0,,,0,461q1n1d,,,,,0
95,xfzk1x8d,,0,0,52,,,,0,,,0.0,95,,0.0,,treatment,,0.0,11,1,,,free_data,,,,,,,0.0,0.0,,,0,461q1n1d,,,,,0
96,1a5qzoql,,0,0,52,,,,0,,,0.0,96,,0.0,,treatment,,0.0,3,1,,,free_data,,,,,,,0.0,0.0,,,0,461q1n1d,,,,,0
97,3x36m0rt,,0,0,52,,,,0,,,0.0,97,,0.0,,control,,0.0,10,1,,,free_data,,,,,,,0.0,0.0,,,0,461q1n1d,,,,,0
98,wtzczkzr,,0,0,52,,,,0,,,0.0,98,,0.0,,treatment,,0.0,9,1,,,free_data,,,,,,,0.0,0.0,,,0,461q1n1d,,,,,0
99,plebsarm,,0,0,52,,,,0,,,0.0,99,,0.0,,treatment,,0.0,12,1,,,free_data,,,,,,,0.0,0.0,,,0,461q1n1d,,,,,0
100,hthnd810,,0,0,52,,,,0,,,0.0,100,,0.0,,treatment,,0.0,12,1,,,free_data,,,,,,,0.0,0.0,,,0,461q1n1d,,,,,0
1,6wt574tn,668a6f07c623b9b9500b962f,0,3,52,intro,comprehensionQuestions,2026-01-12 11:58:17.222049,1,,,0.0,1,,0.0,,control,,0.0,11,1,,,free_data,,,,,,,0.0,0.0,,,0,461q1n1d,,,,,0
2,msi911c4,5f8ece6117db5206eafc8b73,0,52,52,post_exp,FinalForProlific,2026-01-12 12:08:06.099778,1,,,109.78,2,,105.9,,treatment,,0.0,4,1,1,,free_data,50.0,12.0,[],1,9.79071704878857,1,104.9,5.0,105.9,,0,461q1n1d,,,,,0
3,ybu7wgc0,62a0de11fe1eb0f5e7a97389,0,52,52,post_exp,FinalForProlific,2026-01-12 12:42:59.794356,1,,,110.74,3,,110.79,,treatment,,0.0,6,1,1,,free_data,100.0,27.0,[],1,9.79071704878857,1,109.79,7.0,110.79,,0,461q1n1d,,,,,0
4,t2whvuhh,5f2f03deec679e2cf4a992e6,0,52,52,post_exp,FinalForProlific,2026-01-12 12:43:17.998797,1,,,112.35,4,,100.0,,treatment,,0.0,9,1,1,,free_data,0.0,-4.0,[],0,9.79071704878857,1,100.0,4.0,100.0,,0,461q1n1d,,,,,0
5,9olw9405,5ecae23b40dae00008174c32,0,52,52,post_exp,FinalForProlific,2026-01-12 12:45:31.992880,1,,,118.42,5,,106.87,,control,,0.0,14,1,,,free_data,60.0,23.0,[],1,9.79071704878857,1,105.87,7.0,106.87,,0,461q1n1d,,,,,0
6,p9t04pw0,5ea159434ac916016387488e,0,52,52,post_exp,FinalForProlific,2026-01-12 12:46:57.010699,1,,,105.89,6,,106.9,,treatment,,0.0,6,1,1,,free_data,50.0,10.0,[],1,9.79071704878857,1,104.9,4.0,106.9,,0,461q1n1d,,,,,0
7,ccodk2rc,63d7f3f795d4674597d533a1,0,52,52,post_exp,FinalForProlific,2026-01-12 12:49:25.762528,1,,,118.07,7,,101.47,,treatment,,0.0,9,1,1,,free_data,15.0,17.0,[],0,9.79071704878857,1,101.47,6.0,101.47,,0,461q1n1d,,,,,0
8,samrpio0,5ec79cbd44972a1fceed2719,0,52,52,post_exp,FinalForProlific,2026-01-12 12:51:01.062574,1,,,119.3,8,,108.83,,treatment,,0.0,6,1,1,,free_data,80.0,18.0,[],1,9.79071704878857,1,107.83,3.0,108.83,,0,461q1n1d,,,,,0
9,iwejo55l,66c20b634a3b292d25596fbc,0,3,52,intro,comprehensionQuestions,2026-01-12 12:55:05.751367,1,,,0.0,9,,0.0,,control,,0.0,13,1,,,free_data,,,,,,,0.0,0.0,,,0,461q1n1d,,,,,0
10,j5394dae,60fd14512de6e8dab5242343,0,52,52,post_exp,FinalForProlific,2026-01-12 12:57:07.288139,1,,,115.87,10,,101.98,,treatment,,0.0,8,1,0,,free_data,10.0,4.0,[],1,9.79071704878857,1,100.98,3.0,101.98,,0,461q1n1d,,,,,0
11,i597wq6a,67eff0475e43d9a5390ff55e,0,52,52,post_exp,FinalForProlific,2026-01-12 12:57:25.610637,1,,,126.66,11,,108.83,,treatment,,0.0,11,1,1,,free_data,80.0,1.0,[],1,9.79071704878857,1,107.83,3.0,108.83,,0,461q1n1d,,,,,0
12,ul2kc8gp,6661c9ae13d2c1b196d73a43,0,14,52,main,DataFeeDecision,2026-01-12 13:01:59.306032,1,,,111.58,12,,0.0,,treatment,,0.0,13,1,,,free_data,,,,,,,0.0,0.0,,,0,461q1n1d,,,,,0
13,sgflujhv,63d3fc9de67e1179cdf0d080,0,3,52,intro,comprehensionQuestions,2026-01-12 13:04:09.707872,1,,,0.0,13,,0.0,,control,,0.0,11,1,,,free_data,,,,,,,0.0,0.0,,,0,461q1n1d,,,,,0
14,cfpzesdf,66f69dcc061074dacb886b52,0,52,52,post_exp,FinalForProlific,2026-01-12 13:06:55.036073,1,,,109.41,14,,105.92,,treatment,,0.0,11,1,1,,free_data,40.0,10.0,[],1,9.79071704878857,1,103.92,2.0,105.92,,0,461q1n1d,,,,,0
15,emtejkbt,5d09edb73d40080001655677,0,52,52,post_exp,FinalForProlific,2026-01-12 13:12:41.689463,1,,,110.33,15,,101.98,,treatment,,0.0,9,1,1,,free_data,10.0,0.0,[],1,9.79071704878857,1,100.98,3.0,101.98,,0,461q1n1d,,,,,0
16,9mnmq71z,58bb48b71c81f300014468a3,0,52,52,post_exp,FinalForProlific,2026-01-12 13:18:33.245847,1,,,137.52,16,,110.79,,treatment,,0.0,11,1,1,,free_data,100.0,25.0,[],1,9.79071704878857,1,109.79,5.0,110.79,,0,461q1n1d,,,,,0
17,0epe8f6d,,0,0,52,,,,0,,,0.0,17,,0.0,,control,,0.0,4,1,,,free_data,,,,,,,0.0,0.0,,,0,461q1n1d,,,,,0
18,en9w510c,,0,0,52,,,,0,,,0.0,18,,0.0,,treatment,,0.0,9,1,,,free_data,,,,,,,0.0,0.0,,,0,461q1n1d,,,,,0
19,6qj3vys6,,0,0,52,,,,0,,,0.0,19,,0.0,,treatment,,0.0,5,1,,,free_data,,,,,,,0.0,0.0,,,0,461q1n1d,,,,,0
20,pqcdc1sj,,0,0,52,,,,0,,,0.0,20,,0.0,,treatment,,0.0,7,1,,,free_data,,,,,,,0.0,0.0,,,0,461q1n1d,,,,,0
21,s432tmda,,0,0,52,,,,0,,,0.0,21,,0.0,,control,,0.0,7,1,,,free_data,,,,,,,0.0,0.0,,,0,461q1n1d,,,,,0
22,yxb4ahgs,,0,0,52,,,,0,,,0.0,22,,0.0,,treatment,,0.0,9,1,,,free_data,,,,,,,0.0,0.0,,,0,461q1n1d,,,,,0
23,l9m4eq7c,,0,0,52,,,,0,,,0.0,23,,0.0,,treatment,,0.0,10,1,,,free_data,,,,,,,0.0,0.0,,,0,461q1n1d,,,,,0
24,pyy6b06u,,0,0,52,,,,0,,,0.0,24,,0.0,,treatment,,0.0,4,1,,,free_data,,,,,,,0.0,0.0,,,0,461q1n1d,,,,,0
25,t67bymso,,0,0,52,,,,0,,,0.0,25,,0.0,,control,,0.0,4,1,,,free_data,,,,,,,0.0,0.0,,,0,461q1n1d,,,,,0
26,pbnw6k1u,,0,0,52,,,,0,,,0.0,26,,0.0,,treatment,,0.0,6,1,,,free_data,,,,,,,0.0,0.0,,,0,461q1n1d,,,,,0
27,o8v0tu3x,,0,0,52,,,,0,,,0.0,27,,0.0,,treatment,,0.0,8,1,,,free_data,,,,,,,0.0,0.0,,,0,461q1n1d,,,,,0
28,uz3wphd2,,0,0,52,,,,0,,,0.0,28,,0.0,,treatment,,0.0,12,1,,,free_data,,,,,,,0.0,0.0,,,0,461q1n1d,,,,,0
29,d9kpy4wv,,0,0,52,,,,0,,,0.0,29,,0.0,,control,,0.0,3,1,,,free_data,,,,,,,0.0,0.0,,,0,461q1n1d,,,,,0
30,hn0d0oom,,0,0,52,,,,0,,,0.0,30,,0.0,,treatment,,0.0,11,1,,,free_data,,,,,,,0.0,0.0,,,0,461q1n1d,,,,,0
31,ppt1jtmn,,0,0,52,,,,0,,,0.0,31,,0.0,,treatment,,0.0,13,1,,,free_data,,,,,,,0.0,0.0,,,0,461q1n1d,,,,,0
32,zax1jttz,,0,0,52,,,,0,,,0.0,32,,0.0,,treatment,,0.0,9,1,,,free_data,,,,,,,0.0,0.0,,,0,461q1n1d,,,,,0
33,0yzr41vf,,0,0,52,,,,0,,,0.0,33,,0.0,,control,,0.0,14,1,,,free_data,,,,,,,0.0,0.0,,,0,461q1n1d,,,,,0
34,u4bx83n4,,0,0,52,,,,0,,,0.0,34,,0.0,,treatment,,0.0,10,1,,,free_data,,,,,,,0.0,0.0,,,0,461q1n1d,,,,,0
35,gnbv9v11,,0,0,52,,,,0,,,0.0,35,,0.0,,treatment,,0.0,13,1,,,free_data,,,,,,,0.0,0.0,,,0,461q1n1d,,,,,0
36,xxzedbp3,,0,0,52,,,,0,,,0.0,36,,0.0,,treatment,,0.0,13,1,,,free_data,,,,,,,0.0,0.0,,,0,461q1n1d,,,,,0
37,o8k3ito7,,0,0,52,,,,0,,,0.0,37,,0.0,,control,,0.0,10,1,,,free_data,,,,,,,0.0,0.0,,,0,461q1n1d,,,,,0
38,n8upco0z,,0,0,52,,,,0,,,0.0,38,,0.0,,treatment,,0.0,8,1,,,free_data,,,,,,,0.0,0.0,,,0,461q1n1d,,,,,0
39,4y37qyvy,,0,0,52,,,,0,,,0.0,39,,0.0,,treatment,,0.0,13,1,,,free_data,,,,,,,0.0,0.0,,,0,461q1n1d,,,,,0
40,osildy02,,0,0,52,,,,0,,,0.0,40,,0.0,,treatment,,0.0,8,1,,,free_data,,,,,,,0.0,0.0,,,0,461q1n1d,,,,,0
41,1lsxphst,,0,0,52,,,,0,,,0.0,41,,0.0,,control,,0.0,4,1,,,free_data,,,,,,,0.0,0.0,,,0,461q1n1d,,,,,0
42,3yjm3dhd,,0,0,52,,,,0,,,0.0,42,,0.0,,treatment,,0.0,5,1,,,free_data,,,,,,,0.0,0.0,,,0,461q1n1d,,,,,0
43,6kaioor2,,0,0,52,,,,0,,,0.0,43,,0.0,,treatment,,0.0,11,1,,,free_data,,,,,,,0.0,0.0,,,0,461q1n1d,,,,,0
44,9f7m3hdf,,0,0,52,,,,0,,,0.0,44,,0.0,,treatment,,0.0,14,1,,,free_data,,,,,,,0.0,0.0,,,0,461q1n1d,,,,,0
45,6ut27tp1,,0,0,52,,,,0,,,0.0,45,,0.0,,control,,0.0,5,1,,,free_data,,,,,,,0.0,0.0,,,0,461q1n1d,,,,,0
46,9yh6dlbt,,0,0,52,,,,0,,,0.0,46,,0.0,,treatment,,0.0,14,1,,,free_data,,,,,,,0.0,0.0,,,0,461q1n1d,,,,,0
47,219oy01u,,0,0,52,,,,0,,,0.0,47,,0.0,,treatment,,0.0,14,1,,,free_data,,,,,,,0.0,0.0,,,0,461q1n1d,,,,,0
48,7bpctl9o,,0,0,52,,,,0,,,0.0,48,,0.0,,treatment,,0.0,12,1,,,free_data,,,,,,,0.0,0.0,,,0,461q1n1d,,,,,0
49,7wvvyz5w,,0,0,52,,,,0,,,0.0,49,,0.0,,control,,0.0,12,1,,,free_data,,,,,,,0.0,0.0,,,0,461q1n1d,,,,,0
50,9v6740c3,,0,0,52,,,,0,,,0.0,50,,0.0,,treatment,,0.0,4,1,,,free_data,,,,,,,0.0,0.0,,,0,461q1n1d,,,,,0
51,ykznxeqm,,0,0,52,,,,0,,,0.0,51,,0.0,,treatment,,0.0,9,1,,,free_data,,,,,,,0.0,0.0,,,0,461q1n1d,,,,,0
52,73bgu8ul,,0,0,52,,,,0,,,0.0,52,,0.0,,treatment,,0.0,14,1,,,free_data,,,,,,,0.0,0.0,,,0,461q1n1d,,,,,0
53,ewaeg9gm,,0,0,52,,,,0,,,0.0,53,,0.0,,control,,0.0,5,1,,,free_data,,,,,,,0.0,0.0,,,0,461q1n1d,,,,,0
54,nidpofue,,0,0,52,,,,0,,,0.0,54,,0.0,,treatment,,0.0,3,1,,,free_data,,,,,,,0.0,0.0,,,0,461q1n1d,,,,,0
55,7zgkvvwf,,0,0,52,,,,0,,,0.0,55,,0.0,,treatment,,0.0,13,1,,,free_data,,,,,,,0.0,0.0,,,0,461q1n1d,,,,,0
56,pqoodroh,,0,0,52,,,,0,,,0.0,56,,0.0,,treatment,,0.0,3,1,,,free_data,,,,,,,0.0,0.0,,,0,461q1n1d,,,,,0
57,tkbqtsrd,,0,0,52,,,,0,,,0.0,57,,0.0,,control,,0.0,10,1,,,free_data,,,,,,,0.0,0.0,,,0,461q1n1d,,,,,0
58,dt9odxsr,,0,0,52,,,,0,,,0.0,58,,0.0,,treatment,,0.0,8,1,,,free_data,,,,,,,0.0,0.0,,,0,461q1n1d,,,,,0
59,3ujy8kbo,,0,0,52,,,,0,,,0.0,59,,0.0,,treatment,,0.0,9,1,,,free_data,,,,,,,0.0,0.0,,,0,461q1n1d,,,,,0
60,p4to1yx5,,0,0,52,,,,0,,,0.0,60,,0.0,,treatment,,0.0,11,1,,,free_data,,,,,,,0.0,0.0,,,0,461q1n1d,,,,,0
61,x909whia,,0,0,52,,,,0,,,0.0,61,,0.0,,control,,0.0,13,1,,,free_data,,,,,,,0.0,0.0,,,0,461q1n1d,,,,,0
62,v5adyj4t,,0,0,52,,,,0,,,0.0,62,,0.0,,treatment,,0.0,7,1,,,free_data,,,,,,,0.0,0.0,,,0,461q1n1d,,,,,0
63,bnc4t5dr,,0,0,52,,,,0,,,0.0,63,,0.0,,treatment,,0.0,14,1,,,free_data,,,,,,,0.0,0.0,,,0,461q1n1d,,,,,0
64,ajj007nu,,0,0,52,,,,0,,,0.0,64,,0.0,,treatment,,0.0,13,1,,,free_data,,,,,,,0.0,0.0,,,0,461q1n1d,,,,,0
65,crll0mwy,,0,0,52,,,,0,,,0.0,65,,0.0,,control,,0.0,3,1,,,free_data,,,,,,,0.0,0.0,,,0,461q1n1d,,,,,0
66,8iqnj1ut,,0,0,52,,,,0,,,0.0,66,,0.0,,treatment,,0.0,4,1,,,free_data,,,,,,,0.0,0.0,,,0,461q1n1d,,,,,0
67,w60r8k13,,0,0,52,,,,0,,,0.0,67,,0.0,,treatment,,0.0,10,1,,,free_data,,,,,,,0.0,0.0,,,0,461q1n1d,,,,,0
68,i2sgh938,,0,0,52,,,,0,,,0.0,68,,0.0,,treatment,,0.0,9,1,,,free_data,,,,,,,0.0,0.0,,,0,461q1n1d,,,,,0
69,588ci7nv,,0,0,52,,,,0,,,0.0,69,,0.0,,control,,0.0,10,1,,,free_data,,,,,,,0.0,0.0,,,0,461q1n1d,,,,,0
70,bjo1kx0v,,0,0,52,,,,0,,,0.0,70,,0.0,,treatment,,0.0,6,1,,,free_data,,,,,,,0.0,0.0,,,0,461q1n1d,,,,,0
71,2zmqkvp4,,0,0,52,,,,0,,,0.0,71,,0.0,,treatment,,0.0,11,1,,,free_data,,,,,,,0.0,0.0,,,0,461q1n1d,,,,,0
72,470tfviy,,0,0,52,,,,0,,,0.0,72,,0.0,,treatment,,0.0,8,1,,,free_data,,,,,,,0.0,0.0,,,0,461q1n1d,,,,,0
73,9gyvu00x,,0,0,52,,,,0,,,0.0,73,,0.0,,control,,0.0,14,1,,,free_data,,,,,,,0.0,0.0,,,0,461q1n1d,,,,,0
74,z4p83vub,,0,0,52,,,,0,,,0.0,74,,0.0,,treatment,,0.0,4,1,,,free_data,,,,,,,0.0,0.0,,,0,461q1n1d,,,,,0
75,3jhsgk0s,,0,0,52,,,,0,,,0.0,75,,0.0,,treatment,,0.0,14,1,,,free_data,,,,,,,0.0,0.0,,,0,461q1n1d,,,,,0
76,s78wc8yk,,0,0,52,,,,0,,,0.0,76,,0.0,,treatment,,0.0,7,1,,,free_data,,,,,,,0.0,0.0,,,0,461q1n1d,,,,,0
77,2p2sv4bn,,0,0,52,,,,0,,,0.0,77,,0.0,,control,,0.0,13,1,,,free_data,,,,,,,0.0,0.0,,,0,461q1n1d,,,,,0
78,p5dyvl2a,,0,0,52,,,,0,,,0.0,78,,0.0,,treatment,,0.0,8,1,,,free_data,,,,,,,0.0,0.0,,,0,461q1n1d,,,,,0
79,ctfq4lm0,,0,0,52,,,,0,,,0.0,79,,0.0,,treatment,,0.0,8,1,,,free_data,,,,,,,0.0,0.0,,,0,461q1n1d,,,,,0
80,52mc9nne,,0,0,52,,,,0,,,0.0,80,,0.0,,treatment,,0.0,3,1,,,free_data,,,,,,,0.0,0.0,,,0,461q1n1d,,,,,0
81,1rm81xpy,,0,0,52,,,,0,,,0.0,81,,0.0,,control,,0.0,3,1,,,free_data,,,,,,,0.0,0.0,,,0,461q1n1d,,,,,0
82,ne25do2k,,0,0,52,,,,0,,,0.0,82,,0.0,,treatment,,0.0,6,1,,,free_data,,,,,,,0.0,0.0,,,0,461q1n1d,,,,,0
83,blep05xv,,0,0,52,,,,0,,,0.0,83,,0.0,,treatment,,0.0,12,1,,,free_data,,,,,,,0.0,0.0,,,0,461q1n1d,,,,,0
84,r67ble2p,,0,0,52,,,,0,,,0.0,84,,0.0,,treatment,,0.0,8,1,,,free_data,,,,,,,0.0,0.0,,,0,461q1n1d,,,,,0
85,umkd4k3b,,0,0,52,,,,0,,,0.0,85,,0.0,,control,,0.0,13,1,,,free_data,,,,,,,0.0,0.0,,,0,461q1n1d,,,,,0
86,kede2j6z,,0,0,52,,,,0,,,0.0,86,,0.0,,treatment,,0.0,10,1,,,free_data,,,,,,,0.0,0.0,,,0,461q1n1d,,,,,0
87,bj34gpv1,,0,0,52,,,,0,,,0.0,87,,0.0,,treatment,,0.0,7,1,,,free_data,,,,,,,0.0,0.0,,,0,461q1n1d,,,,,0
88,ol4sgoqx,,0,0,52,,,,0,,,0.0,88,,0.0,,treatment,,0.0,3,1,,,free_data,,,,,,,0.0,0.0,,,0,461q1n1d,,,,,0
89,ds2lqftx,,0,0,52,,,,0,,,0.0,89,,0.0,,control,,0.0,5,1,,,free_data,,,,,,,0.0,0.0,,,0,461q1n1d,,,,,0
90,2gekyf0t,,0,0,52,,,,0,,,0.0,90,,0.0,,treatment,,0.0,4,1,,,free_data,,,,,,,0.0,0.0,,,0,461q1n1d,,,,,0
91,6pr9qwd4,,0,0,52,,,,0,,,0.0,91,,0.0,,treatment,,0.0,5,1,,,free_data,,,,,,,0.0,0.0,,,0,461q1n1d,,,,,0
92,ssgz07b8,,0,0,52,,,,0,,,0.0,92,,0.0,,treatment,,0.0,5,1,,,free_data,,,,,,,0.0,0.0,,,0,461q1n1d,,,,,0
93,409pvrmu,,0,0,52,,,,0,,,0.0,93,,0.0,,control,,0.0,6,1,,,free_data,,,,,,,0.0,0.0,,,0,461q1n1d,,,,,0
94,4fh17kc2,,0,0,52,,,,0,,,0.0,94,,0.0,,treatment,,0.0,5,1,,,free_data,,,,,,,0.0,0.0,,,0,461q1n1d,,,,,0
95,xfzk1x8d,,0,0,52,,,,0,,,0.0,95,,0.0,,treatment,,0.0,11,1,,,free_data,,,,,,,0.0,0.0,,,0,461q1n1d,,,,,0
96,1a5qzoql,,0,0,52,,,,0,,,0.0,96,,0.0,,treatment,,0.0,3,1,,,free_data,,,,,,,0.0,0.0,,,0,461q1n1d,,,,,0
97,3x36m0rt,,0,0,52,,,,0,,,0.0,97,,0.0,,control,,0.0,10,1,,,free_data,,,,,,,0.0,0.0,,,0,461q1n1d,,,,,0
98,wtzczkzr,,0,0,52,,,,0,,,0.0,98,,0.0,,treatment,,0.0,9,1,,,free_data,,,,,,,0.0,0.0,,,0,461q1n1d,,,,,0
99,plebsarm,,0,0,52,,,,0,,,0.0,99,,0.0,,treatment,,0.0,12,1,,,free_data,,,,,,,0.0,0.0,,,0,461q1n1d,,,,,0
100,hthnd810,,0,0,52,,,,0,,,0.0,100,,0.0,,treatment,,0.0,12,1,,,free_data,,,,,,,0.0,0.0,,,0,461q1n1d,,,,,0
1,6wt574tn,668a6f07c623b9b9500b962f,0,3,52,intro,comprehensionQuestions,2026-01-12 11:58:17.222049,1,,,0.0,1,,0.0,,control,,0.0,11,1,,,free_data,,,,,,,0.0,0.0,,,0,461q1n1d,,,,,0
2,msi911c4,5f8ece6117db5206eafc8b73,0,52,52,post_exp,FinalForProlific,2026-01-12 12:08:06.099778,1,,,109.78,2,,99.39,,treatment,,0.0,4,0,0,,paid_data,20.0,5.0,[],,-3.044953941097,0,99.39,5.0,99.39,,0,461q1n1d,,,,,0
3,ybu7wgc0,62a0de11fe1eb0f5e7a97389,0,52,52,post_exp,FinalForProlific,2026-01-12 12:42:59.794356,1,,,110.74,3,,98.48,,treatment,,0.0,6,0,0,,paid_data,50.0,8.0,[],,-3.044953941097,0,98.48,7.0,98.48,,0,461q1n1d,,,,,0
4,t2whvuhh,5f2f03deec679e2cf4a992e6,0,52,52,post_exp,FinalForProlific,2026-01-12 12:43:17.998797,1,,,112.35,4,,94.33,,treatment,,0.0,9,1,1,,paid_data,55.0,20.0,[],1,-3.044953941097,0,94.33,4.0,94.33,,0,461q1n1d,,,,,0
5,9olw9405,5ecae23b40dae00008174c32,0,52,52,post_exp,FinalForProlific,2026-01-12 12:45:31.992880,1,,,118.42,5,,99.48,,control,,0.0,14,1,,,free_data,50.0,18.0,[],0,-3.044953941097,0,98.48,8.0,99.48,,0,461q1n1d,,,,,0
6,p9t04pw0,5ea159434ac916016387488e,0,52,52,post_exp,FinalForProlific,2026-01-12 12:46:57.010699,1,,,105.89,6,,95.24,,treatment,,0.0,6,1,1,,paid_data,25.0,8.0,[],1,-3.044953941097,0,95.24,4.0,95.24,,0,461q1n1d,,,,,0
7,ccodk2rc,63d7f3f795d4674597d533a1,0,52,52,post_exp,FinalForProlific,2026-01-12 12:49:25.762528,1,,,118.07,7,,96.7,,treatment,,0.0,9,1,1,,paid_data,10.0,14.0,[],0,-3.044953941097,0,95.7,7.0,96.7,,0,461q1n1d,,,,,0
8,samrpio0,5ec79cbd44972a1fceed2719,0,52,52,post_exp,FinalForProlific,2026-01-12 12:51:01.062574,1,,,119.3,8,,94.08,,treatment,,0.0,6,1,1,,paid_data,96.0,25.0,[],0,-3.044953941097,0,93.08,4.0,94.08,,0,461q1n1d,,,,,0
9,iwejo55l,66c20b634a3b292d25596fbc,0,3,52,intro,comprehensionQuestions,2026-01-12 12:55:05.751367,1,,,0.0,9,,0.0,,control,,0.0,13,1,,,free_data,,,,,,,0.0,0.0,,,0,461q1n1d,,,,,0
10,j5394dae,60fd14512de6e8dab5242343,0,52,52,post_exp,FinalForProlific,2026-01-12 12:57:07.288139,1,,,115.87,10,,99.09,,treatment,,0.0,8,0,0,,paid_data,30.0,25.0,[],,-3.044953941097,0,99.09,3.0,99.09,,0,461q1n1d,,,,,0
11,i597wq6a,67eff0475e43d9a5390ff55e,0,52,52,post_exp,FinalForProlific,2026-01-12 12:57:25.610637,1,,,126.66,11,,94.33,,treatment,,0.0,11,1,1,,paid_data,55.0,1.0,[],1,-3.044953941097,0,94.33,3.0,94.33,,0,461q1n1d,,,,,0
12,ul2kc8gp,6661c9ae13d2c1b196d73a43,0,14,52,main,DataFeeDecision,2026-01-12 13:01:59.306032,1,,,111.58,12,,0.0,,treatment,,0.0,13,0,,,paid_data,,,,,,,0.0,0.0,,,0,461q1n1d,,,,,0
13,sgflujhv,63d3fc9de67e1179cdf0d080,0,3,52,intro,comprehensionQuestions,2026-01-12 13:04:09.707872,1,,,0.0,13,,0.0,,control,,0.0,11,1,,,free_data,,,,,,,0.0,0.0,,,0,461q1n1d,,,,,0
14,cfpzesdf,66f69dcc061074dacb886b52,0,52,52,post_exp,FinalForProlific,2026-01-12 13:06:55.036073,1,,,109.41,14,,94.78,,treatment,,0.0,11,1,1,,paid_data,40.0,0.0,[],1,-3.044953941097,0,94.78,2.0,94.78,,0,461q1n1d,,,,,0
15,emtejkbt,5d09edb73d40080001655677,0,52,52,post_exp,FinalForProlific,2026-01-12 13:12:41.689463,1,,,110.33,15,,94.48,,treatment,,0.0,9,1,1,,paid_data,50.0,1.0,[],1,-3.044953941097,0,94.48,3.0,94.48,,0,461q1n1d,,,,,0
16,9mnmq71z,58bb48b71c81f300014468a3,0,52,52,post_exp,FinalForProlific,2026-01-12 13:18:33.245847,1,,,137.52,16,,95.48,,treatment,,0.0,11,1,1,,paid_data,50.0,13.0,[],0,-3.044953941097,0,94.48,6.0,95.48,,0,461q1n1d,,,,,0
17,0epe8f6d,,0,0,52,,,,0,,,0.0,17,,0.0,,control,,0.0,4,1,,,free_data,,,,,,,0.0,0.0,,,0,461q1n1d,,,,,0
18,en9w510c,,0,0,52,,,,0,,,0.0,18,,0.0,,treatment,,0.0,9,0,,,paid_data,,,,,,,0.0,0.0,,,0,461q1n1d,,,,,0
19,6qj3vys6,,0,0,52,,,,0,,,0.0,19,,0.0,,treatment,,0.0,5,0,,,paid_data,,,,,,,0.0,0.0,,,0,461q1n1d,,,,,0
20,pqcdc1sj,,0,0,52,,,,0,,,0.0,20,,0.0,,treatment,,0.0,7,0,,,paid_data,,,,,,,0.0,0.0,,,0,461q1n1d,,,,,0
21,s432tmda,,0,0,52,,,,0,,,0.0,21,,0.0,,control,,0.0,7,1,,,free_data,,,,,,,0.0,0.0,,,0,461q1n1d,,,,,0
22,yxb4ahgs,,0,0,52,,,,0,,,0.0,22,,0.0,,treatment,,0.0,9,0,,,paid_data,,,,,,,0.0,0.0,,,0,461q1n1d,,,,,0
23,l9m4eq7c,,0,0,52,,,,0,,,0.0,23,,0.0,,treatment,,0.0,10,0,,,paid_data,,,,,,,0.0,0.0,,,0,461q1n1d,,,,,0
24,pyy6b06u,,0,0,52,,,,0,,,0.0,24,,0.0,,treatment,,0.0,4,0,,,paid_data,,,,,,,0.0,0.0,,,0,461q1n1d,,,,,0
25,t67bymso,,0,0,52,,,,0,,,0.0,25,,0.0,,control,,0.0,4,1,,,free_data,,,,,,,0.0,0.0,,,0,461q1n1d,,,,,0
26,pbnw6k1u,,0,0,52,,,,0,,,0.0,26,,0.0,,treatment,,0.0,6,0,,,paid_data,,,,,,,0.0,0.0,,,0,461q1n1d,,,,,0
27,o8v0tu3x,,0,0,52,,,,0,,,0.0,27,,0.0,,treatment,,0.0,8,0,,,paid_data,,,,,,,0.0,0.0,,,0,461q1n1d,,,,,0
28,uz3wphd2,,0,0,52,,,,0,,,0.0,28,,0.0,,treatment,,0.0,12,0,,,paid_data,,,,,,,0.0,0.0,,,0,461q1n1d,,,,,0
29,d9kpy4wv,,0,0,52,,,,0,,,0.0,29,,0.0,,control,,0.0,3,1,,,free_data,,,,,,,0.0,0.0,,,0,461q1n1d,,,,,0
30,hn0d0oom,,0,0,52,,,,0,,,0.0,30,,0.0,,treatment,,0.0,11,0,,,paid_data,,,,,,,0.0,0.0,,,0,461q1n1d,,,,,0
31,ppt1jtmn,,0,0,52,,,,0,,,0.0,31,,0.0,,treatment,,0.0,13,0,,,paid_data,,,,,,,0.0,0.0,,,0,461q1n1d,,,,,0
32,zax1jttz,,0,0,52,,,,0,,,0.0,32,,0.0,,treatment,,0.0,9,0,,,paid_data,,,,,,,0.0,0.0,,,0,461q1n1d,,,,,0
33,0yzr41vf,,0,0,52,,,,0,,,0.0,33,,0.0,,control,,0.0,14,1,,,free_data,,,,,,,0.0,0.0,,,0,461q1n1d,,,,,0
34,u4bx83n4,,0,0,52,,,,0,,,0.0,34,,0.0,,treatment,,0.0,10,0,,,paid_data,,,,,,,0.0,0.0,,,0,461q1n1d,,,,,0
35,gnbv9v11,,0,0,52,,,,0,,,0.0,35,,0.0,,treatment,,0.0,13,0,,,paid_data,,,,,,,0.0,0.0,,,0,461q1n1d,,,,,0
36,xxzedbp3,,0,0,52,,,,0,,,0.0,36,,0.0,,treatment,,0.0,13,0,,,paid_data,,,,,,,0.0,0.0,,,0,461q1n1d,,,,,0
37,o8k3ito7,,0,0,52,,,,0,,,0.0,37,,0.0,,control,,0.0,10,1,,,free_data,,,,,,,0.0,0.0,,,0,461q1n1d,,,,,0
38,n8upco0z,,0,0,52,,,,0,,,0.0,38,,0.0,,treatment,,0.0,8,0,,,paid_data,,,,,,,0.0,0.0,,,0,461q1n1d,,,,,0
39,4y37qyvy,,0,0,52,,,,0,,,0.0,39,,0.0,,treatment,,0.0,13,0,,,paid_data,,,,,,,0.0,0.0,,,0,461q1n1d,,,,,0
40,osildy02,,0,0,52,,,,0,,,0.0,40,,0.0,,treatment,,0.0,8,0,,,paid_data,,,,,,,0.0,0.0,,,0,461q1n1d,,,,,0
41,1lsxphst,,0,0,52,,,,0,,,0.0,41,,0.0,,control,,0.0,4,1,,,free_data,,,,,,,0.0,0.0,,,0,461q1n1d,,,,,0
42,3yjm3dhd,,0,0,52,,,,0,,,0.0,42,,0.0,,treatment,,0.0,5,0,,,paid_data,,,,,,,0.0,0.0,,,0,461q1n1d,,,,,0
43,6kaioor2,,0,0,52,,,,0,,,0.0,43,,0.0,,treatment,,0.0,11,0,,,paid_data,,,,,,,0.0,0.0,,,0,461q1n1d,,,,,0
44,9f7m3hdf,,0,0,52,,,,0,,,0.0,44,,0.0,,treatment,,0.0,14,0,,,paid_data,,,,,,,0.0,0.0,,,0,461q1n1d,,,,,0
45,6ut27tp1,,0,0,52,,,,0,,,0.0,45,,0.0,,control,,0.0,5,1,,,free_data,,,,,,,0.0,0.0,,,0,461q1n1d,,,,,0
46,9yh6dlbt,,0,0,52,,,,0,,,0.0,46,,0.0,,treatment,,0.0,14,0,,,paid_data,,,,,,,0.0,0.0,,,0,461q1n1d,,,,,0
47,219oy01u,,0,0,52,,,,0,,,0.0,47,,0.0,,treatment,,0.0,14,0,,,paid_data,,,,,,,0.0,0.0,,,0,461q1n1d,,,,,0
48,7bpctl9o,,0,0,52,,,,0,,,0.0,48,,0.0,,treatment,,0.0,12,0,,,paid_data,,,,,,,0.0,0.0,,,0,461q1n1d,,,,,0
49,7wvvyz5w,,0,0,52,,,,0,,,0.0,49,,0.0,,control,,0.0,12,1,,,free_data,,,,,,,0.0,0.0,,,0,461q1n1d,,,,,0
50,9v6740c3,,0,0,52,,,,0,,,0.0,50,,0.0,,treatment,,0.0,4,0,,,paid_data,,,,,,,0.0,0.0,,,0,461q1n1d,,,,,0
51,ykznxeqm,,0,0,52,,,,0,,,0.0,51,,0.0,,treatment,,0.0,9,0,,,paid_data,,,,,,,0.0,0.0,,,0,461q1n1d,,,,,0
52,73bgu8ul,,0,0,52,,,,0,,,0.0,52,,0.0,,treatment,,0.0,14,0,,,paid_data,,,,,,,0.0,0.0,,,0,461q1n1d,,,,,0
53,ewaeg9gm,,0,0,52,,,,0,,,0.0,53,,0.0,,control,,0.0,5,1,,,free_data,,,,,,,0.0,0.0,,,0,461q1n1d,,,,,0
54,nidpofue,,0,0,52,,,,0,,,0.0,54,,0.0,,treatment,,0.0,3,0,,,paid_data,,,,,,,0.0,0.0,,,0,461q1n1d,,,,,0
55,7zgkvvwf,,0,0,52,,,,0,,,0.0,55,,0.0,,treatment,,0.0,13,0,,,paid_data,,,,,,,0.0,0.0,,,0,461q1n1d,,,,,0
56,pqoodroh,,0,0,52,,,,0,,,0.0,56,,0.0,,treatment,,0.0,3,0,,,paid_data,,,,,,,0.0,0.0,,,0,461q1n1d,,,,,0
57,tkbqtsrd,,0,0,52,,,,0,,,0.0,57,,0.0,,control,,0.0,10,1,,,free_data,,,,,,,0.0,0.0,,,0,461q1n1d,,,,,0
58,dt9odxsr,,0,0,52,,,,0,,,0.0,58,,0.0,,treatment,,0.0,8,0,,,paid_data,,,,,,,0.0,0.0,,,0,461q1n1d,,,,,0
59,3ujy8kbo,,0,0,52,,,,0,,,0.0,59,,0.0,,treatment,,0.0,9,0,,,paid_data,,,,,,,0.0,0.0,,,0,461q1n1d,,,,,0
60,p4to1yx5,,0,0,52,,,,0,,,0.0,60,,0.0,,treatment,,0.0,11,0,,,paid_data,,,,,,,0.0,0.0,,,0,461q1n1d,,,,,0
61,x909whia,,0,0,52,,,,0,,,0.0,61,,0.0,,control,,0.0,13,1,,,free_data,,,,,,,0.0,0.0,,,0,461q1n1d,,,,,0
62,v5adyj4t,,0,0,52,,,,0,,,0.0,62,,0.0,,treatment,,0.0,7,0,,,paid_data,,,,,,,0.0,0.0,,,0,461q1n1d,,,,,0
63,bnc4t5dr,,0,0,52,,,,0,,,0.0,63,,0.0,,treatment,,0.0,14,0,,,paid_data,,,,,,,0.0,0.0,,,0,461q1n1d,,,,,0
64,ajj007nu,,0,0,52,,,,0,,,0.0,64,,0.0,,treatment,,0.0,13,0,,,paid_data,,,,,,,0.0,0.0,,,0,461q1n1d,,,,,0
65,crll0mwy,,0,0,52,,,,0,,,0.0,65,,0.0,,control,,0.0,3,1,,,free_data,,,,,,,0.0,0.0,,,0,461q1n1d,,,,,0
66,8iqnj1ut,,0,0,52,,,,0,,,0.0,66,,0.0,,treatment,,0.0,4,0,,,paid_data,,,,,,,0.0,0.0,,,0,461q1n1d,,,,,0
67,w60r8k13,,0,0,52,,,,0,,,0.0,67,,0.0,,treatment,,0.0,10,0,,,paid_data,,,,,,,0.0,0.0,,,0,461q1n1d,,,,,0
68,i2sgh938,,0,0,52,,,,0,,,0.0,68,,0.0,,treatment,,0.0,9,0,,,paid_data,,,,,,,0.0,0.0,,,0,461q1n1d,,,,,0
69,588ci7nv,,0,0,52,,,,0,,,0.0,69,,0.0,,control,,0.0,10,1,,,free_data,,,,,,,0.0,0.0,,,0,461q1n1d,,,,,0
70,bjo1kx0v,,0,0,52,,,,0,,,0.0,70,,0.0,,treatment,,0.0,6,0,,,paid_data,,,,,,,0.0,0.0,,,0,461q1n1d,,,,,0
71,2zmqkvp4,,0,0,52,,,,0,,,0.0,71,,0.0,,treatment,,0.0,11,0,,,paid_data,,,,,,,0.0,0.0,,,0,461q1n1d,,,,,0
72,470tfviy,,0,0,52,,,,0,,,0.0,72,,0.0,,treatment,,0.0,8,0,,,paid_data,,,,,,,0.0,0.0,,,0,461q1n1d,,,,,0
73,9gyvu00x,,0,0,52,,,,0,,,0.0,73,,0.0,,control,,0.0,14,1,,,free_data,,,,,,,0.0,0.0,,,0,461q1n1d,,,,,0
74,z4p83vub,,0,0,52,,,,0,,,0.0,74,,0.0,,treatment,,0.0,4,0,,,paid_data,,,,,,,0.0,0.0,,,0,461q1n1d,,,,,0
75,3jhsgk0s,,0,0,52,,,,0,,,0.0,75,,0.0,,treatment,,0.0,14,0,,,paid_data,,,,,,,0.0,0.0,,,0,461q1n1d,,,,,0
76,s78wc8yk,,0,0,52,,,,0,,,0.0,76,,0.0,,treatment,,0.0,7,0,,,paid_data,,,,,,,0.0,0.0,,,0,461q1n1d,,,,,0
77,2p2sv4bn,,0,0,52,,,,0,,,0.0,77,,0.0,,control,,0.0,13,1,,,free_data,,,,,,,0.0,0.0,,,0,461q1n1d,,,,,0
78,p5dyvl2a,,0,0,52,,,,0,,,0.0,78,,0.0,,treatment,,0.0,8,0,,,paid_data,,,,,,,0.0,0.0,,,0,461q1n1d,,,,,0
79,ctfq4lm0,,0,0,52,,,,0,,,0.0,79,,0.0,,treatment,,0.0,8,0,,,paid_data,,,,,,,0.0,0.0,,,0,461q1n1d,,,,,0
80,52mc9nne,,0,0,52,,,,0,,,0.0,80,,0.0,,treatment,,0.0,3,0,,,paid_data,,,,,,,0.0,0.0,,,0,461q1n1d,,,,,0
81,1rm81xpy,,0,0,52,,,,0,,,0.0,81,,0.0,,control,,0.0,3,1,,,free_data,,,,,,,0.0,0.0,,,0,461q1n1d,,,,,0
82,ne25do2k,,0,0,52,,,,0,,,0.0,82,,0.0,,treatment,,0.0,6,0,,,paid_data,,,,,,,0.0,0.0,,,0,461q1n1d,,,,,0
83,blep05xv,,0,0,52,,,,0,,,0.0,83,,0.0,,treatment,,0.0,12,0,,,paid_data,,,,,,,0.0,0.0,,,0,461q1n1d,,,,,0
84,r67ble2p,,0,0,52,,,,0,,,0.0,84,,0.0,,treatment,,0.0,8,0,,,paid_data,,,,,,,0.0,0.0,,,0,461q1n1d,,,,,0
85,umkd4k3b,,0,0,52,,,,0,,,0.0,85,,0.0,,control,,0.0,13,1,,,free_data,,,,,,,0.0,0.0,,,0,461q1n1d,,,,,0
86,kede2j6z,,0,0,52,,,,0,,,0.0,86,,0.0,,treatment,,0.0,10,0,,,paid_data,,,,,,,0.0,0.0,,,0,461q1n1d,,,,,0
87,bj34gpv1,,0,0,52,,,,0,,,0.0,87,,0.0,,treatment,,0.0,7,0,,,paid_data,,,,,,,0.0,0.0,,,0,461q1n1d,,,,,0
88,ol4sgoqx,,0,0,52,,,,0,,,0.0,88,,0.0,,treatment,,0.0,3,0,,,paid_data,,,,,,,0.0,0.0,,,0,461q1n1d,,,,,0
89,ds2lqftx,,0,0,52,,,,0,,,0.0,89,,0.0,,control,,0.0,5,1,,,free_data,,,,,,,0.0,0.0,,,0,461q1n1d,,,,,0
90,2gekyf0t,,0,0,52,,,,0,,,0.0,90,,0.0,,treatment,,0.0,4,0,,,paid_data,,,,,,,0.0,0.0,,,0,461q1n1d,,,,,0
91,6pr9qwd4,,0,0,52,,,,0,,,0.0,91,,0.0,,treatment,,0.0,5,0,,,paid_data,,,,,,,0.0,0.0,,,0,461q1n1d,,,,,0
92,ssgz07b8,,0,0,52,,,,0,,,0.0,92,,0.0,,treatment,,0.0,5,0,,,paid_data,,,,,,,0.0,0.0,,,0,461q1n1d,,,,,0
93,409pvrmu,,0,0,52,,,,0,,,0.0,93,,0.0,,control,,0.0,6,1,,,free_data,,,,,,,0.0,0.0,,,0,461q1n1d,,,,,0
94,4fh17kc2,,0,0,52,,,,0,,,0.0,94,,0.0,,treatment,,0.0,5,0,,,paid_data,,,,,,,0.0,0.0,,,0,461q1n1d,,,,,0
95,xfzk1x8d,,0,0,52,,,,0,,,0.0,95,,0.0,,treatment,,0.0,11,0,,,paid_data,,,,,,,0.0,0.0,,,0,461q1n1d,,,,,0
96,1a5qzoql,,0,0,52,,,,0,,,0.0,96,,0.0,,treatment,,0.0,3,0,,,paid_data,,,,,,,0.0,0.0,,,0,461q1n1d,,,,,0
97,3x36m0rt,,0,0,52,,,,0,,,0.0,97,,0.0,,control,,0.0,10,1,,,free_data,,,,,,,0.0,0.0,,,0,461q1n1d,,,,,0
98,wtzczkzr,,0,0,52,,,,0,,,0.0,98,,0.0,,treatment,,0.0,9,0,,,paid_data,,,,,,,0.0,0.0,,,0,461q1n1d,,,,,0
99,plebsarm,,0,0,52,,,,0,,,0.0,99,,0.0,,treatment,,0.0,12,0,,,paid_data,,,,,,,0.0,0.0,,,0,461q1n1d,,,,,0
100,hthnd810,,0,0,52,,,,0,,,0.0,100,,0.0,,treatment,,0.0,12,0,,,paid_data,,,,,,,0.0,0.0,,,0,461q1n1d,,,,,0
1,6wt574tn,668a6f07c623b9b9500b962f,0,3,52,intro,comprehensionQuestions,2026-01-12 11:58:17.222049,1,,,0.0,1,,0.0,,control,,0.0,11,1,,,free_data,,,,,,,0.0,0.0,,,0,461q1n1d,,,,,0
2,msi911c4,5f8ece6117db5206eafc8b73,0,52,52,post_exp,FinalForProlific,2026-01-12 12:08:06.099778,1,,,109.78,2,,113.63,,treatment,,0.0,4,0,0,,paid_data,50.0,12.0,[],,27.2586554281825,1,113.63,5.0,113.63,,0,461q1n1d,,,,,0
3,ybu7wgc0,62a0de11fe1eb0f5e7a97389,0,52,52,post_exp,FinalForProlific,2026-01-12 12:42:59.794356,1,,,110.74,3,,123.17,,treatment,,0.0,6,1,1,,paid_data,96.0,22.0,[],1,27.2586554281825,1,122.17,8.0,123.17,,0,461q1n1d,,,,,0
4,t2whvuhh,5f2f03deec679e2cf4a992e6,0,52,52,post_exp,FinalForProlific,2026-01-12 12:43:17.998797,1,,,112.35,4,,110.63,,treatment,,0.0,9,1,1,,paid_data,50.0,18.0,[],1,27.2586554281825,1,109.63,5.0,110.63,,0,461q1n1d,,,,,0
5,9olw9405,5ecae23b40dae00008174c32,0,52,52,post_exp,FinalForProlific,2026-01-12 12:45:31.992880,1,,,118.42,5,,116.36,,control,,0.0,14,1,,,free_data,60.0,16.0,[],0,27.2586554281825,1,116.36,8.0,116.36,,0,461q1n1d,,,,,0
6,p9t04pw0,5ea159434ac916016387488e,0,52,52,post_exp,FinalForProlific,2026-01-12 12:46:57.010699,1,,,105.89,6,,113.36,,treatment,,0.0,6,1,1,,paid_data,60.0,15.0,[],1,27.2586554281825,1,112.36,5.0,113.36,,0,461q1n1d,,,,,0
7,ccodk2rc,63d7f3f795d4674597d533a1,0,52,52,post_exp,FinalForProlific,2026-01-12 12:49:25.762528,1,,,118.07,7,,101.09,,treatment,,0.0,9,1,1,,paid_data,15.0,17.0,[],1,27.2586554281825,1,100.09,8.0,101.09,,0,461q1n1d,,,,,0
8,samrpio0,5ec79cbd44972a1fceed2719,0,52,52,post_exp,FinalForProlific,2026-01-12 12:51:01.062574,1,,,119.3,8,,120.17,,treatment,,0.0,6,1,1,,paid_data,85.0,18.0,[],1,27.2586554281825,1,119.17,5.0,120.17,,0,461q1n1d,,,,,0
9,iwejo55l,66c20b634a3b292d25596fbc,0,3,52,intro,comprehensionQuestions,2026-01-12 12:55:05.751367,1,,,0.0,9,,0.0,,control,,0.0,13,1,,,free_data,,,,,,,0.0,0.0,,,0,461q1n1d,,,,,0
10,j5394dae,60fd14512de6e8dab5242343,0,52,52,post_exp,FinalForProlific,2026-01-12 12:57:07.288139,1,,,115.87,10,,116.36,,treatment,,0.0,8,0,0,,paid_data,60.0,45.0,[],,27.2586554281825,1,116.36,3.0,116.36,,0,461q1n1d,,,,,0
11,i597wq6a,67eff0475e43d9a5390ff55e,0,52,52,post_exp,FinalForProlific,2026-01-12 12:57:25.610637,1,,,126.66,11,,118.81,,treatment,,0.0,11,1,1,,paid_data,80.0,1.0,[],1,27.2586554281825,1,117.81,4.0,118.81,,0,461q1n1d,,,,,0
12,ul2kc8gp,6661c9ae13d2c1b196d73a43,0,14,52,main,DataFeeDecision,2026-01-12 13:01:59.306032,1,,,111.58,12,,0.0,,treatment,,0.0,13,0,,,paid_data,,,,,,,0.0,0.0,,,0,461q1n1d,,,,,0
13,sgflujhv,63d3fc9de67e1179cdf0d080,0,3,52,intro,comprehensionQuestions,2026-01-12 13:04:09.707872,1,,,0.0,13,,0.0,,control,,0.0,11,1,,,free_data,,,,,,,0.0,0.0,,,0,461q1n1d,,,,,0
14,cfpzesdf,66f69dcc061074dacb886b52,0,52,52,post_exp,FinalForProlific,2026-01-12 13:06:55.036073,1,,,109.41,14,,102.81,,treatment,,0.0,11,1,1,,paid_data,25.0,20.0,[],0,27.2586554281825,1,102.81,2.0,102.81,,0,461q1n1d,,,,,0
15,emtejkbt,5d09edb73d40080001655677,0,52,52,post_exp,FinalForProlific,2026-01-12 13:12:41.689463,1,,,110.33,15,,110.63,,treatment,,0.0,9,1,1,,paid_data,50.0,11.0,[],1,27.2586554281825,1,109.63,4.0,110.63,,0,461q1n1d,,,,,0
16,9mnmq71z,58bb48b71c81f300014468a3,0,52,52,post_exp,FinalForProlific,2026-01-12 13:18:33.245847,1,,,137.52,16,,124.17,,treatment,,0.0,11,1,1,,paid_data,96.0,27.0,[],1,27.2586554281825,1,122.17,8.0,124.17,,0,461q1n1d,,,,,0
17,0epe8f6d,,0,0,52,,,,0,,,0.0,17,,0.0,,control,,0.0,4,1,,,free_data,,,,,,,0.0,0.0,,,0,461q1n1d,,,,,0
18,en9w510c,,0,0,52,,,,0,,,0.0,18,,0.0,,treatment,,0.0,9,0,,,paid_data,,,,,,,0.0,0.0,,,0,461q1n1d,,,,,0
19,6qj3vys6,,0,0,52,,,,0,,,0.0,19,,0.0,,treatment,,0.0,5,0,,,paid_data,,,,,,,0.0,0.0,,,0,461q1n1d,,,,,0
20,pqcdc1sj,,0,0,52,,,,0,,,0.0,20,,0.0,,treatment,,0.0,7,0,,,paid_data,,,,,,,0.0,0.0,,,0,461q1n1d,,,,,0
21,s432tmda,,0,0,52,,,,0,,,0.0,21,,0.0,,control,,0.0,7,1,,,free_data,,,,,,,0.0,0.0,,,0,461q1n1d,,,,,0
22,yxb4ahgs,,0,0,52,,,,0,,,0.0,22,,0.0,,treatment,,0.0,9,0,,,paid_data,,,,,,,0.0,0.0,,,0,461q1n1d,,,,,0
23,l9m4eq7c,,0,0,52,,,,0,,,0.0,23,,0.0,,treatment,,0.0,10,0,,,paid_data,,,,,,,0.0,0.0,,,0,461q1n1d,,,,,0
24,pyy6b06u,,0,0,52,,,,0,,,0.0,24,,0.0,,treatment,,0.0,4,0,,,paid_data,,,,,,,0.0,0.0,,,0,461q1n1d,,,,,0
25,t67bymso,,0,0,52,,,,0,,,0.0,25,,0.0,,control,,0.0,4,1,,,free_data,,,,,,,0.0,0.0,,,0,461q1n1d,,,,,0
26,pbnw6k1u,,0,0,52,,,,0,,,0.0,26,,0.0,,treatment,,0.0,6,0,,,paid_data,,,,,,,0.0,0.0,,,0,461q1n1d,,,,,0
27,o8v0tu3x,,0,0,52,,,,0,,,0.0,27,,0.0,,treatment,,0.0,8,0,,,paid_data,,,,,,,0.0,0.0,,,0,461q1n1d,,,,,0
28,uz3wphd2,,0,0,52,,,,0,,,0.0,28,,0.0,,treatment,,0.0,12,0,,,paid_data,,,,,,,0.0,0.0,,,0,461q1n1d,,,,,0
29,d9kpy4wv,,0,0,52,,,,0,,,0.0,29,,0.0,,control,,0.0,3,1,,,free_data,,,,,,,0.0,0.0,,,0,461q1n1d,,,,,0
30,hn0d0oom,,0,0,52,,,,0,,,0.0,30,,0.0,,treatment,,0.0,11,0,,,paid_data,,,,,,,0.0,0.0,,,0,461q1n1d,,,,,0
31,ppt1jtmn,,0,0,52,,,,0,,,0.0,31,,0.0,,treatment,,0.0,13,0,,,paid_data,,,,,,,0.0,0.0,,,0,461q1n1d,,,,,0
32,zax1jttz,,0,0,52,,,,0,,,0.0,32,,0.0,,treatment,,0.0,9,0,,,paid_data,,,,,,,0.0,0.0,,,0,461q1n1d,,,,,0
33,0yzr41vf,,0,0,52,,,,0,,,0.0,33,,0.0,,control,,0.0,14,1,,,free_data,,,,,,,0.0,0.0,,,0,461q1n1d,,,,,0
34,u4bx83n4,,0,0,52,,,,0,,,0.0,34,,0.0,,treatment,,0.0,10,0,,,paid_data,,,,,,,0.0,0.0,,,0,461q1n1d,,,,,0
35,gnbv9v11,,0,0,52,,,,0,,,0.0,35,,0.0,,treatment,,0.0,13,0,,,paid_data,,,,,,,0.0,0.0,,,0,461q1n1d,,,,,0
36,xxzedbp3,,0,0,52,,,,0,,,0.0,36,,0.0,,treatment,,0.0,13,0,,,paid_data,,,,,,,0.0,0.0,,,0,461q1n1d,,,,,0
37,o8k3ito7,,0,0,52,,,,0,,,0.0,37,,0.0,,control,,0.0,10,1,,,free_data,,,,,,,0.0,0.0,,,0,461q1n1d,,,,,0
38,n8upco0z,,0,0,52,,,,0,,,0.0,38,,0.0,,treatment,,0.0,8,0,,,paid_data,,,,,,,0.0,0.0,,,0,461q1n1d,,,,,0
39,4y37qyvy,,0,0,52,,,,0,,,0.0,39,,0.0,,treatment,,0.0,13,0,,,paid_data,,,,,,,0.0,0.0,,,0,461q1n1d,,,,,0
40,osildy02,,0,0,52,,,,0,,,0.0,40,,0.0,,treatment,,0.0,8,0,,,paid_data,,,,,,,0.0,0.0,,,0,461q1n1d,,,,,0
41,1lsxphst,,0,0,52,,,,0,,,0.0,41,,0.0,,control,,0.0,4,1,,,free_data,,,,,,,0.0,0.0,,,0,461q1n1d,,,,,0
42,3yjm3dhd,,0,0,52,,,,0,,,0.0,42,,0.0,,treatment,,0.0,5,0,,,paid_data,,,,,,,0.0,0.0,,,0,461q1n1d,,,,,0
43,6kaioor2,,0,0,52,,,,0,,,0.0,43,,0.0,,treatment,,0.0,11,0,,,paid_data,,,,,,,0.0,0.0,,,0,461q1n1d,,,,,0
44,9f7m3hdf,,0,0,52,,,,0,,,0.0,44,,0.0,,treatment,,0.0,14,0,,,paid_data,,,,,,,0.0,0.0,,,0,461q1n1d,,,,,0
45,6ut27tp1,,0,0,52,,,,0,,,0.0,45,,0.0,,control,,0.0,5,1,,,free_data,,,,,,,0.0,0.0,,,0,461q1n1d,,,,,0
46,9yh6dlbt,,0,0,52,,,,0,,,0.0,46,,0.0,,treatment,,0.0,14,0,,,paid_data,,,,,,,0.0,0.0,,,0,461q1n1d,,,,,0
47,219oy01u,,0,0,52,,,,0,,,0.0,47,,0.0,,treatment,,0.0,14,0,,,paid_data,,,,,,,0.0,0.0,,,0,461q1n1d,,,,,0
48,7bpctl9o,,0,0,52,,,,0,,,0.0,48,,0.0,,treatment,,0.0,12,0,,,paid_data,,,,,,,0.0,0.0,,,0,461q1n1d,,,,,0
49,7wvvyz5w,,0,0,52,,,,0,,,0.0,49,,0.0,,control,,0.0,12,1,,,free_data,,,,,,,0.0,0.0,,,0,461q1n1d,,,,,0
50,9v6740c3,,0,0,52,,,,0,,,0.0,50,,0.0,,treatment,,0.0,4,0,,,paid_data,,,,,,,0.0,0.0,,,0,461q1n1d,,,,,0
51,ykznxeqm,,0,0,52,,,,0,,,0.0,51,,0.0,,treatment,,0.0,9,0,,,paid_data,,,,,,,0.0,0.0,,,0,461q1n1d,,,,,0
52,73bgu8ul,,0,0,52,,,,0,,,0.0,52,,0.0,,treatment,,0.0,14,0,,,paid_data,,,,,,,0.0,0.0,,,0,461q1n1d,,,,,0
53,ewaeg9gm,,0,0,52,,,,0,,,0.0,53,,0.0,,control,,0.0,5,1,,,free_data,,,,,,,0.0,0.0,,,0,461q1n1d,,,,,0
54,nidpofue,,0,0,52,,,,0,,,0.0,54,,0.0,,treatment,,0.0,3,0,,,paid_data,,,,,,,0.0,0.0,,,0,461q1n1d,,,,,0
55,7zgkvvwf,,0,0,52,,,,0,,,0.0,55,,0.0,,treatment,,0.0,13,0,,,paid_data,,,,,,,0.0,0.0,,,0,461q1n1d,,,,,0
56,pqoodroh,,0,0,52,,,,0,,,0.0,56,,0.0,,treatment,,0.0,3,0,,,paid_data,,,,,,,0.0,0.0,,,0,461q1n1d,,,,,0
57,tkbqtsrd,,0,0,52,,,,0,,,0.0,57,,0.0,,control,,0.0,10,1,,,free_data,,,,,,,0.0,0.0,,,0,461q1n1d,,,,,0
58,dt9odxsr,,0,0,52,,,,0,,,0.0,58,,0.0,,treatment,,0.0,8,0,,,paid_data,,,,,,,0.0,0.0,,,0,461q1n1d,,,,,0
59,3ujy8kbo,,0,0,52,,,,0,,,0.0,59,,0.0,,treatment,,0.0,9,0,,,paid_data,,,,,,,0.0,0.0,,,0,461q1n1d,,,,,0
60,p4to1yx5,,0,0,52,,,,0,,,0.0,60,,0.0,,treatment,,0.0,11,0,,,paid_data,,,,,,,0.0,0.0,,,0,461q1n1d,,,,,0
61,x909whia,,0,0,52,,,,0,,,0.0,61,,0.0,,control,,0.0,13,1,,,free_data,,,,,,,0.0,0.0,,,0,461q1n1d,,,,,0
62,v5adyj4t,,0,0,52,,,,0,,,0.0,62,,0.0,,treatment,,0.0,7,0,,,paid_data,,,,,,,0.0,0.0,,,0,461q1n1d,,,,,0
63,bnc4t5dr,,0,0,52,,,,0,,,0.0,63,,0.0,,treatment,,0.0,14,0,,,paid_data,,,,,,,0.0,0.0,,,0,461q1n1d,,,,,0
64,ajj007nu,,0,0,52,,,,0,,,0.0,64,,0.0,,treatment,,0.0,13,0,,,paid_data,,,,,,,0.0,0.0,,,0,461q1n1d,,,,,0
65,crll0mwy,,0,0,52,,,,0,,,0.0,65,,0.0,,control,,0.0,3,1,,,free_data,,,,,,,0.0,0.0,,,0,461q1n1d,,,,,0
66,8iqnj1ut,,0,0,52,,,,0,,,0.0,66,,0.0,,treatment,,0.0,4,0,,,paid_data,,,,,,,0.0,0.0,,,0,461q1n1d,,,,,0
67,w60r8k13,,0,0,52,,,,0,,,0.0,67,,0.0,,treatment,,0.0,10,0,,,paid_data,,,,,,,0.0,0.0,,,0,461q1n1d,,,,,0
68,i2sgh938,,0,0,52,,,,0,,,0.0,68,,0.0,,treatment,,0.0,9,0,,,paid_data,,,,,,,0.0,0.0,,,0,461q1n1d,,,,,0
69,588ci7nv,,0,0,52,,,,0,,,0.0,69,,0.0,,control,,0.0,10,1,,,free_data,,,,,,,0.0,0.0,,,0,461q1n1d,,,,,0
70,bjo1kx0v,,0,0,52,,,,0,,,0.0,70,,0.0,,treatment,,0.0,6,0,,,paid_data,,,,,,,0.0,0.0,,,0,461q1n1d,,,,,0
71,2zmqkvp4,,0,0,52,,,,0,,,0.0,71,,0.0,,treatment,,0.0,11,0,,,paid_data,,,,,,,0.0,0.0,,,0,461q1n1d,,,,,0
72,470tfviy,,0,0,52,,,,0,,,0.0,72,,0.0,,treatment,,0.0,8,0,,,paid_data,,,,,,,0.0,0.0,,,0,461q1n1d,,,,,0
73,9gyvu00x,,0,0,52,,,,0,,,0.0,73,,0.0,,control,,0.0,14,1,,,free_data,,,,,,,0.0,0.0,,,0,461q1n1d,,,,,0
74,z4p83vub,,0,0,52,,,,0,,,0.0,74,,0.0,,treatment,,0.0,4,0,,,paid_data,,,,,,,0.0,0.0,,,0,461q1n1d,,,,,0
75,3jhsgk0s,,0,0,52,,,,0,,,0.0,75,,0.0,,treatment,,0.0,14,0,,,paid_data,,,,,,,0.0,0.0,,,0,461q1n1d,,,,,0
76,s78wc8yk,,0,0,52,,,,0,,,0.0,76,,0.0,,treatment,,0.0,7,0,,,paid_data,,,,,,,0.0,0.0,,,0,461q1n1d,,,,,0
77,2p2sv4bn,,0,0,52,,,,0,,,0.0,77,,0.0,,control,,0.0,13,1,,,free_data,,,,,,,0.0,0.0,,,0,461q1n1d,,,,,0
78,p5dyvl2a,,0,0,52,,,,0,,,0.0,78,,0.0,,treatment,,0.0,8,0,,,paid_data,,,,,,,0.0,0.0,,,0,461q1n1d,,,,,0
79,ctfq4lm0,,0,0,52,,,,0,,,0.0,79,,0.0,,treatment,,0.0,8,0,,,paid_data,,,,,,,0.0,0.0,,,0,461q1n1d,,,,,0
80,52mc9nne,,0,0,52,,,,0,,,0.0,80,,0.0,,treatment,,0.0,3,0,,,paid_data,,,,,,,0.0,0.0,,,0,461q1n1d,,,,,0
81,1rm81xpy,,0,0,52,,,,0,,,0.0,81,,0.0,,control,,0.0,3,1,,,free_data,,,,,,,0.0,0.0,,,0,461q1n1d,,,,,0
82,ne25do2k,,0,0,52,,,,0,,,0.0,82,,0.0,,treatment,,0.0,6,0,,,paid_data,,,,,,,0.0,0.0,,,0,461q1n1d,,,,,0
83,blep05xv,,0,0,52,,,,0,,,0.0,83,,0.0,,treatment,,0.0,12,0,,,paid_data,,,,,,,0.0,0.0,,,0,461q1n1d,,,,,0
84,r67ble2p,,0,0,52,,,,0,,,0.0,84,,0.0,,treatment,,0.0,8,0,,,paid_data,,,,,,,0.0,0.0,,,0,461q1n1d,,,,,0
85,umkd4k3b,,0,0,52,,,,0,,,0.0,85,,0.0,,control,,0.0,13,1,,,free_data,,,,,,,0.0,0.0,,,0,461q1n1d,,,,,0
86,kede2j6z,,0,0,52,,,,0,,,0.0,86,,0.0,,treatment,,0.0,10,0,,,paid_data,,,,,,,0.0,0.0,,,0,461q1n1d,,,,,0
87,bj34gpv1,,0,0,52,,,,0,,,0.0,87,,0.0,,treatment,,0.0,7,0,,,paid_data,,,,,,,0.0,0.0,,,0,461q1n1d,,,,,0
88,ol4sgoqx,,0,0,52,,,,0,,,0.0,88,,0.0,,treatment,,0.0,3,0,,,paid_data,,,,,,,0.0,0.0,,,0,461q1n1d,,,,,0
89,ds2lqftx,,0,0,52,,,,0,,,0.0,89,,0.0,,control,,0.0,5,1,,,free_data,,,,,,,0.0,0.0,,,0,461q1n1d,,,,,0
90,2gekyf0t,,0,0,52,,,,0,,,0.0,90,,0.0,,treatment,,0.0,4,0,,,paid_data,,,,,,,0.0,0.0,,,0,461q1n1d,,,,,0
91,6pr9qwd4,,0,0,52,,,,0,,,0.0,91,,0.0,,treatment,,0.0,5,0,,,paid_data,,,,,,,0.0,0.0,,,0,461q1n1d,,,,,0
92,ssgz07b8,,0,0,52,,,,0,,,0.0,92,,0.0,,treatment,,0.0,5,0,,,paid_data,,,,,,,0.0,0.0,,,0,461q1n1d,,,,,0
93,409pvrmu,,0,0,52,,,,0,,,0.0,93,,0.0,,control,,0.0,6,1,,,free_data,,,,,,,0.0,0.0,,,0,461q1n1d,,,,,0
94,4fh17kc2,,0,0,52,,,,0,,,0.0,94,,0.0,,treatment,,0.0,5,0,,,paid_data,,,,,,,0.0,0.0,,,0,461q1n1d,,,,,0
95,xfzk1x8d,,0,0,52,,,,0,,,0.0,95,,0.0,,treatment,,0.0,11,0,,,paid_data,,,,,,,0.0,0.0,,,0,461q1n1d,,,,,0
96,1a5qzoql,,0,0,52,,,,0,,,0.0,96,,0.0,,treatment,,0.0,3,0,,,paid_data,,,,,,,0.0,0.0,,,0,461q1n1d,,,,,0
97,3x36m0rt,,0,0,52,,,,0,,,0.0,97,,0.0,,control,,0.0,10,1,,,free_data,,,,,,,0.0,0.0,,,0,461q1n1d,,,,,0
98,wtzczkzr,,0,0,52,,,,0,,,0.0,98,,0.0,,treatment,,0.0,9,0,,,paid_data,,,,,,,0.0,0.0,,,0,461q1n1d,,,,,0
99,plebsarm,,0,0,52,,,,0,,,0.0,99,,0.0,,treatment,,0.0,12,0,,,paid_data,,,,,,,0.0,0.0,,,0,461q1n1d,,,,,0
100,hthnd810,,0,0,52,,,,0,,,0.0,100,,0.0,,treatment,,0.0,12,0,,,paid_data,,,,,,,0.0,0.0,,,0,461q1n1d,,,,,0
1,6wt574tn,668a6f07c623b9b9500b962f,0,3,52,intro,comprehensionQuestions,2026-01-12 11:58:17.222049,1,,,0.0,1,,0.0,,control,,0.0,11,1,,,free_data,,,,,,,0.0,0.0,,,0,461q1n1d,,,,,0
2,msi911c4,5f8ece6117db5206eafc8b73,0,52,52,post_exp,FinalForProlific,2026-01-12 12:08:06.099778,1,,,109.78,2,,97.0,,treatment,,0.0,4,1,1,,paid_data,0.0,-22.0,[],0,7.45550661474446,0,96.0,6.0,97.0,,0,461q1n1d,,,,,0
3,ybu7wgc0,62a0de11fe1eb0f5e7a97389,0,52,52,post_exp,FinalForProlific,2026-01-12 12:42:59.794356,1,,,110.74,3,,100.73,,treatment,,0.0,6,1,1,,paid_data,50.0,9.0,[],0,7.45550661474446,0,99.73,9.0,100.73,,0,461q1n1d,,,,,0
4,t2whvuhh,5f2f03deec679e2cf4a992e6,0,52,52,post_exp,FinalForProlific,2026-01-12 12:43:17.998797,1,,,112.35,4,,96.75,,treatment,,0.0,9,1,1,,paid_data,10.0,3.0,[],1,7.45550661474446,0,96.75,5.0,96.75,,0,461q1n1d,,,,,0
5,9olw9405,5ecae23b40dae00008174c32,0,52,52,post_exp,FinalForProlific,2026-01-12 12:45:31.992880,1,,,118.42,5,,104.73,,control,,0.0,14,1,,,free_data,50.0,22.0,[],0,7.45550661474446,0,103.73,9.0,104.73,,0,461q1n1d,,,,,0
6,p9t04pw0,5ea159434ac916016387488e,0,52,52,post_exp,FinalForProlific,2026-01-12 12:46:57.010699,1,,,105.89,6,,102.71,,treatment,,0.0,6,1,1,,paid_data,90.0,30.0,[],1,7.45550661474446,0,102.71,5.0,102.71,,0,461q1n1d,,,,,0
7,ccodk2rc,63d7f3f795d4674597d533a1,0,52,52,post_exp,FinalForProlific,2026-01-12 12:49:25.762528,1,,,118.07,7,,98.12,,treatment,,0.0,9,1,1,,paid_data,15.0,15.0,[],0,7.45550661474446,0,97.12,9.0,98.12,,0,461q1n1d,,,,,0
8,samrpio0,5ec79cbd44972a1fceed2719,0,52,52,post_exp,FinalForProlific,2026-01-12 12:51:01.062574,1,,,119.3,8,,107.46,,treatment,,0.0,6,0,0,,paid_data,100.0,38.0,[],,7.45550661474446,0,107.46,5.0,107.46,,0,461q1n1d,,,,,0
9,iwejo55l,66c20b634a3b292d25596fbc,0,3,52,intro,comprehensionQuestions,2026-01-12 12:55:05.751367,1,,,0.0,9,,0.0,,control,,0.0,13,1,,,free_data,,,,,,,0.0,0.0,,,0,461q1n1d,,,,,0
10,j5394dae,60fd14512de6e8dab5242343,0,52,52,post_exp,FinalForProlific,2026-01-12 12:57:07.288139,1,,,115.87,10,,102.24,,treatment,,0.0,8,0,0,,paid_data,30.0,23.0,[],,7.45550661474446,0,102.24,3.0,102.24,,0,461q1n1d,,,,,0
11,i597wq6a,67eff0475e43d9a5390ff55e,0,52,52,post_exp,FinalForProlific,2026-01-12 12:57:25.610637,1,,,126.66,11,,102.34,,treatment,,0.0,11,1,1,,paid_data,85.0,1.0,[],1,7.45550661474446,0,102.34,4.0,102.34,,0,461q1n1d,,,,,0
12,ul2kc8gp,6661c9ae13d2c1b196d73a43,0,14,52,main,DataFeeDecision,2026-01-12 13:01:59.306032,1,,,111.58,12,,0.0,,treatment,,0.0,13,0,,,paid_data,,,,,,,0.0,0.0,,,0,461q1n1d,,,,,0
13,sgflujhv,63d3fc9de67e1179cdf0d080,0,3,52,intro,comprehensionQuestions,2026-01-12 13:04:09.707872,1,,,0.0,13,,0.0,,control,,0.0,11,1,,,free_data,,,,,,,0.0,0.0,,,0,461q1n1d,,,,,0
14,cfpzesdf,66f69dcc061074dacb886b52,0,52,52,post_exp,FinalForProlific,2026-01-12 13:06:55.036073,1,,,109.41,14,,97.86,,treatment,,0.0,11,1,1,,paid_data,25.0,10.0,[],1,7.45550661474446,0,97.86,2.0,97.86,,0,461q1n1d,,,,,0
15,emtejkbt,5d09edb73d40080001655677,0,52,52,post_exp,FinalForProlific,2026-01-12 13:12:41.689463,1,,,110.33,15,,96.75,,treatment,,0.0,9,1,1,,paid_data,10.0,5.0,[],1,7.45550661474446,0,96.75,4.0,96.75,,0,461q1n1d,,,,,0
16,9mnmq71z,58bb48b71c81f300014468a3,0,52,52,post_exp,FinalForProlific,2026-01-12 13:18:33.245847,1,,,137.52,16,,97.49,,treatment,,0.0,11,1,1,,paid_data,20.0,5.0,[],1,7.45550661474446,0,97.49,8.0,97.49,,0,461q1n1d,,,,,0
17,0epe8f6d,,0,0,52,,,,0,,,0.0,17,,0.0,,control,,0.0,4,1,,,free_data,,,,,,,0.0,0.0,,,0,461q1n1d,,,,,0
18,en9w510c,,0,0,52,,,,0,,,0.0,18,,0.0,,treatment,,0.0,9,0,,,paid_data,,,,,,,0.0,0.0,,,0,461q1n1d,,,,,0
19,6qj3vys6,,0,0,52,,,,0,,,0.0,19,,0.0,,treatment,,0.0,5,0,,,paid_data,,,,,,,0.0,0.0,,,0,461q1n1d,,,,,0
20,pqcdc1sj,,0,0,52,,,,0,,,0.0,20,,0.0,,treatment,,0.0,7,0,,,paid_data,,,,,,,0.0,0.0,,,0,461q1n1d,,,,,0
21,s432tmda,,0,0,52,,,,0,,,0.0,21,,0.0,,control,,0.0,7,1,,,free_data,,,,,,,0.0,0.0,,,0,461q1n1d,,,,,0
22,yxb4ahgs,,0,0,52,,,,0,,,0.0,22,,0.0,,treatment,,0.0,9,0,,,paid_data,,,,,,,0.0,0.0,,,0,461q1n1d,,,,,0
23,l9m4eq7c,,0,0,52,,,,0,,,0.0,23,,0.0,,treatment,,0.0,10,0,,,paid_data,,,,,,,0.0,0.0,,,0,461q1n1d,,,,,0
24,pyy6b06u,,0,0,52,,,,0,,,0.0,24,,0.0,,treatment,,0.0,4,0,,,paid_data,,,,,,,0.0,0.0,,,0,461q1n1d,,,,,0
25,t67bymso,,0,0,52,,,,0,,,0.0,25,,0.0,,control,,0.0,4,1,,,free_data,,,,,,,0.0,0.0,,,0,461q1n1d,,,,,0
26,pbnw6k1u,,0,0,52,,,,0,,,0.0,26,,0.0,,treatment,,0.0,6,0,,,paid_data,,,,,,,0.0,0.0,,,0,461q1n1d,,,,,0
27,o8v0tu3x,,0,0,52,,,,0,,,0.0,27,,0.0,,treatment,,0.0,8,0,,,paid_data,,,,,,,0.0,0.0,,,0,461q1n1d,,,,,0
28,uz3wphd2,,0,0,52,,,,0,,,0.0,28,,0.0,,treatment,,0.0,12,0,,,paid_data,,,,,,,0.0,0.0,,,0,461q1n1d,,,,,0
29,d9kpy4wv,,0,0,52,,,,0,,,0.0,29,,0.0,,control,,0.0,3,1,,,free_data,,,,,,,0.0,0.0,,,0,461q1n1d,,,,,0
30,hn0d0oom,,0,0,52,,,,0,,,0.0,30,,0.0,,treatment,,0.0,11,0,,,paid_data,,,,,,,0.0,0.0,,,0,461q1n1d,,,,,0
31,ppt1jtmn,,0,0,52,,,,0,,,0.0,31,,0.0,,treatment,,0.0,13,0,,,paid_data,,,,,,,0.0,0.0,,,0,461q1n1d,,,,,0
32,zax1jttz,,0,0,52,,,,0,,,0.0,32,,0.0,,treatment,,0.0,9,0,,,paid_data,,,,,,,0.0,0.0,,,0,461q1n1d,,,,,0
33,0yzr41vf,,0,0,52,,,,0,,,0.0,33,,0.0,,control,,0.0,14,1,,,free_data,,,,,,,0.0,0.0,,,0,461q1n1d,,,,,0
34,u4bx83n4,,0,0,52,,,,0,,,0.0,34,,0.0,,treatment,,0.0,10,0,,,paid_data,,,,,,,0.0,0.0,,,0,461q1n1d,,,,,0
35,gnbv9v11,,0,0,52,,,,0,,,0.0,35,,0.0,,treatment,,0.0,13,0,,,paid_data,,,,,,,0.0,0.0,,,0,461q1n1d,,,,,0
36,xxzedbp3,,0,0,52,,,,0,,,0.0,36,,0.0,,treatment,,0.0,13,0,,,paid_data,,,,,,,0.0,0.0,,,0,461q1n1d,,,,,0
37,o8k3ito7,,0,0,52,,,,0,,,0.0,37,,0.0,,control,,0.0,10,1,,,free_data,,,,,,,0.0,0.0,,,0,461q1n1d,,,,,0
38,n8upco0z,,0,0,52,,,,0,,,0.0,38,,0.0,,treatment,,0.0,8,0,,,paid_data,,,,,,,0.0,0.0,,,0,461q1n1d,,,,,0
39,4y37qyvy,,0,0,52,,,,0,,,0.0,39,,0.0,,treatment,,0.0,13,0,,,paid_data,,,,,,,0.0,0.0,,,0,461q1n1d,,,,,0
40,osildy02,,0,0,52,,,,0,,,0.0,40,,0.0,,treatment,,0.0,8,0,,,paid_data,,,,,,,0.0,0.0,,,0,461q1n1d,,,,,0
41,1lsxphst,,0,0,52,,,,0,,,0.0,41,,0.0,,control,,0.0,4,1,,,free_data,,,,,,,0.0,0.0,,,0,461q1n1d,,,,,0
42,3yjm3dhd,,0,0,52,,,,0,,,0.0,42,,0.0,,treatment,,0.0,5,0,,,paid_data,,,,,,,0.0,0.0,,,0,461q1n1d,,,,,0
43,6kaioor2,,0,0,52,,,,0,,,0.0,43,,0.0,,treatment,,0.0,11,0,,,paid_data,,,,,,,0.0,0.0,,,0,461q1n1d,,,,,0
44,9f7m3hdf,,0,0,52,,,,0,,,0.0,44,,0.0,,treatment,,0.0,14,0,,,paid_data,,,,,,,0.0,0.0,,,0,461q1n1d,,,,,0
45,6ut27tp1,,0,0,52,,,,0,,,0.0,45,,0.0,,control,,0.0,5,1,,,free_data,,,,,,,0.0,0.0,,,0,461q1n1d,,,,,0
46,9yh6dlbt,,0,0,52,,,,0,,,0.0,46,,0.0,,treatment,,0.0,14,0,,,paid_data,,,,,,,0.0,0.0,,,0,461q1n1d,,,,,0
47,219oy01u,,0,0,52,,,,0,,,0.0,47,,0.0,,treatment,,0.0,14,0,,,paid_data,,,,,,,0.0,0.0,,,0,461q1n1d,,,,,0
48,7bpctl9o,,0,0,52,,,,0,,,0.0,48,,0.0,,treatment,,0.0,12,0,,,paid_data,,,,,,,0.0,0.0,,,0,461q1n1d,,,,,0
49,7wvvyz5w,,0,0,52,,,,0,,,0.0,49,,0.0,,control,,0.0,12,1,,,free_data,,,,,,,0.0,0.0,,,0,461q1n1d,,,,,0
50,9v6740c3,,0,0,52,,,,0,,,0.0,50,,0.0,,treatment,,0.0,4,0,,,paid_data,,,,,,,0.0,0.0,,,0,461q1n1d,,,,,0
51,ykznxeqm,,0,0,52,,,,0,,,0.0,51,,0.0,,treatment,,0.0,9,0,,,paid_data,,,,,,,0.0,0.0,,,0,461q1n1d,,,,,0
52,73bgu8ul,,0,0,52,,,,0,,,0.0,52,,0.0,,treatment,,0.0,14,0,,,paid_data,,,,,,,0.0,0.0,,,0,461q1n1d,,,,,0
53,ewaeg9gm,,0,0,52,,,,0,,,0.0,53,,0.0,,control,,0.0,5,1,,,free_data,,,,,,,0.0,0.0,,,0,461q1n1d,,,,,0
54,nidpofue,,0,0,52,,,,0,,,0.0,54,,0.0,,treatment,,0.0,3,0,,,paid_data,,,,,,,0.0,0.0,,,0,461q1n1d,,,,,0
55,7zgkvvwf,,0,0,52,,,,0,,,0.0,55,,0.0,,treatment,,0.0,13,0,,,paid_data,,,,,,,0.0,0.0,,,0,461q1n1d,,,,,0
56,pqoodroh,,0,0,52,,,,0,,,0.0,56,,0.0,,treatment,,0.0,3,0,,,paid_data,,,,,,,0.0,0.0,,,0,461q1n1d,,,,,0
57,tkbqtsrd,,0,0,52,,,,0,,,0.0,57,,0.0,,control,,0.0,10,1,,,free_data,,,,,,,0.0,0.0,,,0,461q1n1d,,,,,0
58,dt9odxsr,,0,0,52,,,,0,,,0.0,58,,0.0,,treatment,,0.0,8,0,,,paid_data,,,,,,,0.0,0.0,,,0,461q1n1d,,,,,0
59,3ujy8kbo,,0,0,52,,,,0,,,0.0,59,,0.0,,treatment,,0.0,9,0,,,paid_data,,,,,,,0.0,0.0,,,0,461q1n1d,,,,,0
60,p4to1yx5,,0,0,52,,,,0,,,0.0,60,,0.0,,treatment,,0.0,11,0,,,paid_data,,,,,,,0.0,0.0,,,0,461q1n1d,,,,,0
61,x909whia,,0,0,52,,,,0,,,0.0,61,,0.0,,control,,0.0,13,1,,,free_data,,,,,,,0.0,0.0,,,0,461q1n1d,,,,,0
62,v5adyj4t,,0,0,52,,,,0,,,0.0,62,,0.0,,treatment,,0.0,7,0,,,paid_data,,,,,,,0.0,0.0,,,0,461q1n1d,,,,,0
63,bnc4t5dr,,0,0,52,,,,0,,,0.0,63,,0.0,,treatment,,0.0,14,0,,,paid_data,,,,,,,0.0,0.0,,,0,461q1n1d,,,,,0
64,ajj007nu,,0,0,52,,,,0,,,0.0,64,,0.0,,treatment,,0.0,13,0,,,paid_data,,,,,,,0.0,0.0,,,0,461q1n1d,,,,,0
65,crll0mwy,,0,0,52,,,,0,,,0.0,65,,0.0,,control,,0.0,3,1,,,free_data,,,,,,,0.0,0.0,,,0,461q1n1d,,,,,0
66,8iqnj1ut,,0,0,52,,,,0,,,0.0,66,,0.0,,treatment,,0.0,4,0,,,paid_data,,,,,,,0.0,0.0,,,0,461q1n1d,,,,,0
67,w60r8k13,,0,0,52,,,,0,,,0.0,67,,0.0,,treatment,,0.0,10,0,,,paid_data,,,,,,,0.0,0.0,,,0,461q1n1d,,,,,0
68,i2sgh938,,0,0,52,,,,0,,,0.0,68,,0.0,,treatment,,0.0,9,0,,,paid_data,,,,,,,0.0,0.0,,,0,461q1n1d,,,,,0
69,588ci7nv,,0,0,52,,,,0,,,0.0,69,,0.0,,control,,0.0,10,1,,,free_data,,,,,,,0.0,0.0,,,0,461q1n1d,,,,,0
70,bjo1kx0v,,0,0,52,,,,0,,,0.0,70,,0.0,,treatment,,0.0,6,0,,,paid_data,,,,,,,0.0,0.0,,,0,461q1n1d,,,,,0
71,2zmqkvp4,,0,0,52,,,,0,,,0.0,71,,0.0,,treatment,,0.0,11,0,,,paid_data,,,,,,,0.0,0.0,,,0,461q1n1d,,,,,0
72,470tfviy,,0,0,52,,,,0,,,0.0,72,,0.0,,treatment,,0.0,8,0,,,paid_data,,,,,,,0.0,0.0,,,0,461q1n1d,,,,,0
73,9gyvu00x,,0,0,52,,,,0,,,0.0,73,,0.0,,control,,0.0,14,1,,,free_data,,,,,,,0.0,0.0,,,0,461q1n1d,,,,,0
74,z4p83vub,,0,0,52,,,,0,,,0.0,74,,0.0,,treatment,,0.0,4,0,,,paid_data,,,,,,,0.0,0.0,,,0,461q1n1d,,,,,0
75,3jhsgk0s,,0,0,52,,,,0,,,0.0,75,,0.0,,treatment,,0.0,14,0,,,paid_data,,,,,,,0.0,0.0,,,0,461q1n1d,,,,,0
76,s78wc8yk,,0,0,52,,,,0,,,0.0,76,,0.0,,treatment,,0.0,7,0,,,paid_data,,,,,,,0.0,0.0,,,0,461q1n1d,,,,,0
77,2p2sv4bn,,0,0,52,,,,0,,,0.0,77,,0.0,,control,,0.0,13,1,,,free_data,,,,,,,0.0,0.0,,,0,461q1n1d,,,,,0
78,p5dyvl2a,,0,0,52,,,,0,,,0.0,78,,0.0,,treatment,,0.0,8,0,,,paid_data,,,,,,,0.0,0.0,,,0,461q1n1d,,,,,0
79,ctfq4lm0,,0,0,52,,,,0,,,0.0,79,,0.0,,treatment,,0.0,8,0,,,paid_data,,,,,,,0.0,0.0,,,0,461q1n1d,,,,,0
80,52mc9nne,,0,0,52,,,,0,,,0.0,80,,0.0,,treatment,,0.0,3,0,,,paid_data,,,,,,,0.0,0.0,,,0,461q1n1d,,,,,0
81,1rm81xpy,,0,0,52,,,,0,,,0.0,81,,0.0,,control,,0.0,3,1,,,free_data,,,,,,,0.0,0.0,,,0,461q1n1d,,,,,0
82,ne25do2k,,0,0,52,,,,0,,,0.0,82,,0.0,,treatment,,0.0,6,0,,,paid_data,,,,,,,0.0,0.0,,,0,461q1n1d,,,,,0
83,blep05xv,,0,0,52,,,,0,,,0.0,83,,0.0,,treatment,,0.0,12,0,,,paid_data,,,,,,,0.0,0.0,,,0,461q1n1d,,,,,0
84,r67ble2p,,0,0,52,,,,0,,,0.0,84,,0.0,,treatment,,0.0,8,0,,,paid_data,,,,,,,0.0,0.0,,,0,461q1n1d,,,,,0
85,umkd4k3b,,0,0,52,,,,0,,,0.0,85,,0.0,,control,,0.0,13,1,,,free_data,,,,,,,0.0,0.0,,,0,461q1n1d,,,,,0
86,kede2j6z,,0,0,52,,,,0,,,0.0,86,,0.0,,treatment,,0.0,10,0,,,paid_data,,,,,,,0.0,0.0,,,0,461q1n1d,,,,,0
87,bj34gpv1,,0,0,52,,,,0,,,0.0,87,,0.0,,treatment,,0.0,7,0,,,paid_data,,,,,,,0.0,0.0,,,0,461q1n1d,,,,,0
88,ol4sgoqx,,0,0,52,,,,0,,,0.0,88,,0.0,,treatment,,0.0,3,0,,,paid_data,,,,,,,0.0,0.0,,,0,461q1n1d,,,,,0
89,ds2lqftx,,0,0,52,,,,0,,,0.0,89,,0.0,,control,,0.0,5,1,,,free_data,,,,,,,0.0,0.0,,,0,461q1n1d,,,,,0
90,2gekyf0t,,0,0,52,,,,0,,,0.0,90,,0.0,,treatment,,0.0,4,0,,,paid_data,,,,,,,0.0,0.0,,,0,461q1n1d,,,,,0
91,6pr9qwd4,,0,0,52,,,,0,,,0.0,91,,0.0,,treatment,,0.0,5,0,,,paid_data,,,,,,,0.0,0.0,,,0,461q1n1d,,,,,0
92,ssgz07b8,,0,0,52,,,,0,,,0.0,92,,0.0,,treatment,,0.0,5,0,,,paid_data,,,,,,,0.0,0.0,,,0,461q1n1d,,,,,0
93,409pvrmu,,0,0,52,,,,0,,,0.0,93,,0.0,,control,,0.0,6,1,,,free_data,,,,,,,0.0,0.0,,,0,461q1n1d,,,,,0
94,4fh17kc2,,0,0,52,,,,0,,,0.0,94,,0.0,,treatment,,0.0,5,0,,,paid_data,,,,,,,0.0,0.0,,,0,461q1n1d,,,,,0
95,xfzk1x8d,,0,0,52,,,,0,,,0.0,95,,0.0,,treatment,,0.0,11,0,,,paid_data,,,,,,,0.0,0.0,,,0,461q1n1d,,,,,0
96,1a5qzoql,,0,0,52,,,,0,,,0.0,96,,0.0,,treatment,,0.0,3,0,,,paid_data,,,,,,,0.0,0.0,,,0,461q1n1d,,,,,0
97,3x36m0rt,,0,0,52,,,,0,,,0.0,97,,0.0,,control,,0.0,10,1,,,free_data,,,,,,,0.0,0.0,,,0,461q1n1d,,,,,0
98,wtzczkzr,,0,0,52,,,,0,,,0.0,98,,0.0,,treatment,,0.0,9,0,,,paid_data,,,,,,,0.0,0.0,,,0,461q1n1d,,,,,0
99,plebsarm,,0,0,52,,,,0,,,0.0,99,,0.0,,treatment,,0.0,12,0,,,paid_data,,,,,,,0.0,0.0,,,0,461q1n1d,,,,,0
100,hthnd810,,0,0,52,,,,0,,,0.0,100,,0.0,,treatment,,0.0,12,0,,,paid_data,,,,,,,0.0,0.0,,,0,461q1n1d,,,,,0
1,6wt574tn,668a6f07c623b9b9500b962f,0,3,52,intro,comprehensionQuestions,2026-01-12 11:58:17.222049,1,,,0.0,1,,0.0,,control,,0.0,11,1,,,free_data,,,,,,,0.0,0.0,,,0,461q1n1d,,,,,0
2,msi911c4,5f8ece6117db5206eafc8b73,0,52,52,post_exp,FinalForProlific,2026-01-12 12:08:06.099778,1,,,109.78,2,,100.68,,treatment,,0.0,4,1,0,,free_data,10.0,-10.0,[],1,6.84938919260437,0,100.68,6.0,100.68,,0,461q1n1d,,,,,0
3,ybu7wgc0,62a0de11fe1eb0f5e7a97389,0,52,52,post_exp,FinalForProlific,2026-01-12 12:42:59.794356,1,,,110.74,3,,100.68,,treatment,,0.0,6,1,1,,free_data,10.0,-11.0,[],1,6.84938919260437,0,100.68,9.0,100.68,,0,461q1n1d,,,,,0
4,t2whvuhh,5f2f03deec679e2cf4a992e6,0,52,52,post_exp,FinalForProlific,2026-01-12 12:43:17.998797,1,,,112.35,4,,100.0,,treatment,,0.0,9,1,1,,free_data,0.0,4.0,[],1,6.84938919260437,0,100.0,5.0,100.0,,0,461q1n1d,,,,,0
5,9olw9405,5ecae23b40dae00008174c32,0,52,52,post_exp,FinalForProlific,2026-01-12 12:45:31.992880,1,,,118.42,5,,105.11,,control,,0.0,14,1,,,free_data,60.0,8.0,[],0,6.84938919260437,0,104.11,10.0,105.11,,0,461q1n1d,,,,,0
6,p9t04pw0,5ea159434ac916016387488e,0,52,52,post_exp,FinalForProlific,2026-01-12 12:46:57.010699,1,,,105.89,6,,101.37,,treatment,,0.0,6,1,1,,free_data,20.0,5.0,[],1,6.84938919260437,0,101.37,5.0,101.37,,0,461q1n1d,,,,,0
7,ccodk2rc,63d7f3f795d4674597d533a1,0,52,52,post_exp,FinalForProlific,2026-01-12 12:49:25.762528,1,,,118.07,7,,101.68,,treatment,,0.0,9,1,1,,free_data,10.0,10.0,[],0,6.84938919260437,0,100.68,10.0,101.68,,0,461q1n1d,,,,,0
8,samrpio0,5ec79cbd44972a1fceed2719,0,52,52,post_exp,FinalForProlific,2026-01-12 12:51:01.062574,1,,,119.3,8,,103.42,,treatment,,0.0,6,1,1,,free_data,50.0,10.0,[],1,6.84938919260437,0,103.42,5.0,103.42,,0,461q1n1d,,,,,0
9,iwejo55l,66c20b634a3b292d25596fbc,0,3,52,intro,comprehensionQuestions,2026-01-12 12:55:05.751367,1,,,0.0,9,,0.0,,control,,0.0,13,1,,,free_data,,,,,,,0.0,0.0,,,0,461q1n1d,,,,,0
10,j5394dae,60fd14512de6e8dab5242343,0,52,52,post_exp,FinalForProlific,2026-01-12 12:57:07.288139,1,,,115.87,10,,101.37,,treatment,,0.0,8,1,0,,free_data,20.0,18.0,[],1,6.84938919260437,0,101.37,3.0,101.37,,0,461q1n1d,,,,,0
11,i597wq6a,67eff0475e43d9a5390ff55e,0,52,52,post_exp,FinalForProlific,2026-01-12 12:57:25.610637,1,,,126.66,11,,105.48,,treatment,,0.0,11,1,1,,free_data,80.0,1.0,[],1,6.84938919260437,0,105.48,4.0,105.48,,0,461q1n1d,,,,,0
12,ul2kc8gp,6661c9ae13d2c1b196d73a43,0,14,52,main,DataFeeDecision,2026-01-12 13:01:59.306032,1,,,111.58,12,,0.0,,treatment,,0.0,13,1,,,free_data,,,,,,,0.0,0.0,,,0,461q1n1d,,,,,0
13,sgflujhv,63d3fc9de67e1179cdf0d080,0,3,52,intro,comprehensionQuestions,2026-01-12 13:04:09.707872,1,,,0.0,13,,0.0,,control,,0.0,11,1,,,free_data,,,,,,,0.0,0.0,,,0,461q1n1d,,,,,0
14,cfpzesdf,66f69dcc061074dacb886b52,0,52,52,post_exp,FinalForProlific,2026-01-12 13:06:55.036073,1,,,109.41,14,,100.68,,treatment,,0.0,11,1,1,,free_data,10.0,10.0,[],1,6.84938919260437,0,100.68,2.0,100.68,,0,461q1n1d,,,,,0
15,emtejkbt,5d09edb73d40080001655677,0,52,52,post_exp,FinalForProlific,2026-01-12 13:12:41.689463,1,,,110.33,15,,106.85,,treatment,,0.0,9,1,1,,free_data,100.0,17.0,[],1,6.84938919260437,0,106.85,4.0,106.85,,0,461q1n1d,,,,,0
16,9mnmq71z,58bb48b71c81f300014468a3,0,52,52,post_exp,FinalForProlific,2026-01-12 13:18:33.245847,1,,,137.52,16,,101.0,,treatment,,0.0,11,1,1,,free_data,0.0,-13.0,[],0,6.84938919260437,0,100.0,9.0,101.0,,0,461q1n1d,,,,,0
17,0epe8f6d,,0,0,52,,,,0,,,0.0,17,,0.0,,control,,0.0,4,1,,,free_data,,,,,,,0.0,0.0,,,0,461q1n1d,,,,,0
18,en9w510c,,0,0,52,,,,0,,,0.0,18,,0.0,,treatment,,0.0,9,1,,,free_data,,,,,,,0.0,0.0,,,0,461q1n1d,,,,,0
19,6qj3vys6,,0,0,52,,,,0,,,0.0,19,,0.0,,treatment,,0.0,5,1,,,free_data,,,,,,,0.0,0.0,,,0,461q1n1d,,,,,0
20,pqcdc1sj,,0,0,52,,,,0,,,0.0,20,,0.0,,treatment,,0.0,7,1,,,free_data,,,,,,,0.0,0.0,,,0,461q1n1d,,,,,0
21,s432tmda,,0,0,52,,,,0,,,0.0,21,,0.0,,control,,0.0,7,1,,,free_data,,,,,,,0.0,0.0,,,0,461q1n1d,,,,,0
22,yxb4ahgs,,0,0,52,,,,0,,,0.0,22,,0.0,,treatment,,0.0,9,1,,,free_data,,,,,,,0.0,0.0,,,0,461q1n1d,,,,,0
23,l9m4eq7c,,0,0,52,,,,0,,,0.0,23,,0.0,,treatment,,0.0,10,1,,,free_data,,,,,,,0.0,0.0,,,0,461q1n1d,,,,,0
24,pyy6b06u,,0,0,52,,,,0,,,0.0,24,,0.0,,treatment,,0.0,4,1,,,free_data,,,,,,,0.0,0.0,,,0,461q1n1d,,,,,0
25,t67bymso,,0,0,52,,,,0,,,0.0,25,,0.0,,control,,0.0,4,1,,,free_data,,,,,,,0.0,0.0,,,0,461q1n1d,,,,,0
26,pbnw6k1u,,0,0,52,,,,0,,,0.0,26,,0.0,,treatment,,0.0,6,1,,,free_data,,,,,,,0.0,0.0,,,0,461q1n1d,,,,,0
27,o8v0tu3x,,0,0,52,,,,0,,,0.0,27,,0.0,,treatment,,0.0,8,1,,,free_data,,,,,,,0.0,0.0,,,0,461q1n1d,,,,,0
28,uz3wphd2,,0,0,52,,,,0,,,0.0,28,,0.0,,treatment,,0.0,12,1,,,free_data,,,,,,,0.0,0.0,,,0,461q1n1d,,,,,0
29,d9kpy4wv,,0,0,52,,,,0,,,0.0,29,,0.0,,control,,0.0,3,1,,,free_data,,,,,,,0.0,0.0,,,0,461q1n1d,,,,,0
30,hn0d0oom,,0,0,52,,,,0,,,0.0,30,,0.0,,treatment,,0.0,11,1,,,free_data,,,,,,,0.0,0.0,,,0,461q1n1d,,,,,0
31,ppt1jtmn,,0,0,52,,,,0,,,0.0,31,,0.0,,treatment,,0.0,13,1,,,free_data,,,,,,,0.0,0.0,,,0,461q1n1d,,,,,0
32,zax1jttz,,0,0,52,,,,0,,,0.0,32,,0.0,,treatment,,0.0,9,1,,,free_data,,,,,,,0.0,0.0,,,0,461q1n1d,,,,,0
33,0yzr41vf,,0,0,52,,,,0,,,0.0,33,,0.0,,control,,0.0,14,1,,,free_data,,,,,,,0.0,0.0,,,0,461q1n1d,,,,,0
34,u4bx83n4,,0,0,52,,,,0,,,0.0,34,,0.0,,treatment,,0.0,10,1,,,free_data,,,,,,,0.0,0.0,,,0,461q1n1d,,,,,0
35,gnbv9v11,,0,0,52,,,,0,,,0.0,35,,0.0,,treatment,,0.0,13,1,,,free_data,,,,,,,0.0,0.0,,,0,461q1n1d,,,,,0
36,xxzedbp3,,0,0,52,,,,0,,,0.0,36,,0.0,,treatment,,0.0,13,1,,,free_data,,,,,,,0.0,0.0,,,0,461q1n1d,,,,,0
37,o8k3ito7,,0,0,52,,,,0,,,0.0,37,,0.0,,control,,0.0,10,1,,,free_data,,,,,,,0.0,0.0,,,0,461q1n1d,,,,,0
38,n8upco0z,,0,0,52,,,,0,,,0.0,38,,0.0,,treatment,,0.0,8,1,,,free_data,,,,,,,0.0,0.0,,,0,461q1n1d,,,,,0
39,4y37qyvy,,0,0,52,,,,0,,,0.0,39,,0.0,,treatment,,0.0,13,1,,,free_data,,,,,,,0.0,0.0,,,0,461q1n1d,,,,,0
40,osildy02,,0,0,52,,,,0,,,0.0,40,,0.0,,treatment,,0.0,8,1,,,free_data,,,,,,,0.0,0.0,,,0,461q1n1d,,,,,0
41,1lsxphst,,0,0,52,,,,0,,,0.0,41,,0.0,,control,,0.0,4,1,,,free_data,,,,,,,0.0,0.0,,,0,461q1n1d,,,,,0
42,3yjm3dhd,,0,0,52,,,,0,,,0.0,42,,0.0,,treatment,,0.0,5,1,,,free_data,,,,,,,0.0,0.0,,,0,461q1n1d,,,,,0
43,6kaioor2,,0,0,52,,,,0,,,0.0,43,,0.0,,treatment,,0.0,11,1,,,free_data,,,,,,,0.0,0.0,,,0,461q1n1d,,,,,0
44,9f7m3hdf,,0,0,52,,,,0,,,0.0,44,,0.0,,treatment,,0.0,14,1,,,free_data,,,,,,,0.0,0.0,,,0,461q1n1d,,,,,0
45,6ut27tp1,,0,0,52,,,,0,,,0.0,45,,0.0,,control,,0.0,5,1,,,free_data,,,,,,,0.0,0.0,,,0,461q1n1d,,,,,0
46,9yh6dlbt,,0,0,52,,,,0,,,0.0,46,,0.0,,treatment,,0.0,14,1,,,free_data,,,,,,,0.0,0.0,,,0,461q1n1d,,,,,0
47,219oy01u,,0,0,52,,,,0,,,0.0,47,,0.0,,treatment,,0.0,14,1,,,free_data,,,,,,,0.0,0.0,,,0,461q1n1d,,,,,0
48,7bpctl9o,,0,0,52,,,,0,,,0.0,48,,0.0,,treatment,,0.0,12,1,,,free_data,,,,,,,0.0,0.0,,,0,461q1n1d,,,,,0
49,7wvvyz5w,,0,0,52,,,,0,,,0.0,49,,0.0,,control,,0.0,12,1,,,free_data,,,,,,,0.0,0.0,,,0,461q1n1d,,,,,0
50,9v6740c3,,0,0,52,,,,0,,,0.0,50,,0.0,,treatment,,0.0,4,1,,,free_data,,,,,,,0.0,0.0,,,0,461q1n1d,,,,,0
51,ykznxeqm,,0,0,52,,,,0,,,0.0,51,,0.0,,treatment,,0.0,9,1,,,free_data,,,,,,,0.0,0.0,,,0,461q1n1d,,,,,0
52,73bgu8ul,,0,0,52,,,,0,,,0.0,52,,0.0,,treatment,,0.0,14,1,,,free_data,,,,,,,0.0,0.0,,,0,461q1n1d,,,,,0
53,ewaeg9gm,,0,0,52,,,,0,,,0.0,53,,0.0,,control,,0.0,5,1,,,free_data,,,,,,,0.0,0.0,,,0,461q1n1d,,,,,0
54,nidpofue,,0,0,52,,,,0,,,0.0,54,,0.0,,treatment,,0.0,3,1,,,free_data,,,,,,,0.0,0.0,,,0,461q1n1d,,,,,0
55,7zgkvvwf,,0,0,52,,,,0,,,0.0,55,,0.0,,treatment,,0.0,13,1,,,free_data,,,,,,,0.0,0.0,,,0,461q1n1d,,,,,0
56,pqoodroh,,0,0,52,,,,0,,,0.0,56,,0.0,,treatment,,0.0,3,1,,,free_data,,,,,,,0.0,0.0,,,0,461q1n1d,,,,,0
57,tkbqtsrd,,0,0,52,,,,0,,,0.0,57,,0.0,,control,,0.0,10,1,,,free_data,,,,,,,0.0,0.0,,,0,461q1n1d,,,,,0
58,dt9odxsr,,0,0,52,,,,0,,,0.0,58,,0.0,,treatment,,0.0,8,1,,,free_data,,,,,,,0.0,0.0,,,0,461q1n1d,,,,,0
59,3ujy8kbo,,0,0,52,,,,0,,,0.0,59,,0.0,,treatment,,0.0,9,1,,,free_data,,,,,,,0.0,0.0,,,0,461q1n1d,,,,,0
60,p4to1yx5,,0,0,52,,,,0,,,0.0,60,,0.0,,treatment,,0.0,11,1,,,free_data,,,,,,,0.0,0.0,,,0,461q1n1d,,,,,0
61,x909whia,,0,0,52,,,,0,,,0.0,61,,0.0,,control,,0.0,13,1,,,free_data,,,,,,,0.0,0.0,,,0,461q1n1d,,,,,0
62,v5adyj4t,,0,0,52,,,,0,,,0.0,62,,0.0,,treatment,,0.0,7,1,,,free_data,,,,,,,0.0,0.0,,,0,461q1n1d,,,,,0
63,bnc4t5dr,,0,0,52,,,,0,,,0.0,63,,0.0,,treatment,,0.0,14,1,,,free_data,,,,,,,0.0,0.0,,,0,461q1n1d,,,,,0
64,ajj007nu,,0,0,52,,,,0,,,0.0,64,,0.0,,treatment,,0.0,13,1,,,free_data,,,,,,,0.0,0.0,,,0,461q1n1d,,,,,0
65,crll0mwy,,0,0,52,,,,0,,,0.0,65,,0.0,,control,,0.0,3,1,,,free_data,,,,,,,0.0,0.0,,,0,461q1n1d,,,,,0
66,8iqnj1ut,,0,0,52,,,,0,,,0.0,66,,0.0,,treatment,,0.0,4,1,,,free_data,,,,,,,0.0,0.0,,,0,461q1n1d,,,,,0
67,w60r8k13,,0,0,52,,,,0,,,0.0,67,,0.0,,treatment,,0.0,10,1,,,free_data,,,,,,,0.0,0.0,,,0,461q1n1d,,,,,0
68,i2sgh938,,0,0,52,,,,0,,,0.0,68,,0.0,,treatment,,0.0,9,1,,,free_data,,,,,,,0.0,0.0,,,0,461q1n1d,,,,,0
69,588ci7nv,,0,0,52,,,,0,,,0.0,69,,0.0,,control,,0.0,10,1,,,free_data,,,,,,,0.0,0.0,,,0,461q1n1d,,,,,0
70,bjo1kx0v,,0,0,52,,,,0,,,0.0,70,,0.0,,treatment,,0.0,6,1,,,free_data,,,,,,,0.0,0.0,,,0,461q1n1d,,,,,0
71,2zmqkvp4,,0,0,52,,,,0,,,0.0,71,,0.0,,treatment,,0.0,11,1,,,free_data,,,,,,,0.0,0.0,,,0,461q1n1d,,,,,0
72,470tfviy,,0,0,52,,,,0,,,0.0,72,,0.0,,treatment,,0.0,8,1,,,free_data,,,,,,,0.0,0.0,,,0,461q1n1d,,,,,0
73,9gyvu00x,,0,0,52,,,,0,,,0.0,73,,0.0,,control,,0.0,14,1,,,free_data,,,,,,,0.0,0.0,,,0,461q1n1d,,,,,0
74,z4p83vub,,0,0,52,,,,0,,,0.0,74,,0.0,,treatment,,0.0,4,1,,,free_data,,,,,,,0.0,0.0,,,0,461q1n1d,,,,,0
75,3jhsgk0s,,0,0,52,,,,0,,,0.0,75,,0.0,,treatment,,0.0,14,1,,,free_data,,,,,,,0.0,0.0,,,0,461q1n1d,,,,,0
76,s78wc8yk,,0,0,52,,,,0,,,0.0,76,,0.0,,treatment,,0.0,7,1,,,free_data,,,,,,,0.0,0.0,,,0,461q1n1d,,,,,0
77,2p2sv4bn,,0,0,52,,,,0,,,0.0,77,,0.0,,control,,0.0,13,1,,,free_data,,,,,,,0.0,0.0,,,0,461q1n1d,,,,,0
78,p5dyvl2a,,0,0,52,,,,0,,,0.0,78,,0.0,,treatment,,0.0,8,1,,,free_data,,,,,,,0.0,0.0,,,0,461q1n1d,,,,,0
79,ctfq4lm0,,0,0,52,,,,0,,,0.0,79,,0.0,,treatment,,0.0,8,1,,,free_data,,,,,,,0.0,0.0,,,0,461q1n1d,,,,,0
80,52mc9nne,,0,0,52,,,,0,,,0.0,80,,0.0,,treatment,,0.0,3,1,,,free_data,,,,,,,0.0,0.0,,,0,461q1n1d,,,,,0
81,1rm81xpy,,0,0,52,,,,0,,,0.0,81,,0.0,,control,,0.0,3,1,,,free_data,,,,,,,0.0,0.0,,,0,461q1n1d,,,,,0
82,ne25do2k,,0,0,52,,,,0,,,0.0,82,,0.0,,treatment,,0.0,6,1,,,free_data,,,,,,,0.0,0.0,,,0,461q1n1d,,,,,0
83,blep05xv,,0,0,52,,,,0,,,0.0,83,,0.0,,treatment,,0.0,12,1,,,free_data,,,,,,,0.0,0.0,,,0,461q1n1d,,,,,0
84,r67ble2p,,0,0,52,,,,0,,,0.0,84,,0.0,,treatment,,0.0,8,1,,,free_data,,,,,,,0.0,0.0,,,0,461q1n1d,,,,,0
85,umkd4k3b,,0,0,52,,,,0,,,0.0,85,,0.0,,control,,0.0,13,1,,,free_data,,,,,,,0.0,0.0,,,0,461q1n1d,,,,,0
86,kede2j6z,,0,0,52,,,,0,,,0.0,86,,0.0,,treatment,,0.0,10,1,,,free_data,,,,,,,0.0,0.0,,,0,461q1n1d,,,,,0
87,bj34gpv1,,0,0,52,,,,0,,,0.0,87,,0.0,,treatment,,0.0,7,1,,,free_data,,,,,,,0.0,0.0,,,0,461q1n1d,,,,,0
88,ol4sgoqx,,0,0,52,,,,0,,,0.0,88,,0.0,,treatment,,0.0,3,1,,,free_data,,,,,,,0.0,0.0,,,0,461q1n1d,,,,,0
89,ds2lqftx,,0,0,52,,,,0,,,0.0,89,,0.0,,control,,0.0,5,1,,,free_data,,,,,,,0.0,0.0,,,0,461q1n1d,,,,,0
90,2gekyf0t,,0,0,52,,,,0,,,0.0,90,,0.0,,treatment,,0.0,4,1,,,free_data,,,,,,,0.0,0.0,,,0,461q1n1d,,,,,0
91,6pr9qwd4,,0,0,52,,,,0,,,0.0,91,,0.0,,treatment,,0.0,5,1,,,free_data,,,,,,,0.0,0.0,,,0,461q1n1d,,,,,0
92,ssgz07b8,,0,0,52,,,,0,,,0.0,92,,0.0,,treatment,,0.0,5,1,,,free_data,,,,,,,0.0,0.0,,,0,461q1n1d,,,,,0
93,409pvrmu,,0,0,52,,,,0,,,0.0,93,,0.0,,control,,0.0,6,1,,,free_data,,,,,,,0.0,0.0,,,0,461q1n1d,,,,,0
94,4fh17kc2,,0,0,52,,,,0,,,0.0,94,,0.0,,treatment,,0.0,5,1,,,free_data,,,,,,,0.0,0.0,,,0,461q1n1d,,,,,0
95,xfzk1x8d,,0,0,52,,,,0,,,0.0,95,,0.0,,treatment,,0.0,11,1,,,free_data,,,,,,,0.0,0.0,,,0,461q1n1d,,,,,0
96,1a5qzoql,,0,0,52,,,,0,,,0.0,96,,0.0,,treatment,,0.0,3,1,,,free_data,,,,,,,0.0,0.0,,,0,461q1n1d,,,,,0
97,3x36m0rt,,0,0,52,,,,0,,,0.0,97,,0.0,,control,,0.0,10,1,,,free_data,,,,,,,0.0,0.0,,,0,461q1n1d,,,,,0
98,wtzczkzr,,0,0,52,,,,0,,,0.0,98,,0.0,,treatment,,0.0,9,1,,,free_data,,,,,,,0.0,0.0,,,0,461q1n1d,,,,,0
99,plebsarm,,0,0,52,,,,0,,,0.0,99,,0.0,,treatment,,0.0,12,1,,,free_data,,,,,,,0.0,0.0,,,0,461q1n1d,,,,,0
100,hthnd810,,0,0,52,,,,0,,,0.0,100,,0.0,,treatment,,0.0,12,1,,,free_data,,,,,,,0.0,0.0,,,0,461q1n1d,,,,,0
1,6wt574tn,668a6f07c623b9b9500b962f,0,3,52,intro,comprehensionQuestions,2026-01-12 11:58:17.222049,1,,,0.0,1,,0.0,,control,,0.0,11,1,,,free_data,,,,,,,0.0,0.0,,,0,461q1n1d,,,,,0
2,msi911c4,5f8ece6117db5206eafc8b73,0,52,52,post_exp,FinalForProlific,2026-01-12 12:08:06.099778,1,,,109.78,2,,103.41,,treatment,,0.0,4,0,0,,paid_data,60.0,22.0,[],,5.67594590076985,1,103.41,6.0,103.41,,0,461q1n1d,,,,,0
3,ybu7wgc0,62a0de11fe1eb0f5e7a97389,0,52,52,post_exp,FinalForProlific,2026-01-12 12:42:59.794356,1,,,110.74,3,,102.45,,treatment,,0.0,6,1,1,,paid_data,96.0,-7.0,[],1,5.67594590076985,1,101.45,10.0,102.45,,0,461q1n1d,,,,,0
4,t2whvuhh,5f2f03deec679e2cf4a992e6,0,52,52,post_exp,FinalForProlific,2026-01-12 12:43:17.998797,1,,,112.35,4,,101.54,,treatment,,0.0,9,1,1,,paid_data,80.0,9.0,[],1,5.67594590076985,1,100.54,6.0,101.54,,0,461q1n1d,,,,,0
5,9olw9405,5ecae23b40dae00008174c32,0,52,52,post_exp,FinalForProlific,2026-01-12 12:45:31.992880,1,,,118.42,5,,101.57,,control,,0.0,14,1,,,free_data,10.0,-5.0,[],1,5.67594590076985,1,100.57,11.0,101.57,,0,461q1n1d,,,,,0
6,p9t04pw0,5ea159434ac916016387488e,0,52,52,post_exp,FinalForProlific,2026-01-12 12:46:57.010699,1,,,105.89,6,,97.57,,treatment,,0.0,6,1,1,,paid_data,10.0,1.0,[],1,5.67594590076985,1,96.57,6.0,97.57,,0,461q1n1d,,,,,0
7,ccodk2rc,63d7f3f795d4674597d533a1,0,52,52,post_exp,FinalForProlific,2026-01-12 12:49:25.762528,1,,,118.07,7,,98.57,,treatment,,0.0,9,1,1,,paid_data,10.0,5.0,[],1,5.67594590076985,1,96.57,12.0,98.57,,0,461q1n1d,,,,,0
8,samrpio0,5ec79cbd44972a1fceed2719,0,52,52,post_exp,FinalForProlific,2026-01-12 12:51:01.062574,1,,,119.3,8,,97.0,,treatment,,0.0,6,1,1,,paid_data,0.0,-10.0,[],1,5.67594590076985,1,96.0,6.0,97.0,,0,461q1n1d,,,,,0
9,iwejo55l,66c20b634a3b292d25596fbc,0,3,52,intro,comprehensionQuestions,2026-01-12 12:55:05.751367,1,,,0.0,9,,0.0,,control,,0.0,13,1,,,free_data,,,,,,,0.0,0.0,,,0,461q1n1d,,,,,0
10,j5394dae,60fd14512de6e8dab5242343,0,52,52,post_exp,FinalForProlific,2026-01-12 12:57:07.288139,1,,,115.87,10,,98.57,,treatment,,0.0,8,1,1,,paid_data,10.0,5.0,[],1,5.67594590076985,1,96.57,5.0,98.57,,0,461q1n1d,,,,,0
11,i597wq6a,67eff0475e43d9a5390ff55e,0,52,52,post_exp,FinalForProlific,2026-01-12 12:57:25.610637,1,,,126.66,11,,101.54,,treatment,,0.0,11,1,1,,paid_data,80.0,75.0,[],1,5.67594590076985,1,100.54,5.0,101.54,,0,461q1n1d,,,,,0
12,ul2kc8gp,6661c9ae13d2c1b196d73a43,0,14,52,main,DataFeeDecision,2026-01-12 13:01:59.306032,1,,,111.58,12,,0.0,,treatment,,0.0,13,0,,,paid_data,,,,,,,0.0,0.0,,,0,461q1n1d,,,,,0
13,sgflujhv,63d3fc9de67e1179cdf0d080,0,3,52,intro,comprehensionQuestions,2026-01-12 13:04:09.707872,1,,,0.0,13,,0.0,,control,,0.0,11,1,,,free_data,,,,,,,0.0,0.0,,,0,461q1n1d,,,,,0
14,cfpzesdf,66f69dcc061074dacb886b52,0,52,52,post_exp,FinalForProlific,2026-01-12 13:06:55.036073,1,,,109.41,14,,101.42,,treatment,,0.0,11,0,0,,paid_data,25.0,20.0,[],,5.67594590076985,1,101.42,2.0,101.42,,0,461q1n1d,,,,,0
15,emtejkbt,5d09edb73d40080001655677,0,52,52,post_exp,FinalForProlific,2026-01-12 13:12:41.689463,1,,,110.33,15,,102.45,,treatment,,0.0,9,1,1,,paid_data,96.0,13.0,[],1,5.67594590076985,1,101.45,5.0,102.45,,0,461q1n1d,,,,,0
16,9mnmq71z,58bb48b71c81f300014468a3,0,52,52,post_exp,FinalForProlific,2026-01-12 13:18:33.245847,1,,,137.52,16,,98.84,,treatment,,0.0,11,1,1,,paid_data,50.0,15.0,[],0,5.67594590076985,1,98.84,9.0,98.84,,0,461q1n1d,,,,,0
17,0epe8f6d,,0,0,52,,,,0,,,0.0,17,,0.0,,control,,0.0,4,1,,,free_data,,,,,,,0.0,0.0,,,0,461q1n1d,,,,,0
18,en9w510c,,0,0,52,,,,0,,,0.0,18,,0.0,,treatment,,0.0,9,0,,,paid_data,,,,,,,0.0,0.0,,,0,461q1n1d,,,,,0
19,6qj3vys6,,0,0,52,,,,0,,,0.0,19,,0.0,,treatment,,0.0,5,0,,,paid_data,,,,,,,0.0,0.0,,,0,461q1n1d,,,,,0
20,pqcdc1sj,,0,0,52,,,,0,,,0.0,20,,0.0,,treatment,,0.0,7,0,,,paid_data,,,,,,,0.0,0.0,,,0,461q1n1d,,,,,0
21,s432tmda,,0,0,52,,,,0,,,0.0,21,,0.0,,control,,0.0,7,1,,,free_data,,,,,,,0.0,0.0,,,0,461q1n1d,,,,,0
22,yxb4ahgs,,0,0,52,,,,0,,,0.0,22,,0.0,,treatment,,0.0,9,0,,,paid_data,,,,,,,0.0,0.0,,,0,461q1n1d,,,,,0
23,l9m4eq7c,,0,0,52,,,,0,,,0.0,23,,0.0,,treatment,,0.0,10,0,,,paid_data,,,,,,,0.0,0.0,,,0,461q1n1d,,,,,0
24,pyy6b06u,,0,0,52,,,,0,,,0.0,24,,0.0,,treatment,,0.0,4,0,,,paid_data,,,,,,,0.0,0.0,,,0,461q1n1d,,,,,0
25,t67bymso,,0,0,52,,,,0,,,0.0,25,,0.0,,control,,0.0,4,1,,,free_data,,,,,,,0.0,0.0,,,0,461q1n1d,,,,,0
26,pbnw6k1u,,0,0,52,,,,0,,,0.0,26,,0.0,,treatment,,0.0,6,0,,,paid_data,,,,,,,0.0,0.0,,,0,461q1n1d,,,,,0
27,o8v0tu3x,,0,0,52,,,,0,,,0.0,27,,0.0,,treatment,,0.0,8,0,,,paid_data,,,,,,,0.0,0.0,,,0,461q1n1d,,,,,0
28,uz3wphd2,,0,0,52,,,,0,,,0.0,28,,0.0,,treatment,,0.0,12,0,,,paid_data,,,,,,,0.0,0.0,,,0,461q1n1d,,,,,0
29,d9kpy4wv,,0,0,52,,,,0,,,0.0,29,,0.0,,control,,0.0,3,1,,,free_data,,,,,,,0.0,0.0,,,0,461q1n1d,,,,,0
30,hn0d0oom,,0,0,52,,,,0,,,0.0,30,,0.0,,treatment,,0.0,11,0,,,paid_data,,,,,,,0.0,0.0,,,0,461q1n1d,,,,,0
31,ppt1jtmn,,0,0,52,,,,0,,,0.0,31,,0.0,,treatment,,0.0,13,0,,,paid_data,,,,,,,0.0,0.0,,,0,461q1n1d,,,,,0
32,zax1jttz,,0,0,52,,,,0,,,0.0,32,,0.0,,treatment,,0.0,9,0,,,paid_data,,,,,,,0.0,0.0,,,0,461q1n1d,,,,,0
33,0yzr41vf,,0,0,52,,,,0,,,0.0,33,,0.0,,control,,0.0,14,1,,,free_data,,,,,,,0.0,0.0,,,0,461q1n1d,,,,,0
34,u4bx83n4,,0,0,52,,,,0,,,0.0,34,,0.0,,treatment,,0.0,10,0,,,paid_data,,,,,,,0.0,0.0,,,0,461q1n1d,,,,,0
35,gnbv9v11,,0,0,52,,,,0,,,0.0,35,,0.0,,treatment,,0.0,13,0,,,paid_data,,,,,,,0.0,0.0,,,0,461q1n1d,,,,,0
36,xxzedbp3,,0,0,52,,,,0,,,0.0,36,,0.0,,treatment,,0.0,13,0,,,paid_data,,,,,,,0.0,0.0,,,0,461q1n1d,,,,,0
37,o8k3ito7,,0,0,52,,,,0,,,0.0,37,,0.0,,control,,0.0,10,1,,,free_data,,,,,,,0.0,0.0,,,0,461q1n1d,,,,,0
38,n8upco0z,,0,0,52,,,,0,,,0.0,38,,0.0,,treatment,,0.0,8,0,,,paid_data,,,,,,,0.0,0.0,,,0,461q1n1d,,,,,0
39,4y37qyvy,,0,0,52,,,,0,,,0.0,39,,0.0,,treatment,,0.0,13,0,,,paid_data,,,,,,,0.0,0.0,,,0,461q1n1d,,,,,0
40,osildy02,,0,0,52,,,,0,,,0.0,40,,0.0,,treatment,,0.0,8,0,,,paid_data,,,,,,,0.0,0.0,,,0,461q1n1d,,,,,0
41,1lsxphst,,0,0,52,,,,0,,,0.0,41,,0.0,,control,,0.0,4,1,,,free_data,,,,,,,0.0,0.0,,,0,461q1n1d,,,,,0
42,3yjm3dhd,,0,0,52,,,,0,,,0.0,42,,0.0,,treatment,,0.0,5,0,,,paid_data,,,,,,,0.0,0.0,,,0,461q1n1d,,,,,0
43,6kaioor2,,0,0,52,,,,0,,,0.0,43,,0.0,,treatment,,0.0,11,0,,,paid_data,,,,,,,0.0,0.0,,,0,461q1n1d,,,,,0
44,9f7m3hdf,,0,0,52,,,,0,,,0.0,44,,0.0,,treatment,,0.0,14,0,,,paid_data,,,,,,,0.0,0.0,,,0,461q1n1d,,,,,0
45,6ut27tp1,,0,0,52,,,,0,,,0.0,45,,0.0,,control,,0.0,5,1,,,free_data,,,,,,,0.0,0.0,,,0,461q1n1d,,,,,0
46,9yh6dlbt,,0,0,52,,,,0,,,0.0,46,,0.0,,treatment,,0.0,14,0,,,paid_data,,,,,,,0.0,0.0,,,0,461q1n1d,,,,,0
47,219oy01u,,0,0,52,,,,0,,,0.0,47,,0.0,,treatment,,0.0,14,0,,,paid_data,,,,,,,0.0,0.0,,,0,461q1n1d,,,,,0
48,7bpctl9o,,0,0,52,,,,0,,,0.0,48,,0.0,,treatment,,0.0,12,0,,,paid_data,,,,,,,0.0,0.0,,,0,461q1n1d,,,,,0
49,7wvvyz5w,,0,0,52,,,,0,,,0.0,49,,0.0,,control,,0.0,12,1,,,free_data,,,,,,,0.0,0.0,,,0,461q1n1d,,,,,0
50,9v6740c3,,0,0,52,,,,0,,,0.0,50,,0.0,,treatment,,0.0,4,0,,,paid_data,,,,,,,0.0,0.0,,,0,461q1n1d,,,,,0
51,ykznxeqm,,0,0,52,,,,0,,,0.0,51,,0.0,,treatment,,0.0,9,0,,,paid_data,,,,,,,0.0,0.0,,,0,461q1n1d,,,,,0
52,73bgu8ul,,0,0,52,,,,0,,,0.0,52,,0.0,,treatment,,0.0,14,0,,,paid_data,,,,,,,0.0,0.0,,,0,461q1n1d,,,,,0
53,ewaeg9gm,,0,0,52,,,,0,,,0.0,53,,0.0,,control,,0.0,5,1,,,free_data,,,,,,,0.0,0.0,,,0,461q1n1d,,,,,0
54,nidpofue,,0,0,52,,,,0,,,0.0,54,,0.0,,treatment,,0.0,3,0,,,paid_data,,,,,,,0.0,0.0,,,0,461q1n1d,,,,,0
55,7zgkvvwf,,0,0,52,,,,0,,,0.0,55,,0.0,,treatment,,0.0,13,0,,,paid_data,,,,,,,0.0,0.0,,,0,461q1n1d,,,,,0
56,pqoodroh,,0,0,52,,,,0,,,0.0,56,,0.0,,treatment,,0.0,3,0,,,paid_data,,,,,,,0.0,0.0,,,0,461q1n1d,,,,,0
57,tkbqtsrd,,0,0,52,,,,0,,,0.0,57,,0.0,,control,,0.0,10,1,,,free_data,,,,,,,0.0,0.0,,,0,461q1n1d,,,,,0
58,dt9odxsr,,0,0,52,,,,0,,,0.0,58,,0.0,,treatment,,0.0,8,0,,,paid_data,,,,,,,0.0,0.0,,,0,461q1n1d,,,,,0
59,3ujy8kbo,,0,0,52,,,,0,,,0.0,59,,0.0,,treatment,,0.0,9,0,,,paid_data,,,,,,,0.0,0.0,,,0,461q1n1d,,,,,0
60,p4to1yx5,,0,0,52,,,,0,,,0.0,60,,0.0,,treatment,,0.0,11,0,,,paid_data,,,,,,,0.0,0.0,,,0,461q1n1d,,,,,0
61,x909whia,,0,0,52,,,,0,,,0.0,61,,0.0,,control,,0.0,13,1,,,free_data,,,,,,,0.0,0.0,,,0,461q1n1d,,,,,0
62,v5adyj4t,,0,0,52,,,,0,,,0.0,62,,0.0,,treatment,,0.0,7,0,,,paid_data,,,,,,,0.0,0.0,,,0,461q1n1d,,,,,0
63,bnc4t5dr,,0,0,52,,,,0,,,0.0,63,,0.0,,treatment,,0.0,14,0,,,paid_data,,,,,,,0.0,0.0,,,0,461q1n1d,,,,,0
64,ajj007nu,,0,0,52,,,,0,,,0.0,64,,0.0,,treatment,,0.0,13,0,,,paid_data,,,,,,,0.0,0.0,,,0,461q1n1d,,,,,0
65,crll0mwy,,0,0,52,,,,0,,,0.0,65,,0.0,,control,,0.0,3,1,,,free_data,,,,,,,0.0,0.0,,,0,461q1n1d,,,,,0
66,8iqnj1ut,,0,0,52,,,,0,,,0.0,66,,0.0,,treatment,,0.0,4,0,,,paid_data,,,,,,,0.0,0.0,,,0,461q1n1d,,,,,0
67,w60r8k13,,0,0,52,,,,0,,,0.0,67,,0.0,,treatment,,0.0,10,0,,,paid_data,,,,,,,0.0,0.0,,,0,461q1n1d,,,,,0
68,i2sgh938,,0,0,52,,,,0,,,0.0,68,,0.0,,treatment,,0.0,9,0,,,paid_data,,,,,,,0.0,0.0,,,0,461q1n1d,,,,,0
69,588ci7nv,,0,0,52,,,,0,,,0.0,69,,0.0,,control,,0.0,10,1,,,free_data,,,,,,,0.0,0.0,,,0,461q1n1d,,,,,0
70,bjo1kx0v,,0,0,52,,,,0,,,0.0,70,,0.0,,treatment,,0.0,6,0,,,paid_data,,,,,,,0.0,0.0,,,0,461q1n1d,,,,,0
71,2zmqkvp4,,0,0,52,,,,0,,,0.0,71,,0.0,,treatment,,0.0,11,0,,,paid_data,,,,,,,0.0,0.0,,,0,461q1n1d,,,,,0
72,470tfviy,,0,0,52,,,,0,,,0.0,72,,0.0,,treatment,,0.0,8,0,,,paid_data,,,,,,,0.0,0.0,,,0,461q1n1d,,,,,0
73,9gyvu00x,,0,0,52,,,,0,,,0.0,73,,0.0,,control,,0.0,14,1,,,free_data,,,,,,,0.0,0.0,,,0,461q1n1d,,,,,0
74,z4p83vub,,0,0,52,,,,0,,,0.0,74,,0.0,,treatment,,0.0,4,0,,,paid_data,,,,,,,0.0,0.0,,,0,461q1n1d,,,,,0
75,3jhsgk0s,,0,0,52,,,,0,,,0.0,75,,0.0,,treatment,,0.0,14,0,,,paid_data,,,,,,,0.0,0.0,,,0,461q1n1d,,,,,0
76,s78wc8yk,,0,0,52,,,,0,,,0.0,76,,0.0,,treatment,,0.0,7,0,,,paid_data,,,,,,,0.0,0.0,,,0,461q1n1d,,,,,0
77,2p2sv4bn,,0,0,52,,,,0,,,0.0,77,,0.0,,control,,0.0,13,1,,,free_data,,,,,,,0.0,0.0,,,0,461q1n1d,,,,,0
78,p5dyvl2a,,0,0,52,,,,0,,,0.0,78,,0.0,,treatment,,0.0,8,0,,,paid_data,,,,,,,0.0,0.0,,,0,461q1n1d,,,,,0
79,ctfq4lm0,,0,0,52,,,,0,,,0.0,79,,0.0,,treatment,,0.0,8,0,,,paid_data,,,,,,,0.0,0.0,,,0,461q1n1d,,,,,0
80,52mc9nne,,0,0,52,,,,0,,,0.0,80,,0.0,,treatment,,0.0,3,0,,,paid_data,,,,,,,0.0,0.0,,,0,461q1n1d,,,,,0
81,1rm81xpy,,0,0,52,,,,0,,,0.0,81,,0.0,,control,,0.0,3,1,,,free_data,,,,,,,0.0,0.0,,,0,461q1n1d,,,,,0
82,ne25do2k,,0,0,52,,,,0,,,0.0,82,,0.0,,treatment,,0.0,6,0,,,paid_data,,,,,,,0.0,0.0,,,0,461q1n1d,,,,,0
83,blep05xv,,0,0,52,,,,0,,,0.0,83,,0.0,,treatment,,0.0,12,0,,,paid_data,,,,,,,0.0,0.0,,,0,461q1n1d,,,,,0
84,r67ble2p,,0,0,52,,,,0,,,0.0,84,,0.0,,treatment,,0.0,8,0,,,paid_data,,,,,,,0.0,0.0,,,0,461q1n1d,,,,,0
85,umkd4k3b,,0,0,52,,,,0,,,0.0,85,,0.0,,control,,0.0,13,1,,,free_data,,,,,,,0.0,0.0,,,0,461q1n1d,,,,,0
86,kede2j6z,,0,0,52,,,,0,,,0.0,86,,0.0,,treatment,,0.0,10,0,,,paid_data,,,,,,,0.0,0.0,,,0,461q1n1d,,,,,0
87,bj34gpv1,,0,0,52,,,,0,,,0.0,87,,0.0,,treatment,,0.0,7,0,,,paid_data,,,,,,,0.0,0.0,,,0,461q1n1d,,,,,0
88,ol4sgoqx,,0,0,52,,,,0,,,0.0,88,,0.0,,treatment,,0.0,3,0,,,paid_data,,,,,,,0.0,0.0,,,0,461q1n1d,,,,,0
89,ds2lqftx,,0,0,52,,,,0,,,0.0,89,,0.0,,control,,0.0,5,1,,,free_data,,,,,,,0.0,0.0,,,0,461q1n1d,,,,,0
90,2gekyf0t,,0,0,52,,,,0,,,0.0,90,,0.0,,treatment,,0.0,4,0,,,paid_data,,,,,,,0.0,0.0,,,0,461q1n1d,,,,,0
91,6pr9qwd4,,0,0,52,,,,0,,,0.0,91,,0.0,,treatment,,0.0,5,0,,,paid_data,,,,,,,0.0,0.0,,,0,461q1n1d,,,,,0
92,ssgz07b8,,0,0,52,,,,0,,,0.0,92,,0.0,,treatment,,0.0,5,0,,,paid_data,,,,,,,0.0,0.0,,,0,461q1n1d,,,,,0
93,409pvrmu,,0,0,52,,,,0,,,0.0,93,,0.0,,control,,0.0,6,1,,,free_data,,,,,,,0.0,0.0,,,0,461q1n1d,,,,,0
94,4fh17kc2,,0,0,52,,,,0,,,0.0,94,,0.0,,treatment,,0.0,5,0,,,paid_data,,,,,,,0.0,0.0,,,0,461q1n1d,,,,,0
95,xfzk1x8d,,0,0,52,,,,0,,,0.0,95,,0.0,,treatment,,0.0,11,0,,,paid_data,,,,,,,0.0,0.0,,,0,461q1n1d,,,,,0
96,1a5qzoql,,0,0,52,,,,0,,,0.0,96,,0.0,,treatment,,0.0,3,0,,,paid_data,,,,,,,0.0,0.0,,,0,461q1n1d,,,,,0
97,3x36m0rt,,0,0,52,,,,0,,,0.0,97,,0.0,,control,,0.0,10,1,,,free_data,,,,,,,0.0,0.0,,,0,461q1n1d,,,,,0
98,wtzczkzr,,0,0,52,,,,0,,,0.0,98,,0.0,,treatment,,0.0,9,0,,,paid_data,,,,,,,0.0,0.0,,,0,461q1n1d,,,,,0
99,plebsarm,,0,0,52,,,,0,,,0.0,99,,0.0,,treatment,,0.0,12,0,,,paid_data,,,,,,,0.0,0.0,,,0,461q1n1d,,,,,0
100,hthnd810,,0,0,52,,,,0,,,0.0,100,,0.0,,treatment,,0.0,12,0,,,paid_data,,,,,,,0.0,0.0,,,0,461q1n1d,,,,,0
