participant.id_in_session,participant.code,participant.label,participant._is_bot,participant._index_in_pages,participant._max_page_index,participant._current_app_name,participant._current_page_name,participant.time_started_utc,participant.visited,participant.mturk_worker_id,participant.mturk_assignment_id,participant.payoff,player.id_in_group,player.role,player.payoff,player.payable_round,player.payoff_for_trade,player.hl_switch_point,player.hl_draw_row,player.hl_draw_option,player.hl_draw_random,player.savings_interest,player.inflation_effect,player.bid_price_definition,player.mortgage_comparison,player.asset_fluctuations,player.investment_risk,player.long_term_returns,player.stock_mutual_fund_loss,player.bid_ask_spread,player.mutual_fund_statements,player.bond_investment,player.credit_card_payment,player.num_quiz_questions,player.num_correct_answers,player.payoff_for_quiz,player.payoff_for_quiz_expected,player.gender,player.age,player.nationality,player.education,player.study_major,player.course_financial,player.experiment_before,player.trading_experience,player.online_trading_experience,player.trading_frequency,player.portfolio_frequency,player.asset_class,player.use_leverage,player.purpose,player.difficulty,player.pilot_difficulty,player.pilot_instruction_clarity,player.pilot_unclear_open,player.pilot_payoff_understanding,player.pilot_interface_clarity,player.pilot_tech_issues,player.pilot_tech_issues_desc,player.pilot_flow_unsure_steps,player.pilot_one_change,player.pilot_surprises_mismatch,player.pilot_missing_info,player.pilot_confusing_wording,session.code,session.label,session.mturk_HITId,session.mturk_HITGroupId,session.comment,session.is_demo
1,nb352xw9,CHAPKOVSKI,0,2,52,intro,Instructions,2026-01-13 12:19:32.125858,1,,,0.0,1,,0.0,11,0.0,,,,,,,,,,,,,,,,,,,,,,,,,,,,,,,,,,,,,,,,,,,,,,,,4pnyq9ay,,,,,0
2,02dt41v2,,0,2,52,intro,Instructions,2026-01-13 12:19:57.501856,1,,,0.0,2,,0.0,3,0.0,,,,,,,,,,,,,,,,,,,,,,,,,,,,,,,,,,,,,,,,,,,,,,,,4pnyq9ay,,,,,0
3,hrnibdd0,5c5ff87f8c0552000109d7de,0,2,52,intro,Instructions,2026-01-13 12:27:22.014726,1,,,0.0,3,,0.0,8,0.0,,,,,,,,,,,,,,,,,,,,,,,,,,,,,,,,,,,,,,,,,,,,,,,,4pnyq9ay,,,,,0
4,0aiehn2r,5ebbc0b64fa5d7198e40eb2b,0,3,52,intro,comprehensionQuestions,2026-01-13 12:27:34.951269,1,,,0.0,4,,0.0,14,0.0,,,,,,,,,,,,,,,,,,,,,,,,,,,,,,,,,,,,,,,,,,,,,,,,4pnyq9ay,,,,,0
5,72ynqf5l,695c0d0826bfa6a67f9d13ed,0,52,52,post_exp,FinalForProlific,2026-01-13 12:29:33.818757,1,,,120.24,5,,120.24,5,0.0,3,4,B,0.032778446657298455,Less than $112,Don't know / Not sure,The highest price a buyer is currently willing to pay.,True,Stocks,Decrease,Stocks,True,The difference between the lowest ask price and the highest bid price.,"Mutual funds can invest in several assets, for example invest in both stocks and bonds",She has lent money to firm B,Never,12,10,2.5,3.0,Male,26,Pakistan,PhD,Other,1,0,1,1,Weekly,Weekly,Cryptocurrencies,Yes,The purpose appears to assess financial knowledge and understanding of basic financial concepts.,Not really,4,5,"The purpose of this study appears to be to assess participants’ financial knowledge and understanding of basic financial concepts such as investing, risk, interest rates, credit, and financial products. The results can help researchers understand levels of financial literacy and how people make financial decisions.",3,2,No,No issues,I was never unsure,No changes,nothing difffered,No,No,4pnyq9ay,,,,,0
6,tenals7u,59a7cfeb7ff2320001ec59d9,0,49,52,post_exp,Demographics,2026-01-13 12:33:46.935134,1,,,1244.44,6,,1.5,11,0.0,7,2,A,0.3567562142810894,Less than $112,Less than today,The highest price a buyer is currently willing to pay.,True,Stocks,Decrease,Bonds,True,Don't know / Not sure,Don't know / Not sure,She owns a part of firm B,Between 10 and 15 years,12,6,1.5,3.0,,,,,,,,,,,,,,,,,,,,,,,,,,,,4pnyq9ay,,,,,0
7,85sklq0c,5e1f7b5450f6aa0122fcef8b,0,6,52,main,Trade,2026-01-13 12:35:39.868372,1,,,0.0,7,,0.0,10,0.0,,,,,,,,,,,,,,,,,,,,,,,,,,,,,,,,,,,,,,,,,,,,,,,,4pnyq9ay,,,,,0
8,aes53fug,60ddc62b071a009e0b0c2922,0,52,52,post_exp,FinalForProlific,2026-01-13 12:35:48.635523,1,,,121.64,8,,121.64,5,0.0,6,5,A,0.16699735690676198,More than $112,Less than today,The most recent price at which the security traded.,True,Stocks,Decrease,Stocks,True,The difference between the lowest ask price and the highest bid price.,"Mutual funds can invest in several assets, for example invest in both stocks and bonds",She has lent money to firm B,Never,12,11,2.75,3.0,Male,39,United Kingdom,undergraduate: 2nd year,Other,0,0,1,1,Less than once a month,Less than once a month,Stocks,No,See how financially literate people are.,No nothing.,3,6,nothing was unclear,6,6,Yes,no issues,i was never unsure,no changes,nothing differed,no,no,4pnyq9ay,,,,,0
9,8tps2isy,6631997e0554bb6d25062fd4,0,52,52,post_exp,FinalForProlific,2026-01-13 12:39:37.543402,1,,,111.87,9,,111.87,3,0.0,7,6,A,0.367905940778099,More than $112,Less than today,The highest price a buyer is currently willing to pay.,True,Stocks,Decrease,Bonds,True,The difference between the lowest ask price and the highest bid price.,"Mutual funds can invest in several assets, for example invest in both stocks and bonds",None of the above,Between 10 and 15 years,12,9,2.25,3.0,Male,26,United States,high-school graduate,Other,0,0,0,0,Less than once a month,Less than once a month,Cryptocurrencies,Do not know,Understanding how much people understand stocks,No,6,7,Nothing was unclear,5,7,No,No issues,When making my investment decisions,No changes,Nothing differed,No,No,4pnyq9ay,,,,,0
10,baicjhts,66fd3f6c93c24ecc119be354,0,52,52,post_exp,FinalForProlific,2026-01-13 13:39:22.662260,1,,,100.73,10,,100.73,10,0.0,9,6,A,0.3212318269861685,Exactly $112,Less than today,The highest price a buyer is currently willing to pay.,True,Stocks,Stay the same,Bonds,False,The difference between the lowest ask price and the highest bid price.,Don't know / Not sure,She owns a part of firm B,Between 10 and 15 years,12,5,1.25,3.0,Male,39,United Kingdom,high-school graduate,Other,0,0,1,0,Less than once a month,Less than once a month,Cryptocurrencies,No,To see if we can make money with the information provided,All good thanks,5,6,Nothing was unclear,5,7,No,No issues,I was never unsure,No Changes,Nothing differed,No,No,4pnyq9ay,,,,,0
11,e7ngb17q,5f1833a16e55c522eeaf4dbe,0,52,52,post_exp,FinalForProlific,2026-01-13 13:41:08.788415,1,,,107.3,11,,107.3,10,0.0,7,1,A,0.4868232216818691,More than $112,Less than today,The highest price a buyer is currently willing to pay.,True,Stocks,Decrease,Stocks,True,The difference between the lowest ask price and the highest bid price.,"Mutual funds can invest in several assets, for example invest in both stocks and bonds",She has lent money to firm B,Never,12,12,3.0,3.0,Female,58,United Kingdom,PhD,Other,0,0,0,0,Less than once a month,Less than once a month,Cryptocurrencies,No,not sure,no,4,6,nothing was unclear,6,7,Yes,no issues,I was never unsure,no changes,nothing differed,no,no,4pnyq9ay,,,,,0
12,8tiob781,558996f2fdf99b7ae47f5ed2,0,52,52,post_exp,FinalForProlific,2026-01-13 13:44:31.217544,1,,,118.02,12,,118.02,13,0.0,8,7,A,0.8739266625162749,More than $112,Less than today,The highest price a buyer is currently willing to pay.,True,Stocks,Decrease,Stocks,True,The difference between the lowest ask price and the highest bid price.,"Mutual funds can invest in several assets, for example invest in both stocks and bonds",She has lent money to firm B,Never,12,12,3.0,3.0,Male,39,United Kingdom,high-school graduate,Other,0,1,0,0,Less than once a month,Daily,Cryptocurrencies,No,If people were more likely to guess at a higher return if they thought the buy/sell information was accurate? I found it close to impossible to find an answer within +/-1% though and every round was a guess.,None,5,4,"I became confused after a few rounds if I was supposed to be guessing the return at the end of the day compared to the start of the day, or the return between the end of the day and the previous half hour. I settled on the difference over the last half hour, but the percentage returns were throwing me off.  ",5,4,No,No issues.,I wasn't unsure as such but I was kinda guessing my way through because I had no idea what the return was going to be. ,"Just to make it more clear if I'm supposed to be estimating the return at the end of the day compared to the start of the day, or the return over the last half hour.",Nothing differed. ,No.,No.,4pnyq9ay,,,,,0
13,10ba1h9i,673e222bdb1a35935b3075f1,0,52,52,post_exp,FinalForProlific,2026-01-13 13:45:11.395849,1,,,122.77,13,,122.77,3,0.0,8,9,B,0.16807475052331455,More than $112,Less than today,The highest price a buyer is currently willing to pay.,True,Stocks,Decrease,Stocks,True,The difference between the lowest ask price and the highest bid price.,"Mutual funds can invest in several assets, for example invest in both stocks and bonds",She has lent money to firm B,Never,12,12,3.0,3.0,Female,25,United States,master,Other,1,1,1,1,Weekly,Weekly,Cryptocurrencies,Yes,"To evaluate individual trading experience, investments, and forecasting the market, through data usage.","No, I did encounter any difficulty throughout the experiment. ",5,7,Nothing was unclear.,6,6,No,No issues.,I was never unsure.,No changes.,Nothing different.,No.,No.,4pnyq9ay,,,,,0
14,emikhd4s,5d542c3a5af5900019bc80c4,0,52,52,post_exp,FinalForProlific,2026-01-13 13:55:36.281484,1,,,107.1,14,,107.1,13,0.0,7,7,B,0.8676774976547291,More than $112,Less than today,The highest price a buyer is currently willing to pay.,True,Stocks,Decrease,Stocks,True,The difference between the lowest ask price and the highest bid price.,"Mutual funds can invest in several assets, for example invest in both stocks and bonds",She has lent money to firm B,Never,12,12,3.0,3.0,Female,51,United Kingdom,undergraduate: 3d year,Other,0,1,0,0,Less than once a month,Less than once a month,Stocks,No,ability to predict likely stock price movements,no,6,6,Nothing was unclear.,6,7,No,No issues.,I was never unsure.,No changes. ,Nothing differed. ,No.,No.,4pnyq9ay,,,,,0
15,izrq526l,5ad8dbe2e34a050001b83eac,0,52,52,post_exp,FinalForProlific,2026-01-13 13:57:46.418645,1,,,110.0,15,,110.0,9,0.0,11,4,A,0.06775181061874169,More than $112,Less than today,The most recent price at which the security traded.,True,Stocks,Decrease,Stocks,True,Don't know / Not sure,"Mutual funds can invest in several assets, for example invest in both stocks and bonds",She owns a part of firm B,Between 10 and 15 years,12,8,2.0,3.0,Female,58,United Kingdom,high-school graduate,Other,0,1,0,0,Less than once a month,Monthly,Stocks,No,to determine how people manage and consider risk when investing,no,4,7,Nothing was unclear,7,7,No,No issues,I was never unsure,No changes,Nothing differed,No,No,4pnyq9ay,,,,,0
16,gq6osmn7,59775e3831c84f0001d977b7,0,52,52,post_exp,FinalForProlific,2026-01-13 14:30:13.918982,1,,,110.24,16,,110.24,14,0.0,6,2,A,0.9718072136211465,More than $112,Less than today,The highest price a buyer is currently willing to pay.,True,Stocks,Decrease,Don't know / Not sure,Don't know / Not sure,Don't know / Not sure,Don't know / Not sure,None of the above,Between 10 and 15 years,12,6,1.5,3.0,Female,23,United Kingdom,undergraduate: 3d year,Other,0,0,0,0,Less than once a month,Monthly,Cryptocurrencies,No,testing financial knowledge,No,6,4,Nothing was unclear,4,5,Yes,No issues,I was never unsure,No changes,Nothing differed,No,No,4pnyq9ay,,,,,0
17,le9lwn4f,66855395948d6d88d5a55521,0,52,52,post_exp,FinalForProlific,2026-01-13 15:38:56.747084,1,,,108.24,17,,108.24,4,0.0,4,3,A,0.6212025713383247,More than $112,Less than today,The lowest price a seller is currently willing to accept.,True,Stocks,Decrease,Stocks,True,The difference between the lowest ask price and the highest bid price.,"Mutual funds can invest in several assets, for example invest in both stocks and bonds",She has lent money to firm B,Between 5 and 10 years,12,10,2.5,3.0,Male,37,United Kingdom,master,Other,0,1,1,1,Less than once a month,Weekly,Stocks,No,Financial knowledge,No,1,6,Nothing was unclear,5,6,No,No issues,I was never unsure,No changes,Nothing differed,No,No,4pnyq9ay,,,,,0
18,xlu1r0j7,5afc14a00b2d5f00015693b4,0,3,52,intro,comprehensionQuestions,2026-01-13 15:39:00.905584,1,,,0.0,18,,0.0,12,0.0,,,,,,,,,,,,,,,,,,,,,,,,,,,,,,,,,,,,,,,,,,,,,,,,4pnyq9ay,,,,,0
19,4phk9rhl,5c8cfc3772503f0001e9c965,0,9,52,main,Trade,2026-01-13 15:39:03.853931,1,,,0.0,19,,0.0,14,0.0,,,,,,,,,,,,,,,,,,,,,,,,,,,,,,,,,,,,,,,,,,,,,,,,4pnyq9ay,,,,,0
20,ynavroxb,66e8c6e99be9621d5b1ed1fa,0,52,52,post_exp,FinalForProlific,2026-01-13 15:39:39.270008,1,,,112.46,20,,112.46,3,0.0,5,3,A,0.6802966782982375,More than $112,Less than today,The highest price a buyer is currently willing to pay.,True,Stocks,Decrease,Stocks,True,The difference between the lowest ask price and the highest bid price.,"Mutual funds can invest in several assets, for example invest in both stocks and bonds",She has lent money to firm B,Between 10 and 15 years,12,11,2.75,3.0,Male,51,United States,master,Finance,1,1,1,1,Less than once a month,Monthly,Stocks,Yes,"To measure financial literacy, risk preferences, and forecasting ability in a simulated trading environment.",no,4,7,Nothing was unclear.,7,7,Yes,No issues.,I was never unsure,No changes,Nothing differed,no,no,4pnyq9ay,,,,,0
21,nasyklay,5b826da908ee760001522a91,0,52,52,post_exp,FinalForProlific,2026-01-13 15:40:57.908129,1,,,115.21,21,,115.21,7,0.0,10,8,A,0.5728728335896289,More than $112,Less than today,The highest price a buyer is currently willing to pay.,True,Stocks,Decrease,Stocks,True,The difference between the lowest ask price and the highest bid price.,"Mutual funds can invest in several assets, for example invest in both stocks and bonds",She has lent money to firm B,Never,12,12,3.0,3.0,Male,23,United Kingdom,high-school graduate,Other,0,1,1,1,Weekly,Daily,Stocks,No,gathering peoples' opinions on how risky it is to trade under certain conditions.,no,6,7,Nothing was unclear.,7,7,No,No issues.,I was never unsure.,No changes.,Nothing differed.,No.,No.,4pnyq9ay,,,,,0
22,gjpfewwp,66e9236f775eae67be04229d,0,52,52,post_exp,FinalForProlific,2026-01-13 15:42:30.599968,1,,,115.33,22,,115.33,13,0.0,10,1,A,0.6892791266735095,Exactly $112,Less than today,The most recent price at which the security traded.,Don't know / Not sure,Bonds,Decrease,Stocks,False,The difference between the lowest ask price and the highest bid price.,Don't know / Not sure,She has lent money to firm B,Between 10 and 15 years,12,5,1.25,3.0,Female,33,United States,undergraduate: 4th year,Other Management,1,0,0,1,Monthly,Monthly,Cryptocurrencies,Yes,Stocks,no,7,4,no issues,4,5,No,no issues,unsure,No changes ,Nothing differed,no,no,4pnyq9ay,,,,,0
23,x2quip9k,66faa830ac165a79e559da2a,0,52,52,post_exp,FinalForProlific,2026-01-13 16:14:34.973346,1,,,110.21,23,,110.21,12,0.0,5,6,B,0.5768498394067534,More than $112,Less than today,The highest price a buyer is currently willing to pay.,True,Stocks,Decrease,Stocks,True,The difference between the lowest ask price and the highest bid price.,"Mutual funds can invest in several assets, for example invest in both stocks and bonds",She owns a part of firm B,Never,12,11,2.75,3.0,Male,32,United Kingdom,master,Other Management,1,0,1,1,Daily,Daily,Cryptocurrencies,Yes,to figure out how intelligent some users are with regards to their finances. ,None :) ,5,5,nothing was unclear,6,6,Yes,no issues,i was never unsure apart from the switching a>b initially,better progress bar,nothing differed,no,no,4pnyq9ay,,,,,0
24,38z77ico,,0,0,52,,,,0,,,0.0,24,,0.0,5,0.0,,,,,,,,,,,,,,,,,,,,,,,,,,,,,,,,,,,,,,,,,,,,,,,,4pnyq9ay,,,,,0
25,lgiwpk7i,,0,0,52,,,,0,,,0.0,25,,0.0,14,0.0,,,,,,,,,,,,,,,,,,,,,,,,,,,,,,,,,,,,,,,,,,,,,,,,4pnyq9ay,,,,,0
26,jgarufcq,,0,0,52,,,,0,,,0.0,26,,0.0,8,0.0,,,,,,,,,,,,,,,,,,,,,,,,,,,,,,,,,,,,,,,,,,,,,,,,4pnyq9ay,,,,,0
27,zgisca8d,,0,0,52,,,,0,,,0.0,27,,0.0,7,0.0,,,,,,,,,,,,,,,,,,,,,,,,,,,,,,,,,,,,,,,,,,,,,,,,4pnyq9ay,,,,,0
28,5oburcgm,,0,0,52,,,,0,,,0.0,28,,0.0,6,0.0,,,,,,,,,,,,,,,,,,,,,,,,,,,,,,,,,,,,,,,,,,,,,,,,4pnyq9ay,,,,,0
29,z7ietb1x,,0,0,52,,,,0,,,0.0,29,,0.0,9,0.0,,,,,,,,,,,,,,,,,,,,,,,,,,,,,,,,,,,,,,,,,,,,,,,,4pnyq9ay,,,,,0
30,hnfk1zjs,,0,0,52,,,,0,,,0.0,30,,0.0,6,0.0,,,,,,,,,,,,,,,,,,,,,,,,,,,,,,,,,,,,,,,,,,,,,,,,4pnyq9ay,,,,,0
31,krnljf26,,0,0,52,,,,0,,,0.0,31,,0.0,14,0.0,,,,,,,,,,,,,,,,,,,,,,,,,,,,,,,,,,,,,,,,,,,,,,,,4pnyq9ay,,,,,0
32,9uzqb6dc,,0,0,52,,,,0,,,0.0,32,,0.0,13,0.0,,,,,,,,,,,,,,,,,,,,,,,,,,,,,,,,,,,,,,,,,,,,,,,,4pnyq9ay,,,,,0
33,wwo0074q,,0,0,52,,,,0,,,0.0,33,,0.0,7,0.0,,,,,,,,,,,,,,,,,,,,,,,,,,,,,,,,,,,,,,,,,,,,,,,,4pnyq9ay,,,,,0
34,6v84q6j5,,0,0,52,,,,0,,,0.0,34,,0.0,4,0.0,,,,,,,,,,,,,,,,,,,,,,,,,,,,,,,,,,,,,,,,,,,,,,,,4pnyq9ay,,,,,0
35,sj1vg6e8,,0,0,52,,,,0,,,0.0,35,,0.0,6,0.0,,,,,,,,,,,,,,,,,,,,,,,,,,,,,,,,,,,,,,,,,,,,,,,,4pnyq9ay,,,,,0
36,mu8a9r42,,0,0,52,,,,0,,,0.0,36,,0.0,4,0.0,,,,,,,,,,,,,,,,,,,,,,,,,,,,,,,,,,,,,,,,,,,,,,,,4pnyq9ay,,,,,0
37,529dgch2,,0,0,52,,,,0,,,0.0,37,,0.0,3,0.0,,,,,,,,,,,,,,,,,,,,,,,,,,,,,,,,,,,,,,,,,,,,,,,,4pnyq9ay,,,,,0
38,ndsr2beh,,0,0,52,,,,0,,,0.0,38,,0.0,9,0.0,,,,,,,,,,,,,,,,,,,,,,,,,,,,,,,,,,,,,,,,,,,,,,,,4pnyq9ay,,,,,0
39,zug74087,,0,0,52,,,,0,,,0.0,39,,0.0,7,0.0,,,,,,,,,,,,,,,,,,,,,,,,,,,,,,,,,,,,,,,,,,,,,,,,4pnyq9ay,,,,,0
40,nm8h5pcd,,0,0,52,,,,0,,,0.0,40,,0.0,5,0.0,,,,,,,,,,,,,,,,,,,,,,,,,,,,,,,,,,,,,,,,,,,,,,,,4pnyq9ay,,,,,0
41,08epvjnd,,0,0,52,,,,0,,,0.0,41,,0.0,13,0.0,,,,,,,,,,,,,,,,,,,,,,,,,,,,,,,,,,,,,,,,,,,,,,,,4pnyq9ay,,,,,0
42,v3fezz6w,,0,0,52,,,,0,,,0.0,42,,0.0,9,0.0,,,,,,,,,,,,,,,,,,,,,,,,,,,,,,,,,,,,,,,,,,,,,,,,4pnyq9ay,,,,,0
43,1gkl8bly,,0,0,52,,,,0,,,0.0,43,,0.0,9,0.0,,,,,,,,,,,,,,,,,,,,,,,,,,,,,,,,,,,,,,,,,,,,,,,,4pnyq9ay,,,,,0
44,t83zwlpl,,0,0,52,,,,0,,,0.0,44,,0.0,8,0.0,,,,,,,,,,,,,,,,,,,,,,,,,,,,,,,,,,,,,,,,,,,,,,,,4pnyq9ay,,,,,0
45,8dkn4djx,,0,0,52,,,,0,,,0.0,45,,0.0,11,0.0,,,,,,,,,,,,,,,,,,,,,,,,,,,,,,,,,,,,,,,,,,,,,,,,4pnyq9ay,,,,,0
46,8mlria88,,0,0,52,,,,0,,,0.0,46,,0.0,14,0.0,,,,,,,,,,,,,,,,,,,,,,,,,,,,,,,,,,,,,,,,,,,,,,,,4pnyq9ay,,,,,0
47,dhrfg6h1,,0,0,52,,,,0,,,0.0,47,,0.0,10,0.0,,,,,,,,,,,,,,,,,,,,,,,,,,,,,,,,,,,,,,,,,,,,,,,,4pnyq9ay,,,,,0
48,aizaiccw,,0,0,52,,,,0,,,0.0,48,,0.0,5,0.0,,,,,,,,,,,,,,,,,,,,,,,,,,,,,,,,,,,,,,,,,,,,,,,,4pnyq9ay,,,,,0
49,n0xuc51m,,0,0,52,,,,0,,,0.0,49,,0.0,3,0.0,,,,,,,,,,,,,,,,,,,,,,,,,,,,,,,,,,,,,,,,,,,,,,,,4pnyq9ay,,,,,0
50,grm1gijl,,0,0,52,,,,0,,,0.0,50,,0.0,9,0.0,,,,,,,,,,,,,,,,,,,,,,,,,,,,,,,,,,,,,,,,,,,,,,,,4pnyq9ay,,,,,0
51,1nq6xl1g,,0,0,52,,,,0,,,0.0,51,,0.0,3,0.0,,,,,,,,,,,,,,,,,,,,,,,,,,,,,,,,,,,,,,,,,,,,,,,,4pnyq9ay,,,,,0
52,pjw7p9xa,,0,0,52,,,,0,,,0.0,52,,0.0,13,0.0,,,,,,,,,,,,,,,,,,,,,,,,,,,,,,,,,,,,,,,,,,,,,,,,4pnyq9ay,,,,,0
53,4ublzn4i,,0,0,52,,,,0,,,0.0,53,,0.0,3,0.0,,,,,,,,,,,,,,,,,,,,,,,,,,,,,,,,,,,,,,,,,,,,,,,,4pnyq9ay,,,,,0
54,ilkjhr3q,,0,0,52,,,,0,,,0.0,54,,0.0,7,0.0,,,,,,,,,,,,,,,,,,,,,,,,,,,,,,,,,,,,,,,,,,,,,,,,4pnyq9ay,,,,,0
55,drr2l1y2,,0,0,52,,,,0,,,0.0,55,,0.0,4,0.0,,,,,,,,,,,,,,,,,,,,,,,,,,,,,,,,,,,,,,,,,,,,,,,,4pnyq9ay,,,,,0
56,sl9rwc5a,,0,0,52,,,,0,,,0.0,56,,0.0,8,0.0,,,,,,,,,,,,,,,,,,,,,,,,,,,,,,,,,,,,,,,,,,,,,,,,4pnyq9ay,,,,,0
57,x2hsj5c7,,0,0,52,,,,0,,,0.0,57,,0.0,10,0.0,,,,,,,,,,,,,,,,,,,,,,,,,,,,,,,,,,,,,,,,,,,,,,,,4pnyq9ay,,,,,0
58,rflqbjbn,,0,0,52,,,,0,,,0.0,58,,0.0,6,0.0,,,,,,,,,,,,,,,,,,,,,,,,,,,,,,,,,,,,,,,,,,,,,,,,4pnyq9ay,,,,,0
59,4towf002,,0,0,52,,,,0,,,0.0,59,,0.0,13,0.0,,,,,,,,,,,,,,,,,,,,,,,,,,,,,,,,,,,,,,,,,,,,,,,,4pnyq9ay,,,,,0
60,umgvbobn,,0,0,52,,,,0,,,0.0,60,,0.0,8,0.0,,,,,,,,,,,,,,,,,,,,,,,,,,,,,,,,,,,,,,,,,,,,,,,,4pnyq9ay,,,,,0
61,3wf5h1tk,,0,0,52,,,,0,,,0.0,61,,0.0,13,0.0,,,,,,,,,,,,,,,,,,,,,,,,,,,,,,,,,,,,,,,,,,,,,,,,4pnyq9ay,,,,,0
62,rf8acz5y,,0,0,52,,,,0,,,0.0,62,,0.0,13,0.0,,,,,,,,,,,,,,,,,,,,,,,,,,,,,,,,,,,,,,,,,,,,,,,,4pnyq9ay,,,,,0
63,fo6e43rt,,0,0,52,,,,0,,,0.0,63,,0.0,5,0.0,,,,,,,,,,,,,,,,,,,,,,,,,,,,,,,,,,,,,,,,,,,,,,,,4pnyq9ay,,,,,0
64,520qxzdd,,0,0,52,,,,0,,,0.0,64,,0.0,10,0.0,,,,,,,,,,,,,,,,,,,,,,,,,,,,,,,,,,,,,,,,,,,,,,,,4pnyq9ay,,,,,0
65,cl27subt,,0,0,52,,,,0,,,0.0,65,,0.0,7,0.0,,,,,,,,,,,,,,,,,,,,,,,,,,,,,,,,,,,,,,,,,,,,,,,,4pnyq9ay,,,,,0
66,3lb9k5cs,,0,0,52,,,,0,,,0.0,66,,0.0,8,0.0,,,,,,,,,,,,,,,,,,,,,,,,,,,,,,,,,,,,,,,,,,,,,,,,4pnyq9ay,,,,,0
67,4rgajsff,,0,0,52,,,,0,,,0.0,67,,0.0,12,0.0,,,,,,,,,,,,,,,,,,,,,,,,,,,,,,,,,,,,,,,,,,,,,,,,4pnyq9ay,,,,,0
68,pzjrs995,,0,0,52,,,,0,,,0.0,68,,0.0,12,0.0,,,,,,,,,,,,,,,,,,,,,,,,,,,,,,,,,,,,,,,,,,,,,,,,4pnyq9ay,,,,,0
69,cabysv2o,,0,0,52,,,,0,,,0.0,69,,0.0,11,0.0,,,,,,,,,,,,,,,,,,,,,,,,,,,,,,,,,,,,,,,,,,,,,,,,4pnyq9ay,,,,,0
70,t6n91ndd,,0,0,52,,,,0,,,0.0,70,,0.0,8,0.0,,,,,,,,,,,,,,,,,,,,,,,,,,,,,,,,,,,,,,,,,,,,,,,,4pnyq9ay,,,,,0
71,1xy6a3bl,,0,0,52,,,,0,,,0.0,71,,0.0,14,0.0,,,,,,,,,,,,,,,,,,,,,,,,,,,,,,,,,,,,,,,,,,,,,,,,4pnyq9ay,,,,,0
72,np778ny0,,0,0,52,,,,0,,,0.0,72,,0.0,7,0.0,,,,,,,,,,,,,,,,,,,,,,,,,,,,,,,,,,,,,,,,,,,,,,,,4pnyq9ay,,,,,0
73,3nirtiy3,,0,0,52,,,,0,,,0.0,73,,0.0,12,0.0,,,,,,,,,,,,,,,,,,,,,,,,,,,,,,,,,,,,,,,,,,,,,,,,4pnyq9ay,,,,,0
74,rrcku73e,,0,0,52,,,,0,,,0.0,74,,0.0,11,0.0,,,,,,,,,,,,,,,,,,,,,,,,,,,,,,,,,,,,,,,,,,,,,,,,4pnyq9ay,,,,,0
75,rq5o6yy9,,0,0,52,,,,0,,,0.0,75,,0.0,10,0.0,,,,,,,,,,,,,,,,,,,,,,,,,,,,,,,,,,,,,,,,,,,,,,,,4pnyq9ay,,,,,0
76,1o8fzppx,,0,0,52,,,,0,,,0.0,76,,0.0,7,0.0,,,,,,,,,,,,,,,,,,,,,,,,,,,,,,,,,,,,,,,,,,,,,,,,4pnyq9ay,,,,,0
77,9d0lmchq,,0,0,52,,,,0,,,0.0,77,,0.0,3,0.0,,,,,,,,,,,,,,,,,,,,,,,,,,,,,,,,,,,,,,,,,,,,,,,,4pnyq9ay,,,,,0
78,qtuns9ly,,0,0,52,,,,0,,,0.0,78,,0.0,10,0.0,,,,,,,,,,,,,,,,,,,,,,,,,,,,,,,,,,,,,,,,,,,,,,,,4pnyq9ay,,,,,0
79,coht1pju,,0,0,52,,,,0,,,0.0,79,,0.0,9,0.0,,,,,,,,,,,,,,,,,,,,,,,,,,,,,,,,,,,,,,,,,,,,,,,,4pnyq9ay,,,,,0
80,yjww94e3,,0,0,52,,,,0,,,0.0,80,,0.0,4,0.0,,,,,,,,,,,,,,,,,,,,,,,,,,,,,,,,,,,,,,,,,,,,,,,,4pnyq9ay,,,,,0
81,hdt61z5b,,0,0,52,,,,0,,,0.0,81,,0.0,13,0.0,,,,,,,,,,,,,,,,,,,,,,,,,,,,,,,,,,,,,,,,,,,,,,,,4pnyq9ay,,,,,0
82,kob5i3fy,,0,0,52,,,,0,,,0.0,82,,0.0,11,0.0,,,,,,,,,,,,,,,,,,,,,,,,,,,,,,,,,,,,,,,,,,,,,,,,4pnyq9ay,,,,,0
83,dzbltg0f,,0,0,52,,,,0,,,0.0,83,,0.0,8,0.0,,,,,,,,,,,,,,,,,,,,,,,,,,,,,,,,,,,,,,,,,,,,,,,,4pnyq9ay,,,,,0
84,ns7y85dr,,0,0,52,,,,0,,,0.0,84,,0.0,10,0.0,,,,,,,,,,,,,,,,,,,,,,,,,,,,,,,,,,,,,,,,,,,,,,,,4pnyq9ay,,,,,0
85,wh0otid1,,0,0,52,,,,0,,,0.0,85,,0.0,3,0.0,,,,,,,,,,,,,,,,,,,,,,,,,,,,,,,,,,,,,,,,,,,,,,,,4pnyq9ay,,,,,0
86,d99gscif,,0,0,52,,,,0,,,0.0,86,,0.0,14,0.0,,,,,,,,,,,,,,,,,,,,,,,,,,,,,,,,,,,,,,,,,,,,,,,,4pnyq9ay,,,,,0
87,91fnlvbj,,0,0,52,,,,0,,,0.0,87,,0.0,4,0.0,,,,,,,,,,,,,,,,,,,,,,,,,,,,,,,,,,,,,,,,,,,,,,,,4pnyq9ay,,,,,0
88,hd8fnqn5,,0,0,52,,,,0,,,0.0,88,,0.0,4,0.0,,,,,,,,,,,,,,,,,,,,,,,,,,,,,,,,,,,,,,,,,,,,,,,,4pnyq9ay,,,,,0
89,vk3l9b1a,,0,0,52,,,,0,,,0.0,89,,0.0,10,0.0,,,,,,,,,,,,,,,,,,,,,,,,,,,,,,,,,,,,,,,,,,,,,,,,4pnyq9ay,,,,,0
90,xxzlqtye,,0,0,52,,,,0,,,0.0,90,,0.0,10,0.0,,,,,,,,,,,,,,,,,,,,,,,,,,,,,,,,,,,,,,,,,,,,,,,,4pnyq9ay,,,,,0
91,bayiwnyk,,0,0,52,,,,0,,,0.0,91,,0.0,5,0.0,,,,,,,,,,,,,,,,,,,,,,,,,,,,,,,,,,,,,,,,,,,,,,,,4pnyq9ay,,,,,0
92,3g103kap,,0,0,52,,,,0,,,0.0,92,,0.0,3,0.0,,,,,,,,,,,,,,,,,,,,,,,,,,,,,,,,,,,,,,,,,,,,,,,,4pnyq9ay,,,,,0
93,1hwait4b,,0,0,52,,,,0,,,0.0,93,,0.0,3,0.0,,,,,,,,,,,,,,,,,,,,,,,,,,,,,,,,,,,,,,,,,,,,,,,,4pnyq9ay,,,,,0
94,reeeznyl,,0,0,52,,,,0,,,0.0,94,,0.0,3,0.0,,,,,,,,,,,,,,,,,,,,,,,,,,,,,,,,,,,,,,,,,,,,,,,,4pnyq9ay,,,,,0
95,nk1ozd9b,,0,0,52,,,,0,,,0.0,95,,0.0,7,0.0,,,,,,,,,,,,,,,,,,,,,,,,,,,,,,,,,,,,,,,,,,,,,,,,4pnyq9ay,,,,,0
96,hsqt27wj,,0,0,52,,,,0,,,0.0,96,,0.0,8,0.0,,,,,,,,,,,,,,,,,,,,,,,,,,,,,,,,,,,,,,,,,,,,,,,,4pnyq9ay,,,,,0
97,yj6utito,,0,0,52,,,,0,,,0.0,97,,0.0,6,0.0,,,,,,,,,,,,,,,,,,,,,,,,,,,,,,,,,,,,,,,,,,,,,,,,4pnyq9ay,,,,,0
98,lnf7sloi,,0,0,52,,,,0,,,0.0,98,,0.0,14,0.0,,,,,,,,,,,,,,,,,,,,,,,,,,,,,,,,,,,,,,,,,,,,,,,,4pnyq9ay,,,,,0
99,a9lzpd7n,,0,0,52,,,,0,,,0.0,99,,0.0,6,0.0,,,,,,,,,,,,,,,,,,,,,,,,,,,,,,,,,,,,,,,,,,,,,,,,4pnyq9ay,,,,,0
100,clldrpw5,,0,0,52,,,,0,,,0.0,100,,0.0,14,0.0,,,,,,,,,,,,,,,,,,,,,,,,,,,,,,,,,,,,,,,,,,,,,,,,4pnyq9ay,,,,,0
1,v5p7p926,6723a4fc5d6db59fe3d4d4f0,0,3,52,intro,comprehensionQuestions,2026-01-13 17:17:31.173822,1,,,0.0,1,,0.0,9,0.0,,,,,,,,,,,,,,,,,,,,,,,,,,,,,,,,,,,,,,,,,,,,,,,,m5x4bbn3,,,,,0
2,tgtblzal,5c7bc3f0ca5d980001408e36,0,3,52,intro,comprehensionQuestions,2026-01-13 17:17:41.263919,1,,,0.0,2,,0.0,7,0.0,,,,,,,,,,,,,,,,,,,,,,,,,,,,,,,,,,,,,,,,,,,,,,,,m5x4bbn3,,,,,0
3,7q4xa1m4,5ced66139b5b490001b688ed,0,52,52,post_exp,FinalForProlific,2026-01-13 17:17:45.180624,1,,,108.02,3,,108.02,14,0.0,8,9,B,0.8534439418733905,More than $112,More than today,The highest price a buyer is currently willing to pay.,True,Stocks,Decrease,Stocks,True,The average of the bid price and the ask price.,"Mutual funds can invest in several assets, for example invest in both stocks and bonds",She owns a part of firm B,Between 5 and 10 years,12,8,2.0,3.0,Female,50,United Kingdom,high-school graduate,Other,0,0,0,0,Less than once a month,Less than once a month,Stocks,No,Financial knowledge,No,4,6,"Nothing was unclear, I'm just not very clued up on stocks and shares",6,6,No,No issues,I was never unsure,No changes,Nothing differed,No,No,m5x4bbn3,,,,,0
4,8x0oks74,664c9de6874cd4d39680afea,0,3,52,intro,comprehensionQuestions,2026-01-13 17:17:50.295998,1,,,0.0,4,,0.0,9,0.0,,,,,,,,,,,,,,,,,,,,,,,,,,,,,,,,,,,,,,,,,,,,,,,,m5x4bbn3,,,,,0
5,hobwyr4l,63ea4b5592211a79471c9deb,0,52,52,post_exp,FinalForProlific,2026-01-13 17:17:53.277175,1,,,122.86,5,,122.86,7,0.0,5,1,A,0.41878413084866895,More than $112,Less than today,The highest price a buyer is currently willing to pay.,True,Stocks,Decrease,Stocks,True,The difference between the lowest ask price and the highest bid price.,"Mutual funds can invest in several assets, for example invest in both stocks and bonds",She has lent money to firm B,Between 10 and 15 years,12,11,2.75,3.0,Male,41,United Kingdom,undergraduate: 4th year,Other,0,1,1,1,Less than once a month,Less than once a month,Stocks,No,"To ascertain how average, no trained, people can perform when trading",Only the cognitive level of the experiment!! Possibly one of the toughest I've done but really enjoyed thanks!!!,7,7,Nothing was unclear - a very well put together study!,7,7,No,No issues,Only when estimating the forecast %,No changes,Nothing differed,No,No,m5x4bbn3,,,,,0
6,wnsaau6f,669f0372343e26023ee5c023,0,52,52,post_exp,FinalForProlific,2026-01-13 17:18:09.872529,1,,,113.08,6,,113.08,3,0.0,8,4,A,0.7240279315962488,More than $112,Less than today,The highest price a buyer is currently willing to pay.,True,Stocks,Decrease,Stocks,True,The difference between the lowest ask price and the highest bid price.,"Once one invests in a mutual fund, one cannot withdraw the money in the first year",She has lent money to firm B,Never,12,11,2.75,3.0,Female,69,United States,undergraduate: 4th year,Other,0,0,1,0,Less than once a month,Less than once a month,Stocks,No,"The study looks at how people make investment decisions whether they pay for info, how they use it to predict stock returns, and how much they choose to invest.",No issues. ,6,7,Nothing was unclear.,6,7,No,No issues.,I  was never unsure.,No changes.,Nothing differed.,No.,No.,m5x4bbn3,,,,,0
7,j62f6gj0,676ae47a7cae28cecaf838e6,0,52,52,post_exp,FinalForProlific,2026-01-13 17:18:16.141831,1,,,105.35,7,,105.35,7,0.0,6,8,B,0.1116583691791252,More than $112,Less than today,The highest price a buyer is currently willing to pay.,True,Stocks,Decrease,Stocks,True,The average of the bid price and the ask price.,"Mutual funds can invest in several assets, for example invest in both stocks and bonds",She has lent money to firm B,Between 10 and 15 years,12,10,2.5,3.0,Male,33,United Kingdom,master,Other Management,0,1,1,1,Multiple times a day,Weekly,Stocks,No,to look at trading habits and risk analysis,yes i had to switch from mobile to pc as the dropdowns didn't work on mobile,5,6,nothing was unclear,5,7,Yes,drop downs not working on nationality and education on mobile,i was never unsure,no changes,nothing differed,no,no,m5x4bbn3,,,,,0
8,shm5nqt5,655e09fc282e4139c82f834a,0,52,52,post_exp,FinalForProlific,2026-01-13 17:18:16.866052,1,,,107.25,8,,107.25,14,0.0,8,7,A,0.3185179429418482,More than $112,Less than today,The highest price a buyer is currently willing to pay.,True,Stocks,Decrease,Bonds,Don't know / Not sure,The difference between the lowest ask price and the highest bid price.,"Mutual funds can invest in several assets, for example invest in both stocks and bonds",She has lent money to firm B,Between 10 and 15 years,12,9,2.25,3.0,Female,41,United Kingdom,undergraduate: 3d year,Other,0,1,1,0,Less than once a month,Less than once a month,Stocks,No,To see how much people understand about the stock market?,No,6,5,Nothing was unclear,4,6,No,No issues,I was never unsure,No changes,Nothing differed,No,No,m5x4bbn3,,,,,0
9,kvyq565n,6727964977929019f6ff8a5d,0,9,52,main,Trade,2026-01-13 17:18:35.340196,1,,,0.0,9,,0.0,14,0.0,,,,,,,,,,,,,,,,,,,,,,,,,,,,,,,,,,,,,,,,,,,,,,,,m5x4bbn3,,,,,0
10,9cq870iw,5f5de7ba9a3ef664001fe837,0,3,52,intro,comprehensionQuestions,2026-01-13 17:18:48.645697,1,,,0.0,10,,0.0,6,0.0,,,,,,,,,,,,,,,,,,,,,,,,,,,,,,,,,,,,,,,,,,,,,,,,m5x4bbn3,,,,,0
11,appf6nwc,66635a51d2ef2f39abd09b67,0,52,52,post_exp,FinalForProlific,2026-01-13 17:19:47.282106,1,,,116.26,11,,116.26,9,0.0,5,6,B,0.810139715772411,More than $112,Less than today,The highest price a buyer is currently willing to pay.,True,Stocks,Decrease,Stocks,True,The difference between the lowest ask price and the highest bid price.,"Mutual funds can invest in several assets, for example invest in both stocks and bonds",She has lent money to firm B,Prefer not to say,12,11,2.75,3.0,Female,23,Austria,undergraduate: 4th year,Economics,1,0,1,1,Less than once a month,Weekly,Stocks,No,To figure out how people make investment decision with uncertainty and levels of access to information and their risk appetite subsequently,n/a,5,6,n/a,5,7,No,n/a,n/a,n/a,n/a,n/a,n/a,m5x4bbn3,,,,,0
12,6hwsmcop,5a8b527d5292b80001232b81,0,3,52,intro,comprehensionQuestions,2026-01-13 17:19:53.902003,1,,,0.0,12,,0.0,11,0.0,,,,,,,,,,,,,,,,,,,,,,,,,,,,,,,,,,,,,,,,,,,,,,,,m5x4bbn3,,,,,0
13,bmjrzxc1,62da6a553aaca6fffb50307f,0,6,52,main,Trade,2026-01-13 17:20:21.610686,1,,,0.0,13,,0.0,9,0.0,,,,,,,,,,,,,,,,,,,,,,,,,,,,,,,,,,,,,,,,,,,,,,,,m5x4bbn3,,,,,0
14,ksmbi28l,673c8c2a86f12a6e2c1764a4,0,52,52,post_exp,FinalForProlific,2026-01-13 17:20:46.062725,1,,,108.33,14,,108.33,10,0.0,6,8,B,0.56850952275088,Exactly $112,Less than today,The highest price a buyer is currently willing to pay.,True,Stocks,Decrease,Bonds,True,The difference between the lowest ask price and the highest bid price.,Mutual funds pay a guaranteed rate of return which depends on their past performance,She has lent money to firm B,Between 5 and 10 years,12,8,2.0,3.0,Female,36,Nigeria,master,Other Management,1,0,1,1,Monthly,Weekly,Cryptocurrencies,Yes,To test people financial literacy,n0,5,7,Nothing was unclear,5,5,No,No issues,I was never unsure,No changes.,Nothing differed.,No,No,m5x4bbn3,,,,,0
15,luqq41ll,651d9ea96f3253abbfd8d38b,0,52,52,post_exp,FinalForProlific,2026-01-13 17:20:55.854924,1,,,103.19,15,,103.19,10,0.0,8,4,A,0.46021424328583305,More than $112,Less than today,Don't know / Not sure,True,Stocks,Increase,Bonds,True,Don't know / Not sure,Don't know / Not sure,She has lent money to firm B,Less than 5 years,12,6,1.5,3.0,Female,43,United States,high-school graduate,Other,0,1,0,0,Less than once a month,Less than once a month,Stocks,No,To test how someone with no experience or knowledge fairs against someone with experience and knowledge in predicting stocks. ,"Yes. I was asked what kind of asset I deal in the most. I don't deal in any assets, but selecting none or N/A was not an option. ",7,7,Nothing was unclear. ,4,7,No,No issues. ,I was never unsure. ,"During the training rounds, explain why the outcomes were what they were. ",Nothing differed. ,No. ,No. ,m5x4bbn3,,,,,0
16,pr6ez0t6,5e34325430e5263f0bebb32d,0,52,52,post_exp,FinalForProlific,2026-01-13 17:24:11.686660,1,,,107.35,16,,107.35,5,0.0,8,1,A,0.48203915720786883,More than $112,Less than today,The highest price a buyer is currently willing to pay.,True,Stocks,Decrease,Stocks,True,The difference between the lowest ask price and the highest bid price.,"Mutual funds can invest in several assets, for example invest in both stocks and bonds",She has lent money to firm B,Between 10 and 15 years,12,11,2.75,3.0,Male,71,United States,undergraduate: 2nd year,Other,0,1,1,0,Less than once a month,Daily,Cryptocurrencies,No,unsure,none,6,7,Nothing was unclear,6,7,No,No issues,I was never unsure,No changes,Nothing differed,No,No,m5x4bbn3,,,,,0
17,rzuvfpdg,6501c0a2e788b5556c24569d,0,52,52,post_exp,FinalForProlific,2026-01-13 17:25:02.449592,1,,,125.49,17,,125.49,5,0.0,1,10,B,0.2984229076609852,More than $112,Less than today,The highest price a buyer is currently willing to pay.,True,Stocks,Decrease,Stocks,True,The difference between the lowest ask price and the highest bid price.,"Mutual funds can invest in several assets, for example invest in both stocks and bonds",She has lent money to firm B,Between 10 and 15 years,12,11,2.75,3.0,Male,29,Poland,undergraduate: 3d year,Other,0,0,1,1,Less than once a month,Less than once a month,Stocks,Yes,unsure,no,2,6,Nothing was unclear,5,6,No,none,I was never unsure,No changes,Nothing differed.,No.,No.,m5x4bbn3,,,,,0
18,go639853,,0,0,52,,,,0,,,0.0,18,,0.0,9,0.0,,,,,,,,,,,,,,,,,,,,,,,,,,,,,,,,,,,,,,,,,,,,,,,,m5x4bbn3,,,,,0
19,es5y72p8,,0,0,52,,,,0,,,0.0,19,,0.0,12,0.0,,,,,,,,,,,,,,,,,,,,,,,,,,,,,,,,,,,,,,,,,,,,,,,,m5x4bbn3,,,,,0
20,nnqdejji,,0,0,52,,,,0,,,0.0,20,,0.0,7,0.0,,,,,,,,,,,,,,,,,,,,,,,,,,,,,,,,,,,,,,,,,,,,,,,,m5x4bbn3,,,,,0
21,5jr77ct0,,0,0,52,,,,0,,,0.0,21,,0.0,6,0.0,,,,,,,,,,,,,,,,,,,,,,,,,,,,,,,,,,,,,,,,,,,,,,,,m5x4bbn3,,,,,0
22,tkfvz1rd,,0,0,52,,,,0,,,0.0,22,,0.0,12,0.0,,,,,,,,,,,,,,,,,,,,,,,,,,,,,,,,,,,,,,,,,,,,,,,,m5x4bbn3,,,,,0
23,46u0bxda,,0,0,52,,,,0,,,0.0,23,,0.0,8,0.0,,,,,,,,,,,,,,,,,,,,,,,,,,,,,,,,,,,,,,,,,,,,,,,,m5x4bbn3,,,,,0
24,vy3u23lq,,0,0,52,,,,0,,,0.0,24,,0.0,3,0.0,,,,,,,,,,,,,,,,,,,,,,,,,,,,,,,,,,,,,,,,,,,,,,,,m5x4bbn3,,,,,0
25,ginzwr0h,,0,0,52,,,,0,,,0.0,25,,0.0,12,0.0,,,,,,,,,,,,,,,,,,,,,,,,,,,,,,,,,,,,,,,,,,,,,,,,m5x4bbn3,,,,,0
26,zwk89iu5,,0,0,52,,,,0,,,0.0,26,,0.0,13,0.0,,,,,,,,,,,,,,,,,,,,,,,,,,,,,,,,,,,,,,,,,,,,,,,,m5x4bbn3,,,,,0
27,e3zitdy6,,0,0,52,,,,0,,,0.0,27,,0.0,8,0.0,,,,,,,,,,,,,,,,,,,,,,,,,,,,,,,,,,,,,,,,,,,,,,,,m5x4bbn3,,,,,0
28,s7p218yx,,0,0,52,,,,0,,,0.0,28,,0.0,3,0.0,,,,,,,,,,,,,,,,,,,,,,,,,,,,,,,,,,,,,,,,,,,,,,,,m5x4bbn3,,,,,0
29,ifhiyq7c,,0,0,52,,,,0,,,0.0,29,,0.0,10,0.0,,,,,,,,,,,,,,,,,,,,,,,,,,,,,,,,,,,,,,,,,,,,,,,,m5x4bbn3,,,,,0
30,eusycgom,,0,0,52,,,,0,,,0.0,30,,0.0,6,0.0,,,,,,,,,,,,,,,,,,,,,,,,,,,,,,,,,,,,,,,,,,,,,,,,m5x4bbn3,,,,,0
31,0s504vl8,,0,0,52,,,,0,,,0.0,31,,0.0,10,0.0,,,,,,,,,,,,,,,,,,,,,,,,,,,,,,,,,,,,,,,,,,,,,,,,m5x4bbn3,,,,,0
32,lpnvn4c1,,0,0,52,,,,0,,,0.0,32,,0.0,9,0.0,,,,,,,,,,,,,,,,,,,,,,,,,,,,,,,,,,,,,,,,,,,,,,,,m5x4bbn3,,,,,0
33,nrtrv892,,0,0,52,,,,0,,,0.0,33,,0.0,7,0.0,,,,,,,,,,,,,,,,,,,,,,,,,,,,,,,,,,,,,,,,,,,,,,,,m5x4bbn3,,,,,0
34,gok7tw6g,,0,0,52,,,,0,,,0.0,34,,0.0,5,0.0,,,,,,,,,,,,,,,,,,,,,,,,,,,,,,,,,,,,,,,,,,,,,,,,m5x4bbn3,,,,,0
35,uv8dosnq,,0,0,52,,,,0,,,0.0,35,,0.0,5,0.0,,,,,,,,,,,,,,,,,,,,,,,,,,,,,,,,,,,,,,,,,,,,,,,,m5x4bbn3,,,,,0
36,v7222njd,,0,0,52,,,,0,,,0.0,36,,0.0,10,0.0,,,,,,,,,,,,,,,,,,,,,,,,,,,,,,,,,,,,,,,,,,,,,,,,m5x4bbn3,,,,,0
37,3p39srgp,,0,0,52,,,,0,,,0.0,37,,0.0,14,0.0,,,,,,,,,,,,,,,,,,,,,,,,,,,,,,,,,,,,,,,,,,,,,,,,m5x4bbn3,,,,,0
38,lx725v5a,,0,0,52,,,,0,,,0.0,38,,0.0,10,0.0,,,,,,,,,,,,,,,,,,,,,,,,,,,,,,,,,,,,,,,,,,,,,,,,m5x4bbn3,,,,,0
39,nokc44iu,,0,0,52,,,,0,,,0.0,39,,0.0,10,0.0,,,,,,,,,,,,,,,,,,,,,,,,,,,,,,,,,,,,,,,,,,,,,,,,m5x4bbn3,,,,,0
40,nhkrem9s,,0,0,52,,,,0,,,0.0,40,,0.0,7,0.0,,,,,,,,,,,,,,,,,,,,,,,,,,,,,,,,,,,,,,,,,,,,,,,,m5x4bbn3,,,,,0
41,zrifs78w,,0,0,52,,,,0,,,0.0,41,,0.0,13,0.0,,,,,,,,,,,,,,,,,,,,,,,,,,,,,,,,,,,,,,,,,,,,,,,,m5x4bbn3,,,,,0
42,d7547pnj,,0,0,52,,,,0,,,0.0,42,,0.0,11,0.0,,,,,,,,,,,,,,,,,,,,,,,,,,,,,,,,,,,,,,,,,,,,,,,,m5x4bbn3,,,,,0
43,dw1o1fsk,,0,0,52,,,,0,,,0.0,43,,0.0,11,0.0,,,,,,,,,,,,,,,,,,,,,,,,,,,,,,,,,,,,,,,,,,,,,,,,m5x4bbn3,,,,,0
44,c8dm8j71,,0,0,52,,,,0,,,0.0,44,,0.0,8,0.0,,,,,,,,,,,,,,,,,,,,,,,,,,,,,,,,,,,,,,,,,,,,,,,,m5x4bbn3,,,,,0
45,ry8jilqc,,0,0,52,,,,0,,,0.0,45,,0.0,4,0.0,,,,,,,,,,,,,,,,,,,,,,,,,,,,,,,,,,,,,,,,,,,,,,,,m5x4bbn3,,,,,0
46,urtz332o,,0,0,52,,,,0,,,0.0,46,,0.0,11,0.0,,,,,,,,,,,,,,,,,,,,,,,,,,,,,,,,,,,,,,,,,,,,,,,,m5x4bbn3,,,,,0
47,bgl3kv7o,,0,0,52,,,,0,,,0.0,47,,0.0,14,0.0,,,,,,,,,,,,,,,,,,,,,,,,,,,,,,,,,,,,,,,,,,,,,,,,m5x4bbn3,,,,,0
48,bv1od516,,0,0,52,,,,0,,,0.0,48,,0.0,5,0.0,,,,,,,,,,,,,,,,,,,,,,,,,,,,,,,,,,,,,,,,,,,,,,,,m5x4bbn3,,,,,0
49,f1asa7zb,,0,0,52,,,,0,,,0.0,49,,0.0,7,0.0,,,,,,,,,,,,,,,,,,,,,,,,,,,,,,,,,,,,,,,,,,,,,,,,m5x4bbn3,,,,,0
50,eq5pp1mg,,0,0,52,,,,0,,,0.0,50,,0.0,8,0.0,,,,,,,,,,,,,,,,,,,,,,,,,,,,,,,,,,,,,,,,,,,,,,,,m5x4bbn3,,,,,0
51,omyniqoq,,0,0,52,,,,0,,,0.0,51,,0.0,4,0.0,,,,,,,,,,,,,,,,,,,,,,,,,,,,,,,,,,,,,,,,,,,,,,,,m5x4bbn3,,,,,0
52,jo9nroex,,0,0,52,,,,0,,,0.0,52,,0.0,5,0.0,,,,,,,,,,,,,,,,,,,,,,,,,,,,,,,,,,,,,,,,,,,,,,,,m5x4bbn3,,,,,0
53,ct41cifm,,0,0,52,,,,0,,,0.0,53,,0.0,9,0.0,,,,,,,,,,,,,,,,,,,,,,,,,,,,,,,,,,,,,,,,,,,,,,,,m5x4bbn3,,,,,0
54,7d3lob61,,0,0,52,,,,0,,,0.0,54,,0.0,10,0.0,,,,,,,,,,,,,,,,,,,,,,,,,,,,,,,,,,,,,,,,,,,,,,,,m5x4bbn3,,,,,0
55,jhmmnva4,,0,0,52,,,,0,,,0.0,55,,0.0,14,0.0,,,,,,,,,,,,,,,,,,,,,,,,,,,,,,,,,,,,,,,,,,,,,,,,m5x4bbn3,,,,,0
56,1cnjfu0m,,0,0,52,,,,0,,,0.0,56,,0.0,11,0.0,,,,,,,,,,,,,,,,,,,,,,,,,,,,,,,,,,,,,,,,,,,,,,,,m5x4bbn3,,,,,0
57,n6nfujj3,,0,0,52,,,,0,,,0.0,57,,0.0,13,0.0,,,,,,,,,,,,,,,,,,,,,,,,,,,,,,,,,,,,,,,,,,,,,,,,m5x4bbn3,,,,,0
58,8yusy32b,,0,0,52,,,,0,,,0.0,58,,0.0,9,0.0,,,,,,,,,,,,,,,,,,,,,,,,,,,,,,,,,,,,,,,,,,,,,,,,m5x4bbn3,,,,,0
59,1d8xj21h,,0,0,52,,,,0,,,0.0,59,,0.0,7,0.0,,,,,,,,,,,,,,,,,,,,,,,,,,,,,,,,,,,,,,,,,,,,,,,,m5x4bbn3,,,,,0
60,3bqm5aqw,,0,0,52,,,,0,,,0.0,60,,0.0,13,0.0,,,,,,,,,,,,,,,,,,,,,,,,,,,,,,,,,,,,,,,,,,,,,,,,m5x4bbn3,,,,,0
61,8486dzvz,,0,0,52,,,,0,,,0.0,61,,0.0,13,0.0,,,,,,,,,,,,,,,,,,,,,,,,,,,,,,,,,,,,,,,,,,,,,,,,m5x4bbn3,,,,,0
62,h1a3dn0s,,0,0,52,,,,0,,,0.0,62,,0.0,9,0.0,,,,,,,,,,,,,,,,,,,,,,,,,,,,,,,,,,,,,,,,,,,,,,,,m5x4bbn3,,,,,0
63,on9llogi,,0,0,52,,,,0,,,0.0,63,,0.0,6,0.0,,,,,,,,,,,,,,,,,,,,,,,,,,,,,,,,,,,,,,,,,,,,,,,,m5x4bbn3,,,,,0
64,lt6mdrnp,,0,0,52,,,,0,,,0.0,64,,0.0,3,0.0,,,,,,,,,,,,,,,,,,,,,,,,,,,,,,,,,,,,,,,,,,,,,,,,m5x4bbn3,,,,,0
65,2k4bhrpk,,0,0,52,,,,0,,,0.0,65,,0.0,13,0.0,,,,,,,,,,,,,,,,,,,,,,,,,,,,,,,,,,,,,,,,,,,,,,,,m5x4bbn3,,,,,0
66,jfug4r7f,,0,0,52,,,,0,,,0.0,66,,0.0,4,0.0,,,,,,,,,,,,,,,,,,,,,,,,,,,,,,,,,,,,,,,,,,,,,,,,m5x4bbn3,,,,,0
67,n16x8e5t,,0,0,52,,,,0,,,0.0,67,,0.0,9,0.0,,,,,,,,,,,,,,,,,,,,,,,,,,,,,,,,,,,,,,,,,,,,,,,,m5x4bbn3,,,,,0
68,osdgb38x,,0,0,52,,,,0,,,0.0,68,,0.0,4,0.0,,,,,,,,,,,,,,,,,,,,,,,,,,,,,,,,,,,,,,,,,,,,,,,,m5x4bbn3,,,,,0
69,2dd49ple,,0,0,52,,,,0,,,0.0,69,,0.0,10,0.0,,,,,,,,,,,,,,,,,,,,,,,,,,,,,,,,,,,,,,,,,,,,,,,,m5x4bbn3,,,,,0
70,48ack9bc,,0,0,52,,,,0,,,0.0,70,,0.0,5,0.0,,,,,,,,,,,,,,,,,,,,,,,,,,,,,,,,,,,,,,,,,,,,,,,,m5x4bbn3,,,,,0
71,drigjey6,,0,0,52,,,,0,,,0.0,71,,0.0,7,0.0,,,,,,,,,,,,,,,,,,,,,,,,,,,,,,,,,,,,,,,,,,,,,,,,m5x4bbn3,,,,,0
72,hznw6ycu,,0,0,52,,,,0,,,0.0,72,,0.0,14,0.0,,,,,,,,,,,,,,,,,,,,,,,,,,,,,,,,,,,,,,,,,,,,,,,,m5x4bbn3,,,,,0
73,2ailk8i3,,0,0,52,,,,0,,,0.0,73,,0.0,14,0.0,,,,,,,,,,,,,,,,,,,,,,,,,,,,,,,,,,,,,,,,,,,,,,,,m5x4bbn3,,,,,0
74,q8h5ow71,,0,0,52,,,,0,,,0.0,74,,0.0,3,0.0,,,,,,,,,,,,,,,,,,,,,,,,,,,,,,,,,,,,,,,,,,,,,,,,m5x4bbn3,,,,,0
75,baajhbgv,,0,0,52,,,,0,,,0.0,75,,0.0,10,0.0,,,,,,,,,,,,,,,,,,,,,,,,,,,,,,,,,,,,,,,,,,,,,,,,m5x4bbn3,,,,,0
76,ul9dmbj3,,0,0,52,,,,0,,,0.0,76,,0.0,14,0.0,,,,,,,,,,,,,,,,,,,,,,,,,,,,,,,,,,,,,,,,,,,,,,,,m5x4bbn3,,,,,0
77,w8d58a03,,0,0,52,,,,0,,,0.0,77,,0.0,14,0.0,,,,,,,,,,,,,,,,,,,,,,,,,,,,,,,,,,,,,,,,,,,,,,,,m5x4bbn3,,,,,0
78,rkkrywh1,,0,0,52,,,,0,,,0.0,78,,0.0,6,0.0,,,,,,,,,,,,,,,,,,,,,,,,,,,,,,,,,,,,,,,,,,,,,,,,m5x4bbn3,,,,,0
79,ruttle2v,,0,0,52,,,,0,,,0.0,79,,0.0,3,0.0,,,,,,,,,,,,,,,,,,,,,,,,,,,,,,,,,,,,,,,,,,,,,,,,m5x4bbn3,,,,,0
80,1wm1c5gs,,0,0,52,,,,0,,,0.0,80,,0.0,5,0.0,,,,,,,,,,,,,,,,,,,,,,,,,,,,,,,,,,,,,,,,,,,,,,,,m5x4bbn3,,,,,0
81,l31p44s0,,0,0,52,,,,0,,,0.0,81,,0.0,13,0.0,,,,,,,,,,,,,,,,,,,,,,,,,,,,,,,,,,,,,,,,,,,,,,,,m5x4bbn3,,,,,0
82,9ak70poz,,0,0,52,,,,0,,,0.0,82,,0.0,7,0.0,,,,,,,,,,,,,,,,,,,,,,,,,,,,,,,,,,,,,,,,,,,,,,,,m5x4bbn3,,,,,0
83,nwp5iu73,,0,0,52,,,,0,,,0.0,83,,0.0,14,0.0,,,,,,,,,,,,,,,,,,,,,,,,,,,,,,,,,,,,,,,,,,,,,,,,m5x4bbn3,,,,,0
84,avu4wsqv,,0,0,52,,,,0,,,0.0,84,,0.0,11,0.0,,,,,,,,,,,,,,,,,,,,,,,,,,,,,,,,,,,,,,,,,,,,,,,,m5x4bbn3,,,,,0
85,pcks59i8,,0,0,52,,,,0,,,0.0,85,,0.0,7,0.0,,,,,,,,,,,,,,,,,,,,,,,,,,,,,,,,,,,,,,,,,,,,,,,,m5x4bbn3,,,,,0
86,qvqsl2ve,,0,0,52,,,,0,,,0.0,86,,0.0,12,0.0,,,,,,,,,,,,,,,,,,,,,,,,,,,,,,,,,,,,,,,,,,,,,,,,m5x4bbn3,,,,,0
87,q8ne6vct,,0,0,52,,,,0,,,0.0,87,,0.0,10,0.0,,,,,,,,,,,,,,,,,,,,,,,,,,,,,,,,,,,,,,,,,,,,,,,,m5x4bbn3,,,,,0
88,89zd75ml,,0,0,52,,,,0,,,0.0,88,,0.0,9,0.0,,,,,,,,,,,,,,,,,,,,,,,,,,,,,,,,,,,,,,,,,,,,,,,,m5x4bbn3,,,,,0
89,7zsybp9b,,0,0,52,,,,0,,,0.0,89,,0.0,11,0.0,,,,,,,,,,,,,,,,,,,,,,,,,,,,,,,,,,,,,,,,,,,,,,,,m5x4bbn3,,,,,0
90,xx52u6sc,,0,0,52,,,,0,,,0.0,90,,0.0,10,0.0,,,,,,,,,,,,,,,,,,,,,,,,,,,,,,,,,,,,,,,,,,,,,,,,m5x4bbn3,,,,,0
91,buu8kdih,,0,0,52,,,,0,,,0.0,91,,0.0,12,0.0,,,,,,,,,,,,,,,,,,,,,,,,,,,,,,,,,,,,,,,,,,,,,,,,m5x4bbn3,,,,,0
92,ik1zkw0p,,0,0,52,,,,0,,,0.0,92,,0.0,5,0.0,,,,,,,,,,,,,,,,,,,,,,,,,,,,,,,,,,,,,,,,,,,,,,,,m5x4bbn3,,,,,0
93,hkwjxgzb,,0,0,52,,,,0,,,0.0,93,,0.0,12,0.0,,,,,,,,,,,,,,,,,,,,,,,,,,,,,,,,,,,,,,,,,,,,,,,,m5x4bbn3,,,,,0
94,y1257nbi,,0,0,52,,,,0,,,0.0,94,,0.0,8,0.0,,,,,,,,,,,,,,,,,,,,,,,,,,,,,,,,,,,,,,,,,,,,,,,,m5x4bbn3,,,,,0
95,nj35jvq8,,0,0,52,,,,0,,,0.0,95,,0.0,14,0.0,,,,,,,,,,,,,,,,,,,,,,,,,,,,,,,,,,,,,,,,,,,,,,,,m5x4bbn3,,,,,0
96,ibzaj4wr,,0,0,52,,,,0,,,0.0,96,,0.0,10,0.0,,,,,,,,,,,,,,,,,,,,,,,,,,,,,,,,,,,,,,,,,,,,,,,,m5x4bbn3,,,,,0
97,zbod0ytc,,0,0,52,,,,0,,,0.0,97,,0.0,11,0.0,,,,,,,,,,,,,,,,,,,,,,,,,,,,,,,,,,,,,,,,,,,,,,,,m5x4bbn3,,,,,0
98,1h62niz1,,0,0,52,,,,0,,,0.0,98,,0.0,14,0.0,,,,,,,,,,,,,,,,,,,,,,,,,,,,,,,,,,,,,,,,,,,,,,,,m5x4bbn3,,,,,0
99,86mkxrj5,,0,0,52,,,,0,,,0.0,99,,0.0,5,0.0,,,,,,,,,,,,,,,,,,,,,,,,,,,,,,,,,,,,,,,,,,,,,,,,m5x4bbn3,,,,,0
100,yijuv5tx,,0,0,52,,,,0,,,0.0,100,,0.0,10,0.0,,,,,,,,,,,,,,,,,,,,,,,,,,,,,,,,,,,,,,,,,,,,,,,,m5x4bbn3,,,,,0
1,rq5e59hm,,0,2,52,intro,Instructions,2026-01-16 09:47:08.415643,1,,,0.0,1,,0.0,14,0.0,,,,,,,,,,,,,,,,,,,,,,,,,,,,,,,,,,,,,,,,,,,,,,,,603ru2b6,,,,,1
1,alxebyg8,,0,0,52,,,,0,,,0.0,1,,0.0,3,0.0,,,,,,,,,,,,,,,,,,,,,,,,,,,,,,,,,,,,,,,,,,,,,,,,kn9b7bny,,,,,1
1,gvy8ij96,5e5a96f5a2f2c528edf70f6e,0,52,52,post_exp,FinalForProlific,2026-01-16 18:51:50.746845,1,,,116.81,1,,116.81,12,0.0,8,5,A,0.6048186904774797,More than $112,Less than today,The price you personally choose when submitting a buy order.,True,Stocks,Decrease,Bonds,True,The average of the bid price and the ask price.,"Mutual funds can invest in several assets, for example invest in both stocks and bonds",She owns a part of firm B,Between 10 and 15 years,12,7,1.75,3.0,Female,37,Canada,high-school graduate,Other,0,1,1,0,Less than once a month,Less than once a month,Cryptocurrencies,Do not know,To see how people predict,No,5,4,"The instructions could have been written clearer, i had to read a couple times. ",4,5,No,No issues,I was never unsure,The instructions could have been more simply written,I wasn't 100% how bonus would be calculated.,No,No,f59wr1o5,,,,,0
2,wd9u8ggd,5c60501d767686000100150c,0,2,52,intro,Instructions,2026-01-16 18:51:51.324920,1,,,0.0,2,,0.0,3,0.0,,,,,,,,,,,,,,,,,,,,,,,,,,,,,,,,,,,,,,,,,,,,,,,,f59wr1o5,,,,,0
3,vpvxw7lp,5f4380bb7ca9ca5ca407fc04,0,3,52,intro,comprehensionQuestions,2026-01-16 18:53:03.679107,1,,,0.0,3,,0.0,14,0.0,,,,,,,,,,,,,,,,,,,,,,,,,,,,,,,,,,,,,,,,,,,,,,,,f59wr1o5,,,,,0
4,hsiyp0mp,613f0ce7ced87b6731521401,0,6,52,main,Trade,2026-01-16 18:53:07.504789,1,,,0.0,4,,0.0,9,0.0,,,,,,,,,,,,,,,,,,,,,,,,,,,,,,,,,,,,,,,,,,,,,,,,f59wr1o5,,,,,0
5,2fllsvx6,6928a52eb70700f096aea6f3,0,52,52,post_exp,FinalForProlific,2026-01-16 18:53:13.849510,1,,,117.1,5,,117.1,12,0.0,7,9,B,0.7830230609191383,More than $112,Less than today,The highest price a buyer is currently willing to pay.,True,Stocks,Decrease,Stocks,True,The fee the broker charges each time you trade.,"Mutual funds can invest in several assets, for example invest in both stocks and bonds",She owns a part of firm B,Between 10 and 15 years,12,9,2.25,3.0,Male,34,Spain,high-school graduate,Finance,1,0,1,1,Monthly,Weekly,Stocks,Yes,To know people's ability to predict stock prices using charts.,No,5,7,Not was unclear ,6,7,Yes,I could have set my country at the end. ,I was never unsure ,No changes ,Nothing differed ,No,No,f59wr1o5,,,,,0
6,q8d1h0qe,695bce3ec5772551dc8f7fd8,0,52,52,post_exp,FinalForProlific,2026-01-16 18:53:20.030259,1,,,107.35,6,,107.35,8,0.0,8,6,A,0.7221131716999392,More than $112,Less than today,The price you personally choose when submitting a buy order.,True,Stocks,Decrease,Stocks,True,The difference between the lowest ask price and the highest bid price.,"Mutual funds can invest in several assets, for example invest in both stocks and bonds",She has lent money to firm B,Never,12,11,2.75,3.0,Male,45,United States,PhD,Other,0,1,1,1,Weekly,Weekly,Cryptocurrencies,No,"To see how the patterns of stock increases and decreases and the inflow/out flow of buys and sells influenced our perceptions of what a stock would do next.  And how that relates to how much we value certain rewards ($2) versus uncertain but potentially higher rewards ($3.85).  And our financial knowledge.  Since you told us ahead of time that the average value increase of stocks was 15% and that inflow-outflow wasn't necessarily related to stock price, I didn't waste 5% of my $100 on buying inflow information, and just put 100% into buying the stock each time.  If we actually bought all stocks that would be the best strategy.","The question on whether you would pay more for 15 year mortgage or 30 year mortgage did not have an info to make a correct choice.  There should have been an answer ""not enough info to say"".  Because we don't know what the interest rate for the 15 or 30 year.  So I just went with what would typically be true.",1,3,"Most studies with these kind of complicated instructions repost the instructions above the questions.  It's not that the directions were super complicated, only somewhat.  The issue is there is too much information for participants to realistically remember without being able to refer back to the rubric.",5,7,No,No issues.,I was never unsure.,Paste the instructions again above the questions about the instructions.,"I wanted to see what financial literacy quiz question I got wrong.  Also, were participants forbidden from looking up the answers? Since you tied pay to it, some people will.  ","No, just repost the instructions in a easily clickable fashion.",No,f59wr1o5,,,,,0
7,vqhyvzfz,5f627ea43a49581b4438a944,0,52,52,post_exp,FinalForProlific,2026-01-16 18:54:39.677385,1,,,109.88,7,,109.88,4,0.0,6,4,A,0.967164484929089,More than $112,Less than today,The highest price a buyer is currently willing to pay.,True,Stocks,Decrease,Stocks,True,The difference between the lowest ask price and the highest bid price.,"Mutual funds can invest in several assets, for example invest in both stocks and bonds",She has lent money to firm B,Never,12,12,3.0,3.0,Male,47,U.S. Virgin Islands,undergraduate: 4th year,Other,0,0,1,1,Monthly,Monthly,Stocks,No,To see how useful trade volume is to people when they try to predict the future price of stocks. ,"Yes, on the previous page the United States of America was not listed as one of the options. And, the career option only showed other as an option, nothing else. Those boxes on that page wouldn't even work on my tablet, I had to switch to my desktop. ",7,6,Nothing was unclear. ,6,7,Yes,"I already described them, no option for US as my country and no option besides other foe my career. ",I was never unsure,No changes,"Nothing differet. I think there's a typo in this question, Nothing differed. ",No. ,No. ,f59wr1o5,,,,,0
8,2gtnau8a,63cd461c5f597e27b2a054fb,0,52,52,post_exp,FinalForProlific,2026-01-16 18:54:58.198376,1,,,112.13,8,,112.13,7,0.0,10,8,A,0.30845498681192307,More than $112,Less than today,The highest price a buyer is currently willing to pay.,True,Stocks,Decrease,Stocks,True,The difference between the lowest ask price and the highest bid price.,"Mutual funds can invest in several assets, for example invest in both stocks and bonds",She has lent money to firm B,Never,12,12,3.0,3.0,Female,57,United Kingdom,undergraduate: 3d year,Other,0,0,1,0,Less than once a month,Monthly,Stocks,No,prediction analysis,no,5,5,nothing was unclear,6,5,No,no issues,i was never unsure,no changes,nothing differed,no,no,f59wr1o5,,,,,0
9,bym101bb,6942f2b4e51cd5b64c118b60,0,3,52,intro,comprehensionQuestions,2026-01-16 18:55:11.255089,1,,,0.0,9,,0.0,5,0.0,,,,,,,,,,,,,,,,,,,,,,,,,,,,,,,,,,,,,,,,,,,,,,,,f59wr1o5,,,,,0
10,qg7a9k42,6781163e42dd9b1176a29412,0,52,52,post_exp,FinalForProlific,2026-01-16 18:55:35.024205,1,,,107.43,10,,107.43,13,0.0,5,5,B,0.5208864257122032,More than $112,Less than today,The price you personally choose when submitting a buy order.,True,Stocks,Decrease,Stocks,True,The difference between the lowest ask price and the highest bid price.,"Mutual funds can invest in several assets, for example invest in both stocks and bonds",She owns a part of firm B,Between 5 and 10 years,12,9,2.25,3.0,Male,19,U.S. Minor Outlying Islands,undergraduate: 3d year,Other Management,1,0,1,1,Monthly,Weekly,Stocks,No,It was to assess what i would invest in.,Nope.,3,6,Nothing was unclear,5,3,No,No issues,I was never unsure,No changes,Nothing differez,No,No,f59wr1o5,,,,,0
11,oog8gvlz,627be8df969ba21063c8a31f,0,49,52,post_exp,Demographics,2026-01-16 18:56:07.244958,1,,,1232.65,11,,2.25,7,0.0,7,10,B,0.9310450324119786,More than $112,Less than today,The highest price a buyer is currently willing to pay.,True,Stocks,Decrease,Prefer not to say,True,The difference between the lowest ask price and the highest bid price.,Don't know / Not sure,Prefer not to say,Never,12,9,2.25,3.0,,,,,,,,,,,,,,,,,,,,,,,,,,,,f59wr1o5,,,,,0
12,2urppub6,,0,0,52,,,,0,,,0.0,12,,0.0,12,0.0,,,,,,,,,,,,,,,,,,,,,,,,,,,,,,,,,,,,,,,,,,,,,,,,f59wr1o5,,,,,0
13,hvfzx4nm,,0,0,52,,,,0,,,0.0,13,,0.0,6,0.0,,,,,,,,,,,,,,,,,,,,,,,,,,,,,,,,,,,,,,,,,,,,,,,,f59wr1o5,,,,,0
14,86o34qla,,0,0,52,,,,0,,,0.0,14,,0.0,5,0.0,,,,,,,,,,,,,,,,,,,,,,,,,,,,,,,,,,,,,,,,,,,,,,,,f59wr1o5,,,,,0
15,qcccc0ni,,0,0,52,,,,0,,,0.0,15,,0.0,3,0.0,,,,,,,,,,,,,,,,,,,,,,,,,,,,,,,,,,,,,,,,,,,,,,,,f59wr1o5,,,,,0
16,8j9mh434,,0,0,52,,,,0,,,0.0,16,,0.0,11,0.0,,,,,,,,,,,,,,,,,,,,,,,,,,,,,,,,,,,,,,,,,,,,,,,,f59wr1o5,,,,,0
17,jjf6gje6,,0,0,52,,,,0,,,0.0,17,,0.0,8,0.0,,,,,,,,,,,,,,,,,,,,,,,,,,,,,,,,,,,,,,,,,,,,,,,,f59wr1o5,,,,,0
18,9qr9x8qn,,0,0,52,,,,0,,,0.0,18,,0.0,8,0.0,,,,,,,,,,,,,,,,,,,,,,,,,,,,,,,,,,,,,,,,,,,,,,,,f59wr1o5,,,,,0
19,ocj47zvg,,0,0,52,,,,0,,,0.0,19,,0.0,8,0.0,,,,,,,,,,,,,,,,,,,,,,,,,,,,,,,,,,,,,,,,,,,,,,,,f59wr1o5,,,,,0
20,9i64hbad,,0,0,52,,,,0,,,0.0,20,,0.0,10,0.0,,,,,,,,,,,,,,,,,,,,,,,,,,,,,,,,,,,,,,,,,,,,,,,,f59wr1o5,,,,,0
21,hej0boe2,,0,0,52,,,,0,,,0.0,21,,0.0,10,0.0,,,,,,,,,,,,,,,,,,,,,,,,,,,,,,,,,,,,,,,,,,,,,,,,f59wr1o5,,,,,0
22,kcmyced6,,0,0,52,,,,0,,,0.0,22,,0.0,11,0.0,,,,,,,,,,,,,,,,,,,,,,,,,,,,,,,,,,,,,,,,,,,,,,,,f59wr1o5,,,,,0
23,3kkywk74,,0,0,52,,,,0,,,0.0,23,,0.0,12,0.0,,,,,,,,,,,,,,,,,,,,,,,,,,,,,,,,,,,,,,,,,,,,,,,,f59wr1o5,,,,,0
24,j6r8xosl,,0,0,52,,,,0,,,0.0,24,,0.0,10,0.0,,,,,,,,,,,,,,,,,,,,,,,,,,,,,,,,,,,,,,,,,,,,,,,,f59wr1o5,,,,,0
25,o3kamtqo,,0,0,52,,,,0,,,0.0,25,,0.0,3,0.0,,,,,,,,,,,,,,,,,,,,,,,,,,,,,,,,,,,,,,,,,,,,,,,,f59wr1o5,,,,,0
26,p94npy8w,,0,0,52,,,,0,,,0.0,26,,0.0,7,0.0,,,,,,,,,,,,,,,,,,,,,,,,,,,,,,,,,,,,,,,,,,,,,,,,f59wr1o5,,,,,0
27,xa67uxyy,,0,0,52,,,,0,,,0.0,27,,0.0,8,0.0,,,,,,,,,,,,,,,,,,,,,,,,,,,,,,,,,,,,,,,,,,,,,,,,f59wr1o5,,,,,0
28,75wt3tke,,0,0,52,,,,0,,,0.0,28,,0.0,9,0.0,,,,,,,,,,,,,,,,,,,,,,,,,,,,,,,,,,,,,,,,,,,,,,,,f59wr1o5,,,,,0
29,xmji8qp1,,0,0,52,,,,0,,,0.0,29,,0.0,6,0.0,,,,,,,,,,,,,,,,,,,,,,,,,,,,,,,,,,,,,,,,,,,,,,,,f59wr1o5,,,,,0
30,anevy7ns,,0,0,52,,,,0,,,0.0,30,,0.0,11,0.0,,,,,,,,,,,,,,,,,,,,,,,,,,,,,,,,,,,,,,,,,,,,,,,,f59wr1o5,,,,,0
31,gngpynt4,,0,0,52,,,,0,,,0.0,31,,0.0,6,0.0,,,,,,,,,,,,,,,,,,,,,,,,,,,,,,,,,,,,,,,,,,,,,,,,f59wr1o5,,,,,0
32,avwjjxvf,,0,0,52,,,,0,,,0.0,32,,0.0,5,0.0,,,,,,,,,,,,,,,,,,,,,,,,,,,,,,,,,,,,,,,,,,,,,,,,f59wr1o5,,,,,0
33,wxyxxypu,,0,0,52,,,,0,,,0.0,33,,0.0,9,0.0,,,,,,,,,,,,,,,,,,,,,,,,,,,,,,,,,,,,,,,,,,,,,,,,f59wr1o5,,,,,0
34,cpoxk29e,,0,0,52,,,,0,,,0.0,34,,0.0,8,0.0,,,,,,,,,,,,,,,,,,,,,,,,,,,,,,,,,,,,,,,,,,,,,,,,f59wr1o5,,,,,0
35,g36fmm5u,,0,0,52,,,,0,,,0.0,35,,0.0,4,0.0,,,,,,,,,,,,,,,,,,,,,,,,,,,,,,,,,,,,,,,,,,,,,,,,f59wr1o5,,,,,0
36,v29ih8sb,,0,0,52,,,,0,,,0.0,36,,0.0,12,0.0,,,,,,,,,,,,,,,,,,,,,,,,,,,,,,,,,,,,,,,,,,,,,,,,f59wr1o5,,,,,0
37,a19v8ocd,,0,0,52,,,,0,,,0.0,37,,0.0,6,0.0,,,,,,,,,,,,,,,,,,,,,,,,,,,,,,,,,,,,,,,,,,,,,,,,f59wr1o5,,,,,0
38,701gwkdk,,0,0,52,,,,0,,,0.0,38,,0.0,6,0.0,,,,,,,,,,,,,,,,,,,,,,,,,,,,,,,,,,,,,,,,,,,,,,,,f59wr1o5,,,,,0
39,pja000wl,,0,0,52,,,,0,,,0.0,39,,0.0,8,0.0,,,,,,,,,,,,,,,,,,,,,,,,,,,,,,,,,,,,,,,,,,,,,,,,f59wr1o5,,,,,0
40,qi5u1lcj,,0,0,52,,,,0,,,0.0,40,,0.0,14,0.0,,,,,,,,,,,,,,,,,,,,,,,,,,,,,,,,,,,,,,,,,,,,,,,,f59wr1o5,,,,,0
41,6atj1tes,,0,0,52,,,,0,,,0.0,41,,0.0,5,0.0,,,,,,,,,,,,,,,,,,,,,,,,,,,,,,,,,,,,,,,,,,,,,,,,f59wr1o5,,,,,0
42,dty7r31y,,0,0,52,,,,0,,,0.0,42,,0.0,4,0.0,,,,,,,,,,,,,,,,,,,,,,,,,,,,,,,,,,,,,,,,,,,,,,,,f59wr1o5,,,,,0
43,zb1hp6i3,,0,0,52,,,,0,,,0.0,43,,0.0,10,0.0,,,,,,,,,,,,,,,,,,,,,,,,,,,,,,,,,,,,,,,,,,,,,,,,f59wr1o5,,,,,0
44,u0q9wuk7,,0,0,52,,,,0,,,0.0,44,,0.0,11,0.0,,,,,,,,,,,,,,,,,,,,,,,,,,,,,,,,,,,,,,,,,,,,,,,,f59wr1o5,,,,,0
45,16grawxk,,0,0,52,,,,0,,,0.0,45,,0.0,13,0.0,,,,,,,,,,,,,,,,,,,,,,,,,,,,,,,,,,,,,,,,,,,,,,,,f59wr1o5,,,,,0
46,2xpa4miw,,0,0,52,,,,0,,,0.0,46,,0.0,6,0.0,,,,,,,,,,,,,,,,,,,,,,,,,,,,,,,,,,,,,,,,,,,,,,,,f59wr1o5,,,,,0
47,7avrv0x8,,0,0,52,,,,0,,,0.0,47,,0.0,9,0.0,,,,,,,,,,,,,,,,,,,,,,,,,,,,,,,,,,,,,,,,,,,,,,,,f59wr1o5,,,,,0
48,81fa209x,,0,0,52,,,,0,,,0.0,48,,0.0,3,0.0,,,,,,,,,,,,,,,,,,,,,,,,,,,,,,,,,,,,,,,,,,,,,,,,f59wr1o5,,,,,0
49,fwarlwb9,,0,0,52,,,,0,,,0.0,49,,0.0,12,0.0,,,,,,,,,,,,,,,,,,,,,,,,,,,,,,,,,,,,,,,,,,,,,,,,f59wr1o5,,,,,0
50,fpkna0r4,,0,0,52,,,,0,,,0.0,50,,0.0,3,0.0,,,,,,,,,,,,,,,,,,,,,,,,,,,,,,,,,,,,,,,,,,,,,,,,f59wr1o5,,,,,0
51,0r963acu,,0,0,52,,,,0,,,0.0,51,,0.0,6,0.0,,,,,,,,,,,,,,,,,,,,,,,,,,,,,,,,,,,,,,,,,,,,,,,,f59wr1o5,,,,,0
52,ej8ms66y,,0,0,52,,,,0,,,0.0,52,,0.0,6,0.0,,,,,,,,,,,,,,,,,,,,,,,,,,,,,,,,,,,,,,,,,,,,,,,,f59wr1o5,,,,,0
53,279i2dnu,,0,0,52,,,,0,,,0.0,53,,0.0,7,0.0,,,,,,,,,,,,,,,,,,,,,,,,,,,,,,,,,,,,,,,,,,,,,,,,f59wr1o5,,,,,0
54,6xxbizze,,0,0,52,,,,0,,,0.0,54,,0.0,12,0.0,,,,,,,,,,,,,,,,,,,,,,,,,,,,,,,,,,,,,,,,,,,,,,,,f59wr1o5,,,,,0
55,wxdys81c,,0,0,52,,,,0,,,0.0,55,,0.0,8,0.0,,,,,,,,,,,,,,,,,,,,,,,,,,,,,,,,,,,,,,,,,,,,,,,,f59wr1o5,,,,,0
56,f6j64zyd,,0,0,52,,,,0,,,0.0,56,,0.0,4,0.0,,,,,,,,,,,,,,,,,,,,,,,,,,,,,,,,,,,,,,,,,,,,,,,,f59wr1o5,,,,,0
57,2k37rshj,,0,0,52,,,,0,,,0.0,57,,0.0,3,0.0,,,,,,,,,,,,,,,,,,,,,,,,,,,,,,,,,,,,,,,,,,,,,,,,f59wr1o5,,,,,0
58,eemsyyvd,,0,0,52,,,,0,,,0.0,58,,0.0,5,0.0,,,,,,,,,,,,,,,,,,,,,,,,,,,,,,,,,,,,,,,,,,,,,,,,f59wr1o5,,,,,0
59,yk9jtwyn,,0,0,52,,,,0,,,0.0,59,,0.0,11,0.0,,,,,,,,,,,,,,,,,,,,,,,,,,,,,,,,,,,,,,,,,,,,,,,,f59wr1o5,,,,,0
60,lijc5wmw,,0,0,52,,,,0,,,0.0,60,,0.0,10,0.0,,,,,,,,,,,,,,,,,,,,,,,,,,,,,,,,,,,,,,,,,,,,,,,,f59wr1o5,,,,,0
61,l9iehqz9,,0,0,52,,,,0,,,0.0,61,,0.0,14,0.0,,,,,,,,,,,,,,,,,,,,,,,,,,,,,,,,,,,,,,,,,,,,,,,,f59wr1o5,,,,,0
62,gd5sx8o8,,0,0,52,,,,0,,,0.0,62,,0.0,12,0.0,,,,,,,,,,,,,,,,,,,,,,,,,,,,,,,,,,,,,,,,,,,,,,,,f59wr1o5,,,,,0
63,xbfa9tls,,0,0,52,,,,0,,,0.0,63,,0.0,4,0.0,,,,,,,,,,,,,,,,,,,,,,,,,,,,,,,,,,,,,,,,,,,,,,,,f59wr1o5,,,,,0
64,7q0s1ctr,,0,0,52,,,,0,,,0.0,64,,0.0,5,0.0,,,,,,,,,,,,,,,,,,,,,,,,,,,,,,,,,,,,,,,,,,,,,,,,f59wr1o5,,,,,0
65,dmgrfjat,,0,0,52,,,,0,,,0.0,65,,0.0,8,0.0,,,,,,,,,,,,,,,,,,,,,,,,,,,,,,,,,,,,,,,,,,,,,,,,f59wr1o5,,,,,0
66,8qo0cp6w,,0,0,52,,,,0,,,0.0,66,,0.0,13,0.0,,,,,,,,,,,,,,,,,,,,,,,,,,,,,,,,,,,,,,,,,,,,,,,,f59wr1o5,,,,,0
67,fq40u0yk,,0,0,52,,,,0,,,0.0,67,,0.0,7,0.0,,,,,,,,,,,,,,,,,,,,,,,,,,,,,,,,,,,,,,,,,,,,,,,,f59wr1o5,,,,,0
68,bdy75hkr,,0,0,52,,,,0,,,0.0,68,,0.0,13,0.0,,,,,,,,,,,,,,,,,,,,,,,,,,,,,,,,,,,,,,,,,,,,,,,,f59wr1o5,,,,,0
69,zyuu4d1u,,0,0,52,,,,0,,,0.0,69,,0.0,8,0.0,,,,,,,,,,,,,,,,,,,,,,,,,,,,,,,,,,,,,,,,,,,,,,,,f59wr1o5,,,,,0
70,c107c2k3,,0,0,52,,,,0,,,0.0,70,,0.0,5,0.0,,,,,,,,,,,,,,,,,,,,,,,,,,,,,,,,,,,,,,,,,,,,,,,,f59wr1o5,,,,,0
71,7a4q2tgn,,0,0,52,,,,0,,,0.0,71,,0.0,6,0.0,,,,,,,,,,,,,,,,,,,,,,,,,,,,,,,,,,,,,,,,,,,,,,,,f59wr1o5,,,,,0
72,7er91m05,,0,0,52,,,,0,,,0.0,72,,0.0,5,0.0,,,,,,,,,,,,,,,,,,,,,,,,,,,,,,,,,,,,,,,,,,,,,,,,f59wr1o5,,,,,0
73,dy04q7ox,,0,0,52,,,,0,,,0.0,73,,0.0,6,0.0,,,,,,,,,,,,,,,,,,,,,,,,,,,,,,,,,,,,,,,,,,,,,,,,f59wr1o5,,,,,0
74,15up1t4w,,0,0,52,,,,0,,,0.0,74,,0.0,9,0.0,,,,,,,,,,,,,,,,,,,,,,,,,,,,,,,,,,,,,,,,,,,,,,,,f59wr1o5,,,,,0
75,tz615fwl,,0,0,52,,,,0,,,0.0,75,,0.0,5,0.0,,,,,,,,,,,,,,,,,,,,,,,,,,,,,,,,,,,,,,,,,,,,,,,,f59wr1o5,,,,,0
76,sdht5qcz,,0,0,52,,,,0,,,0.0,76,,0.0,11,0.0,,,,,,,,,,,,,,,,,,,,,,,,,,,,,,,,,,,,,,,,,,,,,,,,f59wr1o5,,,,,0
77,470pkqd8,,0,0,52,,,,0,,,0.0,77,,0.0,11,0.0,,,,,,,,,,,,,,,,,,,,,,,,,,,,,,,,,,,,,,,,,,,,,,,,f59wr1o5,,,,,0
78,dgj6eaup,,0,0,52,,,,0,,,0.0,78,,0.0,8,0.0,,,,,,,,,,,,,,,,,,,,,,,,,,,,,,,,,,,,,,,,,,,,,,,,f59wr1o5,,,,,0
79,r6ry6sg2,,0,0,52,,,,0,,,0.0,79,,0.0,8,0.0,,,,,,,,,,,,,,,,,,,,,,,,,,,,,,,,,,,,,,,,,,,,,,,,f59wr1o5,,,,,0
80,rpuyoor7,,0,0,52,,,,0,,,0.0,80,,0.0,4,0.0,,,,,,,,,,,,,,,,,,,,,,,,,,,,,,,,,,,,,,,,,,,,,,,,f59wr1o5,,,,,0
81,oump7899,,0,0,52,,,,0,,,0.0,81,,0.0,7,0.0,,,,,,,,,,,,,,,,,,,,,,,,,,,,,,,,,,,,,,,,,,,,,,,,f59wr1o5,,,,,0
82,un4ih5t8,,0,0,52,,,,0,,,0.0,82,,0.0,8,0.0,,,,,,,,,,,,,,,,,,,,,,,,,,,,,,,,,,,,,,,,,,,,,,,,f59wr1o5,,,,,0
83,n34ezw0j,,0,0,52,,,,0,,,0.0,83,,0.0,12,0.0,,,,,,,,,,,,,,,,,,,,,,,,,,,,,,,,,,,,,,,,,,,,,,,,f59wr1o5,,,,,0
84,jl69jbo1,,0,0,52,,,,0,,,0.0,84,,0.0,6,0.0,,,,,,,,,,,,,,,,,,,,,,,,,,,,,,,,,,,,,,,,,,,,,,,,f59wr1o5,,,,,0
85,5hcmv3kz,,0,0,52,,,,0,,,0.0,85,,0.0,3,0.0,,,,,,,,,,,,,,,,,,,,,,,,,,,,,,,,,,,,,,,,,,,,,,,,f59wr1o5,,,,,0
86,akupdrze,,0,0,52,,,,0,,,0.0,86,,0.0,3,0.0,,,,,,,,,,,,,,,,,,,,,,,,,,,,,,,,,,,,,,,,,,,,,,,,f59wr1o5,,,,,0
87,ptw2zbjw,,0,0,52,,,,0,,,0.0,87,,0.0,7,0.0,,,,,,,,,,,,,,,,,,,,,,,,,,,,,,,,,,,,,,,,,,,,,,,,f59wr1o5,,,,,0
88,qoi3cqe4,,0,0,52,,,,0,,,0.0,88,,0.0,6,0.0,,,,,,,,,,,,,,,,,,,,,,,,,,,,,,,,,,,,,,,,,,,,,,,,f59wr1o5,,,,,0
89,27rihizf,,0,0,52,,,,0,,,0.0,89,,0.0,3,0.0,,,,,,,,,,,,,,,,,,,,,,,,,,,,,,,,,,,,,,,,,,,,,,,,f59wr1o5,,,,,0
90,qujcr2jz,,0,0,52,,,,0,,,0.0,90,,0.0,9,0.0,,,,,,,,,,,,,,,,,,,,,,,,,,,,,,,,,,,,,,,,,,,,,,,,f59wr1o5,,,,,0
91,7ls7dwxq,,0,0,52,,,,0,,,0.0,91,,0.0,4,0.0,,,,,,,,,,,,,,,,,,,,,,,,,,,,,,,,,,,,,,,,,,,,,,,,f59wr1o5,,,,,0
92,c76ccxy3,,0,0,52,,,,0,,,0.0,92,,0.0,13,0.0,,,,,,,,,,,,,,,,,,,,,,,,,,,,,,,,,,,,,,,,,,,,,,,,f59wr1o5,,,,,0
93,orxtn54l,,0,0,52,,,,0,,,0.0,93,,0.0,9,0.0,,,,,,,,,,,,,,,,,,,,,,,,,,,,,,,,,,,,,,,,,,,,,,,,f59wr1o5,,,,,0
94,berujqif,,0,0,52,,,,0,,,0.0,94,,0.0,12,0.0,,,,,,,,,,,,,,,,,,,,,,,,,,,,,,,,,,,,,,,,,,,,,,,,f59wr1o5,,,,,0
95,kmr8tm22,,0,0,52,,,,0,,,0.0,95,,0.0,8,0.0,,,,,,,,,,,,,,,,,,,,,,,,,,,,,,,,,,,,,,,,,,,,,,,,f59wr1o5,,,,,0
96,dq4kwv4f,,0,0,52,,,,0,,,0.0,96,,0.0,12,0.0,,,,,,,,,,,,,,,,,,,,,,,,,,,,,,,,,,,,,,,,,,,,,,,,f59wr1o5,,,,,0
97,gbkd1j3z,,0,0,52,,,,0,,,0.0,97,,0.0,4,0.0,,,,,,,,,,,,,,,,,,,,,,,,,,,,,,,,,,,,,,,,,,,,,,,,f59wr1o5,,,,,0
98,qlvu4aoe,,0,0,52,,,,0,,,0.0,98,,0.0,14,0.0,,,,,,,,,,,,,,,,,,,,,,,,,,,,,,,,,,,,,,,,,,,,,,,,f59wr1o5,,,,,0
99,jekvoddd,,0,0,52,,,,0,,,0.0,99,,0.0,6,0.0,,,,,,,,,,,,,,,,,,,,,,,,,,,,,,,,,,,,,,,,,,,,,,,,f59wr1o5,,,,,0
100,sdw9ndb9,,0,0,52,,,,0,,,0.0,100,,0.0,13,0.0,,,,,,,,,,,,,,,,,,,,,,,,,,,,,,,,,,,,,,,,,,,,,,,,f59wr1o5,,,,,0
1,8vom6hlj,5f6f2da91b5cc64887afd65d,0,52,52,post_exp,FinalForProlific,2026-01-16 18:56:55.878126,1,,,112.96,1,,112.96,6,0.0,9,4,A,0.8531501287114316,More than $112,Less than today,The highest price a buyer is currently willing to pay.,True,Stocks,Decrease,Stocks,True,Don't know / Not sure,Don't know / Not sure,She has lent money to firm B,Never,12,10,2.5,3.0,Male,60,United Kingdom,undergraduate: 4th year,Other,0,1,0,0,Less than once a month,Monthly,Cryptocurrencies,Do not know,To gauge how much or how little people know about investing  ,All went smoothly,6,5,I was just unsure about how to read the chart properly,4,4,No,No issues,I was never unsure,I would be a bit brighter! Other than that it was all good.Nothing differed,Nothing differed,No,No,ccfpv55r,,,,,0
2,rf17qm84,58b20a24c352cc0001ed554b,0,52,52,post_exp,FinalForProlific,2026-01-16 18:57:02.749942,1,,,111.02,2,,111.02,14,0.0,7,3,A,0.7357741285148709,Exactly $112,Less than today,The highest price a buyer is currently willing to pay.,True,Stocks,Decrease,Bonds,Don't know / Not sure,The difference between the lowest ask price and the highest bid price.,"Mutual funds can invest in several assets, for example invest in both stocks and bonds",She has lent money to firm B,Between 5 and 10 years,12,8,2.0,3.0,Female,38,United States,undergraduate: 4th year,Finance,1,1,1,1,Daily,Daily,Stocks,No,It was evaluating people's choices that they make while trading.,No.,2,6,Nothing was unclear.,5,7,Yes,No issues.,I was never unsure.,No changes.,Nothing differed. IS this a typo or should I really type 'Differed'?,No.,No.,ccfpv55r,,,,,0
3,g4dnuwu8,5de4eec72cf204481c6e5c1e,0,52,52,post_exp,FinalForProlific,2026-01-16 18:57:44.177549,1,,,111.53,3,,111.53,10,0.0,9,4,A,0.40092630326687684,More than $112,Less than today,The highest price a buyer is currently willing to pay.,True,Stocks,Decrease,Stocks,True,The difference between the lowest ask price and the highest bid price.,"Mutual funds can invest in several assets, for example invest in both stocks and bonds",She has lent money to firm B,Never,12,12,3.0,3.0,Male,39,United Kingdom,high-school graduate,Other,0,0,0,0,Less than once a month,Less than once a month,Stocks,No,I am not sure,"I did have difficulty during this test, but I tried my best.",6,6,Nothing was unclear,4,5,No,No issues,I was never unsure,No changes,Nothing differed,No,No,ccfpv55r,,,,,0
4,6yrprkow,63d79fcd741f9cfb2f87152f,0,52,52,post_exp,FinalForProlific,2026-01-16 18:57:47.488932,1,,,110.97,4,,110.97,9,0.0,10,9,A,0.3408346011333435,More than $112,Less than today,The most recent price at which the security traded.,True,Stocks,Decrease,Bonds,Don't know / Not sure,Don't know / Not sure,Don't know / Not sure,She has lent money to firm B,None of the above,12,6,1.5,3.0,Male,50,United Kingdom,undergraduate: 4th year,Other,0,0,0,0,Less than once a month,Less than once a month,Stocks,Do not know,i don't know,no,6,6,Nothing was unclear,5,6,No,No issues,I was never unsure,No changes,Nothing differed,No,No,ccfpv55r,,,,,0
5,gi2x49bp,58bef6fd31de840001e84ba0,0,52,52,post_exp,FinalForProlific,2026-01-16 18:57:50.116406,1,,,111.31,5,,111.31,10,0.0,7,10,B,0.3774411405085748,More than $112,Less than today,The highest price a buyer is currently willing to pay.,Don't know / Not sure,Stocks,Decrease,Stocks,True,The average of the bid price and the ask price.,"Mutual funds can invest in several assets, for example invest in both stocks and bonds",She has lent money to firm B,Never,12,10,2.5,3.0,Male,41,United Kingdom,high-school graduate,Other,0,0,1,0,Less than once a month,Less than once a month,Stocks,No,I don't know.,No.,6,7,Nothing was unclear.,7,7,No,No issues.,I was never unsure.,No changes.,Nothing differed.,No.,No.,ccfpv55r,,,,,0
6,qsesx6mq,5b5f23420085cb0001872849,0,52,52,post_exp,FinalForProlific,2026-01-16 18:57:53.769992,1,,,110.34,6,,110.34,14,0.0,9,8,A,0.523564585397706,More than $112,Less than today,The price you personally choose when submitting a buy order.,True,Stocks,Decrease,Stocks,True,Don't know / Not sure,"Mutual funds can invest in several assets, for example invest in both stocks and bonds",She has lent money to firm B,Never,12,10,2.5,3.0,Female,31,United Kingdom,high-school graduate,Other,0,1,1,1,Monthly,Multiple times a day,Stocks,Do not know,To see people's predictions when it comes to trading and if they are correct and accurate.,None,5,6,Nothing was unclear,4,4,No,No issues,The yes/no assessment ,"More detailed, simpler explanations ",Nothing differed,No,No,ccfpv55r,,,,,0
7,85in69se,5dede922ad51834919f11f91,0,52,52,post_exp,FinalForProlific,2026-01-16 18:57:54.068808,1,,,107.92,7,,107.92,4,0.0,5,2,A,0.4132536825074543,More than $112,Less than today,The highest price a buyer is currently willing to pay.,True,Stocks,Increase,Don't know / Not sure,True,Don't know / Not sure,"Mutual funds can invest in several assets, for example invest in both stocks and bonds",She owns a part of firm B,Between 10 and 15 years,12,7,1.75,3.0,Female,34,United Kingdom,undergraduate: 2nd year,Other,0,0,0,0,Less than once a month,Less than once a month,,No,Gauging financial literacy ,no,6,7,nothing was unclear,6,6,No,no issues,i was never unsure,no changes,nothing differed,no,no,ccfpv55r,,,,,0
8,5vtef022,6729818223860b3325538705,0,52,52,post_exp,FinalForProlific,2026-01-16 18:57:54.752247,1,,,110.1,8,,110.1,4,0.0,4,7,B,0.5500148707722275,More than $112,Less than today,The highest price a buyer is currently willing to pay.,True,Don't know / Not sure,Decrease,Don't know / Not sure,True,The difference between the lowest ask price and the highest bid price.,"Mutual funds can invest in several assets, for example invest in both stocks and bonds",She owns a part of firm B,Never,12,9,2.25,3.0,Male,19,United Kingdom,undergraduate: 1st year,Other,0,1,0,0,Less than once a month,Less than once a month,Bonds,No,To analyse how different people perceive risks and then what they do about it,No,5,4,Nothing was unclear,4,5,No,No issues,I was never unsure,No changes,Nothing differed,No,No,ccfpv55r,,,,,0
9,erlmn7m3,5a6d3a19e6cc4a0001b6c47a,0,52,52,post_exp,FinalForProlific,2026-01-16 18:58:14.504923,1,,,137.38,9,,137.38,11,0.0,8,1,A,0.7342831955010286,More than $112,Less than today,The lowest price a seller is currently willing to accept.,True,Stocks,Decrease,Stocks,True,The fee the broker charges each time you trade.,"Mutual funds can invest in several assets, for example invest in both stocks and bonds",She has lent money to firm B,Between 10 and 15 years,12,9,2.25,3.0,Male,57,United States,high-school graduate,Other,1,0,1,1,Monthly,Daily,Stocks,No,"Not sure, perceptions of trusting given market information ?","No problems, Thanks and good luck with your work",5,7,"No problems, Thank you",7,7,No,No issues,I was never unsure ,"I would change the scales on the graph, I think the return should have been on the right side. ",Nothing differed,No ,No,ccfpv55r,,,,,0
10,lbduh73m,67ace31300abf1fb686b8ce1,0,52,52,post_exp,FinalForProlific,2026-01-16 18:59:39.071425,1,,,108.09,10,,108.09,12,0.0,5,3,A,0.850141290645321,More than $112,Less than today,The highest price a buyer is currently willing to pay.,True,Stocks,Decrease,Stocks,True,The difference between the lowest ask price and the highest bid price.,"Mutual funds can invest in several assets, for example invest in both stocks and bonds",She has lent money to firm B,Never,12,12,3.0,3.0,Female,25,United States,undergraduate: 4th year,Other Management,1,1,1,1,Weekly,Weekly,Stocks,Yes,To examine how people make investment decisions under uncertainty and how access to information affects those decisions.,no,3,7,Nothing was unclear,7,7,No,No issues.,I was never unsure.,No changes.,Nothing differed.,No,No,ccfpv55r,,,,,0
11,3jitsh3a,66c0f464e0ff62798027b486,0,52,52,post_exp,FinalForProlific,2026-01-16 18:59:56.892442,1,,,123.59,11,,123.59,8,0.0,5,1,A,0.862995998900999,More than $112,Less than today,Don't know / Not sure,True,Stocks,Stay the same,Stocks,True,Don't know / Not sure,"Mutual funds can invest in several assets, for example invest in both stocks and bonds",She has lent money to firm B,None of the above,12,8,2.0,3.0,Male,25,United States,undergraduate: 4th year,Other,1,0,1,1,Less than once a month,Weekly,Cryptocurrencies,No,Investment making,No difficulties,6,7,Nothing was unclear,6,7,No,No issues,I was never unsure,No changes,Nothing differed,No,No,ccfpv55r,,,,,0
12,6rga2yo9,6089cbd9050f134be06a1d04,0,52,52,post_exp,FinalForProlific,2026-01-16 19:00:28.002350,1,,,118.34,12,,118.34,3,0.0,8,10,B,0.38493339960895023,More than $112,Less than today,The highest price a buyer is currently willing to pay.,True,Stocks,Decrease,Stocks,True,The difference between the lowest ask price and the highest bid price.,"Mutual funds can invest in several assets, for example invest in both stocks and bonds",She has lent money to firm B,Never,12,12,3.0,3.0,Male,29,United Kingdom,master,Other,0,1,0,1,Less than once a month,Weekly,Stocks,No,"i have no idea, evaluating how perceptions of others' intentions/opinions impact the decisions of others",no all good,5,7,nothing was unclear,4,7,No,No issues,"I am not the most knowledgeable on this subject, and although I can read graphs, choosing the percentage return was mostly guesswork","I think the rules could be simplified. It is ultimately a simple task, but the rules make it sound quite complicated. I was never quite sure if the money I held meant anything.","Nothing differed, but I have taken part in similar experiments before.","As already mentioned, I was unsure as to what the incentive was to not invest the entire amount each time, it felt like my money always reset.",No.,ccfpv55r,,,,,0
13,q6kdured,60d68186872b4738c7da0f8e,0,3,52,intro,comprehensionQuestions,2026-01-16 19:01:12.461401,1,,,0.0,13,,0.0,5,0.0,,,,,,,,,,,,,,,,,,,,,,,,,,,,,,,,,,,,,,,,,,,,,,,,ccfpv55r,,,,,0
14,iplgepxg,59789a60bf453d00010a94c7,0,52,52,post_exp,FinalForProlific,2026-01-16 19:01:17.060676,1,,,112.68,14,,112.68,11,0.0,11,7,A,0.2088109423217842,More than $112,Less than today,The price you personally choose when submitting a buy order.,True,Stocks,Decrease,Don't know / Not sure,Don't know / Not sure,The average of the bid price and the ask price.,Don't know / Not sure,She has lent money to firm B,Between 10 and 15 years,12,6,1.5,3.0,Female,54,United Kingdom,high-school graduate,Other,0,0,0,0,Less than once a month,Less than once a month,"Derivatives (Options, Futures)",No,To look at how people evaluate predicting outcomes of data,no,5,6,Nothing was unclear,5,5,No,No issues,I was never unsure,no changes,nothing differed,no,no,ccfpv55r,,,,,0
15,1agsa6sp,62fd42136d0fe24eccb23ec9,0,52,52,post_exp,FinalForProlific,2026-01-16 19:02:10.533394,1,,,108.56,15,,108.56,4,0.0,6,8,B,0.639740915698735,Exactly $112,Less than today,The highest price a buyer is currently willing to pay.,True,Stocks,Stay the same,Bonds,True,The difference between the lowest ask price and the highest bid price.,"Mutual funds can invest in several assets, for example invest in both stocks and bonds",She has lent money to firm B,Between 5 and 10 years,12,8,2.0,3.0,Male,28,United States,undergraduate: 4th year,Other,0,0,0,0,Less than once a month,Less than once a month,Stocks,No,Predicting the stock flow.,No,6,7,Nothing was unclear.,4,5,No,No Issues.,I was unsure where the market was heading before putting in my predictions.,No changes.,Nothing differed,No.,No.,ccfpv55r,,,,,0
16,cjyydjw5,59fa3f3705d1d60001f149da,0,52,52,post_exp,FinalForProlific,2026-01-16 19:02:24.112824,1,,,105.13,16,,105.13,10,0.0,7,2,A,0.09367476155709342,More than $112,Less than today,The price you personally choose when submitting a buy order.,True,Stocks,Decrease,Stocks,True,The difference between the lowest ask price and the highest bid price.,"Mutual funds can invest in several assets, for example invest in both stocks and bonds",She has lent money to firm B,Between 10 and 15 years,12,10,2.5,3.0,Male,33,United Kingdom,undergraduate: 2nd year,Other,0,1,1,0,Less than once a month,Monthly,Stocks,No,Probe financial decision making against a person's actual knownledge of how finances work,I think everything worked fine.,6,7,Nothing was unclear,5,5,No,No issues,I was never unsure,No changes,Nothing differed.,No.,No.,ccfpv55r,,,,,0
17,hovxiekg,665e680164927b18554b66ec,0,52,52,post_exp,FinalForProlific,2026-01-16 19:03:22.610324,1,,,125.49,17,,125.49,5,0.0,3,6,B,0.5692367908612935,Exactly $112,Less than today,The highest price a buyer is currently willing to pay.,True,Stocks,Decrease,Stocks,Don't know / Not sure,The difference between the lowest ask price and the highest bid price.,Don't know / Not sure,She owns a part of firm B,Between 10 and 15 years,12,7,1.75,3.0,Male,54,United States,undergraduate: 4th year,Other,0,0,1,0,Less than once a month,Monthly,Stocks,No,To gauge a person's financial literacy and see how well they do at trading stocks. ,No.,5,7,Nothing was unclear. ,6,7,No,No issues. ,I was never unsure. ,No changes. ,Nothing differed. ,No.,No. ,ccfpv55r,,,,,0
18,ig9j9sps,5e3ddcf95556b204cb143eab,0,52,52,post_exp,FinalForProlific,2026-01-16 19:05:59.213552,1,,,106.35,18,,106.35,5,0.0,5,7,B,0.38352936755081324,More than $112,Exactly the same as today,The price you personally choose when submitting a buy order.,True,Stocks,Decrease,Stocks,False,The difference between the lowest ask price and the highest bid price.,Mutual funds pay a guaranteed rate of return which depends on their past performance,None of the above,Between 5 and 10 years,12,6,1.5,3.0,Female,31,United Kingdom,master,Other,0,0,1,1,Monthly,Monthly,Stocks,No,i guess how we can indetify information - paid or free,no,6,4,nothing was unclear,6,4,No,no issues,i was never unsure,no changes,nothing differed,no,no,ccfpv55r,,,,,0
19,49ts2f9q,67758b914f06b14a31669644,0,52,52,post_exp,FinalForProlific,2026-01-16 19:07:54.476987,1,,,109.85,19,,109.85,14,0.0,7,7,B,0.02320385670727887,More than $112,Less than today,The highest price a buyer is currently willing to pay.,True,Stocks,Decrease,Stocks,True,The difference between the lowest ask price and the highest bid price.,"Mutual funds can invest in several assets, for example invest in both stocks and bonds",She has lent money to firm B,Never,12,12,3.0,3.0,Female,35,United States,high-school graduate,Other,1,0,1,0,Monthly,Weekly,Stocks,Do not know,to see how people understand finance,no,7,7,Nothing was unclear,3,5,No,No issues,I was never unsure,No changes,Nothing differed,No,No,ccfpv55r,,,,,0
20,jh1qijlb,5d31dc6e42678e001a0bdedd,0,52,52,post_exp,FinalForProlific,2026-01-16 19:08:09.417655,1,,,130.57,20,,130.57,8,0.0,7,2,A,0.3940289413012763,Less than $112,Less than today,The highest price a buyer is currently willing to pay.,True,Stocks,Decrease,Stocks,True,The average of the bid price and the ask price.,"Mutual funds can invest in several assets, for example invest in both stocks and bonds",She owns a part of firm B,Between 10 and 15 years,12,8,2.0,3.0,Female,36,United Kingdom,undergraduate: 1st year,Other,0,0,0,0,Less than once a month,Less than once a month,,No,The study was about decision making ,No,5,7,Nothing was unclear,7,6,No,No issues ,I was never unsure,No changes ,Nothing differed ,No,No ,ccfpv55r,,,,,0
21,stoa9aci,5f7e0c5f582257095a86ff6e,0,52,52,post_exp,FinalForProlific,2026-01-16 19:10:39.131593,1,,,107.81,21,,107.81,10,0.0,10,5,A,0.4495991522612546,More than $112,Less than today,The price you personally choose when submitting a buy order.,True,Stocks,Stay the same,Bonds,True,Don't know / Not sure,Don't know / Not sure,She owns a part of firm B,Between 10 and 15 years,12,5,1.25,3.0,Female,42,United Kingdom,undergraduate: 2nd year,Other,0,0,0,1,Less than once a month,Less than once a month,Stocks,Do not know,I'm not sure. ,No. ,5,7,nothing was unclear,5,5,No,no issues,I was never unsure,no changes,Nothing differed,No,No,ccfpv55r,,,,,0
22,1jn10m5g,628fc75b2561940f60f57b37,0,52,52,post_exp,FinalForProlific,2026-01-16 19:12:12.778965,1,,,112.21,22,,112.21,6,0.0,8,10,B,0.034297557646175814,More than $112,Less than today,The highest price a buyer is currently willing to pay.,Don't know / Not sure,Stocks,Decrease,Stocks,True,The difference between the lowest ask price and the highest bid price.,Don't know / Not sure,She has lent money to firm B,Never,12,10,2.5,3.0,Male,23,United Kingdom,master,Other,0,0,1,1,Monthly,Daily,Cryptocurrencies,No,To measure the relationship between finance knowledge and predictions.,No difficulty encountered.,6,7,Nothing was unclear,6,7,No,No issues.,I was never unsure.,No changes.,Nothing differed.,No.,No.,ccfpv55r,,,,,0
23,kmw97u4u,60147f790be39349d775e4f2,0,3,52,intro,comprehensionQuestions,2026-01-16 19:28:05.070041,1,,,0.0,23,,0.0,12,0.0,,,,,,,,,,,,,,,,,,,,,,,,,,,,,,,,,,,,,,,,,,,,,,,,ccfpv55r,,,,,0
24,41qof3re,5c3377fb04f29e0001104681,0,52,52,post_exp,FinalForProlific,2026-01-16 19:28:11.988939,1,,,110.09,24,,110.09,13,0.0,5,6,B,0.7752167518652742,More than $112,Less than today,The highest price a buyer is currently willing to pay.,True,Stocks,Decrease,Don't know / Not sure,True,The difference between the lowest ask price and the highest bid price.,Don't know / Not sure,She has lent money to firm B,Between 10 and 15 years,12,9,2.25,3.0,Male,33,Spain,master,Economics,1,1,1,0,Less than once a month,Less than once a month,"Derivatives (Options, Futures)",No,Evaluate finances knowledges.,Im not used to trade,4,5,"At first I didn't consider the last hour of the graph, only the average. Then I realized",4,6,No,No issues,I was never unsure,No changes.(I think was my fault to not concentrate mainly in the last hour),"I didnt understand 100% the bonus and these all, but maybe my fault",No,No,ccfpv55r,,,,,0
25,xkan7okq,5cae5f9c48514600183d8fac,0,52,52,post_exp,FinalForProlific,2026-01-16 19:29:12.954055,1,,,111.87,25,,111.87,14,0.0,8,8,B,0.6001286357369955,Exactly $112,Less than today,The highest price a buyer is currently willing to pay.,True,Stocks,Decrease,Savings accounts,True,Don't know / Not sure,Don't know / Not sure,She has lent money to firm B,Between 5 and 10 years,12,7,1.75,3.0,Male,44,United Kingdom,high-school graduate,Other,0,0,0,0,Less than once a month,Less than once a month,Stocks,No,Test knowledge of trading forecasts,no,6,4,nothing was unclear,5,2,No,no issues,i was never sure,no changes,nothing differed,no,no,ccfpv55r,,,,,0
26,ppn7lo8q,672f488089b8f59064c010fc,0,52,52,post_exp,FinalForProlific,2026-01-16 19:35:11.539326,1,,,122.66,26,,122.66,9,0.0,5,1,A,0.5909818021335521,Exactly $112,Less than today,The highest price a buyer is currently willing to pay.,True,Stocks,Decrease,Stocks,True,Don't know / Not sure,"Mutual funds can invest in several assets, for example invest in both stocks and bonds",She has lent money to firm B,None of the above,12,9,2.25,3.0,Male,38,United Kingdom,master,Other,0,0,1,1,Weekly,Daily,Stocks,Yes,This study tests whether people can accurately detect when buy/sell order flow imbalance is a reliable predictor of stock returns,n/a,2,7,Nothing was unclear.,7,7,No,no issues,i was never unsure,no changes,nothing differed,No,No,ccfpv55r,,,,,0
27,292fcovg,583b397f54686200010f1d20,0,52,52,post_exp,FinalForProlific,2026-01-16 19:36:32.372858,1,,,112.96,27,,112.96,12,0.0,10,3,A,0.2543621966551579,More than $112,Less than today,The highest price a buyer is currently willing to pay.,True,Don't know / Not sure,Decrease,Don't know / Not sure,True,Don't know / Not sure,Don't know / Not sure,She owns a part of firm B,Between 5 and 10 years,12,6,1.5,3.0,Female,54,United States,undergraduate: 2nd year,Other,0,0,0,0,Less than once a month,Less than once a month,Stocks,No,To understand people's financial decisions when it comes to investing.,N/A.,3,4,Nothing was unclear.,4,7,No,No Issues,I was never unsure.,No changes.,Nothing differed,No.,No.,ccfpv55r,,,,,0
28,7vz5gdfs,67696d49d386c9789b03b1da,0,52,52,post_exp,FinalForProlific,2026-01-16 19:37:17.096569,1,,,119.14,28,,119.14,9,0.0,5,5,B,0.09141555322495765,More than $112,Less than today,The price you personally choose when submitting a buy order.,True,Stocks,Decrease,Stocks,Don't know / Not sure,The difference between the lowest ask price and the highest bid price.,"Mutual funds can invest in several assets, for example invest in both stocks and bonds",She has lent money to firm B,Never,12,10,2.5,3.0,Male,59,United Kingdom,MBA,Other,0,0,0,0,Less than once a month,Less than once a month,Stocks,Do not know,How financial information is used to trade stocks.,No,6,7,Nothing was unclear,5,6,No,No issues,I was never unsure,No changes,Nothing differed,No,No,ccfpv55r,,,,,0
29,ei02xz5o,63b63938dbf229f3eb46d4a4,0,52,52,post_exp,FinalForProlific,2026-01-16 19:37:25.068887,1,,,122.53,29,,122.53,14,0.0,5,5,B,0.46711033886180775,More than $112,Less than today,The highest price a buyer is currently willing to pay.,True,Stocks,Decrease,Stocks,True,The difference between the lowest ask price and the highest bid price.,"Mutual funds can invest in several assets, for example invest in both stocks and bonds",She has lent money to firm B,Never,12,12,3.0,3.0,Male,53,United States,undergraduate: 4th year,Other,1,0,1,1,Weekly,Daily,Stocks,No,studying trends or something like that,no problems at all,1,7,Nothing was unclear.,7,7,No,No issues.,I was never unsure.,No changes.,Nothing differed.,No.,No.,ccfpv55r,,,,,0
30,yo2xkhyv,667b4043a7f74c3ff540a60d,0,52,52,post_exp,FinalForProlific,2026-01-16 20:06:07.701131,1,,,116.02,30,,116.02,9,0.0,6,7,B,0.31111424189391645,More than $112,Less than today,The highest price a buyer is currently willing to pay.,True,Stocks,Decrease,Bonds,True,The difference between the lowest ask price and the highest bid price.,"Mutual funds can invest in several assets, for example invest in both stocks and bonds",She owns a part of firm B,Between 10 and 15 years,12,9,2.25,3.0,Male,24,United States,high-school graduate,Other,0,0,1,1,Weekly,Daily,"Derivatives (Options, Futures)",No,To see how well people know how to invest.,No,5,6,Nothing was unclear.,6,7,No,No issues.,I was never unsure.,No changes.,Nothing differed.,No.,No.,ccfpv55r,,,,,0
31,nxfuctc0,6644b22e26557e73d19ff30d,0,49,52,post_exp,Demographics,2026-01-16 20:06:09.140688,1,,,1210.71,31,,1.0,3,0.0,7,3,A,0.5129646226767779,More than $112,Exactly the same as today,The price you personally choose when submitting a buy order.,True,Stocks,Decrease,Savings accounts,False,Don't know / Not sure,Mutual funds pay a guaranteed rate of return which depends on their past performance,None of the above,Between 5 and 10 years,12,4,1.0,3.0,,,,,,,,,,,,,,,,,,,,,,,,,,,,ccfpv55r,,,,,0
32,5p3ytaba,69454156f525727871ec1f06,0,52,52,post_exp,FinalForProlific,2026-01-16 20:06:09.320685,1,,,108.82,32,,108.82,13,0.0,7,7,B,0.6705023852932823,Exactly $112,Don't know / Not sure,Prefer not to say,Don't know / Not sure,Prefer not to say,Prefer not to say,Don't know / Not sure,Prefer not to say,Don't know / Not sure,Don't know / Not sure,Prefer not to say,None of the above,12,0,0.0,3.0,Female,28,United States,master,Other,0,0,0,0,Less than once a month,Less than once a month,"Derivatives (Options, Futures)",Do not know,something about finances,no,7,7,nothing was unclear,1,1,No,no issues,i had no idea what was happening,no changes,nothing differed,no,so many,ccfpv55r,,,,,0
33,zq46w2bx,63d3f9a8fa6a2910dcb0d37f,0,6,52,main,Trade,2026-01-16 20:06:12.657765,1,,,0.0,33,,0.0,10,0.0,,,,,,,,,,,,,,,,,,,,,,,,,,,,,,,,,,,,,,,,,,,,,,,,ccfpv55r,,,,,0
34,75vaxw47,65e615620fd6a1c087dafc48,0,49,52,post_exp,Demographics,2026-01-16 20:06:22.500933,1,,,1309.41,34,,1.5,6,0.0,6,7,B,0.4127966566907204,More than $112,Less than today,The lowest price a seller is currently willing to accept.,True,Stocks,Decrease,Savings accounts,False,The difference between the lowest ask price and the highest bid price.,Don't know / Not sure,She owns a part of firm B,Between 5 and 10 years,12,6,1.5,3.0,,,,,,,,,,,,,,,,,,,,,,,,,,,,ccfpv55r,,,,,0
35,3tevhkt2,6676cd0f8a13e195265eb74d,0,49,52,post_exp,Demographics,2026-01-16 20:06:26.965834,1,,,1197.23,35,,0.75,11,0.0,11,2,A,0.9622901486880232,Don't know,Don't know / Not sure,Don't know / Not sure,True,Don't know / Not sure,Decrease,Don't know / Not sure,True,Don't know / Not sure,Don't know / Not sure,None of the above,None of the above,12,3,0.75,3.0,,,,,,,,,,,,,,,,,,,,,,,,,,,,ccfpv55r,,,,,0
36,fa3sjpox,59b5a275c05bb50001eb3c4b,0,52,52,post_exp,FinalForProlific,2026-01-16 20:07:01.144169,1,,,117.78,36,,117.78,7,0.0,1,10,B,0.960518326831457,More than $112,Exactly the same as today,The price you personally choose when submitting a buy order.,True,Don't know / Not sure,Increase,Savings accounts,True,The fee the broker charges each time you trade.,"Mutual funds can invest in several assets, for example invest in both stocks and bonds",She has lent money to firm B,Between 5 and 10 years,12,5,1.25,3.0,Male,47,United Kingdom,did not graduate high school,Other,1,1,1,1,Less than once a month,Less than once a month,Bonds,No,do not know,no,7,6,Nothing was unclear,6,4,No,No issues,I was never unsure,No changes,Nothing differed,no,no,ccfpv55r,,,,,0
37,3r2w1j4d,66d8e14e71c04a7d23ff43c9,0,52,52,post_exp,FinalForProlific,2026-01-16 20:07:24.054125,1,,,132.45,37,,132.45,7,0.0,6,10,B,0.5826115916538843,More than $112,Exactly the same as today,The highest price a buyer is currently willing to pay.,True,Stocks,Increase,Savings accounts,True,The difference between the lowest ask price and the highest bid price.,Don't know / Not sure,She owns a part of firm B,Never,12,7,1.75,3.0,Female,49,United States,high-school graduate,Other,0,0,1,1,Less than once a month,Less than once a month,Cryptocurrencies,No,I honestly have no idea what this study could be about.,"No, everything worked perfectly, thank you.",4,7,Nothing was unclear.,7,7,No,No issues.,I was unsure if I was making the right choices throughout the entire study.,No changes.,Nothing differed.,No.,No.,ccfpv55r,,,,,0
38,dobgeohc,5f16f559325a640008bb9a07,0,52,52,post_exp,FinalForProlific,2026-01-16 20:07:34.323179,1,,,111.4,38,,111.4,14,0.0,6,3,A,0.6570498548294449,Exactly $112,Exactly the same as today,The lowest price a seller is currently willing to accept.,False,Stocks,Decrease,Stocks,True,The difference between the lowest ask price and the highest bid price.,Mutual funds pay a guaranteed rate of return which depends on their past performance,None of the above,Between 5 and 10 years,12,5,1.25,3.0,Male,38,United States,undergraduate: 4th year,Other Management,0,1,0,1,Weekly,Monthly,Stocks,No,don't know,none,6,7,Nothing was unclear.,6,5,No,No issues,I was never unsure.,No changes,Nothing differed,No,No,ccfpv55r,,,,,0
39,6xan1k81,63d50bed33ba8cb1b9794938,0,52,52,post_exp,FinalForProlific,2026-01-16 20:07:47.597376,1,,,111.09,39,,111.09,3,0.0,6,6,B,0.8524514411111105,More than $112,Less than today,The highest price a buyer is currently willing to pay.,True,Stocks,Decrease,Stocks,True,The difference between the lowest ask price and the highest bid price.,"Mutual funds can invest in several assets, for example invest in both stocks and bonds",She has lent money to firm B,Between 10 and 15 years,12,11,2.75,3.0,Male,30,United Kingdom,undergraduate: 2nd year,Other,0,0,0,0,Less than once a month,Less than once a month,Stocks,No,unsure,no,5,6,Nothing was unclear.,6,6,No,No issues.,I was never unsure.,No changes.,Nothing differed. ,No.,No.,ccfpv55r,,,,,0
40,iy4grn7w,5c93fa19104ec70017bfa894,0,52,52,post_exp,FinalForProlific,2026-01-16 20:23:27.545438,1,,,109.43,40,,109.43,4,0.0,11,8,A,0.6905922564765095,Don't know,Less than today,The highest price a buyer is currently willing to pay.,Don't know / Not sure,Don't know / Not sure,Don't know / Not sure,Stocks,Don't know / Not sure,Don't know / Not sure,Don't know / Not sure,She has lent money to firm B,Between 10 and 15 years,12,4,1.0,3.0,Female,31,United Kingdom,master,Other Management,0,0,0,0,Less than once a month,Less than once a month,Cryptocurrencies,Do not know,Yo see how risk averse people are with trading information? ,At the end trying to input my info,7,1,I did not understand any of the instructions ,1,1,No,No issues ,"Throughout the whole study, it was daunting ",The instructions were unclear and confusing ,Nothing differed,No,No,ccfpv55r,,,,,0
41,tdppbwrw,673ead8d8389b11c02a060e9,0,52,52,post_exp,FinalForProlific,2026-01-16 20:40:35.107925,1,,,127.01,41,,127.01,8,0.0,5,2,A,0.21140950112806767,More than $112,Less than today,The highest price a buyer is currently willing to pay.,True,Stocks,Decrease,Stocks,True,The difference between the lowest ask price and the highest bid price.,"Mutual funds can invest in several assets, for example invest in both stocks and bonds",She owns a part of firm B,Never,12,11,2.75,3.0,Male,25,United States,undergraduate: 4th year,Other,0,1,1,1,Less than once a month,Monthly,Stocks,No,Understanding market information and making decisions based off of them,No,7,7,Nothing was unclear,7,7,No,No issues,I was never unsure,No changes,Nothing differed,No,No,ccfpv55r,,,,,0
42,ltl64yye,6704539fe462b87182866f14,0,52,52,post_exp,FinalForProlific,2026-01-16 20:44:15.707963,1,,,113.8,42,,113.8,5,0.0,6,7,B,0.11169394142180955,More than $112,Less than today,The highest price a buyer is currently willing to pay.,True,Stocks,Decrease,Stocks,True,The difference between the lowest ask price and the highest bid price.,"Mutual funds can invest in several assets, for example invest in both stocks and bonds",She has lent money to firm B,Never,12,12,3.0,3.0,Male,43,United Kingdom,master,Other,0,0,1,1,Monthly,Weekly,Stocks,No,Understanding decision making based on background,No,3,5,It was very clear,6,6,No,No issues,I was never unsure,No changes,Nothing differed,No,No,ccfpv55r,,,,,0
43,gqj3h4hr,5d453e8723a5bb0001492546,0,52,52,post_exp,FinalForProlific,2026-01-16 20:57:18.589564,1,,,104.61,43,,104.61,10,0.0,6,5,A,0.2854075615340139,More than $112,Less than today,The highest price a buyer is currently willing to pay.,True,Stocks,Decrease,Stocks,False,The difference between the lowest ask price and the highest bid price.,"Once one invests in a mutual fund, one cannot withdraw the money in the first year",She has lent money to firm B,Never,12,10,2.5,3.0,Male,35,United States,undergraduate: 4th year,Other Management,0,0,1,0,Monthly,Weekly,Cryptocurrencies,No,,,5,5,,5,6,No,,,,,,,ccfpv55r,,,,,0
44,58us0d5p,5e73746e686c0c2c978392e1,0,52,52,post_exp,FinalForProlific,2026-01-16 21:04:24.735482,1,,,105.77,44,,105.77,11,0.0,7,2,A,0.15651393392699375,Exactly $112,Less than today,The highest price a buyer is currently willing to pay.,True,Stocks,Decrease,Stocks,True,The difference between the lowest ask price and the highest bid price.,"Mutual funds can invest in several assets, for example invest in both stocks and bonds",She has lent money to firm B,Between 5 and 10 years,12,10,2.5,3.0,Male,50,Spain,undergraduate: 4th year,Other,0,0,1,1,Monthly,Monthly,"Derivatives (Options, Futures)",No,I think it is a study to test my knowledge about finance.,It was not difficult.,2,6,Nothing was unclear,6,6,No,No issues,I was never unsure,No changes,Nothing differed,No,No,ccfpv55r,,,,,0
45,agbf66s6,695fdb8cdf7e2341d1abb7ce,0,3,52,intro,comprehensionQuestions,2026-01-16 21:15:41.170219,1,,,0.0,45,,0.0,5,0.0,,,,,,,,,,,,,,,,,,,,,,,,,,,,,,,,,,,,,,,,,,,,,,,,ccfpv55r,,,,,0
46,z2ry4qma,6401000aab3cfc2606de05d1,0,52,52,post_exp,FinalForProlific,2026-01-16 21:17:05.862572,1,,,108.69,46,,108.69,5,0.0,8,4,A,0.942167532763082,More than $112,Less than today,The highest price a buyer is currently willing to pay.,True,Bonds,Decrease,Savings accounts,True,The difference between the lowest ask price and the highest bid price.,"Mutual funds can invest in several assets, for example invest in both stocks and bonds",She has lent money to firm B,Never,12,10,2.5,3.0,Male,50,United Kingdom,high-school graduate,Other,0,0,0,0,Less than once a month,Less than once a month,Stocks,Do not know,To see if risk can be taken in one part of the study based on risk taking preference and in the initial main study whether you are willing to sacrifice some money to get more information either though there is still possibility to see this information,No issues,3,7,No issues,6,6,No,No issues,When there was not any further information displayed on the trading page,No changes,Nothing differed,No,No,ccfpv55r,,,,,0
47,nezc7a5t,652d8a4cd08c6435db58fd9b,0,52,52,post_exp,FinalForProlific,2026-01-16 23:01:18.076404,1,,,115.51,47,,115.51,13,0.0,8,5,A,0.4106166938892004,More than $112,More than today,The highest price a buyer is currently willing to pay.,True,Savings accounts,Increase,Savings accounts,True,The average of the bid price and the ask price.,Don't know / Not sure,She owns a part of firm B,Between 10 and 15 years,12,4,1.0,3.0,Female,37,United States,undergraduate: 1st year,Other,0,0,0,0,Less than once a month,Less than once a month,Cryptocurrencies,No,Predictions,nope,4,7,Nothing was unclear,6,6,No,NO issues whatsoever,I was never unsure,no changes,nothing differed,no,no,ccfpv55r,,,,,0
48,y9c3nkdw,,0,0,52,,,,0,,,0.0,48,,0.0,6,0.0,,,,,,,,,,,,,,,,,,,,,,,,,,,,,,,,,,,,,,,,,,,,,,,,ccfpv55r,,,,,0
49,55dc5bi9,,0,0,52,,,,0,,,0.0,49,,0.0,12,0.0,,,,,,,,,,,,,,,,,,,,,,,,,,,,,,,,,,,,,,,,,,,,,,,,ccfpv55r,,,,,0
50,bzah1wpq,,0,0,52,,,,0,,,0.0,50,,0.0,3,0.0,,,,,,,,,,,,,,,,,,,,,,,,,,,,,,,,,,,,,,,,,,,,,,,,ccfpv55r,,,,,0
51,kixuuapy,,0,0,52,,,,0,,,0.0,51,,0.0,14,0.0,,,,,,,,,,,,,,,,,,,,,,,,,,,,,,,,,,,,,,,,,,,,,,,,ccfpv55r,,,,,0
52,w9n56xi2,,0,0,52,,,,0,,,0.0,52,,0.0,12,0.0,,,,,,,,,,,,,,,,,,,,,,,,,,,,,,,,,,,,,,,,,,,,,,,,ccfpv55r,,,,,0
53,h3bsjb1p,,0,0,52,,,,0,,,0.0,53,,0.0,7,0.0,,,,,,,,,,,,,,,,,,,,,,,,,,,,,,,,,,,,,,,,,,,,,,,,ccfpv55r,,,,,0
54,7cn4y7wl,,0,0,52,,,,0,,,0.0,54,,0.0,4,0.0,,,,,,,,,,,,,,,,,,,,,,,,,,,,,,,,,,,,,,,,,,,,,,,,ccfpv55r,,,,,0
55,kfbxpjrr,,0,0,52,,,,0,,,0.0,55,,0.0,10,0.0,,,,,,,,,,,,,,,,,,,,,,,,,,,,,,,,,,,,,,,,,,,,,,,,ccfpv55r,,,,,0
56,qe7g8b1c,,0,0,52,,,,0,,,0.0,56,,0.0,12,0.0,,,,,,,,,,,,,,,,,,,,,,,,,,,,,,,,,,,,,,,,,,,,,,,,ccfpv55r,,,,,0
57,3xi5zk4w,,0,0,52,,,,0,,,0.0,57,,0.0,9,0.0,,,,,,,,,,,,,,,,,,,,,,,,,,,,,,,,,,,,,,,,,,,,,,,,ccfpv55r,,,,,0
58,k5n4xmn1,,0,0,52,,,,0,,,0.0,58,,0.0,11,0.0,,,,,,,,,,,,,,,,,,,,,,,,,,,,,,,,,,,,,,,,,,,,,,,,ccfpv55r,,,,,0
59,i1e82wlp,,0,0,52,,,,0,,,0.0,59,,0.0,12,0.0,,,,,,,,,,,,,,,,,,,,,,,,,,,,,,,,,,,,,,,,,,,,,,,,ccfpv55r,,,,,0
60,gylu9i1u,,0,0,52,,,,0,,,0.0,60,,0.0,13,0.0,,,,,,,,,,,,,,,,,,,,,,,,,,,,,,,,,,,,,,,,,,,,,,,,ccfpv55r,,,,,0
61,9asqqij0,,0,0,52,,,,0,,,0.0,61,,0.0,8,0.0,,,,,,,,,,,,,,,,,,,,,,,,,,,,,,,,,,,,,,,,,,,,,,,,ccfpv55r,,,,,0
62,0j6hsrkf,,0,0,52,,,,0,,,0.0,62,,0.0,11,0.0,,,,,,,,,,,,,,,,,,,,,,,,,,,,,,,,,,,,,,,,,,,,,,,,ccfpv55r,,,,,0
63,8sdvuge1,,0,0,52,,,,0,,,0.0,63,,0.0,12,0.0,,,,,,,,,,,,,,,,,,,,,,,,,,,,,,,,,,,,,,,,,,,,,,,,ccfpv55r,,,,,0
64,6ymm9l4a,,0,0,52,,,,0,,,0.0,64,,0.0,14,0.0,,,,,,,,,,,,,,,,,,,,,,,,,,,,,,,,,,,,,,,,,,,,,,,,ccfpv55r,,,,,0
65,o55yxs76,,0,0,52,,,,0,,,0.0,65,,0.0,12,0.0,,,,,,,,,,,,,,,,,,,,,,,,,,,,,,,,,,,,,,,,,,,,,,,,ccfpv55r,,,,,0
66,a48cfuk0,,0,0,52,,,,0,,,0.0,66,,0.0,7,0.0,,,,,,,,,,,,,,,,,,,,,,,,,,,,,,,,,,,,,,,,,,,,,,,,ccfpv55r,,,,,0
67,l98rqdil,,0,0,52,,,,0,,,0.0,67,,0.0,10,0.0,,,,,,,,,,,,,,,,,,,,,,,,,,,,,,,,,,,,,,,,,,,,,,,,ccfpv55r,,,,,0
68,kbdtb615,,0,0,52,,,,0,,,0.0,68,,0.0,12,0.0,,,,,,,,,,,,,,,,,,,,,,,,,,,,,,,,,,,,,,,,,,,,,,,,ccfpv55r,,,,,0
69,zhbkofjc,,0,0,52,,,,0,,,0.0,69,,0.0,10,0.0,,,,,,,,,,,,,,,,,,,,,,,,,,,,,,,,,,,,,,,,,,,,,,,,ccfpv55r,,,,,0
70,ei23pov6,,0,0,52,,,,0,,,0.0,70,,0.0,3,0.0,,,,,,,,,,,,,,,,,,,,,,,,,,,,,,,,,,,,,,,,,,,,,,,,ccfpv55r,,,,,0
71,55u8dq2x,,0,0,52,,,,0,,,0.0,71,,0.0,4,0.0,,,,,,,,,,,,,,,,,,,,,,,,,,,,,,,,,,,,,,,,,,,,,,,,ccfpv55r,,,,,0
72,auw9fxsu,,0,0,52,,,,0,,,0.0,72,,0.0,13,0.0,,,,,,,,,,,,,,,,,,,,,,,,,,,,,,,,,,,,,,,,,,,,,,,,ccfpv55r,,,,,0
73,y0lb69oq,,0,0,52,,,,0,,,0.0,73,,0.0,4,0.0,,,,,,,,,,,,,,,,,,,,,,,,,,,,,,,,,,,,,,,,,,,,,,,,ccfpv55r,,,,,0
74,5kjeuxvx,,0,0,52,,,,0,,,0.0,74,,0.0,5,0.0,,,,,,,,,,,,,,,,,,,,,,,,,,,,,,,,,,,,,,,,,,,,,,,,ccfpv55r,,,,,0
75,ief1oy52,,0,0,52,,,,0,,,0.0,75,,0.0,3,0.0,,,,,,,,,,,,,,,,,,,,,,,,,,,,,,,,,,,,,,,,,,,,,,,,ccfpv55r,,,,,0
76,fsz2mgus,,0,0,52,,,,0,,,0.0,76,,0.0,9,0.0,,,,,,,,,,,,,,,,,,,,,,,,,,,,,,,,,,,,,,,,,,,,,,,,ccfpv55r,,,,,0
77,z8zpn5lr,,0,0,52,,,,0,,,0.0,77,,0.0,9,0.0,,,,,,,,,,,,,,,,,,,,,,,,,,,,,,,,,,,,,,,,,,,,,,,,ccfpv55r,,,,,0
78,oy80h2r6,,0,0,52,,,,0,,,0.0,78,,0.0,4,0.0,,,,,,,,,,,,,,,,,,,,,,,,,,,,,,,,,,,,,,,,,,,,,,,,ccfpv55r,,,,,0
79,hq8uhzcf,,0,0,52,,,,0,,,0.0,79,,0.0,10,0.0,,,,,,,,,,,,,,,,,,,,,,,,,,,,,,,,,,,,,,,,,,,,,,,,ccfpv55r,,,,,0
80,pgjd4iem,,0,0,52,,,,0,,,0.0,80,,0.0,13,0.0,,,,,,,,,,,,,,,,,,,,,,,,,,,,,,,,,,,,,,,,,,,,,,,,ccfpv55r,,,,,0
81,bvswi3pb,,0,0,52,,,,0,,,0.0,81,,0.0,7,0.0,,,,,,,,,,,,,,,,,,,,,,,,,,,,,,,,,,,,,,,,,,,,,,,,ccfpv55r,,,,,0
82,qdsazmed,,0,0,52,,,,0,,,0.0,82,,0.0,5,0.0,,,,,,,,,,,,,,,,,,,,,,,,,,,,,,,,,,,,,,,,,,,,,,,,ccfpv55r,,,,,0
83,294papss,,0,0,52,,,,0,,,0.0,83,,0.0,4,0.0,,,,,,,,,,,,,,,,,,,,,,,,,,,,,,,,,,,,,,,,,,,,,,,,ccfpv55r,,,,,0
84,tp7b1o13,,0,0,52,,,,0,,,0.0,84,,0.0,6,0.0,,,,,,,,,,,,,,,,,,,,,,,,,,,,,,,,,,,,,,,,,,,,,,,,ccfpv55r,,,,,0
85,uguzz28z,,0,0,52,,,,0,,,0.0,85,,0.0,14,0.0,,,,,,,,,,,,,,,,,,,,,,,,,,,,,,,,,,,,,,,,,,,,,,,,ccfpv55r,,,,,0
86,6e32m64l,,0,0,52,,,,0,,,0.0,86,,0.0,8,0.0,,,,,,,,,,,,,,,,,,,,,,,,,,,,,,,,,,,,,,,,,,,,,,,,ccfpv55r,,,,,0
87,kqqzg1ck,,0,0,52,,,,0,,,0.0,87,,0.0,5,0.0,,,,,,,,,,,,,,,,,,,,,,,,,,,,,,,,,,,,,,,,,,,,,,,,ccfpv55r,,,,,0
88,j1w7jvqp,,0,0,52,,,,0,,,0.0,88,,0.0,14,0.0,,,,,,,,,,,,,,,,,,,,,,,,,,,,,,,,,,,,,,,,,,,,,,,,ccfpv55r,,,,,0
89,kpgt33kx,,0,0,52,,,,0,,,0.0,89,,0.0,5,0.0,,,,,,,,,,,,,,,,,,,,,,,,,,,,,,,,,,,,,,,,,,,,,,,,ccfpv55r,,,,,0
90,9s0dsgax,,0,0,52,,,,0,,,0.0,90,,0.0,14,0.0,,,,,,,,,,,,,,,,,,,,,,,,,,,,,,,,,,,,,,,,,,,,,,,,ccfpv55r,,,,,0
91,ee7ynkwq,,0,0,52,,,,0,,,0.0,91,,0.0,8,0.0,,,,,,,,,,,,,,,,,,,,,,,,,,,,,,,,,,,,,,,,,,,,,,,,ccfpv55r,,,,,0
92,ozsqsf2k,,0,0,52,,,,0,,,0.0,92,,0.0,12,0.0,,,,,,,,,,,,,,,,,,,,,,,,,,,,,,,,,,,,,,,,,,,,,,,,ccfpv55r,,,,,0
93,x0nwzvez,,0,0,52,,,,0,,,0.0,93,,0.0,9,0.0,,,,,,,,,,,,,,,,,,,,,,,,,,,,,,,,,,,,,,,,,,,,,,,,ccfpv55r,,,,,0
94,c7xoziqp,,0,0,52,,,,0,,,0.0,94,,0.0,7,0.0,,,,,,,,,,,,,,,,,,,,,,,,,,,,,,,,,,,,,,,,,,,,,,,,ccfpv55r,,,,,0
95,bzworl0f,,0,0,52,,,,0,,,0.0,95,,0.0,7,0.0,,,,,,,,,,,,,,,,,,,,,,,,,,,,,,,,,,,,,,,,,,,,,,,,ccfpv55r,,,,,0
96,pma88n4r,,0,0,52,,,,0,,,0.0,96,,0.0,5,0.0,,,,,,,,,,,,,,,,,,,,,,,,,,,,,,,,,,,,,,,,,,,,,,,,ccfpv55r,,,,,0
97,txctkf2x,,0,0,52,,,,0,,,0.0,97,,0.0,6,0.0,,,,,,,,,,,,,,,,,,,,,,,,,,,,,,,,,,,,,,,,,,,,,,,,ccfpv55r,,,,,0
98,eud2mzf8,,0,0,52,,,,0,,,0.0,98,,0.0,11,0.0,,,,,,,,,,,,,,,,,,,,,,,,,,,,,,,,,,,,,,,,,,,,,,,,ccfpv55r,,,,,0
99,vz7aqwrq,,0,0,52,,,,0,,,0.0,99,,0.0,7,0.0,,,,,,,,,,,,,,,,,,,,,,,,,,,,,,,,,,,,,,,,,,,,,,,,ccfpv55r,,,,,0
100,vgxadmim,,0,0,52,,,,0,,,0.0,100,,0.0,6,0.0,,,,,,,,,,,,,,,,,,,,,,,,,,,,,,,,,,,,,,,,,,,,,,,,ccfpv55r,,,,,0
1,eu720apn,,0,0,6,,,,0,,,0.0,1,,0.0,1,0.0,,,,,,,,,,,,,,,,,,,,,,,,,,,,,,,,,,,,,,,,,,,,,,,,p2wt3ltd,,,,,1
1,3gtb4v9p,,0,3,6,post_exp,Demographics,2026-01-16 21:02:30.614148,1,,,1.0,1,,1.0,1,0.0,0,3,B,0.49194803269209453,More than $112,More than today,The price you personally choose when submitting a buy order.,False,Stocks,Stay the same,Stocks,Don't know / Not sure,The difference between the lowest ask price and the highest bid price.,Mutual funds pay a guaranteed rate of return which depends on their past performance,She is liable for the company's debts,Between 5 and 10 years,12,4,1.0,3.0,,,,,,,,,,,,,,,,,,,,,,,,,,,,nn7d4aam,,,,,1
1,51nuu04x,,0,0,52,,,,0,,,0.0,1,,0.0,14,0.0,,,,,,,,,,,,,,,,,,,,,,,,,,,,,,,,,,,,,,,,,,,,,,,,keh1b15y,,,,,1
1,7e26wjic,,0,7,52,main,RoundFeedback,2026-01-17 21:08:42.326674,1,,,0.0,1,,0.0,10,0.0,,,,,,,,,,,,,,,,,,,,,,,,,,,,,,,,,,,,,,,,,,,,,,,,7e0nphkq,,,,,1
1,0zkzl65f,64df6c0375d740bb235620f5,0,52,52,post_exp,FinalForProlific,2026-01-17 21:20:10.774463,1,,,140.11,1,,140.11,11,0.0,7,10,B,0.01185893858986442,More than $112,Less than today,The highest price a buyer is currently willing to pay.,True,Stocks,Decrease,Stocks,True,The difference between the lowest ask price and the highest bid price.,"Mutual funds can invest in several assets, for example invest in both stocks and bonds",She has lent money to firm B,Never,12,12,3.0,3.0,Male,29,India,undergraduate: 4th year,Other Management,0,0,0,0,Less than once a month,Less than once a month,Cryptocurrencies,No,Studying economic literacy among different groups of people,No,3,4,Nothing was unclear,5,4,No,No issues.,I was never unsure.,No changes.,Nothing differed.,No.,No.,151ug4w3,,,,,0
2,nx9hs1ng,677fea8903ad496f30f16502,0,52,52,post_exp,FinalForProlific,2026-01-17 21:20:12.375324,1,,,110.35,2,,110.35,11,0.0,7,9,B,0.30196107165702546,More than $112,Less than today,The lowest price a seller is currently willing to accept.,True,Stocks,Decrease,Stocks,True,The difference between the lowest ask price and the highest bid price.,"Mutual funds can invest in several assets, for example invest in both stocks and bonds",She has lent money to firm B,Between 5 and 10 years,12,10,2.5,3.0,Female,32,United States,undergraduate: 2nd year,Other Management,0,1,1,0,Monthly,Monthly,Stocks,Do not know,unsure,no,5,6,Nothing was unclear.,3,7,No,No issues.,I was unsure that I could utilize the premium information so I chose not to purchase it. ,No changes.,Nothing differed.,No.,No.,151ug4w3,,,,,0
3,i3c60565,6962c417f20b621d95bd694d,0,52,52,post_exp,FinalForProlific,2026-01-17 21:20:30.391188,1,,,113.86,3,,113.86,5,0.0,9,6,A,0.6049149438309781,More than $112,Less than today,The price you personally choose when submitting a buy order.,Don't know / Not sure,Stocks,Decrease,Bonds,Don't know / Not sure,The difference between the lowest ask price and the highest bid price.,Don't know / Not sure,She has lent money to firm B,Between 5 and 10 years,12,6,1.5,3.0,Female,38,United States,undergraduate: 2nd year,Other,0,0,1,1,Monthly,Monthly,Stocks,No,To check participants choices when it comes to risk aversion,n/a,5,4,Nothing was unclear.,5,6,No,No issues.,I was never unsure.,No changes.,Nothing differed.,No.,No.,151ug4w3,,,,,0
4,k7sp0ynm,67665f7b0329bd3e30515ad2,0,52,52,post_exp,FinalForProlific,2026-01-17 21:20:50.689404,1,,,102.31,4,,102.31,10,0.0,10,5,A,0.9208626503736183,Exactly $112,Less than today,The price you personally choose when submitting a buy order.,True,Stocks,Decrease,Bonds,True,The difference between the lowest ask price and the highest bid price.,Don't know / Not sure,She has lent money to firm B,Between 10 and 15 years,12,7,1.75,3.0,Male,32,Nigeria,master,Other,0,0,1,1,Less than once a month,Less than once a month,Cryptocurrencies,No,To determine how people forecast trades,None,5,7,Nothing was unclear ,7,7,No,No issues ,I was never unsure ,No changes,Nothing differed,No,No,151ug4w3,,,,,0
5,9uyng4mr,694b06297a22368d5c7995eb,0,3,52,intro,comprehensionQuestions,2026-01-17 21:21:38.592461,1,,,0.0,5,,0.0,3,0.0,,,,,,,,,,,,,,,,,,,,,,,,,,,,,,,,,,,,,,,,,,,,,,,,151ug4w3,,,,,0
6,6bbjn8v1,5e459f61418f610891628564,0,52,52,post_exp,FinalForProlific,2026-01-17 21:22:23.663747,1,,,103.85,6,,103.85,6,0.0,6,5,A,0.9006908016672763,More than $112,Less than today,The price you personally choose when submitting a buy order.,True,Stocks,Decrease,Stocks,Don't know / Not sure,The difference between the lowest ask price and the highest bid price.,Don't know / Not sure,She has lent money to firm B,Never,12,9,2.25,3.0,Male,36,United Kingdom,high-school graduate,Other,0,1,1,1,Monthly,Weekly,Cryptocurrencies,No,To see people's abilities to read forecasts ,No,5,7,Nothing was uncleae,7,7,No,No issues,I was never unsure,No changes ,Nothing differed,No,No,151ug4w3,,,,,0
7,gl7u8nio,62b2080f8f89f2f15c47d9ba,0,52,52,post_exp,FinalForProlific,2026-01-17 21:22:24.603886,1,,,118.89,7,,118.89,8,0.0,11,5,A,0.6046310800735876,More than $112,Less than today,The most recent price at which the security traded.,True,Stocks,Decrease,Stocks,True,The difference between the lowest ask price and the highest bid price.,"Mutual funds can invest in several assets, for example invest in both stocks and bonds",She owns a part of firm B,Between 5 and 10 years,12,9,2.25,3.0,Female,55,United Kingdom,undergraduate: 4th year,Other,0,0,0,0,Less than once a month,Less than once a month,Stocks,No,to test people's knowledge of trading,no,6,6,nothing was unclear,5,5,No,no issues,i WAS NEVER UNSURE,MAKE THE INSTRUCTIONS EASIER FOR NOVICES,nothing differed,no,no,151ug4w3,,,,,0
8,difxszml,5d1ec3b72e9ac3001ab525ef,0,49,52,post_exp,Demographics,2026-01-17 21:22:33.376663,1,,,1190.64,8,,2.75,4,0.0,7,7,B,0.8129673051584189,More than $112,Less than today,Don't know / Not sure,True,Stocks,Decrease,Stocks,True,The difference between the lowest ask price and the highest bid price.,"Mutual funds can invest in several assets, for example invest in both stocks and bonds",She has lent money to firm B,Never,12,11,2.75,3.0,,,,,,,,,,,,,,,,,,,,,,,,,,,,151ug4w3,,,,,0
9,hlqkfw8x,67e7cfd17a7062da8a273fbf,0,52,52,post_exp,FinalForProlific,2026-01-17 21:23:02.043408,1,,,115.94,9,,115.94,14,0.0,6,9,B,0.46023506929892444,Exactly $112,Less than today,The highest price a buyer is currently willing to pay.,True,Stocks,Decrease,Stocks,True,The difference between the lowest ask price and the highest bid price.,"Mutual funds can invest in several assets, for example invest in both stocks and bonds",None of the above,Between 5 and 10 years,12,9,2.25,3.0,Female,52,Isle of Man,undergraduate: 3d year,Other,0,1,0,0,Less than once a month,Less than once a month,Stocks,No,Not sure,"Yes, it wasn’t possible to find my nationality or input my correct level of education. I did try two different devices",5,6,Nothing was unclear,6,6,Yes,Technical issues filling in demographic questions at the end,I was never unsure,It was all ok,Nothing differed,No,No,151ug4w3,,,,,0
10,miej8bbr,67730320948951ecb761b3f2,0,52,52,post_exp,FinalForProlific,2026-01-17 21:23:16.323182,1,,,104.87,10,,104.87,14,0.0,5,2,A,0.4156603563463426,More than $112,Less than today,The highest price a buyer is currently willing to pay.,True,Stocks,Decrease,Stocks,True,The difference between the lowest ask price and the highest bid price.,"Mutual funds can invest in several assets, for example invest in both stocks and bonds",She has lent money to firm B,Never,12,12,3.0,3.0,Male,31,United Kingdom,master,Finance,1,0,1,1,Less than once a month,Less than once a month,Stocks,No,Assess financial and probabilities literacy ,No,5,6,Nothing was unclear,6,6,No,No issues,I  was never unsure,Incorporate the test days examples (or snippets of them) into the earlier instructions to illustrate the game,Nothing differed,No,"Buy/sell imbalance is a widely recognised but niche term, perhaps add another phrase or two to clarify what it is more clearly for people who have not encountered it before eg excess supply/demand; bulling/bearish sentiment ",151ug4w3,,,,,0
11,i76mujh9,5b99663d4cefb60001e7a214,0,49,52,post_exp,Demographics,2026-01-17 21:24:20.177255,1,,,1203.53,11,,2.0,6,0.0,5,2,A,0.13704966150117182,More than $112,More than today,The highest price a buyer is currently willing to pay.,True,Stocks,Stay the same,Savings accounts,True,The difference between the lowest ask price and the highest bid price.,"Mutual funds can invest in several assets, for example invest in both stocks and bonds",She has lent money to firm B,Between 10 and 15 years,12,8,2.0,3.0,,,,,,,,,,,,,,,,,,,,,,,,,,,,151ug4w3,,,,,0
12,rnucedhy,5a9fa90f873cda00010d29d8,0,52,52,post_exp,FinalForProlific,2026-01-17 21:24:40.341139,1,,,110.42,12,,110.42,14,0.0,5,10,B,0.7372227834156204,More than $112,Less than today,The highest price a buyer is currently willing to pay.,True,Bonds,Decrease,Stocks,True,The average of the bid price and the ask price.,"Mutual funds can invest in several assets, for example invest in both stocks and bonds",She owns a part of firm B,Between 10 and 15 years,12,8,2.0,3.0,Male,26,United Kingdom,high-school graduate,Other Management,0,0,1,1,Monthly,Monthly,Stocks,No,To see financial literacy of people maybe,No,5,7,Nothing was unclear.,7,7,No,No issues.,I was never unsure.,No changes.,Nothing differed.,No.,No.,151ug4w3,,,,,0
13,0agbbz6t,64e6b4025cbe79c020343121,0,52,52,post_exp,FinalForProlific,2026-01-17 21:25:07.530984,1,,,107.83,13,,107.83,9,0.0,6,6,B,0.7254169800770695,More than $112,Less than today,The price you personally choose when submitting a buy order.,True,Stocks,Decrease,Bonds,True,The difference between the lowest ask price and the highest bid price.,Mutual funds pay a guaranteed rate of return which depends on their past performance,She is liable for the company's debts,Between 10 and 15 years,12,7,1.75,3.0,Male,41,Canada,undergraduate: 4th year,Other,1,1,1,1,Weekly,Daily,"Derivatives (Options, Futures)",Yes,To see the financial literacy of a cross section of people.,all was good!,5,5,Nothing was unclear,6,6,No,No issues,I was never unsure,No changes,Nothing differed,No,No,151ug4w3,,,,,0
14,vyd28ofr,66e74ca113f609cd2a13df59,0,52,52,post_exp,FinalForProlific,2026-01-17 21:25:37.276893,1,,,126.77,14,,126.77,11,0.0,7,8,B,0.8859819394535965,More than $112,Less than today,Don't know / Not sure,True,Stocks,Decrease,Stocks,True,Don't know / Not sure,"Mutual funds can invest in several assets, for example invest in both stocks and bonds",She has lent money to firm B,Never,12,10,2.5,3.0,Male,50,United States,undergraduate: 4th year,Other,0,1,1,1,Less than once a month,Monthly,Stocks,No,Analyzing financial literacy,none,4,6,Nothing was unclear,5,6,No,No issues,I was never unsure,No changes,Nothing differed,No,No,151ug4w3,,,,,0
15,p639azxy,6965b338f069222c10b2bdc9,0,52,52,post_exp,FinalForProlific,2026-01-17 21:26:31.341396,1,,,118.08,15,,118.08,9,0.0,7,2,A,0.14351592630390098,More than $112,Less than today,The highest price a buyer is currently willing to pay.,True,Stocks,Decrease,Don't know / Not sure,True,Don't know / Not sure,"Mutual funds can invest in several assets, for example invest in both stocks and bonds",She has lent money to firm B,Between 10 and 15 years,12,9,2.25,3.0,Female,34,United States,undergraduate: 4th year,Other,0,1,1,1,Monthly,Monthly,Stocks,No,Testing to see overconfidence in stock trading,No,6,7,Nothing was unclear.,6,6,No,No issues.,I was never unsure.,No changes.,Nothing differed.,No.,No.,151ug4w3,,,,,0
16,sw8lem34,677346f91e35f1cb1e647c34,0,49,52,post_exp,Demographics,2026-01-17 21:26:45.318628,1,,,1199.47,16,,2.5,9,0.0,7,4,A,0.007909843234861436,More than $112,Less than today,The lowest price a seller is currently willing to accept.,True,Stocks,Decrease,Stocks,True,The difference between the lowest ask price and the highest bid price.,"Mutual funds can invest in several assets, for example invest in both stocks and bonds",She has lent money to firm B,Between 10 and 15 years,12,10,2.5,3.0,,,,,,,,,,,,,,,,,,,,,,,,,,,,151ug4w3,,,,,0
17,3v5sipps,695bd4f6bbdb5a636882ce78,0,52,52,post_exp,FinalForProlific,2026-01-17 21:26:53.633718,1,,,118.89,17,,118.89,9,0.0,6,4,A,0.4229233880060277,More than $112,Less than today,Don't know / Not sure,True,Stocks,Decrease,Bonds,False,Don't know / Not sure,Don't know / Not sure,None of the above,Never,12,6,1.5,3.0,Male,43,United States,master,Other,0,1,0,0,Less than once a month,Less than once a month,Cryptocurrencies,Do not know,risk assessment,only the instructions,6,4,"Maybe it seemed more difficult because I don't have a background in stocks, but the language itself was confusing. ",3,4,No,No issues.,"I felt unsure pretty early on and only because I wasn't sure about some of the language. I knew what to do, but wasn't sure if my decisions were good or not.",The language. Not all survey-takers have any knowledge about investing.,Nothing differed.,No.,"Yeah, but I can't recall them. They were difficult and by their very nature of difficulty, difficult to recall. They had no real-life context for me. ",151ug4w3,,,,,0
18,945bhkjk,62d43cee3d60ac98c1dcacc8,0,6,52,main,Trade,2026-01-17 21:28:14.749049,1,,,0.0,18,,0.0,9,0.0,,,,,,,,,,,,,,,,,,,,,,,,,,,,,,,,,,,,,,,,,,,,,,,,151ug4w3,,,,,0
19,6xawj670,69419dd351c8c6866590c254,0,52,52,post_exp,FinalForProlific,2026-01-17 21:28:19.710613,1,,,104.78,19,,104.78,6,0.0,6,10,B,0.345591378314658,More than $112,Less than today,The highest price a buyer is currently willing to pay.,True,Stocks,Don't know / Not sure,Bonds,False,The difference between the lowest ask price and the highest bid price.,Mutual funds pay a guaranteed rate of return which depends on their past performance,She has lent money to firm B,Never,12,8,2.0,3.0,Male,18,United States,high-school graduate,Other,0,1,0,1,Monthly,Daily,Cryptocurrencies,No,To see how pateripiants react to graph and changing trading graphs over days.,"Most of it, if i was being honest.",7,2,The instructions being bloated and intimidating.,4,3,No,No issues.,I was unsure what to do at the trading graphs.,No changes.,Nothing differed.,An index.,A lot of phrases to be honest.,151ug4w3,,,,,0
20,cx4xx3np,61576d2fde97a7adb4b6a193,0,49,52,post_exp,Demographics,2026-01-17 21:28:27.073012,1,,,1213.01,20,,1.75,12,0.0,10,1,A,0.2654871250311527,More than $112,Less than today,Don't know / Not sure,True,Stocks,Decrease,Don't know / Not sure,True,Don't know / Not sure,Don't know / Not sure,She has lent money to firm B,Between 10 and 15 years,12,7,1.75,3.0,,,,,,,,,,,,,,,,,,,,,,,,,,,,151ug4w3,,,,,0
21,pj25gqo7,6296295f57c07906c9052955,0,3,52,intro,comprehensionQuestions,2026-01-17 21:29:29.686045,1,,,0.0,21,,0.0,6,0.0,,,,,,,,,,,,,,,,,,,,,,,,,,,,,,,,,,,,,,,,,,,,,,,,151ug4w3,,,,,0
22,gi3vvfez,676e6f5eb2e5690f74382e58,0,52,52,post_exp,FinalForProlific,2026-01-17 21:30:49.464898,1,,,114.35,22,,114.35,13,0.0,8,5,A,0.16142181298760772,More than $112,Less than today,Don't know / Not sure,True,Stocks,Decrease,Stocks,True,Don't know / Not sure,"Mutual funds can invest in several assets, for example invest in both stocks and bonds",She has lent money to firm B,Never,12,10,2.5,3.0,Male,43,United Kingdom,high-school graduate,Other,0,0,0,0,Less than once a month,Less than once a month,Bonds,No,To understand people's approach to risk ,no issues,7,3,It took a few reads to understand what the instructions were saying and what was being asked,5,6,No,No issues,I had to read the instructions repeatedly to know what to do,No changes,Nothing differed,No,No,151ug4w3,,,,,0
23,ok70nkvo,6054e5f7c1931593649b158f,0,50,52,post_exp,Payoff,2026-01-17 21:32:39.685788,1,,,1228.29,23,,3.0,10,0.0,9,2,A,0.3636229308402673,More than $112,Less than today,The highest price a buyer is currently willing to pay.,True,Stocks,Decrease,Stocks,True,The difference between the lowest ask price and the highest bid price.,"Mutual funds can invest in several assets, for example invest in both stocks and bonds",She has lent money to firm B,Never,12,12,3.0,3.0,Male,22,United States,undergraduate: 4th year,Other Management,0,1,1,1,Less than once a month,Less than once a month,Stocks,No,not sure,could not submit on mobile,,,,,,,,,,,,,151ug4w3,,,,,0
24,1li97jle,563f734bcbd4c60005dc9442,0,49,52,post_exp,Demographics,2026-01-17 21:34:31.158499,1,,,1302.85,24,,2.5,10,0.0,5,5,B,0.7497734612102941,More than $112,Less than today,The price you personally choose when submitting a buy order.,True,Stocks,Decrease,Stocks,True,The difference between the lowest ask price and the highest bid price.,"Mutual funds can invest in several assets, for example invest in both stocks and bonds",None of the above,Never,12,10,2.5,3.0,,,,,,,,,,,,,,,,,,,,,,,,,,,,151ug4w3,,,,,0
25,o6vl1s7u,66451cf935a985828f197f7e,0,3,52,intro,comprehensionQuestions,2026-01-17 21:34:57.184109,1,,,0.0,25,,0.0,4,0.0,,,,,,,,,,,,,,,,,,,,,,,,,,,,,,,,,,,,,,,,,,,,,,,,151ug4w3,,,,,0
26,8vxh54dk,672eda41e28ba46f845249df,0,52,52,post_exp,FinalForProlific,2026-01-17 21:37:19.026422,1,,,108.92,26,,108.92,6,0.0,5,7,B,0.7836351927094984,More than $112,Less than today,The highest price a buyer is currently willing to pay.,True,Stocks,Decrease,Stocks,Don't know / Not sure,The average of the bid price and the ask price.,"Mutual funds can invest in several assets, for example invest in both stocks and bonds",She has lent money to firm B,Never,12,10,2.5,3.0,Female,68,United States,undergraduate: 2nd year,Other,1,0,1,1,Less than once a month,Weekly,Stocks,No,Making financial decisions on a piloted trading platform.,None,5,6,Nothing was unclear,5,6,No,No issues,I was never unsure,No changes,Nothing differed,No,No,151ug4w3,,,,,0
27,iwq8bj53,6272b9dfc470a51d5fa0e6ea,0,52,52,post_exp,FinalForProlific,2026-01-17 21:42:24.321475,1,,,114.56,27,,114.56,12,0.0,8,2,A,0.47158530495547246,More than $112,Less than today,The price you personally choose when submitting a buy order.,True,Stocks,Decrease,Stocks,True,The difference between the lowest ask price and the highest bid price.,"Mutual funds can invest in several assets, for example invest in both stocks and bonds",She has lent money to firm B,Between 10 and 15 years,12,10,2.5,3.0,Male,44,United States,undergraduate: 2nd year,Other Management,1,1,1,1,Weekly,Daily,Stocks,No,The purpose was to see how people use financial data in making investment decisions.,There were no difficulties.,3,7,Nothing was unclear.,7,7,No,No issues,I was never unsure.,No changes,Nothing differed,No,No,151ug4w3,,,,,0
28,5uy60pw0,5d6349209b22da000117b1bd,0,52,52,post_exp,FinalForProlific,2026-01-17 21:44:53.042884,1,,,109.31,28,,109.31,4,0.0,7,7,B,0.9217124420636242,More than $112,Less than today,The price you personally choose when submitting a buy order.,True,Stocks,Decrease,Stocks,True,The difference between the lowest ask price and the highest bid price.,"Mutual funds can invest in several assets, for example invest in both stocks and bonds",She owns a part of firm B,Never,12,10,2.5,3.0,Male,43,United States,undergraduate: 4th year,Other,0,1,0,0,Less than once a month,Weekly,Stocks,No,not sure,na,6,3,nothing was unclear,6,5,No,no issue,i was never unsure,no changes,nothing differed,no,no,151ug4w3,,,,,0
29,r8rvnx27,60e769ec9858960e8ad00886,0,52,52,post_exp,FinalForProlific,2026-01-17 21:45:48.803289,1,,,114.24,29,,114.24,4,0.0,8,8,B,0.353921543456725,More than $112,Less than today,The highest price a buyer is currently willing to pay.,True,Stocks,Decrease,Stocks,True,Don't know / Not sure,Don't know / Not sure,She has lent money to firm B,Between 10 and 15 years,12,9,2.25,3.0,Male,48,American Samoa,undergraduate: 4th year,Other Management,0,1,0,0,Less than once a month,Less than once a month,Cryptocurrencies,No,Financial knowledge,"The menus for the demographics went off the screen at the top, so I could not make correct selections.  Country of residence is USA.  Education is some college, no degree. ",7,7,Nothing was unclear ,7,7,Yes,The menus for the demographics information was cutoff at the top.,I was never unsure,No changes,Nothing differed,No,No,151ug4w3,,,,,0
30,9ioh8yjj,5a501c26eedc32000141f4f2,0,52,52,post_exp,FinalForProlific,2026-01-17 21:52:21.858087,1,,,110.45,30,,110.45,11,0.0,11,4,A,0.349018563618151,More than $112,Less than today,The highest price a buyer is currently willing to pay.,Don't know / Not sure,Don't know / Not sure,Stay the same,Don't know / Not sure,Don't know / Not sure,Don't know / Not sure,Don't know / Not sure,She has lent money to firm B,Between 10 and 15 years,12,4,1.0,3.0,Male,22,United States,undergraduate: 4th year,Other,0,1,1,1,Less than once a month,Monthly,Stocks,No,To see financial habits/thinking,Just took me a while personally,5,4,Nothing was unclear.,6,6,No,No issues.,I was never unsure.,No changes.,Nothing differed.,No.,No.,151ug4w3,,,,,0
31,joi0mcuh,69669328636e175b3d4155dc,0,52,52,post_exp,FinalForProlific,2026-01-17 21:52:45.868789,1,,,111.6,31,,111.6,8,0.0,11,2,A,0.30488132005999957,More than $112,Less than today,The highest price a buyer is currently willing to pay.,True,Stocks,Decrease,Stocks,True,The difference between the lowest ask price and the highest bid price.,"Mutual funds can invest in several assets, for example invest in both stocks and bonds",She has lent money to firm B,Never,12,12,3.0,3.0,Male,36,Hong Kong,master,Other Management,0,0,1,1,Multiple times a day,Multiple times a day,"Derivatives (Options, Futures)",Yes,test if market data can affect a trader and see if market data can provide precise suggestions for trader if it is AI powered.,use candle sticks on the stock illustrated will be better reading.,2,7,Nothing was unclear.,6,6,No,No issues.,I was never unsure.,No changes.,Nothing differed.,No.,No.,151ug4w3,,,,,0
32,wy3dxq5x,67193faab4dac3bad64adb5d,0,1,52,intro,Consent,2026-01-17 21:55:34.097240,1,,,0.0,32,,0.0,10,0.0,,,,,,,,,,,,,,,,,,,,,,,,,,,,,,,,,,,,,,,,,,,,,,,,151ug4w3,,,,,0
33,4tbjlhuv,598c4b28cceb0f0001b39675,0,52,52,post_exp,FinalForProlific,2026-01-17 21:57:26.669322,1,,,111.62,33,,111.62,6,0.0,5,8,B,0.990083972904054,More than $112,Less than today,The highest price a buyer is currently willing to pay.,Don't know / Not sure,Stocks,Decrease,Stocks,True,The difference between the lowest ask price and the highest bid price.,"Mutual funds can invest in several assets, for example invest in both stocks and bonds",She has lent money to firm B,Never,12,11,2.75,3.0,Male,44,United Kingdom,PhD,Other,0,1,1,0,Multiple times a day,Multiple times a day,"Derivatives (Options, Futures)",Yes,To investigate people's perceptions of the changes in prices in financial markets.,"No, thanks.",6,7,Nothing was unclear,4,5,No,No issues,I was never unsure,No changes,Nothing differed,No,No,151ug4w3,,,,,0
34,4pzjsb2b,67580f69a9a3cb759240904b,0,52,52,post_exp,FinalForProlific,2026-01-17 21:58:30.170718,1,,,106.49,34,,106.49,10,0.0,5,6,B,0.8384937700109246,More than $112,Less than today,The highest price a buyer is currently willing to pay.,True,Stocks,Decrease,Stocks,True,The difference between the lowest ask price and the highest bid price.,"Mutual funds can invest in several assets, for example invest in both stocks and bonds",She has lent money to firm B,Never,12,12,3.0,3.0,Male,54,United Kingdom,master,Other,0,0,1,1,Less than once a month,Daily,Stocks,No,Assess financial literacy,No,5,3,I did not fully understand ho wto use the predctive data but that was my shortcoming,6,7,No,No issues,No issues,More thorough explanation of how predictive data influenced outcomes,Nothing differed,No,no,151ug4w3,,,,,0
35,fcwg96au,5848ad3bdb871400012da095,0,52,52,post_exp,FinalForProlific,2026-01-17 22:00:16.297158,1,,,108.19,35,,108.19,10,0.0,9,10,B,0.04415651755947714,More than $112,Less than today,The highest price a buyer is currently willing to pay.,True,Stocks,Decrease,Stocks,False,The difference between the lowest ask price and the highest bid price.,Mutual funds pay a guaranteed rate of return which depends on their past performance,She has lent money to firm B,Between 5 and 10 years,12,9,2.25,3.0,Female,35,United States,high-school graduate,Other,0,0,1,0,Less than once a month,Less than once a month,Stocks,No,To see if we can predict using probable data.,None,6,7,Nothing was unclear.,2,6,Yes,No issues.,I was never unsure.,No changes.,Nothing differed.,No.,No.,151ug4w3,,,,,0
36,0nd2ni04,,0,3,52,intro,comprehensionQuestions,2026-01-17 22:03:07.599784,1,,,0.0,36,,0.0,6,0.0,,,,,,,,,,,,,,,,,,,,,,,,,,,,,,,,,,,,,,,,,,,,,,,,151ug4w3,,,,,0
37,4d34f1nl,692f221e98e3cdcf10465812,0,52,52,post_exp,FinalForProlific,2026-01-17 22:07:34.984862,1,,,112.1,37,,112.1,6,0.0,6,9,B,0.5090010192986347,More than $112,Less than today,The highest price a buyer is currently willing to pay.,Don't know / Not sure,Stocks,Decrease,Stocks,True,The difference between the lowest ask price and the highest bid price.,"Mutual funds can invest in several assets, for example invest in both stocks and bonds",She owns a part of firm B,Between 10 and 15 years,12,9,2.25,3.0,Male,18,Canada,undergraduate: 1st year,Other,0,1,0,0,Less than once a month,Weekly,Stocks,No,Get a grasp on people's knowledge of trading,No,2,7,Nothing was unclear.,3,4,No,No issues,I was never unsure,No changes,Nothing differed,No,No,151ug4w3,,,,,0
38,d8aqe2fa,650b03136ab3d4c832d98b71,0,52,52,post_exp,FinalForProlific,2026-01-17 22:08:13.439724,1,,,118.99,38,,118.99,5,0.0,6,6,B,0.5562530012813971,More than $112,Less than today,The highest price a buyer is currently willing to pay.,True,Stocks,Decrease,Stocks,True,The difference between the lowest ask price and the highest bid price.,"Mutual funds can invest in several assets, for example invest in both stocks and bonds",She has lent money to firm B,Never,12,12,3.0,3.0,Male,32,United States,undergraduate: 4th year,Other,1,0,0,0,Less than once a month,Less than once a month,,No,To see how people decide whether to buy information and how that affects their investment choices.,no issues,3,6,nothing was unclear,6,6,No,no issues.,I was never unsure.,no changes.,Nothing differed.,No.,No.,151ug4w3,,,,,0
39,35jj3mv4,666445e5b72745f04a4f57d6,0,52,52,post_exp,FinalForProlific,2026-01-17 22:10:39.908203,1,,,115.9,39,,115.9,5,0.0,7,1,A,0.5820312647567139,More than $112,Less than today,The highest price a buyer is currently willing to pay.,True,Stocks,Decrease,Stocks,True,The difference between the lowest ask price and the highest bid price.,"Mutual funds can invest in several assets, for example invest in both stocks and bonds",She has lent money to firm B,Never,12,12,3.0,3.0,Male,53,United Kingdom,high-school graduate,Other,0,1,1,1,Weekly,Weekly,Stocks,No,To see the impact of certain trading data and whether/how it would be used by an individual trading.,No,5,7,Nothing was unclear,7,7,No,No issues,I was never unsure,No changes,Nothing differed,No,No,151ug4w3,,,,,0
40,7czue3k2,5cad1eef8ed53d00180d2532,0,52,52,post_exp,FinalForProlific,2026-01-17 22:23:11.563870,1,,,110.19,40,,110.19,13,0.0,6,1,A,0.25396598155275174,Exactly $112,Less than today,The highest price a buyer is currently willing to pay.,Don't know / Not sure,Stocks,Decrease,Don't know / Not sure,Don't know / Not sure,Don't know / Not sure,Don't know / Not sure,She has lent money to firm B,Between 10 and 15 years,12,5,1.25,3.0,Female,25,United Kingdom,high-school graduate,Other,0,1,0,0,Less than once a month,Less than once a month,,No,To see how financially literate people are and how good they are at trading,No,5,4,Nothing was unclear.,3,7,No,No issues.,I was never unsure.,Maybe more simplified instructions in the beginning,Nothing differed.,No. ,No.,151ug4w3,,,,,0
41,74axpu3r,664287debe4750708ea0ecf7,0,12,52,main,Trade,2026-01-17 22:50:25.759449,1,,,0.0,41,,0.0,4,0.0,,,,,,,,,,,,,,,,,,,,,,,,,,,,,,,,,,,,,,,,,,,,,,,,151ug4w3,,,,,0
42,jfwekhv6,,0,0,52,,,,0,,,0.0,42,,0.0,9,0.0,,,,,,,,,,,,,,,,,,,,,,,,,,,,,,,,,,,,,,,,,,,,,,,,151ug4w3,,,,,0
43,vmcftmxw,,0,0,52,,,,0,,,0.0,43,,0.0,8,0.0,,,,,,,,,,,,,,,,,,,,,,,,,,,,,,,,,,,,,,,,,,,,,,,,151ug4w3,,,,,0
44,ohheo1x6,,0,0,52,,,,0,,,0.0,44,,0.0,7,0.0,,,,,,,,,,,,,,,,,,,,,,,,,,,,,,,,,,,,,,,,,,,,,,,,151ug4w3,,,,,0
45,voko5dzt,,0,0,52,,,,0,,,0.0,45,,0.0,12,0.0,,,,,,,,,,,,,,,,,,,,,,,,,,,,,,,,,,,,,,,,,,,,,,,,151ug4w3,,,,,0
46,s7l9bk4g,,0,0,52,,,,0,,,0.0,46,,0.0,11,0.0,,,,,,,,,,,,,,,,,,,,,,,,,,,,,,,,,,,,,,,,,,,,,,,,151ug4w3,,,,,0
47,fardzwal,,0,0,52,,,,0,,,0.0,47,,0.0,4,0.0,,,,,,,,,,,,,,,,,,,,,,,,,,,,,,,,,,,,,,,,,,,,,,,,151ug4w3,,,,,0
48,dn2me2u0,,0,0,52,,,,0,,,0.0,48,,0.0,14,0.0,,,,,,,,,,,,,,,,,,,,,,,,,,,,,,,,,,,,,,,,,,,,,,,,151ug4w3,,,,,0
49,yrw49jcv,,0,0,52,,,,0,,,0.0,49,,0.0,11,0.0,,,,,,,,,,,,,,,,,,,,,,,,,,,,,,,,,,,,,,,,,,,,,,,,151ug4w3,,,,,0
50,d9vh9gia,,0,0,52,,,,0,,,0.0,50,,0.0,11,0.0,,,,,,,,,,,,,,,,,,,,,,,,,,,,,,,,,,,,,,,,,,,,,,,,151ug4w3,,,,,0
51,ky8z3yee,,0,0,52,,,,0,,,0.0,51,,0.0,8,0.0,,,,,,,,,,,,,,,,,,,,,,,,,,,,,,,,,,,,,,,,,,,,,,,,151ug4w3,,,,,0
52,jfsbrmy2,,0,0,52,,,,0,,,0.0,52,,0.0,5,0.0,,,,,,,,,,,,,,,,,,,,,,,,,,,,,,,,,,,,,,,,,,,,,,,,151ug4w3,,,,,0
53,82gzy8xe,,0,0,52,,,,0,,,0.0,53,,0.0,12,0.0,,,,,,,,,,,,,,,,,,,,,,,,,,,,,,,,,,,,,,,,,,,,,,,,151ug4w3,,,,,0
54,jui8cvg6,,0,0,52,,,,0,,,0.0,54,,0.0,8,0.0,,,,,,,,,,,,,,,,,,,,,,,,,,,,,,,,,,,,,,,,,,,,,,,,151ug4w3,,,,,0
55,ky3f2ska,,0,0,52,,,,0,,,0.0,55,,0.0,7,0.0,,,,,,,,,,,,,,,,,,,,,,,,,,,,,,,,,,,,,,,,,,,,,,,,151ug4w3,,,,,0
56,nbiwcxqj,,0,0,52,,,,0,,,0.0,56,,0.0,6,0.0,,,,,,,,,,,,,,,,,,,,,,,,,,,,,,,,,,,,,,,,,,,,,,,,151ug4w3,,,,,0
57,6d8b0ecj,,0,0,52,,,,0,,,0.0,57,,0.0,8,0.0,,,,,,,,,,,,,,,,,,,,,,,,,,,,,,,,,,,,,,,,,,,,,,,,151ug4w3,,,,,0
58,l1r1p8vy,,0,0,52,,,,0,,,0.0,58,,0.0,7,0.0,,,,,,,,,,,,,,,,,,,,,,,,,,,,,,,,,,,,,,,,,,,,,,,,151ug4w3,,,,,0
59,ekcepma1,,0,0,52,,,,0,,,0.0,59,,0.0,9,0.0,,,,,,,,,,,,,,,,,,,,,,,,,,,,,,,,,,,,,,,,,,,,,,,,151ug4w3,,,,,0
60,32ntrqgn,,0,0,52,,,,0,,,0.0,60,,0.0,6,0.0,,,,,,,,,,,,,,,,,,,,,,,,,,,,,,,,,,,,,,,,,,,,,,,,151ug4w3,,,,,0
61,dmuwguct,,0,0,52,,,,0,,,0.0,61,,0.0,10,0.0,,,,,,,,,,,,,,,,,,,,,,,,,,,,,,,,,,,,,,,,,,,,,,,,151ug4w3,,,,,0
62,u2cxsrtj,,0,0,52,,,,0,,,0.0,62,,0.0,9,0.0,,,,,,,,,,,,,,,,,,,,,,,,,,,,,,,,,,,,,,,,,,,,,,,,151ug4w3,,,,,0
63,mnr46baa,,0,0,52,,,,0,,,0.0,63,,0.0,12,0.0,,,,,,,,,,,,,,,,,,,,,,,,,,,,,,,,,,,,,,,,,,,,,,,,151ug4w3,,,,,0
64,l5ct73kk,,0,0,52,,,,0,,,0.0,64,,0.0,14,0.0,,,,,,,,,,,,,,,,,,,,,,,,,,,,,,,,,,,,,,,,,,,,,,,,151ug4w3,,,,,0
65,mu30poe1,,0,0,52,,,,0,,,0.0,65,,0.0,6,0.0,,,,,,,,,,,,,,,,,,,,,,,,,,,,,,,,,,,,,,,,,,,,,,,,151ug4w3,,,,,0
66,rroahqa3,,0,0,52,,,,0,,,0.0,66,,0.0,4,0.0,,,,,,,,,,,,,,,,,,,,,,,,,,,,,,,,,,,,,,,,,,,,,,,,151ug4w3,,,,,0
67,gq3jwjqv,,0,0,52,,,,0,,,0.0,67,,0.0,13,0.0,,,,,,,,,,,,,,,,,,,,,,,,,,,,,,,,,,,,,,,,,,,,,,,,151ug4w3,,,,,0
68,0cveq4zw,,0,0,52,,,,0,,,0.0,68,,0.0,9,0.0,,,,,,,,,,,,,,,,,,,,,,,,,,,,,,,,,,,,,,,,,,,,,,,,151ug4w3,,,,,0
69,uvux5ftm,,0,0,52,,,,0,,,0.0,69,,0.0,10,0.0,,,,,,,,,,,,,,,,,,,,,,,,,,,,,,,,,,,,,,,,,,,,,,,,151ug4w3,,,,,0
70,l26vxpjr,,0,0,52,,,,0,,,0.0,70,,0.0,14,0.0,,,,,,,,,,,,,,,,,,,,,,,,,,,,,,,,,,,,,,,,,,,,,,,,151ug4w3,,,,,0
71,mjd144u6,,0,0,52,,,,0,,,0.0,71,,0.0,10,0.0,,,,,,,,,,,,,,,,,,,,,,,,,,,,,,,,,,,,,,,,,,,,,,,,151ug4w3,,,,,0
72,hmtrxd12,,0,0,52,,,,0,,,0.0,72,,0.0,9,0.0,,,,,,,,,,,,,,,,,,,,,,,,,,,,,,,,,,,,,,,,,,,,,,,,151ug4w3,,,,,0
73,wx15wvn3,,0,0,52,,,,0,,,0.0,73,,0.0,5,0.0,,,,,,,,,,,,,,,,,,,,,,,,,,,,,,,,,,,,,,,,,,,,,,,,151ug4w3,,,,,0
74,tsu3oay5,,0,0,52,,,,0,,,0.0,74,,0.0,12,0.0,,,,,,,,,,,,,,,,,,,,,,,,,,,,,,,,,,,,,,,,,,,,,,,,151ug4w3,,,,,0
75,yoaihck2,,0,0,52,,,,0,,,0.0,75,,0.0,13,0.0,,,,,,,,,,,,,,,,,,,,,,,,,,,,,,,,,,,,,,,,,,,,,,,,151ug4w3,,,,,0
76,ssrfe2wm,,0,0,52,,,,0,,,0.0,76,,0.0,14,0.0,,,,,,,,,,,,,,,,,,,,,,,,,,,,,,,,,,,,,,,,,,,,,,,,151ug4w3,,,,,0
77,3elc1nqj,,0,0,52,,,,0,,,0.0,77,,0.0,14,0.0,,,,,,,,,,,,,,,,,,,,,,,,,,,,,,,,,,,,,,,,,,,,,,,,151ug4w3,,,,,0
78,h4gqbvlk,,0,0,52,,,,0,,,0.0,78,,0.0,9,0.0,,,,,,,,,,,,,,,,,,,,,,,,,,,,,,,,,,,,,,,,,,,,,,,,151ug4w3,,,,,0
79,8wfloe8h,,0,0,52,,,,0,,,0.0,79,,0.0,12,0.0,,,,,,,,,,,,,,,,,,,,,,,,,,,,,,,,,,,,,,,,,,,,,,,,151ug4w3,,,,,0
80,ufkgucxs,,0,0,52,,,,0,,,0.0,80,,0.0,10,0.0,,,,,,,,,,,,,,,,,,,,,,,,,,,,,,,,,,,,,,,,,,,,,,,,151ug4w3,,,,,0
81,2ccxihti,,0,0,52,,,,0,,,0.0,81,,0.0,14,0.0,,,,,,,,,,,,,,,,,,,,,,,,,,,,,,,,,,,,,,,,,,,,,,,,151ug4w3,,,,,0
82,a4f8pvbf,,0,0,52,,,,0,,,0.0,82,,0.0,3,0.0,,,,,,,,,,,,,,,,,,,,,,,,,,,,,,,,,,,,,,,,,,,,,,,,151ug4w3,,,,,0
83,c54b56cw,,0,0,52,,,,0,,,0.0,83,,0.0,7,0.0,,,,,,,,,,,,,,,,,,,,,,,,,,,,,,,,,,,,,,,,,,,,,,,,151ug4w3,,,,,0
84,m50txepm,,0,0,52,,,,0,,,0.0,84,,0.0,4,0.0,,,,,,,,,,,,,,,,,,,,,,,,,,,,,,,,,,,,,,,,,,,,,,,,151ug4w3,,,,,0
85,hmest6fo,,0,0,52,,,,0,,,0.0,85,,0.0,14,0.0,,,,,,,,,,,,,,,,,,,,,,,,,,,,,,,,,,,,,,,,,,,,,,,,151ug4w3,,,,,0
86,yt3mavfo,,0,0,52,,,,0,,,0.0,86,,0.0,3,0.0,,,,,,,,,,,,,,,,,,,,,,,,,,,,,,,,,,,,,,,,,,,,,,,,151ug4w3,,,,,0
87,vo34iemk,,0,0,52,,,,0,,,0.0,87,,0.0,4,0.0,,,,,,,,,,,,,,,,,,,,,,,,,,,,,,,,,,,,,,,,,,,,,,,,151ug4w3,,,,,0
88,izwq1itj,,0,0,52,,,,0,,,0.0,88,,0.0,12,0.0,,,,,,,,,,,,,,,,,,,,,,,,,,,,,,,,,,,,,,,,,,,,,,,,151ug4w3,,,,,0
89,g3u0c72t,,0,0,52,,,,0,,,0.0,89,,0.0,13,0.0,,,,,,,,,,,,,,,,,,,,,,,,,,,,,,,,,,,,,,,,,,,,,,,,151ug4w3,,,,,0
90,0tymsvt5,,0,0,52,,,,0,,,0.0,90,,0.0,8,0.0,,,,,,,,,,,,,,,,,,,,,,,,,,,,,,,,,,,,,,,,,,,,,,,,151ug4w3,,,,,0
91,jqnxv7tg,,0,0,52,,,,0,,,0.0,91,,0.0,3,0.0,,,,,,,,,,,,,,,,,,,,,,,,,,,,,,,,,,,,,,,,,,,,,,,,151ug4w3,,,,,0
92,uy3ghv8r,,0,0,52,,,,0,,,0.0,92,,0.0,12,0.0,,,,,,,,,,,,,,,,,,,,,,,,,,,,,,,,,,,,,,,,,,,,,,,,151ug4w3,,,,,0
93,lx83s76e,,0,0,52,,,,0,,,0.0,93,,0.0,8,0.0,,,,,,,,,,,,,,,,,,,,,,,,,,,,,,,,,,,,,,,,,,,,,,,,151ug4w3,,,,,0
94,o9t3s3fq,,0,0,52,,,,0,,,0.0,94,,0.0,5,0.0,,,,,,,,,,,,,,,,,,,,,,,,,,,,,,,,,,,,,,,,,,,,,,,,151ug4w3,,,,,0
95,h0alye7u,,0,0,52,,,,0,,,0.0,95,,0.0,7,0.0,,,,,,,,,,,,,,,,,,,,,,,,,,,,,,,,,,,,,,,,,,,,,,,,151ug4w3,,,,,0
96,9ts3cb8x,,0,0,52,,,,0,,,0.0,96,,0.0,7,0.0,,,,,,,,,,,,,,,,,,,,,,,,,,,,,,,,,,,,,,,,,,,,,,,,151ug4w3,,,,,0
97,kryzf0s6,,0,0,52,,,,0,,,0.0,97,,0.0,5,0.0,,,,,,,,,,,,,,,,,,,,,,,,,,,,,,,,,,,,,,,,,,,,,,,,151ug4w3,,,,,0
98,js7kxlcf,,0,0,52,,,,0,,,0.0,98,,0.0,7,0.0,,,,,,,,,,,,,,,,,,,,,,,,,,,,,,,,,,,,,,,,,,,,,,,,151ug4w3,,,,,0
99,37yckyjr,,0,0,52,,,,0,,,0.0,99,,0.0,8,0.0,,,,,,,,,,,,,,,,,,,,,,,,,,,,,,,,,,,,,,,,,,,,,,,,151ug4w3,,,,,0
100,1w3h8xn0,,0,0,52,,,,0,,,0.0,100,,0.0,10,0.0,,,,,,,,,,,,,,,,,,,,,,,,,,,,,,,,,,,,,,,,,,,,,,,,151ug4w3,,,,,0
101,l140kqd8,,0,0,52,,,,0,,,0.0,101,,0.0,4,0.0,,,,,,,,,,,,,,,,,,,,,,,,,,,,,,,,,,,,,,,,,,,,,,,,151ug4w3,,,,,0
102,xmkmisrf,,0,0,52,,,,0,,,0.0,102,,0.0,8,0.0,,,,,,,,,,,,,,,,,,,,,,,,,,,,,,,,,,,,,,,,,,,,,,,,151ug4w3,,,,,0
103,nw31fykq,,0,0,52,,,,0,,,0.0,103,,0.0,8,0.0,,,,,,,,,,,,,,,,,,,,,,,,,,,,,,,,,,,,,,,,,,,,,,,,151ug4w3,,,,,0
104,nt3qtzeu,,0,0,52,,,,0,,,0.0,104,,0.0,6,0.0,,,,,,,,,,,,,,,,,,,,,,,,,,,,,,,,,,,,,,,,,,,,,,,,151ug4w3,,,,,0
105,7p19bp2o,,0,0,52,,,,0,,,0.0,105,,0.0,12,0.0,,,,,,,,,,,,,,,,,,,,,,,,,,,,,,,,,,,,,,,,,,,,,,,,151ug4w3,,,,,0
106,8atypzji,,0,0,52,,,,0,,,0.0,106,,0.0,5,0.0,,,,,,,,,,,,,,,,,,,,,,,,,,,,,,,,,,,,,,,,,,,,,,,,151ug4w3,,,,,0
107,o9nynpkh,,0,0,52,,,,0,,,0.0,107,,0.0,9,0.0,,,,,,,,,,,,,,,,,,,,,,,,,,,,,,,,,,,,,,,,,,,,,,,,151ug4w3,,,,,0
108,xq7gc7c0,,0,0,52,,,,0,,,0.0,108,,0.0,9,0.0,,,,,,,,,,,,,,,,,,,,,,,,,,,,,,,,,,,,,,,,,,,,,,,,151ug4w3,,,,,0
109,vcd4orjn,,0,0,52,,,,0,,,0.0,109,,0.0,8,0.0,,,,,,,,,,,,,,,,,,,,,,,,,,,,,,,,,,,,,,,,,,,,,,,,151ug4w3,,,,,0
110,mm2oxw2f,,0,0,52,,,,0,,,0.0,110,,0.0,4,0.0,,,,,,,,,,,,,,,,,,,,,,,,,,,,,,,,,,,,,,,,,,,,,,,,151ug4w3,,,,,0
111,02h3a9ss,,0,0,52,,,,0,,,0.0,111,,0.0,12,0.0,,,,,,,,,,,,,,,,,,,,,,,,,,,,,,,,,,,,,,,,,,,,,,,,151ug4w3,,,,,0
112,qesc1wn4,,0,0,52,,,,0,,,0.0,112,,0.0,8,0.0,,,,,,,,,,,,,,,,,,,,,,,,,,,,,,,,,,,,,,,,,,,,,,,,151ug4w3,,,,,0
113,37hngqz3,,0,0,52,,,,0,,,0.0,113,,0.0,7,0.0,,,,,,,,,,,,,,,,,,,,,,,,,,,,,,,,,,,,,,,,,,,,,,,,151ug4w3,,,,,0
114,ef30jfk1,,0,0,52,,,,0,,,0.0,114,,0.0,9,0.0,,,,,,,,,,,,,,,,,,,,,,,,,,,,,,,,,,,,,,,,,,,,,,,,151ug4w3,,,,,0
115,vtvos87i,,0,0,52,,,,0,,,0.0,115,,0.0,13,0.0,,,,,,,,,,,,,,,,,,,,,,,,,,,,,,,,,,,,,,,,,,,,,,,,151ug4w3,,,,,0
116,qhm88ugw,,0,0,52,,,,0,,,0.0,116,,0.0,7,0.0,,,,,,,,,,,,,,,,,,,,,,,,,,,,,,,,,,,,,,,,,,,,,,,,151ug4w3,,,,,0
117,oy9gssp0,,0,0,52,,,,0,,,0.0,117,,0.0,5,0.0,,,,,,,,,,,,,,,,,,,,,,,,,,,,,,,,,,,,,,,,,,,,,,,,151ug4w3,,,,,0
118,f0r8o3ob,,0,0,52,,,,0,,,0.0,118,,0.0,10,0.0,,,,,,,,,,,,,,,,,,,,,,,,,,,,,,,,,,,,,,,,,,,,,,,,151ug4w3,,,,,0
119,j73p5yv1,,0,0,52,,,,0,,,0.0,119,,0.0,14,0.0,,,,,,,,,,,,,,,,,,,,,,,,,,,,,,,,,,,,,,,,,,,,,,,,151ug4w3,,,,,0
120,51pyp7ef,,0,0,52,,,,0,,,0.0,120,,0.0,13,0.0,,,,,,,,,,,,,,,,,,,,,,,,,,,,,,,,,,,,,,,,,,,,,,,,151ug4w3,,,,,0
121,ct2gcocq,,0,0,52,,,,0,,,0.0,121,,0.0,9,0.0,,,,,,,,,,,,,,,,,,,,,,,,,,,,,,,,,,,,,,,,,,,,,,,,151ug4w3,,,,,0
122,kd3gkth0,,0,0,52,,,,0,,,0.0,122,,0.0,6,0.0,,,,,,,,,,,,,,,,,,,,,,,,,,,,,,,,,,,,,,,,,,,,,,,,151ug4w3,,,,,0
123,huxt8n8j,,0,0,52,,,,0,,,0.0,123,,0.0,7,0.0,,,,,,,,,,,,,,,,,,,,,,,,,,,,,,,,,,,,,,,,,,,,,,,,151ug4w3,,,,,0
124,mgpgulhh,,0,0,52,,,,0,,,0.0,124,,0.0,7,0.0,,,,,,,,,,,,,,,,,,,,,,,,,,,,,,,,,,,,,,,,,,,,,,,,151ug4w3,,,,,0
125,koij8jdw,,0,0,52,,,,0,,,0.0,125,,0.0,5,0.0,,,,,,,,,,,,,,,,,,,,,,,,,,,,,,,,,,,,,,,,,,,,,,,,151ug4w3,,,,,0
126,2hro2r5e,,0,0,52,,,,0,,,0.0,126,,0.0,6,0.0,,,,,,,,,,,,,,,,,,,,,,,,,,,,,,,,,,,,,,,,,,,,,,,,151ug4w3,,,,,0
127,94ltgpsf,,0,0,52,,,,0,,,0.0,127,,0.0,7,0.0,,,,,,,,,,,,,,,,,,,,,,,,,,,,,,,,,,,,,,,,,,,,,,,,151ug4w3,,,,,0
128,fn9prupq,,0,0,52,,,,0,,,0.0,128,,0.0,14,0.0,,,,,,,,,,,,,,,,,,,,,,,,,,,,,,,,,,,,,,,,,,,,,,,,151ug4w3,,,,,0
129,nfdmdl1h,,0,0,52,,,,0,,,0.0,129,,0.0,10,0.0,,,,,,,,,,,,,,,,,,,,,,,,,,,,,,,,,,,,,,,,,,,,,,,,151ug4w3,,,,,0
130,9qsliwqt,,0,0,52,,,,0,,,0.0,130,,0.0,8,0.0,,,,,,,,,,,,,,,,,,,,,,,,,,,,,,,,,,,,,,,,,,,,,,,,151ug4w3,,,,,0
131,xsdsovsf,,0,0,52,,,,0,,,0.0,131,,0.0,9,0.0,,,,,,,,,,,,,,,,,,,,,,,,,,,,,,,,,,,,,,,,,,,,,,,,151ug4w3,,,,,0
132,grja2uic,,0,0,52,,,,0,,,0.0,132,,0.0,12,0.0,,,,,,,,,,,,,,,,,,,,,,,,,,,,,,,,,,,,,,,,,,,,,,,,151ug4w3,,,,,0
133,2mbuq32d,,0,0,52,,,,0,,,0.0,133,,0.0,5,0.0,,,,,,,,,,,,,,,,,,,,,,,,,,,,,,,,,,,,,,,,,,,,,,,,151ug4w3,,,,,0
134,2ftpn66h,,0,0,52,,,,0,,,0.0,134,,0.0,5,0.0,,,,,,,,,,,,,,,,,,,,,,,,,,,,,,,,,,,,,,,,,,,,,,,,151ug4w3,,,,,0
135,qaiejhu6,,0,0,52,,,,0,,,0.0,135,,0.0,9,0.0,,,,,,,,,,,,,,,,,,,,,,,,,,,,,,,,,,,,,,,,,,,,,,,,151ug4w3,,,,,0
136,4xuy7vlk,,0,0,52,,,,0,,,0.0,136,,0.0,13,0.0,,,,,,,,,,,,,,,,,,,,,,,,,,,,,,,,,,,,,,,,,,,,,,,,151ug4w3,,,,,0
137,jbxzzypd,,0,0,52,,,,0,,,0.0,137,,0.0,9,0.0,,,,,,,,,,,,,,,,,,,,,,,,,,,,,,,,,,,,,,,,,,,,,,,,151ug4w3,,,,,0
138,wnna3k9c,,0,0,52,,,,0,,,0.0,138,,0.0,7,0.0,,,,,,,,,,,,,,,,,,,,,,,,,,,,,,,,,,,,,,,,,,,,,,,,151ug4w3,,,,,0
139,guro47xx,,0,0,52,,,,0,,,0.0,139,,0.0,9,0.0,,,,,,,,,,,,,,,,,,,,,,,,,,,,,,,,,,,,,,,,,,,,,,,,151ug4w3,,,,,0
140,f8geok5l,,0,0,52,,,,0,,,0.0,140,,0.0,4,0.0,,,,,,,,,,,,,,,,,,,,,,,,,,,,,,,,,,,,,,,,,,,,,,,,151ug4w3,,,,,0
141,a6592u15,,0,0,52,,,,0,,,0.0,141,,0.0,5,0.0,,,,,,,,,,,,,,,,,,,,,,,,,,,,,,,,,,,,,,,,,,,,,,,,151ug4w3,,,,,0
142,6wueg218,,0,0,52,,,,0,,,0.0,142,,0.0,14,0.0,,,,,,,,,,,,,,,,,,,,,,,,,,,,,,,,,,,,,,,,,,,,,,,,151ug4w3,,,,,0
143,tyrbjiz8,,0,0,52,,,,0,,,0.0,143,,0.0,9,0.0,,,,,,,,,,,,,,,,,,,,,,,,,,,,,,,,,,,,,,,,,,,,,,,,151ug4w3,,,,,0
144,rgiwlxoc,,0,0,52,,,,0,,,0.0,144,,0.0,12,0.0,,,,,,,,,,,,,,,,,,,,,,,,,,,,,,,,,,,,,,,,,,,,,,,,151ug4w3,,,,,0
145,owfvlt7y,,0,0,52,,,,0,,,0.0,145,,0.0,8,0.0,,,,,,,,,,,,,,,,,,,,,,,,,,,,,,,,,,,,,,,,,,,,,,,,151ug4w3,,,,,0
146,hg1w300v,,0,0,52,,,,0,,,0.0,146,,0.0,14,0.0,,,,,,,,,,,,,,,,,,,,,,,,,,,,,,,,,,,,,,,,,,,,,,,,151ug4w3,,,,,0
147,qgx0p9l7,,0,0,52,,,,0,,,0.0,147,,0.0,14,0.0,,,,,,,,,,,,,,,,,,,,,,,,,,,,,,,,,,,,,,,,,,,,,,,,151ug4w3,,,,,0
148,a9jtah55,,0,0,52,,,,0,,,0.0,148,,0.0,9,0.0,,,,,,,,,,,,,,,,,,,,,,,,,,,,,,,,,,,,,,,,,,,,,,,,151ug4w3,,,,,0
149,aclqq5ro,,0,0,52,,,,0,,,0.0,149,,0.0,6,0.0,,,,,,,,,,,,,,,,,,,,,,,,,,,,,,,,,,,,,,,,,,,,,,,,151ug4w3,,,,,0
150,kl0eajpq,,0,0,52,,,,0,,,0.0,150,,0.0,13,0.0,,,,,,,,,,,,,,,,,,,,,,,,,,,,,,,,,,,,,,,,,,,,,,,,151ug4w3,,,,,0
