,participant.id_in_session,participant_code,participant.label,participant._is_bot,participant._index_in_pages,participant._max_page_index,participant._current_app_name,participant._current_page_name,participant.time_started_utc,participant.visited,participant.mturk_worker_id,participant.mturk_assignment_id,participant.payoff,player.id_in_group,player.role,player.payoff,round_number,player.session_name,player.condition,player.block_order,player.trade_payoff,player.payable_round,data_available,pay_for_data,player.ack_brokerage_fee,player.round_type,investment_amount,return_forecast,player.telemetry_payload,belief_informative,player.realized_return,informative,player.investment_payoff,player.cumulative_bonuses,player.round_payoff,player.self_assesment,subsession.training,session.code,session.label,session.mturk_HITId,session.mturk_HITGroupId,session.comment,session.is_demo,treated,paid_round,treated_paychoice,treated_payround,fin_quiz,gender_female,finance_course,age,trading_experience,risk_aversion,self_literacy,overconfidence,paid_dummy,investment_share,last_imbalance_1,last_return_1,last_imbalance_2,last_return_2,last_imbalance_3,last_return_3,next_return,imb_difference,return_difference,willing_imbalance,paid_imbalance,treated_imbalance,willing_return,paid_return,risk_aversion2,forecast_error_abs
0,1,0zkzl65f,64df6c0375d740bb235620f5,0,52,52,post_exp,FinalForProlific,2026-01-17 21:20:10.774463,1,,,140.11,1,,103.24,-1.591242056398486,,control,,0.0,11,1,-1.0,,free_data,20.0,15.0,"[{""type"":""page-load"",""detail"":{""path"":""/p/0zkzl65f/main/Trade/12""},""ts"":""2026-01-17T21:30:17.927Z""},{""type"":""click"",""detail"":{""tag"":""INPUT"",""name"":""investment_amount"",""id"":""id_investment_amount"",""type"":""text""},""ts"":""2026-01-17T21:30:56.096Z""},{""type"":""input"",""detail"":{""tag"":""INPUT"",""name"":""investment_amount"",""id"":""id_investment_amount"",""type"":""text""},""ts"":""2026-01-17T21:30:58.745Z""},{""type"":""input"",""detail"":{""tag"":""INPUT"",""name"":""investment_amount"",""id"":""id_investment_amount"",""type"":""text""},""ts"":""2026-01-17T21:30:59.940Z""},{""type"":""input"",""detail"":{""tag"":""INPUT"",""name"":""investment_amount"",""id"":""id_investment_amount"",""type"":""text""},""ts"":""2026-01-17T21:31:00.474Z""},{""type"":""click"",""detail"":{""tag"":""INPUT"",""name"":""imbalance_informative"",""id"":""id_imbalance_informative-0"",""type"":""radio""},""ts"":""2026-01-17T21:31:04.158Z""},{""type"":""input"",""detail"":{""tag"":""INPUT"",""name"":""imbalance_informative"",""id"":""id_imbalance_informative-0"",""type"":""radio""},""ts"":""2026-01-17T21:31:04.158Z""},{""type"":""click"",""detail"":{""tag"":""INPUT"",""name"":""return_forecast"",""id"":""id_return_forecast"",""type"":""text""},""ts"":""2026-01-17T21:31:04.969Z""},{""type"":""input"",""detail"":{""tag"":""INPUT"",""name"":""return_forecast"",""id"":""id_return_forecast"",""type"":""text""},""ts"":""2026-01-17T21:31:09.629Z""},{""type"":""click"",""detail"":{""tag"":""BUTTON"",""name"":null,""id"":null,""type"":""submit""},""ts"":""2026-01-17T21:31:13.190Z""},{""type"":""form-submit"",""detail"":{},""ts"":""2026-01-17T21:31:13.191Z""}]",1.0,16.2241467682678,0.0,103.24,0.0,103.24,,0,151ug4w3,,,,,0,0,0,-0.0,0,1.3525303063608196,0,0.0,-0.8164237724724074,0.0,-0.04912479370739113,3.0,-2.0725007418893195,0,0.2,1.3191533368140251,-0.5489440736296093,6.74366919495589,12.2756606991691,-15.0472222177225,17.397905680854,16.2241467682678,0.06361750806588719,-0.7016824084699285,-0.0,0.0,0.0,0.0,-0.0,0.0024132453567937352,1.2241467682678007
1,2,nx9hs1ng,677fea8903ad496f30f16502,0,52,52,post_exp,FinalForProlific,2026-01-17 21:20:12.375324,1,,,110.35,2,,100.81,-1.591242056398486,,treatment,,0.0,11,0,0.0,,paid_data,5.0,15.0,"[{""type"":""page-load"",""detail"":{""path"":""/p/nx9hs1ng/main/Trade/12""},""ts"":""2026-01-17T21:27:04.568Z""},{""type"":""click"",""detail"":{""tag"":""INPUT"",""name"":""investment_amount"",""id"":""id_investment_amount"",""type"":""text""},""ts"":""2026-01-17T21:27:13.425Z""},{""type"":""input"",""detail"":{""tag"":""INPUT"",""name"":""investment_amount"",""id"":""id_investment_amount"",""type"":""text""},""ts"":""2026-01-17T21:27:17.953Z""},{""type"":""click"",""detail"":{""tag"":""INPUT"",""name"":""return_forecast"",""id"":""id_return_forecast"",""type"":""text""},""ts"":""2026-01-17T21:27:19.208Z""},{""type"":""input"",""detail"":{""tag"":""INPUT"",""name"":""return_forecast"",""id"":""id_return_forecast"",""type"":""text""},""ts"":""2026-01-17T21:27:25.608Z""},{""type"":""click"",""detail"":{""tag"":""BUTTON"",""name"":null,""id"":null,""type"":""submit""},""ts"":""2026-01-17T21:27:26.671Z""},{""type"":""form-submit"",""detail"":{},""ts"":""2026-01-17T21:27:26.672Z""}]",,16.2241467682678,0.0,100.81,0.0,100.81,,0,151ug4w3,,,,,0,1,1,0.0,1,0.392670088943464,1,0.0,-0.5624252654809918,1.0,-0.04912479370739113,6.0,-0.09624616448402429,0,0.05,1.3191533368140251,-0.5489440736296093,6.74366919495589,12.2756606991691,-15.0472222177225,17.397905680854,16.2241467682678,0.06361750806588719,-0.7016824084699285,0.0,1.3191533368140251,1.3191533368140251,-0.0,-0.5489440736296093,0.0024132453567937352,1.2241467682678007
2,3,i3c60565,6962c417f20b621d95bd694d,0,52,52,post_exp,FinalForProlific,2026-01-17 21:20:30.391188,1,,,113.86,3,,102.43,-1.591242056398486,,treatment,,0.0,5,0,0.0,,paid_data,15.0,15.0,"[{""type"":""page-load"",""detail"":{""path"":""/p/i3c60565/main/Trade/12""},""ts"":""2026-01-17T21:30:16.897Z""},{""type"":""click"",""detail"":{""tag"":""INPUT"",""name"":""investment_amount"",""id"":""id_investment_amount"",""type"":""text""},""ts"":""2026-01-17T21:30:35.837Z""},{""type"":""input"",""detail"":{""tag"":""INPUT"",""name"":""investment_amount"",""id"":""id_investment_amount"",""type"":""text""},""ts"":""2026-01-17T21:30:39.774Z""},{""type"":""click"",""detail"":{""tag"":""INPUT"",""name"":""return_forecast"",""id"":""id_return_forecast"",""type"":""text""},""ts"":""2026-01-17T21:30:42.966Z""},{""type"":""input"",""detail"":{""tag"":""INPUT"",""name"":""return_forecast"",""id"":""id_return_forecast"",""type"":""text""},""ts"":""2026-01-17T21:30:44.006Z""},{""type"":""click"",""detail"":{""tag"":""BUTTON"",""name"":null,""id"":null,""type"":""submit""},""ts"":""2026-01-17T21:30:46.201Z""},{""type"":""form-submit"",""detail"":{},""ts"":""2026-01-17T21:30:46.201Z""}]",,16.2241467682678,0.0,102.43,0.0,102.43,,0,151ug4w3,,,,,0,1,1,0.0,1,-1.5270503458912477,1,0.0,-0.05442825149816073,1.0,1.0316206678552147,5.0,0.8918811242186238,0,0.15,1.3191533368140251,-0.5489440736296093,6.74366919495589,12.2756606991691,-15.0472222177225,17.397905680854,16.2241467682678,0.06361750806588719,-0.7016824084699285,0.0,1.3191533368140251,1.3191533368140251,-0.0,-0.5489440736296093,1.0642412023460393,1.2241467682678007
3,4,k7sp0ynm,67665f7b0329bd3e30515ad2,0,52,52,post_exp,FinalForProlific,2026-01-17 21:20:50.689404,1,,,102.31,4,,100.68,-1.591242056398486,,treatment,,0.0,10,1,1.0,,paid_data,35.0,10.0,"[{""type"":""page-load"",""detail"":{""path"":""/p/k7sp0ynm/main/Trade/12""},""ts"":""2026-01-17T21:41:57.905Z""},{""type"":""click"",""detail"":{""tag"":""INPUT"",""name"":""investment_amount"",""id"":""id_investment_amount"",""type"":""text""},""ts"":""2026-01-17T21:42:12.960Z""},{""type"":""input"",""detail"":{""tag"":""INPUT"",""name"":""investment_amount"",""id"":""id_investment_amount"",""type"":""text""},""ts"":""2026-01-17T21:42:14.207Z""},{""type"":""input"",""detail"":{""tag"":""INPUT"",""name"":""investment_amount"",""id"":""id_investment_amount"",""type"":""text""},""ts"":""2026-01-17T21:42:14.735Z""},{""type"":""click"",""detail"":{""tag"":""INPUT"",""name"":""imbalance_informative"",""id"":""id_imbalance_informative-0"",""type"":""radio""},""ts"":""2026-01-17T21:42:16.810Z""},{""type"":""input"",""detail"":{""tag"":""INPUT"",""name"":""imbalance_informative"",""id"":""id_imbalance_informative-0"",""type"":""radio""},""ts"":""2026-01-17T21:42:16.810Z""},{""type"":""click"",""detail"":{""tag"":""INPUT"",""name"":""return_forecast"",""id"":""id_return_forecast"",""type"":""text""},""ts"":""2026-01-17T21:42:21.872Z""},{""type"":""input"",""detail"":{""tag"":""INPUT"",""name"":""return_forecast"",""id"":""id_return_forecast"",""type"":""text""},""ts"":""2026-01-17T21:42:22.800Z""},{""type"":""input"",""detail"":{""tag"":""INPUT"",""name"":""return_forecast"",""id"":""id_return_forecast"",""type"":""text""},""ts"":""2026-01-17T21:42:24.009Z""},{""type"":""click"",""detail"":{""tag"":""BUTTON"",""name"":null,""id"":null,""type"":""submit""},""ts"":""2026-01-17T21:42:25.240Z""},{""type"":""form-submit"",""detail"":{},""ts"":""2026-01-17T21:42:25.243Z""}]",1.0,16.2241467682678,0.0,100.68,0.0,100.68,,0,151ug4w3,,,,,0,1,1,1.0,1,-1.0471202371825696,0,0.0,-0.5624252654809918,1.0,1.5719933986365178,4.0,0.11549539738082899,1,0.3684210526315789,1.3191533368140251,-0.5489440736296093,6.74366919495589,12.2756606991691,-15.0472222177225,17.397905680854,16.2241467682678,0.06361750806588719,-0.7016824084699285,1.3191533368140251,1.3191533368140251,1.3191533368140251,-0.5489440736296093,-0.5489440736296093,2.4711632453567898,6.224146768267801
4,6,6bbjn8v1,5e459f61418f610891628564,0,52,52,post_exp,FinalForProlific,2026-01-17 21:22:23.663747,1,,,103.85,6,,110.41,-1.591242056398486,,treatment,,0.0,6,1,1.0,,paid_data,95.0,4.0,"[{""type"":""page-load"",""detail"":{""path"":""/p/6bbjn8v1/main/Trade/12""},""ts"":""2026-01-17T21:28:50.026Z""},{""type"":""click"",""detail"":{""tag"":""INPUT"",""name"":""investment_amount"",""id"":""id_investment_amount"",""type"":""text""},""ts"":""2026-01-17T21:29:10.481Z""},{""type"":""input"",""detail"":{""tag"":""INPUT"",""name"":""investment_amount"",""id"":""id_investment_amount"",""type"":""text""},""ts"":""2026-01-17T21:29:11.603Z""},{""type"":""click"",""detail"":{""tag"":""INPUT"",""name"":""imbalance_informative"",""id"":""id_imbalance_informative-0"",""type"":""radio""},""ts"":""2026-01-17T21:29:12.791Z""},{""type"":""input"",""detail"":{""tag"":""INPUT"",""name"":""imbalance_informative"",""id"":""id_imbalance_informative-0"",""type"":""radio""},""ts"":""2026-01-17T21:29:12.791Z""},{""type"":""click"",""detail"":{""tag"":""INPUT"",""name"":""return_forecast"",""id"":""id_return_forecast"",""type"":""text""},""ts"":""2026-01-17T21:29:13.970Z""},{""type"":""input"",""detail"":{""tag"":""INPUT"",""name"":""return_forecast"",""id"":""id_return_forecast"",""type"":""text""},""ts"":""2026-01-17T21:29:14.938Z""},{""type"":""click"",""detail"":{""tag"":""BUTTON"",""name"":null,""id"":null,""type"":""submit""},""ts"":""2026-01-17T21:29:15.459Z""},{""type"":""form-submit"",""detail"":{},""ts"":""2026-01-17T21:29:15.459Z""}]",1.0,16.2241467682678,0.0,110.41,0.0,110.41,,0,151ug4w3,,,,,0,1,1,1.0,1,-0.08726001976521408,0,0.0,-0.22376058949243777,1.0,-0.5894975244886941,5.0,-0.16682668510564172,1,1.0,1.3191533368140251,-0.5489440736296093,6.74366919495589,12.2756606991691,-15.0472222177225,17.397905680854,16.2241467682678,0.06361750806588719,-0.7016824084699285,1.3191533368140251,1.3191533368140251,1.3191533368140251,-0.5489440736296093,-0.5489440736296093,0.3475073313782985,12.2241467682678
5,7,gl7u8nio,62b2080f8f89f2f15c47d9ba,0,52,52,post_exp,FinalForProlific,2026-01-17 21:22:24.603886,1,,,118.89,7,,100.87,-1.591242056398486,,treatment,,0.0,8,1,1.0,,paid_data,30.0,5.0,"[{""type"":""page-load"",""detail"":{""path"":""/p/gl7u8nio/main/Trade/12""},""ts"":""2026-01-17T21:32:30.999Z""},{""type"":""click"",""detail"":{""tag"":""INPUT"",""name"":""investment_amount"",""id"":""id_investment_amount"",""type"":""text""},""ts"":""2026-01-17T21:32:56.263Z""},{""type"":""input"",""detail"":{""tag"":""INPUT"",""name"":""investment_amount"",""id"":""id_investment_amount"",""type"":""text""},""ts"":""2026-01-17T21:32:58.314Z""},{""type"":""click"",""detail"":{""tag"":""INPUT"",""name"":""imbalance_informative"",""id"":""id_imbalance_informative-1"",""type"":""radio""},""ts"":""2026-01-17T21:33:00.116Z""},{""type"":""input"",""detail"":{""tag"":""INPUT"",""name"":""imbalance_informative"",""id"":""id_imbalance_informative-1"",""type"":""radio""},""ts"":""2026-01-17T21:33:00.116Z""},{""type"":""click"",""detail"":{""tag"":""INPUT"",""name"":""return_forecast"",""id"":""id_return_forecast"",""type"":""text""},""ts"":""2026-01-17T21:33:03.562Z""},{""type"":""input"",""detail"":{""tag"":""INPUT"",""name"":""return_forecast"",""id"":""id_return_forecast"",""type"":""text""},""ts"":""2026-01-17T21:33:04.941Z""},{""type"":""click"",""detail"":{""tag"":""BUTTON"",""name"":null,""id"":null,""type"":""submit""},""ts"":""2026-01-17T21:33:06.145Z""},{""type"":""form-submit"",""detail"":{},""ts"":""2026-01-17T21:33:06.145Z""}]",0.0,16.2241467682678,0.0,99.87,1.0,100.87,,0,151ug4w3,,,,,0,1,1,1.0,1,-0.08726001976521408,1,0.0,1.3848966214531941,0.0,2.1123661294178206,6.0,0.25665643862406434,1,0.3157894736842105,1.3191533368140251,-0.5489440736296093,6.74366919495589,12.2756606991691,-15.0472222177225,17.397905680854,16.2241467682678,0.06361750806588719,-0.7016824084699285,1.3191533368140251,1.3191533368140251,1.3191533368140251,-0.5489440736296093,-0.5489440736296093,4.462090664711625,11.2241467682678
6,8,difxszml,5d1ec3b72e9ac3001ab525ef,0,49,52,post_exp,Demographics,2026-01-17 21:22:33.376663,1,,,1190.64,8,,100.0,-1.591242056398486,,treatment,,0.0,4,0,0.0,,paid_data,0.0,-5.0,"[{""type"":""page-load"",""detail"":{""path"":""/p/difxszml/main/Trade/12""},""ts"":""2026-01-17T21:28:21.321Z""},{""type"":""click"",""detail"":{""tag"":""INPUT"",""name"":""investment_amount"",""id"":""id_investment_amount"",""type"":""text""},""ts"":""2026-01-17T21:28:34.860Z""},{""type"":""input"",""detail"":{""tag"":""INPUT"",""name"":""investment_amount"",""id"":""id_investment_amount"",""type"":""text""},""ts"":""2026-01-17T21:28:35.877Z""},{""type"":""click"",""detail"":{""tag"":""INPUT"",""name"":""return_forecast"",""id"":""id_return_forecast"",""type"":""text""},""ts"":""2026-01-17T21:28:36.844Z""},{""type"":""input"",""detail"":{""tag"":""INPUT"",""name"":""return_forecast"",""id"":""id_return_forecast"",""type"":""text""},""ts"":""2026-01-17T21:28:38.358Z""},{""type"":""input"",""detail"":{""tag"":""INPUT"",""name"":""return_forecast"",""id"":""id_return_forecast"",""type"":""text""},""ts"":""2026-01-17T21:28:39.181Z""},{""type"":""click"",""detail"":{""tag"":""BUTTON"",""name"":null,""id"":null,""type"":""submit""},""ts"":""2026-01-17T21:28:40.046Z""},{""type"":""form-submit"",""detail"":{},""ts"":""2026-01-17T21:28:40.050Z""}]",,16.2241467682678,0.0,100.0,0.0,100.0,,0,151ug4w3,,,,,0,1,1,0.0,1,0.8726001976521415,0,,,,-0.04912479370739113,8.0,0.3978174798673002,0,0.0,1.3191533368140251,-0.5489440736296093,6.74366919495589,12.2756606991691,-15.0472222177225,17.397905680854,16.2241467682678,0.06361750806588719,-0.7016824084699285,0.0,1.3191533368140251,1.3191533368140251,-0.0,-0.5489440736296093,0.0024132453567937352,21.2241467682678
7,9,hlqkfw8x,67e7cfd17a7062da8a273fbf,0,52,52,post_exp,FinalForProlific,2026-01-17 21:23:02.043408,1,,,115.94,9,,108.11,-1.591242056398486,,control,,0.0,14,1,-1.0,,free_data,50.0,12.0,"[{""type"":""page-load"",""detail"":{""path"":""/p/hlqkfw8x/main/Trade/12""},""ts"":""2026-01-17T21:31:16.986Z""},{""type"":""click"",""detail"":{""tag"":""INPUT"",""name"":""investment_amount"",""id"":""id_investment_amount"",""type"":""text""},""ts"":""2026-01-17T21:31:34.798Z""},{""type"":""input"",""detail"":{""tag"":""INPUT"",""name"":""investment_amount"",""id"":""id_investment_amount"",""type"":""text""},""ts"":""2026-01-17T21:31:35.799Z""},{""type"":""click"",""detail"":{""tag"":""INPUT"",""name"":""imbalance_informative"",""id"":""id_imbalance_informative-0"",""type"":""radio""},""ts"":""2026-01-17T21:31:38.946Z""},{""type"":""input"",""detail"":{""tag"":""INPUT"",""name"":""imbalance_informative"",""id"":""id_imbalance_informative-0"",""type"":""radio""},""ts"":""2026-01-17T21:31:38.946Z""},{""type"":""click"",""detail"":{""tag"":""INPUT"",""name"":""return_forecast"",""id"":""id_return_forecast"",""type"":""text""},""ts"":""2026-01-17T21:31:39.701Z""},{""type"":""input"",""detail"":{""tag"":""INPUT"",""name"":""return_forecast"",""id"":""id_return_forecast"",""type"":""text""},""ts"":""2026-01-17T21:31:42.840Z""},{""type"":""click"",""detail"":{""tag"":""BUTTON"",""name"":null,""id"":null,""type"":""submit""},""ts"":""2026-01-17T21:31:44.092Z""},{""type"":""form-submit"",""detail"":{},""ts"":""2026-01-17T21:31:44.096Z""}]",1.0,16.2241467682678,0.0,108.11,0.0,108.11,,0,151ug4w3,,,,,0,0,0,-0.0,0,-0.08726001976521408,1,0.0,1.1308981144617785,0.0,-0.5894975244886941,5.0,-0.16682668510564172,0,0.5,1.3191533368140251,-0.5489440736296093,6.74366919495589,12.2756606991691,-15.0472222177225,17.397905680854,16.2241467682678,0.06361750806588719,-0.7016824084699285,-0.0,0.0,0.0,0.0,-0.0,0.3475073313782985,4.224146768267801
8,10,miej8bbr,67730320948951ecb761b3f2,0,52,52,post_exp,FinalForProlific,2026-01-17 21:23:16.323182,1,,,104.87,10,,112.17,-1.591242056398486,,treatment,,0.0,14,0,0.0,,paid_data,75.0,20.0,"[{""type"":""page-load"",""detail"":{""path"":""/p/miej8bbr/main/Trade/12""},""ts"":""2026-01-17T21:30:18.887Z""},{""type"":""window-blur"",""detail"":{},""ts"":""2026-01-17T21:30:24.444Z""},{""type"":""window-focus"",""detail"":{},""ts"":""2026-01-17T21:30:28.812Z""},{""type"":""window-blur"",""detail"":{},""ts"":""2026-01-17T21:30:29.332Z""},{""type"":""visibilitychange"",""detail"":{""state"":""hidden""},""ts"":""2026-01-17T21:30:29.335Z""},{""type"":""visibilitychange"",""detail"":{""state"":""visible""},""ts"":""2026-01-17T21:30:44.174Z""},{""type"":""window-focus"",""detail"":{},""ts"":""2026-01-17T21:30:44.195Z""},{""type"":""window-blur"",""detail"":{},""ts"":""2026-01-17T21:30:45.662Z""},{""type"":""visibilitychange"",""detail"":{""state"":""hidden""},""ts"":""2026-01-17T21:30:45.665Z""},{""type"":""visibilitychange"",""detail"":{""state"":""visible""},""ts"":""2026-01-17T21:30:54.289Z""},{""type"":""window-focus"",""detail"":{},""ts"":""2026-01-17T21:30:54.310Z""},{""type"":""window-blur"",""detail"":{},""ts"":""2026-01-17T21:30:59.891Z""},{""type"":""visibilitychange"",""detail"":{""state"":""hidden""},""ts"":""2026-01-17T21:30:59.895Z""},{""type"":""visibilitychange"",""detail"":{""state"":""visible""},""ts"":""2026-01-17T21:31:03.584Z""},{""type"":""window-focus"",""detail"":{},""ts"":""2026-01-17T21:31:03.610Z""},{""type"":""window-blur"",""detail"":{},""ts"":""2026-01-17T21:31:04.312Z""},{""type"":""window-focus"",""detail"":{},""ts"":""2026-01-17T21:31:16.636Z""},{""type"":""click"",""detail"":{""tag"":""INPUT"",""name"":""investment_amount"",""id"":""id_investment_amount"",""type"":""text""},""ts"":""2026-01-17T21:31:16.722Z""},{""type"":""input"",""detail"":{""tag"":""INPUT"",""name"":""investment_amount"",""id"":""id_investment_amount"",""type"":""text""},""ts"":""2026-01-17T21:31:18.057Z""},{""type"":""click"",""detail"":{""tag"":""INPUT"",""name"":""return_forecast"",""id"":""id_return_forecast"",""type"":""text""},""ts"":""2026-01-17T21:31:19.380Z""},{""type"":""input"",""detail"":{""tag"":""INPUT"",""name"":""return_forecast"",""id"":""id_return_forecast"",""type"":""text""},""ts"":""2026-01-17T21:31:19.991Z""},{""type"":""click"",""detail"":{""tag"":""BUTTON"",""name"":null,""id"":null,""type"":""submit""},""ts"":""2026-01-17T21:31:21.725Z""},{""type"":""form-submit"",""detail"":{},""ts"":""2026-01-17T21:31:21.726Z""}]",,16.2241467682678,0.0,112.17,0.0,112.17,,0,151ug4w3,,,,,0,1,1,0.0,1,1.3525303063608196,0,1.0,-0.6470914344781303,1.0,-1.129870255269997,6.0,-0.8020513707002012,0,0.75,1.3191533368140251,-0.5489440736296093,6.74366919495589,12.2756606991691,-15.0472222177225,17.397905680854,16.2241467682678,0.06361750806588719,-0.7016824084699285,0.0,1.3191533368140251,1.3191533368140251,-0.0,-0.5489440736296093,1.2766067937438883,3.7758532317321993
9,11,i76mujh9,5b99663d4cefb60001e7a214,0,49,52,post_exp,Demographics,2026-01-17 21:24:20.177255,1,,,1203.53,11,,100.0,-1.591242056398486,,treatment,,0.0,6,0,0.0,,paid_data,0.0,10.0,"[{""type"":""page-load"",""detail"":{""path"":""/p/i76mujh9/main/Trade/12""},""ts"":""2026-01-17T21:34:52.870Z""},{""type"":""click"",""detail"":{""tag"":""INPUT"",""name"":""investment_amount"",""id"":""id_investment_amount"",""type"":""text""},""ts"":""2026-01-17T21:35:01.550Z""},{""type"":""input"",""detail"":{""tag"":""INPUT"",""name"":""investment_amount"",""id"":""id_investment_amount"",""type"":""text""},""ts"":""2026-01-17T21:35:02.768Z""},{""type"":""click"",""detail"":{""tag"":""INPUT"",""name"":""return_forecast"",""id"":""id_return_forecast"",""type"":""text""},""ts"":""2026-01-17T21:35:05.132Z""},{""type"":""input"",""detail"":{""tag"":""INPUT"",""name"":""return_forecast"",""id"":""id_return_forecast"",""type"":""text""},""ts"":""2026-01-17T21:35:10.894Z""},{""type"":""input"",""detail"":{""tag"":""INPUT"",""name"":""return_forecast"",""id"":""id_return_forecast"",""type"":""text""},""ts"":""2026-01-17T21:35:11.874Z""},{""type"":""click"",""detail"":{""tag"":""BUTTON"",""name"":null,""id"":null,""type"":""submit""},""ts"":""2026-01-17T21:35:13.126Z""},{""type"":""form-submit"",""detail"":{},""ts"":""2026-01-17T21:35:13.128Z""}]",,16.2241467682678,0.0,100.0,0.0,100.0,,0,151ug4w3,,,,,0,1,1,0.0,1,-0.5671901284738922,0,,,,-1.129870255269997,7.0,1.0330421654618591,0,0.0,1.3191533368140251,-0.5489440736296093,6.74366919495589,12.2756606991691,-15.0472222177225,17.397905680854,16.2241467682678,0.06361750806588719,-0.7016824084699285,0.0,1.3191533368140251,1.3191533368140251,-0.0,-0.5489440736296093,1.2766067937438883,6.224146768267801
10,12,rnucedhy,5a9fa90f873cda00010d29d8,0,52,52,post_exp,FinalForProlific,2026-01-17 21:24:40.341139,1,,,110.42,12,,106.36,-1.591242056398486,,treatment,,0.0,14,1,1.0,,paid_data,70.0,14.0,"[{""type"":""page-load"",""detail"":{""path"":""/p/rnucedhy/main/Trade/12""},""ts"":""2026-01-17T21:34:06.765Z""},{""type"":""copy"",""detail"":{""types"":[],""hasImage"":true,""hasFiles"":false},""ts"":""2026-01-17T21:34:11.749Z""},{""type"":""window-blur"",""detail"":{},""ts"":""2026-01-17T21:34:12.489Z""},{""type"":""visibilitychange"",""detail"":{""state"":""hidden""},""ts"":""2026-01-17T21:34:12.494Z""},{""type"":""visibilitychange"",""detail"":{""state"":""visible""},""ts"":""2026-01-17T21:34:24.958Z""},{""type"":""window-focus"",""detail"":{},""ts"":""2026-01-17T21:34:24.963Z""},{""type"":""window-blur"",""detail"":{},""ts"":""2026-01-17T21:34:28.819Z""},{""type"":""window-focus"",""detail"":{},""ts"":""2026-01-17T21:34:30.564Z""},{""type"":""window-blur"",""detail"":{},""ts"":""2026-01-17T21:34:31.259Z""},{""type"":""visibilitychange"",""detail"":{""state"":""hidden""},""ts"":""2026-01-17T21:34:31.264Z""},{""type"":""visibilitychange"",""detail"":{""state"":""visible""},""ts"":""2026-01-17T21:35:14.532Z""},{""type"":""window-focus"",""detail"":{},""ts"":""2026-01-17T21:35:14.535Z""},{""type"":""click"",""detail"":{""tag"":""INPUT"",""name"":""investment_amount"",""id"":""id_investment_amount"",""type"":""text""},""ts"":""2026-01-17T21:35:16.818Z""},{""type"":""input"",""detail"":{""tag"":""INPUT"",""name"":""investment_amount"",""id"":""id_investment_amount"",""type"":""text""},""ts"":""2026-01-17T21:35:17.526Z""},{""type"":""click"",""detail"":{""tag"":""LABEL"",""name"":null,""id"":null,""type"":null},""ts"":""2026-01-17T21:35:19.336Z""},{""type"":""click"",""detail"":{""tag"":""INPUT"",""name"":""imbalance_informative"",""id"":""id_imbalance_informative-0"",""type"":""radio""},""ts"":""2026-01-17T21:35:19.337Z""},{""type"":""input"",""detail"":{""tag"":""INPUT"",""name"":""imbalance_informative"",""id"":""id_imbalance_informative-0"",""type"":""radio""},""ts"":""2026-01-17T21:35:19.337Z""},{""type"":""input"",""detail"":{""tag"":""INPUT"",""name"":""return_forecast"",""id"":""id_return_forecast"",""type"":""text""},""ts"":""2026-01-17T21:35:20.129Z""},{""type"":""click"",""detail"":{""tag"":""INPUT"",""name"":""return_forecast"",""id"":""id_return_forecast"",""type"":""text""},""ts"":""2026-01-17T21:35:20.208Z""},{""type"":""input"",""detail"":{""tag"":""INPUT"",""name"":""return_forecast"",""id"":""id_return_forecast"",""type"":""text""},""ts"":""2026-01-17T21:35:20.446Z""},{""type"":""window-blur"",""detail"":{},""ts"":""2026-01-17T21:35:21.789Z""},{""type"":""visibilitychange"",""detail"":{""state"":""hidden""},""ts"":""2026-01-17T21:35:21.792Z""},{""type"":""visibilitychange"",""detail"":{""state"":""visible""},""ts"":""2026-01-17T21:35:28.421Z""},{""type"":""window-focus"",""detail"":{},""ts"":""2026-01-17T21:35:28.427Z""},{""type"":""click"",""detail"":{""tag"":""BUTTON"",""name"":null,""id"":null,""type"":""submit""},""ts"":""2026-01-17T21:35:30.181Z""},{""type"":""form-submit"",""detail"":{},""ts"":""2026-01-17T21:35:30.182Z""}]",1.0,16.2241467682678,0.0,106.36,0.0,106.36,,0,151ug4w3,,,,,0,1,1,1.0,1,-0.5671901284738922,0,0.0,-1.070422279463823,1.0,-1.129870255269997,9.0,1.8800084129212717,1,0.7368421052631579,1.3191533368140251,-0.5489440736296093,6.74366919495589,12.2756606991691,-15.0472222177225,17.397905680854,16.2241467682678,0.06361750806588719,-0.7016824084699285,1.3191533368140251,1.3191533368140251,1.3191533368140251,-0.5489440736296093,-0.5489440736296093,1.2766067937438883,2.2241467682678007
11,13,0agbbz6t,64e6b4025cbe79c020343121,0,52,52,post_exp,FinalForProlific,2026-01-17 21:25:07.530984,1,,,107.83,13,,102.43,-1.591242056398486,,control,,0.0,9,1,-1.0,,free_data,15.0,20.0,"[{""type"":""page-load"",""detail"":{""path"":""/p/0agbbz6t/main/Trade/12""},""ts"":""2026-01-17T21:31:42.845Z""},{""type"":""click"",""detail"":{""tag"":""INPUT"",""name"":""investment_amount"",""id"":""id_investment_amount"",""type"":""text""},""ts"":""2026-01-17T21:31:48.710Z""},{""type"":""input"",""detail"":{""tag"":""INPUT"",""name"":""investment_amount"",""id"":""id_investment_amount"",""type"":""text""},""ts"":""2026-01-17T21:31:49.266Z""},{""type"":""click"",""detail"":{""tag"":""LABEL"",""name"":null,""id"":null,""type"":null},""ts"":""2026-01-17T21:31:50.677Z""},{""type"":""click"",""detail"":{""tag"":""INPUT"",""name"":""imbalance_informative"",""id"":""id_imbalance_informative-0"",""type"":""radio""},""ts"":""2026-01-17T21:31:50.678Z""},{""type"":""input"",""detail"":{""tag"":""INPUT"",""name"":""imbalance_informative"",""id"":""id_imbalance_informative-0"",""type"":""radio""},""ts"":""2026-01-17T21:31:50.679Z""},{""type"":""click"",""detail"":{""tag"":""INPUT"",""name"":""return_forecast"",""id"":""id_return_forecast"",""type"":""text""},""ts"":""2026-01-17T21:31:51.212Z""},{""type"":""input"",""detail"":{""tag"":""INPUT"",""name"":""return_forecast"",""id"":""id_return_forecast"",""type"":""text""},""ts"":""2026-01-17T21:31:51.722Z""},{""type"":""click"",""detail"":{""tag"":""BUTTON"",""name"":null,""id"":null,""type"":""submit""},""ts"":""2026-01-17T21:31:53.119Z""},{""type"":""form-submit"",""detail"":{},""ts"":""2026-01-17T21:31:53.120Z""}]",1.0,16.2241467682678,0.0,102.43,0.0,102.43,,0,151ug4w3,,,,,0,0,0,-0.0,0,-1.0471202371825696,0,1.0,0.19957025549325483,1.0,-0.5894975244886941,9.0,2.23291101602936,0,0.15,1.3191533368140251,-0.5489440736296093,6.74366919495589,12.2756606991691,-15.0472222177225,17.397905680854,16.2241467682678,0.06361750806588719,-0.7016824084699285,-0.0,0.0,0.0,0.0,-0.0,0.3475073313782985,3.7758532317321993
12,14,vyd28ofr,66e74ca113f609cd2a13df59,0,52,52,post_exp,FinalForProlific,2026-01-17 21:25:37.276893,1,,,126.77,14,,107.17,-1.591242056398486,,treatment,,0.0,11,1,1.0,,paid_data,75.0,11.0,"[{""type"":""page-load"",""detail"":{""path"":""/p/vyd28ofr/main/Trade/12""},""ts"":""2026-01-17T21:31:25.581Z""},{""type"":""click"",""detail"":{""tag"":""INPUT"",""name"":""investment_amount"",""id"":""id_investment_amount"",""type"":""text""},""ts"":""2026-01-17T21:31:40.793Z""},{""type"":""input"",""detail"":{""tag"":""INPUT"",""name"":""investment_amount"",""id"":""id_investment_amount"",""type"":""text""},""ts"":""2026-01-17T21:31:42.453Z""},{""type"":""click"",""detail"":{""tag"":""LABEL"",""name"":null,""id"":null,""type"":null},""ts"":""2026-01-17T21:31:44.341Z""},{""type"":""click"",""detail"":{""tag"":""INPUT"",""name"":""imbalance_informative"",""id"":""id_imbalance_informative-0"",""type"":""radio""},""ts"":""2026-01-17T21:31:44.341Z""},{""type"":""input"",""detail"":{""tag"":""INPUT"",""name"":""imbalance_informative"",""id"":""id_imbalance_informative-0"",""type"":""radio""},""ts"":""2026-01-17T21:31:44.341Z""},{""type"":""click"",""detail"":{""tag"":""INPUT"",""name"":""return_forecast"",""id"":""id_return_forecast"",""type"":""text""},""ts"":""2026-01-17T21:31:45.426Z""},{""type"":""input"",""detail"":{""tag"":""INPUT"",""name"":""return_forecast"",""id"":""id_return_forecast"",""type"":""text""},""ts"":""2026-01-17T21:31:47.026Z""},{""type"":""input"",""detail"":{""tag"":""INPUT"",""name"":""return_forecast"",""id"":""id_return_forecast"",""type"":""text""},""ts"":""2026-01-17T21:31:49.122Z""},{""type"":""click"",""detail"":{""tag"":""BUTTON"",""name"":null,""id"":null,""type"":""submit""},""ts"":""2026-01-17T21:31:49.729Z""},{""type"":""form-submit"",""detail"":{},""ts"":""2026-01-17T21:31:49.734Z""}]",1.0,16.2241467682678,0.0,107.17,0.0,107.17,,0,151ug4w3,,,,,0,1,1,1.0,1,0.392670088943464,0,0.0,0.9615657764675015,1.0,-0.04912479370739113,5.0,-0.5197292882137304,1,0.7894736842105263,1.3191533368140251,-0.5489440736296093,6.74366919495589,12.2756606991691,-15.0472222177225,17.397905680854,16.2241467682678,0.06361750806588719,-0.7016824084699285,1.3191533368140251,1.3191533368140251,1.3191533368140251,-0.5489440736296093,-0.5489440736296093,0.0024132453567937352,5.224146768267801
13,15,p639azxy,6965b338f069222c10b2bdc9,0,52,52,post_exp,FinalForProlific,2026-01-17 21:26:31.341396,1,,,118.08,15,,103.11,-1.591242056398486,,treatment,,0.0,9,1,1.0,,paid_data,50.0,15.0,"[{""type"":""page-load"",""detail"":{""path"":""/p/p639azxy/main/Trade/12""},""ts"":""2026-01-17T21:35:09.648Z""},{""type"":""click"",""detail"":{""tag"":""INPUT"",""name"":""investment_amount"",""id"":""id_investment_amount"",""type"":""text""},""ts"":""2026-01-17T21:35:37.560Z""},{""type"":""input"",""detail"":{""tag"":""INPUT"",""name"":""investment_amount"",""id"":""id_investment_amount"",""type"":""text""},""ts"":""2026-01-17T21:35:40.013Z""},{""type"":""click"",""detail"":{""tag"":""INPUT"",""name"":""imbalance_informative"",""id"":""id_imbalance_informative-0"",""type"":""radio""},""ts"":""2026-01-17T21:35:47.861Z""},{""type"":""input"",""detail"":{""tag"":""INPUT"",""name"":""imbalance_informative"",""id"":""id_imbalance_informative-0"",""type"":""radio""},""ts"":""2026-01-17T21:35:47.861Z""},{""type"":""click"",""detail"":{""tag"":""INPUT"",""name"":""return_forecast"",""id"":""id_return_forecast"",""type"":""text""},""ts"":""2026-01-17T21:35:52.111Z""},{""type"":""input"",""detail"":{""tag"":""INPUT"",""name"":""return_forecast"",""id"":""id_return_forecast"",""type"":""text""},""ts"":""2026-01-17T21:35:58.895Z""},{""type"":""click"",""detail"":{""tag"":""BUTTON"",""name"":null,""id"":null,""type"":""submit""},""ts"":""2026-01-17T21:36:00.663Z""},{""type"":""form-submit"",""detail"":{},""ts"":""2026-01-17T21:36:00.664Z""}]",1.0,16.2241467682678,0.0,103.11,0.0,103.11,,0,151ug4w3,,,,,0,1,1,1.0,1,-0.08726001976521408,1,0.0,-0.3930929274867148,1.0,-0.04912479370739113,6.0,0.25665643862406434,1,0.5263157894736842,1.3191533368140251,-0.5489440736296093,6.74366919495589,12.2756606991691,-15.0472222177225,17.397905680854,16.2241467682678,0.06361750806588719,-0.7016824084699285,1.3191533368140251,1.3191533368140251,1.3191533368140251,-0.5489440736296093,-0.5489440736296093,0.0024132453567937352,1.2241467682678007
14,16,sw8lem34,677346f91e35f1cb1e647c34,0,49,52,post_exp,Demographics,2026-01-17 21:26:45.318628,1,,,1199.47,16,,97.43,-1.591242056398486,,treatment,,0.0,9,1,1.0,,paid_data,15.0,5.0,"[{""type"":""page-load"",""detail"":{""path"":""/p/sw8lem34/main/Trade/12""},""ts"":""2026-01-17T21:35:44.016Z""},{""type"":""click"",""detail"":{""tag"":""INPUT"",""name"":""investment_amount"",""id"":""id_investment_amount"",""type"":""text""},""ts"":""2026-01-17T21:35:52.358Z""},{""type"":""input"",""detail"":{""tag"":""INPUT"",""name"":""investment_amount"",""id"":""id_investment_amount"",""type"":""text""},""ts"":""2026-01-17T21:36:04.070Z""},{""type"":""click"",""detail"":{""tag"":""INPUT"",""name"":""imbalance_informative"",""id"":""id_imbalance_informative-0"",""type"":""radio""},""ts"":""2026-01-17T21:36:07.260Z""},{""type"":""input"",""detail"":{""tag"":""INPUT"",""name"":""imbalance_informative"",""id"":""id_imbalance_informative-0"",""type"":""radio""},""ts"":""2026-01-17T21:36:07.260Z""},{""type"":""click"",""detail"":{""tag"":""INPUT"",""name"":""return_forecast"",""id"":""id_return_forecast"",""type"":""text""},""ts"":""2026-01-17T21:36:09.686Z""},{""type"":""input"",""detail"":{""tag"":""INPUT"",""name"":""return_forecast"",""id"":""id_return_forecast"",""type"":""text""},""ts"":""2026-01-17T21:36:13.513Z""},{""type"":""click"",""detail"":{""tag"":""BUTTON"",""name"":null,""id"":null,""type"":""submit""},""ts"":""2026-01-17T21:36:14.069Z""},{""type"":""form-submit"",""detail"":{},""ts"":""2026-01-17T21:36:14.074Z""}]",1.0,16.2241467682678,0.0,97.43,0.0,97.43,,0,151ug4w3,,,,,0,1,1,1.0,1,0.392670088943464,0,,,,-0.04912479370739113,5.0,-0.5197292882137304,1,0.15789473684210525,1.3191533368140251,-0.5489440736296093,6.74366919495589,12.2756606991691,-15.0472222177225,17.397905680854,16.2241467682678,0.06361750806588719,-0.7016824084699285,1.3191533368140251,1.3191533368140251,1.3191533368140251,-0.5489440736296093,-0.5489440736296093,0.0024132453567937352,11.2241467682678
15,17,3v5sipps,695bd4f6bbdb5a636882ce78,0,52,52,post_exp,FinalForProlific,2026-01-17 21:26:53.633718,1,,,118.89,17,,116.22,-1.591242056398486,,control,,0.0,9,1,-1.0,,free_data,100.0,20.0,"[{""type"":""page-load"",""detail"":{""path"":""/p/3v5sipps/main/Trade/12""},""ts"":""2026-01-17T21:32:47.083Z""},{""type"":""click"",""detail"":{""tag"":""INPUT"",""name"":""investment_amount"",""id"":""id_investment_amount"",""type"":""text""},""ts"":""2026-01-17T21:32:52.740Z""},{""type"":""input"",""detail"":{""tag"":""INPUT"",""name"":""investment_amount"",""id"":""id_investment_amount"",""type"":""text""},""ts"":""2026-01-17T21:32:53.144Z""},{""type"":""click"",""detail"":{""tag"":""INPUT"",""name"":""imbalance_informative"",""id"":""id_imbalance_informative-0"",""type"":""radio""},""ts"":""2026-01-17T21:32:55.408Z""},{""type"":""input"",""detail"":{""tag"":""INPUT"",""name"":""imbalance_informative"",""id"":""id_imbalance_informative-0"",""type"":""radio""},""ts"":""2026-01-17T21:32:55.408Z""},{""type"":""click"",""detail"":{""tag"":""INPUT"",""name"":""return_forecast"",""id"":""id_return_forecast"",""type"":""text""},""ts"":""2026-01-17T21:33:01.939Z""},{""type"":""input"",""detail"":{""tag"":""INPUT"",""name"":""return_forecast"",""id"":""id_return_forecast"",""type"":""text""},""ts"":""2026-01-17T21:33:05.085Z""},{""type"":""click"",""detail"":{""tag"":""BUTTON"",""name"":null,""id"":null,""type"":""submit""},""ts"":""2026-01-17T21:33:06.990Z""},{""type"":""form-submit"",""detail"":{},""ts"":""2026-01-17T21:33:06.991Z""}]",1.0,16.2241467682678,0.0,116.22,0.0,116.22,,0,151ug4w3,,,,,0,0,0,-0.0,0,-1.5270503458912477,0,0.0,0.36890259348753185,0.0,-0.5894975244886941,3.0,0.04491487675921132,0,1.0,1.3191533368140251,-0.5489440736296093,6.74366919495589,12.2756606991691,-15.0472222177225,17.397905680854,16.2241467682678,0.06361750806588719,-0.7016824084699285,-0.0,0.0,0.0,0.0,-0.0,0.3475073313782985,3.7758532317321993
16,19,6xawj670,69419dd351c8c6866590c254,0,52,52,post_exp,FinalForProlific,2026-01-17 21:28:19.710613,1,,,104.78,19,,99.87,-1.591242056398486,,treatment,,0.0,6,1,1.0,,paid_data,30.0,50.0,"[{""type"":""page-load"",""detail"":{""path"":""/p/6xawj670/main/Trade/12""},""ts"":""2026-01-17T21:55:13.270Z""},{""type"":""click"",""detail"":{""tag"":""INPUT"",""name"":""investment_amount"",""id"":""id_investment_amount"",""type"":""text""},""ts"":""2026-01-17T21:55:18.629Z""},{""type"":""input"",""detail"":{""tag"":""INPUT"",""name"":""investment_amount"",""id"":""id_investment_amount"",""type"":""text""},""ts"":""2026-01-17T21:55:20.137Z""},{""type"":""input"",""detail"":{""tag"":""INPUT"",""name"":""investment_amount"",""id"":""id_investment_amount"",""type"":""text""},""ts"":""2026-01-17T21:55:21.072Z""},{""type"":""click"",""detail"":{""tag"":""LABEL"",""name"":null,""id"":null,""type"":null},""ts"":""2026-01-17T21:55:23.808Z""},{""type"":""click"",""detail"":{""tag"":""INPUT"",""name"":""imbalance_informative"",""id"":""id_imbalance_informative-0"",""type"":""radio""},""ts"":""2026-01-17T21:55:23.808Z""},{""type"":""input"",""detail"":{""tag"":""INPUT"",""name"":""imbalance_informative"",""id"":""id_imbalance_informative-0"",""type"":""radio""},""ts"":""2026-01-17T21:55:23.808Z""},{""type"":""window-blur"",""detail"":{},""ts"":""2026-01-17T21:55:29.594Z""},{""type"":""visibilitychange"",""detail"":{""state"":""hidden""},""ts"":""2026-01-17T21:55:29.596Z""},{""type"":""visibilitychange"",""detail"":{""state"":""visible""},""ts"":""2026-01-17T21:55:43.041Z""},{""type"":""window-focus"",""detail"":{},""ts"":""2026-01-17T21:55:43.044Z""},{""type"":""click"",""detail"":{""tag"":""INPUT"",""name"":""return_forecast"",""id"":""id_return_forecast"",""type"":""text""},""ts"":""2026-01-17T21:55:44.107Z""},{""type"":""input"",""detail"":{""tag"":""INPUT"",""name"":""return_forecast"",""id"":""id_return_forecast"",""type"":""text""},""ts"":""2026-01-17T21:55:44.737Z""},{""type"":""input"",""detail"":{""tag"":""INPUT"",""name"":""return_forecast"",""id"":""id_return_forecast"",""type"":""text""},""ts"":""2026-01-17T21:55:47.401Z""},{""type"":""input"",""detail"":{""tag"":""INPUT"",""name"":""return_forecast"",""id"":""id_return_forecast"",""type"":""text""},""ts"":""2026-01-17T21:55:49.569Z""},{""type"":""click"",""detail"":{""tag"":""BUTTON"",""name"":null,""id"":null,""type"":""submit""},""ts"":""2026-01-17T21:55:50.932Z""},{""type"":""form-submit"",""detail"":{},""ts"":""2026-01-17T21:55:50.932Z""}]",1.0,16.2241467682678,0.0,99.87,0.0,99.87,,0,151ug4w3,,,,,0,1,1,1.0,1,-0.5671901284738922,0,0.0,-1.7477516314409312,0.0,-0.5894975244886941,4.0,-0.23740720572725918,1,0.3157894736842105,1.3191533368140251,-0.5489440736296093,6.74366919495589,12.2756606991691,-15.0472222177225,17.397905680854,16.2241467682678,0.06361750806588719,-0.7016824084699285,1.3191533368140251,1.3191533368140251,1.3191533368140251,-0.5489440736296093,-0.5489440736296093,0.3475073313782985,33.7758532317322
17,20,cx4xx3np,61576d2fde97a7adb4b6a193,0,49,52,post_exp,Demographics,2026-01-17 21:28:27.073012,1,,,1213.01,20,,98.24,-1.591242056398486,,treatment,,0.0,12,1,1.0,,paid_data,20.0,14.0,"[{""type"":""page-load"",""detail"":{""path"":""/p/cx4xx3np/main/Trade/12""},""ts"":""2026-01-17T21:33:49.113Z""},{""type"":""click"",""detail"":{""tag"":""INPUT"",""name"":""investment_amount"",""id"":""id_investment_amount"",""type"":""text""},""ts"":""2026-01-17T21:34:15.382Z""},{""type"":""input"",""detail"":{""tag"":""INPUT"",""name"":""investment_amount"",""id"":""id_investment_amount"",""type"":""text""},""ts"":""2026-01-17T21:34:15.671Z""},{""type"":""input"",""detail"":{""tag"":""INPUT"",""name"":""investment_amount"",""id"":""id_investment_amount"",""type"":""text""},""ts"":""2026-01-17T21:34:16.570Z""},{""type"":""input"",""detail"":{""tag"":""INPUT"",""name"":""investment_amount"",""id"":""id_investment_amount"",""type"":""text""},""ts"":""2026-01-17T21:34:17.152Z""},{""type"":""input"",""detail"":{""tag"":""INPUT"",""name"":""investment_amount"",""id"":""id_investment_amount"",""type"":""text""},""ts"":""2026-01-17T21:34:17.919Z""},{""type"":""click"",""detail"":{""tag"":""INPUT"",""name"":""imbalance_informative"",""id"":""id_imbalance_informative-0"",""type"":""radio""},""ts"":""2026-01-17T21:34:19.012Z""},{""type"":""input"",""detail"":{""tag"":""INPUT"",""name"":""imbalance_informative"",""id"":""id_imbalance_informative-0"",""type"":""radio""},""ts"":""2026-01-17T21:34:19.012Z""},{""type"":""click"",""detail"":{""tag"":""INPUT"",""name"":""return_forecast"",""id"":""id_return_forecast"",""type"":""text""},""ts"":""2026-01-17T21:34:21.387Z""},{""type"":""input"",""detail"":{""tag"":""INPUT"",""name"":""return_forecast"",""id"":""id_return_forecast"",""type"":""text""},""ts"":""2026-01-17T21:34:22.941Z""},{""type"":""click"",""detail"":{""tag"":""BUTTON"",""name"":null,""id"":null,""type"":""submit""},""ts"":""2026-01-17T21:34:23.961Z""},{""type"":""form-submit"",""detail"":{},""ts"":""2026-01-17T21:34:23.965Z""}]",1.0,16.2241467682678,0.0,98.24,0.0,98.24,,0,151ug4w3,,,,,0,1,1,1.0,1,-1.0471202371825696,0,,,,1.5719933986365178,7.0,1.3859447685699473,1,0.21052631578947367,1.3191533368140251,-0.5489440736296093,6.74366919495589,12.2756606991691,-15.0472222177225,17.397905680854,16.2241467682678,0.06361750806588719,-0.7016824084699285,1.3191533368140251,1.3191533368140251,1.3191533368140251,-0.5489440736296093,-0.5489440736296093,2.4711632453567898,2.2241467682678007
18,22,gi3vvfez,676e6f5eb2e5690f74382e58,0,52,52,post_exp,FinalForProlific,2026-01-17 21:30:49.464898,1,,,114.35,22,,101.62,-1.591242056398486,,treatment,,0.0,13,0,0.0,,paid_data,10.0,10.0,"[{""type"":""page-load"",""detail"":{""path"":""/p/gi3vvfez/main/Trade/12""},""ts"":""2026-01-17T21:41:26.587Z""},{""type"":""click"",""detail"":{""tag"":""INPUT"",""name"":""investment_amount"",""id"":""id_investment_amount"",""type"":""text""},""ts"":""2026-01-17T21:41:38.777Z""},{""type"":""input"",""detail"":{""tag"":""INPUT"",""name"":""investment_amount"",""id"":""id_investment_amount"",""type"":""text""},""ts"":""2026-01-17T21:41:41.239Z""},{""type"":""click"",""detail"":{""tag"":""INPUT"",""name"":""return_forecast"",""id"":""id_return_forecast"",""type"":""text""},""ts"":""2026-01-17T21:41:43.568Z""},{""type"":""input"",""detail"":{""tag"":""INPUT"",""name"":""return_forecast"",""id"":""id_return_forecast"",""type"":""text""},""ts"":""2026-01-17T21:41:50.311Z""},{""type"":""click"",""detail"":{""tag"":""BUTTON"",""name"":null,""id"":null,""type"":""submit""},""ts"":""2026-01-17T21:41:53.056Z""},{""type"":""form-submit"",""detail"":{},""ts"":""2026-01-17T21:41:53.058Z""}]",,16.2241467682678,0.0,101.62,0.0,101.62,,0,151ug4w3,,,,,0,1,1,0.0,1,0.392670088943464,0,0.0,0.36890259348753185,0.0,0.4912479370739118,3.0,-1.366695535673143,0,0.1,1.3191533368140251,-0.5489440736296093,6.74366919495589,12.2756606991691,-15.0472222177225,17.397905680854,16.2241467682678,0.06361750806588719,-0.7016824084699285,0.0,1.3191533368140251,1.3191533368140251,-0.0,-0.5489440736296093,0.241324535679374,6.224146768267801
19,24,1li97jle,563f734bcbd4c60005dc9442,0,49,52,post_exp,Demographics,2026-01-17 21:34:31.158499,1,,,1302.85,24,,96.0,-1.591242056398486,,treatment,,0.0,10,1,1.0,,paid_data,0.0,3.0,"[{""type"":""page-load"",""detail"":{""path"":""/p/1li97jle/main/Trade/12""},""ts"":""2026-01-17T21:38:04.425Z""},{""type"":""click"",""detail"":{""tag"":""INPUT"",""name"":""imbalance_informative"",""id"":""id_imbalance_informative-1"",""type"":""radio""},""ts"":""2026-01-17T21:38:20.586Z""},{""type"":""input"",""detail"":{""tag"":""INPUT"",""name"":""imbalance_informative"",""id"":""id_imbalance_informative-1"",""type"":""radio""},""ts"":""2026-01-17T21:38:20.586Z""},{""type"":""click"",""detail"":{""tag"":""INPUT"",""name"":""return_forecast"",""id"":""id_return_forecast"",""type"":""text""},""ts"":""2026-01-17T21:38:21.231Z""},{""type"":""input"",""detail"":{""tag"":""INPUT"",""name"":""return_forecast"",""id"":""id_return_forecast"",""type"":""text""},""ts"":""2026-01-17T21:38:22.613Z""},{""type"":""window-blur"",""detail"":{},""ts"":""2026-01-17T21:38:23.118Z""},{""type"":""window-focus"",""detail"":{},""ts"":""2026-01-17T21:38:25.162Z""},{""type"":""click"",""detail"":{""tag"":""BUTTON"",""name"":null,""id"":null,""type"":""submit""},""ts"":""2026-01-17T21:38:25.165Z""},{""type"":""input"",""detail"":{""tag"":""INPUT"",""name"":""investment_amount"",""id"":""id_investment_amount"",""type"":""text""},""ts"":""2026-01-17T21:38:27.135Z""},{""type"":""click"",""detail"":{""tag"":""BUTTON"",""name"":null,""id"":null,""type"":""submit""},""ts"":""2026-01-17T21:38:30.141Z""},{""type"":""form-submit"",""detail"":{},""ts"":""2026-01-17T21:38:30.145Z""}]",0.0,16.2241467682678,0.0,95.0,1.0,96.0,,0,151ug4w3,,,,,0,1,1,1.0,1,0.392670088943464,0,,,,-1.129870255269997,7.0,0.3272369592456818,1,0.0,1.3191533368140251,-0.5489440736296093,6.74366919495589,12.2756606991691,-15.0472222177225,17.397905680854,16.2241467682678,0.06361750806588719,-0.7016824084699285,1.3191533368140251,1.3191533368140251,1.3191533368140251,-0.5489440736296093,-0.5489440736296093,1.2766067937438883,13.2241467682678
20,26,8vxh54dk,672eda41e28ba46f845249df,0,52,52,post_exp,FinalForProlific,2026-01-17 21:37:19.026422,1,,,108.92,26,,109.73,-1.591242056398486,,treatment,,0.0,6,0,0.0,,paid_data,60.0,10.0,"[{""type"":""page-load"",""detail"":{""path"":""/p/8vxh54dk/main/Trade/12""},""ts"":""2026-01-17T21:41:46.566Z""},{""type"":""right-click"",""detail"":{""x"":822,""y"":584,""target"":""P""},""ts"":""2026-01-17T21:41:53.692Z""},{""type"":""contextmenu"",""detail"":{""x"":822,""y"":584,""target"":""P""},""ts"":""2026-01-17T21:41:53.786Z""},{""type"":""copy"",""detail"":{""types"":[],""hasImage"":true,""hasFiles"":false},""ts"":""2026-01-17T21:41:54.556Z""},{""type"":""window-blur"",""detail"":{},""ts"":""2026-01-17T21:41:55.137Z""},{""type"":""visibilitychange"",""detail"":{""state"":""hidden""},""ts"":""2026-01-17T21:41:55.144Z""},{""type"":""visibilitychange"",""detail"":{""state"":""visible""},""ts"":""2026-01-17T21:41:58.644Z""},{""type"":""window-focus"",""detail"":{},""ts"":""2026-01-17T21:41:58.654Z""},{""type"":""right-click"",""detail"":{""x"":252,""y"":215,""target"":""BODY""},""ts"":""2026-01-17T21:41:59.052Z""},{""type"":""contextmenu"",""detail"":{""x"":252,""y"":215,""target"":""BODY""},""ts"":""2026-01-17T21:41:59.098Z""},{""type"":""right-click"",""detail"":{""x"":829,""y"":218,""target"":""IMG""},""ts"":""2026-01-17T21:42:00.548Z""},{""type"":""contextmenu"",""detail"":{""x"":829,""y"":218,""target"":""IMG""},""ts"":""2026-01-17T21:42:00.634Z""},{""type"":""window-blur"",""detail"":{},""ts"":""2026-01-17T21:42:02.240Z""},{""type"":""visibilitychange"",""detail"":{""state"":""hidden""},""ts"":""2026-01-17T21:42:02.243Z""},{""type"":""visibilitychange"",""detail"":{""state"":""visible""},""ts"":""2026-01-17T21:43:54.320Z""},{""type"":""window-focus"",""detail"":{},""ts"":""2026-01-17T21:43:54.330Z""},{""type"":""click"",""detail"":{""tag"":""INPUT"",""name"":""investment_amount"",""id"":""id_investment_amount"",""type"":""text""},""ts"":""2026-01-17T21:43:55.625Z""},{""type"":""input"",""detail"":{""tag"":""INPUT"",""name"":""investment_amount"",""id"":""id_investment_amount"",""type"":""text""},""ts"":""2026-01-17T21:43:56.488Z""},{""type"":""click"",""detail"":{""tag"":""INPUT"",""name"":""return_forecast"",""id"":""id_return_forecast"",""type"":""text""},""ts"":""2026-01-17T21:43:57.717Z""},{""type"":""input"",""detail"":{""tag"":""INPUT"",""name"":""return_forecast"",""id"":""id_return_forecast"",""type"":""text""},""ts"":""2026-01-17T21:43:58.343Z""},{""type"":""click"",""detail"":{""tag"":""BUTTON"",""name"":null,""id"":null,""type"":""submit""},""ts"":""2026-01-17T21:43:59.793Z""},{""type"":""form-submit"",""detail"":{},""ts"":""2026-01-17T21:43:59.794Z""}]",,16.2241467682678,0.0,109.73,0.0,109.73,,0,151ug4w3,,,,,0,1,1,0.0,1,0.392670088943464,1,1.0,2.485556818415995,1.0,-1.129870255269997,8.0,0.7507200829753884,0,0.6,1.3191533368140251,-0.5489440736296093,6.74366919495589,12.2756606991691,-15.0472222177225,17.397905680854,16.2241467682678,0.06361750806588719,-0.7016824084699285,0.0,1.3191533368140251,1.3191533368140251,-0.0,-0.5489440736296093,1.2766067937438883,6.224146768267801
21,27,iwq8bj53,6272b9dfc470a51d5fa0e6ea,0,52,52,post_exp,FinalForProlific,2026-01-17 21:42:24.321475,1,,,114.56,27,,100.0,-1.591242056398486,,treatment,,0.0,12,0,0.0,,paid_data,0.0,-5.0,"[{""type"":""page-load"",""detail"":{""path"":""/p/iwq8bj53/main/Trade/12""},""ts"":""2026-01-17T21:51:25.444Z""},{""type"":""click"",""detail"":{""tag"":""INPUT"",""name"":""investment_amount"",""id"":""id_investment_amount"",""type"":""text""},""ts"":""2026-01-17T21:51:51.220Z""},{""type"":""input"",""detail"":{""tag"":""INPUT"",""name"":""investment_amount"",""id"":""id_investment_amount"",""type"":""text""},""ts"":""2026-01-17T21:51:52.163Z""},{""type"":""click"",""detail"":{""tag"":""INPUT"",""name"":""return_forecast"",""id"":""id_return_forecast"",""type"":""text""},""ts"":""2026-01-17T21:51:52.854Z""},{""type"":""input"",""detail"":{""tag"":""INPUT"",""name"":""return_forecast"",""id"":""id_return_forecast"",""type"":""text""},""ts"":""2026-01-17T21:51:54.481Z""},{""type"":""input"",""detail"":{""tag"":""INPUT"",""name"":""return_forecast"",""id"":""id_return_forecast"",""type"":""text""},""ts"":""2026-01-17T21:51:55.100Z""},{""type"":""click"",""detail"":{""tag"":""BUTTON"",""name"":null,""id"":null,""type"":""submit""},""ts"":""2026-01-17T21:51:56.285Z""},{""type"":""form-submit"",""detail"":{},""ts"":""2026-01-17T21:51:56.286Z""}]",,16.2241467682678,0.0,100.0,0.0,100.0,,0,151ug4w3,,,,,0,1,1,0.0,1,0.392670088943464,0,1.0,0.4535687624846704,1.0,0.4912479370739118,7.0,0.3272369592456818,0,0.0,1.3191533368140251,-0.5489440736296093,6.74366919495589,12.2756606991691,-15.0472222177225,17.397905680854,16.2241467682678,0.06361750806588719,-0.7016824084699285,0.0,1.3191533368140251,1.3191533368140251,-0.0,-0.5489440736296093,0.241324535679374,21.2241467682678
22,28,5uy60pw0,5d6349209b22da000117b1bd,0,52,52,post_exp,FinalForProlific,2026-01-17 21:44:53.042884,1,,,109.31,28,,98.24,-1.591242056398486,,treatment,,0.0,4,1,1.0,,paid_data,20.0,7.0,"[{""type"":""page-load"",""detail"":{""path"":""/p/5uy60pw0/main/Trade/12""},""ts"":""2026-01-17T21:52:11.169Z""},{""type"":""click"",""detail"":{""tag"":""INPUT"",""name"":""investment_amount"",""id"":""id_investment_amount"",""type"":""text""},""ts"":""2026-01-17T21:52:29.477Z""},{""type"":""input"",""detail"":{""tag"":""INPUT"",""name"":""investment_amount"",""id"":""id_investment_amount"",""type"":""text""},""ts"":""2026-01-17T21:52:31.357Z""},{""type"":""input"",""detail"":{""tag"":""INPUT"",""name"":""investment_amount"",""id"":""id_investment_amount"",""type"":""text""},""ts"":""2026-01-17T21:52:31.907Z""},{""type"":""click"",""detail"":{""tag"":""INPUT"",""name"":""imbalance_informative"",""id"":""id_imbalance_informative-0"",""type"":""radio""},""ts"":""2026-01-17T21:52:36.010Z""},{""type"":""input"",""detail"":{""tag"":""INPUT"",""name"":""imbalance_informative"",""id"":""id_imbalance_informative-0"",""type"":""radio""},""ts"":""2026-01-17T21:52:36.010Z""},{""type"":""click"",""detail"":{""tag"":""INPUT"",""name"":""return_forecast"",""id"":""id_return_forecast"",""type"":""text""},""ts"":""2026-01-17T21:52:41.555Z""},{""type"":""input"",""detail"":{""tag"":""INPUT"",""name"":""return_forecast"",""id"":""id_return_forecast"",""type"":""text""},""ts"":""2026-01-17T21:52:42.952Z""},{""type"":""input"",""detail"":{""tag"":""INPUT"",""name"":""investment_amount"",""id"":""id_investment_amount"",""type"":""text""},""ts"":""2026-01-17T21:52:46.562Z""},{""type"":""input"",""detail"":{""tag"":""INPUT"",""name"":""investment_amount"",""id"":""id_investment_amount"",""type"":""text""},""ts"":""2026-01-17T21:52:47.481Z""},{""type"":""click"",""detail"":{""tag"":""BUTTON"",""name"":null,""id"":null,""type"":""submit""},""ts"":""2026-01-17T21:52:49.149Z""},{""type"":""form-submit"",""detail"":{},""ts"":""2026-01-17T21:52:49.150Z""}]",1.0,16.2241467682678,0.0,98.24,0.0,98.24,,0,151ug4w3,,,,,0,1,1,1.0,1,0.392670088943464,0,0.0,0.36890259348753185,0.0,-0.04912479370739113,7.0,0.3272369592456818,1,0.21052631578947367,1.3191533368140251,-0.5489440736296093,6.74366919495589,12.2756606991691,-15.0472222177225,17.397905680854,16.2241467682678,0.06361750806588719,-0.7016824084699285,1.3191533368140251,1.3191533368140251,1.3191533368140251,-0.5489440736296093,-0.5489440736296093,0.0024132453567937352,9.2241467682678
23,29,r8rvnx27,60e769ec9858960e8ad00886,0,52,52,post_exp,FinalForProlific,2026-01-17 21:45:48.803289,1,,,114.24,29,,117.22,-1.591242056398486,,control,,0.0,4,1,-1.0,,free_data,100.0,5.0,"[{""type"":""page-load"",""detail"":{""path"":""/p/r8rvnx27/main/Trade/12""},""ts"":""2026-01-17T21:54:24.959Z""},{""type"":""click"",""detail"":{""tag"":""INPUT"",""name"":""imbalance_informative"",""id"":""id_imbalance_informative-1"",""type"":""radio""},""ts"":""2026-01-17T21:54:34.817Z""},{""type"":""input"",""detail"":{""tag"":""INPUT"",""name"":""imbalance_informative"",""id"":""id_imbalance_informative-1"",""type"":""radio""},""ts"":""2026-01-17T21:54:34.817Z""},{""type"":""click"",""detail"":{""tag"":""INPUT"",""name"":""investment_amount"",""id"":""id_investment_amount"",""type"":""text""},""ts"":""2026-01-17T21:54:35.870Z""},{""type"":""input"",""detail"":{""tag"":""INPUT"",""name"":""investment_amount"",""id"":""id_investment_amount"",""type"":""text""},""ts"":""2026-01-17T21:54:38.496Z""},{""type"":""input"",""detail"":{""tag"":""INPUT"",""name"":""investment_amount"",""id"":""id_investment_amount"",""type"":""text""},""ts"":""2026-01-17T21:54:39.539Z""},{""type"":""click"",""detail"":{""tag"":""INPUT"",""name"":""return_forecast"",""id"":""id_return_forecast"",""type"":""text""},""ts"":""2026-01-17T21:54:40.579Z""},{""type"":""input"",""detail"":{""tag"":""INPUT"",""name"":""return_forecast"",""id"":""id_return_forecast"",""type"":""text""},""ts"":""2026-01-17T21:54:41.650Z""},{""type"":""click"",""detail"":{""tag"":""BUTTON"",""name"":null,""id"":null,""type"":""submit""},""ts"":""2026-01-17T21:54:43.193Z""},{""type"":""form-submit"",""detail"":{},""ts"":""2026-01-17T21:54:43.195Z""}]",0.0,16.2241467682678,0.0,116.22,1.0,117.22,,0,151ug4w3,,,,,0,0,0,-0.0,0,-0.08726001976521408,0,0.0,0.7922334384732245,0.0,0.4912479370739118,0.0,-2.2842423037541724,0,1.0,1.3191533368140251,-0.5489440736296093,6.74366919495589,12.2756606991691,-15.0472222177225,17.397905680854,16.2241467682678,0.06361750806588719,-0.7016824084699285,-0.0,0.0,0.0,0.0,-0.0,0.241324535679374,11.2241467682678
24,30,9ioh8yjj,5a501c26eedc32000141f4f2,0,52,52,post_exp,FinalForProlific,2026-01-17 21:52:21.858087,1,,,110.45,30,,100.0,-1.591242056398486,,treatment,,0.0,11,0,0.0,,paid_data,0.0,-10.0,"[{""type"":""page-load"",""detail"":{""path"":""/p/9ioh8yjj/main/Trade/12""},""ts"":""2026-01-17T22:40:29.036Z""},{""type"":""click"",""detail"":{""tag"":""INPUT"",""name"":""investment_amount"",""id"":""id_investment_amount"",""type"":""text""},""ts"":""2026-01-17T22:40:35.185Z""},{""type"":""input"",""detail"":{""tag"":""INPUT"",""name"":""investment_amount"",""id"":""id_investment_amount"",""type"":""text""},""ts"":""2026-01-17T22:40:40.790Z""},{""type"":""input"",""detail"":{""tag"":""INPUT"",""name"":""investment_amount"",""id"":""id_investment_amount"",""type"":""text""},""ts"":""2026-01-17T22:40:41.819Z""},{""type"":""input"",""detail"":{""tag"":""INPUT"",""name"":""return_forecast"",""id"":""id_return_forecast"",""type"":""text""},""ts"":""2026-01-17T22:40:43.035Z""},{""type"":""input"",""detail"":{""tag"":""INPUT"",""name"":""return_forecast"",""id"":""id_return_forecast"",""type"":""text""},""ts"":""2026-01-17T22:40:43.696Z""},{""type"":""input"",""detail"":{""tag"":""INPUT"",""name"":""return_forecast"",""id"":""id_return_forecast"",""type"":""text""},""ts"":""2026-01-17T22:40:44.300Z""},{""type"":""click"",""detail"":{""tag"":""BUTTON"",""name"":null,""id"":null,""type"":""submit""},""ts"":""2026-01-17T22:40:47.153Z""},{""type"":""form-submit"",""detail"":{},""ts"":""2026-01-17T22:40:47.154Z""}]",,16.2241467682678,0.0,100.0,0.0,100.0,,0,151ug4w3,,,,,0,1,1,0.0,1,-2.4869105633086037,0,0.0,-1.409086955452377,1.0,2.1123661294178206,4.0,1.1742032067050947,0,0.0,1.3191533368140251,-0.5489440736296093,6.74366919495589,12.2756606991691,-15.0472222177225,17.397905680854,16.2241467682678,0.06361750806588719,-0.7016824084699285,0.0,1.3191533368140251,1.3191533368140251,-0.0,-0.5489440736296093,4.462090664711625,26.2241467682678
25,31,joi0mcuh,69669328636e175b3d4155dc,0,52,52,post_exp,FinalForProlific,2026-01-17 21:52:45.868789,1,,,111.6,31,,103.11,-1.591242056398486,,treatment,,0.0,8,1,1.0,,paid_data,50.0,20.0,"[{""type"":""page-load"",""detail"":{""path"":""/p/joi0mcuh/main/Trade/12""},""ts"":""2026-01-17T22:03:56.070Z""},{""type"":""click"",""detail"":{""tag"":""INPUT"",""name"":""investment_amount"",""id"":""id_investment_amount"",""type"":""text""},""ts"":""2026-01-17T22:04:24.202Z""},{""type"":""input"",""detail"":{""tag"":""INPUT"",""name"":""investment_amount"",""id"":""id_investment_amount"",""type"":""text""},""ts"":""2026-01-17T22:04:24.989Z""},{""type"":""click"",""detail"":{""tag"":""INPUT"",""name"":""imbalance_informative"",""id"":""id_imbalance_informative-0"",""type"":""radio""},""ts"":""2026-01-17T22:04:28.135Z""},{""type"":""input"",""detail"":{""tag"":""INPUT"",""name"":""imbalance_informative"",""id"":""id_imbalance_informative-0"",""type"":""radio""},""ts"":""2026-01-17T22:04:28.135Z""},{""type"":""click"",""detail"":{""tag"":""INPUT"",""name"":""return_forecast"",""id"":""id_return_forecast"",""type"":""text""},""ts"":""2026-01-17T22:04:30.819Z""},{""type"":""input"",""detail"":{""tag"":""INPUT"",""name"":""return_forecast"",""id"":""id_return_forecast"",""type"":""text""},""ts"":""2026-01-17T22:04:31.357Z""},{""type"":""click"",""detail"":{""tag"":""BUTTON"",""name"":null,""id"":null,""type"":""submit""},""ts"":""2026-01-17T22:04:33.702Z""},{""type"":""form-submit"",""detail"":{},""ts"":""2026-01-17T22:04:33.703Z""}]",1.0,16.2241467682678,0.0,103.11,0.0,103.11,,0,151ug4w3,,,,,0,1,1,1.0,1,1.3525303063608196,0,0.0,-0.22376058949243777,1.0,2.1123661294178206,8.0,0.044914876759211554,1,0.5263157894736842,1.3191533368140251,-0.5489440736296093,6.74366919495589,12.2756606991691,-15.0472222177225,17.397905680854,16.2241467682678,0.06361750806588719,-0.7016824084699285,1.3191533368140251,1.3191533368140251,1.3191533368140251,-0.5489440736296093,-0.5489440736296093,4.462090664711625,3.7758532317321993
26,33,4tbjlhuv,598c4b28cceb0f0001b39675,0,52,52,post_exp,FinalForProlific,2026-01-17 21:57:26.669322,1,,,111.62,33,,101.62,-1.591242056398486,,control,,0.0,6,1,-1.0,,free_data,10.0,5.0,"[{""type"":""page-load"",""detail"":{""path"":""/p/4tbjlhuv/main/Trade/12""},""ts"":""2026-01-17T22:06:10.040Z""},{""type"":""click"",""detail"":{""tag"":""INPUT"",""name"":""investment_amount"",""id"":""id_investment_amount"",""type"":""text""},""ts"":""2026-01-17T22:06:23.522Z""},{""type"":""input"",""detail"":{""tag"":""INPUT"",""name"":""investment_amount"",""id"":""id_investment_amount"",""type"":""text""},""ts"":""2026-01-17T22:06:24.257Z""},{""type"":""click"",""detail"":{""tag"":""INPUT"",""name"":""imbalance_informative"",""id"":""id_imbalance_informative-0"",""type"":""radio""},""ts"":""2026-01-17T22:06:32.384Z""},{""type"":""input"",""detail"":{""tag"":""INPUT"",""name"":""imbalance_informative"",""id"":""id_imbalance_informative-0"",""type"":""radio""},""ts"":""2026-01-17T22:06:32.384Z""},{""type"":""click"",""detail"":{""tag"":""INPUT"",""name"":""investment_amount"",""id"":""id_investment_amount"",""type"":""text""},""ts"":""2026-01-17T22:06:33.855Z""},{""type"":""input"",""detail"":{""tag"":""INPUT"",""name"":""investment_amount"",""id"":""id_investment_amount"",""type"":""text""},""ts"":""2026-01-17T22:06:39.500Z""},{""type"":""click"",""detail"":{""tag"":""INPUT"",""name"":""return_forecast"",""id"":""id_return_forecast"",""type"":""text""},""ts"":""2026-01-17T22:06:41.154Z""},{""type"":""input"",""detail"":{""tag"":""INPUT"",""name"":""return_forecast"",""id"":""id_return_forecast"",""type"":""text""},""ts"":""2026-01-17T22:06:41.858Z""},{""type"":""click"",""detail"":{""tag"":""BUTTON"",""name"":null,""id"":null,""type"":""submit""},""ts"":""2026-01-17T22:06:42.772Z""},{""type"":""form-submit"",""detail"":{},""ts"":""2026-01-17T22:06:42.772Z""}]",1.0,16.2241467682678,0.0,101.62,0.0,101.62,,0,151ug4w3,,,,,0,0,0,-0.0,0,0.8726001976521415,0,0.0,0.4535687624846704,1.0,-1.129870255269997,7.0,-0.025665643862406367,0,0.1,1.3191533368140251,-0.5489440736296093,6.74366919495589,12.2756606991691,-15.0472222177225,17.397905680854,16.2241467682678,0.06361750806588719,-0.7016824084699285,-0.0,0.0,0.0,0.0,-0.0,1.2766067937438883,11.2241467682678
27,34,4pzjsb2b,67580f69a9a3cb759240904b,0,52,52,post_exp,FinalForProlific,2026-01-17 21:58:30.170718,1,,,106.49,34,,95.0,-1.591242056398486,,treatment,,0.0,10,1,1.0,,paid_data,0.0,-5.0,"[{""type"":""page-load"",""detail"":{""path"":""/p/4pzjsb2b/main/Trade/12""},""ts"":""2026-01-17T22:04:04.988Z""},{""type"":""click"",""detail"":{""tag"":""INPUT"",""name"":""investment_amount"",""id"":""id_investment_amount"",""type"":""text""},""ts"":""2026-01-17T22:04:26.600Z""},{""type"":""input"",""detail"":{""tag"":""INPUT"",""name"":""investment_amount"",""id"":""id_investment_amount"",""type"":""text""},""ts"":""2026-01-17T22:04:27.638Z""},{""type"":""click"",""detail"":{""tag"":""INPUT"",""name"":""imbalance_informative"",""id"":""id_imbalance_informative-0"",""type"":""radio""},""ts"":""2026-01-17T22:04:28.630Z""},{""type"":""input"",""detail"":{""tag"":""INPUT"",""name"":""imbalance_informative"",""id"":""id_imbalance_informative-0"",""type"":""radio""},""ts"":""2026-01-17T22:04:28.630Z""},{""type"":""click"",""detail"":{""tag"":""INPUT"",""name"":""return_forecast"",""id"":""id_return_forecast"",""type"":""text""},""ts"":""2026-01-17T22:04:32.933Z""},{""type"":""input"",""detail"":{""tag"":""INPUT"",""name"":""return_forecast"",""id"":""id_return_forecast"",""type"":""text""},""ts"":""2026-01-17T22:04:33.606Z""},{""type"":""input"",""detail"":{""tag"":""INPUT"",""name"":""return_forecast"",""id"":""id_return_forecast"",""type"":""text""},""ts"":""2026-01-17T22:04:34.193Z""},{""type"":""click"",""detail"":{""tag"":""BUTTON"",""name"":null,""id"":null,""type"":""submit""},""ts"":""2026-01-17T22:04:35.674Z""},{""type"":""form-submit"",""detail"":{},""ts"":""2026-01-17T22:04:35.675Z""}]",1.0,16.2241467682678,0.0,95.0,0.0,95.0,,0,151ug4w3,,,,,0,1,1,1.0,1,1.3525303063608196,0,0.0,1.3002304524560555,1.0,-1.129870255269997,7.0,-0.378568246970495,1,0.0,1.3191533368140251,-0.5489440736296093,6.74366919495589,12.2756606991691,-15.0472222177225,17.397905680854,16.2241467682678,0.06361750806588719,-0.7016824084699285,1.3191533368140251,1.3191533368140251,1.3191533368140251,-0.5489440736296093,-0.5489440736296093,1.2766067937438883,21.2241467682678
28,35,fcwg96au,5848ad3bdb871400012da095,0,52,52,post_exp,FinalForProlific,2026-01-17 22:00:16.297158,1,,,108.19,35,,96.3,-1.591242056398486,,treatment,,0.0,10,1,1.0,,paid_data,8.0,10.0,"[{""type"":""page-load"",""detail"":{""path"":""/p/fcwg96au/main/Trade/12""},""ts"":""2026-01-17T22:07:09.680Z""},{""type"":""click"",""detail"":{""tag"":""INPUT"",""name"":""investment_amount"",""id"":""id_investment_amount"",""type"":""text""},""ts"":""2026-01-17T22:07:14.320Z""},{""type"":""input"",""detail"":{""tag"":""INPUT"",""name"":""investment_amount"",""id"":""id_investment_amount"",""type"":""text""},""ts"":""2026-01-17T22:07:16.277Z""},{""type"":""click"",""detail"":{""tag"":""INPUT"",""name"":""imbalance_informative"",""id"":""id_imbalance_informative-0"",""type"":""radio""},""ts"":""2026-01-17T22:07:19.658Z""},{""type"":""input"",""detail"":{""tag"":""INPUT"",""name"":""imbalance_informative"",""id"":""id_imbalance_informative-0"",""type"":""radio""},""ts"":""2026-01-17T22:07:19.658Z""},{""type"":""click"",""detail"":{""tag"":""INPUT"",""name"":""return_forecast"",""id"":""id_return_forecast"",""type"":""text""},""ts"":""2026-01-17T22:07:22.157Z""},{""type"":""input"",""detail"":{""tag"":""INPUT"",""name"":""return_forecast"",""id"":""id_return_forecast"",""type"":""text""},""ts"":""2026-01-17T22:07:24.328Z""},{""type"":""click"",""detail"":{""tag"":""BUTTON"",""name"":null,""id"":null,""type"":""submit""},""ts"":""2026-01-17T22:07:26.575Z""},{""type"":""form-submit"",""detail"":{},""ts"":""2026-01-17T22:07:26.576Z""}]",1.0,16.2241467682678,0.0,96.3,0.0,96.3,,0,151ug4w3,,,,,0,1,1,1.0,1,-0.08726001976521408,1,0.0,-0.3084267584895763,1.0,1.0316206678552147,1.0,-1.8607591800244665,1,0.08421052631578947,1.3191533368140251,-0.5489440736296093,6.74366919495589,12.2756606991691,-15.0472222177225,17.397905680854,16.2241467682678,0.06361750806588719,-0.7016824084699285,1.3191533368140251,1.3191533368140251,1.3191533368140251,-0.5489440736296093,-0.5489440736296093,1.0642412023460393,6.224146768267801
29,37,4d34f1nl,692f221e98e3cdcf10465812,0,52,52,post_exp,FinalForProlific,2026-01-17 22:07:34.984862,1,,,112.1,37,,101.0,-1.591242056398486,,control,,0.0,6,1,-1.0,,free_data,0.0,0.0,"[{""type"":""page-load"",""detail"":{""path"":""/p/4d34f1nl/main/Trade/12""},""ts"":""2026-01-17T22:23:49.348Z""},{""type"":""window-blur"",""detail"":{},""ts"":""2026-01-17T22:23:53.369Z""},{""type"":""visibilitychange"",""detail"":{""state"":""hidden""},""ts"":""2026-01-17T22:23:53.369Z""},{""type"":""visibilitychange"",""detail"":{""state"":""visible""},""ts"":""2026-01-17T22:24:10.805Z""},{""type"":""window-focus"",""detail"":{},""ts"":""2026-01-17T22:24:10.812Z""},{""type"":""click"",""detail"":{""tag"":""INPUT"",""name"":""investment_amount"",""id"":""id_investment_amount"",""type"":""text""},""ts"":""2026-01-17T22:24:11.565Z""},{""type"":""input"",""detail"":{""tag"":""INPUT"",""name"":""investment_amount"",""id"":""id_investment_amount"",""type"":""text""},""ts"":""2026-01-17T22:24:11.832Z""},{""type"":""window-blur"",""detail"":{},""ts"":""2026-01-17T22:24:12.800Z""},{""type"":""visibilitychange"",""detail"":{""state"":""hidden""},""ts"":""2026-01-17T22:24:12.800Z""},{""type"":""visibilitychange"",""detail"":{""state"":""visible""},""ts"":""2026-01-17T22:24:14.001Z""},{""type"":""window-focus"",""detail"":{},""ts"":""2026-01-17T22:24:14.006Z""},{""type"":""click"",""detail"":{""tag"":""LABEL"",""name"":null,""id"":null,""type"":null},""ts"":""2026-01-17T22:24:15.557Z""},{""type"":""click"",""detail"":{""tag"":""INPUT"",""name"":""imbalance_informative"",""id"":""id_imbalance_informative-1"",""type"":""radio""},""ts"":""2026-01-17T22:24:15.558Z""},{""type"":""input"",""detail"":{""tag"":""INPUT"",""name"":""imbalance_informative"",""id"":""id_imbalance_informative-1"",""type"":""radio""},""ts"":""2026-01-17T22:24:15.558Z""},{""type"":""click"",""detail"":{""tag"":""INPUT"",""name"":""return_forecast"",""id"":""id_return_forecast"",""type"":""text""},""ts"":""2026-01-17T22:24:16.323Z""},{""type"":""input"",""detail"":{""tag"":""INPUT"",""name"":""return_forecast"",""id"":""id_return_forecast"",""type"":""text""},""ts"":""2026-01-17T22:24:16.887Z""},{""type"":""click"",""detail"":{""tag"":""BUTTON"",""name"":null,""id"":null,""type"":""submit""},""ts"":""2026-01-17T22:24:18.164Z""},{""type"":""form-submit"",""detail"":{},""ts"":""2026-01-17T22:24:18.165Z""}]",0.0,16.2241467682678,0.0,100.0,1.0,101.0,,0,151ug4w3,,,,,0,0,0,-0.0,0,-0.08726001976521408,0,0.0,-1.7477516314409312,0.0,-0.5894975244886941,7.0,0.6801395623537705,0,0.0,1.3191533368140251,-0.5489440736296093,6.74366919495589,12.2756606991691,-15.0472222177225,17.397905680854,16.2241467682678,0.06361750806588719,-0.7016824084699285,-0.0,0.0,0.0,0.0,-0.0,0.3475073313782985,16.2241467682678
30,38,d8aqe2fa,650b03136ab3d4c832d98b71,0,52,52,post_exp,FinalForProlific,2026-01-17 22:08:13.439724,1,,,118.99,38,,108.98,-1.591242056398486,,treatment,,0.0,5,1,1.0,,paid_data,80.0,16.0,"[{""type"":""page-load"",""detail"":{""path"":""/p/d8aqe2fa/main/Trade/12""},""ts"":""2026-01-17T22:14:26.749Z""},{""type"":""copy"",""detail"":{""types"":[],""hasImage"":true,""hasFiles"":false},""ts"":""2026-01-17T22:14:30.229Z""},{""type"":""copy"",""detail"":{""types"":[],""hasImage"":true,""hasFiles"":false},""ts"":""2026-01-17T22:14:34.481Z""},{""type"":""window-blur"",""detail"":{},""ts"":""2026-01-17T22:14:35.223Z""},{""type"":""window-focus"",""detail"":{},""ts"":""2026-01-17T22:14:35.844Z""},{""type"":""right-click"",""detail"":{""x"":1182,""y"":489,""target"":""IMG""},""ts"":""2026-01-17T22:14:36.198Z""},{""type"":""contextmenu"",""detail"":{""x"":1182,""y"":489,""target"":""IMG""},""ts"":""2026-01-17T22:14:36.249Z""},{""type"":""window-blur"",""detail"":{},""ts"":""2026-01-17T22:14:37.433Z""},{""type"":""window-focus"",""detail"":{},""ts"":""2026-01-17T22:14:40.575Z""},{""type"":""window-blur"",""detail"":{},""ts"":""2026-01-17T22:14:41.540Z""},{""type"":""visibilitychange"",""detail"":{""state"":""hidden""},""ts"":""2026-01-17T22:14:41.545Z""},{""type"":""visibilitychange"",""detail"":{""state"":""visible""},""ts"":""2026-01-17T22:14:42.612Z""},{""type"":""window-focus"",""detail"":{},""ts"":""2026-01-17T22:14:42.685Z""},{""type"":""click"",""detail"":{""tag"":""INPUT"",""name"":""investment_amount"",""id"":""id_investment_amount"",""type"":""text""},""ts"":""2026-01-17T22:15:05.862Z""},{""type"":""input"",""detail"":{""tag"":""INPUT"",""name"":""investment_amount"",""id"":""id_investment_amount"",""type"":""text""},""ts"":""2026-01-17T22:15:06.588Z""},{""type"":""click"",""detail"":{""tag"":""LABEL"",""name"":null,""id"":null,""type"":null},""ts"":""2026-01-17T22:15:08.476Z""},{""type"":""click"",""detail"":{""tag"":""INPUT"",""name"":""imbalance_informative"",""id"":""id_imbalance_informative-0"",""type"":""radio""},""ts"":""2026-01-17T22:15:08.477Z""},{""type"":""input"",""detail"":{""tag"":""INPUT"",""name"":""imbalance_informative"",""id"":""id_imbalance_informative-0"",""type"":""radio""},""ts"":""2026-01-17T22:15:08.477Z""},{""type"":""click"",""detail"":{""tag"":""INPUT"",""name"":""return_forecast"",""id"":""id_return_forecast"",""type"":""text""},""ts"":""2026-01-17T22:15:08.913Z""},{""type"":""input"",""detail"":{""tag"":""INPUT"",""name"":""return_forecast"",""id"":""id_return_forecast"",""type"":""text""},""ts"":""2026-01-17T22:15:09.155Z""},{""type"":""click"",""detail"":{""tag"":""BUTTON"",""name"":null,""id"":null,""type"":""submit""},""ts"":""2026-01-17T22:15:10.289Z""},{""type"":""form-submit"",""detail"":{},""ts"":""2026-01-17T22:15:10.290Z""}]",1.0,16.2241467682678,0.0,107.98,1.0,108.98,,0,151ug4w3,,,,,0,1,1,1.0,1,1.3525303063608196,0,1.0,-0.5624252654809918,0.0,-0.5894975244886941,6.0,-0.8020513707002012,1,0.8421052631578947,1.3191533368140251,-0.5489440736296093,6.74366919495589,12.2756606991691,-15.0472222177225,17.397905680854,16.2241467682678,0.06361750806588719,-0.7016824084699285,1.3191533368140251,1.3191533368140251,1.3191533368140251,-0.5489440736296093,-0.5489440736296093,0.3475073313782985,0.22414676826780067
31,39,35jj3mv4,666445e5b72745f04a4f57d6,0,52,52,post_exp,FinalForProlific,2026-01-17 22:10:39.908203,1,,,115.9,39,,104.06,-1.591242056398486,,treatment,,0.0,5,0,0.0,,paid_data,25.0,5.0,"[{""type"":""page-load"",""detail"":{""path"":""/p/35jj3mv4/main/Trade/12""},""ts"":""2026-01-17T22:20:49.547Z""},{""type"":""click"",""detail"":{""tag"":""INPUT"",""name"":""investment_amount"",""id"":""id_investment_amount"",""type"":""text""},""ts"":""2026-01-17T22:21:12.162Z""},{""type"":""input"",""detail"":{""tag"":""INPUT"",""name"":""investment_amount"",""id"":""id_investment_amount"",""type"":""text""},""ts"":""2026-01-17T22:21:13.249Z""},{""type"":""click"",""detail"":{""tag"":""INPUT"",""name"":""return_forecast"",""id"":""id_return_forecast"",""type"":""text""},""ts"":""2026-01-17T22:21:19.591Z""},{""type"":""input"",""detail"":{""tag"":""INPUT"",""name"":""return_forecast"",""id"":""id_return_forecast"",""type"":""text""},""ts"":""2026-01-17T22:21:20.137Z""},{""type"":""click"",""detail"":{""tag"":""BUTTON"",""name"":null,""id"":null,""type"":""submit""},""ts"":""2026-01-17T22:21:22.203Z""},{""type"":""form-submit"",""detail"":{},""ts"":""2026-01-17T22:21:22.208Z""}]",,16.2241467682678,0.0,104.06,0.0,104.06,,0,151ug4w3,,,,,0,1,1,0.0,1,1.3525303063608196,0,0.0,1.215564283458917,1.0,-0.04912479370739113,6.0,-0.8020513707002012,0,0.25,1.3191533368140251,-0.5489440736296093,6.74366919495589,12.2756606991691,-15.0472222177225,17.397905680854,16.2241467682678,0.06361750806588719,-0.7016824084699285,0.0,1.3191533368140251,1.3191533368140251,-0.0,-0.5489440736296093,0.0024132453567937352,11.2241467682678
32,40,7czue3k2,5cad1eef8ed53d00180d2532,0,52,52,post_exp,FinalForProlific,2026-01-17 22:23:11.563870,1,,,110.19,40,,100.81,-1.591242056398486,,treatment,,0.0,13,0,0.0,,paid_data,5.0,5.0,"[{""type"":""page-load"",""detail"":{""path"":""/p/7czue3k2/main/Trade/12""},""ts"":""2026-01-17T22:32:30.739Z""},{""type"":""click"",""detail"":{""tag"":""INPUT"",""name"":""return_forecast"",""id"":""id_return_forecast"",""type"":""text""},""ts"":""2026-01-17T22:32:56.692Z""},{""type"":""input"",""detail"":{""tag"":""INPUT"",""name"":""return_forecast"",""id"":""id_return_forecast"",""type"":""text""},""ts"":""2026-01-17T22:32:57.349Z""},{""type"":""click"",""detail"":{""tag"":""INPUT"",""name"":""investment_amount"",""id"":""id_investment_amount"",""type"":""text""},""ts"":""2026-01-17T22:33:12.853Z""},{""type"":""input"",""detail"":{""tag"":""INPUT"",""name"":""investment_amount"",""id"":""id_investment_amount"",""type"":""text""},""ts"":""2026-01-17T22:33:13.879Z""},{""type"":""click"",""detail"":{""tag"":""BUTTON"",""name"":null,""id"":null,""type"":""submit""},""ts"":""2026-01-17T22:33:14.997Z""},{""type"":""form-submit"",""detail"":{},""ts"":""2026-01-17T22:33:14.998Z""}]",,16.2241467682678,0.0,100.81,0.0,100.81,,0,151ug4w3,,,,,0,1,1,0.0,1,-2.0069804545999257,1,0.0,-1.1550884484609614,0.0,-0.5894975244886941,2.0,-0.025665643862406367,0,0.05,1.3191533368140251,-0.5489440736296093,6.74366919495589,12.2756606991691,-15.0472222177225,17.397905680854,16.2241467682678,0.06361750806588719,-0.7016824084699285,0.0,1.3191533368140251,1.3191533368140251,-0.0,-0.5489440736296093,0.3475073313782985,11.2241467682678
33,1,0zkzl65f,64df6c0375d740bb235620f5,0,52,52,post_exp,FinalForProlific,2026-01-17 21:20:10.774463,1,,,140.11,1,,97.14,-1.3019253188714883,,control,,0.0,11,1,-1.0,,free_data,100.0,20.0,"[{""type"":""page-load"",""detail"":{""path"":""/p/0zkzl65f/main/Trade/15""},""ts"":""2026-01-17T21:31:39.105Z""},{""type"":""click"",""detail"":{""tag"":""INPUT"",""name"":""investment_amount"",""id"":""id_investment_amount"",""type"":""text""},""ts"":""2026-01-17T21:31:50.410Z""},{""type"":""input"",""detail"":{""tag"":""INPUT"",""name"":""investment_amount"",""id"":""id_investment_amount"",""type"":""text""},""ts"":""2026-01-17T21:32:08.716Z""},{""type"":""input"",""detail"":{""tag"":""INPUT"",""name"":""investment_amount"",""id"":""id_investment_amount"",""type"":""text""},""ts"":""2026-01-17T21:32:17.775Z""},{""type"":""click"",""detail"":{""tag"":""INPUT"",""name"":""imbalance_informative"",""id"":""id_imbalance_informative-0"",""type"":""radio""},""ts"":""2026-01-17T21:32:22.394Z""},{""type"":""input"",""detail"":{""tag"":""INPUT"",""name"":""imbalance_informative"",""id"":""id_imbalance_informative-0"",""type"":""radio""},""ts"":""2026-01-17T21:32:22.395Z""},{""type"":""click"",""detail"":{""tag"":""INPUT"",""name"":""return_forecast"",""id"":""id_return_forecast"",""type"":""text""},""ts"":""2026-01-17T21:32:23.434Z""},{""type"":""input"",""detail"":{""tag"":""INPUT"",""name"":""return_forecast"",""id"":""id_return_forecast"",""type"":""text""},""ts"":""2026-01-17T21:32:25.298Z""},{""type"":""click"",""detail"":{""tag"":""BUTTON"",""name"":null,""id"":null,""type"":""submit""},""ts"":""2026-01-17T21:32:27.250Z""},{""type"":""form-submit"",""detail"":{},""ts"":""2026-01-17T21:32:27.250Z""}]",1.0,-2.86297242693207,0.0,97.14,0.0,97.14,,0,151ug4w3,,,,,0,0,0,-0.0,0,1.3525303063608196,0,0.0,-0.8164237724724074,0.0,-0.04912479370739113,3.0,-2.0725007418893195,0,1.0,0.576368590974633,0.11715824542054143,6.85983014535264,-1.74472968875482,10.7892074916721,31.771128632246,-2.86297242693207,-0.39369763527017837,0.840721739347476,-0.0,0.0,0.0,-0.0,0.0,0.0024132453567937352,22.86297242693207
34,2,nx9hs1ng,677fea8903ad496f30f16502,0,52,52,post_exp,FinalForProlific,2026-01-17 21:20:12.375324,1,,,110.35,2,,100.0,-1.3019253188714883,,treatment,,0.0,11,1,0.0,,free_data,0.0,-10.0,"[{""type"":""page-load"",""detail"":{""path"":""/p/nx9hs1ng/main/Trade/15""},""ts"":""2026-01-17T21:27:45.708Z""},{""type"":""click"",""detail"":{""tag"":""INPUT"",""name"":""investment_amount"",""id"":""id_investment_amount"",""type"":""text""},""ts"":""2026-01-17T21:27:51.125Z""},{""type"":""input"",""detail"":{""tag"":""INPUT"",""name"":""investment_amount"",""id"":""id_investment_amount"",""type"":""text""},""ts"":""2026-01-17T21:27:51.534Z""},{""type"":""click"",""detail"":{""tag"":""LABEL"",""name"":null,""id"":null,""type"":null},""ts"":""2026-01-17T21:27:53.285Z""},{""type"":""click"",""detail"":{""tag"":""INPUT"",""name"":""imbalance_informative"",""id"":""id_imbalance_informative-0"",""type"":""radio""},""ts"":""2026-01-17T21:27:53.286Z""},{""type"":""input"",""detail"":{""tag"":""INPUT"",""name"":""imbalance_informative"",""id"":""id_imbalance_informative-0"",""type"":""radio""},""ts"":""2026-01-17T21:27:53.286Z""},{""type"":""click"",""detail"":{""tag"":""INPUT"",""name"":""return_forecast"",""id"":""id_return_forecast"",""type"":""text""},""ts"":""2026-01-17T21:27:53.797Z""},{""type"":""input"",""detail"":{""tag"":""INPUT"",""name"":""return_forecast"",""id"":""id_return_forecast"",""type"":""text""},""ts"":""2026-01-17T21:27:54.445Z""},{""type"":""input"",""detail"":{""tag"":""INPUT"",""name"":""return_forecast"",""id"":""id_return_forecast"",""type"":""text""},""ts"":""2026-01-17T21:27:58.621Z""},{""type"":""click"",""detail"":{""tag"":""BUTTON"",""name"":null,""id"":null,""type"":""submit""},""ts"":""2026-01-17T21:28:01.092Z""},{""type"":""form-submit"",""detail"":{},""ts"":""2026-01-17T21:28:01.093Z""}]",1.0,-2.86297242693207,0.0,100.0,0.0,100.0,,0,151ug4w3,,,,,0,1,0,0.0,0,0.392670088943464,1,0.0,-0.5624252654809918,1.0,-0.04912479370739113,6.0,-0.09624616448402429,0,0.0,0.576368590974633,0.11715824542054143,6.85983014535264,-1.74472968875482,10.7892074916721,31.771128632246,-2.86297242693207,-0.39369763527017837,0.840721739347476,0.0,0.0,0.576368590974633,0.0,0.0,0.0024132453567937352,7.13702757306793
35,3,i3c60565,6962c417f20b621d95bd694d,0,52,52,post_exp,FinalForProlific,2026-01-17 21:20:30.391188,1,,,113.86,3,,100.57,-1.3019253188714883,,treatment,,0.0,5,1,1.0,,free_data,15.0,14.0,"[{""type"":""page-load"",""detail"":{""path"":""/p/i3c60565/main/Trade/15""},""ts"":""2026-01-17T21:31:08.898Z""},{""type"":""click"",""detail"":{""tag"":""INPUT"",""name"":""investment_amount"",""id"":""id_investment_amount"",""type"":""text""},""ts"":""2026-01-17T21:31:19.984Z""},{""type"":""input"",""detail"":{""tag"":""INPUT"",""name"":""investment_amount"",""id"":""id_investment_amount"",""type"":""text""},""ts"":""2026-01-17T21:31:22.018Z""},{""type"":""click"",""detail"":{""tag"":""INPUT"",""name"":""imbalance_informative"",""id"":""id_imbalance_informative-1"",""type"":""radio""},""ts"":""2026-01-17T21:31:27.367Z""},{""type"":""input"",""detail"":{""tag"":""INPUT"",""name"":""imbalance_informative"",""id"":""id_imbalance_informative-1"",""type"":""radio""},""ts"":""2026-01-17T21:31:27.368Z""},{""type"":""click"",""detail"":{""tag"":""INPUT"",""name"":""return_forecast"",""id"":""id_return_forecast"",""type"":""text""},""ts"":""2026-01-17T21:31:30.151Z""},{""type"":""input"",""detail"":{""tag"":""INPUT"",""name"":""return_forecast"",""id"":""id_return_forecast"",""type"":""text""},""ts"":""2026-01-17T21:31:30.935Z""},{""type"":""click"",""detail"":{""tag"":""BUTTON"",""name"":null,""id"":null,""type"":""submit""},""ts"":""2026-01-17T21:31:32.902Z""},{""type"":""form-submit"",""detail"":{},""ts"":""2026-01-17T21:31:32.902Z""}]",0.0,-2.86297242693207,0.0,99.57,1.0,100.57,,0,151ug4w3,,,,,0,1,0,1.0,0,-1.5270503458912477,1,0.0,-0.05442825149816073,1.0,1.0316206678552147,5.0,0.8918811242186238,0,0.15,0.576368590974633,0.11715824542054143,6.85983014535264,-1.74472968875482,10.7892074916721,31.771128632246,-2.86297242693207,-0.39369763527017837,0.840721739347476,0.576368590974633,0.0,0.576368590974633,0.11715824542054143,0.0,1.0642412023460393,16.86297242693207
36,4,k7sp0ynm,67665f7b0329bd3e30515ad2,0,52,52,post_exp,FinalForProlific,2026-01-17 21:20:50.689404,1,,,102.31,4,,98.71,-1.3019253188714883,,treatment,,0.0,10,1,0.0,,free_data,80.0,20.0,"[{""type"":""page-load"",""detail"":{""path"":""/p/k7sp0ynm/main/Trade/15""},""ts"":""2026-01-17T21:42:43.035Z""},{""type"":""click"",""detail"":{""tag"":""INPUT"",""name"":""investment_amount"",""id"":""id_investment_amount"",""type"":""text""},""ts"":""2026-01-17T21:42:48.181Z""},{""type"":""input"",""detail"":{""tag"":""INPUT"",""name"":""investment_amount"",""id"":""id_investment_amount"",""type"":""text""},""ts"":""2026-01-17T21:42:51.168Z""},{""type"":""click"",""detail"":{""tag"":""INPUT"",""name"":""imbalance_informative"",""id"":""id_imbalance_informative-1"",""type"":""radio""},""ts"":""2026-01-17T21:42:53.641Z""},{""type"":""input"",""detail"":{""tag"":""INPUT"",""name"":""imbalance_informative"",""id"":""id_imbalance_informative-1"",""type"":""radio""},""ts"":""2026-01-17T21:42:53.641Z""},{""type"":""click"",""detail"":{""tag"":""INPUT"",""name"":""return_forecast"",""id"":""id_return_forecast"",""type"":""text""},""ts"":""2026-01-17T21:42:59.003Z""},{""type"":""input"",""detail"":{""tag"":""INPUT"",""name"":""return_forecast"",""id"":""id_return_forecast"",""type"":""text""},""ts"":""2026-01-17T21:42:59.927Z""},{""type"":""input"",""detail"":{""tag"":""INPUT"",""name"":""return_forecast"",""id"":""id_return_forecast"",""type"":""text""},""ts"":""2026-01-17T21:43:00.645Z""},{""type"":""click"",""detail"":{""tag"":""BUTTON"",""name"":null,""id"":null,""type"":""submit""},""ts"":""2026-01-17T21:43:01.813Z""},{""type"":""form-submit"",""detail"":{},""ts"":""2026-01-17T21:43:01.815Z""}]",0.0,-2.86297242693207,0.0,97.71,1.0,98.71,,0,151ug4w3,,,,,0,1,0,0.0,0,-1.0471202371825696,0,0.0,-0.5624252654809918,1.0,1.5719933986365178,4.0,0.11549539738082899,0,0.8,0.576368590974633,0.11715824542054143,6.85983014535264,-1.74472968875482,10.7892074916721,31.771128632246,-2.86297242693207,-0.39369763527017837,0.840721739347476,0.0,0.0,0.576368590974633,0.0,0.0,2.4711632453567898,22.86297242693207
37,6,6bbjn8v1,5e459f61418f610891628564,0,52,52,post_exp,FinalForProlific,2026-01-17 21:22:23.663747,1,,,103.85,6,,97.28,-1.3019253188714883,,treatment,,0.0,6,1,1.0,,free_data,95.0,22.0,"[{""type"":""page-load"",""detail"":{""path"":""/p/6bbjn8v1/main/Trade/15""},""ts"":""2026-01-17T21:29:29.765Z""},{""type"":""click"",""detail"":{""tag"":""INPUT"",""name"":""investment_amount"",""id"":""id_investment_amount"",""type"":""text""},""ts"":""2026-01-17T21:29:36.371Z""},{""type"":""input"",""detail"":{""tag"":""INPUT"",""name"":""investment_amount"",""id"":""id_investment_amount"",""type"":""text""},""ts"":""2026-01-17T21:29:37.773Z""},{""type"":""click"",""detail"":{""tag"":""INPUT"",""name"":""imbalance_informative"",""id"":""id_imbalance_informative-0"",""type"":""radio""},""ts"":""2026-01-17T21:29:40.238Z""},{""type"":""input"",""detail"":{""tag"":""INPUT"",""name"":""imbalance_informative"",""id"":""id_imbalance_informative-0"",""type"":""radio""},""ts"":""2026-01-17T21:29:40.239Z""},{""type"":""click"",""detail"":{""tag"":""INPUT"",""name"":""return_forecast"",""id"":""id_return_forecast"",""type"":""text""},""ts"":""2026-01-17T21:29:40.581Z""},{""type"":""input"",""detail"":{""tag"":""INPUT"",""name"":""return_forecast"",""id"":""id_return_forecast"",""type"":""text""},""ts"":""2026-01-17T21:29:41.437Z""},{""type"":""click"",""detail"":{""tag"":""BUTTON"",""name"":null,""id"":null,""type"":""submit""},""ts"":""2026-01-17T21:29:42.125Z""},{""type"":""form-submit"",""detail"":{},""ts"":""2026-01-17T21:29:42.126Z""}]",1.0,-2.86297242693207,0.0,97.28,0.0,97.28,,0,151ug4w3,,,,,0,1,0,1.0,0,-0.08726001976521408,0,0.0,-0.22376058949243777,1.0,-0.5894975244886941,5.0,-0.16682668510564172,0,0.95,0.576368590974633,0.11715824542054143,6.85983014535264,-1.74472968875482,10.7892074916721,31.771128632246,-2.86297242693207,-0.39369763527017837,0.840721739347476,0.576368590974633,0.0,0.576368590974633,0.11715824542054143,0.0,0.3475073313782985,24.86297242693207
38,7,gl7u8nio,62b2080f8f89f2f15c47d9ba,0,52,52,post_exp,FinalForProlific,2026-01-17 21:22:24.603886,1,,,118.89,7,,99.14,-1.3019253188714883,,treatment,,0.0,8,1,0.0,,free_data,30.0,14.0,"[{""type"":""page-load"",""detail"":{""path"":""/p/gl7u8nio/main/Trade/15""},""ts"":""2026-01-17T21:33:18.680Z""},{""type"":""click"",""detail"":{""tag"":""INPUT"",""name"":""investment_amount"",""id"":""id_investment_amount"",""type"":""text""},""ts"":""2026-01-17T21:33:29.595Z""},{""type"":""input"",""detail"":{""tag"":""INPUT"",""name"":""investment_amount"",""id"":""id_investment_amount"",""type"":""text""},""ts"":""2026-01-17T21:33:31.561Z""},{""type"":""click"",""detail"":{""tag"":""INPUT"",""name"":""imbalance_informative"",""id"":""id_imbalance_informative-0"",""type"":""radio""},""ts"":""2026-01-17T21:33:33.412Z""},{""type"":""input"",""detail"":{""tag"":""INPUT"",""name"":""imbalance_informative"",""id"":""id_imbalance_informative-0"",""type"":""radio""},""ts"":""2026-01-17T21:33:33.412Z""},{""type"":""click"",""detail"":{""tag"":""INPUT"",""name"":""return_forecast"",""id"":""id_return_forecast"",""type"":""text""},""ts"":""2026-01-17T21:33:34.511Z""},{""type"":""input"",""detail"":{""tag"":""INPUT"",""name"":""return_forecast"",""id"":""id_return_forecast"",""type"":""text""},""ts"":""2026-01-17T21:33:36.164Z""},{""type"":""input"",""detail"":{""tag"":""INPUT"",""name"":""return_forecast"",""id"":""id_return_forecast"",""type"":""text""},""ts"":""2026-01-17T21:33:36.712Z""},{""type"":""click"",""detail"":{""tag"":""BUTTON"",""name"":null,""id"":null,""type"":""submit""},""ts"":""2026-01-17T21:33:38.462Z""},{""type"":""form-submit"",""detail"":{},""ts"":""2026-01-17T21:33:38.463Z""}]",1.0,-2.86297242693207,0.0,99.14,1.0,99.14,,0,151ug4w3,,,,,0,1,0,0.0,0,-0.08726001976521408,1,0.0,1.3848966214531941,0.0,2.1123661294178206,6.0,0.25665643862406434,0,0.3,0.576368590974633,0.11715824542054143,6.85983014535264,-1.74472968875482,10.7892074916721,31.771128632246,-2.86297242693207,-0.39369763527017837,0.840721739347476,0.0,0.0,0.576368590974633,0.0,0.0,4.462090664711625,16.86297242693207
39,8,difxszml,5d1ec3b72e9ac3001ab525ef,0,49,52,post_exp,Demographics,2026-01-17 21:22:33.376663,1,,,1190.64,8,,99.43,-1.3019253188714883,,treatment,,0.0,4,1,0.0,,free_data,20.0,15.0,"[{""type"":""page-load"",""detail"":{""path"":""/p/difxszml/main/Trade/15""},""ts"":""2026-01-17T21:28:55.119Z""},{""type"":""click"",""detail"":{""tag"":""INPUT"",""name"":""investment_amount"",""id"":""id_investment_amount"",""type"":""text""},""ts"":""2026-01-17T21:29:10.427Z""},{""type"":""input"",""detail"":{""tag"":""INPUT"",""name"":""investment_amount"",""id"":""id_investment_amount"",""type"":""text""},""ts"":""2026-01-17T21:29:11.450Z""},{""type"":""click"",""detail"":{""tag"":""INPUT"",""name"":""imbalance_informative"",""id"":""id_imbalance_informative-0"",""type"":""radio""},""ts"":""2026-01-17T21:29:17.874Z""},{""type"":""input"",""detail"":{""tag"":""INPUT"",""name"":""imbalance_informative"",""id"":""id_imbalance_informative-0"",""type"":""radio""},""ts"":""2026-01-17T21:29:17.874Z""},{""type"":""click"",""detail"":{""tag"":""INPUT"",""name"":""return_forecast"",""id"":""id_return_forecast"",""type"":""text""},""ts"":""2026-01-17T21:29:20.533Z""},{""type"":""input"",""detail"":{""tag"":""INPUT"",""name"":""return_forecast"",""id"":""id_return_forecast"",""type"":""text""},""ts"":""2026-01-17T21:29:22.477Z""},{""type"":""click"",""detail"":{""tag"":""BUTTON"",""name"":null,""id"":null,""type"":""submit""},""ts"":""2026-01-17T21:29:23.624Z""},{""type"":""form-submit"",""detail"":{},""ts"":""2026-01-17T21:29:23.630Z""}]",1.0,-2.86297242693207,0.0,99.43,0.0,99.43,,0,151ug4w3,,,,,0,1,0,0.0,0,0.8726001976521415,0,,,,-0.04912479370739113,8.0,0.3978174798673002,0,0.2,0.576368590974633,0.11715824542054143,6.85983014535264,-1.74472968875482,10.7892074916721,31.771128632246,-2.86297242693207,-0.39369763527017837,0.840721739347476,0.0,0.0,0.576368590974633,0.0,0.0,0.0024132453567937352,17.86297242693207
40,9,hlqkfw8x,67e7cfd17a7062da8a273fbf,0,52,52,post_exp,FinalForProlific,2026-01-17 21:23:02.043408,1,,,115.94,9,,99.57,-1.3019253188714883,,control,,0.0,14,1,-1.0,,free_data,50.0,8.0,"[{""type"":""page-load"",""detail"":{""path"":""/p/hlqkfw8x/main/Trade/15""},""ts"":""2026-01-17T21:32:12.724Z""},{""type"":""click"",""detail"":{""tag"":""INPUT"",""name"":""investment_amount"",""id"":""id_investment_amount"",""type"":""text""},""ts"":""2026-01-17T21:32:31.900Z""},{""type"":""input"",""detail"":{""tag"":""INPUT"",""name"":""investment_amount"",""id"":""id_investment_amount"",""type"":""text""},""ts"":""2026-01-17T21:32:32.928Z""},{""type"":""click"",""detail"":{""tag"":""INPUT"",""name"":""imbalance_informative"",""id"":""id_imbalance_informative-1"",""type"":""radio""},""ts"":""2026-01-17T21:32:39.571Z""},{""type"":""input"",""detail"":{""tag"":""INPUT"",""name"":""imbalance_informative"",""id"":""id_imbalance_informative-1"",""type"":""radio""},""ts"":""2026-01-17T21:32:39.571Z""},{""type"":""click"",""detail"":{""tag"":""INPUT"",""name"":""return_forecast"",""id"":""id_return_forecast"",""type"":""text""},""ts"":""2026-01-17T21:32:40.478Z""},{""type"":""input"",""detail"":{""tag"":""INPUT"",""name"":""return_forecast"",""id"":""id_return_forecast"",""type"":""text""},""ts"":""2026-01-17T21:32:48.156Z""},{""type"":""click"",""detail"":{""tag"":""BUTTON"",""name"":null,""id"":null,""type"":""submit""},""ts"":""2026-01-17T21:32:48.957Z""},{""type"":""form-submit"",""detail"":{},""ts"":""2026-01-17T21:32:48.963Z""}]",0.0,-2.86297242693207,0.0,98.57,1.0,99.57,,0,151ug4w3,,,,,0,0,0,-0.0,0,-0.08726001976521408,1,0.0,1.1308981144617785,0.0,-0.5894975244886941,5.0,-0.16682668510564172,0,0.5,0.576368590974633,0.11715824542054143,6.85983014535264,-1.74472968875482,10.7892074916721,31.771128632246,-2.86297242693207,-0.39369763527017837,0.840721739347476,-0.0,0.0,0.0,-0.0,0.0,0.3475073313782985,10.862972426932071
41,10,miej8bbr,67730320948951ecb761b3f2,0,52,52,post_exp,FinalForProlific,2026-01-17 21:23:16.323182,1,,,104.87,10,,97.85,-1.3019253188714883,,treatment,,0.0,14,1,0.0,,free_data,75.0,20.0,"[{""type"":""page-load"",""detail"":{""path"":""/p/miej8bbr/main/Trade/15""},""ts"":""2026-01-17T21:31:30.851Z""},{""type"":""window-blur"",""detail"":{},""ts"":""2026-01-17T21:31:33.033Z""},{""type"":""window-focus"",""detail"":{},""ts"":""2026-01-17T21:31:52.428Z""},{""type"":""click"",""detail"":{""tag"":""INPUT"",""name"":""imbalance_informative"",""id"":""id_imbalance_informative-0"",""type"":""radio""},""ts"":""2026-01-17T21:31:52.548Z""},{""type"":""input"",""detail"":{""tag"":""INPUT"",""name"":""imbalance_informative"",""id"":""id_imbalance_informative-0"",""type"":""radio""},""ts"":""2026-01-17T21:31:52.548Z""},{""type"":""click"",""detail"":{""tag"":""INPUT"",""name"":""return_forecast"",""id"":""id_return_forecast"",""type"":""text""},""ts"":""2026-01-17T21:31:53.505Z""},{""type"":""window-blur"",""detail"":{},""ts"":""2026-01-17T21:31:55.335Z""},{""type"":""window-focus"",""detail"":{},""ts"":""2026-01-17T21:32:01.687Z""},{""type"":""click"",""detail"":{""tag"":""INPUT"",""name"":""investment_amount"",""id"":""id_investment_amount"",""type"":""text""},""ts"":""2026-01-17T21:32:01.763Z""},{""type"":""input"",""detail"":{""tag"":""INPUT"",""name"":""investment_amount"",""id"":""id_investment_amount"",""type"":""text""},""ts"":""2026-01-17T21:32:03.183Z""},{""type"":""click"",""detail"":{""tag"":""INPUT"",""name"":""return_forecast"",""id"":""id_return_forecast"",""type"":""text""},""ts"":""2026-01-17T21:32:05.085Z""},{""type"":""input"",""detail"":{""tag"":""INPUT"",""name"":""return_forecast"",""id"":""id_return_forecast"",""type"":""text""},""ts"":""2026-01-17T21:32:05.713Z""},{""type"":""click"",""detail"":{""tag"":""BUTTON"",""name"":null,""id"":null,""type"":""submit""},""ts"":""2026-01-17T21:32:07.457Z""},{""type"":""form-submit"",""detail"":{},""ts"":""2026-01-17T21:32:07.457Z""}]",1.0,-2.86297242693207,0.0,97.85,0.0,97.85,,0,151ug4w3,,,,,0,1,0,0.0,0,1.3525303063608196,0,1.0,-0.6470914344781303,1.0,-1.129870255269997,6.0,-0.8020513707002012,0,0.75,0.576368590974633,0.11715824542054143,6.85983014535264,-1.74472968875482,10.7892074916721,31.771128632246,-2.86297242693207,-0.39369763527017837,0.840721739347476,0.0,0.0,0.576368590974633,0.0,0.0,1.2766067937438883,22.86297242693207
42,11,i76mujh9,5b99663d4cefb60001e7a214,0,49,52,post_exp,Demographics,2026-01-17 21:24:20.177255,1,,,1203.53,11,,99.14,-1.3019253188714883,,treatment,,0.0,6,1,0.0,,free_data,30.0,25.0,"[{""type"":""page-load"",""detail"":{""path"":""/p/i76mujh9/main/Trade/15""},""ts"":""2026-01-17T21:35:35.240Z""},{""type"":""click"",""detail"":{""tag"":""INPUT"",""name"":""investment_amount"",""id"":""id_investment_amount"",""type"":""text""},""ts"":""2026-01-17T21:35:58.776Z""},{""type"":""input"",""detail"":{""tag"":""INPUT"",""name"":""investment_amount"",""id"":""id_investment_amount"",""type"":""text""},""ts"":""2026-01-17T21:36:00.355Z""},{""type"":""click"",""detail"":{""tag"":""INPUT"",""name"":""imbalance_informative"",""id"":""id_imbalance_informative-0"",""type"":""radio""},""ts"":""2026-01-17T21:36:03.243Z""},{""type"":""input"",""detail"":{""tag"":""INPUT"",""name"":""imbalance_informative"",""id"":""id_imbalance_informative-0"",""type"":""radio""},""ts"":""2026-01-17T21:36:03.244Z""},{""type"":""click"",""detail"":{""tag"":""INPUT"",""name"":""return_forecast"",""id"":""id_return_forecast"",""type"":""text""},""ts"":""2026-01-17T21:36:04.189Z""},{""type"":""input"",""detail"":{""tag"":""INPUT"",""name"":""return_forecast"",""id"":""id_return_forecast"",""type"":""text""},""ts"":""2026-01-17T21:36:05.271Z""},{""type"":""input"",""detail"":{""tag"":""INPUT"",""name"":""return_forecast"",""id"":""id_return_forecast"",""type"":""text""},""ts"":""2026-01-17T21:36:05.782Z""},{""type"":""click"",""detail"":{""tag"":""BUTTON"",""name"":null,""id"":null,""type"":""submit""},""ts"":""2026-01-17T21:36:07.688Z""},{""type"":""form-submit"",""detail"":{},""ts"":""2026-01-17T21:36:07.691Z""}]",1.0,-2.86297242693207,0.0,99.14,0.0,99.14,,0,151ug4w3,,,,,0,1,0,0.0,0,-0.5671901284738922,0,,,,-1.129870255269997,7.0,1.0330421654618591,0,0.3,0.576368590974633,0.11715824542054143,6.85983014535264,-1.74472968875482,10.7892074916721,31.771128632246,-2.86297242693207,-0.39369763527017837,0.840721739347476,0.0,0.0,0.576368590974633,0.0,0.0,1.2766067937438883,27.86297242693207
43,12,rnucedhy,5a9fa90f873cda00010d29d8,0,52,52,post_exp,FinalForProlific,2026-01-17 21:24:40.341139,1,,,110.42,12,,98.28,-1.3019253188714883,,treatment,,0.0,14,1,1.0,,free_data,60.0,20.0,"[{""type"":""page-load"",""detail"":{""path"":""/p/rnucedhy/main/Trade/15""},""ts"":""2026-01-17T21:36:43.942Z""},{""type"":""click"",""detail"":{""tag"":""INPUT"",""name"":""investment_amount"",""id"":""id_investment_amount"",""type"":""text""},""ts"":""2026-01-17T21:36:47.570Z""},{""type"":""input"",""detail"":{""tag"":""INPUT"",""name"":""investment_amount"",""id"":""id_investment_amount"",""type"":""text""},""ts"":""2026-01-17T21:36:49.799Z""},{""type"":""input"",""detail"":{""tag"":""INPUT"",""name"":""investment_amount"",""id"":""id_investment_amount"",""type"":""text""},""ts"":""2026-01-17T21:36:51.106Z""},{""type"":""input"",""detail"":{""tag"":""INPUT"",""name"":""investment_amount"",""id"":""id_investment_amount"",""type"":""text""},""ts"":""2026-01-17T21:36:51.844Z""},{""type"":""click"",""detail"":{""tag"":""INPUT"",""name"":""imbalance_informative"",""id"":""id_imbalance_informative-0"",""type"":""radio""},""ts"":""2026-01-17T21:36:53.751Z""},{""type"":""input"",""detail"":{""tag"":""INPUT"",""name"":""imbalance_informative"",""id"":""id_imbalance_informative-0"",""type"":""radio""},""ts"":""2026-01-17T21:36:53.752Z""},{""type"":""click"",""detail"":{""tag"":""INPUT"",""name"":""return_forecast"",""id"":""id_return_forecast"",""type"":""text""},""ts"":""2026-01-17T21:36:54.780Z""},{""type"":""input"",""detail"":{""tag"":""INPUT"",""name"":""return_forecast"",""id"":""id_return_forecast"",""type"":""text""},""ts"":""2026-01-17T21:36:55.411Z""},{""type"":""click"",""detail"":{""tag"":""BUTTON"",""name"":null,""id"":null,""type"":""submit""},""ts"":""2026-01-17T21:36:57.016Z""},{""type"":""form-submit"",""detail"":{},""ts"":""2026-01-17T21:36:57.016Z""}]",1.0,-2.86297242693207,0.0,98.28,0.0,98.28,,0,151ug4w3,,,,,0,1,0,1.0,0,-0.5671901284738922,0,0.0,-1.070422279463823,1.0,-1.129870255269997,9.0,1.8800084129212717,0,0.6,0.576368590974633,0.11715824542054143,6.85983014535264,-1.74472968875482,10.7892074916721,31.771128632246,-2.86297242693207,-0.39369763527017837,0.840721739347476,0.576368590974633,0.0,0.576368590974633,0.11715824542054143,0.0,1.2766067937438883,22.86297242693207
44,13,0agbbz6t,64e6b4025cbe79c020343121,0,52,52,post_exp,FinalForProlific,2026-01-17 21:25:07.530984,1,,,107.83,13,,99.0,-1.3019253188714883,,control,,0.0,9,1,-1.0,,free_data,70.0,15.0,"[{""type"":""page-load"",""detail"":{""path"":""/p/0agbbz6t/main/Trade/15""},""ts"":""2026-01-17T21:31:55.951Z""},{""type"":""click"",""detail"":{""tag"":""INPUT"",""name"":""investment_amount"",""id"":""id_investment_amount"",""type"":""text""},""ts"":""2026-01-17T21:31:59.469Z""},{""type"":""input"",""detail"":{""tag"":""INPUT"",""name"":""investment_amount"",""id"":""id_investment_amount"",""type"":""text""},""ts"":""2026-01-17T21:32:01.036Z""},{""type"":""click"",""detail"":{""tag"":""INPUT"",""name"":""imbalance_informative"",""id"":""id_imbalance_informative-1"",""type"":""radio""},""ts"":""2026-01-17T21:32:04.350Z""},{""type"":""input"",""detail"":{""tag"":""INPUT"",""name"":""imbalance_informative"",""id"":""id_imbalance_informative-1"",""type"":""radio""},""ts"":""2026-01-17T21:32:04.352Z""},{""type"":""click"",""detail"":{""tag"":""INPUT"",""name"":""return_forecast"",""id"":""id_return_forecast"",""type"":""text""},""ts"":""2026-01-17T21:32:05.076Z""},{""type"":""input"",""detail"":{""tag"":""INPUT"",""name"":""return_forecast"",""id"":""id_return_forecast"",""type"":""text""},""ts"":""2026-01-17T21:32:05.535Z""},{""type"":""click"",""detail"":{""tag"":""BUTTON"",""name"":null,""id"":null,""type"":""submit""},""ts"":""2026-01-17T21:32:06.798Z""},{""type"":""form-submit"",""detail"":{},""ts"":""2026-01-17T21:32:06.799Z""}]",0.0,-2.86297242693207,0.0,98.0,1.0,99.0,,0,151ug4w3,,,,,0,0,0,-0.0,0,-1.0471202371825696,0,1.0,0.19957025549325483,1.0,-0.5894975244886941,9.0,2.23291101602936,0,0.7,0.576368590974633,0.11715824542054143,6.85983014535264,-1.74472968875482,10.7892074916721,31.771128632246,-2.86297242693207,-0.39369763527017837,0.840721739347476,-0.0,0.0,0.0,-0.0,0.0,0.3475073313782985,17.86297242693207
45,14,vyd28ofr,66e74ca113f609cd2a13df59,0,52,52,post_exp,FinalForProlific,2026-01-17 21:25:37.276893,1,,,126.77,14,,97.85,-1.3019253188714883,,treatment,,0.0,11,1,1.0,,free_data,75.0,14.0,"[{""type"":""page-load"",""detail"":{""path"":""/p/vyd28ofr/main/Trade/15""},""ts"":""2026-01-17T21:32:08.693Z""},{""type"":""click"",""detail"":{""tag"":""INPUT"",""name"":""investment_amount"",""id"":""id_investment_amount"",""type"":""text""},""ts"":""2026-01-17T21:32:19.278Z""},{""type"":""input"",""detail"":{""tag"":""INPUT"",""name"":""investment_amount"",""id"":""id_investment_amount"",""type"":""text""},""ts"":""2026-01-17T21:32:20.834Z""},{""type"":""click"",""detail"":{""tag"":""LABEL"",""name"":null,""id"":null,""type"":null},""ts"":""2026-01-17T21:32:24.330Z""},{""type"":""click"",""detail"":{""tag"":""INPUT"",""name"":""imbalance_informative"",""id"":""id_imbalance_informative-0"",""type"":""radio""},""ts"":""2026-01-17T21:32:24.331Z""},{""type"":""input"",""detail"":{""tag"":""INPUT"",""name"":""imbalance_informative"",""id"":""id_imbalance_informative-0"",""type"":""radio""},""ts"":""2026-01-17T21:32:24.331Z""},{""type"":""click"",""detail"":{""tag"":""INPUT"",""name"":""return_forecast"",""id"":""id_return_forecast"",""type"":""text""},""ts"":""2026-01-17T21:32:25.385Z""},{""type"":""input"",""detail"":{""tag"":""INPUT"",""name"":""return_forecast"",""id"":""id_return_forecast"",""type"":""text""},""ts"":""2026-01-17T21:32:27.350Z""},{""type"":""input"",""detail"":{""tag"":""INPUT"",""name"":""return_forecast"",""id"":""id_return_forecast"",""type"":""text""},""ts"":""2026-01-17T21:32:29.281Z""},{""type"":""click"",""detail"":{""tag"":""BUTTON"",""name"":null,""id"":null,""type"":""submit""},""ts"":""2026-01-17T21:32:29.921Z""},{""type"":""form-submit"",""detail"":{},""ts"":""2026-01-17T21:32:29.926Z""}]",1.0,-2.86297242693207,0.0,97.85,0.0,97.85,,0,151ug4w3,,,,,0,1,0,1.0,0,0.392670088943464,0,0.0,0.9615657764675015,1.0,-0.04912479370739113,5.0,-0.5197292882137304,0,0.75,0.576368590974633,0.11715824542054143,6.85983014535264,-1.74472968875482,10.7892074916721,31.771128632246,-2.86297242693207,-0.39369763527017837,0.840721739347476,0.576368590974633,0.0,0.576368590974633,0.11715824542054143,0.0,0.0024132453567937352,16.86297242693207
46,15,p639azxy,6965b338f069222c10b2bdc9,0,52,52,post_exp,FinalForProlific,2026-01-17 21:26:31.341396,1,,,118.08,15,,98.28,-1.3019253188714883,,treatment,,0.0,9,1,1.0,,free_data,60.0,19.0,"[{""type"":""page-load"",""detail"":{""path"":""/p/p639azxy/main/Trade/15""},""ts"":""2026-01-17T21:36:12.579Z""},{""type"":""click"",""detail"":{""tag"":""INPUT"",""name"":""investment_amount"",""id"":""id_investment_amount"",""type"":""text""},""ts"":""2026-01-17T21:36:15.005Z""},{""type"":""input"",""detail"":{""tag"":""INPUT"",""name"":""investment_amount"",""id"":""id_investment_amount"",""type"":""text""},""ts"":""2026-01-17T21:36:35.741Z""},{""type"":""click"",""detail"":{""tag"":""LABEL"",""name"":null,""id"":null,""type"":null},""ts"":""2026-01-17T21:36:40.662Z""},{""type"":""click"",""detail"":{""tag"":""INPUT"",""name"":""imbalance_informative"",""id"":""id_imbalance_informative-0"",""type"":""radio""},""ts"":""2026-01-17T21:36:40.664Z""},{""type"":""input"",""detail"":{""tag"":""INPUT"",""name"":""imbalance_informative"",""id"":""id_imbalance_informative-0"",""type"":""radio""},""ts"":""2026-01-17T21:36:40.664Z""},{""type"":""click"",""detail"":{""tag"":""INPUT"",""name"":""return_forecast"",""id"":""id_return_forecast"",""type"":""text""},""ts"":""2026-01-17T21:36:48.344Z""},{""type"":""input"",""detail"":{""tag"":""INPUT"",""name"":""return_forecast"",""id"":""id_return_forecast"",""type"":""text""},""ts"":""2026-01-17T21:36:49.238Z""},{""type"":""click"",""detail"":{""tag"":""BUTTON"",""name"":null,""id"":null,""type"":""submit""},""ts"":""2026-01-17T21:36:50.248Z""},{""type"":""form-submit"",""detail"":{},""ts"":""2026-01-17T21:36:50.250Z""}]",1.0,-2.86297242693207,0.0,98.28,0.0,98.28,,0,151ug4w3,,,,,0,1,0,1.0,0,-0.08726001976521408,1,0.0,-0.3930929274867148,1.0,-0.04912479370739113,6.0,0.25665643862406434,0,0.6,0.576368590974633,0.11715824542054143,6.85983014535264,-1.74472968875482,10.7892074916721,31.771128632246,-2.86297242693207,-0.39369763527017837,0.840721739347476,0.576368590974633,0.0,0.576368590974633,0.11715824542054143,0.0,0.0024132453567937352,21.86297242693207
47,16,sw8lem34,677346f91e35f1cb1e647c34,0,49,52,post_exp,Demographics,2026-01-17 21:26:45.318628,1,,,1199.47,16,,99.43,-1.3019253188714883,,treatment,,0.0,9,1,1.0,,free_data,20.0,5.0,"[{""type"":""page-load"",""detail"":{""path"":""/p/sw8lem34/main/Trade/15""},""ts"":""2026-01-17T21:36:24.234Z""},{""type"":""click"",""detail"":{""tag"":""INPUT"",""name"":""investment_amount"",""id"":""id_investment_amount"",""type"":""text""},""ts"":""2026-01-17T21:36:37.859Z""},{""type"":""input"",""detail"":{""tag"":""INPUT"",""name"":""investment_amount"",""id"":""id_investment_amount"",""type"":""text""},""ts"":""2026-01-17T21:36:38.972Z""},{""type"":""click"",""detail"":{""tag"":""INPUT"",""name"":""imbalance_informative"",""id"":""id_imbalance_informative-0"",""type"":""radio""},""ts"":""2026-01-17T21:36:42.126Z""},{""type"":""input"",""detail"":{""tag"":""INPUT"",""name"":""imbalance_informative"",""id"":""id_imbalance_informative-0"",""type"":""radio""},""ts"":""2026-01-17T21:36:42.126Z""},{""type"":""click"",""detail"":{""tag"":""INPUT"",""name"":""return_forecast"",""id"":""id_return_forecast"",""type"":""text""},""ts"":""2026-01-17T21:36:42.687Z""},{""type"":""input"",""detail"":{""tag"":""INPUT"",""name"":""return_forecast"",""id"":""id_return_forecast"",""type"":""text""},""ts"":""2026-01-17T21:36:44.575Z""},{""type"":""click"",""detail"":{""tag"":""BUTTON"",""name"":null,""id"":null,""type"":""submit""},""ts"":""2026-01-17T21:36:45.817Z""},{""type"":""form-submit"",""detail"":{},""ts"":""2026-01-17T21:36:45.823Z""}]",1.0,-2.86297242693207,0.0,99.43,0.0,99.43,,0,151ug4w3,,,,,0,1,0,1.0,0,0.392670088943464,0,,,,-0.04912479370739113,5.0,-0.5197292882137304,0,0.2,0.576368590974633,0.11715824542054143,6.85983014535264,-1.74472968875482,10.7892074916721,31.771128632246,-2.86297242693207,-0.39369763527017837,0.840721739347476,0.576368590974633,0.0,0.576368590974633,0.11715824542054143,0.0,0.0024132453567937352,7.86297242693207
48,17,3v5sipps,695bd4f6bbdb5a636882ce78,0,52,52,post_exp,FinalForProlific,2026-01-17 21:26:53.633718,1,,,118.89,17,,97.14,-1.3019253188714883,,control,,0.0,9,1,-1.0,,free_data,100.0,21.0,"[{""type"":""page-load"",""detail"":{""path"":""/p/3v5sipps/main/Trade/15""},""ts"":""2026-01-17T21:33:17.223Z""},{""type"":""click"",""detail"":{""tag"":""INPUT"",""name"":""investment_amount"",""id"":""id_investment_amount"",""type"":""text""},""ts"":""2026-01-17T21:33:27.391Z""},{""type"":""input"",""detail"":{""tag"":""INPUT"",""name"":""investment_amount"",""id"":""id_investment_amount"",""type"":""text""},""ts"":""2026-01-17T21:33:27.589Z""},{""type"":""click"",""detail"":{""tag"":""INPUT"",""name"":""imbalance_informative"",""id"":""id_imbalance_informative-0"",""type"":""radio""},""ts"":""2026-01-17T21:33:30.288Z""},{""type"":""input"",""detail"":{""tag"":""INPUT"",""name"":""imbalance_informative"",""id"":""id_imbalance_informative-0"",""type"":""radio""},""ts"":""2026-01-17T21:33:30.288Z""},{""type"":""click"",""detail"":{""tag"":""INPUT"",""name"":""return_forecast"",""id"":""id_return_forecast"",""type"":""text""},""ts"":""2026-01-17T21:33:31.089Z""},{""type"":""input"",""detail"":{""tag"":""INPUT"",""name"":""return_forecast"",""id"":""id_return_forecast"",""type"":""text""},""ts"":""2026-01-17T21:33:35.388Z""},{""type"":""click"",""detail"":{""tag"":""BUTTON"",""name"":null,""id"":null,""type"":""submit""},""ts"":""2026-01-17T21:33:37.239Z""},{""type"":""form-submit"",""detail"":{},""ts"":""2026-01-17T21:33:37.239Z""}]",1.0,-2.86297242693207,0.0,97.14,0.0,97.14,,0,151ug4w3,,,,,0,0,0,-0.0,0,-1.5270503458912477,0,0.0,0.36890259348753185,0.0,-0.5894975244886941,3.0,0.04491487675921132,0,1.0,0.576368590974633,0.11715824542054143,6.85983014535264,-1.74472968875482,10.7892074916721,31.771128632246,-2.86297242693207,-0.39369763527017837,0.840721739347476,-0.0,0.0,0.0,-0.0,0.0,0.3475073313782985,23.86297242693207
49,19,6xawj670,69419dd351c8c6866590c254,0,52,52,post_exp,FinalForProlific,2026-01-17 21:28:19.710613,1,,,104.78,19,,99.71,-1.3019253188714883,,treatment,,0.0,6,1,1.0,,free_data,10.0,5.0,"[{""type"":""page-load"",""detail"":{""path"":""/p/6xawj670/main/Trade/15""},""ts"":""2026-01-17T21:57:54.692Z""},{""type"":""click"",""detail"":{""tag"":""INPUT"",""name"":""investment_amount"",""id"":""id_investment_amount"",""type"":""text""},""ts"":""2026-01-17T21:57:59.441Z""},{""type"":""input"",""detail"":{""tag"":""INPUT"",""name"":""investment_amount"",""id"":""id_investment_amount"",""type"":""text""},""ts"":""2026-01-17T21:58:00.883Z""},{""type"":""input"",""detail"":{""tag"":""INPUT"",""name"":""investment_amount"",""id"":""id_investment_amount"",""type"":""text""},""ts"":""2026-01-17T21:58:01.427Z""},{""type"":""click"",""detail"":{""tag"":""INPUT"",""name"":""imbalance_informative"",""id"":""id_imbalance_informative-0"",""type"":""radio""},""ts"":""2026-01-17T21:58:06.296Z""},{""type"":""input"",""detail"":{""tag"":""INPUT"",""name"":""imbalance_informative"",""id"":""id_imbalance_informative-0"",""type"":""radio""},""ts"":""2026-01-17T21:58:06.296Z""},{""type"":""click"",""detail"":{""tag"":""INPUT"",""name"":""return_forecast"",""id"":""id_return_forecast"",""type"":""text""},""ts"":""2026-01-17T21:58:06.794Z""},{""type"":""input"",""detail"":{""tag"":""INPUT"",""name"":""return_forecast"",""id"":""id_return_forecast"",""type"":""text""},""ts"":""2026-01-17T21:58:08.763Z""},{""type"":""window-blur"",""detail"":{},""ts"":""2026-01-17T21:58:11.938Z""},{""type"":""visibilitychange"",""detail"":{""state"":""hidden""},""ts"":""2026-01-17T21:58:11.941Z""},{""type"":""window-focus"",""detail"":{},""ts"":""2026-01-17T22:00:03.165Z""},{""type"":""visibilitychange"",""detail"":{""state"":""visible""},""ts"":""2026-01-17T22:00:03.166Z""},{""type"":""click"",""detail"":{""tag"":""BUTTON"",""name"":null,""id"":null,""type"":""submit""},""ts"":""2026-01-17T22:00:05.669Z""},{""type"":""form-submit"",""detail"":{},""ts"":""2026-01-17T22:00:05.669Z""}]",1.0,-2.86297242693207,0.0,99.71,0.0,99.71,,0,151ug4w3,,,,,0,1,0,1.0,0,-0.5671901284738922,0,0.0,-1.7477516314409312,0.0,-0.5894975244886941,4.0,-0.23740720572725918,0,0.1,0.576368590974633,0.11715824542054143,6.85983014535264,-1.74472968875482,10.7892074916721,31.771128632246,-2.86297242693207,-0.39369763527017837,0.840721739347476,0.576368590974633,0.0,0.576368590974633,0.11715824542054143,0.0,0.3475073313782985,7.86297242693207
50,20,cx4xx3np,61576d2fde97a7adb4b6a193,0,49,52,post_exp,Demographics,2026-01-17 21:28:27.073012,1,,,1213.01,20,,99.43,-1.3019253188714883,,treatment,,0.0,12,1,1.0,,free_data,20.0,15.0,"[{""type"":""page-load"",""detail"":{""path"":""/p/cx4xx3np/main/Trade/15""},""ts"":""2026-01-17T21:35:16.566Z""},{""type"":""click"",""detail"":{""tag"":""INPUT"",""name"":""investment_amount"",""id"":""id_investment_amount"",""type"":""text""},""ts"":""2026-01-17T21:35:24.886Z""},{""type"":""input"",""detail"":{""tag"":""INPUT"",""name"":""investment_amount"",""id"":""id_investment_amount"",""type"":""text""},""ts"":""2026-01-17T21:35:27.090Z""},{""type"":""click"",""detail"":{""tag"":""INPUT"",""name"":""imbalance_informative"",""id"":""id_imbalance_informative-0"",""type"":""radio""},""ts"":""2026-01-17T21:35:29.865Z""},{""type"":""input"",""detail"":{""tag"":""INPUT"",""name"":""imbalance_informative"",""id"":""id_imbalance_informative-0"",""type"":""radio""},""ts"":""2026-01-17T21:35:29.865Z""},{""type"":""click"",""detail"":{""tag"":""INPUT"",""name"":""return_forecast"",""id"":""id_return_forecast"",""type"":""text""},""ts"":""2026-01-17T21:35:30.392Z""},{""type"":""input"",""detail"":{""tag"":""INPUT"",""name"":""return_forecast"",""id"":""id_return_forecast"",""type"":""text""},""ts"":""2026-01-17T21:35:31.676Z""},{""type"":""click"",""detail"":{""tag"":""BUTTON"",""name"":null,""id"":null,""type"":""submit""},""ts"":""2026-01-17T21:35:34.565Z""},{""type"":""form-submit"",""detail"":{},""ts"":""2026-01-17T21:35:34.571Z""}]",1.0,-2.86297242693207,0.0,99.43,0.0,99.43,,0,151ug4w3,,,,,0,1,0,1.0,0,-1.0471202371825696,0,,,,1.5719933986365178,7.0,1.3859447685699473,0,0.2,0.576368590974633,0.11715824542054143,6.85983014535264,-1.74472968875482,10.7892074916721,31.771128632246,-2.86297242693207,-0.39369763527017837,0.840721739347476,0.576368590974633,0.0,0.576368590974633,0.11715824542054143,0.0,2.4711632453567898,17.86297242693207
51,22,gi3vvfez,676e6f5eb2e5690f74382e58,0,52,52,post_exp,FinalForProlific,2026-01-17 21:30:49.464898,1,,,114.35,22,,97.14,-1.3019253188714883,,treatment,,0.0,13,1,0.0,,free_data,100.0,25.0,"[{""type"":""page-load"",""detail"":{""path"":""/p/gi3vvfez/main/Trade/15""},""ts"":""2026-01-17T21:42:11.001Z""},{""type"":""click"",""detail"":{""tag"":""INPUT"",""name"":""investment_amount"",""id"":""id_investment_amount"",""type"":""text""},""ts"":""2026-01-17T21:42:21.573Z""},{""type"":""click"",""detail"":{""tag"":""INPUT"",""name"":""investment_amount"",""id"":""id_investment_amount"",""type"":""text""},""ts"":""2026-01-17T21:42:38.687Z""},{""type"":""input"",""detail"":{""tag"":""INPUT"",""name"":""investment_amount"",""id"":""id_investment_amount"",""type"":""text""},""ts"":""2026-01-17T21:42:40.453Z""},{""type"":""click"",""detail"":{""tag"":""INPUT"",""name"":""imbalance_informative"",""id"":""id_imbalance_informative-0"",""type"":""radio""},""ts"":""2026-01-17T21:42:43.970Z""},{""type"":""input"",""detail"":{""tag"":""INPUT"",""name"":""imbalance_informative"",""id"":""id_imbalance_informative-0"",""type"":""radio""},""ts"":""2026-01-17T21:42:43.970Z""},{""type"":""click"",""detail"":{""tag"":""INPUT"",""name"":""return_forecast"",""id"":""id_return_forecast"",""type"":""text""},""ts"":""2026-01-17T21:42:44.946Z""},{""type"":""input"",""detail"":{""tag"":""INPUT"",""name"":""return_forecast"",""id"":""id_return_forecast"",""type"":""text""},""ts"":""2026-01-17T21:42:48.045Z""},{""type"":""click"",""detail"":{""tag"":""BUTTON"",""name"":null,""id"":null,""type"":""submit""},""ts"":""2026-01-17T21:42:51.196Z""},{""type"":""form-submit"",""detail"":{},""ts"":""2026-01-17T21:42:51.196Z""}]",1.0,-2.86297242693207,0.0,97.14,0.0,97.14,,0,151ug4w3,,,,,0,1,0,0.0,0,0.392670088943464,0,0.0,0.36890259348753185,0.0,0.4912479370739118,3.0,-1.366695535673143,0,1.0,0.576368590974633,0.11715824542054143,6.85983014535264,-1.74472968875482,10.7892074916721,31.771128632246,-2.86297242693207,-0.39369763527017837,0.840721739347476,0.0,0.0,0.576368590974633,0.0,0.0,0.241324535679374,27.86297242693207
52,24,1li97jle,563f734bcbd4c60005dc9442,0,49,52,post_exp,Demographics,2026-01-17 21:34:31.158499,1,,,1302.85,24,,98.57,-1.3019253188714883,,treatment,,0.0,10,1,1.0,,free_data,50.0,16.0,"[{""type"":""page-load"",""detail"":{""path"":""/p/1li97jle/main/Trade/15""},""ts"":""2026-01-17T21:38:42.124Z""},{""type"":""click"",""detail"":{""tag"":""INPUT"",""name"":""investment_amount"",""id"":""id_investment_amount"",""type"":""text""},""ts"":""2026-01-17T21:38:46.937Z""},{""type"":""input"",""detail"":{""tag"":""INPUT"",""name"":""investment_amount"",""id"":""id_investment_amount"",""type"":""text""},""ts"":""2026-01-17T21:38:47.843Z""},{""type"":""window-blur"",""detail"":{},""ts"":""2026-01-17T21:38:48.522Z""},{""type"":""window-focus"",""detail"":{},""ts"":""2026-01-17T21:38:49.937Z""},{""type"":""click"",""detail"":{""tag"":""INPUT"",""name"":""imbalance_informative"",""id"":""id_imbalance_informative-0"",""type"":""radio""},""ts"":""2026-01-17T21:38:49.940Z""},{""type"":""input"",""detail"":{""tag"":""INPUT"",""name"":""imbalance_informative"",""id"":""id_imbalance_informative-0"",""type"":""radio""},""ts"":""2026-01-17T21:38:49.940Z""},{""type"":""click"",""detail"":{""tag"":""INPUT"",""name"":""return_forecast"",""id"":""id_return_forecast"",""type"":""text""},""ts"":""2026-01-17T21:38:50.522Z""},{""type"":""input"",""detail"":{""tag"":""INPUT"",""name"":""return_forecast"",""id"":""id_return_forecast"",""type"":""text""},""ts"":""2026-01-17T21:38:51.634Z""},{""type"":""input"",""detail"":{""tag"":""INPUT"",""name"":""return_forecast"",""id"":""id_return_forecast"",""type"":""text""},""ts"":""2026-01-17T21:38:52.267Z""},{""type"":""click"",""detail"":{""tag"":""BUTTON"",""name"":null,""id"":null,""type"":""submit""},""ts"":""2026-01-17T21:38:52.762Z""},{""type"":""form-submit"",""detail"":{},""ts"":""2026-01-17T21:38:52.766Z""}]",1.0,-2.86297242693207,0.0,98.57,1.0,98.57,,0,151ug4w3,,,,,0,1,0,1.0,0,0.392670088943464,0,,,,-1.129870255269997,7.0,0.3272369592456818,0,0.5,0.576368590974633,0.11715824542054143,6.85983014535264,-1.74472968875482,10.7892074916721,31.771128632246,-2.86297242693207,-0.39369763527017837,0.840721739347476,0.576368590974633,0.0,0.576368590974633,0.11715824542054143,0.0,1.2766067937438883,18.86297242693207
53,26,8vxh54dk,672eda41e28ba46f845249df,0,52,52,post_exp,FinalForProlific,2026-01-17 21:37:19.026422,1,,,108.92,26,,99.57,-1.3019253188714883,,treatment,,0.0,6,1,1.0,,free_data,50.0,8.0,"[{""type"":""page-load"",""detail"":{""path"":""/p/8vxh54dk/main/Trade/15""},""ts"":""2026-01-17T21:44:32.074Z""},{""type"":""right-click"",""detail"":{""x"":833,""y"":400,""target"":""IMG""},""ts"":""2026-01-17T21:44:33.811Z""},{""type"":""contextmenu"",""detail"":{""x"":833,""y"":400,""target"":""IMG""},""ts"":""2026-01-17T21:44:33.873Z""},{""type"":""window-blur"",""detail"":{},""ts"":""2026-01-17T21:44:35.878Z""},{""type"":""visibilitychange"",""detail"":{""state"":""hidden""},""ts"":""2026-01-17T21:44:35.881Z""},{""type"":""visibilitychange"",""detail"":{""state"":""visible""},""ts"":""2026-01-17T21:45:05.106Z""},{""type"":""window-focus"",""detail"":{},""ts"":""2026-01-17T21:45:05.118Z""},{""type"":""click"",""detail"":{""tag"":""LABEL"",""name"":null,""id"":null,""type"":null},""ts"":""2026-01-17T21:45:06.649Z""},{""type"":""click"",""detail"":{""tag"":""INPUT"",""name"":""investment_amount"",""id"":""id_investment_amount"",""type"":""text""},""ts"":""2026-01-17T21:45:06.650Z""},{""type"":""input"",""detail"":{""tag"":""INPUT"",""name"":""investment_amount"",""id"":""id_investment_amount"",""type"":""text""},""ts"":""2026-01-17T21:45:07.894Z""},{""type"":""click"",""detail"":{""tag"":""INPUT"",""name"":""return_forecast"",""id"":""id_return_forecast"",""type"":""text""},""ts"":""2026-01-17T21:45:09.401Z""},{""type"":""input"",""detail"":{""tag"":""INPUT"",""name"":""return_forecast"",""id"":""id_return_forecast"",""type"":""text""},""ts"":""2026-01-17T21:45:10.293Z""},{""type"":""click"",""detail"":{""tag"":""INPUT"",""name"":""imbalance_informative"",""id"":""id_imbalance_informative-1"",""type"":""radio""},""ts"":""2026-01-17T21:45:12.232Z""},{""type"":""input"",""detail"":{""tag"":""INPUT"",""name"":""imbalance_informative"",""id"":""id_imbalance_informative-1"",""type"":""radio""},""ts"":""2026-01-17T21:45:12.232Z""},{""type"":""window-blur"",""detail"":{},""ts"":""2026-01-17T21:45:14.315Z""},{""type"":""visibilitychange"",""detail"":{""state"":""hidden""},""ts"":""2026-01-17T21:45:14.321Z""},{""type"":""visibilitychange"",""detail"":{""state"":""visible""},""ts"":""2026-01-17T21:45:16.527Z""},{""type"":""window-focus"",""detail"":{},""ts"":""2026-01-17T21:45:16.538Z""},{""type"":""click"",""detail"":{""tag"":""BUTTON"",""name"":null,""id"":null,""type"":""submit""},""ts"":""2026-01-17T21:45:17.592Z""},{""type"":""form-submit"",""detail"":{},""ts"":""2026-01-17T21:45:17.593Z""}]",0.0,-2.86297242693207,0.0,98.57,1.0,99.57,,0,151ug4w3,,,,,0,1,0,1.0,0,0.392670088943464,1,1.0,2.485556818415995,1.0,-1.129870255269997,8.0,0.7507200829753884,0,0.5,0.576368590974633,0.11715824542054143,6.85983014535264,-1.74472968875482,10.7892074916721,31.771128632246,-2.86297242693207,-0.39369763527017837,0.840721739347476,0.576368590974633,0.0,0.576368590974633,0.11715824542054143,0.0,1.2766067937438883,10.862972426932071
54,27,iwq8bj53,6272b9dfc470a51d5fa0e6ea,0,52,52,post_exp,FinalForProlific,2026-01-17 21:42:24.321475,1,,,114.56,27,,98.57,-1.3019253188714883,,treatment,,0.0,12,1,0.0,,free_data,50.0,5.0,"[{""type"":""page-load"",""detail"":{""path"":""/p/iwq8bj53/main/Trade/15""},""ts"":""2026-01-17T21:52:10.948Z""},{""type"":""click"",""detail"":{""tag"":""INPUT"",""name"":""investment_amount"",""id"":""id_investment_amount"",""type"":""text""},""ts"":""2026-01-17T21:52:28.497Z""},{""type"":""input"",""detail"":{""tag"":""INPUT"",""name"":""investment_amount"",""id"":""id_investment_amount"",""type"":""text""},""ts"":""2026-01-17T21:52:29.397Z""},{""type"":""click"",""detail"":{""tag"":""INPUT"",""name"":""imbalance_informative"",""id"":""id_imbalance_informative-0"",""type"":""radio""},""ts"":""2026-01-17T21:52:30.822Z""},{""type"":""input"",""detail"":{""tag"":""INPUT"",""name"":""imbalance_informative"",""id"":""id_imbalance_informative-0"",""type"":""radio""},""ts"":""2026-01-17T21:52:30.822Z""},{""type"":""click"",""detail"":{""tag"":""INPUT"",""name"":""return_forecast"",""id"":""id_return_forecast"",""type"":""text""},""ts"":""2026-01-17T21:52:31.530Z""},{""type"":""input"",""detail"":{""tag"":""INPUT"",""name"":""return_forecast"",""id"":""id_return_forecast"",""type"":""text""},""ts"":""2026-01-17T21:52:31.706Z""},{""type"":""click"",""detail"":{""tag"":""BUTTON"",""name"":null,""id"":null,""type"":""submit""},""ts"":""2026-01-17T21:52:32.728Z""},{""type"":""form-submit"",""detail"":{},""ts"":""2026-01-17T21:52:32.729Z""}]",1.0,-2.86297242693207,0.0,98.57,0.0,98.57,,0,151ug4w3,,,,,0,1,0,0.0,0,0.392670088943464,0,1.0,0.4535687624846704,1.0,0.4912479370739118,7.0,0.3272369592456818,0,0.5,0.576368590974633,0.11715824542054143,6.85983014535264,-1.74472968875482,10.7892074916721,31.771128632246,-2.86297242693207,-0.39369763527017837,0.840721739347476,0.0,0.0,0.576368590974633,0.0,0.0,0.241324535679374,7.86297242693207
55,28,5uy60pw0,5d6349209b22da000117b1bd,0,52,52,post_exp,FinalForProlific,2026-01-17 21:44:53.042884,1,,,109.31,28,,100.71,-1.3019253188714883,,treatment,,0.0,4,1,1.0,,free_data,10.0,21.0,"[{""type"":""page-load"",""detail"":{""path"":""/p/5uy60pw0/main/Trade/15""},""ts"":""2026-01-17T21:53:16.030Z""},{""type"":""click"",""detail"":{""tag"":""INPUT"",""name"":""investment_amount"",""id"":""id_investment_amount"",""type"":""text""},""ts"":""2026-01-17T21:53:21.264Z""},{""type"":""input"",""detail"":{""tag"":""INPUT"",""name"":""investment_amount"",""id"":""id_investment_amount"",""type"":""text""},""ts"":""2026-01-17T21:53:23.927Z""},{""type"":""input"",""detail"":{""tag"":""INPUT"",""name"":""investment_amount"",""id"":""id_investment_amount"",""type"":""text""},""ts"":""2026-01-17T21:53:24.799Z""},{""type"":""click"",""detail"":{""tag"":""INPUT"",""name"":""imbalance_informative"",""id"":""id_imbalance_informative-1"",""type"":""radio""},""ts"":""2026-01-17T21:53:27.535Z""},{""type"":""input"",""detail"":{""tag"":""INPUT"",""name"":""imbalance_informative"",""id"":""id_imbalance_informative-1"",""type"":""radio""},""ts"":""2026-01-17T21:53:27.535Z""},{""type"":""click"",""detail"":{""tag"":""INPUT"",""name"":""return_forecast"",""id"":""id_return_forecast"",""type"":""text""},""ts"":""2026-01-17T21:53:35.841Z""},{""type"":""input"",""detail"":{""tag"":""INPUT"",""name"":""return_forecast"",""id"":""id_return_forecast"",""type"":""text""},""ts"":""2026-01-17T21:54:01.112Z""},{""type"":""click"",""detail"":{""tag"":""BUTTON"",""name"":null,""id"":null,""type"":""submit""},""ts"":""2026-01-17T21:54:03.572Z""},{""type"":""form-submit"",""detail"":{},""ts"":""2026-01-17T21:54:03.573Z""}]",0.0,-2.86297242693207,0.0,99.71,1.0,100.71,,0,151ug4w3,,,,,0,1,0,1.0,0,0.392670088943464,0,0.0,0.36890259348753185,0.0,-0.04912479370739113,7.0,0.3272369592456818,0,0.1,0.576368590974633,0.11715824542054143,6.85983014535264,-1.74472968875482,10.7892074916721,31.771128632246,-2.86297242693207,-0.39369763527017837,0.840721739347476,0.576368590974633,0.0,0.576368590974633,0.11715824542054143,0.0,0.0024132453567937352,23.86297242693207
56,29,r8rvnx27,60e769ec9858960e8ad00886,0,52,52,post_exp,FinalForProlific,2026-01-17 21:45:48.803289,1,,,114.24,29,,98.14,-1.3019253188714883,,control,,0.0,4,1,-1.0,,free_data,100.0,5.0,"[{""type"":""page-load"",""detail"":{""path"":""/p/r8rvnx27/main/Trade/15""},""ts"":""2026-01-17T21:54:54.990Z""},{""type"":""click"",""detail"":{""tag"":""INPUT"",""name"":""imbalance_informative"",""id"":""id_imbalance_informative-1"",""type"":""radio""},""ts"":""2026-01-17T21:54:59.539Z""},{""type"":""input"",""detail"":{""tag"":""INPUT"",""name"":""imbalance_informative"",""id"":""id_imbalance_informative-1"",""type"":""radio""},""ts"":""2026-01-17T21:54:59.539Z""},{""type"":""click"",""detail"":{""tag"":""INPUT"",""name"":""investment_amount"",""id"":""id_investment_amount"",""type"":""text""},""ts"":""2026-01-17T21:55:01.084Z""},{""type"":""input"",""detail"":{""tag"":""INPUT"",""name"":""investment_amount"",""id"":""id_investment_amount"",""type"":""text""},""ts"":""2026-01-17T21:55:05.293Z""},{""type"":""input"",""detail"":{""tag"":""INPUT"",""name"":""investment_amount"",""id"":""id_investment_amount"",""type"":""text""},""ts"":""2026-01-17T21:55:05.798Z""},{""type"":""click"",""detail"":{""tag"":""INPUT"",""name"":""return_forecast"",""id"":""id_return_forecast"",""type"":""text""},""ts"":""2026-01-17T21:55:06.683Z""},{""type"":""input"",""detail"":{""tag"":""INPUT"",""name"":""return_forecast"",""id"":""id_return_forecast"",""type"":""text""},""ts"":""2026-01-17T21:55:07.916Z""},{""type"":""click"",""detail"":{""tag"":""BUTTON"",""name"":null,""id"":null,""type"":""submit""},""ts"":""2026-01-17T21:55:08.961Z""},{""type"":""form-submit"",""detail"":{},""ts"":""2026-01-17T21:55:08.965Z""}]",0.0,-2.86297242693207,0.0,97.14,2.0,98.14,,0,151ug4w3,,,,,0,0,0,-0.0,0,-0.08726001976521408,0,0.0,0.7922334384732245,0.0,0.4912479370739118,0.0,-2.2842423037541724,0,1.0,0.576368590974633,0.11715824542054143,6.85983014535264,-1.74472968875482,10.7892074916721,31.771128632246,-2.86297242693207,-0.39369763527017837,0.840721739347476,-0.0,0.0,0.0,-0.0,0.0,0.241324535679374,7.86297242693207
57,30,9ioh8yjj,5a501c26eedc32000141f4f2,0,52,52,post_exp,FinalForProlific,2026-01-17 21:52:21.858087,1,,,110.45,30,,98.85,-1.3019253188714883,,treatment,,0.0,11,1,0.0,,free_data,40.0,40.0,"[{""type"":""page-load"",""detail"":{""path"":""/p/9ioh8yjj/main/Trade/15""},""ts"":""2026-01-17T22:40:52.189Z""},{""type"":""click"",""detail"":{""tag"":""INPUT"",""name"":""investment_amount"",""id"":""id_investment_amount"",""type"":""text""},""ts"":""2026-01-17T22:40:59.436Z""},{""type"":""input"",""detail"":{""tag"":""INPUT"",""name"":""investment_amount"",""id"":""id_investment_amount"",""type"":""text""},""ts"":""2026-01-17T22:41:00.320Z""},{""type"":""click"",""detail"":{""tag"":""INPUT"",""name"":""imbalance_informative"",""id"":""id_imbalance_informative-0"",""type"":""radio""},""ts"":""2026-01-17T22:41:01.807Z""},{""type"":""input"",""detail"":{""tag"":""INPUT"",""name"":""imbalance_informative"",""id"":""id_imbalance_informative-0"",""type"":""radio""},""ts"":""2026-01-17T22:41:01.807Z""},{""type"":""click"",""detail"":{""tag"":""INPUT"",""name"":""return_forecast"",""id"":""id_return_forecast"",""type"":""text""},""ts"":""2026-01-17T22:41:02.373Z""},{""type"":""click"",""detail"":{""tag"":""LABEL"",""name"":null,""id"":null,""type"":null},""ts"":""2026-01-17T22:41:11.259Z""},{""type"":""click"",""detail"":{""tag"":""INPUT"",""name"":""return_forecast"",""id"":""id_return_forecast"",""type"":""text""},""ts"":""2026-01-17T22:41:11.260Z""},{""type"":""input"",""detail"":{""tag"":""INPUT"",""name"":""return_forecast"",""id"":""id_return_forecast"",""type"":""text""},""ts"":""2026-01-17T22:41:11.997Z""},{""type"":""click"",""detail"":{""tag"":""BUTTON"",""name"":null,""id"":null,""type"":""submit""},""ts"":""2026-01-17T22:41:13.024Z""},{""type"":""form-submit"",""detail"":{},""ts"":""2026-01-17T22:41:13.025Z""}]",1.0,-2.86297242693207,0.0,98.85,0.0,98.85,,0,151ug4w3,,,,,0,1,0,0.0,0,-2.4869105633086037,0,0.0,-1.409086955452377,1.0,2.1123661294178206,4.0,1.1742032067050947,0,0.4,0.576368590974633,0.11715824542054143,6.85983014535264,-1.74472968875482,10.7892074916721,31.771128632246,-2.86297242693207,-0.39369763527017837,0.840721739347476,0.0,0.0,0.576368590974633,0.0,0.0,4.462090664711625,42.86297242693207
58,31,joi0mcuh,69669328636e175b3d4155dc,0,52,52,post_exp,FinalForProlific,2026-01-17 21:52:45.868789,1,,,111.6,31,,101.0,-1.3019253188714883,,treatment,,0.0,8,1,1.0,,free_data,0.0,-10.0,"[{""type"":""page-load"",""detail"":{""path"":""/p/joi0mcuh/main/Trade/15""},""ts"":""2026-01-17T22:04:45.885Z""},{""type"":""click"",""detail"":{""tag"":""INPUT"",""name"":""investment_amount"",""id"":""id_investment_amount"",""type"":""text""},""ts"":""2026-01-17T22:05:25.269Z""},{""type"":""input"",""detail"":{""tag"":""INPUT"",""name"":""investment_amount"",""id"":""id_investment_amount"",""type"":""text""},""ts"":""2026-01-17T22:05:32.805Z""},{""type"":""click"",""detail"":{""tag"":""INPUT"",""name"":""imbalance_informative"",""id"":""id_imbalance_informative-1"",""type"":""radio""},""ts"":""2026-01-17T22:05:35.319Z""},{""type"":""input"",""detail"":{""tag"":""INPUT"",""name"":""imbalance_informative"",""id"":""id_imbalance_informative-1"",""type"":""radio""},""ts"":""2026-01-17T22:05:35.319Z""},{""type"":""click"",""detail"":{""tag"":""LABEL"",""name"":null,""id"":null,""type"":null},""ts"":""2026-01-17T22:05:36.602Z""},{""type"":""click"",""detail"":{""tag"":""INPUT"",""name"":""return_forecast"",""id"":""id_return_forecast"",""type"":""text""},""ts"":""2026-01-17T22:05:36.603Z""},{""type"":""click"",""detail"":{""tag"":""INPUT"",""name"":""return_forecast"",""id"":""id_return_forecast"",""type"":""text""},""ts"":""2026-01-17T22:05:37.136Z""},{""type"":""input"",""detail"":{""tag"":""INPUT"",""name"":""return_forecast"",""id"":""id_return_forecast"",""type"":""text""},""ts"":""2026-01-17T22:05:37.821Z""},{""type"":""input"",""detail"":{""tag"":""INPUT"",""name"":""return_forecast"",""id"":""id_return_forecast"",""type"":""text""},""ts"":""2026-01-17T22:05:38.601Z""},{""type"":""click"",""detail"":{""tag"":""BUTTON"",""name"":null,""id"":null,""type"":""submit""},""ts"":""2026-01-17T22:05:40.185Z""},{""type"":""form-submit"",""detail"":{},""ts"":""2026-01-17T22:05:40.185Z""}]",0.0,-2.86297242693207,0.0,100.0,1.0,101.0,,0,151ug4w3,,,,,0,1,0,1.0,0,1.3525303063608196,0,0.0,-0.22376058949243777,1.0,2.1123661294178206,8.0,0.044914876759211554,0,0.0,0.576368590974633,0.11715824542054143,6.85983014535264,-1.74472968875482,10.7892074916721,31.771128632246,-2.86297242693207,-0.39369763527017837,0.840721739347476,0.576368590974633,0.0,0.576368590974633,0.11715824542054143,0.0,4.462090664711625,7.13702757306793
59,33,4tbjlhuv,598c4b28cceb0f0001b39675,0,52,52,post_exp,FinalForProlific,2026-01-17 21:57:26.669322,1,,,111.62,33,,100.14,-1.3019253188714883,,control,,0.0,6,1,-1.0,,free_data,30.0,30.0,"[{""type"":""page-load"",""detail"":{""path"":""/p/4tbjlhuv/main/Trade/15""},""ts"":""2026-01-17T22:06:47.798Z""},{""type"":""click"",""detail"":{""tag"":""INPUT"",""name"":""imbalance_informative"",""id"":""id_imbalance_informative-1"",""type"":""radio""},""ts"":""2026-01-17T22:06:56.793Z""},{""type"":""input"",""detail"":{""tag"":""INPUT"",""name"":""imbalance_informative"",""id"":""id_imbalance_informative-1"",""type"":""radio""},""ts"":""2026-01-17T22:06:56.793Z""},{""type"":""click"",""detail"":{""tag"":""INPUT"",""name"":""return_forecast"",""id"":""id_return_forecast"",""type"":""text""},""ts"":""2026-01-17T22:07:01.003Z""},{""type"":""input"",""detail"":{""tag"":""INPUT"",""name"":""return_forecast"",""id"":""id_return_forecast"",""type"":""text""},""ts"":""2026-01-17T22:07:01.878Z""},{""type"":""click"",""detail"":{""tag"":""INPUT"",""name"":""investment_amount"",""id"":""id_investment_amount"",""type"":""text""},""ts"":""2026-01-17T22:07:02.878Z""},{""type"":""input"",""detail"":{""tag"":""INPUT"",""name"":""investment_amount"",""id"":""id_investment_amount"",""type"":""text""},""ts"":""2026-01-17T22:07:03.352Z""},{""type"":""click"",""detail"":{""tag"":""BUTTON"",""name"":null,""id"":null,""type"":""submit""},""ts"":""2026-01-17T22:07:04.170Z""},{""type"":""form-submit"",""detail"":{},""ts"":""2026-01-17T22:07:04.194Z""}]",0.0,-2.86297242693207,0.0,99.14,1.0,100.14,,0,151ug4w3,,,,,0,0,0,-0.0,0,0.8726001976521415,0,0.0,0.4535687624846704,1.0,-1.129870255269997,7.0,-0.025665643862406367,0,0.3,0.576368590974633,0.11715824542054143,6.85983014535264,-1.74472968875482,10.7892074916721,31.771128632246,-2.86297242693207,-0.39369763527017837,0.840721739347476,-0.0,0.0,0.0,-0.0,0.0,1.2766067937438883,32.86297242693207
60,34,4pzjsb2b,67580f69a9a3cb759240904b,0,52,52,post_exp,FinalForProlific,2026-01-17 21:58:30.170718,1,,,106.49,34,,100.0,-1.3019253188714883,,treatment,,0.0,10,1,1.0,,free_data,0.0,-10.0,"[{""type"":""page-load"",""detail"":{""path"":""/p/4pzjsb2b/main/Trade/15""},""ts"":""2026-01-17T22:04:46.497Z""},{""type"":""click"",""detail"":{""tag"":""INPUT"",""name"":""investment_amount"",""id"":""id_investment_amount"",""type"":""text""},""ts"":""2026-01-17T22:05:00.653Z""},{""type"":""input"",""detail"":{""tag"":""INPUT"",""name"":""investment_amount"",""id"":""id_investment_amount"",""type"":""text""},""ts"":""2026-01-17T22:05:01.390Z""},{""type"":""input"",""detail"":{""tag"":""INPUT"",""name"":""investment_amount"",""id"":""id_investment_amount"",""type"":""text""},""ts"":""2026-01-17T22:05:01.903Z""},{""type"":""input"",""detail"":{""tag"":""INPUT"",""name"":""investment_amount"",""id"":""id_investment_amount"",""type"":""text""},""ts"":""2026-01-17T22:05:07.906Z""},{""type"":""click"",""detail"":{""tag"":""INPUT"",""name"":""imbalance_informative"",""id"":""id_imbalance_informative-0"",""type"":""radio""},""ts"":""2026-01-17T22:05:10.661Z""},{""type"":""input"",""detail"":{""tag"":""INPUT"",""name"":""imbalance_informative"",""id"":""id_imbalance_informative-0"",""type"":""radio""},""ts"":""2026-01-17T22:05:10.661Z""},{""type"":""click"",""detail"":{""tag"":""INPUT"",""name"":""return_forecast"",""id"":""id_return_forecast"",""type"":""text""},""ts"":""2026-01-17T22:05:11.504Z""},{""type"":""click"",""detail"":{""tag"":""INPUT"",""name"":""return_forecast"",""id"":""id_return_forecast"",""type"":""text""},""ts"":""2026-01-17T22:05:16.222Z""},{""type"":""input"",""detail"":{""tag"":""INPUT"",""name"":""return_forecast"",""id"":""id_return_forecast"",""type"":""text""},""ts"":""2026-01-17T22:05:16.655Z""},{""type"":""input"",""detail"":{""tag"":""INPUT"",""name"":""return_forecast"",""id"":""id_return_forecast"",""type"":""text""},""ts"":""2026-01-17T22:05:17.253Z""},{""type"":""input"",""detail"":{""tag"":""INPUT"",""name"":""return_forecast"",""id"":""id_return_forecast"",""type"":""text""},""ts"":""2026-01-17T22:05:17.759Z""},{""type"":""click"",""detail"":{""tag"":""BUTTON"",""name"":null,""id"":null,""type"":""submit""},""ts"":""2026-01-17T22:05:19.465Z""},{""type"":""form-submit"",""detail"":{},""ts"":""2026-01-17T22:05:19.466Z""}]",1.0,-2.86297242693207,0.0,100.0,0.0,100.0,,0,151ug4w3,,,,,0,1,0,1.0,0,1.3525303063608196,0,0.0,1.3002304524560555,1.0,-1.129870255269997,7.0,-0.378568246970495,0,0.0,0.576368590974633,0.11715824542054143,6.85983014535264,-1.74472968875482,10.7892074916721,31.771128632246,-2.86297242693207,-0.39369763527017837,0.840721739347476,0.576368590974633,0.0,0.576368590974633,0.11715824542054143,0.0,1.2766067937438883,7.13702757306793
61,35,fcwg96au,5848ad3bdb871400012da095,0,52,52,post_exp,FinalForProlific,2026-01-17 22:00:16.297158,1,,,108.19,35,,99.71,-1.3019253188714883,,treatment,,0.0,10,1,1.0,,free_data,10.0,7.0,"[{""type"":""page-load"",""detail"":{""path"":""/p/fcwg96au/main/Trade/15""},""ts"":""2026-01-17T22:07:39.243Z""},{""type"":""click"",""detail"":{""tag"":""INPUT"",""name"":""investment_amount"",""id"":""id_investment_amount"",""type"":""text""},""ts"":""2026-01-17T22:07:44.198Z""},{""type"":""input"",""detail"":{""tag"":""INPUT"",""name"":""investment_amount"",""id"":""id_investment_amount"",""type"":""text""},""ts"":""2026-01-17T22:07:45.079Z""},{""type"":""click"",""detail"":{""tag"":""INPUT"",""name"":""imbalance_informative"",""id"":""id_imbalance_informative-0"",""type"":""radio""},""ts"":""2026-01-17T22:07:47.791Z""},{""type"":""input"",""detail"":{""tag"":""INPUT"",""name"":""imbalance_informative"",""id"":""id_imbalance_informative-0"",""type"":""radio""},""ts"":""2026-01-17T22:07:47.791Z""},{""type"":""click"",""detail"":{""tag"":""INPUT"",""name"":""return_forecast"",""id"":""id_return_forecast"",""type"":""text""},""ts"":""2026-01-17T22:07:48.441Z""},{""type"":""input"",""detail"":{""tag"":""INPUT"",""name"":""return_forecast"",""id"":""id_return_forecast"",""type"":""text""},""ts"":""2026-01-17T22:07:49.060Z""},{""type"":""click"",""detail"":{""tag"":""BUTTON"",""name"":null,""id"":null,""type"":""submit""},""ts"":""2026-01-17T22:07:50.946Z""},{""type"":""form-submit"",""detail"":{},""ts"":""2026-01-17T22:07:50.947Z""}]",1.0,-2.86297242693207,0.0,99.71,0.0,99.71,,0,151ug4w3,,,,,0,1,0,1.0,0,-0.08726001976521408,1,0.0,-0.3084267584895763,1.0,1.0316206678552147,1.0,-1.8607591800244665,0,0.1,0.576368590974633,0.11715824542054143,6.85983014535264,-1.74472968875482,10.7892074916721,31.771128632246,-2.86297242693207,-0.39369763527017837,0.840721739347476,0.576368590974633,0.0,0.576368590974633,0.11715824542054143,0.0,1.0642412023460393,9.862972426932071
62,37,4d34f1nl,692f221e98e3cdcf10465812,0,52,52,post_exp,FinalForProlific,2026-01-17 22:07:34.984862,1,,,112.1,37,,99.14,-1.3019253188714883,,control,,0.0,6,1,-1.0,,free_data,30.0,10.0,"[{""type"":""page-load"",""detail"":{""path"":""/p/4d34f1nl/main/Trade/15""},""ts"":""2026-01-17T22:24:19.877Z""},{""type"":""window-blur"",""detail"":{},""ts"":""2026-01-17T22:24:22.198Z""},{""type"":""visibilitychange"",""detail"":{""state"":""hidden""},""ts"":""2026-01-17T22:24:22.198Z""},{""type"":""visibilitychange"",""detail"":{""state"":""visible""},""ts"":""2026-01-17T22:25:18.280Z""},{""type"":""window-focus"",""detail"":{},""ts"":""2026-01-17T22:25:18.285Z""},{""type"":""window-blur"",""detail"":{},""ts"":""2026-01-17T22:25:20.253Z""},{""type"":""visibilitychange"",""detail"":{""state"":""hidden""},""ts"":""2026-01-17T22:25:20.253Z""},{""type"":""visibilitychange"",""detail"":{""state"":""visible""},""ts"":""2026-01-17T22:25:33.922Z""},{""type"":""window-focus"",""detail"":{},""ts"":""2026-01-17T22:25:33.927Z""},{""type"":""window-blur"",""detail"":{},""ts"":""2026-01-17T22:25:35.399Z""},{""type"":""visibilitychange"",""detail"":{""state"":""hidden""},""ts"":""2026-01-17T22:25:35.400Z""},{""type"":""visibilitychange"",""detail"":{""state"":""visible""},""ts"":""2026-01-17T22:25:38.540Z""},{""type"":""window-focus"",""detail"":{},""ts"":""2026-01-17T22:25:38.546Z""},{""type"":""window-blur"",""detail"":{},""ts"":""2026-01-17T22:25:40.326Z""},{""type"":""visibilitychange"",""detail"":{""state"":""hidden""},""ts"":""2026-01-17T22:25:40.326Z""},{""type"":""visibilitychange"",""detail"":{""state"":""visible""},""ts"":""2026-01-17T22:26:07.610Z""},{""type"":""window-focus"",""detail"":{},""ts"":""2026-01-17T22:26:07.624Z""},{""type"":""click"",""detail"":{""tag"":""INPUT"",""name"":""investment_amount"",""id"":""id_investment_amount"",""type"":""text""},""ts"":""2026-01-17T22:26:09.197Z""},{""type"":""window-blur"",""detail"":{},""ts"":""2026-01-17T22:26:12.929Z""},{""type"":""visibilitychange"",""detail"":{""state"":""hidden""},""ts"":""2026-01-17T22:26:12.930Z""},{""type"":""visibilitychange"",""detail"":{""state"":""visible""},""ts"":""2026-01-17T22:26:50.106Z""},{""type"":""window-focus"",""detail"":{},""ts"":""2026-01-17T22:26:50.115Z""},{""type"":""input"",""detail"":{""tag"":""INPUT"",""name"":""investment_amount"",""id"":""id_investment_amount"",""type"":""text""},""ts"":""2026-01-17T22:26:50.784Z""},{""type"":""input"",""detail"":{""tag"":""INPUT"",""name"":""investment_amount"",""id"":""id_investment_amount"",""type"":""text""},""ts"":""2026-01-17T22:26:51.955Z""},{""type"":""input"",""detail"":{""tag"":""INPUT"",""name"":""investment_amount"",""id"":""id_investment_amount"",""type"":""text""},""ts"":""2026-01-17T22:26:52.816Z""},{""type"":""click"",""detail"":{""tag"":""LABEL"",""name"":null,""id"":null,""type"":null},""ts"":""2026-01-17T22:26:53.959Z""},{""type"":""click"",""detail"":{""tag"":""INPUT"",""name"":""imbalance_informative"",""id"":""id_imbalance_informative-0"",""type"":""radio""},""ts"":""2026-01-17T22:26:53.961Z""},{""type"":""input"",""detail"":{""tag"":""INPUT"",""name"":""imbalance_informative"",""id"":""id_imbalance_informative-0"",""type"":""radio""},""ts"":""2026-01-17T22:26:53.961Z""},{""type"":""click"",""detail"":{""tag"":""INPUT"",""name"":""return_forecast"",""id"":""id_return_forecast"",""type"":""text""},""ts"":""2026-01-17T22:26:54.511Z""},{""type"":""input"",""detail"":{""tag"":""INPUT"",""name"":""return_forecast"",""id"":""id_return_forecast"",""type"":""text""},""ts"":""2026-01-17T22:26:55.001Z""},{""type"":""input"",""detail"":{""tag"":""INPUT"",""name"":""return_forecast"",""id"":""id_return_forecast"",""type"":""text""},""ts"":""2026-01-17T22:26:55.767Z""},{""type"":""input"",""detail"":{""tag"":""INPUT"",""name"":""return_forecast"",""id"":""id_return_forecast"",""type"":""text""},""ts"":""2026-01-17T22:26:56.520Z""},{""type"":""window-blur"",""detail"":{},""ts"":""2026-01-17T22:26:57.636Z""},{""type"":""visibilitychange"",""detail"":{""state"":""hidden""},""ts"":""2026-01-17T22:26:57.637Z""},{""type"":""visibilitychange"",""detail"":{""state"":""visible""},""ts"":""2026-01-17T22:27:04.311Z""},{""type"":""window-focus"",""detail"":{},""ts"":""2026-01-17T22:27:04.321Z""},{""type"":""window-blur"",""detail"":{},""ts"":""2026-01-17T22:27:04.592Z""},{""type"":""visibilitychange"",""detail"":{""state"":""hidden""},""ts"":""2026-01-17T22:27:04.593Z""},{""type"":""visibilitychange"",""detail"":{""state"":""visible""},""ts"":""2026-01-17T22:27:05.470Z""},{""type"":""window-focus"",""detail"":{},""ts"":""2026-01-17T22:27:05.483Z""},{""type"":""window-blur"",""detail"":{},""ts"":""2026-01-17T22:27:06.238Z""},{""type"":""visibilitychange"",""detail"":{""state"":""hidden""},""ts"":""2026-01-17T22:27:06.238Z""},{""type"":""visibilitychange"",""detail"":{""state"":""visible""},""ts"":""2026-01-17T22:27:06.658Z""},{""type"":""window-focus"",""detail"":{},""ts"":""2026-01-17T22:27:06.667Z""},{""type"":""click"",""detail"":{""tag"":""BUTTON"",""name"":null,""id"":null,""type"":""submit""},""ts"":""2026-01-17T22:27:07.746Z""},{""type"":""form-submit"",""detail"":{},""ts"":""2026-01-17T22:27:07.747Z""}]",1.0,-2.86297242693207,0.0,99.14,1.0,99.14,,0,151ug4w3,,,,,0,0,0,-0.0,0,-0.08726001976521408,0,0.0,-1.7477516314409312,0.0,-0.5894975244886941,7.0,0.6801395623537705,0,0.3,0.576368590974633,0.11715824542054143,6.85983014535264,-1.74472968875482,10.7892074916721,31.771128632246,-2.86297242693207,-0.39369763527017837,0.840721739347476,-0.0,0.0,0.0,-0.0,0.0,0.3475073313782985,12.862972426932071
63,38,d8aqe2fa,650b03136ab3d4c832d98b71,0,52,52,post_exp,FinalForProlific,2026-01-17 22:08:13.439724,1,,,118.99,38,,98.14,-1.3019253188714883,,treatment,,0.0,5,1,1.0,,free_data,65.0,10.0,"[{""type"":""page-load"",""detail"":{""path"":""/p/d8aqe2fa/main/Trade/15""},""ts"":""2026-01-17T22:15:36.127Z""},{""type"":""copy"",""detail"":{""types"":[],""hasImage"":true,""hasFiles"":false},""ts"":""2026-01-17T22:15:38.883Z""},{""type"":""window-blur"",""detail"":{},""ts"":""2026-01-17T22:15:39.335Z""},{""type"":""window-focus"",""detail"":{},""ts"":""2026-01-17T22:15:39.926Z""},{""type"":""right-click"",""detail"":{""x"":1192,""y"":369,""target"":""IMG""},""ts"":""2026-01-17T22:15:40.260Z""},{""type"":""contextmenu"",""detail"":{""x"":1192,""y"":369,""target"":""IMG""},""ts"":""2026-01-17T22:15:40.301Z""},{""type"":""window-blur"",""detail"":{},""ts"":""2026-01-17T22:15:41.373Z""},{""type"":""window-focus"",""detail"":{},""ts"":""2026-01-17T22:15:43.829Z""},{""type"":""window-blur"",""detail"":{},""ts"":""2026-01-17T22:15:44.408Z""},{""type"":""visibilitychange"",""detail"":{""state"":""hidden""},""ts"":""2026-01-17T22:15:44.412Z""},{""type"":""visibilitychange"",""detail"":{""state"":""visible""},""ts"":""2026-01-17T22:15:44.892Z""},{""type"":""window-focus"",""detail"":{},""ts"":""2026-01-17T22:15:44.967Z""},{""type"":""click"",""detail"":{""tag"":""INPUT"",""name"":""investment_amount"",""id"":""id_investment_amount"",""type"":""text""},""ts"":""2026-01-17T22:16:05.563Z""},{""type"":""input"",""detail"":{""tag"":""INPUT"",""name"":""investment_amount"",""id"":""id_investment_amount"",""type"":""text""},""ts"":""2026-01-17T22:16:06.285Z""},{""type"":""click"",""detail"":{""tag"":""LABEL"",""name"":null,""id"":null,""type"":null},""ts"":""2026-01-17T22:16:07.565Z""},{""type"":""click"",""detail"":{""tag"":""INPUT"",""name"":""imbalance_informative"",""id"":""id_imbalance_informative-0"",""type"":""radio""},""ts"":""2026-01-17T22:16:07.566Z""},{""type"":""input"",""detail"":{""tag"":""INPUT"",""name"":""imbalance_informative"",""id"":""id_imbalance_informative-0"",""type"":""radio""},""ts"":""2026-01-17T22:16:07.566Z""},{""type"":""click"",""detail"":{""tag"":""INPUT"",""name"":""return_forecast"",""id"":""id_return_forecast"",""type"":""text""},""ts"":""2026-01-17T22:16:08.101Z""},{""type"":""input"",""detail"":{""tag"":""INPUT"",""name"":""return_forecast"",""id"":""id_return_forecast"",""type"":""text""},""ts"":""2026-01-17T22:16:08.371Z""},{""type"":""click"",""detail"":{""tag"":""BUTTON"",""name"":null,""id"":null,""type"":""submit""},""ts"":""2026-01-17T22:16:15.085Z""},{""type"":""form-submit"",""detail"":{},""ts"":""2026-01-17T22:16:15.086Z""}]",1.0,-2.86297242693207,0.0,98.14,1.0,98.14,,0,151ug4w3,,,,,0,1,0,1.0,0,1.3525303063608196,0,1.0,-0.5624252654809918,0.0,-0.5894975244886941,6.0,-0.8020513707002012,0,0.65,0.576368590974633,0.11715824542054143,6.85983014535264,-1.74472968875482,10.7892074916721,31.771128632246,-2.86297242693207,-0.39369763527017837,0.840721739347476,0.576368590974633,0.0,0.576368590974633,0.11715824542054143,0.0,0.3475073313782985,12.862972426932071
64,39,35jj3mv4,666445e5b72745f04a4f57d6,0,52,52,post_exp,FinalForProlific,2026-01-17 22:10:39.908203,1,,,115.9,39,,99.0,-1.3019253188714883,,treatment,,0.0,5,1,0.0,,free_data,70.0,12.0,"[{""type"":""page-load"",""detail"":{""path"":""/p/35jj3mv4/main/Trade/15""},""ts"":""2026-01-17T22:22:01.587Z""},{""type"":""click"",""detail"":{""tag"":""INPUT"",""name"":""investment_amount"",""id"":""id_investment_amount"",""type"":""text""},""ts"":""2026-01-17T22:22:18.361Z""},{""type"":""input"",""detail"":{""tag"":""INPUT"",""name"":""investment_amount"",""id"":""id_investment_amount"",""type"":""text""},""ts"":""2026-01-17T22:22:19.658Z""},{""type"":""input"",""detail"":{""tag"":""INPUT"",""name"":""investment_amount"",""id"":""id_investment_amount"",""type"":""text""},""ts"":""2026-01-17T22:22:21.100Z""},{""type"":""click"",""detail"":{""tag"":""INPUT"",""name"":""imbalance_informative"",""id"":""id_imbalance_informative-1"",""type"":""radio""},""ts"":""2026-01-17T22:22:24.710Z""},{""type"":""input"",""detail"":{""tag"":""INPUT"",""name"":""imbalance_informative"",""id"":""id_imbalance_informative-1"",""type"":""radio""},""ts"":""2026-01-17T22:22:24.710Z""},{""type"":""click"",""detail"":{""tag"":""INPUT"",""name"":""return_forecast"",""id"":""id_return_forecast"",""type"":""text""},""ts"":""2026-01-17T22:22:26.144Z""},{""type"":""click"",""detail"":{""tag"":""BUTTON"",""name"":null,""id"":null,""type"":""submit""},""ts"":""2026-01-17T22:22:35.028Z""},{""type"":""click"",""detail"":{""tag"":""INPUT"",""name"":""return_forecast"",""id"":""id_return_forecast"",""type"":""text""},""ts"":""2026-01-17T22:22:37.017Z""},{""type"":""input"",""detail"":{""tag"":""INPUT"",""name"":""return_forecast"",""id"":""id_return_forecast"",""type"":""text""},""ts"":""2026-01-17T22:22:37.392Z""},{""type"":""click"",""detail"":{""tag"":""BUTTON"",""name"":null,""id"":null,""type"":""submit""},""ts"":""2026-01-17T22:22:38.769Z""},{""type"":""form-submit"",""detail"":{},""ts"":""2026-01-17T22:22:38.774Z""}]",0.0,-2.86297242693207,0.0,98.0,1.0,99.0,,0,151ug4w3,,,,,0,1,0,0.0,0,1.3525303063608196,0,0.0,1.215564283458917,1.0,-0.04912479370739113,6.0,-0.8020513707002012,0,0.7,0.576368590974633,0.11715824542054143,6.85983014535264,-1.74472968875482,10.7892074916721,31.771128632246,-2.86297242693207,-0.39369763527017837,0.840721739347476,0.0,0.0,0.576368590974633,0.0,0.0,0.0024132453567937352,14.862972426932071
65,40,7czue3k2,5cad1eef8ed53d00180d2532,0,52,52,post_exp,FinalForProlific,2026-01-17 22:23:11.563870,1,,,110.19,40,,100.86,-1.3019253188714883,,treatment,,0.0,13,1,1.0,,free_data,5.0,10.0,"[{""type"":""page-load"",""detail"":{""path"":""/p/7czue3k2/main/Trade/15""},""ts"":""2026-01-17T22:34:29.774Z""},{""type"":""click"",""detail"":{""tag"":""INPUT"",""name"":""imbalance_informative"",""id"":""id_imbalance_informative-0"",""type"":""radio""},""ts"":""2026-01-17T22:34:43.270Z""},{""type"":""input"",""detail"":{""tag"":""INPUT"",""name"":""imbalance_informative"",""id"":""id_imbalance_informative-0"",""type"":""radio""},""ts"":""2026-01-17T22:34:43.270Z""},{""type"":""click"",""detail"":{""tag"":""INPUT"",""name"":""imbalance_informative"",""id"":""id_imbalance_informative-1"",""type"":""radio""},""ts"":""2026-01-17T22:35:06.995Z""},{""type"":""input"",""detail"":{""tag"":""INPUT"",""name"":""imbalance_informative"",""id"":""id_imbalance_informative-1"",""type"":""radio""},""ts"":""2026-01-17T22:35:06.995Z""},{""type"":""click"",""detail"":{""tag"":""INPUT"",""name"":""investment_amount"",""id"":""id_investment_amount"",""type"":""text""},""ts"":""2026-01-17T22:35:07.695Z""},{""type"":""input"",""detail"":{""tag"":""INPUT"",""name"":""investment_amount"",""id"":""id_investment_amount"",""type"":""text""},""ts"":""2026-01-17T22:35:13.080Z""},{""type"":""click"",""detail"":{""tag"":""INPUT"",""name"":""return_forecast"",""id"":""id_return_forecast"",""type"":""text""},""ts"":""2026-01-17T22:35:14.283Z""},{""type"":""input"",""detail"":{""tag"":""INPUT"",""name"":""return_forecast"",""id"":""id_return_forecast"",""type"":""text""},""ts"":""2026-01-17T22:35:19.342Z""},{""type"":""click"",""detail"":{""tag"":""BUTTON"",""name"":null,""id"":null,""type"":""submit""},""ts"":""2026-01-17T22:35:21.205Z""},{""type"":""form-submit"",""detail"":{},""ts"":""2026-01-17T22:35:21.213Z""}]",0.0,-2.86297242693207,0.0,99.86,1.0,100.86,,0,151ug4w3,,,,,0,1,0,1.0,0,-2.0069804545999257,1,0.0,-1.1550884484609614,0.0,-0.5894975244886941,2.0,-0.025665643862406367,0,0.05,0.576368590974633,0.11715824542054143,6.85983014535264,-1.74472968875482,10.7892074916721,31.771128632246,-2.86297242693207,-0.39369763527017837,0.840721739347476,0.576368590974633,0.0,0.576368590974633,0.11715824542054143,0.0,0.3475073313782985,12.862972426932071
66,1,0zkzl65f,64df6c0375d740bb235620f5,0,52,52,post_exp,FinalForProlific,2026-01-17 21:20:10.774463,1,,,140.11,1,,111.89,-1.012608581344491,,control,,0.0,11,1,-1.0,,free_data,100.0,15.0,"[{""type"":""page-load"",""detail"":{""path"":""/p/0zkzl65f/main/Trade/18""},""ts"":""2026-01-17T21:32:37.394Z""},{""type"":""click"",""detail"":{""tag"":""INPUT"",""name"":""investment_amount"",""id"":""id_investment_amount"",""type"":""text""},""ts"":""2026-01-17T21:32:44.586Z""},{""type"":""input"",""detail"":{""tag"":""INPUT"",""name"":""investment_amount"",""id"":""id_investment_amount"",""type"":""text""},""ts"":""2026-01-17T21:32:45.098Z""},{""type"":""click"",""detail"":{""tag"":""INPUT"",""name"":""imbalance_informative"",""id"":""id_imbalance_informative-1"",""type"":""radio""},""ts"":""2026-01-17T21:32:51.882Z""},{""type"":""input"",""detail"":{""tag"":""INPUT"",""name"":""imbalance_informative"",""id"":""id_imbalance_informative-1"",""type"":""radio""},""ts"":""2026-01-17T21:32:51.882Z""},{""type"":""click"",""detail"":{""tag"":""INPUT"",""name"":""return_forecast"",""id"":""id_return_forecast"",""type"":""text""},""ts"":""2026-01-17T21:32:53.214Z""},{""type"":""input"",""detail"":{""tag"":""INPUT"",""name"":""return_forecast"",""id"":""id_return_forecast"",""type"":""text""},""ts"":""2026-01-17T21:32:54.385Z""},{""type"":""input"",""detail"":{""tag"":""INPUT"",""name"":""return_forecast"",""id"":""id_return_forecast"",""type"":""text""},""ts"":""2026-01-17T21:32:55.230Z""},{""type"":""input"",""detail"":{""tag"":""INPUT"",""name"":""return_forecast"",""id"":""id_return_forecast"",""type"":""text""},""ts"":""2026-01-17T21:32:56.143Z""},{""type"":""click"",""detail"":{""tag"":""BUTTON"",""name"":null,""id"":null,""type"":""submit""},""ts"":""2026-01-17T21:32:58.065Z""},{""type"":""form-submit"",""detail"":{},""ts"":""2026-01-17T21:32:58.066Z""}]",0.0,11.8936778560018,1.0,111.89,0.0,111.89,,0,151ug4w3,,,,,0,0,0,-0.0,0,1.3525303063608196,0,0.0,-0.8164237724724074,0.0,-0.04912479370739113,3.0,-2.0725007418893195,0,1.0,0.4014206733136968,-1.3609851927917123,-21.3210976385385,12.5154811784306,-2.3943798839803,38.8839715884096,11.8936778560018,2.0576605317474868,-1.5389535726028494,-0.0,0.0,0.0,0.0,-0.0,0.0024132453567937352,3.1063221439982005
67,2,nx9hs1ng,677fea8903ad496f30f16502,0,52,52,post_exp,FinalForProlific,2026-01-17 21:20:12.375324,1,,,110.35,2,,100.12,-1.012608581344491,,treatment,,0.0,11,0,0.0,,paid_data,1.0,18.0,"[{""type"":""page-load"",""detail"":{""path"":""/p/nx9hs1ng/main/Trade/18""},""ts"":""2026-01-17T21:28:06.206Z""},{""type"":""click"",""detail"":{""tag"":""INPUT"",""name"":""investment_amount"",""id"":""id_investment_amount"",""type"":""text""},""ts"":""2026-01-17T21:28:11.420Z""},{""type"":""input"",""detail"":{""tag"":""INPUT"",""name"":""investment_amount"",""id"":""id_investment_amount"",""type"":""text""},""ts"":""2026-01-17T21:28:12.796Z""},{""type"":""click"",""detail"":{""tag"":""INPUT"",""name"":""return_forecast"",""id"":""id_return_forecast"",""type"":""text""},""ts"":""2026-01-17T21:28:14.099Z""},{""type"":""input"",""detail"":{""tag"":""INPUT"",""name"":""investment_amount"",""id"":""id_investment_amount"",""type"":""text""},""ts"":""2026-01-17T21:28:15.348Z""},{""type"":""click"",""detail"":{""tag"":""INPUT"",""name"":""return_forecast"",""id"":""id_return_forecast"",""type"":""text""},""ts"":""2026-01-17T21:28:16.699Z""},{""type"":""input"",""detail"":{""tag"":""INPUT"",""name"":""return_forecast"",""id"":""id_return_forecast"",""type"":""text""},""ts"":""2026-01-17T21:28:24.747Z""},{""type"":""click"",""detail"":{""tag"":""BUTTON"",""name"":null,""id"":null,""type"":""submit""},""ts"":""2026-01-17T21:28:25.978Z""},{""type"":""form-submit"",""detail"":{},""ts"":""2026-01-17T21:28:25.979Z""}]",,11.8936778560018,1.0,100.12,0.0,100.12,,0,151ug4w3,,,,,0,1,1,0.0,1,0.392670088943464,1,0.0,-0.5624252654809918,1.0,-0.04912479370739113,6.0,-0.09624616448402429,0,0.01,0.4014206733136968,-1.3609851927917123,-21.3210976385385,12.5154811784306,-2.3943798839803,38.8839715884096,11.8936778560018,2.0576605317474868,-1.5389535726028494,0.0,0.4014206733136968,0.4014206733136968,-0.0,-1.3609851927917123,0.0024132453567937352,6.1063221439982005
68,3,i3c60565,6962c417f20b621d95bd694d,0,52,52,post_exp,FinalForProlific,2026-01-17 21:20:30.391188,1,,,113.86,3,,104.76,-1.012608581344491,,treatment,,0.0,5,0,0.0,,paid_data,40.0,25.0,"[{""type"":""page-load"",""detail"":{""path"":""/p/i3c60565/main/Trade/18""},""ts"":""2026-01-17T21:31:43.504Z""},{""type"":""click"",""detail"":{""tag"":""INPUT"",""name"":""investment_amount"",""id"":""id_investment_amount"",""type"":""text""},""ts"":""2026-01-17T21:31:51.270Z""},{""type"":""input"",""detail"":{""tag"":""INPUT"",""name"":""investment_amount"",""id"":""id_investment_amount"",""type"":""text""},""ts"":""2026-01-17T21:31:52.619Z""},{""type"":""click"",""detail"":{""tag"":""INPUT"",""name"":""return_forecast"",""id"":""id_return_forecast"",""type"":""text""},""ts"":""2026-01-17T21:31:57.363Z""},{""type"":""input"",""detail"":{""tag"":""INPUT"",""name"":""return_forecast"",""id"":""id_return_forecast"",""type"":""text""},""ts"":""2026-01-17T21:31:57.989Z""},{""type"":""click"",""detail"":{""tag"":""BUTTON"",""name"":null,""id"":null,""type"":""submit""},""ts"":""2026-01-17T21:31:59.148Z""},{""type"":""form-submit"",""detail"":{},""ts"":""2026-01-17T21:31:59.149Z""}]",,11.8936778560018,1.0,104.76,1.0,104.76,,0,151ug4w3,,,,,0,1,1,0.0,1,-1.5270503458912477,1,0.0,-0.05442825149816073,1.0,1.0316206678552147,5.0,0.8918811242186238,0,0.4,0.4014206733136968,-1.3609851927917123,-21.3210976385385,12.5154811784306,-2.3943798839803,38.8839715884096,11.8936778560018,2.0576605317474868,-1.5389535726028494,0.0,0.4014206733136968,0.4014206733136968,-0.0,-1.3609851927917123,1.0642412023460393,13.1063221439982
69,4,k7sp0ynm,67665f7b0329bd3e30515ad2,0,52,52,post_exp,FinalForProlific,2026-01-17 21:20:50.689404,1,,,102.31,4,,105.95,-1.012608581344491,,treatment,,0.0,10,0,0.0,,paid_data,50.0,0.0,"[{""type"":""page-load"",""detail"":{""path"":""/p/k7sp0ynm/main/Trade/18""},""ts"":""2026-01-17T21:46:21.068Z""},{""type"":""click"",""detail"":{""tag"":""INPUT"",""name"":""investment_amount"",""id"":""id_investment_amount"",""type"":""text""},""ts"":""2026-01-17T21:46:30.107Z""},{""type"":""input"",""detail"":{""tag"":""INPUT"",""name"":""investment_amount"",""id"":""id_investment_amount"",""type"":""text""},""ts"":""2026-01-17T21:46:32.247Z""},{""type"":""click"",""detail"":{""tag"":""INPUT"",""name"":""return_forecast"",""id"":""id_return_forecast"",""type"":""text""},""ts"":""2026-01-17T21:46:33.469Z""},{""type"":""input"",""detail"":{""tag"":""INPUT"",""name"":""return_forecast"",""id"":""id_return_forecast"",""type"":""text""},""ts"":""2026-01-17T21:46:35.331Z""},{""type"":""click"",""detail"":{""tag"":""BUTTON"",""name"":null,""id"":null,""type"":""submit""},""ts"":""2026-01-17T21:46:36.525Z""},{""type"":""form-submit"",""detail"":{},""ts"":""2026-01-17T21:46:36.527Z""}]",,11.8936778560018,1.0,105.95,1.0,105.95,,0,151ug4w3,,,,,0,1,1,0.0,1,-1.0471202371825696,0,0.0,-0.5624252654809918,1.0,1.5719933986365178,4.0,0.11549539738082899,0,0.5,0.4014206733136968,-1.3609851927917123,-21.3210976385385,12.5154811784306,-2.3943798839803,38.8839715884096,11.8936778560018,2.0576605317474868,-1.5389535726028494,0.0,0.4014206733136968,0.4014206733136968,-0.0,-1.3609851927917123,2.4711632453567898,11.8936778560018
70,6,6bbjn8v1,5e459f61418f610891628564,0,52,52,post_exp,FinalForProlific,2026-01-17 21:22:23.663747,1,,,103.85,6,,96.0,-1.012608581344491,,treatment,,0.0,6,1,1.0,,paid_data,0.0,0.0,"[{""type"":""page-load"",""detail"":{""path"":""/p/6bbjn8v1/main/Trade/18""},""ts"":""2026-01-17T21:29:53.706Z""},{""type"":""click"",""detail"":{""tag"":""INPUT"",""name"":""investment_amount"",""id"":""id_investment_amount"",""type"":""text""},""ts"":""2026-01-17T21:30:05.974Z""},{""type"":""input"",""detail"":{""tag"":""INPUT"",""name"":""investment_amount"",""id"":""id_investment_amount"",""type"":""text""},""ts"":""2026-01-17T21:30:11.988Z""},{""type"":""click"",""detail"":{""tag"":""INPUT"",""name"":""imbalance_informative"",""id"":""id_imbalance_informative-0"",""type"":""radio""},""ts"":""2026-01-17T21:30:15.574Z""},{""type"":""input"",""detail"":{""tag"":""INPUT"",""name"":""imbalance_informative"",""id"":""id_imbalance_informative-0"",""type"":""radio""},""ts"":""2026-01-17T21:30:15.574Z""},{""type"":""click"",""detail"":{""tag"":""INPUT"",""name"":""return_forecast"",""id"":""id_return_forecast"",""type"":""text""},""ts"":""2026-01-17T21:30:16.896Z""},{""type"":""input"",""detail"":{""tag"":""INPUT"",""name"":""return_forecast"",""id"":""id_return_forecast"",""type"":""text""},""ts"":""2026-01-17T21:30:19.522Z""},{""type"":""click"",""detail"":{""tag"":""BUTTON"",""name"":null,""id"":null,""type"":""submit""},""ts"":""2026-01-17T21:30:19.946Z""},{""type"":""form-submit"",""detail"":{},""ts"":""2026-01-17T21:30:19.947Z""}]",1.0,11.8936778560018,1.0,95.0,1.0,96.0,,0,151ug4w3,,,,,0,1,1,1.0,1,-0.08726001976521408,0,0.0,-0.22376058949243777,1.0,-0.5894975244886941,5.0,-0.16682668510564172,1,0.0,0.4014206733136968,-1.3609851927917123,-21.3210976385385,12.5154811784306,-2.3943798839803,38.8839715884096,11.8936778560018,2.0576605317474868,-1.5389535726028494,0.4014206733136968,0.4014206733136968,0.4014206733136968,-1.3609851927917123,-1.3609851927917123,0.3475073313782985,11.8936778560018
71,7,gl7u8nio,62b2080f8f89f2f15c47d9ba,0,52,52,post_exp,FinalForProlific,2026-01-17 21:22:24.603886,1,,,118.89,7,,101.19,-1.012608581344491,,treatment,,0.0,8,0,0.0,,paid_data,10.0,-5.0,"[{""type"":""page-load"",""detail"":{""path"":""/p/gl7u8nio/main/Trade/18""},""ts"":""2026-01-17T21:33:46.798Z""},{""type"":""click"",""detail"":{""tag"":""INPUT"",""name"":""investment_amount"",""id"":""id_investment_amount"",""type"":""text""},""ts"":""2026-01-17T21:33:50.162Z""},{""type"":""input"",""detail"":{""tag"":""INPUT"",""name"":""investment_amount"",""id"":""id_investment_amount"",""type"":""text""},""ts"":""2026-01-17T21:33:50.895Z""},{""type"":""click"",""detail"":{""tag"":""INPUT"",""name"":""return_forecast"",""id"":""id_return_forecast"",""type"":""text""},""ts"":""2026-01-17T21:33:53.047Z""},{""type"":""input"",""detail"":{""tag"":""INPUT"",""name"":""return_forecast"",""id"":""id_return_forecast"",""type"":""text""},""ts"":""2026-01-17T21:33:54.297Z""},{""type"":""input"",""detail"":{""tag"":""INPUT"",""name"":""return_forecast"",""id"":""id_return_forecast"",""type"":""text""},""ts"":""2026-01-17T21:33:55.007Z""},{""type"":""click"",""detail"":{""tag"":""BUTTON"",""name"":null,""id"":null,""type"":""submit""},""ts"":""2026-01-17T21:33:56.512Z""},{""type"":""form-submit"",""detail"":{},""ts"":""2026-01-17T21:33:56.513Z""}]",,11.8936778560018,1.0,101.19,1.0,101.19,,0,151ug4w3,,,,,0,1,1,0.0,1,-0.08726001976521408,1,0.0,1.3848966214531941,0.0,2.1123661294178206,6.0,0.25665643862406434,0,0.1,0.4014206733136968,-1.3609851927917123,-21.3210976385385,12.5154811784306,-2.3943798839803,38.8839715884096,11.8936778560018,2.0576605317474868,-1.5389535726028494,0.0,0.4014206733136968,0.4014206733136968,-0.0,-1.3609851927917123,4.462090664711625,16.8936778560018
72,8,difxszml,5d1ec3b72e9ac3001ab525ef,0,49,52,post_exp,Demographics,2026-01-17 21:22:33.376663,1,,,1190.64,8,,100.0,-1.012608581344491,,treatment,,0.0,4,0,0.0,,paid_data,0.0,-20.0,"[{""type"":""page-load"",""detail"":{""path"":""/p/difxszml/main/Trade/18""},""ts"":""2026-01-17T21:29:50.817Z""},{""type"":""click"",""detail"":{""tag"":""INPUT"",""name"":""investment_amount"",""id"":""id_investment_amount"",""type"":""text""},""ts"":""2026-01-17T21:29:59.953Z""},{""type"":""input"",""detail"":{""tag"":""INPUT"",""name"":""investment_amount"",""id"":""id_investment_amount"",""type"":""text""},""ts"":""2026-01-17T21:30:02.339Z""},{""type"":""click"",""detail"":{""tag"":""LABEL"",""name"":null,""id"":null,""type"":null},""ts"":""2026-01-17T21:30:03.142Z""},{""type"":""click"",""detail"":{""tag"":""INPUT"",""name"":""return_forecast"",""id"":""id_return_forecast"",""type"":""text""},""ts"":""2026-01-17T21:30:03.143Z""},{""type"":""input"",""detail"":{""tag"":""INPUT"",""name"":""return_forecast"",""id"":""id_return_forecast"",""type"":""text""},""ts"":""2026-01-17T21:30:04.971Z""},{""type"":""input"",""detail"":{""tag"":""INPUT"",""name"":""return_forecast"",""id"":""id_return_forecast"",""type"":""text""},""ts"":""2026-01-17T21:30:07.453Z""},{""type"":""input"",""detail"":{""tag"":""INPUT"",""name"":""return_forecast"",""id"":""id_return_forecast"",""type"":""text""},""ts"":""2026-01-17T21:30:08.126Z""},{""type"":""click"",""detail"":{""tag"":""BUTTON"",""name"":null,""id"":null,""type"":""submit""},""ts"":""2026-01-17T21:30:09.737Z""},{""type"":""form-submit"",""detail"":{},""ts"":""2026-01-17T21:30:09.743Z""}]",,11.8936778560018,1.0,100.0,0.0,100.0,,0,151ug4w3,,,,,0,1,1,0.0,1,0.8726001976521415,0,,,,-0.04912479370739113,8.0,0.3978174798673002,0,0.0,0.4014206733136968,-1.3609851927917123,-21.3210976385385,12.5154811784306,-2.3943798839803,38.8839715884096,11.8936778560018,2.0576605317474868,-1.5389535726028494,0.0,0.4014206733136968,0.4014206733136968,-0.0,-1.3609851927917123,0.0024132453567937352,31.8936778560018
73,9,hlqkfw8x,67e7cfd17a7062da8a273fbf,0,52,52,post_exp,FinalForProlific,2026-01-17 21:23:02.043408,1,,,115.94,9,,105.95,-1.012608581344491,,control,,0.0,14,1,-1.0,,free_data,50.0,2.0,"[{""type"":""page-load"",""detail"":{""path"":""/p/hlqkfw8x/main/Trade/18""},""ts"":""2026-01-17T21:33:02.359Z""},{""type"":""click"",""detail"":{""tag"":""INPUT"",""name"":""investment_amount"",""id"":""id_investment_amount"",""type"":""text""},""ts"":""2026-01-17T21:33:08.077Z""},{""type"":""input"",""detail"":{""tag"":""INPUT"",""name"":""investment_amount"",""id"":""id_investment_amount"",""type"":""text""},""ts"":""2026-01-17T21:33:09.104Z""},{""type"":""click"",""detail"":{""tag"":""INPUT"",""name"":""imbalance_informative"",""id"":""id_imbalance_informative-1"",""type"":""radio""},""ts"":""2026-01-17T21:33:20.681Z""},{""type"":""input"",""detail"":{""tag"":""INPUT"",""name"":""imbalance_informative"",""id"":""id_imbalance_informative-1"",""type"":""radio""},""ts"":""2026-01-17T21:33:20.681Z""},{""type"":""click"",""detail"":{""tag"":""INPUT"",""name"":""return_forecast"",""id"":""id_return_forecast"",""type"":""text""},""ts"":""2026-01-17T21:33:23.705Z""},{""type"":""input"",""detail"":{""tag"":""INPUT"",""name"":""return_forecast"",""id"":""id_return_forecast"",""type"":""text""},""ts"":""2026-01-17T21:33:26.148Z""},{""type"":""click"",""detail"":{""tag"":""BUTTON"",""name"":null,""id"":null,""type"":""submit""},""ts"":""2026-01-17T21:33:26.934Z""},{""type"":""form-submit"",""detail"":{},""ts"":""2026-01-17T21:33:26.939Z""}]",0.0,11.8936778560018,1.0,105.95,1.0,105.95,,0,151ug4w3,,,,,0,0,0,-0.0,0,-0.08726001976521408,1,0.0,1.1308981144617785,0.0,-0.5894975244886941,5.0,-0.16682668510564172,0,0.5,0.4014206733136968,-1.3609851927917123,-21.3210976385385,12.5154811784306,-2.3943798839803,38.8839715884096,11.8936778560018,2.0576605317474868,-1.5389535726028494,-0.0,0.0,0.0,0.0,-0.0,0.3475073313782985,9.8936778560018
74,10,miej8bbr,67730320948951ecb761b3f2,0,52,52,post_exp,FinalForProlific,2026-01-17 21:23:16.323182,1,,,104.87,10,,105.95,-1.012608581344491,,treatment,,0.0,14,0,0.0,,paid_data,50.0,15.0,"[{""type"":""page-load"",""detail"":{""path"":""/p/miej8bbr/main/Trade/18""},""ts"":""2026-01-17T21:32:13.917Z""},{""type"":""window-blur"",""detail"":{},""ts"":""2026-01-17T21:32:16.518Z""},{""type"":""window-focus"",""detail"":{},""ts"":""2026-01-17T21:32:28.115Z""},{""type"":""click"",""detail"":{""tag"":""INPUT"",""name"":""investment_amount"",""id"":""id_investment_amount"",""type"":""text""},""ts"":""2026-01-17T21:32:28.831Z""},{""type"":""window-blur"",""detail"":{},""ts"":""2026-01-17T21:32:30.112Z""},{""type"":""window-focus"",""detail"":{},""ts"":""2026-01-17T21:32:36.800Z""},{""type"":""click"",""detail"":{""tag"":""INPUT"",""name"":""investment_amount"",""id"":""id_investment_amount"",""type"":""text""},""ts"":""2026-01-17T21:32:36.884Z""},{""type"":""input"",""detail"":{""tag"":""INPUT"",""name"":""investment_amount"",""id"":""id_investment_amount"",""type"":""text""},""ts"":""2026-01-17T21:32:37.603Z""},{""type"":""click"",""detail"":{""tag"":""INPUT"",""name"":""return_forecast"",""id"":""id_return_forecast"",""type"":""text""},""ts"":""2026-01-17T21:32:38.669Z""},{""type"":""input"",""detail"":{""tag"":""INPUT"",""name"":""return_forecast"",""id"":""id_return_forecast"",""type"":""text""},""ts"":""2026-01-17T21:32:39.693Z""},{""type"":""click"",""detail"":{""tag"":""BUTTON"",""name"":null,""id"":null,""type"":""submit""},""ts"":""2026-01-17T21:32:40.764Z""},{""type"":""form-submit"",""detail"":{},""ts"":""2026-01-17T21:32:40.765Z""}]",,11.8936778560018,1.0,105.95,0.0,105.95,,0,151ug4w3,,,,,0,1,1,0.0,1,1.3525303063608196,0,1.0,-0.6470914344781303,1.0,-1.129870255269997,6.0,-0.8020513707002012,0,0.5,0.4014206733136968,-1.3609851927917123,-21.3210976385385,12.5154811784306,-2.3943798839803,38.8839715884096,11.8936778560018,2.0576605317474868,-1.5389535726028494,0.0,0.4014206733136968,0.4014206733136968,-0.0,-1.3609851927917123,1.2766067937438883,3.1063221439982005
75,11,i76mujh9,5b99663d4cefb60001e7a214,0,49,52,post_exp,Demographics,2026-01-17 21:24:20.177255,1,,,1203.53,11,,96.59,-1.012608581344491,,treatment,,0.0,6,1,1.0,,paid_data,5.0,-3.0,"[{""type"":""page-load"",""detail"":{""path"":""/p/i76mujh9/main/Trade/18""},""ts"":""2026-01-17T21:36:23.762Z""},{""type"":""click"",""detail"":{""tag"":""INPUT"",""name"":""investment_amount"",""id"":""id_investment_amount"",""type"":""text""},""ts"":""2026-01-17T21:36:35.068Z""},{""type"":""input"",""detail"":{""tag"":""INPUT"",""name"":""investment_amount"",""id"":""id_investment_amount"",""type"":""text""},""ts"":""2026-01-17T21:36:39.329Z""},{""type"":""click"",""detail"":{""tag"":""INPUT"",""name"":""imbalance_informative"",""id"":""id_imbalance_informative-0"",""type"":""radio""},""ts"":""2026-01-17T21:36:42.898Z""},{""type"":""input"",""detail"":{""tag"":""INPUT"",""name"":""imbalance_informative"",""id"":""id_imbalance_informative-0"",""type"":""radio""},""ts"":""2026-01-17T21:36:42.899Z""},{""type"":""click"",""detail"":{""tag"":""INPUT"",""name"":""return_forecast"",""id"":""id_return_forecast"",""type"":""text""},""ts"":""2026-01-17T21:36:52.571Z""},{""type"":""input"",""detail"":{""tag"":""INPUT"",""name"":""return_forecast"",""id"":""id_return_forecast"",""type"":""text""},""ts"":""2026-01-17T21:37:06.714Z""},{""type"":""input"",""detail"":{""tag"":""INPUT"",""name"":""return_forecast"",""id"":""id_return_forecast"",""type"":""text""},""ts"":""2026-01-17T21:37:10.605Z""},{""type"":""click"",""detail"":{""tag"":""BUTTON"",""name"":null,""id"":null,""type"":""submit""},""ts"":""2026-01-17T21:37:11.160Z""},{""type"":""form-submit"",""detail"":{},""ts"":""2026-01-17T21:37:11.163Z""}]",1.0,11.8936778560018,1.0,95.59,1.0,96.59,,0,151ug4w3,,,,,0,1,1,1.0,1,-0.5671901284738922,0,,,,-1.129870255269997,7.0,1.0330421654618591,1,0.05263157894736842,0.4014206733136968,-1.3609851927917123,-21.3210976385385,12.5154811784306,-2.3943798839803,38.8839715884096,11.8936778560018,2.0576605317474868,-1.5389535726028494,0.4014206733136968,0.4014206733136968,0.4014206733136968,-1.3609851927917123,-1.3609851927917123,1.2766067937438883,14.8936778560018
76,12,rnucedhy,5a9fa90f873cda00010d29d8,0,52,52,post_exp,FinalForProlific,2026-01-17 21:24:40.341139,1,,,110.42,12,,106.95,-1.012608581344491,,treatment,,0.0,14,0,0.0,,paid_data,50.0,12.0,"[{""type"":""page-load"",""detail"":{""path"":""/p/rnucedhy/main/Trade/18""},""ts"":""2026-01-17T21:37:05.149Z""},{""type"":""click"",""detail"":{""tag"":""INPUT"",""name"":""investment_amount"",""id"":""id_investment_amount"",""type"":""text""},""ts"":""2026-01-17T21:37:08.788Z""},{""type"":""input"",""detail"":{""tag"":""INPUT"",""name"":""investment_amount"",""id"":""id_investment_amount"",""type"":""text""},""ts"":""2026-01-17T21:37:09.887Z""},{""type"":""click"",""detail"":{""tag"":""INPUT"",""name"":""return_forecast"",""id"":""id_return_forecast"",""type"":""text""},""ts"":""2026-01-17T21:37:12.335Z""},{""type"":""input"",""detail"":{""tag"":""INPUT"",""name"":""return_forecast"",""id"":""id_return_forecast"",""type"":""text""},""ts"":""2026-01-17T21:37:12.740Z""},{""type"":""input"",""detail"":{""tag"":""INPUT"",""name"":""return_forecast"",""id"":""id_return_forecast"",""type"":""text""},""ts"":""2026-01-17T21:37:13.620Z""},{""type"":""click"",""detail"":{""tag"":""BUTTON"",""name"":null,""id"":null,""type"":""submit""},""ts"":""2026-01-17T21:37:15.113Z""},{""type"":""form-submit"",""detail"":{},""ts"":""2026-01-17T21:37:15.114Z""}]",,11.8936778560018,1.0,105.95,1.0,106.95,,0,151ug4w3,,,,,0,1,1,0.0,1,-0.5671901284738922,0,0.0,-1.070422279463823,1.0,-1.129870255269997,9.0,1.8800084129212717,0,0.5,0.4014206733136968,-1.3609851927917123,-21.3210976385385,12.5154811784306,-2.3943798839803,38.8839715884096,11.8936778560018,2.0576605317474868,-1.5389535726028494,0.0,0.4014206733136968,0.4014206733136968,-0.0,-1.3609851927917123,1.2766067937438883,0.1063221439982005
77,13,0agbbz6t,64e6b4025cbe79c020343121,0,52,52,post_exp,FinalForProlific,2026-01-17 21:25:07.530984,1,,,107.83,13,,105.76,-1.012608581344491,,control,,0.0,9,1,-1.0,,free_data,40.0,10.0,"[{""type"":""page-load"",""detail"":{""path"":""/p/0agbbz6t/main/Trade/18""},""ts"":""2026-01-17T21:32:13.366Z""},{""type"":""click"",""detail"":{""tag"":""INPUT"",""name"":""investment_amount"",""id"":""id_investment_amount"",""type"":""text""},""ts"":""2026-01-17T21:32:16.602Z""},{""type"":""input"",""detail"":{""tag"":""INPUT"",""name"":""investment_amount"",""id"":""id_investment_amount"",""type"":""text""},""ts"":""2026-01-17T21:32:17.168Z""},{""type"":""click"",""detail"":{""tag"":""LABEL"",""name"":null,""id"":null,""type"":null},""ts"":""2026-01-17T21:32:18.776Z""},{""type"":""click"",""detail"":{""tag"":""INPUT"",""name"":""imbalance_informative"",""id"":""id_imbalance_informative-0"",""type"":""radio""},""ts"":""2026-01-17T21:32:18.777Z""},{""type"":""input"",""detail"":{""tag"":""INPUT"",""name"":""imbalance_informative"",""id"":""id_imbalance_informative-0"",""type"":""radio""},""ts"":""2026-01-17T21:32:18.777Z""},{""type"":""click"",""detail"":{""tag"":""INPUT"",""name"":""return_forecast"",""id"":""id_return_forecast"",""type"":""text""},""ts"":""2026-01-17T21:32:19.326Z""},{""type"":""input"",""detail"":{""tag"":""INPUT"",""name"":""return_forecast"",""id"":""id_return_forecast"",""type"":""text""},""ts"":""2026-01-17T21:32:20.633Z""},{""type"":""click"",""detail"":{""tag"":""BUTTON"",""name"":null,""id"":null,""type"":""submit""},""ts"":""2026-01-17T21:32:21.940Z""},{""type"":""form-submit"",""detail"":{},""ts"":""2026-01-17T21:32:21.940Z""}]",1.0,11.8936778560018,1.0,104.76,2.0,105.76,,0,151ug4w3,,,,,0,0,0,-0.0,0,-1.0471202371825696,0,1.0,0.19957025549325483,1.0,-0.5894975244886941,9.0,2.23291101602936,0,0.4,0.4014206733136968,-1.3609851927917123,-21.3210976385385,12.5154811784306,-2.3943798839803,38.8839715884096,11.8936778560018,2.0576605317474868,-1.5389535726028494,-0.0,0.0,0.0,0.0,-0.0,0.3475073313782985,1.8936778560017995
78,14,vyd28ofr,66e74ca113f609cd2a13df59,0,52,52,post_exp,FinalForProlific,2026-01-17 21:25:37.276893,1,,,126.77,14,,99.57,-1.012608581344491,,treatment,,0.0,11,1,1.0,,paid_data,30.0,2.0,"[{""type"":""page-load"",""detail"":{""path"":""/p/vyd28ofr/main/Trade/18""},""ts"":""2026-01-17T21:32:43.414Z""},{""type"":""click"",""detail"":{""tag"":""INPUT"",""name"":""investment_amount"",""id"":""id_investment_amount"",""type"":""text""},""ts"":""2026-01-17T21:32:56.199Z""},{""type"":""input"",""detail"":{""tag"":""INPUT"",""name"":""investment_amount"",""id"":""id_investment_amount"",""type"":""text""},""ts"":""2026-01-17T21:33:01.619Z""},{""type"":""click"",""detail"":{""tag"":""LABEL"",""name"":null,""id"":null,""type"":null},""ts"":""2026-01-17T21:33:03.540Z""},{""type"":""click"",""detail"":{""tag"":""INPUT"",""name"":""imbalance_informative"",""id"":""id_imbalance_informative-0"",""type"":""radio""},""ts"":""2026-01-17T21:33:03.541Z""},{""type"":""input"",""detail"":{""tag"":""INPUT"",""name"":""imbalance_informative"",""id"":""id_imbalance_informative-0"",""type"":""radio""},""ts"":""2026-01-17T21:33:03.541Z""},{""type"":""click"",""detail"":{""tag"":""INPUT"",""name"":""return_forecast"",""id"":""id_return_forecast"",""type"":""text""},""ts"":""2026-01-17T21:33:04.627Z""},{""type"":""input"",""detail"":{""tag"":""INPUT"",""name"":""return_forecast"",""id"":""id_return_forecast"",""type"":""text""},""ts"":""2026-01-17T21:33:08.988Z""},{""type"":""click"",""detail"":{""tag"":""BUTTON"",""name"":null,""id"":null,""type"":""submit""},""ts"":""2026-01-17T21:33:09.596Z""},{""type"":""form-submit"",""detail"":{},""ts"":""2026-01-17T21:33:09.602Z""}]",1.0,11.8936778560018,1.0,98.57,1.0,99.57,,0,151ug4w3,,,,,0,1,1,1.0,1,0.392670088943464,0,0.0,0.9615657764675015,1.0,-0.04912479370739113,5.0,-0.5197292882137304,1,0.3157894736842105,0.4014206733136968,-1.3609851927917123,-21.3210976385385,12.5154811784306,-2.3943798839803,38.8839715884096,11.8936778560018,2.0576605317474868,-1.5389535726028494,0.4014206733136968,0.4014206733136968,0.4014206733136968,-1.3609851927917123,-1.3609851927917123,0.0024132453567937352,9.8936778560018
79,15,p639azxy,6965b338f069222c10b2bdc9,0,52,52,post_exp,FinalForProlific,2026-01-17 21:26:31.341396,1,,,118.08,15,,100.76,-1.012608581344491,,treatment,,0.0,9,1,1.0,,paid_data,40.0,15.0,"[{""type"":""page-load"",""detail"":{""path"":""/p/p639azxy/main/Trade/18""},""ts"":""2026-01-17T21:37:00.629Z""},{""type"":""click"",""detail"":{""tag"":""INPUT"",""name"":""investment_amount"",""id"":""id_investment_amount"",""type"":""text""},""ts"":""2026-01-17T21:37:09.826Z""},{""type"":""input"",""detail"":{""tag"":""INPUT"",""name"":""investment_amount"",""id"":""id_investment_amount"",""type"":""text""},""ts"":""2026-01-17T21:37:11.451Z""},{""type"":""click"",""detail"":{""tag"":""LABEL"",""name"":null,""id"":null,""type"":null},""ts"":""2026-01-17T21:37:12.644Z""},{""type"":""click"",""detail"":{""tag"":""INPUT"",""name"":""imbalance_informative"",""id"":""id_imbalance_informative-0"",""type"":""radio""},""ts"":""2026-01-17T21:37:12.646Z""},{""type"":""input"",""detail"":{""tag"":""INPUT"",""name"":""imbalance_informative"",""id"":""id_imbalance_informative-0"",""type"":""radio""},""ts"":""2026-01-17T21:37:12.646Z""},{""type"":""click"",""detail"":{""tag"":""INPUT"",""name"":""return_forecast"",""id"":""id_return_forecast"",""type"":""text""},""ts"":""2026-01-17T21:37:16.679Z""},{""type"":""input"",""detail"":{""tag"":""INPUT"",""name"":""return_forecast"",""id"":""id_return_forecast"",""type"":""text""},""ts"":""2026-01-17T21:37:21.920Z""},{""type"":""click"",""detail"":{""tag"":""BUTTON"",""name"":null,""id"":null,""type"":""submit""},""ts"":""2026-01-17T21:37:22.764Z""},{""type"":""form-submit"",""detail"":{},""ts"":""2026-01-17T21:37:22.765Z""}]",1.0,11.8936778560018,1.0,99.76,1.0,100.76,,0,151ug4w3,,,,,0,1,1,1.0,1,-0.08726001976521408,1,0.0,-0.3930929274867148,1.0,-0.04912479370739113,6.0,0.25665643862406434,1,0.42105263157894735,0.4014206733136968,-1.3609851927917123,-21.3210976385385,12.5154811784306,-2.3943798839803,38.8839715884096,11.8936778560018,2.0576605317474868,-1.5389535726028494,0.4014206733136968,0.4014206733136968,0.4014206733136968,-1.3609851927917123,-1.3609851927917123,0.0024132453567937352,3.1063221439982005
80,16,sw8lem34,677346f91e35f1cb1e647c34,0,49,52,post_exp,Demographics,2026-01-17 21:26:45.318628,1,,,1199.47,16,,100.16,-1.012608581344491,,treatment,,0.0,9,1,1.0,,paid_data,35.0,20.0,"[{""type"":""page-load"",""detail"":{""path"":""/p/sw8lem34/main/Trade/18""},""ts"":""2026-01-17T21:36:54.855Z""},{""type"":""click"",""detail"":{""tag"":""INPUT"",""name"":""investment_amount"",""id"":""id_investment_amount"",""type"":""text""},""ts"":""2026-01-17T21:37:01.675Z""},{""type"":""input"",""detail"":{""tag"":""INPUT"",""name"":""investment_amount"",""id"":""id_investment_amount"",""type"":""text""},""ts"":""2026-01-17T21:37:03.155Z""},{""type"":""click"",""detail"":{""tag"":""INPUT"",""name"":""imbalance_informative"",""id"":""id_imbalance_informative-0"",""type"":""radio""},""ts"":""2026-01-17T21:37:05.562Z""},{""type"":""input"",""detail"":{""tag"":""INPUT"",""name"":""imbalance_informative"",""id"":""id_imbalance_informative-0"",""type"":""radio""},""ts"":""2026-01-17T21:37:05.562Z""},{""type"":""click"",""detail"":{""tag"":""INPUT"",""name"":""return_forecast"",""id"":""id_return_forecast"",""type"":""text""},""ts"":""2026-01-17T21:37:06.855Z""},{""type"":""input"",""detail"":{""tag"":""INPUT"",""name"":""return_forecast"",""id"":""id_return_forecast"",""type"":""text""},""ts"":""2026-01-17T21:37:08.319Z""},{""type"":""input"",""detail"":{""tag"":""INPUT"",""name"":""return_forecast"",""id"":""id_return_forecast"",""type"":""text""},""ts"":""2026-01-17T21:37:09.643Z""},{""type"":""click"",""detail"":{""tag"":""BUTTON"",""name"":null,""id"":null,""type"":""submit""},""ts"":""2026-01-17T21:37:11.602Z""},{""type"":""form-submit"",""detail"":{},""ts"":""2026-01-17T21:37:11.608Z""}]",1.0,11.8936778560018,1.0,99.16,1.0,100.16,,0,151ug4w3,,,,,0,1,1,1.0,1,0.392670088943464,0,,,,-0.04912479370739113,5.0,-0.5197292882137304,1,0.3684210526315789,0.4014206733136968,-1.3609851927917123,-21.3210976385385,12.5154811784306,-2.3943798839803,38.8839715884096,11.8936778560018,2.0576605317474868,-1.5389535726028494,0.4014206733136968,0.4014206733136968,0.4014206733136968,-1.3609851927917123,-1.3609851927917123,0.0024132453567937352,8.1063221439982
81,17,3v5sipps,695bd4f6bbdb5a636882ce78,0,52,52,post_exp,FinalForProlific,2026-01-17 21:26:53.633718,1,,,118.89,17,,112.89,-1.012608581344491,,control,,0.0,9,1,-1.0,,free_data,100.0,3.0,"[{""type"":""page-load"",""detail"":{""path"":""/p/3v5sipps/main/Trade/18""},""ts"":""2026-01-17T21:33:41.050Z""},{""type"":""click"",""detail"":{""tag"":""INPUT"",""name"":""investment_amount"",""id"":""id_investment_amount"",""type"":""text""},""ts"":""2026-01-17T21:33:50.022Z""},{""type"":""input"",""detail"":{""tag"":""INPUT"",""name"":""investment_amount"",""id"":""id_investment_amount"",""type"":""text""},""ts"":""2026-01-17T21:33:50.284Z""},{""type"":""click"",""detail"":{""tag"":""INPUT"",""name"":""imbalance_informative"",""id"":""id_imbalance_informative-0"",""type"":""radio""},""ts"":""2026-01-17T21:33:51.890Z""},{""type"":""input"",""detail"":{""tag"":""INPUT"",""name"":""imbalance_informative"",""id"":""id_imbalance_informative-0"",""type"":""radio""},""ts"":""2026-01-17T21:33:51.890Z""},{""type"":""input"",""detail"":{""tag"":""INPUT"",""name"":""return_forecast"",""id"":""id_return_forecast"",""type"":""text""},""ts"":""2026-01-17T21:33:52.780Z""},{""type"":""click"",""detail"":{""tag"":""INPUT"",""name"":""return_forecast"",""id"":""id_return_forecast"",""type"":""text""},""ts"":""2026-01-17T21:33:52.787Z""},{""type"":""click"",""detail"":{""tag"":""BUTTON"",""name"":null,""id"":null,""type"":""submit""},""ts"":""2026-01-17T21:33:53.755Z""},{""type"":""form-submit"",""detail"":{},""ts"":""2026-01-17T21:33:53.755Z""}]",1.0,11.8936778560018,1.0,111.89,1.0,112.89,,0,151ug4w3,,,,,0,0,0,-0.0,0,-1.5270503458912477,0,0.0,0.36890259348753185,0.0,-0.5894975244886941,3.0,0.04491487675921132,0,1.0,0.4014206733136968,-1.3609851927917123,-21.3210976385385,12.5154811784306,-2.3943798839803,38.8839715884096,11.8936778560018,2.0576605317474868,-1.5389535726028494,-0.0,0.0,0.0,0.0,-0.0,0.3475073313782985,8.8936778560018
82,19,6xawj670,69419dd351c8c6866590c254,0,52,52,post_exp,FinalForProlific,2026-01-17 21:28:19.710613,1,,,104.78,19,,106.42,-1.012608581344491,,treatment,,0.0,6,0,0.0,,paid_data,54.0,25.0,"[{""type"":""page-load"",""detail"":{""path"":""/p/6xawj670/main/Trade/18""},""ts"":""2026-01-17T22:00:13.756Z""},{""type"":""window-blur"",""detail"":{},""ts"":""2026-01-17T22:00:15.686Z""},{""type"":""visibilitychange"",""detail"":{""state"":""hidden""},""ts"":""2026-01-17T22:00:15.688Z""},{""type"":""visibilitychange"",""detail"":{""state"":""visible""},""ts"":""2026-01-17T22:02:32.096Z""},{""type"":""window-focus"",""detail"":{},""ts"":""2026-01-17T22:02:32.100Z""},{""type"":""click"",""detail"":{""tag"":""LABEL"",""name"":null,""id"":null,""type"":null},""ts"":""2026-01-17T22:02:34.955Z""},{""type"":""click"",""detail"":{""tag"":""INPUT"",""name"":""investment_amount"",""id"":""id_investment_amount"",""type"":""text""},""ts"":""2026-01-17T22:02:34.955Z""},{""type"":""input"",""detail"":{""tag"":""INPUT"",""name"":""investment_amount"",""id"":""id_investment_amount"",""type"":""text""},""ts"":""2026-01-17T22:02:37.527Z""},{""type"":""click"",""detail"":{""tag"":""INPUT"",""name"":""return_forecast"",""id"":""id_return_forecast"",""type"":""text""},""ts"":""2026-01-17T22:02:39.638Z""},{""type"":""input"",""detail"":{""tag"":""INPUT"",""name"":""return_forecast"",""id"":""id_return_forecast"",""type"":""text""},""ts"":""2026-01-17T22:02:40.735Z""},{""type"":""input"",""detail"":{""tag"":""INPUT"",""name"":""return_forecast"",""id"":""id_return_forecast"",""type"":""text""},""ts"":""2026-01-17T22:02:42.223Z""},{""type"":""input"",""detail"":{""tag"":""INPUT"",""name"":""return_forecast"",""id"":""id_return_forecast"",""type"":""text""},""ts"":""2026-01-17T22:02:43.255Z""},{""type"":""click"",""detail"":{""tag"":""BUTTON"",""name"":null,""id"":null,""type"":""submit""},""ts"":""2026-01-17T22:02:44.630Z""},{""type"":""form-submit"",""detail"":{},""ts"":""2026-01-17T22:02:44.630Z""}]",,11.8936778560018,1.0,106.42,0.0,106.42,,0,151ug4w3,,,,,0,1,1,0.0,1,-0.5671901284738922,0,0.0,-1.7477516314409312,0.0,-0.5894975244886941,4.0,-0.23740720572725918,0,0.54,0.4014206733136968,-1.3609851927917123,-21.3210976385385,12.5154811784306,-2.3943798839803,38.8839715884096,11.8936778560018,2.0576605317474868,-1.5389535726028494,0.0,0.4014206733136968,0.4014206733136968,-0.0,-1.3609851927917123,0.3475073313782985,13.1063221439982
83,20,cx4xx3np,61576d2fde97a7adb4b6a193,0,49,52,post_exp,Demographics,2026-01-17 21:28:27.073012,1,,,1213.01,20,,98.97,-1.012608581344491,,treatment,,0.0,12,1,1.0,,paid_data,25.0,10.0,"[{""type"":""page-load"",""detail"":{""path"":""/p/cx4xx3np/main/Trade/18""},""ts"":""2026-01-17T21:35:43.276Z""},{""type"":""click"",""detail"":{""tag"":""INPUT"",""name"":""investment_amount"",""id"":""id_investment_amount"",""type"":""text""},""ts"":""2026-01-17T21:35:50.619Z""},{""type"":""input"",""detail"":{""tag"":""INPUT"",""name"":""investment_amount"",""id"":""id_investment_amount"",""type"":""text""},""ts"":""2026-01-17T21:35:51.332Z""},{""type"":""click"",""detail"":{""tag"":""INPUT"",""name"":""imbalance_informative"",""id"":""id_imbalance_informative-0"",""type"":""radio""},""ts"":""2026-01-17T21:35:52.768Z""},{""type"":""input"",""detail"":{""tag"":""INPUT"",""name"":""imbalance_informative"",""id"":""id_imbalance_informative-0"",""type"":""radio""},""ts"":""2026-01-17T21:35:52.768Z""},{""type"":""click"",""detail"":{""tag"":""INPUT"",""name"":""return_forecast"",""id"":""id_return_forecast"",""type"":""text""},""ts"":""2026-01-17T21:35:53.511Z""},{""type"":""input"",""detail"":{""tag"":""INPUT"",""name"":""return_forecast"",""id"":""id_return_forecast"",""type"":""text""},""ts"":""2026-01-17T21:35:54.995Z""},{""type"":""click"",""detail"":{""tag"":""BUTTON"",""name"":null,""id"":null,""type"":""submit""},""ts"":""2026-01-17T21:36:01.015Z""},{""type"":""form-submit"",""detail"":{},""ts"":""2026-01-17T21:36:01.020Z""}]",1.0,11.8936778560018,1.0,97.97,1.0,98.97,,0,151ug4w3,,,,,0,1,1,1.0,1,-1.0471202371825696,0,,,,1.5719933986365178,7.0,1.3859447685699473,1,0.2631578947368421,0.4014206733136968,-1.3609851927917123,-21.3210976385385,12.5154811784306,-2.3943798839803,38.8839715884096,11.8936778560018,2.0576605317474868,-1.5389535726028494,0.4014206733136968,0.4014206733136968,0.4014206733136968,-1.3609851927917123,-1.3609851927917123,2.4711632453567898,1.8936778560017995
84,22,gi3vvfez,676e6f5eb2e5690f74382e58,0,52,52,post_exp,FinalForProlific,2026-01-17 21:30:49.464898,1,,,114.35,22,,111.89,-1.012608581344491,,treatment,,0.0,13,0,0.0,,paid_data,100.0,5.0,"[{""type"":""page-load"",""detail"":{""path"":""/p/gi3vvfez/main/Trade/18""},""ts"":""2026-01-17T21:43:11.854Z""},{""type"":""click"",""detail"":{""tag"":""INPUT"",""name"":""investment_amount"",""id"":""id_investment_amount"",""type"":""text""},""ts"":""2026-01-17T21:43:19.134Z""},{""type"":""input"",""detail"":{""tag"":""INPUT"",""name"":""investment_amount"",""id"":""id_investment_amount"",""type"":""text""},""ts"":""2026-01-17T21:43:19.962Z""},{""type"":""click"",""detail"":{""tag"":""INPUT"",""name"":""return_forecast"",""id"":""id_return_forecast"",""type"":""text""},""ts"":""2026-01-17T21:43:21.572Z""},{""type"":""input"",""detail"":{""tag"":""INPUT"",""name"":""return_forecast"",""id"":""id_return_forecast"",""type"":""text""},""ts"":""2026-01-17T21:43:25.225Z""},{""type"":""click"",""detail"":{""tag"":""BUTTON"",""name"":null,""id"":null,""type"":""submit""},""ts"":""2026-01-17T21:43:26.717Z""},{""type"":""form-submit"",""detail"":{},""ts"":""2026-01-17T21:43:26.719Z""}]",,11.8936778560018,1.0,111.89,0.0,111.89,,0,151ug4w3,,,,,0,1,1,0.0,1,0.392670088943464,0,0.0,0.36890259348753185,0.0,0.4912479370739118,3.0,-1.366695535673143,0,1.0,0.4014206733136968,-1.3609851927917123,-21.3210976385385,12.5154811784306,-2.3943798839803,38.8839715884096,11.8936778560018,2.0576605317474868,-1.5389535726028494,0.0,0.4014206733136968,0.4014206733136968,-0.0,-1.3609851927917123,0.241324535679374,6.8936778560017995
85,24,1li97jle,563f734bcbd4c60005dc9442,0,49,52,post_exp,Demographics,2026-01-17 21:34:31.158499,1,,,1302.85,24,,111.89,-1.012608581344491,,treatment,,0.0,10,0,0.0,,paid_data,100.0,7.0,"[{""type"":""page-load"",""detail"":{""path"":""/p/1li97jle/main/Trade/18""},""ts"":""2026-01-17T21:38:59.343Z""},{""type"":""click"",""detail"":{""tag"":""INPUT"",""name"":""investment_amount"",""id"":""id_investment_amount"",""type"":""text""},""ts"":""2026-01-17T21:39:02.238Z""},{""type"":""input"",""detail"":{""tag"":""INPUT"",""name"":""investment_amount"",""id"":""id_investment_amount"",""type"":""text""},""ts"":""2026-01-17T21:39:03.169Z""},{""type"":""click"",""detail"":{""tag"":""INPUT"",""name"":""return_forecast"",""id"":""id_return_forecast"",""type"":""text""},""ts"":""2026-01-17T21:39:04.269Z""},{""type"":""click"",""detail"":{""tag"":""INPUT"",""name"":""investment_amount"",""id"":""id_investment_amount"",""type"":""text""},""ts"":""2026-01-17T21:39:05.239Z""},{""type"":""input"",""detail"":{""tag"":""INPUT"",""name"":""investment_amount"",""id"":""id_investment_amount"",""type"":""text""},""ts"":""2026-01-17T21:39:06.032Z""},{""type"":""window-blur"",""detail"":{},""ts"":""2026-01-17T21:39:07.316Z""},{""type"":""window-focus"",""detail"":{},""ts"":""2026-01-17T21:39:10.002Z""},{""type"":""click"",""detail"":{""tag"":""INPUT"",""name"":""return_forecast"",""id"":""id_return_forecast"",""type"":""text""},""ts"":""2026-01-17T21:39:10.010Z""},{""type"":""input"",""detail"":{""tag"":""INPUT"",""name"":""return_forecast"",""id"":""id_return_forecast"",""type"":""text""},""ts"":""2026-01-17T21:39:11.766Z""},{""type"":""click"",""detail"":{""tag"":""BUTTON"",""name"":null,""id"":null,""type"":""submit""},""ts"":""2026-01-17T21:39:12.310Z""},{""type"":""form-submit"",""detail"":{},""ts"":""2026-01-17T21:39:12.314Z""}]",,11.8936778560018,1.0,111.89,1.0,111.89,,0,151ug4w3,,,,,0,1,1,0.0,1,0.392670088943464,0,,,,-1.129870255269997,7.0,0.3272369592456818,0,1.0,0.4014206733136968,-1.3609851927917123,-21.3210976385385,12.5154811784306,-2.3943798839803,38.8839715884096,11.8936778560018,2.0576605317474868,-1.5389535726028494,0.0,0.4014206733136968,0.4014206733136968,-0.0,-1.3609851927917123,1.2766067937438883,4.8936778560017995
86,26,8vxh54dk,672eda41e28ba46f845249df,0,52,52,post_exp,FinalForProlific,2026-01-17 21:37:19.026422,1,,,108.92,26,,100.76,-1.012608581344491,,treatment,,0.0,6,1,1.0,,paid_data,40.0,0.0,"[{""type"":""page-load"",""detail"":{""path"":""/p/8vxh54dk/main/Trade/18""},""ts"":""2026-01-17T21:45:37.941Z""},{""type"":""right-click"",""detail"":{""x"":824,""y"":415,""target"":""IMG""},""ts"":""2026-01-17T21:45:38.618Z""},{""type"":""contextmenu"",""detail"":{""x"":824,""y"":415,""target"":""IMG""},""ts"":""2026-01-17T21:45:38.712Z""},{""type"":""window-blur"",""detail"":{},""ts"":""2026-01-17T21:45:40.289Z""},{""type"":""visibilitychange"",""detail"":{""state"":""hidden""},""ts"":""2026-01-17T21:45:40.294Z""},{""type"":""visibilitychange"",""detail"":{""state"":""visible""},""ts"":""2026-01-17T21:46:03.169Z""},{""type"":""window-focus"",""detail"":{},""ts"":""2026-01-17T21:46:03.180Z""},{""type"":""click"",""detail"":{""tag"":""INPUT"",""name"":""investment_amount"",""id"":""id_investment_amount"",""type"":""text""},""ts"":""2026-01-17T21:46:04.804Z""},{""type"":""input"",""detail"":{""tag"":""INPUT"",""name"":""investment_amount"",""id"":""id_investment_amount"",""type"":""text""},""ts"":""2026-01-17T21:46:05.950Z""},{""type"":""click"",""detail"":{""tag"":""INPUT"",""name"":""return_forecast"",""id"":""id_return_forecast"",""type"":""text""},""ts"":""2026-01-17T21:46:08.008Z""},{""type"":""input"",""detail"":{""tag"":""INPUT"",""name"":""return_forecast"",""id"":""id_return_forecast"",""type"":""text""},""ts"":""2026-01-17T21:46:08.781Z""},{""type"":""window-blur"",""detail"":{},""ts"":""2026-01-17T21:46:10.054Z""},{""type"":""visibilitychange"",""detail"":{""state"":""hidden""},""ts"":""2026-01-17T21:46:10.060Z""},{""type"":""visibilitychange"",""detail"":{""state"":""visible""},""ts"":""2026-01-17T21:46:12.796Z""},{""type"":""window-focus"",""detail"":{},""ts"":""2026-01-17T21:46:12.808Z""},{""type"":""click"",""detail"":{""tag"":""INPUT"",""name"":""imbalance_informative"",""id"":""id_imbalance_informative-0"",""type"":""radio""},""ts"":""2026-01-17T21:46:14.612Z""},{""type"":""input"",""detail"":{""tag"":""INPUT"",""name"":""imbalance_informative"",""id"":""id_imbalance_informative-0"",""type"":""radio""},""ts"":""2026-01-17T21:46:14.612Z""},{""type"":""click"",""detail"":{""tag"":""BUTTON"",""name"":null,""id"":null,""type"":""submit""},""ts"":""2026-01-17T21:46:15.396Z""},{""type"":""form-submit"",""detail"":{},""ts"":""2026-01-17T21:46:15.396Z""}]",1.0,11.8936778560018,1.0,99.76,2.0,100.76,,0,151ug4w3,,,,,0,1,1,1.0,1,0.392670088943464,1,1.0,2.485556818415995,1.0,-1.129870255269997,8.0,0.7507200829753884,1,0.42105263157894735,0.4014206733136968,-1.3609851927917123,-21.3210976385385,12.5154811784306,-2.3943798839803,38.8839715884096,11.8936778560018,2.0576605317474868,-1.5389535726028494,0.4014206733136968,0.4014206733136968,0.4014206733136968,-1.3609851927917123,-1.3609851927917123,1.2766067937438883,11.8936778560018
87,27,iwq8bj53,6272b9dfc470a51d5fa0e6ea,0,52,52,post_exp,FinalForProlific,2026-01-17 21:42:24.321475,1,,,114.56,27,,111.89,-1.012608581344491,,treatment,,0.0,12,0,0.0,,paid_data,100.0,10.0,"[{""type"":""page-load"",""detail"":{""path"":""/p/iwq8bj53/main/Trade/18""},""ts"":""2026-01-17T21:52:43.468Z""},{""type"":""click"",""detail"":{""tag"":""INPUT"",""name"":""investment_amount"",""id"":""id_investment_amount"",""type"":""text""},""ts"":""2026-01-17T21:52:49.371Z""},{""type"":""input"",""detail"":{""tag"":""INPUT"",""name"":""investment_amount"",""id"":""id_investment_amount"",""type"":""text""},""ts"":""2026-01-17T21:52:49.780Z""},{""type"":""input"",""detail"":{""tag"":""INPUT"",""name"":""investment_amount"",""id"":""id_investment_amount"",""type"":""text""},""ts"":""2026-01-17T21:52:50.328Z""},{""type"":""click"",""detail"":{""tag"":""INPUT"",""name"":""return_forecast"",""id"":""id_return_forecast"",""type"":""text""},""ts"":""2026-01-17T21:52:51.077Z""},{""type"":""input"",""detail"":{""tag"":""INPUT"",""name"":""return_forecast"",""id"":""id_return_forecast"",""type"":""text""},""ts"":""2026-01-17T21:52:51.777Z""},{""type"":""input"",""detail"":{""tag"":""INPUT"",""name"":""return_forecast"",""id"":""id_return_forecast"",""type"":""text""},""ts"":""2026-01-17T21:52:52.540Z""},{""type"":""click"",""detail"":{""tag"":""BUTTON"",""name"":null,""id"":null,""type"":""submit""},""ts"":""2026-01-17T21:52:54.320Z""},{""type"":""form-submit"",""detail"":{},""ts"":""2026-01-17T21:52:54.320Z""}]",,11.8936778560018,1.0,111.89,0.0,111.89,,0,151ug4w3,,,,,0,1,1,0.0,1,0.392670088943464,0,1.0,0.4535687624846704,1.0,0.4912479370739118,7.0,0.3272369592456818,0,1.0,0.4014206733136968,-1.3609851927917123,-21.3210976385385,12.5154811784306,-2.3943798839803,38.8839715884096,11.8936778560018,2.0576605317474868,-1.5389535726028494,0.0,0.4014206733136968,0.4014206733136968,-0.0,-1.3609851927917123,0.241324535679374,1.8936778560017995
88,28,5uy60pw0,5d6349209b22da000117b1bd,0,52,52,post_exp,FinalForProlific,2026-01-17 21:44:53.042884,1,,,109.31,28,,97.07,-1.012608581344491,,treatment,,0.0,4,1,1.0,,paid_data,9.0,-10.0,"[{""type"":""page-load"",""detail"":{""path"":""/p/5uy60pw0/main/Trade/18""},""ts"":""2026-01-17T21:54:23.278Z""},{""type"":""click"",""detail"":{""tag"":""INPUT"",""name"":""imbalance_informative"",""id"":""id_imbalance_informative-0"",""type"":""radio""},""ts"":""2026-01-17T21:54:29.527Z""},{""type"":""input"",""detail"":{""tag"":""INPUT"",""name"":""imbalance_informative"",""id"":""id_imbalance_informative-0"",""type"":""radio""},""ts"":""2026-01-17T21:54:29.528Z""},{""type"":""click"",""detail"":{""tag"":""INPUT"",""name"":""investment_amount"",""id"":""id_investment_amount"",""type"":""text""},""ts"":""2026-01-17T21:54:30.318Z""},{""type"":""click"",""detail"":{""tag"":""INPUT"",""name"":""investment_amount"",""id"":""id_investment_amount"",""type"":""text""},""ts"":""2026-01-17T21:54:36.010Z""},{""type"":""input"",""detail"":{""tag"":""INPUT"",""name"":""investment_amount"",""id"":""id_investment_amount"",""type"":""text""},""ts"":""2026-01-17T21:54:36.969Z""},{""type"":""click"",""detail"":{""tag"":""INPUT"",""name"":""return_forecast"",""id"":""id_return_forecast"",""type"":""text""},""ts"":""2026-01-17T21:54:39.286Z""},{""type"":""input"",""detail"":{""tag"":""INPUT"",""name"":""return_forecast"",""id"":""id_return_forecast"",""type"":""text""},""ts"":""2026-01-17T21:54:46.632Z""},{""type"":""input"",""detail"":{""tag"":""INPUT"",""name"":""return_forecast"",""id"":""id_return_forecast"",""type"":""text""},""ts"":""2026-01-17T21:54:47.665Z""},{""type"":""input"",""detail"":{""tag"":""INPUT"",""name"":""return_forecast"",""id"":""id_return_forecast"",""type"":""text""},""ts"":""2026-01-17T21:54:49.239Z""},{""type"":""click"",""detail"":{""tag"":""BUTTON"",""name"":null,""id"":null,""type"":""submit""},""ts"":""2026-01-17T21:54:54.866Z""},{""type"":""form-submit"",""detail"":{},""ts"":""2026-01-17T21:54:54.867Z""}]",1.0,11.8936778560018,1.0,96.07,2.0,97.07,,0,151ug4w3,,,,,0,1,1,1.0,1,0.392670088943464,0,0.0,0.36890259348753185,0.0,-0.04912479370739113,7.0,0.3272369592456818,1,0.09473684210526316,0.4014206733136968,-1.3609851927917123,-21.3210976385385,12.5154811784306,-2.3943798839803,38.8839715884096,11.8936778560018,2.0576605317474868,-1.5389535726028494,0.4014206733136968,0.4014206733136968,0.4014206733136968,-1.3609851927917123,-1.3609851927917123,0.0024132453567937352,21.8936778560018
89,29,r8rvnx27,60e769ec9858960e8ad00886,0,52,52,post_exp,FinalForProlific,2026-01-17 21:45:48.803289,1,,,114.24,29,,112.89,-1.012608581344491,,control,,0.0,4,1,-1.0,,free_data,100.0,5.0,"[{""type"":""page-load"",""detail"":{""path"":""/p/r8rvnx27/main/Trade/18""},""ts"":""2026-01-17T21:55:21.245Z""},{""type"":""click"",""detail"":{""tag"":""INPUT"",""name"":""imbalance_informative"",""id"":""id_imbalance_informative-0"",""type"":""radio""},""ts"":""2026-01-17T21:55:28.371Z""},{""type"":""input"",""detail"":{""tag"":""INPUT"",""name"":""imbalance_informative"",""id"":""id_imbalance_informative-0"",""type"":""radio""},""ts"":""2026-01-17T21:55:28.371Z""},{""type"":""click"",""detail"":{""tag"":""INPUT"",""name"":""investment_amount"",""id"":""id_investment_amount"",""type"":""text""},""ts"":""2026-01-17T21:55:29.431Z""},{""type"":""input"",""detail"":{""tag"":""INPUT"",""name"":""investment_amount"",""id"":""id_investment_amount"",""type"":""text""},""ts"":""2026-01-17T21:55:31.496Z""},{""type"":""click"",""detail"":{""tag"":""INPUT"",""name"":""return_forecast"",""id"":""id_return_forecast"",""type"":""text""},""ts"":""2026-01-17T21:55:33.061Z""},{""type"":""click"",""detail"":{""tag"":""INPUT"",""name"":""investment_amount"",""id"":""id_investment_amount"",""type"":""text""},""ts"":""2026-01-17T21:55:34.149Z""},{""type"":""click"",""detail"":{""tag"":""INPUT"",""name"":""investment_amount"",""id"":""id_investment_amount"",""type"":""text""},""ts"":""2026-01-17T21:55:35.159Z""},{""type"":""input"",""detail"":{""tag"":""INPUT"",""name"":""investment_amount"",""id"":""id_investment_amount"",""type"":""text""},""ts"":""2026-01-17T21:55:35.674Z""},{""type"":""input"",""detail"":{""tag"":""INPUT"",""name"":""investment_amount"",""id"":""id_investment_amount"",""type"":""text""},""ts"":""2026-01-17T21:55:36.729Z""},{""type"":""input"",""detail"":{""tag"":""INPUT"",""name"":""investment_amount"",""id"":""id_investment_amount"",""type"":""text""},""ts"":""2026-01-17T21:55:37.763Z""},{""type"":""click"",""detail"":{""tag"":""INPUT"",""name"":""return_forecast"",""id"":""id_return_forecast"",""type"":""text""},""ts"":""2026-01-17T21:55:38.831Z""},{""type"":""input"",""detail"":{""tag"":""INPUT"",""name"":""return_forecast"",""id"":""id_return_forecast"",""type"":""text""},""ts"":""2026-01-17T21:55:39.835Z""},{""type"":""click"",""detail"":{""tag"":""BUTTON"",""name"":null,""id"":null,""type"":""submit""},""ts"":""2026-01-17T21:55:41.395Z""},{""type"":""form-submit"",""detail"":{},""ts"":""2026-01-17T21:55:41.397Z""}]",1.0,11.8936778560018,1.0,111.89,3.0,112.89,,0,151ug4w3,,,,,0,0,0,-0.0,0,-0.08726001976521408,0,0.0,0.7922334384732245,0.0,0.4912479370739118,0.0,-2.2842423037541724,0,1.0,0.4014206733136968,-1.3609851927917123,-21.3210976385385,12.5154811784306,-2.3943798839803,38.8839715884096,11.8936778560018,2.0576605317474868,-1.5389535726028494,-0.0,0.0,0.0,0.0,-0.0,0.241324535679374,6.8936778560017995
90,30,9ioh8yjj,5a501c26eedc32000141f4f2,0,52,52,post_exp,FinalForProlific,2026-01-17 21:52:21.858087,1,,,110.45,30,,100.0,-1.012608581344491,,treatment,,0.0,11,0,0.0,,paid_data,0.0,0.0,"[{""type"":""page-load"",""detail"":{""path"":""/p/9ioh8yjj/main/Trade/18""},""ts"":""2026-01-17T22:41:21.353Z""},{""type"":""window-blur"",""detail"":{},""ts"":""2026-01-17T22:41:23.651Z""},{""type"":""window-focus"",""detail"":{},""ts"":""2026-01-17T22:41:54.219Z""},{""type"":""window-blur"",""detail"":{},""ts"":""2026-01-17T22:41:58.966Z""},{""type"":""window-focus"",""detail"":{},""ts"":""2026-01-17T22:42:04.640Z""},{""type"":""click"",""detail"":{""tag"":""INPUT"",""name"":""investment_amount"",""id"":""id_investment_amount"",""type"":""text""},""ts"":""2026-01-17T22:42:22.442Z""},{""type"":""input"",""detail"":{""tag"":""INPUT"",""name"":""investment_amount"",""id"":""id_investment_amount"",""type"":""text""},""ts"":""2026-01-17T22:42:23.176Z""},{""type"":""click"",""detail"":{""tag"":""INPUT"",""name"":""return_forecast"",""id"":""id_return_forecast"",""type"":""text""},""ts"":""2026-01-17T22:42:23.466Z""},{""type"":""input"",""detail"":{""tag"":""INPUT"",""name"":""return_forecast"",""id"":""id_return_forecast"",""type"":""text""},""ts"":""2026-01-17T22:42:23.504Z""},{""type"":""click"",""detail"":{""tag"":""BUTTON"",""name"":null,""id"":null,""type"":""submit""},""ts"":""2026-01-17T22:42:23.768Z""},{""type"":""form-submit"",""detail"":{},""ts"":""2026-01-17T22:42:23.769Z""}]",,11.8936778560018,1.0,100.0,0.0,100.0,,0,151ug4w3,,,,,0,1,1,0.0,1,-2.4869105633086037,0,0.0,-1.409086955452377,1.0,2.1123661294178206,4.0,1.1742032067050947,0,0.0,0.4014206733136968,-1.3609851927917123,-21.3210976385385,12.5154811784306,-2.3943798839803,38.8839715884096,11.8936778560018,2.0576605317474868,-1.5389535726028494,0.0,0.4014206733136968,0.4014206733136968,-0.0,-1.3609851927917123,4.462090664711625,11.8936778560018
91,31,joi0mcuh,69669328636e175b3d4155dc,0,52,52,post_exp,FinalForProlific,2026-01-17 21:52:45.868789,1,,,111.6,31,,104.33,-1.012608581344491,,treatment,,0.0,8,1,1.0,,paid_data,70.0,40.0,"[{""type"":""page-load"",""detail"":{""path"":""/p/joi0mcuh/main/Trade/18""},""ts"":""2026-01-17T22:05:58.738Z""},{""type"":""click"",""detail"":{""tag"":""INPUT"",""name"":""investment_amount"",""id"":""id_investment_amount"",""type"":""text""},""ts"":""2026-01-17T22:06:12.752Z""},{""type"":""input"",""detail"":{""tag"":""INPUT"",""name"":""investment_amount"",""id"":""id_investment_amount"",""type"":""text""},""ts"":""2026-01-17T22:06:13.504Z""},{""type"":""click"",""detail"":{""tag"":""INPUT"",""name"":""imbalance_informative"",""id"":""id_imbalance_informative-0"",""type"":""radio""},""ts"":""2026-01-17T22:06:14.935Z""},{""type"":""input"",""detail"":{""tag"":""INPUT"",""name"":""imbalance_informative"",""id"":""id_imbalance_informative-0"",""type"":""radio""},""ts"":""2026-01-17T22:06:14.935Z""},{""type"":""click"",""detail"":{""tag"":""INPUT"",""name"":""return_forecast"",""id"":""id_return_forecast"",""type"":""text""},""ts"":""2026-01-17T22:06:16.368Z""},{""type"":""input"",""detail"":{""tag"":""INPUT"",""name"":""return_forecast"",""id"":""id_return_forecast"",""type"":""text""},""ts"":""2026-01-17T22:06:18.333Z""},{""type"":""click"",""detail"":{""tag"":""BUTTON"",""name"":null,""id"":null,""type"":""submit""},""ts"":""2026-01-17T22:06:20.702Z""},{""type"":""form-submit"",""detail"":{},""ts"":""2026-01-17T22:06:20.703Z""}]",1.0,11.8936778560018,1.0,103.33,2.0,104.33,,0,151ug4w3,,,,,0,1,1,1.0,1,1.3525303063608196,0,0.0,-0.22376058949243777,1.0,2.1123661294178206,8.0,0.044914876759211554,1,0.7368421052631579,0.4014206733136968,-1.3609851927917123,-21.3210976385385,12.5154811784306,-2.3943798839803,38.8839715884096,11.8936778560018,2.0576605317474868,-1.5389535726028494,0.4014206733136968,0.4014206733136968,0.4014206733136968,-1.3609851927917123,-1.3609851927917123,4.462090664711625,28.1063221439982
92,33,4tbjlhuv,598c4b28cceb0f0001b39675,0,52,52,post_exp,FinalForProlific,2026-01-17 21:57:26.669322,1,,,111.62,33,,101.0,-1.012608581344491,,control,,0.0,6,1,-1.0,,free_data,0.0,-10.0,"[{""type"":""page-load"",""detail"":{""path"":""/p/4tbjlhuv/main/Trade/18""},""ts"":""2026-01-17T22:07:37.270Z""},{""type"":""click"",""detail"":{""tag"":""INPUT"",""name"":""return_forecast"",""id"":""id_return_forecast"",""type"":""text""},""ts"":""2026-01-17T22:07:43.761Z""},{""type"":""input"",""detail"":{""tag"":""INPUT"",""name"":""return_forecast"",""id"":""id_return_forecast"",""type"":""text""},""ts"":""2026-01-17T22:07:44.410Z""},{""type"":""click"",""detail"":{""tag"":""INPUT"",""name"":""return_forecast"",""id"":""id_return_forecast"",""type"":""text""},""ts"":""2026-01-17T22:07:46.011Z""},{""type"":""input"",""detail"":{""tag"":""INPUT"",""name"":""return_forecast"",""id"":""id_return_forecast"",""type"":""text""},""ts"":""2026-01-17T22:07:46.594Z""},{""type"":""click"",""detail"":{""tag"":""BUTTON"",""name"":null,""id"":null,""type"":""submit""},""ts"":""2026-01-17T22:07:47.737Z""},{""type"":""form-submit"",""detail"":{},""ts"":""2026-01-17T22:07:47.760Z""}]",1.0,11.8936778560018,1.0,100.0,2.0,101.0,,0,151ug4w3,,,,,0,0,0,-0.0,0,0.8726001976521415,0,0.0,0.4535687624846704,1.0,-1.129870255269997,7.0,-0.025665643862406367,0,0.0,0.4014206733136968,-1.3609851927917123,-21.3210976385385,12.5154811784306,-2.3943798839803,38.8839715884096,11.8936778560018,2.0576605317474868,-1.5389535726028494,-0.0,0.0,0.0,0.0,-0.0,1.2766067937438883,21.8936778560018
93,34,4pzjsb2b,67580f69a9a3cb759240904b,0,52,52,post_exp,FinalForProlific,2026-01-17 21:58:30.170718,1,,,106.49,34,,101.19,-1.012608581344491,,treatment,,0.0,10,0,0.0,,paid_data,10.0,5.0,"[{""type"":""page-load"",""detail"":{""path"":""/p/4pzjsb2b/main/Trade/18""},""ts"":""2026-01-17T22:05:27.224Z""},{""type"":""click"",""detail"":{""tag"":""INPUT"",""name"":""investment_amount"",""id"":""id_investment_amount"",""type"":""text""},""ts"":""2026-01-17T22:05:37.983Z""},{""type"":""input"",""detail"":{""tag"":""INPUT"",""name"":""investment_amount"",""id"":""id_investment_amount"",""type"":""text""},""ts"":""2026-01-17T22:05:38.640Z""},{""type"":""input"",""detail"":{""tag"":""INPUT"",""name"":""investment_amount"",""id"":""id_investment_amount"",""type"":""text""},""ts"":""2026-01-17T22:05:39.194Z""},{""type"":""click"",""detail"":{""tag"":""INPUT"",""name"":""return_forecast"",""id"":""id_return_forecast"",""type"":""text""},""ts"":""2026-01-17T22:05:40.129Z""},{""type"":""input"",""detail"":{""tag"":""INPUT"",""name"":""return_forecast"",""id"":""id_return_forecast"",""type"":""text""},""ts"":""2026-01-17T22:05:43.000Z""},{""type"":""click"",""detail"":{""tag"":""BUTTON"",""name"":null,""id"":null,""type"":""submit""},""ts"":""2026-01-17T22:05:44.428Z""},{""type"":""form-submit"",""detail"":{},""ts"":""2026-01-17T22:05:44.428Z""}]",,11.8936778560018,1.0,101.19,0.0,101.19,,0,151ug4w3,,,,,0,1,1,0.0,1,1.3525303063608196,0,0.0,1.3002304524560555,1.0,-1.129870255269997,7.0,-0.378568246970495,0,0.1,0.4014206733136968,-1.3609851927917123,-21.3210976385385,12.5154811784306,-2.3943798839803,38.8839715884096,11.8936778560018,2.0576605317474868,-1.5389535726028494,0.0,0.4014206733136968,0.4014206733136968,-0.0,-1.3609851927917123,1.2766067937438883,6.8936778560017995
94,35,fcwg96au,5848ad3bdb871400012da095,0,52,52,post_exp,FinalForProlific,2026-01-17 22:00:16.297158,1,,,108.19,35,,97.43,-1.012608581344491,,treatment,,0.0,10,1,1.0,,paid_data,12.0,7.0,"[{""type"":""page-load"",""detail"":{""path"":""/p/fcwg96au/main/Trade/18""},""ts"":""2026-01-17T22:07:57.848Z""},{""type"":""click"",""detail"":{""tag"":""LABEL"",""name"":null,""id"":null,""type"":null},""ts"":""2026-01-17T22:08:01.792Z""},{""type"":""click"",""detail"":{""tag"":""INPUT"",""name"":""investment_amount"",""id"":""id_investment_amount"",""type"":""text""},""ts"":""2026-01-17T22:08:01.793Z""},{""type"":""input"",""detail"":{""tag"":""INPUT"",""name"":""investment_amount"",""id"":""id_investment_amount"",""type"":""text""},""ts"":""2026-01-17T22:08:03.230Z""},{""type"":""click"",""detail"":{""tag"":""INPUT"",""name"":""imbalance_informative"",""id"":""id_imbalance_informative-0"",""type"":""radio""},""ts"":""2026-01-17T22:08:06.414Z""},{""type"":""input"",""detail"":{""tag"":""INPUT"",""name"":""imbalance_informative"",""id"":""id_imbalance_informative-0"",""type"":""radio""},""ts"":""2026-01-17T22:08:06.414Z""},{""type"":""click"",""detail"":{""tag"":""INPUT"",""name"":""return_forecast"",""id"":""id_return_forecast"",""type"":""text""},""ts"":""2026-01-17T22:08:07.070Z""},{""type"":""input"",""detail"":{""tag"":""INPUT"",""name"":""return_forecast"",""id"":""id_return_forecast"",""type"":""text""},""ts"":""2026-01-17T22:08:10.034Z""},{""type"":""click"",""detail"":{""tag"":""BUTTON"",""name"":null,""id"":null,""type"":""submit""},""ts"":""2026-01-17T22:08:11.737Z""},{""type"":""form-submit"",""detail"":{},""ts"":""2026-01-17T22:08:11.737Z""}]",1.0,11.8936778560018,1.0,96.43,1.0,97.43,,0,151ug4w3,,,,,0,1,1,1.0,1,-0.08726001976521408,1,0.0,-0.3084267584895763,1.0,1.0316206678552147,1.0,-1.8607591800244665,1,0.12631578947368421,0.4014206733136968,-1.3609851927917123,-21.3210976385385,12.5154811784306,-2.3943798839803,38.8839715884096,11.8936778560018,2.0576605317474868,-1.5389535726028494,0.4014206733136968,0.4014206733136968,0.4014206733136968,-1.3609851927917123,-1.3609851927917123,1.0642412023460393,4.8936778560017995
95,37,4d34f1nl,692f221e98e3cdcf10465812,0,52,52,post_exp,FinalForProlific,2026-01-17 22:07:34.984862,1,,,112.1,37,,100.0,-1.012608581344491,,control,,0.0,6,1,-1.0,,free_data,0.0,-5.0,"[{""type"":""page-load"",""detail"":{""path"":""/p/4d34f1nl/main/Trade/18""},""ts"":""2026-01-17T22:27:11.320Z""},{""type"":""window-blur"",""detail"":{},""ts"":""2026-01-17T22:27:13.780Z""},{""type"":""visibilitychange"",""detail"":{""state"":""hidden""},""ts"":""2026-01-17T22:27:13.780Z""},{""type"":""visibilitychange"",""detail"":{""state"":""visible""},""ts"":""2026-01-17T22:27:23.794Z""},{""type"":""window-focus"",""detail"":{},""ts"":""2026-01-17T22:27:23.804Z""},{""type"":""window-blur"",""detail"":{},""ts"":""2026-01-17T22:27:24.225Z""},{""type"":""visibilitychange"",""detail"":{""state"":""hidden""},""ts"":""2026-01-17T22:27:24.225Z""},{""type"":""visibilitychange"",""detail"":{""state"":""visible""},""ts"":""2026-01-17T22:27:26.711Z""},{""type"":""window-focus"",""detail"":{},""ts"":""2026-01-17T22:27:26.719Z""},{""type"":""window-blur"",""detail"":{},""ts"":""2026-01-17T22:27:27.955Z""},{""type"":""visibilitychange"",""detail"":{""state"":""hidden""},""ts"":""2026-01-17T22:27:27.955Z""},{""type"":""visibilitychange"",""detail"":{""state"":""visible""},""ts"":""2026-01-17T22:27:29.968Z""},{""type"":""window-focus"",""detail"":{},""ts"":""2026-01-17T22:27:29.981Z""},{""type"":""window-blur"",""detail"":{},""ts"":""2026-01-17T22:27:30.522Z""},{""type"":""visibilitychange"",""detail"":{""state"":""hidden""},""ts"":""2026-01-17T22:27:30.522Z""},{""type"":""visibilitychange"",""detail"":{""state"":""visible""},""ts"":""2026-01-17T22:28:12.897Z""},{""type"":""window-focus"",""detail"":{},""ts"":""2026-01-17T22:28:12.903Z""},{""type"":""click"",""detail"":{""tag"":""INPUT"",""name"":""investment_amount"",""id"":""id_investment_amount"",""type"":""text""},""ts"":""2026-01-17T22:28:13.604Z""},{""type"":""input"",""detail"":{""tag"":""INPUT"",""name"":""investment_amount"",""id"":""id_investment_amount"",""type"":""text""},""ts"":""2026-01-17T22:28:13.829Z""},{""type"":""window-blur"",""detail"":{},""ts"":""2026-01-17T22:28:14.836Z""},{""type"":""visibilitychange"",""detail"":{""state"":""hidden""},""ts"":""2026-01-17T22:28:14.836Z""},{""type"":""visibilitychange"",""detail"":{""state"":""visible""},""ts"":""2026-01-17T22:28:16.951Z""},{""type"":""window-focus"",""detail"":{},""ts"":""2026-01-17T22:28:16.956Z""},{""type"":""click"",""detail"":{""tag"":""LABEL"",""name"":null,""id"":null,""type"":null},""ts"":""2026-01-17T22:28:17.862Z""},{""type"":""click"",""detail"":{""tag"":""INPUT"",""name"":""imbalance_informative"",""id"":""id_imbalance_informative-1"",""type"":""radio""},""ts"":""2026-01-17T22:28:17.862Z""},{""type"":""input"",""detail"":{""tag"":""INPUT"",""name"":""imbalance_informative"",""id"":""id_imbalance_informative-1"",""type"":""radio""},""ts"":""2026-01-17T22:28:17.862Z""},{""type"":""click"",""detail"":{""tag"":""INPUT"",""name"":""return_forecast"",""id"":""id_return_forecast"",""type"":""text""},""ts"":""2026-01-17T22:28:18.229Z""},{""type"":""input"",""detail"":{""tag"":""INPUT"",""name"":""return_forecast"",""id"":""id_return_forecast"",""type"":""text""},""ts"":""2026-01-17T22:28:18.732Z""},{""type"":""input"",""detail"":{""tag"":""INPUT"",""name"":""return_forecast"",""id"":""id_return_forecast"",""type"":""text""},""ts"":""2026-01-17T22:28:20.029Z""},{""type"":""input"",""detail"":{""tag"":""INPUT"",""name"":""return_forecast"",""id"":""id_return_forecast"",""type"":""text""},""ts"":""2026-01-17T22:28:20.545Z""},{""type"":""click"",""detail"":{""tag"":""BUTTON"",""name"":null,""id"":null,""type"":""submit""},""ts"":""2026-01-17T22:28:21.683Z""},{""type"":""form-submit"",""detail"":{},""ts"":""2026-01-17T22:28:21.683Z""}]",0.0,11.8936778560018,1.0,100.0,1.0,100.0,,0,151ug4w3,,,,,0,0,0,-0.0,0,-0.08726001976521408,0,0.0,-1.7477516314409312,0.0,-0.5894975244886941,7.0,0.6801395623537705,0,0.0,0.4014206733136968,-1.3609851927917123,-21.3210976385385,12.5154811784306,-2.3943798839803,38.8839715884096,11.8936778560018,2.0576605317474868,-1.5389535726028494,-0.0,0.0,0.0,0.0,-0.0,0.3475073313782985,16.8936778560018
96,38,d8aqe2fa,650b03136ab3d4c832d98b71,0,52,52,post_exp,FinalForProlific,2026-01-17 22:08:13.439724,1,,,118.99,38,,107.14,-1.012608581344491,,treatment,,0.0,5,0,0.0,,paid_data,60.0,15.0,"[{""type"":""page-load"",""detail"":{""path"":""/p/d8aqe2fa/main/Trade/18""},""ts"":""2026-01-17T22:16:52.041Z""},{""type"":""copy"",""detail"":{""types"":[],""hasImage"":true,""hasFiles"":false},""ts"":""2026-01-17T22:16:54.422Z""},{""type"":""window-blur"",""detail"":{},""ts"":""2026-01-17T22:16:55.046Z""},{""type"":""window-focus"",""detail"":{},""ts"":""2026-01-17T22:16:55.719Z""},{""type"":""right-click"",""detail"":{""x"":1114,""y"":321,""target"":""IMG""},""ts"":""2026-01-17T22:16:56.171Z""},{""type"":""contextmenu"",""detail"":{""x"":1114,""y"":321,""target"":""IMG""},""ts"":""2026-01-17T22:16:56.233Z""},{""type"":""right-click"",""detail"":{""x"":940,""y"":242,""target"":""IMG""},""ts"":""2026-01-17T22:16:58.622Z""},{""type"":""contextmenu"",""detail"":{""x"":940,""y"":242,""target"":""IMG""},""ts"":""2026-01-17T22:16:58.689Z""},{""type"":""window-blur"",""detail"":{},""ts"":""2026-01-17T22:17:00.051Z""},{""type"":""window-focus"",""detail"":{},""ts"":""2026-01-17T22:17:04.280Z""},{""type"":""click"",""detail"":{""tag"":""INPUT"",""name"":""investment_amount"",""id"":""id_investment_amount"",""type"":""text""},""ts"":""2026-01-17T22:17:13.395Z""},{""type"":""input"",""detail"":{""tag"":""INPUT"",""name"":""investment_amount"",""id"":""id_investment_amount"",""type"":""text""},""ts"":""2026-01-17T22:17:14.432Z""},{""type"":""input"",""detail"":{""tag"":""INPUT"",""name"":""return_forecast"",""id"":""id_return_forecast"",""type"":""text""},""ts"":""2026-01-17T22:17:15.299Z""},{""type"":""click"",""detail"":{""tag"":""BUTTON"",""name"":null,""id"":null,""type"":""submit""},""ts"":""2026-01-17T22:17:16.909Z""},{""type"":""form-submit"",""detail"":{},""ts"":""2026-01-17T22:17:16.910Z""}]",,11.8936778560018,1.0,107.14,1.0,107.14,,0,151ug4w3,,,,,0,1,1,0.0,1,1.3525303063608196,0,1.0,-0.5624252654809918,0.0,-0.5894975244886941,6.0,-0.8020513707002012,0,0.6,0.4014206733136968,-1.3609851927917123,-21.3210976385385,12.5154811784306,-2.3943798839803,38.8839715884096,11.8936778560018,2.0576605317474868,-1.5389535726028494,0.0,0.4014206733136968,0.4014206733136968,-0.0,-1.3609851927917123,0.3475073313782985,3.1063221439982005
97,39,35jj3mv4,666445e5b72745f04a4f57d6,0,52,52,post_exp,FinalForProlific,2026-01-17 22:10:39.908203,1,,,115.9,39,,106.3,-1.012608581344491,,treatment,,0.0,5,1,1.0,,paid_data,95.0,10.0,"[{""type"":""page-load"",""detail"":{""path"":""/p/35jj3mv4/main/Trade/18""},""ts"":""2026-01-17T22:23:29.111Z""},{""type"":""input"",""detail"":{""tag"":""INPUT"",""name"":""investment_amount"",""id"":""id_investment_amount"",""type"":""text""},""ts"":""2026-01-17T22:23:36.312Z""},{""type"":""click"",""detail"":{""tag"":""BUTTON"",""name"":null,""id"":null,""type"":""submit""},""ts"":""2026-01-17T22:23:37.934Z""},{""type"":""form-submit"",""detail"":{},""ts"":""2026-01-17T22:23:37.938Z""}]",0.0,11.8936778560018,1.0,106.3,1.0,106.3,,0,151ug4w3,,,,,0,1,1,1.0,1,1.3525303063608196,0,0.0,1.215564283458917,1.0,-0.04912479370739113,6.0,-0.8020513707002012,1,1.0,0.4014206733136968,-1.3609851927917123,-21.3210976385385,12.5154811784306,-2.3943798839803,38.8839715884096,11.8936778560018,2.0576605317474868,-1.5389535726028494,0.4014206733136968,0.4014206733136968,0.4014206733136968,-1.3609851927917123,-1.3609851927917123,0.0024132453567937352,1.8936778560017995
98,40,7czue3k2,5cad1eef8ed53d00180d2532,0,52,52,post_exp,FinalForProlific,2026-01-17 22:23:11.563870,1,,,110.19,40,,96.59,-1.012608581344491,,treatment,,0.0,13,1,1.0,,paid_data,5.0,-10.0,"[{""type"":""page-load"",""detail"":{""path"":""/p/7czue3k2/main/Trade/18""},""ts"":""2026-01-17T22:35:36.450Z""},{""type"":""click"",""detail"":{""tag"":""INPUT"",""name"":""imbalance_informative"",""id"":""id_imbalance_informative-0"",""type"":""radio""},""ts"":""2026-01-17T22:37:05.919Z""},{""type"":""input"",""detail"":{""tag"":""INPUT"",""name"":""imbalance_informative"",""id"":""id_imbalance_informative-0"",""type"":""radio""},""ts"":""2026-01-17T22:37:05.919Z""},{""type"":""click"",""detail"":{""tag"":""INPUT"",""name"":""investment_amount"",""id"":""id_investment_amount"",""type"":""text""},""ts"":""2026-01-17T22:37:06.984Z""},{""type"":""input"",""detail"":{""tag"":""INPUT"",""name"":""investment_amount"",""id"":""id_investment_amount"",""type"":""text""},""ts"":""2026-01-17T22:37:15.885Z""},{""type"":""click"",""detail"":{""tag"":""INPUT"",""name"":""return_forecast"",""id"":""id_return_forecast"",""type"":""text""},""ts"":""2026-01-17T22:37:18.031Z""},{""type"":""input"",""detail"":{""tag"":""INPUT"",""name"":""return_forecast"",""id"":""id_return_forecast"",""type"":""text""},""ts"":""2026-01-17T22:37:19.255Z""},{""type"":""input"",""detail"":{""tag"":""INPUT"",""name"":""return_forecast"",""id"":""id_return_forecast"",""type"":""text""},""ts"":""2026-01-17T22:37:20.106Z""},{""type"":""click"",""detail"":{""tag"":""BUTTON"",""name"":null,""id"":null,""type"":""submit""},""ts"":""2026-01-17T22:37:22.643Z""},{""type"":""form-submit"",""detail"":{},""ts"":""2026-01-17T22:37:22.644Z""}]",1.0,11.8936778560018,1.0,95.59,2.0,96.59,,0,151ug4w3,,,,,0,1,1,1.0,1,-2.0069804545999257,1,0.0,-1.1550884484609614,0.0,-0.5894975244886941,2.0,-0.025665643862406367,1,0.05263157894736842,0.4014206733136968,-1.3609851927917123,-21.3210976385385,12.5154811784306,-2.3943798839803,38.8839715884096,11.8936778560018,2.0576605317474868,-1.5389535726028494,0.4014206733136968,0.4014206733136968,0.4014206733136968,-1.3609851927917123,-1.3609851927917123,0.3475073313782985,21.8936778560018
99,1,0zkzl65f,64df6c0375d740bb235620f5,0,52,52,post_exp,FinalForProlific,2026-01-17 21:20:10.774463,1,,,140.11,1,,103.54,-0.7232918438174936,,control,,0.0,11,1,-1.0,,free_data,20.0,8.0,"[{""type"":""page-load"",""detail"":{""path"":""/p/0zkzl65f/main/Trade/21""},""ts"":""2026-01-17T21:33:10.204Z""},{""type"":""click"",""detail"":{""tag"":""INPUT"",""name"":""investment_amount"",""id"":""id_investment_amount"",""type"":""text""},""ts"":""2026-01-17T21:33:14.996Z""},{""type"":""input"",""detail"":{""tag"":""INPUT"",""name"":""investment_amount"",""id"":""id_investment_amount"",""type"":""text""},""ts"":""2026-01-17T21:33:15.826Z""},{""type"":""click"",""detail"":{""tag"":""INPUT"",""name"":""imbalance_informative"",""id"":""id_imbalance_informative-0"",""type"":""radio""},""ts"":""2026-01-17T21:33:20.057Z""},{""type"":""input"",""detail"":{""tag"":""INPUT"",""name"":""imbalance_informative"",""id"":""id_imbalance_informative-0"",""type"":""radio""},""ts"":""2026-01-17T21:33:20.057Z""},{""type"":""click"",""detail"":{""tag"":""INPUT"",""name"":""return_forecast"",""id"":""id_return_forecast"",""type"":""text""},""ts"":""2026-01-17T21:33:21.223Z""},{""type"":""input"",""detail"":{""tag"":""INPUT"",""name"":""return_forecast"",""id"":""id_return_forecast"",""type"":""text""},""ts"":""2026-01-17T21:33:25.394Z""},{""type"":""click"",""detail"":{""tag"":""BUTTON"",""name"":null,""id"":null,""type"":""submit""},""ts"":""2026-01-17T21:33:27.957Z""},{""type"":""form-submit"",""detail"":{},""ts"":""2026-01-17T21:33:27.957Z""}]",1.0,7.71708225676856,1.0,101.54,2.0,103.54,,0,151ug4w3,,,,,0,0,0,-0.0,0,1.3525303063608196,0,0.0,-0.8164237724724074,0.0,-0.04912479370739113,3.0,-2.0725007418893195,0,0.2,-0.3499766621938244,-1.3360967389859126,-17.6796462515763,-1.39817595849112,3.70789668601298,5.29324112113285,7.71708225676856,1.2753489503697995,-0.6525710063000615,0.0,-0.0,-0.0,0.0,-0.0,0.0024132453567937352,0.28291774323144026
100,2,nx9hs1ng,677fea8903ad496f30f16502,0,52,52,post_exp,FinalForProlific,2026-01-17 21:20:12.375324,1,,,110.35,2,,100.08,-0.7232918438174936,,treatment,,0.0,11,0,0.0,,paid_data,1.0,16.0,"[{""type"":""page-load"",""detail"":{""path"":""/p/nx9hs1ng/main/Trade/21""},""ts"":""2026-01-17T21:28:32.520Z""},{""type"":""click"",""detail"":{""tag"":""INPUT"",""name"":""investment_amount"",""id"":""id_investment_amount"",""type"":""text""},""ts"":""2026-01-17T21:28:34.818Z""},{""type"":""input"",""detail"":{""tag"":""INPUT"",""name"":""investment_amount"",""id"":""id_investment_amount"",""type"":""text""},""ts"":""2026-01-17T21:28:43.306Z""},{""type"":""click"",""detail"":{""tag"":""INPUT"",""name"":""return_forecast"",""id"":""id_return_forecast"",""type"":""text""},""ts"":""2026-01-17T21:28:44.201Z""},{""type"":""input"",""detail"":{""tag"":""INPUT"",""name"":""return_forecast"",""id"":""id_return_forecast"",""type"":""text""},""ts"":""2026-01-17T21:28:45.985Z""},{""type"":""click"",""detail"":{""tag"":""BUTTON"",""name"":null,""id"":null,""type"":""submit""},""ts"":""2026-01-17T21:28:46.992Z""},{""type"":""form-submit"",""detail"":{},""ts"":""2026-01-17T21:28:46.993Z""}]",,7.71708225676856,1.0,100.08,0.0,100.08,,0,151ug4w3,,,,,0,1,1,0.0,1,0.392670088943464,1,0.0,-0.5624252654809918,1.0,-0.04912479370739113,6.0,-0.09624616448402429,0,0.01,-0.3499766621938244,-1.3360967389859126,-17.6796462515763,-1.39817595849112,3.70789668601298,5.29324112113285,7.71708225676856,1.2753489503697995,-0.6525710063000615,-0.0,-0.3499766621938244,-0.3499766621938244,-0.0,-1.3360967389859126,0.0024132453567937352,8.28291774323144
101,3,i3c60565,6962c417f20b621d95bd694d,0,52,52,post_exp,FinalForProlific,2026-01-17 21:20:30.391188,1,,,113.86,3,,99.86,-0.7232918438174936,,treatment,,0.0,5,1,1.0,,paid_data,50.0,12.0,"[{""type"":""page-load"",""detail"":{""path"":""/p/i3c60565/main/Trade/21""},""ts"":""2026-01-17T21:32:08.179Z""},{""type"":""click"",""detail"":{""tag"":""INPUT"",""name"":""investment_amount"",""id"":""id_investment_amount"",""type"":""text""},""ts"":""2026-01-17T21:32:21.866Z""},{""type"":""input"",""detail"":{""tag"":""INPUT"",""name"":""investment_amount"",""id"":""id_investment_amount"",""type"":""text""},""ts"":""2026-01-17T21:32:22.909Z""},{""type"":""click"",""detail"":{""tag"":""INPUT"",""name"":""imbalance_informative"",""id"":""id_imbalance_informative-0"",""type"":""radio""},""ts"":""2026-01-17T21:32:26.342Z""},{""type"":""input"",""detail"":{""tag"":""INPUT"",""name"":""imbalance_informative"",""id"":""id_imbalance_informative-0"",""type"":""radio""},""ts"":""2026-01-17T21:32:26.342Z""},{""type"":""click"",""detail"":{""tag"":""INPUT"",""name"":""return_forecast"",""id"":""id_return_forecast"",""type"":""text""},""ts"":""2026-01-17T21:32:33.486Z""},{""type"":""input"",""detail"":{""tag"":""INPUT"",""name"":""return_forecast"",""id"":""id_return_forecast"",""type"":""text""},""ts"":""2026-01-17T21:32:34.155Z""},{""type"":""click"",""detail"":{""tag"":""BUTTON"",""name"":null,""id"":null,""type"":""submit""},""ts"":""2026-01-17T21:32:35.186Z""},{""type"":""form-submit"",""detail"":{},""ts"":""2026-01-17T21:32:35.186Z""}]",1.0,7.71708225676856,1.0,98.86,2.0,99.86,,0,151ug4w3,,,,,0,1,1,1.0,1,-1.5270503458912477,1,0.0,-0.05442825149816073,1.0,1.0316206678552147,5.0,0.8918811242186238,1,0.5263157894736842,-0.3499766621938244,-1.3360967389859126,-17.6796462515763,-1.39817595849112,3.70789668601298,5.29324112113285,7.71708225676856,1.2753489503697995,-0.6525710063000615,-0.3499766621938244,-0.3499766621938244,-0.3499766621938244,-1.3360967389859126,-1.3360967389859126,1.0642412023460393,4.28291774323144
102,4,k7sp0ynm,67665f7b0329bd3e30515ad2,0,52,52,post_exp,FinalForProlific,2026-01-17 21:20:50.689404,1,,,102.31,4,,103.86,-0.7232918438174936,,treatment,,0.0,10,0,0.0,,paid_data,50.0,-10.0,"[{""type"":""page-load"",""detail"":{""path"":""/p/k7sp0ynm/main/Trade/21""},""ts"":""2026-01-17T21:46:57.668Z""},{""type"":""click"",""detail"":{""tag"":""INPUT"",""name"":""investment_amount"",""id"":""id_investment_amount"",""type"":""text""},""ts"":""2026-01-17T21:47:00.766Z""},{""type"":""input"",""detail"":{""tag"":""INPUT"",""name"":""investment_amount"",""id"":""id_investment_amount"",""type"":""text""},""ts"":""2026-01-17T21:47:02.016Z""},{""type"":""click"",""detail"":{""tag"":""INPUT"",""name"":""return_forecast"",""id"":""id_return_forecast"",""type"":""text""},""ts"":""2026-01-17T21:47:03.497Z""},{""type"":""window-blur"",""detail"":{},""ts"":""2026-01-17T21:47:09.267Z""},{""type"":""visibilitychange"",""detail"":{""state"":""hidden""},""ts"":""2026-01-17T21:47:09.673Z""},{""type"":""visibilitychange"",""detail"":{""state"":""visible""},""ts"":""2026-01-17T21:47:10.320Z""},{""type"":""window-focus"",""detail"":{},""ts"":""2026-01-17T21:47:10.701Z""},{""type"":""click"",""detail"":{""tag"":""INPUT"",""name"":""return_forecast"",""id"":""id_return_forecast"",""type"":""text""},""ts"":""2026-01-17T21:47:11.642Z""},{""type"":""input"",""detail"":{""tag"":""INPUT"",""name"":""return_forecast"",""id"":""id_return_forecast"",""type"":""text""},""ts"":""2026-01-17T21:47:13.598Z""},{""type"":""input"",""detail"":{""tag"":""INPUT"",""name"":""return_forecast"",""id"":""id_return_forecast"",""type"":""text""},""ts"":""2026-01-17T21:47:14.758Z""},{""type"":""click"",""detail"":{""tag"":""BUTTON"",""name"":null,""id"":null,""type"":""submit""},""ts"":""2026-01-17T21:47:15.564Z""},{""type"":""form-submit"",""detail"":{},""ts"":""2026-01-17T21:47:15.565Z""}]",,7.71708225676856,1.0,103.86,1.0,103.86,,0,151ug4w3,,,,,0,1,1,0.0,1,-1.0471202371825696,0,0.0,-0.5624252654809918,1.0,1.5719933986365178,4.0,0.11549539738082899,0,0.5,-0.3499766621938244,-1.3360967389859126,-17.6796462515763,-1.39817595849112,3.70789668601298,5.29324112113285,7.71708225676856,1.2753489503697995,-0.6525710063000615,-0.0,-0.3499766621938244,-0.3499766621938244,-0.0,-1.3360967389859126,2.4711632453567898,17.71708225676856
103,6,6bbjn8v1,5e459f61418f610891628564,0,52,52,post_exp,FinalForProlific,2026-01-17 21:22:23.663747,1,,,103.85,6,,96.0,-0.7232918438174936,,treatment,,0.0,6,1,1.0,,paid_data,0.0,5.0,"[{""type"":""page-load"",""detail"":{""path"":""/p/6bbjn8v1/main/Trade/21""},""ts"":""2026-01-17T21:30:28.001Z""},{""type"":""click"",""detail"":{""tag"":""INPUT"",""name"":""investment_amount"",""id"":""id_investment_amount"",""type"":""text""},""ts"":""2026-01-17T21:30:34.982Z""},{""type"":""input"",""detail"":{""tag"":""INPUT"",""name"":""investment_amount"",""id"":""id_investment_amount"",""type"":""text""},""ts"":""2026-01-17T21:30:36.015Z""},{""type"":""input"",""detail"":{""tag"":""INPUT"",""name"":""investment_amount"",""id"":""id_investment_amount"",""type"":""text""},""ts"":""2026-01-17T21:30:39.532Z""},{""type"":""input"",""detail"":{""tag"":""INPUT"",""name"":""investment_amount"",""id"":""id_investment_amount"",""type"":""text""},""ts"":""2026-01-17T21:30:41.746Z""},{""type"":""input"",""detail"":{""tag"":""INPUT"",""name"":""investment_amount"",""id"":""id_investment_amount"",""type"":""text""},""ts"":""2026-01-17T21:30:42.844Z""},{""type"":""input"",""detail"":{""tag"":""INPUT"",""name"":""investment_amount"",""id"":""id_investment_amount"",""type"":""text""},""ts"":""2026-01-17T21:30:43.528Z""},{""type"":""click"",""detail"":{""tag"":""INPUT"",""name"":""imbalance_informative"",""id"":""id_imbalance_informative-0"",""type"":""radio""},""ts"":""2026-01-17T21:30:46.171Z""},{""type"":""input"",""detail"":{""tag"":""INPUT"",""name"":""imbalance_informative"",""id"":""id_imbalance_informative-0"",""type"":""radio""},""ts"":""2026-01-17T21:30:46.171Z""},{""type"":""click"",""detail"":{""tag"":""INPUT"",""name"":""return_forecast"",""id"":""id_return_forecast"",""type"":""text""},""ts"":""2026-01-17T21:30:47.319Z""},{""type"":""input"",""detail"":{""tag"":""INPUT"",""name"":""return_forecast"",""id"":""id_return_forecast"",""type"":""text""},""ts"":""2026-01-17T21:30:49.443Z""},{""type"":""input"",""detail"":{""tag"":""INPUT"",""name"":""return_forecast"",""id"":""id_return_forecast"",""type"":""text""},""ts"":""2026-01-17T21:30:50.149Z""},{""type"":""input"",""detail"":{""tag"":""INPUT"",""name"":""return_forecast"",""id"":""id_return_forecast"",""type"":""text""},""ts"":""2026-01-17T21:30:50.817Z""},{""type"":""click"",""detail"":{""tag"":""BUTTON"",""name"":null,""id"":null,""type"":""submit""},""ts"":""2026-01-17T21:30:51.237Z""},{""type"":""form-submit"",""detail"":{},""ts"":""2026-01-17T21:30:51.238Z""}]",1.0,7.71708225676856,1.0,95.0,2.0,96.0,,0,151ug4w3,,,,,0,1,1,1.0,1,-0.08726001976521408,0,0.0,-0.22376058949243777,1.0,-0.5894975244886941,5.0,-0.16682668510564172,1,0.0,-0.3499766621938244,-1.3360967389859126,-17.6796462515763,-1.39817595849112,3.70789668601298,5.29324112113285,7.71708225676856,1.2753489503697995,-0.6525710063000615,-0.3499766621938244,-0.3499766621938244,-0.3499766621938244,-1.3360967389859126,-1.3360967389859126,0.3475073313782985,2.7170822567685597
104,7,gl7u8nio,62b2080f8f89f2f15c47d9ba,0,52,52,post_exp,FinalForProlific,2026-01-17 21:22:24.603886,1,,,118.89,7,,101.54,-0.7232918438174936,,treatment,,0.0,8,0,0.0,,paid_data,20.0,10.0,"[{""type"":""page-load"",""detail"":{""path"":""/p/gl7u8nio/main/Trade/21""},""ts"":""2026-01-17T21:34:07.174Z""},{""type"":""click"",""detail"":{""tag"":""INPUT"",""name"":""investment_amount"",""id"":""id_investment_amount"",""type"":""text""},""ts"":""2026-01-17T21:34:19.945Z""},{""type"":""input"",""detail"":{""tag"":""INPUT"",""name"":""investment_amount"",""id"":""id_investment_amount"",""type"":""text""},""ts"":""2026-01-17T21:34:20.689Z""},{""type"":""click"",""detail"":{""tag"":""INPUT"",""name"":""return_forecast"",""id"":""id_return_forecast"",""type"":""text""},""ts"":""2026-01-17T21:34:23.180Z""},{""type"":""input"",""detail"":{""tag"":""INPUT"",""name"":""return_forecast"",""id"":""id_return_forecast"",""type"":""text""},""ts"":""2026-01-17T21:34:23.694Z""},{""type"":""click"",""detail"":{""tag"":""BUTTON"",""name"":null,""id"":null,""type"":""submit""},""ts"":""2026-01-17T21:34:25.445Z""},{""type"":""form-submit"",""detail"":{},""ts"":""2026-01-17T21:34:25.446Z""}]",,7.71708225676856,1.0,101.54,1.0,101.54,,0,151ug4w3,,,,,0,1,1,0.0,1,-0.08726001976521408,1,0.0,1.3848966214531941,0.0,2.1123661294178206,6.0,0.25665643862406434,0,0.2,-0.3499766621938244,-1.3360967389859126,-17.6796462515763,-1.39817595849112,3.70789668601298,5.29324112113285,7.71708225676856,1.2753489503697995,-0.6525710063000615,-0.0,-0.3499766621938244,-0.3499766621938244,-0.0,-1.3360967389859126,4.462090664711625,2.2829177432314403
105,8,difxszml,5d1ec3b72e9ac3001ab525ef,0,49,52,post_exp,Demographics,2026-01-17 21:22:33.376663,1,,,1190.64,8,,96.0,-0.7232918438174936,,treatment,,0.0,4,1,1.0,,paid_data,0.0,-15.0,"[{""type"":""page-load"",""detail"":{""path"":""/p/difxszml/main/Trade/21""},""ts"":""2026-01-17T21:30:23.351Z""},{""type"":""click"",""detail"":{""tag"":""INPUT"",""name"":""investment_amount"",""id"":""id_investment_amount"",""type"":""text""},""ts"":""2026-01-17T21:30:40.602Z""},{""type"":""input"",""detail"":{""tag"":""INPUT"",""name"":""investment_amount"",""id"":""id_investment_amount"",""type"":""text""},""ts"":""2026-01-17T21:30:41.705Z""},{""type"":""click"",""detail"":{""tag"":""INPUT"",""name"":""imbalance_informative"",""id"":""id_imbalance_informative-0"",""type"":""radio""},""ts"":""2026-01-17T21:30:43.017Z""},{""type"":""input"",""detail"":{""tag"":""INPUT"",""name"":""imbalance_informative"",""id"":""id_imbalance_informative-0"",""type"":""radio""},""ts"":""2026-01-17T21:30:43.017Z""},{""type"":""click"",""detail"":{""tag"":""INPUT"",""name"":""return_forecast"",""id"":""id_return_forecast"",""type"":""text""},""ts"":""2026-01-17T21:30:43.885Z""},{""type"":""input"",""detail"":{""tag"":""INPUT"",""name"":""return_forecast"",""id"":""id_return_forecast"",""type"":""text""},""ts"":""2026-01-17T21:30:45.953Z""},{""type"":""input"",""detail"":{""tag"":""INPUT"",""name"":""return_forecast"",""id"":""id_return_forecast"",""type"":""text""},""ts"":""2026-01-17T21:30:47.384Z""},{""type"":""click"",""detail"":{""tag"":""INPUT"",""name"":""return_forecast"",""id"":""id_return_forecast"",""type"":""text""},""ts"":""2026-01-17T21:30:53.253Z""},{""type"":""input"",""detail"":{""tag"":""INPUT"",""name"":""return_forecast"",""id"":""id_return_forecast"",""type"":""text""},""ts"":""2026-01-17T21:30:54.075Z""},{""type"":""input"",""detail"":{""tag"":""INPUT"",""name"":""return_forecast"",""id"":""id_return_forecast"",""type"":""text""},""ts"":""2026-01-17T21:30:55.499Z""},{""type"":""input"",""detail"":{""tag"":""INPUT"",""name"":""return_forecast"",""id"":""id_return_forecast"",""type"":""text""},""ts"":""2026-01-17T21:30:56.081Z""},{""type"":""click"",""detail"":{""tag"":""BUTTON"",""name"":null,""id"":null,""type"":""submit""},""ts"":""2026-01-17T21:30:56.808Z""},{""type"":""form-submit"",""detail"":{},""ts"":""2026-01-17T21:30:56.814Z""}]",1.0,7.71708225676856,1.0,95.0,1.0,96.0,,0,151ug4w3,,,,,0,1,1,1.0,1,0.8726001976521415,0,,,,-0.04912479370739113,8.0,0.3978174798673002,1,0.0,-0.3499766621938244,-1.3360967389859126,-17.6796462515763,-1.39817595849112,3.70789668601298,5.29324112113285,7.71708225676856,1.2753489503697995,-0.6525710063000615,-0.3499766621938244,-0.3499766621938244,-0.3499766621938244,-1.3360967389859126,-1.3360967389859126,0.0024132453567937352,22.71708225676856
106,9,hlqkfw8x,67e7cfd17a7062da8a273fbf,0,52,52,post_exp,FinalForProlific,2026-01-17 21:23:02.043408,1,,,115.94,9,,103.86,-0.7232918438174936,,control,,0.0,14,1,-1.0,,free_data,50.0,5.0,"[{""type"":""page-load"",""detail"":{""path"":""/p/hlqkfw8x/main/Trade/21""},""ts"":""2026-01-17T21:33:59.598Z""},{""type"":""click"",""detail"":{""tag"":""INPUT"",""name"":""investment_amount"",""id"":""id_investment_amount"",""type"":""text""},""ts"":""2026-01-17T21:34:08.597Z""},{""type"":""input"",""detail"":{""tag"":""INPUT"",""name"":""investment_amount"",""id"":""id_investment_amount"",""type"":""text""},""ts"":""2026-01-17T21:34:10.144Z""},{""type"":""input"",""detail"":{""tag"":""INPUT"",""name"":""investment_amount"",""id"":""id_investment_amount"",""type"":""text""},""ts"":""2026-01-17T21:34:10.683Z""},{""type"":""click"",""detail"":{""tag"":""INPUT"",""name"":""imbalance_informative"",""id"":""id_imbalance_informative-1"",""type"":""radio""},""ts"":""2026-01-17T21:34:11.840Z""},{""type"":""input"",""detail"":{""tag"":""INPUT"",""name"":""imbalance_informative"",""id"":""id_imbalance_informative-1"",""type"":""radio""},""ts"":""2026-01-17T21:34:11.840Z""},{""type"":""click"",""detail"":{""tag"":""INPUT"",""name"":""return_forecast"",""id"":""id_return_forecast"",""type"":""text""},""ts"":""2026-01-17T21:34:23.155Z""},{""type"":""click"",""detail"":{""tag"":""INPUT"",""name"":""return_forecast"",""id"":""id_return_forecast"",""type"":""text""},""ts"":""2026-01-17T21:34:40.651Z""},{""type"":""input"",""detail"":{""tag"":""INPUT"",""name"":""return_forecast"",""id"":""id_return_forecast"",""type"":""text""},""ts"":""2026-01-17T21:34:42.671Z""},{""type"":""click"",""detail"":{""tag"":""BUTTON"",""name"":null,""id"":null,""type"":""submit""},""ts"":""2026-01-17T21:34:43.458Z""},{""type"":""form-submit"",""detail"":{},""ts"":""2026-01-17T21:34:43.463Z""}]",0.0,7.71708225676856,1.0,103.86,1.0,103.86,,0,151ug4w3,,,,,0,0,0,-0.0,0,-0.08726001976521408,1,0.0,1.1308981144617785,0.0,-0.5894975244886941,5.0,-0.16682668510564172,0,0.5,-0.3499766621938244,-1.3360967389859126,-17.6796462515763,-1.39817595849112,3.70789668601298,5.29324112113285,7.71708225676856,1.2753489503697995,-0.6525710063000615,0.0,-0.0,-0.0,0.0,-0.0,0.3475073313782985,2.7170822567685597
107,10,miej8bbr,67730320948951ecb761b3f2,0,52,52,post_exp,FinalForProlific,2026-01-17 21:23:16.323182,1,,,104.87,10,,103.86,-0.7232918438174936,,treatment,,0.0,14,0,0.0,,paid_data,50.0,15.0,"[{""type"":""page-load"",""detail"":{""path"":""/p/miej8bbr/main/Trade/21""},""ts"":""2026-01-17T21:32:47.454Z""},{""type"":""window-blur"",""detail"":{},""ts"":""2026-01-17T21:32:49.531Z""},{""type"":""window-focus"",""detail"":{},""ts"":""2026-01-17T21:33:03.048Z""},{""type"":""click"",""detail"":{""tag"":""INPUT"",""name"":""investment_amount"",""id"":""id_investment_amount"",""type"":""text""},""ts"":""2026-01-17T21:33:03.117Z""},{""type"":""window-blur"",""detail"":{},""ts"":""2026-01-17T21:33:05.964Z""},{""type"":""window-focus"",""detail"":{},""ts"":""2026-01-17T21:33:09.244Z""},{""type"":""click"",""detail"":{""tag"":""INPUT"",""name"":""investment_amount"",""id"":""id_investment_amount"",""type"":""text""},""ts"":""2026-01-17T21:33:13.318Z""},{""type"":""window-blur"",""detail"":{},""ts"":""2026-01-17T21:33:13.600Z""},{""type"":""window-focus"",""detail"":{},""ts"":""2026-01-17T21:33:16.214Z""},{""type"":""click"",""detail"":{""tag"":""INPUT"",""name"":""investment_amount"",""id"":""id_investment_amount"",""type"":""text""},""ts"":""2026-01-17T21:33:16.309Z""},{""type"":""input"",""detail"":{""tag"":""INPUT"",""name"":""investment_amount"",""id"":""id_investment_amount"",""type"":""text""},""ts"":""2026-01-17T21:33:16.764Z""},{""type"":""click"",""detail"":{""tag"":""INPUT"",""name"":""return_forecast"",""id"":""id_return_forecast"",""type"":""text""},""ts"":""2026-01-17T21:33:17.625Z""},{""type"":""input"",""detail"":{""tag"":""INPUT"",""name"":""return_forecast"",""id"":""id_return_forecast"",""type"":""text""},""ts"":""2026-01-17T21:33:18.163Z""},{""type"":""click"",""detail"":{""tag"":""BUTTON"",""name"":null,""id"":null,""type"":""submit""},""ts"":""2026-01-17T21:33:19.065Z""},{""type"":""form-submit"",""detail"":{},""ts"":""2026-01-17T21:33:19.066Z""}]",,7.71708225676856,1.0,103.86,0.0,103.86,,0,151ug4w3,,,,,0,1,1,0.0,1,1.3525303063608196,0,1.0,-0.6470914344781303,1.0,-1.129870255269997,6.0,-0.8020513707002012,0,0.5,-0.3499766621938244,-1.3360967389859126,-17.6796462515763,-1.39817595849112,3.70789668601298,5.29324112113285,7.71708225676856,1.2753489503697995,-0.6525710063000615,-0.0,-0.3499766621938244,-0.3499766621938244,-0.0,-1.3360967389859126,1.2766067937438883,7.28291774323144
108,11,i76mujh9,5b99663d4cefb60001e7a214,0,49,52,post_exp,Demographics,2026-01-17 21:24:20.177255,1,,,1203.53,11,,100.0,-0.7232918438174936,,treatment,,0.0,6,0,0.0,,paid_data,0.0,2.5,"[{""type"":""page-load"",""detail"":{""path"":""/p/i76mujh9/main/Trade/21""},""ts"":""2026-01-17T21:37:27.993Z""},{""type"":""click"",""detail"":{""tag"":""INPUT"",""name"":""investment_amount"",""id"":""id_investment_amount"",""type"":""text""},""ts"":""2026-01-17T21:37:42.186Z""},{""type"":""input"",""detail"":{""tag"":""INPUT"",""name"":""investment_amount"",""id"":""id_investment_amount"",""type"":""text""},""ts"":""2026-01-17T21:37:43.299Z""},{""type"":""click"",""detail"":{""tag"":""INPUT"",""name"":""return_forecast"",""id"":""id_return_forecast"",""type"":""text""},""ts"":""2026-01-17T21:37:54.910Z""},{""type"":""input"",""detail"":{""tag"":""INPUT"",""name"":""return_forecast"",""id"":""id_return_forecast"",""type"":""text""},""ts"":""2026-01-17T21:37:55.976Z""},{""type"":""input"",""detail"":{""tag"":""INPUT"",""name"":""return_forecast"",""id"":""id_return_forecast"",""type"":""text""},""ts"":""2026-01-17T21:37:56.708Z""},{""type"":""click"",""detail"":{""tag"":""BUTTON"",""name"":null,""id"":null,""type"":""submit""},""ts"":""2026-01-17T21:37:57.693Z""},{""type"":""form-submit"",""detail"":{},""ts"":""2026-01-17T21:37:57.695Z""}]",,7.71708225676856,1.0,100.0,1.0,100.0,,0,151ug4w3,,,,,0,1,1,0.0,1,-0.5671901284738922,0,,,,-1.129870255269997,7.0,1.0330421654618591,0,0.0,-0.3499766621938244,-1.3360967389859126,-17.6796462515763,-1.39817595849112,3.70789668601298,5.29324112113285,7.71708225676856,1.2753489503697995,-0.6525710063000615,-0.0,-0.3499766621938244,-0.3499766621938244,-0.0,-1.3360967389859126,1.2766067937438883,5.21708225676856
109,12,rnucedhy,5a9fa90f873cda00010d29d8,0,52,52,post_exp,FinalForProlific,2026-01-17 21:24:40.341139,1,,,110.42,12,,103.09,-0.7232918438174936,,treatment,,0.0,14,0,0.0,,paid_data,40.0,10.0,"[{""type"":""page-load"",""detail"":{""path"":""/p/rnucedhy/main/Trade/21""},""ts"":""2026-01-17T21:37:51.237Z""},{""type"":""click"",""detail"":{""tag"":""INPUT"",""name"":""investment_amount"",""id"":""id_investment_amount"",""type"":""text""},""ts"":""2026-01-17T21:37:54.530Z""},{""type"":""input"",""detail"":{""tag"":""INPUT"",""name"":""investment_amount"",""id"":""id_investment_amount"",""type"":""text""},""ts"":""2026-01-17T21:37:55.071Z""},{""type"":""click"",""detail"":{""tag"":""INPUT"",""name"":""return_forecast"",""id"":""id_return_forecast"",""type"":""text""},""ts"":""2026-01-17T21:37:56.649Z""},{""type"":""input"",""detail"":{""tag"":""INPUT"",""name"":""return_forecast"",""id"":""id_return_forecast"",""type"":""text""},""ts"":""2026-01-17T21:37:58.835Z""},{""type"":""input"",""detail"":{""tag"":""INPUT"",""name"":""return_forecast"",""id"":""id_return_forecast"",""type"":""text""},""ts"":""2026-01-17T21:37:59.739Z""},{""type"":""click"",""detail"":{""tag"":""BUTTON"",""name"":null,""id"":null,""type"":""submit""},""ts"":""2026-01-17T21:38:01.378Z""},{""type"":""form-submit"",""detail"":{},""ts"":""2026-01-17T21:38:01.378Z""}]",,7.71708225676856,1.0,103.09,1.0,103.09,,0,151ug4w3,,,,,0,1,1,0.0,1,-0.5671901284738922,0,0.0,-1.070422279463823,1.0,-1.129870255269997,9.0,1.8800084129212717,0,0.4,-0.3499766621938244,-1.3360967389859126,-17.6796462515763,-1.39817595849112,3.70789668601298,5.29324112113285,7.71708225676856,1.2753489503697995,-0.6525710063000615,-0.0,-0.3499766621938244,-0.3499766621938244,-0.0,-1.3360967389859126,1.2766067937438883,2.2829177432314403
110,13,0agbbz6t,64e6b4025cbe79c020343121,0,52,52,post_exp,FinalForProlific,2026-01-17 21:25:07.530984,1,,,107.83,13,,100.0,-0.7232918438174936,,control,,0.0,9,1,-1.0,,free_data,0.0,-3.0,"[{""type"":""page-load"",""detail"":{""path"":""/p/0agbbz6t/main/Trade/21""},""ts"":""2026-01-17T21:32:26.496Z""},{""type"":""click"",""detail"":{""tag"":""INPUT"",""name"":""investment_amount"",""id"":""id_investment_amount"",""type"":""text""},""ts"":""2026-01-17T21:32:29.435Z""},{""type"":""input"",""detail"":{""tag"":""INPUT"",""name"":""investment_amount"",""id"":""id_investment_amount"",""type"":""text""},""ts"":""2026-01-17T21:32:30.000Z""},{""type"":""click"",""detail"":{""tag"":""LABEL"",""name"":null,""id"":null,""type"":null},""ts"":""2026-01-17T21:32:31.552Z""},{""type"":""click"",""detail"":{""tag"":""INPUT"",""name"":""imbalance_informative"",""id"":""id_imbalance_informative-1"",""type"":""radio""},""ts"":""2026-01-17T21:32:31.552Z""},{""type"":""input"",""detail"":{""tag"":""INPUT"",""name"":""imbalance_informative"",""id"":""id_imbalance_informative-1"",""type"":""radio""},""ts"":""2026-01-17T21:32:31.553Z""},{""type"":""click"",""detail"":{""tag"":""INPUT"",""name"":""return_forecast"",""id"":""id_return_forecast"",""type"":""text""},""ts"":""2026-01-17T21:32:32.108Z""},{""type"":""input"",""detail"":{""tag"":""INPUT"",""name"":""return_forecast"",""id"":""id_return_forecast"",""type"":""text""},""ts"":""2026-01-17T21:32:32.880Z""},{""type"":""click"",""detail"":{""tag"":""BUTTON"",""name"":null,""id"":null,""type"":""submit""},""ts"":""2026-01-17T21:32:34.304Z""},{""type"":""form-submit"",""detail"":{},""ts"":""2026-01-17T21:32:34.304Z""}]",0.0,7.71708225676856,1.0,100.0,2.0,100.0,,0,151ug4w3,,,,,0,0,0,-0.0,0,-1.0471202371825696,0,1.0,0.19957025549325483,1.0,-0.5894975244886941,9.0,2.23291101602936,0,0.0,-0.3499766621938244,-1.3360967389859126,-17.6796462515763,-1.39817595849112,3.70789668601298,5.29324112113285,7.71708225676856,1.2753489503697995,-0.6525710063000615,0.0,-0.0,-0.0,0.0,-0.0,0.3475073313782985,10.71708225676856
111,14,vyd28ofr,66e74ca113f609cd2a13df59,0,52,52,post_exp,FinalForProlific,2026-01-17 21:25:37.276893,1,,,126.77,14,,100.63,-0.7232918438174936,,treatment,,0.0,11,1,1.0,,paid_data,60.0,12.0,"[{""type"":""page-load"",""detail"":{""path"":""/p/vyd28ofr/main/Trade/21""},""ts"":""2026-01-17T21:33:24.402Z""},{""type"":""click"",""detail"":{""tag"":""INPUT"",""name"":""investment_amount"",""id"":""id_investment_amount"",""type"":""text""},""ts"":""2026-01-17T21:33:39.699Z""},{""type"":""input"",""detail"":{""tag"":""INPUT"",""name"":""investment_amount"",""id"":""id_investment_amount"",""type"":""text""},""ts"":""2026-01-17T21:33:42.075Z""},{""type"":""click"",""detail"":{""tag"":""LABEL"",""name"":null,""id"":null,""type"":null},""ts"":""2026-01-17T21:33:43.897Z""},{""type"":""click"",""detail"":{""tag"":""INPUT"",""name"":""imbalance_informative"",""id"":""id_imbalance_informative-0"",""type"":""radio""},""ts"":""2026-01-17T21:33:43.897Z""},{""type"":""input"",""detail"":{""tag"":""INPUT"",""name"":""imbalance_informative"",""id"":""id_imbalance_informative-0"",""type"":""radio""},""ts"":""2026-01-17T21:33:43.897Z""},{""type"":""click"",""detail"":{""tag"":""INPUT"",""name"":""return_forecast"",""id"":""id_return_forecast"",""type"":""text""},""ts"":""2026-01-17T21:33:44.784Z""},{""type"":""input"",""detail"":{""tag"":""INPUT"",""name"":""return_forecast"",""id"":""id_return_forecast"",""type"":""text""},""ts"":""2026-01-17T21:33:46.532Z""},{""type"":""input"",""detail"":{""tag"":""INPUT"",""name"":""return_forecast"",""id"":""id_return_forecast"",""type"":""text""},""ts"":""2026-01-17T21:33:48.012Z""},{""type"":""click"",""detail"":{""tag"":""BUTTON"",""name"":null,""id"":null,""type"":""submit""},""ts"":""2026-01-17T21:33:48.452Z""},{""type"":""form-submit"",""detail"":{},""ts"":""2026-01-17T21:33:48.458Z""}]",1.0,7.71708225676856,1.0,99.63,2.0,100.63,,0,151ug4w3,,,,,0,1,1,1.0,1,0.392670088943464,0,0.0,0.9615657764675015,1.0,-0.04912479370739113,5.0,-0.5197292882137304,1,0.631578947368421,-0.3499766621938244,-1.3360967389859126,-17.6796462515763,-1.39817595849112,3.70789668601298,5.29324112113285,7.71708225676856,1.2753489503697995,-0.6525710063000615,-0.3499766621938244,-0.3499766621938244,-0.3499766621938244,-1.3360967389859126,-1.3360967389859126,0.0024132453567937352,4.28291774323144
112,15,p639azxy,6965b338f069222c10b2bdc9,0,52,52,post_exp,FinalForProlific,2026-01-17 21:26:31.341396,1,,,118.08,15,,102.95,-0.7232918438174936,,treatment,,0.0,9,1,1.0,,paid_data,90.0,-5.0,"[{""type"":""page-load"",""detail"":{""path"":""/p/p639azxy/main/Trade/21""},""ts"":""2026-01-17T21:37:30.284Z""},{""type"":""click"",""detail"":{""tag"":""INPUT"",""name"":""investment_amount"",""id"":""id_investment_amount"",""type"":""text""},""ts"":""2026-01-17T21:37:37.442Z""},{""type"":""input"",""detail"":{""tag"":""INPUT"",""name"":""investment_amount"",""id"":""id_investment_amount"",""type"":""text""},""ts"":""2026-01-17T21:37:38.777Z""},{""type"":""input"",""detail"":{""tag"":""INPUT"",""name"":""investment_amount"",""id"":""id_investment_amount"",""type"":""text""},""ts"":""2026-01-17T21:37:39.618Z""},{""type"":""input"",""detail"":{""tag"":""INPUT"",""name"":""investment_amount"",""id"":""id_investment_amount"",""type"":""text""},""ts"":""2026-01-17T21:37:40.797Z""},{""type"":""click"",""detail"":{""tag"":""LABEL"",""name"":null,""id"":null,""type"":null},""ts"":""2026-01-17T21:37:41.890Z""},{""type"":""click"",""detail"":{""tag"":""INPUT"",""name"":""imbalance_informative"",""id"":""id_imbalance_informative-0"",""type"":""radio""},""ts"":""2026-01-17T21:37:41.891Z""},{""type"":""input"",""detail"":{""tag"":""INPUT"",""name"":""imbalance_informative"",""id"":""id_imbalance_informative-0"",""type"":""radio""},""ts"":""2026-01-17T21:37:41.891Z""},{""type"":""click"",""detail"":{""tag"":""INPUT"",""name"":""return_forecast"",""id"":""id_return_forecast"",""type"":""text""},""ts"":""2026-01-17T21:37:44.349Z""},{""type"":""input"",""detail"":{""tag"":""INPUT"",""name"":""return_forecast"",""id"":""id_return_forecast"",""type"":""text""},""ts"":""2026-01-17T21:37:51.232Z""},{""type"":""input"",""detail"":{""tag"":""INPUT"",""name"":""return_forecast"",""id"":""id_return_forecast"",""type"":""text""},""ts"":""2026-01-17T21:37:52.026Z""},{""type"":""click"",""detail"":{""tag"":""BUTTON"",""name"":null,""id"":null,""type"":""submit""},""ts"":""2026-01-17T21:37:53.275Z""},{""type"":""form-submit"",""detail"":{},""ts"":""2026-01-17T21:37:53.276Z""}]",1.0,7.71708225676856,1.0,101.95,2.0,102.95,,0,151ug4w3,,,,,0,1,1,1.0,1,-0.08726001976521408,1,0.0,-0.3930929274867148,1.0,-0.04912479370739113,6.0,0.25665643862406434,1,0.9473684210526315,-0.3499766621938244,-1.3360967389859126,-17.6796462515763,-1.39817595849112,3.70789668601298,5.29324112113285,7.71708225676856,1.2753489503697995,-0.6525710063000615,-0.3499766621938244,-0.3499766621938244,-0.3499766621938244,-1.3360967389859126,-1.3360967389859126,0.0024132453567937352,12.71708225676856
113,16,sw8lem34,677346f91e35f1cb1e647c34,0,49,52,post_exp,Demographics,2026-01-17 21:26:45.318628,1,,,1199.47,16,,99.86,-0.7232918438174936,,treatment,,0.0,9,1,1.0,,paid_data,50.0,22.0,"[{""type"":""page-load"",""detail"":{""path"":""/p/sw8lem34/main/Trade/21""},""ts"":""2026-01-17T21:37:17.480Z""},{""type"":""click"",""detail"":{""tag"":""INPUT"",""name"":""investment_amount"",""id"":""id_investment_amount"",""type"":""text""},""ts"":""2026-01-17T21:37:25.507Z""},{""type"":""input"",""detail"":{""tag"":""INPUT"",""name"":""investment_amount"",""id"":""id_investment_amount"",""type"":""text""},""ts"":""2026-01-17T21:37:32.766Z""},{""type"":""click"",""detail"":{""tag"":""INPUT"",""name"":""imbalance_informative"",""id"":""id_imbalance_informative-0"",""type"":""radio""},""ts"":""2026-01-17T21:37:34.068Z""},{""type"":""input"",""detail"":{""tag"":""INPUT"",""name"":""imbalance_informative"",""id"":""id_imbalance_informative-0"",""type"":""radio""},""ts"":""2026-01-17T21:37:34.068Z""},{""type"":""click"",""detail"":{""tag"":""INPUT"",""name"":""return_forecast"",""id"":""id_return_forecast"",""type"":""text""},""ts"":""2026-01-17T21:37:35.180Z""},{""type"":""input"",""detail"":{""tag"":""INPUT"",""name"":""return_forecast"",""id"":""id_return_forecast"",""type"":""text""},""ts"":""2026-01-17T21:37:38.344Z""},{""type"":""click"",""detail"":{""tag"":""BUTTON"",""name"":null,""id"":null,""type"":""submit""},""ts"":""2026-01-17T21:37:39.824Z""},{""type"":""form-submit"",""detail"":{},""ts"":""2026-01-17T21:37:39.830Z""}]",1.0,7.71708225676856,1.0,98.86,2.0,99.86,,0,151ug4w3,,,,,0,1,1,1.0,1,0.392670088943464,0,,,,-0.04912479370739113,5.0,-0.5197292882137304,1,0.5263157894736842,-0.3499766621938244,-1.3360967389859126,-17.6796462515763,-1.39817595849112,3.70789668601298,5.29324112113285,7.71708225676856,1.2753489503697995,-0.6525710063000615,-0.3499766621938244,-0.3499766621938244,-0.3499766621938244,-1.3360967389859126,-1.3360967389859126,0.0024132453567937352,14.28291774323144
114,17,3v5sipps,695bd4f6bbdb5a636882ce78,0,52,52,post_exp,FinalForProlific,2026-01-17 21:26:53.633718,1,,,118.89,17,,101.0,-0.7232918438174936,,control,,0.0,9,1,-1.0,,free_data,0.0,-10.0,"[{""type"":""page-load"",""detail"":{""path"":""/p/3v5sipps/main/Trade/21""},""ts"":""2026-01-17T21:33:59.486Z""},{""type"":""right-click"",""detail"":{""x"":398.21484375,""y"":567.40625,""target"":""LABEL""},""ts"":""2026-01-17T21:34:03.496Z""},{""type"":""contextmenu"",""detail"":{""x"":398,""y"":567,""target"":""LABEL""},""ts"":""2026-01-17T21:34:03.496Z""},{""type"":""click"",""detail"":{""tag"":""INPUT"",""name"":""investment_amount"",""id"":""id_investment_amount"",""type"":""text""},""ts"":""2026-01-17T21:34:04.924Z""},{""type"":""input"",""detail"":{""tag"":""INPUT"",""name"":""investment_amount"",""id"":""id_investment_amount"",""type"":""text""},""ts"":""2026-01-17T21:34:05.517Z""},{""type"":""click"",""detail"":{""tag"":""INPUT"",""name"":""return_forecast"",""id"":""id_return_forecast"",""type"":""text""},""ts"":""2026-01-17T21:34:08.073Z""},{""type"":""input"",""detail"":{""tag"":""INPUT"",""name"":""return_forecast"",""id"":""id_return_forecast"",""type"":""text""},""ts"":""2026-01-17T21:34:10.337Z""},{""type"":""click"",""detail"":{""tag"":""BUTTON"",""name"":null,""id"":null,""type"":""submit""},""ts"":""2026-01-17T21:34:11.955Z""},{""type"":""click"",""detail"":{""tag"":""INPUT"",""name"":""imbalance_informative"",""id"":""id_imbalance_informative-0"",""type"":""radio""},""ts"":""2026-01-17T21:34:16.192Z""},{""type"":""input"",""detail"":{""tag"":""INPUT"",""name"":""imbalance_informative"",""id"":""id_imbalance_informative-0"",""type"":""radio""},""ts"":""2026-01-17T21:34:16.192Z""},{""type"":""click"",""detail"":{""tag"":""BUTTON"",""name"":null,""id"":null,""type"":""submit""},""ts"":""2026-01-17T21:34:18.125Z""},{""type"":""form-submit"",""detail"":{},""ts"":""2026-01-17T21:34:18.126Z""}]",1.0,7.71708225676856,1.0,100.0,2.0,101.0,,0,151ug4w3,,,,,0,0,0,-0.0,0,-1.5270503458912477,0,0.0,0.36890259348753185,0.0,-0.5894975244886941,3.0,0.04491487675921132,0,0.0,-0.3499766621938244,-1.3360967389859126,-17.6796462515763,-1.39817595849112,3.70789668601298,5.29324112113285,7.71708225676856,1.2753489503697995,-0.6525710063000615,0.0,-0.0,-0.0,0.0,-0.0,0.3475073313782985,17.71708225676856
115,19,6xawj670,69419dd351c8c6866590c254,0,52,52,post_exp,FinalForProlific,2026-01-17 21:28:19.710613,1,,,104.78,19,,95.93,-0.7232918438174936,,treatment,,0.0,6,1,1.0,,paid_data,12.0,0.0,"[{""type"":""page-load"",""detail"":{""path"":""/p/6xawj670/main/Trade/21""},""ts"":""2026-01-17T22:02:52.508Z""},{""type"":""window-blur"",""detail"":{},""ts"":""2026-01-17T22:02:55.111Z""},{""type"":""visibilitychange"",""detail"":{""state"":""hidden""},""ts"":""2026-01-17T22:02:55.114Z""},{""type"":""window-focus"",""detail"":{},""ts"":""2026-01-17T22:03:11.618Z""},{""type"":""visibilitychange"",""detail"":{""state"":""visible""},""ts"":""2026-01-17T22:03:11.636Z""},{""type"":""click"",""detail"":{""tag"":""LABEL"",""name"":null,""id"":null,""type"":null},""ts"":""2026-01-17T22:03:13.114Z""},{""type"":""click"",""detail"":{""tag"":""INPUT"",""name"":""investment_amount"",""id"":""id_investment_amount"",""type"":""text""},""ts"":""2026-01-17T22:03:13.476Z""},{""type"":""input"",""detail"":{""tag"":""INPUT"",""name"":""investment_amount"",""id"":""id_investment_amount"",""type"":""text""},""ts"":""2026-01-17T22:03:14.064Z""},{""type"":""input"",""detail"":{""tag"":""INPUT"",""name"":""investment_amount"",""id"":""id_investment_amount"",""type"":""text""},""ts"":""2026-01-17T22:03:15.519Z""},{""type"":""input"",""detail"":{""tag"":""INPUT"",""name"":""investment_amount"",""id"":""id_investment_amount"",""type"":""text""},""ts"":""2026-01-17T22:03:16.033Z""},{""type"":""input"",""detail"":{""tag"":""INPUT"",""name"":""investment_amount"",""id"":""id_investment_amount"",""type"":""text""},""ts"":""2026-01-17T22:03:17.360Z""},{""type"":""input"",""detail"":{""tag"":""INPUT"",""name"":""investment_amount"",""id"":""id_investment_amount"",""type"":""text""},""ts"":""2026-01-17T22:03:18.207Z""},{""type"":""input"",""detail"":{""tag"":""INPUT"",""name"":""investment_amount"",""id"":""id_investment_amount"",""type"":""text""},""ts"":""2026-01-17T22:03:18.712Z""},{""type"":""input"",""detail"":{""tag"":""INPUT"",""name"":""investment_amount"",""id"":""id_investment_amount"",""type"":""text""},""ts"":""2026-01-17T22:03:20.447Z""},{""type"":""click"",""detail"":{""tag"":""INPUT"",""name"":""imbalance_informative"",""id"":""id_imbalance_informative-1"",""type"":""radio""},""ts"":""2026-01-17T22:03:24.089Z""},{""type"":""input"",""detail"":{""tag"":""INPUT"",""name"":""imbalance_informative"",""id"":""id_imbalance_informative-1"",""type"":""radio""},""ts"":""2026-01-17T22:03:24.089Z""},{""type"":""click"",""detail"":{""tag"":""INPUT"",""name"":""return_forecast"",""id"":""id_return_forecast"",""type"":""text""},""ts"":""2026-01-17T22:03:24.487Z""},{""type"":""input"",""detail"":{""tag"":""INPUT"",""name"":""return_forecast"",""id"":""id_return_forecast"",""type"":""text""},""ts"":""2026-01-17T22:03:26.447Z""},{""type"":""click"",""detail"":{""tag"":""BUTTON"",""name"":null,""id"":null,""type"":""submit""},""ts"":""2026-01-17T22:03:27.927Z""},{""type"":""form-submit"",""detail"":{},""ts"":""2026-01-17T22:03:27.928Z""}]",0.0,7.71708225676856,1.0,95.93,0.0,95.93,,0,151ug4w3,,,,,0,1,1,1.0,1,-0.5671901284738922,0,0.0,-1.7477516314409312,0.0,-0.5894975244886941,4.0,-0.23740720572725918,1,0.12631578947368421,-0.3499766621938244,-1.3360967389859126,-17.6796462515763,-1.39817595849112,3.70789668601298,5.29324112113285,7.71708225676856,1.2753489503697995,-0.6525710063000615,-0.3499766621938244,-0.3499766621938244,-0.3499766621938244,-1.3360967389859126,-1.3360967389859126,0.3475073313782985,7.71708225676856
116,20,cx4xx3np,61576d2fde97a7adb4b6a193,0,49,52,post_exp,Demographics,2026-01-17 21:28:27.073012,1,,,1213.01,20,,96.16,-0.7232918438174936,,treatment,,0.0,12,1,1.0,,paid_data,15.0,-8.0,"[{""type"":""page-load"",""detail"":{""path"":""/p/cx4xx3np/main/Trade/21""},""ts"":""2026-01-17T21:36:12.280Z""},{""type"":""click"",""detail"":{""tag"":""INPUT"",""name"":""investment_amount"",""id"":""id_investment_amount"",""type"":""text""},""ts"":""2026-01-17T21:36:18.604Z""},{""type"":""input"",""detail"":{""tag"":""INPUT"",""name"":""investment_amount"",""id"":""id_investment_amount"",""type"":""text""},""ts"":""2026-01-17T21:36:19.438Z""},{""type"":""input"",""detail"":{""tag"":""INPUT"",""name"":""investment_amount"",""id"":""id_investment_amount"",""type"":""text""},""ts"":""2026-01-17T21:36:20.019Z""},{""type"":""input"",""detail"":{""tag"":""INPUT"",""name"":""investment_amount"",""id"":""id_investment_amount"",""type"":""text""},""ts"":""2026-01-17T21:36:20.678Z""},{""type"":""input"",""detail"":{""tag"":""INPUT"",""name"":""investment_amount"",""id"":""id_investment_amount"",""type"":""text""},""ts"":""2026-01-17T21:36:21.961Z""},{""type"":""click"",""detail"":{""tag"":""INPUT"",""name"":""imbalance_informative"",""id"":""id_imbalance_informative-1"",""type"":""radio""},""ts"":""2026-01-17T21:36:23.187Z""},{""type"":""input"",""detail"":{""tag"":""INPUT"",""name"":""imbalance_informative"",""id"":""id_imbalance_informative-1"",""type"":""radio""},""ts"":""2026-01-17T21:36:23.188Z""},{""type"":""click"",""detail"":{""tag"":""INPUT"",""name"":""return_forecast"",""id"":""id_return_forecast"",""type"":""text""},""ts"":""2026-01-17T21:36:24.011Z""},{""type"":""input"",""detail"":{""tag"":""INPUT"",""name"":""return_forecast"",""id"":""id_return_forecast"",""type"":""text""},""ts"":""2026-01-17T21:36:35.883Z""},{""type"":""input"",""detail"":{""tag"":""INPUT"",""name"":""return_forecast"",""id"":""id_return_forecast"",""type"":""text""},""ts"":""2026-01-17T21:36:37.312Z""},{""type"":""click"",""detail"":{""tag"":""BUTTON"",""name"":null,""id"":null,""type"":""submit""},""ts"":""2026-01-17T21:36:39.619Z""},{""type"":""form-submit"",""detail"":{},""ts"":""2026-01-17T21:36:39.625Z""}]",0.0,7.71708225676856,1.0,96.16,1.0,96.16,,0,151ug4w3,,,,,0,1,1,1.0,1,-1.0471202371825696,0,,,,1.5719933986365178,7.0,1.3859447685699473,1,0.15789473684210525,-0.3499766621938244,-1.3360967389859126,-17.6796462515763,-1.39817595849112,3.70789668601298,5.29324112113285,7.71708225676856,1.2753489503697995,-0.6525710063000615,-0.3499766621938244,-0.3499766621938244,-0.3499766621938244,-1.3360967389859126,-1.3360967389859126,2.4711632453567898,15.71708225676856
117,22,gi3vvfez,676e6f5eb2e5690f74382e58,0,52,52,post_exp,FinalForProlific,2026-01-17 21:30:49.464898,1,,,114.35,22,,107.72,-0.7232918438174936,,treatment,,0.0,13,0,0.0,,paid_data,100.0,5.0,"[{""type"":""page-load"",""detail"":{""path"":""/p/gi3vvfez/main/Trade/21""},""ts"":""2026-01-17T21:43:38.889Z""},{""type"":""click"",""detail"":{""tag"":""INPUT"",""name"":""investment_amount"",""id"":""id_investment_amount"",""type"":""text""},""ts"":""2026-01-17T21:43:50.930Z""},{""type"":""input"",""detail"":{""tag"":""INPUT"",""name"":""investment_amount"",""id"":""id_investment_amount"",""type"":""text""},""ts"":""2026-01-17T21:43:52.536Z""},{""type"":""click"",""detail"":{""tag"":""INPUT"",""name"":""return_forecast"",""id"":""id_return_forecast"",""type"":""text""},""ts"":""2026-01-17T21:43:54.798Z""},{""type"":""input"",""detail"":{""tag"":""INPUT"",""name"":""return_forecast"",""id"":""id_return_forecast"",""type"":""text""},""ts"":""2026-01-17T21:43:56.432Z""},{""type"":""click"",""detail"":{""tag"":""BUTTON"",""name"":null,""id"":null,""type"":""submit""},""ts"":""2026-01-17T21:43:57.763Z""},{""type"":""form-submit"",""detail"":{},""ts"":""2026-01-17T21:43:57.764Z""}]",,7.71708225676856,1.0,107.72,0.0,107.72,,0,151ug4w3,,,,,0,1,1,0.0,1,0.392670088943464,0,0.0,0.36890259348753185,0.0,0.4912479370739118,3.0,-1.366695535673143,0,1.0,-0.3499766621938244,-1.3360967389859126,-17.6796462515763,-1.39817595849112,3.70789668601298,5.29324112113285,7.71708225676856,1.2753489503697995,-0.6525710063000615,-0.0,-0.3499766621938244,-0.3499766621938244,-0.0,-1.3360967389859126,0.241324535679374,2.7170822567685597
118,24,1li97jle,563f734bcbd4c60005dc9442,0,49,52,post_exp,Demographics,2026-01-17 21:34:31.158499,1,,,1302.85,24,,100.0,-0.7232918438174936,,treatment,,0.0,10,0,0.0,,paid_data,0.0,-4.0,"[{""type"":""page-load"",""detail"":{""path"":""/p/1li97jle/main/Trade/21""},""ts"":""2026-01-17T21:39:22.964Z""},{""type"":""click"",""detail"":{""tag"":""INPUT"",""name"":""investment_amount"",""id"":""id_investment_amount"",""type"":""text""},""ts"":""2026-01-17T21:39:29.180Z""},{""type"":""input"",""detail"":{""tag"":""INPUT"",""name"":""investment_amount"",""id"":""id_investment_amount"",""type"":""text""},""ts"":""2026-01-17T21:39:30.161Z""},{""type"":""click"",""detail"":{""tag"":""INPUT"",""name"":""return_forecast"",""id"":""id_return_forecast"",""type"":""text""},""ts"":""2026-01-17T21:39:30.861Z""},{""type"":""input"",""detail"":{""tag"":""INPUT"",""name"":""return_forecast"",""id"":""id_return_forecast"",""type"":""text""},""ts"":""2026-01-17T21:39:33.249Z""},{""type"":""input"",""detail"":{""tag"":""INPUT"",""name"":""return_forecast"",""id"":""id_return_forecast"",""type"":""text""},""ts"":""2026-01-17T21:39:33.765Z""},{""type"":""click"",""detail"":{""tag"":""BUTTON"",""name"":null,""id"":null,""type"":""submit""},""ts"":""2026-01-17T21:39:34.277Z""},{""type"":""form-submit"",""detail"":{},""ts"":""2026-01-17T21:39:34.280Z""}]",,7.71708225676856,1.0,100.0,1.0,100.0,,0,151ug4w3,,,,,0,1,1,0.0,1,0.392670088943464,0,,,,-1.129870255269997,7.0,0.3272369592456818,0,0.0,-0.3499766621938244,-1.3360967389859126,-17.6796462515763,-1.39817595849112,3.70789668601298,5.29324112113285,7.71708225676856,1.2753489503697995,-0.6525710063000615,-0.0,-0.3499766621938244,-0.3499766621938244,-0.0,-1.3360967389859126,1.2766067937438883,11.71708225676856
119,26,8vxh54dk,672eda41e28ba46f845249df,0,52,52,post_exp,FinalForProlific,2026-01-17 21:37:19.026422,1,,,108.92,26,,98.32,-0.7232918438174936,,treatment,,0.0,6,1,1.0,,paid_data,30.0,0.0,"[{""type"":""page-load"",""detail"":{""path"":""/p/8vxh54dk/main/Trade/21""},""ts"":""2026-01-17T21:46:34.081Z""},{""type"":""right-click"",""detail"":{""x"":1021,""y"":491,""target"":""IMG""},""ts"":""2026-01-17T21:46:35.053Z""},{""type"":""contextmenu"",""detail"":{""x"":1021,""y"":491,""target"":""IMG""},""ts"":""2026-01-17T21:46:35.099Z""},{""type"":""window-blur"",""detail"":{},""ts"":""2026-01-17T21:46:37.201Z""},{""type"":""visibilitychange"",""detail"":{""state"":""hidden""},""ts"":""2026-01-17T21:46:37.207Z""},{""type"":""visibilitychange"",""detail"":{""state"":""visible""},""ts"":""2026-01-17T21:46:56.962Z""},{""type"":""window-focus"",""detail"":{},""ts"":""2026-01-17T21:46:56.972Z""},{""type"":""click"",""detail"":{""tag"":""INPUT"",""name"":""investment_amount"",""id"":""id_investment_amount"",""type"":""text""},""ts"":""2026-01-17T21:46:58.555Z""},{""type"":""input"",""detail"":{""tag"":""INPUT"",""name"":""investment_amount"",""id"":""id_investment_amount"",""type"":""text""},""ts"":""2026-01-17T21:46:59.579Z""},{""type"":""input"",""detail"":{""tag"":""INPUT"",""name"":""investment_amount"",""id"":""id_investment_amount"",""type"":""text""},""ts"":""2026-01-17T21:47:00.204Z""},{""type"":""input"",""detail"":{""tag"":""INPUT"",""name"":""investment_amount"",""id"":""id_investment_amount"",""type"":""text""},""ts"":""2026-01-17T21:47:02.541Z""},{""type"":""click"",""detail"":{""tag"":""INPUT"",""name"":""imbalance_informative"",""id"":""id_imbalance_informative-0"",""type"":""radio""},""ts"":""2026-01-17T21:47:04.259Z""},{""type"":""input"",""detail"":{""tag"":""INPUT"",""name"":""imbalance_informative"",""id"":""id_imbalance_informative-0"",""type"":""radio""},""ts"":""2026-01-17T21:47:04.259Z""},{""type"":""click"",""detail"":{""tag"":""INPUT"",""name"":""return_forecast"",""id"":""id_return_forecast"",""type"":""text""},""ts"":""2026-01-17T21:47:04.787Z""},{""type"":""input"",""detail"":{""tag"":""INPUT"",""name"":""return_forecast"",""id"":""id_return_forecast"",""type"":""text""},""ts"":""2026-01-17T21:47:05.468Z""},{""type"":""click"",""detail"":{""tag"":""BUTTON"",""name"":null,""id"":null,""type"":""submit""},""ts"":""2026-01-17T21:47:06.475Z""},{""type"":""form-submit"",""detail"":{},""ts"":""2026-01-17T21:47:06.476Z""}]",1.0,7.71708225676856,1.0,97.32,3.0,98.32,,0,151ug4w3,,,,,0,1,1,1.0,1,0.392670088943464,1,1.0,2.485556818415995,1.0,-1.129870255269997,8.0,0.7507200829753884,1,0.3157894736842105,-0.3499766621938244,-1.3360967389859126,-17.6796462515763,-1.39817595849112,3.70789668601298,5.29324112113285,7.71708225676856,1.2753489503697995,-0.6525710063000615,-0.3499766621938244,-0.3499766621938244,-0.3499766621938244,-1.3360967389859126,-1.3360967389859126,1.2766067937438883,7.71708225676856
120,27,iwq8bj53,6272b9dfc470a51d5fa0e6ea,0,52,52,post_exp,FinalForProlific,2026-01-17 21:42:24.321475,1,,,114.56,27,,100.0,-0.7232918438174936,,treatment,,0.0,12,0,0.0,,paid_data,0.0,-5.0,"[{""type"":""page-load"",""detail"":{""path"":""/p/iwq8bj53/main/Trade/21""},""ts"":""2026-01-17T21:53:10.652Z""},{""type"":""click"",""detail"":{""tag"":""INPUT"",""name"":""investment_amount"",""id"":""id_investment_amount"",""type"":""text""},""ts"":""2026-01-17T21:53:25.842Z""},{""type"":""input"",""detail"":{""tag"":""INPUT"",""name"":""investment_amount"",""id"":""id_investment_amount"",""type"":""text""},""ts"":""2026-01-17T21:53:26.468Z""},{""type"":""click"",""detail"":{""tag"":""INPUT"",""name"":""return_forecast"",""id"":""id_return_forecast"",""type"":""text""},""ts"":""2026-01-17T21:53:27.174Z""},{""type"":""input"",""detail"":{""tag"":""INPUT"",""name"":""return_forecast"",""id"":""id_return_forecast"",""type"":""text""},""ts"":""2026-01-17T21:53:27.648Z""},{""type"":""input"",""detail"":{""tag"":""INPUT"",""name"":""return_forecast"",""id"":""id_return_forecast"",""type"":""text""},""ts"":""2026-01-17T21:53:28.563Z""},{""type"":""click"",""detail"":{""tag"":""BUTTON"",""name"":null,""id"":null,""type"":""submit""},""ts"":""2026-01-17T21:53:29.681Z""},{""type"":""form-submit"",""detail"":{},""ts"":""2026-01-17T21:53:29.682Z""}]",,7.71708225676856,1.0,100.0,0.0,100.0,,0,151ug4w3,,,,,0,1,1,0.0,1,0.392670088943464,0,1.0,0.4535687624846704,1.0,0.4912479370739118,7.0,0.3272369592456818,0,0.0,-0.3499766621938244,-1.3360967389859126,-17.6796462515763,-1.39817595849112,3.70789668601298,5.29324112113285,7.71708225676856,1.2753489503697995,-0.6525710063000615,-0.0,-0.3499766621938244,-0.3499766621938244,-0.0,-1.3360967389859126,0.241324535679374,12.71708225676856
121,28,5uy60pw0,5d6349209b22da000117b1bd,0,52,52,post_exp,FinalForProlific,2026-01-17 21:44:53.042884,1,,,109.31,28,,100.39,-0.7232918438174936,,treatment,,0.0,4,0,0.0,,paid_data,5.0,-10.0,"[{""type"":""page-load"",""detail"":{""path"":""/p/5uy60pw0/main/Trade/21""},""ts"":""2026-01-17T21:55:12.043Z""},{""type"":""click"",""detail"":{""tag"":""INPUT"",""name"":""investment_amount"",""id"":""id_investment_amount"",""type"":""text""},""ts"":""2026-01-17T21:55:24.448Z""},{""type"":""input"",""detail"":{""tag"":""INPUT"",""name"":""investment_amount"",""id"":""id_investment_amount"",""type"":""text""},""ts"":""2026-01-17T21:55:26.584Z""},{""type"":""input"",""detail"":{""tag"":""INPUT"",""name"":""investment_amount"",""id"":""id_investment_amount"",""type"":""text""},""ts"":""2026-01-17T21:55:30.509Z""},{""type"":""input"",""detail"":{""tag"":""INPUT"",""name"":""investment_amount"",""id"":""id_investment_amount"",""type"":""text""},""ts"":""2026-01-17T21:55:32.158Z""},{""type"":""input"",""detail"":{""tag"":""INPUT"",""name"":""return_forecast"",""id"":""id_return_forecast"",""type"":""text""},""ts"":""2026-01-17T21:55:35.169Z""},{""type"":""input"",""detail"":{""tag"":""INPUT"",""name"":""return_forecast"",""id"":""id_return_forecast"",""type"":""text""},""ts"":""2026-01-17T21:55:36.165Z""},{""type"":""click"",""detail"":{""tag"":""BUTTON"",""name"":null,""id"":null,""type"":""submit""},""ts"":""2026-01-17T21:55:39.853Z""},{""type"":""form-submit"",""detail"":{},""ts"":""2026-01-17T21:55:39.855Z""}]",,7.71708225676856,1.0,100.39,2.0,100.39,,0,151ug4w3,,,,,0,1,1,0.0,1,0.392670088943464,0,0.0,0.36890259348753185,0.0,-0.04912479370739113,7.0,0.3272369592456818,0,0.05,-0.3499766621938244,-1.3360967389859126,-17.6796462515763,-1.39817595849112,3.70789668601298,5.29324112113285,7.71708225676856,1.2753489503697995,-0.6525710063000615,-0.0,-0.3499766621938244,-0.3499766621938244,-0.0,-1.3360967389859126,0.0024132453567937352,17.71708225676856
122,29,r8rvnx27,60e769ec9858960e8ad00886,0,52,52,post_exp,FinalForProlific,2026-01-17 21:45:48.803289,1,,,114.24,29,,101.0,-0.7232918438174936,,control,,0.0,4,1,-1.0,,free_data,0.0,-2.0,"[{""type"":""page-load"",""detail"":{""path"":""/p/r8rvnx27/main/Trade/21""},""ts"":""2026-01-17T21:55:52.543Z""},{""type"":""click"",""detail"":{""tag"":""INPUT"",""name"":""imbalance_informative"",""id"":""id_imbalance_informative-0"",""type"":""radio""},""ts"":""2026-01-17T21:55:57.278Z""},{""type"":""input"",""detail"":{""tag"":""INPUT"",""name"":""imbalance_informative"",""id"":""id_imbalance_informative-0"",""type"":""radio""},""ts"":""2026-01-17T21:55:57.278Z""},{""type"":""click"",""detail"":{""tag"":""INPUT"",""name"":""investment_amount"",""id"":""id_investment_amount"",""type"":""text""},""ts"":""2026-01-17T21:55:58.839Z""},{""type"":""input"",""detail"":{""tag"":""INPUT"",""name"":""investment_amount"",""id"":""id_investment_amount"",""type"":""text""},""ts"":""2026-01-17T21:55:59.873Z""},{""type"":""click"",""detail"":{""tag"":""INPUT"",""name"":""return_forecast"",""id"":""id_return_forecast"",""type"":""text""},""ts"":""2026-01-17T21:56:00.434Z""},{""type"":""click"",""detail"":{""tag"":""INPUT"",""name"":""investment_amount"",""id"":""id_investment_amount"",""type"":""text""},""ts"":""2026-01-17T21:56:01.964Z""},{""type"":""click"",""detail"":{""tag"":""INPUT"",""name"":""return_forecast"",""id"":""id_return_forecast"",""type"":""text""},""ts"":""2026-01-17T21:56:03.514Z""},{""type"":""input"",""detail"":{""tag"":""INPUT"",""name"":""return_forecast"",""id"":""id_return_forecast"",""type"":""text""},""ts"":""2026-01-17T21:56:04.577Z""},{""type"":""input"",""detail"":{""tag"":""INPUT"",""name"":""return_forecast"",""id"":""id_return_forecast"",""type"":""text""},""ts"":""2026-01-17T21:56:06.141Z""},{""type"":""click"",""detail"":{""tag"":""BUTTON"",""name"":null,""id"":null,""type"":""submit""},""ts"":""2026-01-17T21:56:07.689Z""},{""type"":""form-submit"",""detail"":{},""ts"":""2026-01-17T21:56:07.692Z""}]",1.0,7.71708225676856,1.0,100.0,4.0,101.0,,0,151ug4w3,,,,,0,0,0,-0.0,0,-0.08726001976521408,0,0.0,0.7922334384732245,0.0,0.4912479370739118,0.0,-2.2842423037541724,0,0.0,-0.3499766621938244,-1.3360967389859126,-17.6796462515763,-1.39817595849112,3.70789668601298,5.29324112113285,7.71708225676856,1.2753489503697995,-0.6525710063000615,0.0,-0.0,-0.0,0.0,-0.0,0.241324535679374,9.71708225676856
123,30,9ioh8yjj,5a501c26eedc32000141f4f2,0,52,52,post_exp,FinalForProlific,2026-01-17 21:52:21.858087,1,,,110.45,30,,100.0,-0.7232918438174936,,treatment,,0.0,11,0,0.0,,paid_data,0.0,10.0,"[{""type"":""page-load"",""detail"":{""path"":""/p/9ioh8yjj/main/Trade/21""},""ts"":""2026-01-17T22:42:28.991Z""},{""type"":""click"",""detail"":{""tag"":""INPUT"",""name"":""investment_amount"",""id"":""id_investment_amount"",""type"":""text""},""ts"":""2026-01-17T22:42:30.416Z""},{""type"":""input"",""detail"":{""tag"":""INPUT"",""name"":""investment_amount"",""id"":""id_investment_amount"",""type"":""text""},""ts"":""2026-01-17T22:42:40.672Z""},{""type"":""input"",""detail"":{""tag"":""INPUT"",""name"":""investment_amount"",""id"":""id_investment_amount"",""type"":""text""},""ts"":""2026-01-17T22:42:41.499Z""},{""type"":""input"",""detail"":{""tag"":""INPUT"",""name"":""return_forecast"",""id"":""id_return_forecast"",""type"":""text""},""ts"":""2026-01-17T22:42:42.279Z""},{""type"":""click"",""detail"":{""tag"":""BUTTON"",""name"":null,""id"":null,""type"":""submit""},""ts"":""2026-01-17T22:42:43.359Z""},{""type"":""form-submit"",""detail"":{},""ts"":""2026-01-17T22:42:43.360Z""}]",,7.71708225676856,1.0,100.0,0.0,100.0,,0,151ug4w3,,,,,0,1,1,0.0,1,-2.4869105633086037,0,0.0,-1.409086955452377,1.0,2.1123661294178206,4.0,1.1742032067050947,0,0.0,-0.3499766621938244,-1.3360967389859126,-17.6796462515763,-1.39817595849112,3.70789668601298,5.29324112113285,7.71708225676856,1.2753489503697995,-0.6525710063000615,-0.0,-0.3499766621938244,-0.3499766621938244,-0.0,-1.3360967389859126,4.462090664711625,2.2829177432314403
124,31,joi0mcuh,69669328636e175b3d4155dc,0,52,52,post_exp,FinalForProlific,2026-01-17 21:52:45.868789,1,,,111.6,31,,97.54,-0.7232918438174936,,treatment,,0.0,8,1,1.0,,paid_data,20.0,10.0,"[{""type"":""page-load"",""detail"":{""path"":""/p/joi0mcuh/main/Trade/21""},""ts"":""2026-01-17T22:06:40.308Z""},{""type"":""click"",""detail"":{""tag"":""BUTTON"",""name"":null,""id"":""instruction_button"",""type"":""submit""},""ts"":""2026-01-17T22:06:49.925Z""},{""type"":""click"",""detail"":{""tag"":""INPUT"",""name"":""investment_amount"",""id"":""id_investment_amount"",""type"":""text""},""ts"":""2026-01-17T22:07:22.968Z""},{""type"":""input"",""detail"":{""tag"":""INPUT"",""name"":""investment_amount"",""id"":""id_investment_amount"",""type"":""text""},""ts"":""2026-01-17T22:07:24.608Z""},{""type"":""input"",""detail"":{""tag"":""INPUT"",""name"":""investment_amount"",""id"":""id_investment_amount"",""type"":""text""},""ts"":""2026-01-17T22:07:27.695Z""},{""type"":""input"",""detail"":{""tag"":""INPUT"",""name"":""investment_amount"",""id"":""id_investment_amount"",""type"":""text""},""ts"":""2026-01-17T22:07:28.322Z""},{""type"":""click"",""detail"":{""tag"":""INPUT"",""name"":""imbalance_informative"",""id"":""id_imbalance_informative-0"",""type"":""radio""},""ts"":""2026-01-17T22:07:32.251Z""},{""type"":""input"",""detail"":{""tag"":""INPUT"",""name"":""imbalance_informative"",""id"":""id_imbalance_informative-0"",""type"":""radio""},""ts"":""2026-01-17T22:07:32.252Z""},{""type"":""click"",""detail"":{""tag"":""INPUT"",""name"":""return_forecast"",""id"":""id_return_forecast"",""type"":""text""},""ts"":""2026-01-17T22:07:34.185Z""},{""type"":""input"",""detail"":{""tag"":""INPUT"",""name"":""return_forecast"",""id"":""id_return_forecast"",""type"":""text""},""ts"":""2026-01-17T22:07:35.757Z""},{""type"":""click"",""detail"":{""tag"":""BUTTON"",""name"":null,""id"":null,""type"":""submit""},""ts"":""2026-01-17T22:07:37.785Z""},{""type"":""form-submit"",""detail"":{},""ts"":""2026-01-17T22:07:37.785Z""}]",1.0,7.71708225676856,1.0,96.54,3.0,97.54,,0,151ug4w3,,,,,0,1,1,1.0,1,1.3525303063608196,0,0.0,-0.22376058949243777,1.0,2.1123661294178206,8.0,0.044914876759211554,1,0.21052631578947367,-0.3499766621938244,-1.3360967389859126,-17.6796462515763,-1.39817595849112,3.70789668601298,5.29324112113285,7.71708225676856,1.2753489503697995,-0.6525710063000615,-0.3499766621938244,-0.3499766621938244,-0.3499766621938244,-1.3360967389859126,-1.3360967389859126,4.462090664711625,2.2829177432314403
125,33,4tbjlhuv,598c4b28cceb0f0001b39675,0,52,52,post_exp,FinalForProlific,2026-01-17 21:57:26.669322,1,,,111.62,33,,101.77,-0.7232918438174936,,control,,0.0,6,1,-1.0,,free_data,10.0,10.0,"[{""type"":""page-load"",""detail"":{""path"":""/p/4tbjlhuv/main/Trade/21""},""ts"":""2026-01-17T22:07:51.494Z""},{""type"":""click"",""detail"":{""tag"":""INPUT"",""name"":""imbalance_informative"",""id"":""id_imbalance_informative-0"",""type"":""radio""},""ts"":""2026-01-17T22:08:00.680Z""},{""type"":""input"",""detail"":{""tag"":""INPUT"",""name"":""imbalance_informative"",""id"":""id_imbalance_informative-0"",""type"":""radio""},""ts"":""2026-01-17T22:08:00.680Z""},{""type"":""click"",""detail"":{""tag"":""INPUT"",""name"":""return_forecast"",""id"":""id_return_forecast"",""type"":""text""},""ts"":""2026-01-17T22:08:02.433Z""},{""type"":""input"",""detail"":{""tag"":""INPUT"",""name"":""return_forecast"",""id"":""id_return_forecast"",""type"":""text""},""ts"":""2026-01-17T22:08:03.155Z""},{""type"":""click"",""detail"":{""tag"":""INPUT"",""name"":""investment_amount"",""id"":""id_investment_amount"",""type"":""text""},""ts"":""2026-01-17T22:08:04.287Z""},{""type"":""input"",""detail"":{""tag"":""INPUT"",""name"":""investment_amount"",""id"":""id_investment_amount"",""type"":""text""},""ts"":""2026-01-17T22:08:04.758Z""},{""type"":""click"",""detail"":{""tag"":""BUTTON"",""name"":null,""id"":null,""type"":""submit""},""ts"":""2026-01-17T22:08:06.152Z""},{""type"":""form-submit"",""detail"":{},""ts"":""2026-01-17T22:08:06.188Z""}]",1.0,7.71708225676856,1.0,100.77,3.0,101.77,,0,151ug4w3,,,,,0,0,0,-0.0,0,0.8726001976521415,0,0.0,0.4535687624846704,1.0,-1.129870255269997,7.0,-0.025665643862406367,0,0.1,-0.3499766621938244,-1.3360967389859126,-17.6796462515763,-1.39817595849112,3.70789668601298,5.29324112113285,7.71708225676856,1.2753489503697995,-0.6525710063000615,0.0,-0.0,-0.0,0.0,-0.0,1.2766067937438883,2.2829177432314403
126,34,4pzjsb2b,67580f69a9a3cb759240904b,0,52,52,post_exp,FinalForProlific,2026-01-17 21:58:30.170718,1,,,106.49,34,,100.0,-0.7232918438174936,,treatment,,0.0,10,0,0.0,,paid_data,0.0,-10.0,"[{""type"":""page-load"",""detail"":{""path"":""/p/4pzjsb2b/main/Trade/21""},""ts"":""2026-01-17T22:05:53.578Z""},{""type"":""click"",""detail"":{""tag"":""INPUT"",""name"":""investment_amount"",""id"":""id_investment_amount"",""type"":""text""},""ts"":""2026-01-17T22:06:02.253Z""},{""type"":""input"",""detail"":{""tag"":""INPUT"",""name"":""investment_amount"",""id"":""id_investment_amount"",""type"":""text""},""ts"":""2026-01-17T22:06:03.002Z""},{""type"":""click"",""detail"":{""tag"":""LABEL"",""name"":null,""id"":null,""type"":null},""ts"":""2026-01-17T22:06:04.440Z""},{""type"":""click"",""detail"":{""tag"":""INPUT"",""name"":""return_forecast"",""id"":""id_return_forecast"",""type"":""text""},""ts"":""2026-01-17T22:06:04.441Z""},{""type"":""input"",""detail"":{""tag"":""INPUT"",""name"":""return_forecast"",""id"":""id_return_forecast"",""type"":""text""},""ts"":""2026-01-17T22:06:05.588Z""},{""type"":""input"",""detail"":{""tag"":""INPUT"",""name"":""return_forecast"",""id"":""id_return_forecast"",""type"":""text""},""ts"":""2026-01-17T22:06:06.089Z""},{""type"":""input"",""detail"":{""tag"":""INPUT"",""name"":""return_forecast"",""id"":""id_return_forecast"",""type"":""text""},""ts"":""2026-01-17T22:06:06.813Z""},{""type"":""click"",""detail"":{""tag"":""BUTTON"",""name"":null,""id"":null,""type"":""submit""},""ts"":""2026-01-17T22:06:08.376Z""},{""type"":""form-submit"",""detail"":{},""ts"":""2026-01-17T22:06:08.376Z""}]",,7.71708225676856,1.0,100.0,0.0,100.0,,0,151ug4w3,,,,,0,1,1,0.0,1,1.3525303063608196,0,0.0,1.3002304524560555,1.0,-1.129870255269997,7.0,-0.378568246970495,0,0.0,-0.3499766621938244,-1.3360967389859126,-17.6796462515763,-1.39817595849112,3.70789668601298,5.29324112113285,7.71708225676856,1.2753489503697995,-0.6525710063000615,-0.0,-0.3499766621938244,-0.3499766621938244,-0.0,-1.3360967389859126,1.2766067937438883,17.71708225676856
127,35,fcwg96au,5848ad3bdb871400012da095,0,52,52,post_exp,FinalForProlific,2026-01-17 22:00:16.297158,1,,,108.19,35,,96.39,-0.7232918438174936,,treatment,,0.0,10,1,1.0,,paid_data,5.0,-5.0,"[{""type"":""page-load"",""detail"":{""path"":""/p/fcwg96au/main/Trade/21""},""ts"":""2026-01-17T22:08:24.145Z""},{""type"":""click"",""detail"":{""tag"":""INPUT"",""name"":""investment_amount"",""id"":""id_investment_amount"",""type"":""text""},""ts"":""2026-01-17T22:08:31.242Z""},{""type"":""input"",""detail"":{""tag"":""INPUT"",""name"":""investment_amount"",""id"":""id_investment_amount"",""type"":""text""},""ts"":""2026-01-17T22:08:32.155Z""},{""type"":""click"",""detail"":{""tag"":""INPUT"",""name"":""imbalance_informative"",""id"":""id_imbalance_informative-0"",""type"":""radio""},""ts"":""2026-01-17T22:08:33.707Z""},{""type"":""input"",""detail"":{""tag"":""INPUT"",""name"":""imbalance_informative"",""id"":""id_imbalance_informative-0"",""type"":""radio""},""ts"":""2026-01-17T22:08:33.707Z""},{""type"":""click"",""detail"":{""tag"":""INPUT"",""name"":""return_forecast"",""id"":""id_return_forecast"",""type"":""text""},""ts"":""2026-01-17T22:08:34.398Z""},{""type"":""input"",""detail"":{""tag"":""INPUT"",""name"":""return_forecast"",""id"":""id_return_forecast"",""type"":""text""},""ts"":""2026-01-17T22:08:36.234Z""},{""type"":""click"",""detail"":{""tag"":""BUTTON"",""name"":null,""id"":null,""type"":""submit""},""ts"":""2026-01-17T22:08:38.395Z""},{""type"":""form-submit"",""detail"":{},""ts"":""2026-01-17T22:08:38.396Z""}]",1.0,7.71708225676856,1.0,95.39,2.0,96.39,,0,151ug4w3,,,,,0,1,1,1.0,1,-0.08726001976521408,1,0.0,-0.3084267584895763,1.0,1.0316206678552147,1.0,-1.8607591800244665,1,0.05263157894736842,-0.3499766621938244,-1.3360967389859126,-17.6796462515763,-1.39817595849112,3.70789668601298,5.29324112113285,7.71708225676856,1.2753489503697995,-0.6525710063000615,-0.3499766621938244,-0.3499766621938244,-0.3499766621938244,-1.3360967389859126,-1.3360967389859126,1.0642412023460393,12.71708225676856
128,37,4d34f1nl,692f221e98e3cdcf10465812,0,52,52,post_exp,FinalForProlific,2026-01-17 22:07:34.984862,1,,,112.1,37,,100.0,-0.7232918438174936,,control,,0.0,6,1,-1.0,,free_data,0.0,-10.0,"[{""type"":""page-load"",""detail"":{""path"":""/p/4d34f1nl/main/Trade/21""},""ts"":""2026-01-17T22:28:24.935Z""},{""type"":""window-blur"",""detail"":{},""ts"":""2026-01-17T22:28:28.013Z""},{""type"":""visibilitychange"",""detail"":{""state"":""hidden""},""ts"":""2026-01-17T22:28:28.013Z""},{""type"":""visibilitychange"",""detail"":{""state"":""visible""},""ts"":""2026-01-17T22:29:12.931Z""},{""type"":""window-focus"",""detail"":{},""ts"":""2026-01-17T22:29:12.940Z""},{""type"":""window-blur"",""detail"":{},""ts"":""2026-01-17T22:29:13.825Z""},{""type"":""visibilitychange"",""detail"":{""state"":""hidden""},""ts"":""2026-01-17T22:29:13.825Z""},{""type"":""visibilitychange"",""detail"":{""state"":""visible""},""ts"":""2026-01-17T22:29:15.817Z""},{""type"":""window-focus"",""detail"":{},""ts"":""2026-01-17T22:29:15.818Z""},{""type"":""click"",""detail"":{""tag"":""INPUT"",""name"":""investment_amount"",""id"":""id_investment_amount"",""type"":""text""},""ts"":""2026-01-17T22:29:16.620Z""},{""type"":""input"",""detail"":{""tag"":""INPUT"",""name"":""investment_amount"",""id"":""id_investment_amount"",""type"":""text""},""ts"":""2026-01-17T22:29:17.208Z""},{""type"":""click"",""detail"":{""tag"":""LABEL"",""name"":null,""id"":null,""type"":null},""ts"":""2026-01-17T22:29:18.019Z""},{""type"":""click"",""detail"":{""tag"":""INPUT"",""name"":""imbalance_informative"",""id"":""id_imbalance_informative-1"",""type"":""radio""},""ts"":""2026-01-17T22:29:18.020Z""},{""type"":""input"",""detail"":{""tag"":""INPUT"",""name"":""imbalance_informative"",""id"":""id_imbalance_informative-1"",""type"":""radio""},""ts"":""2026-01-17T22:29:18.020Z""},{""type"":""click"",""detail"":{""tag"":""INPUT"",""name"":""return_forecast"",""id"":""id_return_forecast"",""type"":""text""},""ts"":""2026-01-17T22:29:18.937Z""},{""type"":""window-blur"",""detail"":{},""ts"":""2026-01-17T22:29:19.847Z""},{""type"":""visibilitychange"",""detail"":{""state"":""hidden""},""ts"":""2026-01-17T22:29:19.848Z""},{""type"":""visibilitychange"",""detail"":{""state"":""visible""},""ts"":""2026-01-17T22:29:21.163Z""},{""type"":""window-focus"",""detail"":{},""ts"":""2026-01-17T22:29:21.172Z""},{""type"":""input"",""detail"":{""tag"":""INPUT"",""name"":""return_forecast"",""id"":""id_return_forecast"",""type"":""text""},""ts"":""2026-01-17T22:29:21.463Z""},{""type"":""click"",""detail"":{""tag"":""BUTTON"",""name"":null,""id"":null,""type"":""submit""},""ts"":""2026-01-17T22:29:23.103Z""},{""type"":""form-submit"",""detail"":{},""ts"":""2026-01-17T22:29:23.104Z""}]",0.0,7.71708225676856,1.0,100.0,1.0,100.0,,0,151ug4w3,,,,,0,0,0,-0.0,0,-0.08726001976521408,0,0.0,-1.7477516314409312,0.0,-0.5894975244886941,7.0,0.6801395623537705,0,0.0,-0.3499766621938244,-1.3360967389859126,-17.6796462515763,-1.39817595849112,3.70789668601298,5.29324112113285,7.71708225676856,1.2753489503697995,-0.6525710063000615,0.0,-0.0,-0.0,0.0,-0.0,0.3475073313782985,17.71708225676856
129,38,d8aqe2fa,650b03136ab3d4c832d98b71,0,52,52,post_exp,FinalForProlific,2026-01-17 22:08:13.439724,1,,,118.99,38,,104.24,-0.7232918438174936,,treatment,,0.0,5,0,0.0,,paid_data,55.0,15.0,"[{""type"":""page-load"",""detail"":{""path"":""/p/d8aqe2fa/main/Trade/21""},""ts"":""2026-01-17T22:17:48.402Z""},{""type"":""copy"",""detail"":{""types"":[],""hasImage"":true,""hasFiles"":false},""ts"":""2026-01-17T22:17:50.402Z""},{""type"":""window-blur"",""detail"":{},""ts"":""2026-01-17T22:17:50.898Z""},{""type"":""window-focus"",""detail"":{},""ts"":""2026-01-17T22:17:51.934Z""},{""type"":""right-click"",""detail"":{""x"":1131,""y"":361,""target"":""IMG""},""ts"":""2026-01-17T22:17:52.325Z""},{""type"":""contextmenu"",""detail"":{""x"":1131,""y"":361,""target"":""IMG""},""ts"":""2026-01-17T22:17:52.391Z""},{""type"":""window-blur"",""detail"":{},""ts"":""2026-01-17T22:17:53.596Z""},{""type"":""window-focus"",""detail"":{},""ts"":""2026-01-17T22:17:56.217Z""},{""type"":""window-blur"",""detail"":{},""ts"":""2026-01-17T22:17:56.954Z""},{""type"":""visibilitychange"",""detail"":{""state"":""hidden""},""ts"":""2026-01-17T22:17:56.958Z""},{""type"":""visibilitychange"",""detail"":{""state"":""visible""},""ts"":""2026-01-17T22:17:58.164Z""},{""type"":""window-focus"",""detail"":{},""ts"":""2026-01-17T22:17:58.240Z""},{""type"":""click"",""detail"":{""tag"":""INPUT"",""name"":""investment_amount"",""id"":""id_investment_amount"",""type"":""text""},""ts"":""2026-01-17T22:18:03.455Z""},{""type"":""input"",""detail"":{""tag"":""INPUT"",""name"":""investment_amount"",""id"":""id_investment_amount"",""type"":""text""},""ts"":""2026-01-17T22:18:03.569Z""},{""type"":""click"",""detail"":{""tag"":""INPUT"",""name"":""return_forecast"",""id"":""id_return_forecast"",""type"":""text""},""ts"":""2026-01-17T22:18:04.011Z""},{""type"":""input"",""detail"":{""tag"":""INPUT"",""name"":""return_forecast"",""id"":""id_return_forecast"",""type"":""text""},""ts"":""2026-01-17T22:18:04.136Z""},{""type"":""click"",""detail"":{""tag"":""BUTTON"",""name"":null,""id"":null,""type"":""submit""},""ts"":""2026-01-17T22:18:06.371Z""},{""type"":""form-submit"",""detail"":{},""ts"":""2026-01-17T22:18:06.372Z""}]",,7.71708225676856,1.0,104.24,1.0,104.24,,0,151ug4w3,,,,,0,1,1,0.0,1,1.3525303063608196,0,1.0,-0.5624252654809918,0.0,-0.5894975244886941,6.0,-0.8020513707002012,0,0.55,-0.3499766621938244,-1.3360967389859126,-17.6796462515763,-1.39817595849112,3.70789668601298,5.29324112113285,7.71708225676856,1.2753489503697995,-0.6525710063000615,-0.0,-0.3499766621938244,-0.3499766621938244,-0.0,-1.3360967389859126,0.3475073313782985,7.28291774323144
130,39,35jj3mv4,666445e5b72745f04a4f57d6,0,52,52,post_exp,FinalForProlific,2026-01-17 22:10:39.908203,1,,,115.9,39,,98.86,-0.7232918438174936,,treatment,,0.0,5,1,1.0,,paid_data,50.0,5.0,"[{""type"":""page-load"",""detail"":{""path"":""/p/35jj3mv4/main/Trade/21""},""ts"":""2026-01-17T22:24:05.743Z""},{""type"":""click"",""detail"":{""tag"":""INPUT"",""name"":""imbalance_informative"",""id"":""id_imbalance_informative-1"",""type"":""radio""},""ts"":""2026-01-17T22:24:19.842Z""},{""type"":""input"",""detail"":{""tag"":""INPUT"",""name"":""imbalance_informative"",""id"":""id_imbalance_informative-1"",""type"":""radio""},""ts"":""2026-01-17T22:24:19.843Z""},{""type"":""click"",""detail"":{""tag"":""INPUT"",""name"":""investment_amount"",""id"":""id_investment_amount"",""type"":""text""},""ts"":""2026-01-17T22:24:26.258Z""},{""type"":""input"",""detail"":{""tag"":""INPUT"",""name"":""investment_amount"",""id"":""id_investment_amount"",""type"":""text""},""ts"":""2026-01-17T22:24:27.784Z""},{""type"":""input"",""detail"":{""tag"":""INPUT"",""name"":""investment_amount"",""id"":""id_investment_amount"",""type"":""text""},""ts"":""2026-01-17T22:24:31.378Z""},{""type"":""input"",""detail"":{""tag"":""INPUT"",""name"":""investment_amount"",""id"":""id_investment_amount"",""type"":""text""},""ts"":""2026-01-17T22:24:35.007Z""},{""type"":""click"",""detail"":{""tag"":""INPUT"",""name"":""return_forecast"",""id"":""id_return_forecast"",""type"":""text""},""ts"":""2026-01-17T22:24:37.765Z""},{""type"":""input"",""detail"":{""tag"":""INPUT"",""name"":""return_forecast"",""id"":""id_return_forecast"",""type"":""text""},""ts"":""2026-01-17T22:24:41.248Z""},{""type"":""click"",""detail"":{""tag"":""BUTTON"",""name"":null,""id"":null,""type"":""submit""},""ts"":""2026-01-17T22:24:43.639Z""},{""type"":""form-submit"",""detail"":{},""ts"":""2026-01-17T22:24:43.643Z""}]",0.0,7.71708225676856,1.0,98.86,1.0,98.86,,0,151ug4w3,,,,,0,1,1,1.0,1,1.3525303063608196,0,0.0,1.215564283458917,1.0,-0.04912479370739113,6.0,-0.8020513707002012,1,0.5263157894736842,-0.3499766621938244,-1.3360967389859126,-17.6796462515763,-1.39817595849112,3.70789668601298,5.29324112113285,7.71708225676856,1.2753489503697995,-0.6525710063000615,-0.3499766621938244,-0.3499766621938244,-0.3499766621938244,-1.3360967389859126,-1.3360967389859126,0.0024132453567937352,2.7170822567685597
131,40,7czue3k2,5cad1eef8ed53d00180d2532,0,52,52,post_exp,FinalForProlific,2026-01-17 22:23:11.563870,1,,,110.19,40,,95.77,-0.7232918438174936,,treatment,,0.0,13,1,1.0,,paid_data,10.0,10.0,"[{""type"":""page-load"",""detail"":{""path"":""/p/7czue3k2/main/Trade/21""},""ts"":""2026-01-17T22:37:48.485Z""},{""type"":""click"",""detail"":{""tag"":""INPUT"",""name"":""imbalance_informative"",""id"":""id_imbalance_informative-1"",""type"":""radio""},""ts"":""2026-01-17T22:38:15.785Z""},{""type"":""input"",""detail"":{""tag"":""INPUT"",""name"":""imbalance_informative"",""id"":""id_imbalance_informative-1"",""type"":""radio""},""ts"":""2026-01-17T22:38:15.786Z""},{""type"":""click"",""detail"":{""tag"":""INPUT"",""name"":""investment_amount"",""id"":""id_investment_amount"",""type"":""text""},""ts"":""2026-01-17T22:38:16.666Z""},{""type"":""click"",""detail"":{""tag"":""INPUT"",""name"":""return_forecast"",""id"":""id_return_forecast"",""type"":""text""},""ts"":""2026-01-17T22:38:21.208Z""},{""type"":""input"",""detail"":{""tag"":""INPUT"",""name"":""return_forecast"",""id"":""id_return_forecast"",""type"":""text""},""ts"":""2026-01-17T22:38:21.821Z""},{""type"":""click"",""detail"":{""tag"":""INPUT"",""name"":""investment_amount"",""id"":""id_investment_amount"",""type"":""text""},""ts"":""2026-01-17T22:38:23.968Z""},{""type"":""input"",""detail"":{""tag"":""INPUT"",""name"":""investment_amount"",""id"":""id_investment_amount"",""type"":""text""},""ts"":""2026-01-17T22:38:24.915Z""},{""type"":""click"",""detail"":{""tag"":""BUTTON"",""name"":null,""id"":null,""type"":""submit""},""ts"":""2026-01-17T22:38:26.869Z""},{""type"":""form-submit"",""detail"":{},""ts"":""2026-01-17T22:38:26.870Z""}]",0.0,7.71708225676856,1.0,95.77,2.0,95.77,,0,151ug4w3,,,,,0,1,1,1.0,1,-2.0069804545999257,1,0.0,-1.1550884484609614,0.0,-0.5894975244886941,2.0,-0.025665643862406367,1,0.10526315789473684,-0.3499766621938244,-1.3360967389859126,-17.6796462515763,-1.39817595849112,3.70789668601298,5.29324112113285,7.71708225676856,1.2753489503697995,-0.6525710063000615,-0.3499766621938244,-0.3499766621938244,-0.3499766621938244,-1.3360967389859126,-1.3360967389859126,0.3475073313782985,2.2829177432314403
132,1,0zkzl65f,64df6c0375d740bb235620f5,0,52,52,post_exp,FinalForProlific,2026-01-17 21:20:10.774463,1,,,140.11,1,,105.17,-0.4339751062904961,,control,,0.0,11,1,-1.0,,free_data,20.0,11.0,"[{""type"":""page-load"",""detail"":{""path"":""/p/0zkzl65f/main/Trade/24""},""ts"":""2026-01-17T21:33:42.712Z""},{""type"":""click"",""detail"":{""tag"":""INPUT"",""name"":""investment_amount"",""id"":""id_investment_amount"",""type"":""text""},""ts"":""2026-01-17T21:33:47.094Z""},{""type"":""input"",""detail"":{""tag"":""INPUT"",""name"":""investment_amount"",""id"":""id_investment_amount"",""type"":""text""},""ts"":""2026-01-17T21:33:52.330Z""},{""type"":""input"",""detail"":{""tag"":""INPUT"",""name"":""investment_amount"",""id"":""id_investment_amount"",""type"":""text""},""ts"":""2026-01-17T21:33:52.862Z""},{""type"":""click"",""detail"":{""tag"":""INPUT"",""name"":""imbalance_informative"",""id"":""id_imbalance_informative-1"",""type"":""radio""},""ts"":""2026-01-17T21:33:56.968Z""},{""type"":""input"",""detail"":{""tag"":""INPUT"",""name"":""imbalance_informative"",""id"":""id_imbalance_informative-1"",""type"":""radio""},""ts"":""2026-01-17T21:33:56.968Z""},{""type"":""click"",""detail"":{""tag"":""INPUT"",""name"":""return_forecast"",""id"":""id_return_forecast"",""type"":""text""},""ts"":""2026-01-17T21:33:58.381Z""},{""type"":""input"",""detail"":{""tag"":""INPUT"",""name"":""return_forecast"",""id"":""id_return_forecast"",""type"":""text""},""ts"":""2026-01-17T21:34:03.276Z""},{""type"":""input"",""detail"":{""tag"":""INPUT"",""name"":""return_forecast"",""id"":""id_return_forecast"",""type"":""text""},""ts"":""2026-01-17T21:34:03.925Z""},{""type"":""click"",""detail"":{""tag"":""BUTTON"",""name"":null,""id"":null,""type"":""submit""},""ts"":""2026-01-17T21:34:06.529Z""},{""type"":""form-submit"",""detail"":{},""ts"":""2026-01-17T21:34:06.530Z""}]",0.0,20.8485847322204,0.0,104.17,3.0,105.17,,0,151ug4w3,,,,,0,0,0,-0.0,0,1.3525303063608196,0,0.0,-0.8164237724724074,0.0,-0.04912479370739113,3.0,-2.0725007418893195,0,0.2,-1.0090158225644656,0.819690526166562,-2.617848912358,37.5698937044198,-2.98849144873664,24.7105073499691,20.8485847322204,-0.4874695164281541,-0.8811103980280164,0.0,-0.0,-0.0,-0.0,0.0,0.0024132453567937352,9.848584732220399
133,2,nx9hs1ng,677fea8903ad496f30f16502,0,52,52,post_exp,FinalForProlific,2026-01-17 21:20:12.375324,1,,,110.35,2,,101.21,-0.4339751062904961,,treatment,,0.0,11,0,0.0,,paid_data,1.0,20.0,"[{""type"":""page-load"",""detail"":{""path"":""/p/nx9hs1ng/main/Trade/24""},""ts"":""2026-01-17T21:28:51.995Z""},{""type"":""click"",""detail"":{""tag"":""INPUT"",""name"":""investment_amount"",""id"":""id_investment_amount"",""type"":""text""},""ts"":""2026-01-17T21:28:54.224Z""},{""type"":""input"",""detail"":{""tag"":""INPUT"",""name"":""investment_amount"",""id"":""id_investment_amount"",""type"":""text""},""ts"":""2026-01-17T21:28:56.880Z""},{""type"":""click"",""detail"":{""tag"":""INPUT"",""name"":""return_forecast"",""id"":""id_return_forecast"",""type"":""text""},""ts"":""2026-01-17T21:28:58.008Z""},{""type"":""input"",""detail"":{""tag"":""INPUT"",""name"":""return_forecast"",""id"":""id_return_forecast"",""type"":""text""},""ts"":""2026-01-17T21:29:01.488Z""},{""type"":""input"",""detail"":{""tag"":""INPUT"",""name"":""return_forecast"",""id"":""id_return_forecast"",""type"":""text""},""ts"":""2026-01-17T21:29:05.416Z""},{""type"":""input"",""detail"":{""tag"":""INPUT"",""name"":""return_forecast"",""id"":""id_return_forecast"",""type"":""text""},""ts"":""2026-01-17T21:29:06.559Z""},{""type"":""click"",""detail"":{""tag"":""BUTTON"",""name"":null,""id"":null,""type"":""submit""},""ts"":""2026-01-17T21:29:07.735Z""},{""type"":""form-submit"",""detail"":{},""ts"":""2026-01-17T21:29:07.735Z""}]",,20.8485847322204,0.0,100.21,1.0,101.21,,0,151ug4w3,,,,,0,1,1,0.0,1,0.392670088943464,1,0.0,-0.5624252654809918,1.0,-0.04912479370739113,6.0,-0.09624616448402429,0,0.01,-1.0090158225644656,0.819690526166562,-2.617848912358,37.5698937044198,-2.98849144873664,24.7105073499691,20.8485847322204,-0.4874695164281541,-0.8811103980280164,-0.0,-1.0090158225644656,-1.0090158225644656,0.0,0.819690526166562,0.0024132453567937352,0.8485847322203988
134,3,i3c60565,6962c417f20b621d95bd694d,0,52,52,post_exp,FinalForProlific,2026-01-17 21:20:30.391188,1,,,113.86,3,,108.34,-0.4339751062904961,,treatment,,0.0,5,0,0.0,,paid_data,40.0,-15.0,"[{""type"":""page-load"",""detail"":{""path"":""/p/i3c60565/main/Trade/24""},""ts"":""2026-01-17T21:32:44.252Z""},{""type"":""click"",""detail"":{""tag"":""INPUT"",""name"":""investment_amount"",""id"":""id_investment_amount"",""type"":""text""},""ts"":""2026-01-17T21:32:53.492Z""},{""type"":""input"",""detail"":{""tag"":""INPUT"",""name"":""investment_amount"",""id"":""id_investment_amount"",""type"":""text""},""ts"":""2026-01-17T21:32:54.991Z""},{""type"":""click"",""detail"":{""tag"":""INPUT"",""name"":""return_forecast"",""id"":""id_return_forecast"",""type"":""text""},""ts"":""2026-01-17T21:32:56.251Z""},{""type"":""input"",""detail"":{""tag"":""INPUT"",""name"":""return_forecast"",""id"":""id_return_forecast"",""type"":""text""},""ts"":""2026-01-17T21:32:56.934Z""},{""type"":""input"",""detail"":{""tag"":""INPUT"",""name"":""return_forecast"",""id"":""id_return_forecast"",""type"":""text""},""ts"":""2026-01-17T21:32:58.554Z""},{""type"":""click"",""detail"":{""tag"":""BUTTON"",""name"":null,""id"":null,""type"":""submit""},""ts"":""2026-01-17T21:33:01.176Z""},{""type"":""form-submit"",""detail"":{},""ts"":""2026-01-17T21:33:01.177Z""}]",,20.8485847322204,0.0,108.34,2.0,108.34,,0,151ug4w3,,,,,0,1,1,0.0,1,-1.5270503458912477,1,0.0,-0.05442825149816073,1.0,1.0316206678552147,5.0,0.8918811242186238,0,0.4,-1.0090158225644656,0.819690526166562,-2.617848912358,37.5698937044198,-2.98849144873664,24.7105073499691,20.8485847322204,-0.4874695164281541,-0.8811103980280164,-0.0,-1.0090158225644656,-1.0090158225644656,0.0,0.819690526166562,1.0642412023460393,35.8485847322204
135,4,k7sp0ynm,67665f7b0329bd3e30515ad2,0,52,52,post_exp,FinalForProlific,2026-01-17 21:20:50.689404,1,,,102.31,4,,116.68,-0.4339751062904961,,treatment,,0.0,10,0,0.0,,paid_data,80.0,50.0,"[{""type"":""page-load"",""detail"":{""path"":""/p/k7sp0ynm/main/Trade/24""},""ts"":""2026-01-17T21:47:21.399Z""},{""type"":""click"",""detail"":{""tag"":""INPUT"",""name"":""investment_amount"",""id"":""id_investment_amount"",""type"":""text""},""ts"":""2026-01-17T21:47:23.125Z""},{""type"":""input"",""detail"":{""tag"":""INPUT"",""name"":""investment_amount"",""id"":""id_investment_amount"",""type"":""text""},""ts"":""2026-01-17T21:47:26.107Z""},{""type"":""click"",""detail"":{""tag"":""INPUT"",""name"":""return_forecast"",""id"":""id_return_forecast"",""type"":""text""},""ts"":""2026-01-17T21:47:27.180Z""},{""type"":""input"",""detail"":{""tag"":""INPUT"",""name"":""return_forecast"",""id"":""id_return_forecast"",""type"":""text""},""ts"":""2026-01-17T21:47:40.547Z""},{""type"":""input"",""detail"":{""tag"":""INPUT"",""name"":""return_forecast"",""id"":""id_return_forecast"",""type"":""text""},""ts"":""2026-01-17T21:47:41.360Z""},{""type"":""click"",""detail"":{""tag"":""BUTTON"",""name"":null,""id"":null,""type"":""submit""},""ts"":""2026-01-17T21:47:42.156Z""},{""type"":""form-submit"",""detail"":{},""ts"":""2026-01-17T21:47:42.157Z""}]",,20.8485847322204,0.0,116.68,1.0,116.68,,0,151ug4w3,,,,,0,1,1,0.0,1,-1.0471202371825696,0,0.0,-0.5624252654809918,1.0,1.5719933986365178,4.0,0.11549539738082899,0,0.8,-1.0090158225644656,0.819690526166562,-2.617848912358,37.5698937044198,-2.98849144873664,24.7105073499691,20.8485847322204,-0.4874695164281541,-0.8811103980280164,-0.0,-1.0090158225644656,-1.0090158225644656,0.0,0.819690526166562,2.4711632453567898,29.1514152677796
136,6,6bbjn8v1,5e459f61418f610891628564,0,52,52,post_exp,FinalForProlific,2026-01-17 21:22:23.663747,1,,,103.85,6,,114.81,-0.4339751062904961,,treatment,,0.0,6,1,1.0,,paid_data,95.0,15.0,"[{""type"":""page-load"",""detail"":{""path"":""/p/6bbjn8v1/main/Trade/24""},""ts"":""2026-01-17T21:31:01.459Z""},{""type"":""click"",""detail"":{""tag"":""INPUT"",""name"":""investment_amount"",""id"":""id_investment_amount"",""type"":""text""},""ts"":""2026-01-17T21:31:07.388Z""},{""type"":""input"",""detail"":{""tag"":""INPUT"",""name"":""investment_amount"",""id"":""id_investment_amount"",""type"":""text""},""ts"":""2026-01-17T21:31:08.179Z""},{""type"":""click"",""detail"":{""tag"":""LABEL"",""name"":null,""id"":null,""type"":null},""ts"":""2026-01-17T21:31:09.499Z""},{""type"":""click"",""detail"":{""tag"":""INPUT"",""name"":""imbalance_informative"",""id"":""id_imbalance_informative-0"",""type"":""radio""},""ts"":""2026-01-17T21:31:09.501Z""},{""type"":""input"",""detail"":{""tag"":""INPUT"",""name"":""imbalance_informative"",""id"":""id_imbalance_informative-0"",""type"":""radio""},""ts"":""2026-01-17T21:31:09.501Z""},{""type"":""click"",""detail"":{""tag"":""INPUT"",""name"":""return_forecast"",""id"":""id_return_forecast"",""type"":""text""},""ts"":""2026-01-17T21:31:10.121Z""},{""type"":""input"",""detail"":{""tag"":""INPUT"",""name"":""return_forecast"",""id"":""id_return_forecast"",""type"":""text""},""ts"":""2026-01-17T21:31:10.829Z""},{""type"":""click"",""detail"":{""tag"":""BUTTON"",""name"":null,""id"":null,""type"":""submit""},""ts"":""2026-01-17T21:31:11.639Z""},{""type"":""form-submit"",""detail"":{},""ts"":""2026-01-17T21:31:11.641Z""}]",1.0,20.8485847322204,0.0,114.81,2.0,114.81,,0,151ug4w3,,,,,0,1,1,1.0,1,-0.08726001976521408,0,0.0,-0.22376058949243777,1.0,-0.5894975244886941,5.0,-0.16682668510564172,1,1.0,-1.0090158225644656,0.819690526166562,-2.617848912358,37.5698937044198,-2.98849144873664,24.7105073499691,20.8485847322204,-0.4874695164281541,-0.8811103980280164,-1.0090158225644656,-1.0090158225644656,-1.0090158225644656,0.819690526166562,0.819690526166562,0.3475073313782985,5.848584732220399
137,7,gl7u8nio,62b2080f8f89f2f15c47d9ba,0,52,52,post_exp,FinalForProlific,2026-01-17 21:22:24.603886,1,,,118.89,7,,108.34,-0.4339751062904961,,treatment,,0.0,8,0,0.0,,paid_data,40.0,10.0,"[{""type"":""page-load"",""detail"":{""path"":""/p/gl7u8nio/main/Trade/24""},""ts"":""2026-01-17T21:34:40.264Z""},{""type"":""click"",""detail"":{""tag"":""INPUT"",""name"":""investment_amount"",""id"":""id_investment_amount"",""type"":""text""},""ts"":""2026-01-17T21:34:44.096Z""},{""type"":""input"",""detail"":{""tag"":""INPUT"",""name"":""investment_amount"",""id"":""id_investment_amount"",""type"":""text""},""ts"":""2026-01-17T21:34:46.020Z""},{""type"":""click"",""detail"":{""tag"":""INPUT"",""name"":""return_forecast"",""id"":""id_return_forecast"",""type"":""text""},""ts"":""2026-01-17T21:34:49.161Z""},{""type"":""input"",""detail"":{""tag"":""INPUT"",""name"":""return_forecast"",""id"":""id_return_forecast"",""type"":""text""},""ts"":""2026-01-17T21:34:50.351Z""},{""type"":""click"",""detail"":{""tag"":""BUTTON"",""name"":null,""id"":null,""type"":""submit""},""ts"":""2026-01-17T21:34:51.664Z""},{""type"":""form-submit"",""detail"":{},""ts"":""2026-01-17T21:34:51.665Z""}]",,20.8485847322204,0.0,108.34,1.0,108.34,,0,151ug4w3,,,,,0,1,1,0.0,1,-0.08726001976521408,1,0.0,1.3848966214531941,0.0,2.1123661294178206,6.0,0.25665643862406434,0,0.4,-1.0090158225644656,0.819690526166562,-2.617848912358,37.5698937044198,-2.98849144873664,24.7105073499691,20.8485847322204,-0.4874695164281541,-0.8811103980280164,-0.0,-1.0090158225644656,-1.0090158225644656,0.0,0.819690526166562,4.462090664711625,10.848584732220399
138,8,difxszml,5d1ec3b72e9ac3001ab525ef,0,49,52,post_exp,Demographics,2026-01-17 21:22:33.376663,1,,,1190.64,8,,97.08,-0.4339751062904961,,treatment,,0.0,4,1,1.0,,paid_data,10.0,10.0,"[{""type"":""page-load"",""detail"":{""path"":""/p/difxszml/main/Trade/24""},""ts"":""2026-01-17T21:31:09.569Z""},{""type"":""click"",""detail"":{""tag"":""BUTTON"",""name"":null,""id"":""instruction_button"",""type"":""submit""},""ts"":""2026-01-17T21:31:14.154Z""},{""type"":""click"",""detail"":{""tag"":""BUTTON"",""name"":null,""id"":null,""type"":""button""},""ts"":""2026-01-17T21:31:25.841Z""},{""type"":""click"",""detail"":{""tag"":""INPUT"",""name"":""investment_amount"",""id"":""id_investment_amount"",""type"":""text""},""ts"":""2026-01-17T21:31:29.529Z""},{""type"":""input"",""detail"":{""tag"":""INPUT"",""name"":""investment_amount"",""id"":""id_investment_amount"",""type"":""text""},""ts"":""2026-01-17T21:31:30.733Z""},{""type"":""click"",""detail"":{""tag"":""LABEL"",""name"":null,""id"":null,""type"":null},""ts"":""2026-01-17T21:31:35.261Z""},{""type"":""click"",""detail"":{""tag"":""INPUT"",""name"":""imbalance_informative"",""id"":""id_imbalance_informative-0"",""type"":""radio""},""ts"":""2026-01-17T21:31:36.593Z""},{""type"":""input"",""detail"":{""tag"":""INPUT"",""name"":""imbalance_informative"",""id"":""id_imbalance_informative-0"",""type"":""radio""},""ts"":""2026-01-17T21:31:36.593Z""},{""type"":""click"",""detail"":{""tag"":""INPUT"",""name"":""return_forecast"",""id"":""id_return_forecast"",""type"":""text""},""ts"":""2026-01-17T21:31:37.278Z""},{""type"":""input"",""detail"":{""tag"":""INPUT"",""name"":""return_forecast"",""id"":""id_return_forecast"",""type"":""text""},""ts"":""2026-01-17T21:31:38.807Z""},{""type"":""input"",""detail"":{""tag"":""INPUT"",""name"":""return_forecast"",""id"":""id_return_forecast"",""type"":""text""},""ts"":""2026-01-17T21:31:39.447Z""},{""type"":""click"",""detail"":{""tag"":""BUTTON"",""name"":null,""id"":null,""type"":""submit""},""ts"":""2026-01-17T21:31:40.875Z""},{""type"":""form-submit"",""detail"":{},""ts"":""2026-01-17T21:31:40.881Z""}]",1.0,20.8485847322204,0.0,97.08,1.0,97.08,,0,151ug4w3,,,,,0,1,1,1.0,1,0.8726001976521415,0,,,,-0.04912479370739113,8.0,0.3978174798673002,1,0.10526315789473684,-1.0090158225644656,0.819690526166562,-2.617848912358,37.5698937044198,-2.98849144873664,24.7105073499691,20.8485847322204,-0.4874695164281541,-0.8811103980280164,-1.0090158225644656,-1.0090158225644656,-1.0090158225644656,0.819690526166562,0.819690526166562,0.0024132453567937352,10.848584732220399
139,9,hlqkfw8x,67e7cfd17a7062da8a273fbf,0,52,52,post_exp,FinalForProlific,2026-01-17 21:23:02.043408,1,,,115.94,9,,110.42,-0.4339751062904961,,control,,0.0,14,1,-1.0,,free_data,50.0,15.0,"[{""type"":""page-load"",""detail"":{""path"":""/p/hlqkfw8x/main/Trade/24""},""ts"":""2026-01-17T21:35:00.426Z""},{""type"":""click"",""detail"":{""tag"":""INPUT"",""name"":""investment_amount"",""id"":""id_investment_amount"",""type"":""text""},""ts"":""2026-01-17T21:35:06.187Z""},{""type"":""input"",""detail"":{""tag"":""INPUT"",""name"":""investment_amount"",""id"":""id_investment_amount"",""type"":""text""},""ts"":""2026-01-17T21:35:07.332Z""},{""type"":""click"",""detail"":{""tag"":""INPUT"",""name"":""imbalance_informative"",""id"":""id_imbalance_informative-0"",""type"":""radio""},""ts"":""2026-01-17T21:35:14.543Z""},{""type"":""input"",""detail"":{""tag"":""INPUT"",""name"":""imbalance_informative"",""id"":""id_imbalance_informative-0"",""type"":""radio""},""ts"":""2026-01-17T21:35:14.543Z""},{""type"":""click"",""detail"":{""tag"":""INPUT"",""name"":""return_forecast"",""id"":""id_return_forecast"",""type"":""text""},""ts"":""2026-01-17T21:35:15.878Z""},{""type"":""click"",""detail"":{""tag"":""INPUT"",""name"":""return_forecast"",""id"":""id_return_forecast"",""type"":""text""},""ts"":""2026-01-17T21:35:34.228Z""},{""type"":""input"",""detail"":{""tag"":""INPUT"",""name"":""return_forecast"",""id"":""id_return_forecast"",""type"":""text""},""ts"":""2026-01-17T21:35:36.626Z""},{""type"":""input"",""detail"":{""tag"":""INPUT"",""name"":""return_forecast"",""id"":""id_return_forecast"",""type"":""text""},""ts"":""2026-01-17T21:35:37.310Z""},{""type"":""click"",""detail"":{""tag"":""BUTTON"",""name"":null,""id"":null,""type"":""submit""},""ts"":""2026-01-17T21:35:38.045Z""},{""type"":""form-submit"",""detail"":{},""ts"":""2026-01-17T21:35:38.050Z""}]",1.0,20.8485847322204,0.0,110.42,1.0,110.42,,0,151ug4w3,,,,,0,0,0,-0.0,0,-0.08726001976521408,1,0.0,1.1308981144617785,0.0,-0.5894975244886941,5.0,-0.16682668510564172,0,0.5,-1.0090158225644656,0.819690526166562,-2.617848912358,37.5698937044198,-2.98849144873664,24.7105073499691,20.8485847322204,-0.4874695164281541,-0.8811103980280164,0.0,-0.0,-0.0,-0.0,0.0,0.3475073313782985,5.848584732220399
140,10,miej8bbr,67730320948951ecb761b3f2,0,52,52,post_exp,FinalForProlific,2026-01-17 21:23:16.323182,1,,,104.87,10,,112.51,-0.4339751062904961,,treatment,,0.0,14,0,0.0,,paid_data,60.0,15.0,"[{""type"":""page-load"",""detail"":{""path"":""/p/miej8bbr/main/Trade/24""},""ts"":""2026-01-17T21:33:24.805Z""},{""type"":""click"",""detail"":{""tag"":""INPUT"",""name"":""investment_amount"",""id"":""id_investment_amount"",""type"":""text""},""ts"":""2026-01-17T21:33:26.125Z""},{""type"":""input"",""detail"":{""tag"":""INPUT"",""name"":""investment_amount"",""id"":""id_investment_amount"",""type"":""text""},""ts"":""2026-01-17T21:33:26.862Z""},{""type"":""click"",""detail"":{""tag"":""INPUT"",""name"":""return_forecast"",""id"":""id_return_forecast"",""type"":""text""},""ts"":""2026-01-17T21:33:27.454Z""},{""type"":""input"",""detail"":{""tag"":""INPUT"",""name"":""return_forecast"",""id"":""id_return_forecast"",""type"":""text""},""ts"":""2026-01-17T21:33:28.193Z""},{""type"":""click"",""detail"":{""tag"":""BUTTON"",""name"":null,""id"":null,""type"":""submit""},""ts"":""2026-01-17T21:33:29.331Z""},{""type"":""form-submit"",""detail"":{},""ts"":""2026-01-17T21:33:29.331Z""}]",,20.8485847322204,0.0,112.51,0.0,112.51,,0,151ug4w3,,,,,0,1,1,0.0,1,1.3525303063608196,0,1.0,-0.6470914344781303,1.0,-1.129870255269997,6.0,-0.8020513707002012,0,0.6,-1.0090158225644656,0.819690526166562,-2.617848912358,37.5698937044198,-2.98849144873664,24.7105073499691,20.8485847322204,-0.4874695164281541,-0.8811103980280164,-0.0,-1.0090158225644656,-1.0090158225644656,0.0,0.819690526166562,1.2766067937438883,5.848584732220399
141,11,i76mujh9,5b99663d4cefb60001e7a214,0,49,52,post_exp,Demographics,2026-01-17 21:24:20.177255,1,,,1203.53,11,,102.25,-0.4339751062904961,,treatment,,0.0,6,1,1.0,,paid_data,30.0,32.0,"[{""type"":""page-load"",""detail"":{""path"":""/p/i76mujh9/main/Trade/24""},""ts"":""2026-01-17T21:38:28.153Z""},{""type"":""click"",""detail"":{""tag"":""INPUT"",""name"":""investment_amount"",""id"":""id_investment_amount"",""type"":""text""},""ts"":""2026-01-17T21:38:43.409Z""},{""type"":""input"",""detail"":{""tag"":""INPUT"",""name"":""investment_amount"",""id"":""id_investment_amount"",""type"":""text""},""ts"":""2026-01-17T21:38:45.622Z""},{""type"":""input"",""detail"":{""tag"":""INPUT"",""name"":""investment_amount"",""id"":""id_investment_amount"",""type"":""text""},""ts"":""2026-01-17T21:38:46.486Z""},{""type"":""click"",""detail"":{""tag"":""INPUT"",""name"":""imbalance_informative"",""id"":""id_imbalance_informative-1"",""type"":""radio""},""ts"":""2026-01-17T21:39:01.616Z""},{""type"":""input"",""detail"":{""tag"":""INPUT"",""name"":""imbalance_informative"",""id"":""id_imbalance_informative-1"",""type"":""radio""},""ts"":""2026-01-17T21:39:01.616Z""},{""type"":""click"",""detail"":{""tag"":""INPUT"",""name"":""return_forecast"",""id"":""id_return_forecast"",""type"":""text""},""ts"":""2026-01-17T21:39:05.059Z""},{""type"":""input"",""detail"":{""tag"":""INPUT"",""name"":""return_forecast"",""id"":""id_return_forecast"",""type"":""text""},""ts"":""2026-01-17T21:39:06.209Z""},{""type"":""input"",""detail"":{""tag"":""INPUT"",""name"":""return_forecast"",""id"":""id_return_forecast"",""type"":""text""},""ts"":""2026-01-17T21:39:07.290Z""},{""type"":""click"",""detail"":{""tag"":""BUTTON"",""name"":null,""id"":null,""type"":""submit""},""ts"":""2026-01-17T21:39:08.109Z""},{""type"":""form-submit"",""detail"":{},""ts"":""2026-01-17T21:39:08.112Z""}]",0.0,20.8485847322204,0.0,101.25,2.0,102.25,,0,151ug4w3,,,,,0,1,1,1.0,1,-0.5671901284738922,0,,,,-1.129870255269997,7.0,1.0330421654618591,1,0.3157894736842105,-1.0090158225644656,0.819690526166562,-2.617848912358,37.5698937044198,-2.98849144873664,24.7105073499691,20.8485847322204,-0.4874695164281541,-0.8811103980280164,-1.0090158225644656,-1.0090158225644656,-1.0090158225644656,0.819690526166562,0.819690526166562,1.2766067937438883,11.151415267779601
142,12,rnucedhy,5a9fa90f873cda00010d29d8,0,52,52,post_exp,FinalForProlific,2026-01-17 21:24:40.341139,1,,,110.42,12,,114.59,-0.4339751062904961,,treatment,,0.0,14,0,0.0,,paid_data,70.0,18.0,"[{""type"":""page-load"",""detail"":{""path"":""/p/rnucedhy/main/Trade/24""},""ts"":""2026-01-17T21:38:09.136Z""},{""type"":""click"",""detail"":{""tag"":""INPUT"",""name"":""investment_amount"",""id"":""id_investment_amount"",""type"":""text""},""ts"":""2026-01-17T21:38:15.578Z""},{""type"":""input"",""detail"":{""tag"":""INPUT"",""name"":""investment_amount"",""id"":""id_investment_amount"",""type"":""text""},""ts"":""2026-01-17T21:38:16.071Z""},{""type"":""click"",""detail"":{""tag"":""INPUT"",""name"":""return_forecast"",""id"":""id_return_forecast"",""type"":""text""},""ts"":""2026-01-17T21:38:17.626Z""},{""type"":""input"",""detail"":{""tag"":""INPUT"",""name"":""return_forecast"",""id"":""id_return_forecast"",""type"":""text""},""ts"":""2026-01-17T21:38:19.185Z""},{""type"":""click"",""detail"":{""tag"":""BUTTON"",""name"":null,""id"":null,""type"":""submit""},""ts"":""2026-01-17T21:38:20.917Z""},{""type"":""form-submit"",""detail"":{},""ts"":""2026-01-17T21:38:20.918Z""}]",,20.8485847322204,0.0,114.59,1.0,114.59,,0,151ug4w3,,,,,0,1,1,0.0,1,-0.5671901284738922,0,0.0,-1.070422279463823,1.0,-1.129870255269997,9.0,1.8800084129212717,0,0.7,-1.0090158225644656,0.819690526166562,-2.617848912358,37.5698937044198,-2.98849144873664,24.7105073499691,20.8485847322204,-0.4874695164281541,-0.8811103980280164,-0.0,-1.0090158225644656,-1.0090158225644656,0.0,0.819690526166562,1.2766067937438883,2.8485847322203988
143,13,0agbbz6t,64e6b4025cbe79c020343121,0,52,52,post_exp,FinalForProlific,2026-01-17 21:25:07.530984,1,,,107.83,13,,112.51,-0.4339751062904961,,control,,0.0,9,1,-1.0,,free_data,60.0,12.0,"[{""type"":""page-load"",""detail"":{""path"":""/p/0agbbz6t/main/Trade/24""},""ts"":""2026-01-17T21:32:37.878Z""},{""type"":""click"",""detail"":{""tag"":""INPUT"",""name"":""investment_amount"",""id"":""id_investment_amount"",""type"":""text""},""ts"":""2026-01-17T21:32:42.260Z""},{""type"":""input"",""detail"":{""tag"":""INPUT"",""name"":""investment_amount"",""id"":""id_investment_amount"",""type"":""text""},""ts"":""2026-01-17T21:32:42.753Z""},{""type"":""click"",""detail"":{""tag"":""LABEL"",""name"":null,""id"":null,""type"":null},""ts"":""2026-01-17T21:32:44.206Z""},{""type"":""click"",""detail"":{""tag"":""INPUT"",""name"":""return_forecast"",""id"":""id_return_forecast"",""type"":""text""},""ts"":""2026-01-17T21:32:44.822Z""},{""type"":""click"",""detail"":{""tag"":""LABEL"",""name"":null,""id"":null,""type"":null},""ts"":""2026-01-17T21:32:45.681Z""},{""type"":""click"",""detail"":{""tag"":""INPUT"",""name"":""imbalance_informative"",""id"":""id_imbalance_informative-0"",""type"":""radio""},""ts"":""2026-01-17T21:32:45.682Z""},{""type"":""input"",""detail"":{""tag"":""INPUT"",""name"":""imbalance_informative"",""id"":""id_imbalance_informative-0"",""type"":""radio""},""ts"":""2026-01-17T21:32:45.683Z""},{""type"":""click"",""detail"":{""tag"":""INPUT"",""name"":""return_forecast"",""id"":""id_return_forecast"",""type"":""text""},""ts"":""2026-01-17T21:32:46.162Z""},{""type"":""input"",""detail"":{""tag"":""INPUT"",""name"":""return_forecast"",""id"":""id_return_forecast"",""type"":""text""},""ts"":""2026-01-17T21:32:46.645Z""},{""type"":""click"",""detail"":{""tag"":""BUTTON"",""name"":null,""id"":null,""type"":""submit""},""ts"":""2026-01-17T21:32:48.038Z""},{""type"":""form-submit"",""detail"":{},""ts"":""2026-01-17T21:32:48.039Z""}]",1.0,20.8485847322204,0.0,112.51,2.0,112.51,,0,151ug4w3,,,,,0,0,0,-0.0,0,-1.0471202371825696,0,1.0,0.19957025549325483,1.0,-0.5894975244886941,9.0,2.23291101602936,0,0.6,-1.0090158225644656,0.819690526166562,-2.617848912358,37.5698937044198,-2.98849144873664,24.7105073499691,20.8485847322204,-0.4874695164281541,-0.8811103980280164,0.0,-0.0,-0.0,-0.0,0.0,0.3475073313782985,8.848584732220399
144,14,vyd28ofr,66e74ca113f609cd2a13df59,0,52,52,post_exp,FinalForProlific,2026-01-17 21:25:37.276893,1,,,126.77,14,,110.64,-0.4339751062904961,,treatment,,0.0,11,1,1.0,,paid_data,75.0,16.0,"[{""type"":""page-load"",""detail"":{""path"":""/p/vyd28ofr/main/Trade/24""},""ts"":""2026-01-17T21:33:57.404Z""},{""type"":""click"",""detail"":{""tag"":""INPUT"",""name"":""investment_amount"",""id"":""id_investment_amount"",""type"":""text""},""ts"":""2026-01-17T21:34:06.144Z""},{""type"":""input"",""detail"":{""tag"":""INPUT"",""name"":""investment_amount"",""id"":""id_investment_amount"",""type"":""text""},""ts"":""2026-01-17T21:34:08.421Z""},{""type"":""click"",""detail"":{""tag"":""LABEL"",""name"":null,""id"":null,""type"":null},""ts"":""2026-01-17T21:34:09.705Z""},{""type"":""click"",""detail"":{""tag"":""INPUT"",""name"":""imbalance_informative"",""id"":""id_imbalance_informative-0"",""type"":""radio""},""ts"":""2026-01-17T21:34:09.706Z""},{""type"":""input"",""detail"":{""tag"":""INPUT"",""name"":""imbalance_informative"",""id"":""id_imbalance_informative-0"",""type"":""radio""},""ts"":""2026-01-17T21:34:09.706Z""},{""type"":""click"",""detail"":{""tag"":""INPUT"",""name"":""return_forecast"",""id"":""id_return_forecast"",""type"":""text""},""ts"":""2026-01-17T21:34:10.695Z""},{""type"":""input"",""detail"":{""tag"":""INPUT"",""name"":""return_forecast"",""id"":""id_return_forecast"",""type"":""text""},""ts"":""2026-01-17T21:34:11.926Z""},{""type"":""input"",""detail"":{""tag"":""INPUT"",""name"":""return_forecast"",""id"":""id_return_forecast"",""type"":""text""},""ts"":""2026-01-17T21:34:12.643Z""},{""type"":""click"",""detail"":{""tag"":""BUTTON"",""name"":null,""id"":null,""type"":""submit""},""ts"":""2026-01-17T21:34:13.250Z""},{""type"":""form-submit"",""detail"":{},""ts"":""2026-01-17T21:34:13.255Z""}]",1.0,20.8485847322204,0.0,110.64,2.0,110.64,,0,151ug4w3,,,,,0,1,1,1.0,1,0.392670088943464,0,0.0,0.9615657764675015,1.0,-0.04912479370739113,5.0,-0.5197292882137304,1,0.7894736842105263,-1.0090158225644656,0.819690526166562,-2.617848912358,37.5698937044198,-2.98849144873664,24.7105073499691,20.8485847322204,-0.4874695164281541,-0.8811103980280164,-1.0090158225644656,-1.0090158225644656,-1.0090158225644656,0.819690526166562,0.819690526166562,0.0024132453567937352,4.848584732220399
145,15,p639azxy,6965b338f069222c10b2bdc9,0,52,52,post_exp,FinalForProlific,2026-01-17 21:26:31.341396,1,,,118.08,15,,108.55,-0.4339751062904961,,treatment,,0.0,9,1,1.0,,paid_data,65.0,26.0,"[{""type"":""page-load"",""detail"":{""path"":""/p/p639azxy/main/Trade/24""},""ts"":""2026-01-17T21:38:02.018Z""},{""type"":""click"",""detail"":{""tag"":""INPUT"",""name"":""investment_amount"",""id"":""id_investment_amount"",""type"":""text""},""ts"":""2026-01-17T21:38:08.250Z""},{""type"":""input"",""detail"":{""tag"":""INPUT"",""name"":""investment_amount"",""id"":""id_investment_amount"",""type"":""text""},""ts"":""2026-01-17T21:38:09.542Z""},{""type"":""input"",""detail"":{""tag"":""INPUT"",""name"":""investment_amount"",""id"":""id_investment_amount"",""type"":""text""},""ts"":""2026-01-17T21:38:10.674Z""},{""type"":""input"",""detail"":{""tag"":""INPUT"",""name"":""investment_amount"",""id"":""id_investment_amount"",""type"":""text""},""ts"":""2026-01-17T21:38:12.253Z""},{""type"":""click"",""detail"":{""tag"":""LABEL"",""name"":null,""id"":null,""type"":null},""ts"":""2026-01-17T21:38:16.541Z""},{""type"":""click"",""detail"":{""tag"":""INPUT"",""name"":""imbalance_informative"",""id"":""id_imbalance_informative-0"",""type"":""radio""},""ts"":""2026-01-17T21:38:16.543Z""},{""type"":""input"",""detail"":{""tag"":""INPUT"",""name"":""imbalance_informative"",""id"":""id_imbalance_informative-0"",""type"":""radio""},""ts"":""2026-01-17T21:38:16.543Z""},{""type"":""click"",""detail"":{""tag"":""INPUT"",""name"":""return_forecast"",""id"":""id_return_forecast"",""type"":""text""},""ts"":""2026-01-17T21:38:17.319Z""},{""type"":""input"",""detail"":{""tag"":""INPUT"",""name"":""return_forecast"",""id"":""id_return_forecast"",""type"":""text""},""ts"":""2026-01-17T21:38:18.428Z""},{""type"":""click"",""detail"":{""tag"":""BUTTON"",""name"":null,""id"":null,""type"":""submit""},""ts"":""2026-01-17T21:38:19.119Z""},{""type"":""form-submit"",""detail"":{},""ts"":""2026-01-17T21:38:19.120Z""}]",1.0,20.8485847322204,0.0,108.55,2.0,108.55,,0,151ug4w3,,,,,0,1,1,1.0,1,-0.08726001976521408,1,0.0,-0.3930929274867148,1.0,-0.04912479370739113,6.0,0.25665643862406434,1,0.6842105263157895,-1.0090158225644656,0.819690526166562,-2.617848912358,37.5698937044198,-2.98849144873664,24.7105073499691,20.8485847322204,-0.4874695164281541,-0.8811103980280164,-1.0090158225644656,-1.0090158225644656,-1.0090158225644656,0.819690526166562,0.819690526166562,0.0024132453567937352,5.151415267779601
146,16,sw8lem34,677346f91e35f1cb1e647c34,0,49,52,post_exp,Demographics,2026-01-17 21:26:45.318628,1,,,1199.47,16,,99.17,-0.4339751062904961,,treatment,,0.0,9,1,1.0,,paid_data,20.0,10.0,"[{""type"":""page-load"",""detail"":{""path"":""/p/sw8lem34/main/Trade/24""},""ts"":""2026-01-17T21:37:45.574Z""},{""type"":""click"",""detail"":{""tag"":""INPUT"",""name"":""investment_amount"",""id"":""id_investment_amount"",""type"":""text""},""ts"":""2026-01-17T21:38:00.993Z""},{""type"":""input"",""detail"":{""tag"":""INPUT"",""name"":""investment_amount"",""id"":""id_investment_amount"",""type"":""text""},""ts"":""2026-01-17T21:38:02.257Z""},{""type"":""click"",""detail"":{""tag"":""INPUT"",""name"":""imbalance_informative"",""id"":""id_imbalance_informative-0"",""type"":""radio""},""ts"":""2026-01-17T21:38:03.861Z""},{""type"":""input"",""detail"":{""tag"":""INPUT"",""name"":""imbalance_informative"",""id"":""id_imbalance_informative-0"",""type"":""radio""},""ts"":""2026-01-17T21:38:03.861Z""},{""type"":""click"",""detail"":{""tag"":""INPUT"",""name"":""return_forecast"",""id"":""id_return_forecast"",""type"":""text""},""ts"":""2026-01-17T21:38:04.772Z""},{""type"":""input"",""detail"":{""tag"":""INPUT"",""name"":""return_forecast"",""id"":""id_return_forecast"",""type"":""text""},""ts"":""2026-01-17T21:38:06.244Z""},{""type"":""click"",""detail"":{""tag"":""BUTTON"",""name"":null,""id"":null,""type"":""submit""},""ts"":""2026-01-17T21:38:07.500Z""},{""type"":""form-submit"",""detail"":{},""ts"":""2026-01-17T21:38:07.505Z""}]",1.0,20.8485847322204,0.0,99.17,2.0,99.17,,0,151ug4w3,,,,,0,1,1,1.0,1,0.392670088943464,0,,,,-0.04912479370739113,5.0,-0.5197292882137304,1,0.21052631578947367,-1.0090158225644656,0.819690526166562,-2.617848912358,37.5698937044198,-2.98849144873664,24.7105073499691,20.8485847322204,-0.4874695164281541,-0.8811103980280164,-1.0090158225644656,-1.0090158225644656,-1.0090158225644656,0.819690526166562,0.819690526166562,0.0024132453567937352,10.848584732220399
147,17,3v5sipps,695bd4f6bbdb5a636882ce78,0,52,52,post_exp,FinalForProlific,2026-01-17 21:26:53.633718,1,,,118.89,17,,100.0,-0.4339751062904961,,control,,0.0,9,1,-1.0,,free_data,0.0,-10.0,"[{""type"":""page-load"",""detail"":{""path"":""/p/3v5sipps/main/Trade/24""},""ts"":""2026-01-17T21:34:23.364Z""},{""type"":""click"",""detail"":{""tag"":""INPUT"",""name"":""investment_amount"",""id"":""id_investment_amount"",""type"":""text""},""ts"":""2026-01-17T21:34:28.439Z""},{""type"":""input"",""detail"":{""tag"":""INPUT"",""name"":""investment_amount"",""id"":""id_investment_amount"",""type"":""text""},""ts"":""2026-01-17T21:34:28.759Z""},{""type"":""input"",""detail"":{""tag"":""INPUT"",""name"":""investment_amount"",""id"":""id_investment_amount"",""type"":""text""},""ts"":""2026-01-17T21:34:29.451Z""},{""type"":""click"",""detail"":{""tag"":""INPUT"",""name"":""imbalance_informative"",""id"":""id_imbalance_informative-0"",""type"":""radio""},""ts"":""2026-01-17T21:34:31.907Z""},{""type"":""input"",""detail"":{""tag"":""INPUT"",""name"":""imbalance_informative"",""id"":""id_imbalance_informative-0"",""type"":""radio""},""ts"":""2026-01-17T21:34:31.908Z""},{""type"":""click"",""detail"":{""tag"":""INPUT"",""name"":""return_forecast"",""id"":""id_return_forecast"",""type"":""text""},""ts"":""2026-01-17T21:34:32.805Z""},{""type"":""input"",""detail"":{""tag"":""INPUT"",""name"":""return_forecast"",""id"":""id_return_forecast"",""type"":""text""},""ts"":""2026-01-17T21:34:33.368Z""},{""type"":""input"",""detail"":{""tag"":""INPUT"",""name"":""return_forecast"",""id"":""id_return_forecast"",""type"":""text""},""ts"":""2026-01-17T21:34:33.957Z""},{""type"":""input"",""detail"":{""tag"":""INPUT"",""name"":""return_forecast"",""id"":""id_return_forecast"",""type"":""text""},""ts"":""2026-01-17T21:34:34.561Z""},{""type"":""click"",""detail"":{""tag"":""BUTTON"",""name"":null,""id"":null,""type"":""submit""},""ts"":""2026-01-17T21:34:36.122Z""},{""type"":""form-submit"",""detail"":{},""ts"":""2026-01-17T21:34:36.122Z""}]",1.0,20.8485847322204,0.0,100.0,2.0,100.0,,0,151ug4w3,,,,,0,0,0,-0.0,0,-1.5270503458912477,0,0.0,0.36890259348753185,0.0,-0.5894975244886941,3.0,0.04491487675921132,0,0.0,-1.0090158225644656,0.819690526166562,-2.617848912358,37.5698937044198,-2.98849144873664,24.7105073499691,20.8485847322204,-0.4874695164281541,-0.8811103980280164,0.0,-0.0,-0.0,-0.0,0.0,0.3475073313782985,30.8485847322204
148,19,6xawj670,69419dd351c8c6866590c254,0,52,52,post_exp,FinalForProlific,2026-01-17 21:28:19.710613,1,,,104.78,19,,104.38,-0.4339751062904961,,treatment,,0.0,6,0,0.0,,paid_data,21.0,-5.0,"[{""type"":""page-load"",""detail"":{""path"":""/p/6xawj670/main/Trade/24""},""ts"":""2026-01-17T22:05:04.274Z""},{""type"":""input"",""detail"":{""tag"":""INPUT"",""name"":""return_forecast"",""id"":""id_return_forecast"",""type"":""text""},""ts"":""2026-01-17T22:05:12.505Z""},{""type"":""input"",""detail"":{""tag"":""INPUT"",""name"":""return_forecast"",""id"":""id_return_forecast"",""type"":""text""},""ts"":""2026-01-17T22:05:14.673Z""},{""type"":""input"",""detail"":{""tag"":""INPUT"",""name"":""return_forecast"",""id"":""id_return_forecast"",""type"":""text""},""ts"":""2026-01-17T22:05:15.273Z""},{""type"":""click"",""detail"":{""tag"":""BUTTON"",""name"":null,""id"":null,""type"":""submit""},""ts"":""2026-01-17T22:05:16.993Z""},{""type"":""form-submit"",""detail"":{},""ts"":""2026-01-17T22:05:16.993Z""}]",,20.8485847322204,0.0,104.38,0.0,104.38,,0,151ug4w3,,,,,0,1,1,0.0,1,-0.5671901284738922,0,0.0,-1.7477516314409312,0.0,-0.5894975244886941,4.0,-0.23740720572725918,0,0.21,-1.0090158225644656,0.819690526166562,-2.617848912358,37.5698937044198,-2.98849144873664,24.7105073499691,20.8485847322204,-0.4874695164281541,-0.8811103980280164,-0.0,-1.0090158225644656,-1.0090158225644656,0.0,0.819690526166562,0.3475073313782985,25.8485847322204
149,20,cx4xx3np,61576d2fde97a7adb4b6a193,0,49,52,post_exp,Demographics,2026-01-17 21:28:27.073012,1,,,1213.01,20,,98.13,-0.4339751062904961,,treatment,,0.0,12,1,1.0,,paid_data,15.0,25.0,"[{""type"":""page-load"",""detail"":{""path"":""/p/cx4xx3np/main/Trade/24""},""ts"":""2026-01-17T21:36:48.432Z""},{""type"":""click"",""detail"":{""tag"":""INPUT"",""name"":""investment_amount"",""id"":""id_investment_amount"",""type"":""text""},""ts"":""2026-01-17T21:37:01.474Z""},{""type"":""input"",""detail"":{""tag"":""INPUT"",""name"":""investment_amount"",""id"":""id_investment_amount"",""type"":""text""},""ts"":""2026-01-17T21:37:02.203Z""},{""type"":""click"",""detail"":{""tag"":""INPUT"",""name"":""imbalance_informative"",""id"":""id_imbalance_informative-0"",""type"":""radio""},""ts"":""2026-01-17T21:37:03.523Z""},{""type"":""input"",""detail"":{""tag"":""INPUT"",""name"":""imbalance_informative"",""id"":""id_imbalance_informative-0"",""type"":""radio""},""ts"":""2026-01-17T21:37:03.523Z""},{""type"":""click"",""detail"":{""tag"":""INPUT"",""name"":""return_forecast"",""id"":""id_return_forecast"",""type"":""text""},""ts"":""2026-01-17T21:37:04.180Z""},{""type"":""input"",""detail"":{""tag"":""INPUT"",""name"":""return_forecast"",""id"":""id_return_forecast"",""type"":""text""},""ts"":""2026-01-17T21:37:05.465Z""},{""type"":""input"",""detail"":{""tag"":""INPUT"",""name"":""return_forecast"",""id"":""id_return_forecast"",""type"":""text""},""ts"":""2026-01-17T21:37:07.547Z""},{""type"":""click"",""detail"":{""tag"":""BUTTON"",""name"":null,""id"":null,""type"":""submit""},""ts"":""2026-01-17T21:37:08.007Z""},{""type"":""form-submit"",""detail"":{},""ts"":""2026-01-17T21:37:08.012Z""}]",1.0,20.8485847322204,0.0,98.13,1.0,98.13,,0,151ug4w3,,,,,0,1,1,1.0,1,-1.0471202371825696,0,,,,1.5719933986365178,7.0,1.3859447685699473,1,0.15789473684210525,-1.0090158225644656,0.819690526166562,-2.617848912358,37.5698937044198,-2.98849144873664,24.7105073499691,20.8485847322204,-0.4874695164281541,-0.8811103980280164,-1.0090158225644656,-1.0090158225644656,-1.0090158225644656,0.819690526166562,0.819690526166562,2.4711632453567898,4.151415267779601
150,22,gi3vvfez,676e6f5eb2e5690f74382e58,0,52,52,post_exp,FinalForProlific,2026-01-17 21:30:49.464898,1,,,114.35,22,,120.85,-0.4339751062904961,,treatment,,0.0,13,0,0.0,,paid_data,100.0,22.0,"[{""type"":""page-load"",""detail"":{""path"":""/p/gi3vvfez/main/Trade/24""},""ts"":""2026-01-17T21:44:08.686Z""},{""type"":""click"",""detail"":{""tag"":""INPUT"",""name"":""investment_amount"",""id"":""id_investment_amount"",""type"":""text""},""ts"":""2026-01-17T21:44:15.728Z""},{""type"":""input"",""detail"":{""tag"":""INPUT"",""name"":""investment_amount"",""id"":""id_investment_amount"",""type"":""text""},""ts"":""2026-01-17T21:44:16.502Z""},{""type"":""click"",""detail"":{""tag"":""INPUT"",""name"":""return_forecast"",""id"":""id_return_forecast"",""type"":""text""},""ts"":""2026-01-17T21:44:32.430Z""},{""type"":""input"",""detail"":{""tag"":""INPUT"",""name"":""return_forecast"",""id"":""id_return_forecast"",""type"":""text""},""ts"":""2026-01-17T21:44:33.072Z""},{""type"":""click"",""detail"":{""tag"":""BUTTON"",""name"":null,""id"":null,""type"":""submit""},""ts"":""2026-01-17T21:44:34.328Z""},{""type"":""form-submit"",""detail"":{},""ts"":""2026-01-17T21:44:34.329Z""}]",,20.8485847322204,0.0,120.85,0.0,120.85,,0,151ug4w3,,,,,0,1,1,0.0,1,0.392670088943464,0,0.0,0.36890259348753185,0.0,0.4912479370739118,3.0,-1.366695535673143,0,1.0,-1.0090158225644656,0.819690526166562,-2.617848912358,37.5698937044198,-2.98849144873664,24.7105073499691,20.8485847322204,-0.4874695164281541,-0.8811103980280164,-0.0,-1.0090158225644656,-1.0090158225644656,0.0,0.819690526166562,0.241324535679374,1.1514152677796012
151,24,1li97jle,563f734bcbd4c60005dc9442,0,49,52,post_exp,Demographics,2026-01-17 21:34:31.158499,1,,,1302.85,24,,115.81,-0.4339751062904961,,treatment,,0.0,10,1,1.0,,paid_data,95.0,11.0,"[{""type"":""page-load"",""detail"":{""path"":""/p/1li97jle/main/Trade/24""},""ts"":""2026-01-17T21:39:42.085Z""},{""type"":""click"",""detail"":{""tag"":""INPUT"",""name"":""investment_amount"",""id"":""id_investment_amount"",""type"":""text""},""ts"":""2026-01-17T21:39:47.517Z""},{""type"":""input"",""detail"":{""tag"":""INPUT"",""name"":""investment_amount"",""id"":""id_investment_amount"",""type"":""text""},""ts"":""2026-01-17T21:39:48.347Z""},{""type"":""window-blur"",""detail"":{},""ts"":""2026-01-17T21:39:49.053Z""},{""type"":""window-focus"",""detail"":{},""ts"":""2026-01-17T21:39:50.659Z""},{""type"":""click"",""detail"":{""tag"":""INPUT"",""name"":""imbalance_informative"",""id"":""id_imbalance_informative-1"",""type"":""radio""},""ts"":""2026-01-17T21:39:50.663Z""},{""type"":""input"",""detail"":{""tag"":""INPUT"",""name"":""imbalance_informative"",""id"":""id_imbalance_informative-1"",""type"":""radio""},""ts"":""2026-01-17T21:39:50.663Z""},{""type"":""click"",""detail"":{""tag"":""INPUT"",""name"":""return_forecast"",""id"":""id_return_forecast"",""type"":""text""},""ts"":""2026-01-17T21:39:51.461Z""},{""type"":""input"",""detail"":{""tag"":""INPUT"",""name"":""return_forecast"",""id"":""id_return_forecast"",""type"":""text""},""ts"":""2026-01-17T21:39:52.923Z""},{""type"":""click"",""detail"":{""tag"":""BUTTON"",""name"":null,""id"":null,""type"":""submit""},""ts"":""2026-01-17T21:39:55.334Z""},{""type"":""form-submit"",""detail"":{},""ts"":""2026-01-17T21:39:55.338Z""}]",0.0,20.8485847322204,0.0,114.81,2.0,115.81,,0,151ug4w3,,,,,0,1,1,1.0,1,0.392670088943464,0,,,,-1.129870255269997,7.0,0.3272369592456818,1,1.0,-1.0090158225644656,0.819690526166562,-2.617848912358,37.5698937044198,-2.98849144873664,24.7105073499691,20.8485847322204,-0.4874695164281541,-0.8811103980280164,-1.0090158225644656,-1.0090158225644656,-1.0090158225644656,0.819690526166562,0.819690526166562,1.2766067937438883,9.848584732220399
152,26,8vxh54dk,672eda41e28ba46f845249df,0,52,52,post_exp,FinalForProlific,2026-01-17 21:37:19.026422,1,,,108.92,26,,112.68,-0.4339751062904961,,treatment,,0.0,6,1,1.0,,paid_data,80.0,25.0,"[{""type"":""page-load"",""detail"":{""path"":""/p/8vxh54dk/main/Trade/24""},""ts"":""2026-01-17T21:47:13.385Z""},{""type"":""right-click"",""detail"":{""x"":908,""y"":496,""target"":""IMG""},""ts"":""2026-01-17T21:47:14.361Z""},{""type"":""contextmenu"",""detail"":{""x"":908,""y"":496,""target"":""IMG""},""ts"":""2026-01-17T21:47:14.439Z""},{""type"":""window-blur"",""detail"":{},""ts"":""2026-01-17T21:47:16.245Z""},{""type"":""visibilitychange"",""detail"":{""state"":""hidden""},""ts"":""2026-01-17T21:47:16.252Z""},{""type"":""visibilitychange"",""detail"":{""state"":""visible""},""ts"":""2026-01-17T21:47:35.432Z""},{""type"":""window-focus"",""detail"":{},""ts"":""2026-01-17T21:47:35.443Z""},{""type"":""click"",""detail"":{""tag"":""INPUT"",""name"":""investment_amount"",""id"":""id_investment_amount"",""type"":""text""},""ts"":""2026-01-17T21:47:36.919Z""},{""type"":""input"",""detail"":{""tag"":""INPUT"",""name"":""investment_amount"",""id"":""id_investment_amount"",""type"":""text""},""ts"":""2026-01-17T21:47:37.861Z""},{""type"":""click"",""detail"":{""tag"":""INPUT"",""name"":""imbalance_informative"",""id"":""id_imbalance_informative-1"",""type"":""radio""},""ts"":""2026-01-17T21:47:39.931Z""},{""type"":""input"",""detail"":{""tag"":""INPUT"",""name"":""imbalance_informative"",""id"":""id_imbalance_informative-1"",""type"":""radio""},""ts"":""2026-01-17T21:47:39.931Z""},{""type"":""click"",""detail"":{""tag"":""INPUT"",""name"":""return_forecast"",""id"":""id_return_forecast"",""type"":""text""},""ts"":""2026-01-17T21:47:40.463Z""},{""type"":""input"",""detail"":{""tag"":""INPUT"",""name"":""return_forecast"",""id"":""id_return_forecast"",""type"":""text""},""ts"":""2026-01-17T21:47:41.524Z""},{""type"":""input"",""detail"":{""tag"":""INPUT"",""name"":""return_forecast"",""id"":""id_return_forecast"",""type"":""text""},""ts"":""2026-01-17T21:47:42.108Z""},{""type"":""click"",""detail"":{""tag"":""BUTTON"",""name"":null,""id"":null,""type"":""submit""},""ts"":""2026-01-17T21:47:43.651Z""},{""type"":""form-submit"",""detail"":{},""ts"":""2026-01-17T21:47:43.651Z""}]",0.0,20.8485847322204,0.0,111.68,4.0,112.68,,0,151ug4w3,,,,,0,1,1,1.0,1,0.392670088943464,1,1.0,2.485556818415995,1.0,-1.129870255269997,8.0,0.7507200829753884,1,0.8421052631578947,-1.0090158225644656,0.819690526166562,-2.617848912358,37.5698937044198,-2.98849144873664,24.7105073499691,20.8485847322204,-0.4874695164281541,-0.8811103980280164,-1.0090158225644656,-1.0090158225644656,-1.0090158225644656,0.819690526166562,0.819690526166562,1.2766067937438883,4.151415267779601
153,27,iwq8bj53,6272b9dfc470a51d5fa0e6ea,0,52,52,post_exp,FinalForProlific,2026-01-17 21:42:24.321475,1,,,114.56,27,,120.85,-0.4339751062904961,,treatment,,0.0,12,0,0.0,,paid_data,100.0,15.0,"[{""type"":""page-load"",""detail"":{""path"":""/p/iwq8bj53/main/Trade/24""},""ts"":""2026-01-17T21:53:39.439Z""},{""type"":""click"",""detail"":{""tag"":""INPUT"",""name"":""investment_amount"",""id"":""id_investment_amount"",""type"":""text""},""ts"":""2026-01-17T21:53:46.399Z""},{""type"":""input"",""detail"":{""tag"":""INPUT"",""name"":""investment_amount"",""id"":""id_investment_amount"",""type"":""text""},""ts"":""2026-01-17T21:53:46.693Z""},{""type"":""input"",""detail"":{""tag"":""INPUT"",""name"":""investment_amount"",""id"":""id_investment_amount"",""type"":""text""},""ts"":""2026-01-17T21:53:47.254Z""},{""type"":""click"",""detail"":{""tag"":""INPUT"",""name"":""return_forecast"",""id"":""id_return_forecast"",""type"":""text""},""ts"":""2026-01-17T21:53:48.110Z""},{""type"":""input"",""detail"":{""tag"":""INPUT"",""name"":""return_forecast"",""id"":""id_return_forecast"",""type"":""text""},""ts"":""2026-01-17T21:53:48.317Z""},{""type"":""click"",""detail"":{""tag"":""BUTTON"",""name"":null,""id"":null,""type"":""submit""},""ts"":""2026-01-17T21:53:49.765Z""},{""type"":""form-submit"",""detail"":{},""ts"":""2026-01-17T21:53:49.766Z""}]",,20.8485847322204,0.0,120.85,0.0,120.85,,0,151ug4w3,,,,,0,1,1,0.0,1,0.392670088943464,0,1.0,0.4535687624846704,1.0,0.4912479370739118,7.0,0.3272369592456818,0,1.0,-1.0090158225644656,0.819690526166562,-2.617848912358,37.5698937044198,-2.98849144873664,24.7105073499691,20.8485847322204,-0.4874695164281541,-0.8811103980280164,-0.0,-1.0090158225644656,-1.0090158225644656,0.0,0.819690526166562,0.241324535679374,5.848584732220399
154,28,5uy60pw0,5d6349209b22da000117b1bd,0,52,52,post_exp,FinalForProlific,2026-01-17 21:44:53.042884,1,,,109.31,28,,112.68,-0.4339751062904961,,treatment,,0.0,4,1,1.0,,paid_data,80.0,26.0,"[{""type"":""page-load"",""detail"":{""path"":""/p/5uy60pw0/main/Trade/24""},""ts"":""2026-01-17T21:57:34.116Z""},{""type"":""click"",""detail"":{""tag"":""INPUT"",""name"":""investment_amount"",""id"":""id_investment_amount"",""type"":""text""},""ts"":""2026-01-17T21:57:45.766Z""},{""type"":""input"",""detail"":{""tag"":""INPUT"",""name"":""investment_amount"",""id"":""id_investment_amount"",""type"":""text""},""ts"":""2026-01-17T21:57:50.440Z""},{""type"":""click"",""detail"":{""tag"":""INPUT"",""name"":""imbalance_informative"",""id"":""id_imbalance_informative-1"",""type"":""radio""},""ts"":""2026-01-17T21:57:53.659Z""},{""type"":""input"",""detail"":{""tag"":""INPUT"",""name"":""imbalance_informative"",""id"":""id_imbalance_informative-1"",""type"":""radio""},""ts"":""2026-01-17T21:57:53.659Z""},{""type"":""click"",""detail"":{""tag"":""INPUT"",""name"":""return_forecast"",""id"":""id_return_forecast"",""type"":""text""},""ts"":""2026-01-17T21:57:54.857Z""},{""type"":""input"",""detail"":{""tag"":""INPUT"",""name"":""return_forecast"",""id"":""id_return_forecast"",""type"":""text""},""ts"":""2026-01-17T21:57:57.830Z""},{""type"":""click"",""detail"":{""tag"":""BUTTON"",""name"":null,""id"":null,""type"":""submit""},""ts"":""2026-01-17T21:58:00.846Z""},{""type"":""form-submit"",""detail"":{},""ts"":""2026-01-17T21:58:00.847Z""}]",0.0,20.8485847322204,0.0,111.68,3.0,112.68,,0,151ug4w3,,,,,0,1,1,1.0,1,0.392670088943464,0,0.0,0.36890259348753185,0.0,-0.04912479370739113,7.0,0.3272369592456818,1,0.8421052631578947,-1.0090158225644656,0.819690526166562,-2.617848912358,37.5698937044198,-2.98849144873664,24.7105073499691,20.8485847322204,-0.4874695164281541,-0.8811103980280164,-1.0090158225644656,-1.0090158225644656,-1.0090158225644656,0.819690526166562,0.819690526166562,0.0024132453567937352,5.151415267779601
155,29,r8rvnx27,60e769ec9858960e8ad00886,0,52,52,post_exp,FinalForProlific,2026-01-17 21:45:48.803289,1,,,114.24,29,,121.85,-0.4339751062904961,,control,,0.0,4,1,-1.0,,free_data,100.0,10.0,"[{""type"":""page-load"",""detail"":{""path"":""/p/r8rvnx27/main/Trade/24""},""ts"":""2026-01-17T21:56:41.063Z""},{""type"":""click"",""detail"":{""tag"":""INPUT"",""name"":""imbalance_informative"",""id"":""id_imbalance_informative-1"",""type"":""radio""},""ts"":""2026-01-17T21:56:45.583Z""},{""type"":""input"",""detail"":{""tag"":""INPUT"",""name"":""imbalance_informative"",""id"":""id_imbalance_informative-1"",""type"":""radio""},""ts"":""2026-01-17T21:56:45.584Z""},{""type"":""click"",""detail"":{""tag"":""INPUT"",""name"":""investment_amount"",""id"":""id_investment_amount"",""type"":""text""},""ts"":""2026-01-17T21:56:46.609Z""},{""type"":""input"",""detail"":{""tag"":""INPUT"",""name"":""investment_amount"",""id"":""id_investment_amount"",""type"":""text""},""ts"":""2026-01-17T21:56:48.700Z""},{""type"":""input"",""detail"":{""tag"":""INPUT"",""name"":""investment_amount"",""id"":""id_investment_amount"",""type"":""text""},""ts"":""2026-01-17T21:56:49.227Z""},{""type"":""input"",""detail"":{""tag"":""INPUT"",""name"":""investment_amount"",""id"":""id_investment_amount"",""type"":""text""},""ts"":""2026-01-17T21:56:49.750Z""},{""type"":""click"",""detail"":{""tag"":""INPUT"",""name"":""return_forecast"",""id"":""id_return_forecast"",""type"":""text""},""ts"":""2026-01-17T21:56:50.235Z""},{""type"":""input"",""detail"":{""tag"":""INPUT"",""name"":""return_forecast"",""id"":""id_return_forecast"",""type"":""text""},""ts"":""2026-01-17T21:56:51.327Z""},{""type"":""input"",""detail"":{""tag"":""INPUT"",""name"":""return_forecast"",""id"":""id_return_forecast"",""type"":""text""},""ts"":""2026-01-17T21:56:51.869Z""},{""type"":""click"",""detail"":{""tag"":""BUTTON"",""name"":null,""id"":null,""type"":""submit""},""ts"":""2026-01-17T21:56:52.904Z""},{""type"":""form-submit"",""detail"":{},""ts"":""2026-01-17T21:56:52.907Z""}]",0.0,20.8485847322204,0.0,120.85,5.0,121.85,,0,151ug4w3,,,,,0,0,0,-0.0,0,-0.08726001976521408,0,0.0,0.7922334384732245,0.0,0.4912479370739118,0.0,-2.2842423037541724,0,1.0,-1.0090158225644656,0.819690526166562,-2.617848912358,37.5698937044198,-2.98849144873664,24.7105073499691,20.8485847322204,-0.4874695164281541,-0.8811103980280164,0.0,-0.0,-0.0,-0.0,0.0,0.241324535679374,10.848584732220399
156,30,9ioh8yjj,5a501c26eedc32000141f4f2,0,52,52,post_exp,FinalForProlific,2026-01-17 21:52:21.858087,1,,,110.45,30,,109.34,-0.4339751062904961,,treatment,,0.0,11,0,0.0,,paid_data,40.0,20.0,"[{""type"":""page-load"",""detail"":{""path"":""/p/9ioh8yjj/main/Trade/24""},""ts"":""2026-01-17T22:42:48.202Z""},{""type"":""window-blur"",""detail"":{},""ts"":""2026-01-17T22:42:53.589Z""},{""type"":""window-focus"",""detail"":{},""ts"":""2026-01-17T22:43:51.712Z""},{""type"":""click"",""detail"":{""tag"":""INPUT"",""name"":""investment_amount"",""id"":""id_investment_amount"",""type"":""text""},""ts"":""2026-01-17T22:43:56.392Z""},{""type"":""input"",""detail"":{""tag"":""INPUT"",""name"":""investment_amount"",""id"":""id_investment_amount"",""type"":""text""},""ts"":""2026-01-17T22:43:57.673Z""},{""type"":""input"",""detail"":{""tag"":""INPUT"",""name"":""return_forecast"",""id"":""id_return_forecast"",""type"":""text""},""ts"":""2026-01-17T22:43:58.119Z""},{""type"":""input"",""detail"":{""tag"":""INPUT"",""name"":""return_forecast"",""id"":""id_return_forecast"",""type"":""text""},""ts"":""2026-01-17T22:43:58.980Z""},{""type"":""input"",""detail"":{""tag"":""INPUT"",""name"":""return_forecast"",""id"":""id_return_forecast"",""type"":""text""},""ts"":""2026-01-17T22:44:00.311Z""},{""type"":""click"",""detail"":{""tag"":""BUTTON"",""name"":null,""id"":null,""type"":""submit""},""ts"":""2026-01-17T22:44:01.270Z""},{""type"":""form-submit"",""detail"":{},""ts"":""2026-01-17T22:44:01.271Z""}]",,20.8485847322204,0.0,108.34,1.0,109.34,,0,151ug4w3,,,,,0,1,1,0.0,1,-2.4869105633086037,0,0.0,-1.409086955452377,1.0,2.1123661294178206,4.0,1.1742032067050947,0,0.4,-1.0090158225644656,0.819690526166562,-2.617848912358,37.5698937044198,-2.98849144873664,24.7105073499691,20.8485847322204,-0.4874695164281541,-0.8811103980280164,-0.0,-1.0090158225644656,-1.0090158225644656,0.0,0.819690526166562,4.462090664711625,0.8485847322203988
157,31,joi0mcuh,69669328636e175b3d4155dc,0,52,52,post_exp,FinalForProlific,2026-01-17 21:52:45.868789,1,,,111.6,31,,95.0,-0.4339751062904961,,treatment,,0.0,8,1,1.0,,paid_data,0.0,10.0,"[{""type"":""page-load"",""detail"":{""path"":""/p/joi0mcuh/main/Trade/24""},""ts"":""2026-01-17T22:07:50.854Z""},{""type"":""click"",""detail"":{""tag"":""INPUT"",""name"":""investment_amount"",""id"":""id_investment_amount"",""type"":""text""},""ts"":""2026-01-17T22:08:00.634Z""},{""type"":""input"",""detail"":{""tag"":""INPUT"",""name"":""investment_amount"",""id"":""id_investment_amount"",""type"":""text""},""ts"":""2026-01-17T22:08:01.299Z""},{""type"":""click"",""detail"":{""tag"":""INPUT"",""name"":""imbalance_informative"",""id"":""id_imbalance_informative-1"",""type"":""radio""},""ts"":""2026-01-17T22:08:03.352Z""},{""type"":""input"",""detail"":{""tag"":""INPUT"",""name"":""imbalance_informative"",""id"":""id_imbalance_informative-1"",""type"":""radio""},""ts"":""2026-01-17T22:08:03.352Z""},{""type"":""click"",""detail"":{""tag"":""INPUT"",""name"":""imbalance_informative"",""id"":""id_imbalance_informative-0"",""type"":""radio""},""ts"":""2026-01-17T22:08:22.585Z""},{""type"":""input"",""detail"":{""tag"":""INPUT"",""name"":""imbalance_informative"",""id"":""id_imbalance_informative-0"",""type"":""radio""},""ts"":""2026-01-17T22:08:22.585Z""},{""type"":""click"",""detail"":{""tag"":""LABEL"",""name"":null,""id"":null,""type"":null},""ts"":""2026-01-17T22:08:29.385Z""},{""type"":""click"",""detail"":{""tag"":""INPUT"",""name"":""return_forecast"",""id"":""id_return_forecast"",""type"":""text""},""ts"":""2026-01-17T22:08:29.386Z""},{""type"":""input"",""detail"":{""tag"":""INPUT"",""name"":""return_forecast"",""id"":""id_return_forecast"",""type"":""text""},""ts"":""2026-01-17T22:08:30.256Z""},{""type"":""click"",""detail"":{""tag"":""BUTTON"",""name"":null,""id"":null,""type"":""submit""},""ts"":""2026-01-17T22:08:31.968Z""},{""type"":""form-submit"",""detail"":{},""ts"":""2026-01-17T22:08:31.968Z""}]",1.0,20.8485847322204,0.0,95.0,3.0,95.0,,0,151ug4w3,,,,,0,1,1,1.0,1,1.3525303063608196,0,0.0,-0.22376058949243777,1.0,2.1123661294178206,8.0,0.044914876759211554,1,0.0,-1.0090158225644656,0.819690526166562,-2.617848912358,37.5698937044198,-2.98849144873664,24.7105073499691,20.8485847322204,-0.4874695164281541,-0.8811103980280164,-1.0090158225644656,-1.0090158225644656,-1.0090158225644656,0.819690526166562,0.819690526166562,4.462090664711625,10.848584732220399
158,33,4tbjlhuv,598c4b28cceb0f0001b39675,0,52,52,post_exp,FinalForProlific,2026-01-17 21:57:26.669322,1,,,111.62,33,,107.25,-0.4339751062904961,,control,,0.0,6,1,-1.0,,free_data,30.0,35.0,"[{""type"":""page-load"",""detail"":{""path"":""/p/4tbjlhuv/main/Trade/24""},""ts"":""2026-01-17T22:08:11.561Z""},{""type"":""click"",""detail"":{""tag"":""INPUT"",""name"":""imbalance_informative"",""id"":""id_imbalance_informative-1"",""type"":""radio""},""ts"":""2026-01-17T22:08:20.136Z""},{""type"":""input"",""detail"":{""tag"":""INPUT"",""name"":""imbalance_informative"",""id"":""id_imbalance_informative-1"",""type"":""radio""},""ts"":""2026-01-17T22:08:20.136Z""},{""type"":""click"",""detail"":{""tag"":""INPUT"",""name"":""return_forecast"",""id"":""id_return_forecast"",""type"":""text""},""ts"":""2026-01-17T22:08:21.784Z""},{""type"":""input"",""detail"":{""tag"":""INPUT"",""name"":""return_forecast"",""id"":""id_return_forecast"",""type"":""text""},""ts"":""2026-01-17T22:08:22.754Z""},{""type"":""input"",""detail"":{""tag"":""INPUT"",""name"":""return_forecast"",""id"":""id_return_forecast"",""type"":""text""},""ts"":""2026-01-17T22:08:23.556Z""},{""type"":""click"",""detail"":{""tag"":""INPUT"",""name"":""investment_amount"",""id"":""id_investment_amount"",""type"":""text""},""ts"":""2026-01-17T22:08:24.250Z""},{""type"":""input"",""detail"":{""tag"":""INPUT"",""name"":""investment_amount"",""id"":""id_investment_amount"",""type"":""text""},""ts"":""2026-01-17T22:08:25.473Z""},{""type"":""click"",""detail"":{""tag"":""BUTTON"",""name"":null,""id"":null,""type"":""submit""},""ts"":""2026-01-17T22:08:26.650Z""},{""type"":""form-submit"",""detail"":{},""ts"":""2026-01-17T22:08:26.673Z""}]",0.0,20.8485847322204,0.0,106.25,4.0,107.25,,0,151ug4w3,,,,,0,0,0,-0.0,0,0.8726001976521415,0,0.0,0.4535687624846704,1.0,-1.129870255269997,7.0,-0.025665643862406367,0,0.3,-1.0090158225644656,0.819690526166562,-2.617848912358,37.5698937044198,-2.98849144873664,24.7105073499691,20.8485847322204,-0.4874695164281541,-0.8811103980280164,0.0,-0.0,-0.0,-0.0,0.0,1.2766067937438883,14.151415267779601
159,34,4pzjsb2b,67580f69a9a3cb759240904b,0,52,52,post_exp,FinalForProlific,2026-01-17 21:58:30.170718,1,,,106.49,34,,105.21,-0.4339751062904961,,treatment,,0.0,10,0,0.0,,paid_data,25.0,5.0,"[{""type"":""page-load"",""detail"":{""path"":""/p/4pzjsb2b/main/Trade/24""},""ts"":""2026-01-17T22:06:15.770Z""},{""type"":""click"",""detail"":{""tag"":""INPUT"",""name"":""investment_amount"",""id"":""id_investment_amount"",""type"":""text""},""ts"":""2026-01-17T22:06:22.166Z""},{""type"":""input"",""detail"":{""tag"":""INPUT"",""name"":""investment_amount"",""id"":""id_investment_amount"",""type"":""text""},""ts"":""2026-01-17T22:06:22.776Z""},{""type"":""click"",""detail"":{""tag"":""INPUT"",""name"":""return_forecast"",""id"":""id_return_forecast"",""type"":""text""},""ts"":""2026-01-17T22:06:23.844Z""},{""type"":""input"",""detail"":{""tag"":""INPUT"",""name"":""return_forecast"",""id"":""id_return_forecast"",""type"":""text""},""ts"":""2026-01-17T22:06:26.259Z""},{""type"":""click"",""detail"":{""tag"":""BUTTON"",""name"":null,""id"":null,""type"":""submit""},""ts"":""2026-01-17T22:06:27.660Z""},{""type"":""form-submit"",""detail"":{},""ts"":""2026-01-17T22:06:27.661Z""}]",,20.8485847322204,0.0,105.21,0.0,105.21,,0,151ug4w3,,,,,0,1,1,0.0,1,1.3525303063608196,0,0.0,1.3002304524560555,1.0,-1.129870255269997,7.0,-0.378568246970495,0,0.25,-1.0090158225644656,0.819690526166562,-2.617848912358,37.5698937044198,-2.98849144873664,24.7105073499691,20.8485847322204,-0.4874695164281541,-0.8811103980280164,-0.0,-1.0090158225644656,-1.0090158225644656,0.0,0.819690526166562,1.2766067937438883,15.848584732220399
160,35,fcwg96au,5848ad3bdb871400012da095,0,52,52,post_exp,FinalForProlific,2026-01-17 22:00:16.297158,1,,,108.19,35,,102.25,-0.4339751062904961,,treatment,,0.0,10,1,1.0,,paid_data,30.0,10.0,"[{""type"":""page-load"",""detail"":{""path"":""/p/fcwg96au/main/Trade/24""},""ts"":""2026-01-17T22:08:54.308Z""},{""type"":""click"",""detail"":{""tag"":""INPUT"",""name"":""investment_amount"",""id"":""id_investment_amount"",""type"":""text""},""ts"":""2026-01-17T22:08:59.845Z""},{""type"":""input"",""detail"":{""tag"":""INPUT"",""name"":""investment_amount"",""id"":""id_investment_amount"",""type"":""text""},""ts"":""2026-01-17T22:09:00.612Z""},{""type"":""click"",""detail"":{""tag"":""LABEL"",""name"":null,""id"":null,""type"":null},""ts"":""2026-01-17T22:09:03.316Z""},{""type"":""click"",""detail"":{""tag"":""INPUT"",""name"":""imbalance_informative"",""id"":""id_imbalance_informative-1"",""type"":""radio""},""ts"":""2026-01-17T22:09:03.318Z""},{""type"":""input"",""detail"":{""tag"":""INPUT"",""name"":""imbalance_informative"",""id"":""id_imbalance_informative-1"",""type"":""radio""},""ts"":""2026-01-17T22:09:03.318Z""},{""type"":""click"",""detail"":{""tag"":""INPUT"",""name"":""return_forecast"",""id"":""id_return_forecast"",""type"":""text""},""ts"":""2026-01-17T22:09:03.945Z""},{""type"":""input"",""detail"":{""tag"":""INPUT"",""name"":""return_forecast"",""id"":""id_return_forecast"",""type"":""text""},""ts"":""2026-01-17T22:09:04.568Z""},{""type"":""click"",""detail"":{""tag"":""BUTTON"",""name"":null,""id"":null,""type"":""submit""},""ts"":""2026-01-17T22:09:05.496Z""},{""type"":""form-submit"",""detail"":{},""ts"":""2026-01-17T22:09:05.496Z""}]",0.0,20.8485847322204,0.0,101.25,3.0,102.25,,0,151ug4w3,,,,,0,1,1,1.0,1,-0.08726001976521408,1,0.0,-0.3084267584895763,1.0,1.0316206678552147,1.0,-1.8607591800244665,1,0.3157894736842105,-1.0090158225644656,0.819690526166562,-2.617848912358,37.5698937044198,-2.98849144873664,24.7105073499691,20.8485847322204,-0.4874695164281541,-0.8811103980280164,-1.0090158225644656,-1.0090158225644656,-1.0090158225644656,0.819690526166562,0.819690526166562,1.0642412023460393,10.848584732220399
161,37,4d34f1nl,692f221e98e3cdcf10465812,0,52,52,post_exp,FinalForProlific,2026-01-17 22:07:34.984862,1,,,112.1,37,,104.17,-0.4339751062904961,,control,,0.0,6,1,-1.0,,free_data,20.0,10.0,"[{""type"":""page-load"",""detail"":{""path"":""/p/4d34f1nl/main/Trade/24""},""ts"":""2026-01-17T22:29:25.228Z""},{""type"":""window-blur"",""detail"":{},""ts"":""2026-01-17T22:29:26.524Z""},{""type"":""visibilitychange"",""detail"":{""state"":""hidden""},""ts"":""2026-01-17T22:29:26.525Z""},{""type"":""visibilitychange"",""detail"":{""state"":""visible""},""ts"":""2026-01-17T22:29:39.315Z""},{""type"":""window-focus"",""detail"":{},""ts"":""2026-01-17T22:29:39.326Z""},{""type"":""click"",""detail"":{""tag"":""LABEL"",""name"":null,""id"":null,""type"":null},""ts"":""2026-01-17T22:29:40.153Z""},{""type"":""click"",""detail"":{""tag"":""INPUT"",""name"":""investment_amount"",""id"":""id_investment_amount"",""type"":""text""},""ts"":""2026-01-17T22:29:40.161Z""},{""type"":""input"",""detail"":{""tag"":""INPUT"",""name"":""investment_amount"",""id"":""id_investment_amount"",""type"":""text""},""ts"":""2026-01-17T22:29:41.300Z""},{""type"":""click"",""detail"":{""tag"":""LABEL"",""name"":null,""id"":null,""type"":null},""ts"":""2026-01-17T22:29:42.451Z""},{""type"":""click"",""detail"":{""tag"":""INPUT"",""name"":""imbalance_informative"",""id"":""id_imbalance_informative-0"",""type"":""radio""},""ts"":""2026-01-17T22:29:42.451Z""},{""type"":""input"",""detail"":{""tag"":""INPUT"",""name"":""imbalance_informative"",""id"":""id_imbalance_informative-0"",""type"":""radio""},""ts"":""2026-01-17T22:29:42.451Z""},{""type"":""click"",""detail"":{""tag"":""INPUT"",""name"":""return_forecast"",""id"":""id_return_forecast"",""type"":""text""},""ts"":""2026-01-17T22:29:42.865Z""},{""type"":""input"",""detail"":{""tag"":""INPUT"",""name"":""return_forecast"",""id"":""id_return_forecast"",""type"":""text""},""ts"":""2026-01-17T22:29:43.104Z""},{""type"":""window-blur"",""detail"":{},""ts"":""2026-01-17T22:29:43.985Z""},{""type"":""visibilitychange"",""detail"":{""state"":""hidden""},""ts"":""2026-01-17T22:29:43.986Z""},{""type"":""visibilitychange"",""detail"":{""state"":""visible""},""ts"":""2026-01-17T22:29:44.887Z""},{""type"":""window-focus"",""detail"":{},""ts"":""2026-01-17T22:29:44.900Z""},{""type"":""click"",""detail"":{""tag"":""BUTTON"",""name"":null,""id"":null,""type"":""submit""},""ts"":""2026-01-17T22:29:46.173Z""},{""type"":""form-submit"",""detail"":{},""ts"":""2026-01-17T22:29:46.174Z""}]",1.0,20.8485847322204,0.0,104.17,1.0,104.17,,0,151ug4w3,,,,,0,0,0,-0.0,0,-0.08726001976521408,0,0.0,-1.7477516314409312,0.0,-0.5894975244886941,7.0,0.6801395623537705,0,0.2,-1.0090158225644656,0.819690526166562,-2.617848912358,37.5698937044198,-2.98849144873664,24.7105073499691,20.8485847322204,-0.4874695164281541,-0.8811103980280164,0.0,-0.0,-0.0,-0.0,0.0,0.3475073313782985,10.848584732220399
162,38,d8aqe2fa,650b03136ab3d4c832d98b71,0,52,52,post_exp,FinalForProlific,2026-01-17 22:08:13.439724,1,,,118.99,38,,109.59,-0.4339751062904961,,treatment,,0.0,5,1,1.0,,paid_data,70.0,12.0,"[{""type"":""page-load"",""detail"":{""path"":""/p/d8aqe2fa/main/Trade/24""},""ts"":""2026-01-17T22:18:34.632Z""},{""type"":""copy"",""detail"":{""types"":[],""hasImage"":true,""hasFiles"":false},""ts"":""2026-01-17T22:18:37.873Z""},{""type"":""window-blur"",""detail"":{},""ts"":""2026-01-17T22:18:38.531Z""},{""type"":""window-focus"",""detail"":{},""ts"":""2026-01-17T22:18:39.151Z""},{""type"":""right-click"",""detail"":{""x"":1183,""y"":362,""target"":""IMG""},""ts"":""2026-01-17T22:18:39.527Z""},{""type"":""contextmenu"",""detail"":{""x"":1183,""y"":362,""target"":""IMG""},""ts"":""2026-01-17T22:18:39.597Z""},{""type"":""window-blur"",""detail"":{},""ts"":""2026-01-17T22:18:40.857Z""},{""type"":""window-focus"",""detail"":{},""ts"":""2026-01-17T22:18:43.456Z""},{""type"":""window-blur"",""detail"":{},""ts"":""2026-01-17T22:18:44.224Z""},{""type"":""visibilitychange"",""detail"":{""state"":""hidden""},""ts"":""2026-01-17T22:18:44.228Z""},{""type"":""visibilitychange"",""detail"":{""state"":""visible""},""ts"":""2026-01-17T22:18:44.674Z""},{""type"":""window-focus"",""detail"":{},""ts"":""2026-01-17T22:18:44.733Z""},{""type"":""click"",""detail"":{""tag"":""INPUT"",""name"":""investment_amount"",""id"":""id_investment_amount"",""type"":""text""},""ts"":""2026-01-17T22:18:58.617Z""},{""type"":""input"",""detail"":{""tag"":""INPUT"",""name"":""investment_amount"",""id"":""id_investment_amount"",""type"":""text""},""ts"":""2026-01-17T22:18:59.260Z""},{""type"":""click"",""detail"":{""tag"":""INPUT"",""name"":""return_forecast"",""id"":""id_return_forecast"",""type"":""text""},""ts"":""2026-01-17T22:19:01.734Z""},{""type"":""click"",""detail"":{""tag"":""INPUT"",""name"":""imbalance_informative"",""id"":""id_imbalance_informative-0"",""type"":""radio""},""ts"":""2026-01-17T22:19:03.258Z""},{""type"":""input"",""detail"":{""tag"":""INPUT"",""name"":""imbalance_informative"",""id"":""id_imbalance_informative-0"",""type"":""radio""},""ts"":""2026-01-17T22:19:03.258Z""},{""type"":""click"",""detail"":{""tag"":""INPUT"",""name"":""return_forecast"",""id"":""id_return_forecast"",""type"":""text""},""ts"":""2026-01-17T22:19:03.725Z""},{""type"":""input"",""detail"":{""tag"":""INPUT"",""name"":""return_forecast"",""id"":""id_return_forecast"",""type"":""text""},""ts"":""2026-01-17T22:19:03.729Z""},{""type"":""click"",""detail"":{""tag"":""BUTTON"",""name"":null,""id"":null,""type"":""submit""},""ts"":""2026-01-17T22:19:05.739Z""},{""type"":""form-submit"",""detail"":{},""ts"":""2026-01-17T22:19:05.740Z""}]",1.0,20.8485847322204,0.0,109.59,1.0,109.59,,0,151ug4w3,,,,,0,1,1,1.0,1,1.3525303063608196,0,1.0,-0.5624252654809918,0.0,-0.5894975244886941,6.0,-0.8020513707002012,1,0.7368421052631579,-1.0090158225644656,0.819690526166562,-2.617848912358,37.5698937044198,-2.98849144873664,24.7105073499691,20.8485847322204,-0.4874695164281541,-0.8811103980280164,-1.0090158225644656,-1.0090158225644656,-1.0090158225644656,0.819690526166562,0.819690526166562,0.3475073313782985,8.848584732220399
163,39,35jj3mv4,666445e5b72745f04a4f57d6,0,52,52,post_exp,FinalForProlific,2026-01-17 22:10:39.908203,1,,,115.9,39,,100.0,-0.4339751062904961,,treatment,,0.0,5,0,0.0,,paid_data,0.0,-2.0,"[{""type"":""page-load"",""detail"":{""path"":""/p/35jj3mv4/main/Trade/24""},""ts"":""2026-01-17T22:25:19.286Z""},{""type"":""click"",""detail"":{""tag"":""INPUT"",""name"":""investment_amount"",""id"":""id_investment_amount"",""type"":""text""},""ts"":""2026-01-17T22:25:32.783Z""},{""type"":""input"",""detail"":{""tag"":""INPUT"",""name"":""investment_amount"",""id"":""id_investment_amount"",""type"":""text""},""ts"":""2026-01-17T22:25:51.456Z""},{""type"":""click"",""detail"":{""tag"":""INPUT"",""name"":""return_forecast"",""id"":""id_return_forecast"",""type"":""text""},""ts"":""2026-01-17T22:25:53.378Z""},{""type"":""input"",""detail"":{""tag"":""INPUT"",""name"":""return_forecast"",""id"":""id_return_forecast"",""type"":""text""},""ts"":""2026-01-17T22:25:55.070Z""},{""type"":""click"",""detail"":{""tag"":""BUTTON"",""name"":null,""id"":null,""type"":""submit""},""ts"":""2026-01-17T22:25:57.762Z""},{""type"":""form-submit"",""detail"":{},""ts"":""2026-01-17T22:25:57.766Z""}]",,20.8485847322204,0.0,100.0,1.0,100.0,,0,151ug4w3,,,,,0,1,1,0.0,1,1.3525303063608196,0,0.0,1.215564283458917,1.0,-0.04912479370739113,6.0,-0.8020513707002012,0,0.0,-1.0090158225644656,0.819690526166562,-2.617848912358,37.5698937044198,-2.98849144873664,24.7105073499691,20.8485847322204,-0.4874695164281541,-0.8811103980280164,-0.0,-1.0090158225644656,-1.0090158225644656,0.0,0.819690526166562,0.0024132453567937352,22.8485847322204
164,40,7czue3k2,5cad1eef8ed53d00180d2532,0,52,52,post_exp,FinalForProlific,2026-01-17 22:23:11.563870,1,,,110.19,40,,99.08,-0.4339751062904961,,treatment,,0.0,13,1,1.0,,paid_data,10.0,20.0,"[{""type"":""page-load"",""detail"":{""path"":""/p/7czue3k2/main/Trade/24""},""ts"":""2026-01-17T22:38:49.878Z""},{""type"":""click"",""detail"":{""tag"":""INPUT"",""name"":""imbalance_informative"",""id"":""id_imbalance_informative-1"",""type"":""radio""},""ts"":""2026-01-17T22:39:13.422Z""},{""type"":""input"",""detail"":{""tag"":""INPUT"",""name"":""imbalance_informative"",""id"":""id_imbalance_informative-1"",""type"":""radio""},""ts"":""2026-01-17T22:39:13.422Z""},{""type"":""click"",""detail"":{""tag"":""INPUT"",""name"":""return_forecast"",""id"":""id_return_forecast"",""type"":""text""},""ts"":""2026-01-17T22:39:24.865Z""},{""type"":""input"",""detail"":{""tag"":""INPUT"",""name"":""return_forecast"",""id"":""id_return_forecast"",""type"":""text""},""ts"":""2026-01-17T22:39:26.360Z""},{""type"":""click"",""detail"":{""tag"":""INPUT"",""name"":""investment_amount"",""id"":""id_investment_amount"",""type"":""text""},""ts"":""2026-01-17T22:39:28.220Z""},{""type"":""input"",""detail"":{""tag"":""INPUT"",""name"":""investment_amount"",""id"":""id_investment_amount"",""type"":""text""},""ts"":""2026-01-17T22:39:28.757Z""},{""type"":""click"",""detail"":{""tag"":""BUTTON"",""name"":null,""id"":null,""type"":""submit""},""ts"":""2026-01-17T22:39:30.492Z""},{""type"":""form-submit"",""detail"":{},""ts"":""2026-01-17T22:39:30.500Z""}]",0.0,20.8485847322204,0.0,97.08,4.0,99.08,,0,151ug4w3,,,,,0,1,1,1.0,1,-2.0069804545999257,1,0.0,-1.1550884484609614,0.0,-0.5894975244886941,2.0,-0.025665643862406367,1,0.10526315789473684,-1.0090158225644656,0.819690526166562,-2.617848912358,37.5698937044198,-2.98849144873664,24.7105073499691,20.8485847322204,-0.4874695164281541,-0.8811103980280164,-1.0090158225644656,-1.0090158225644656,-1.0090158225644656,0.819690526166562,0.819690526166562,0.3475073313782985,0.8485847322203988
165,1,0zkzl65f,64df6c0375d740bb235620f5,0,52,52,post_exp,FinalForProlific,2026-01-17 21:20:10.774463,1,,,140.11,1,,122.08,-0.14465836876349872,,control,,0.0,11,1,-1.0,,free_data,100.0,15.0,"[{""type"":""page-load"",""detail"":{""path"":""/p/0zkzl65f/main/Trade/27""},""ts"":""2026-01-17T21:34:12.280Z""},{""type"":""window-blur"",""detail"":{},""ts"":""2026-01-17T21:34:15.081Z""},{""type"":""visibilitychange"",""detail"":{""state"":""hidden""},""ts"":""2026-01-17T21:34:15.091Z""},{""type"":""visibilitychange"",""detail"":{""state"":""visible""},""ts"":""2026-01-17T21:34:17.965Z""},{""type"":""window-focus"",""detail"":{},""ts"":""2026-01-17T21:34:17.966Z""},{""type"":""click"",""detail"":{""tag"":""INPUT"",""name"":""investment_amount"",""id"":""id_investment_amount"",""type"":""text""},""ts"":""2026-01-17T21:34:25.715Z""},{""type"":""input"",""detail"":{""tag"":""INPUT"",""name"":""investment_amount"",""id"":""id_investment_amount"",""type"":""text""},""ts"":""2026-01-17T21:34:26.502Z""},{""type"":""click"",""detail"":{""tag"":""INPUT"",""name"":""imbalance_informative"",""id"":""id_imbalance_informative-0"",""type"":""radio""},""ts"":""2026-01-17T21:34:30.875Z""},{""type"":""input"",""detail"":{""tag"":""INPUT"",""name"":""imbalance_informative"",""id"":""id_imbalance_informative-0"",""type"":""radio""},""ts"":""2026-01-17T21:34:30.876Z""},{""type"":""click"",""detail"":{""tag"":""INPUT"",""name"":""return_forecast"",""id"":""id_return_forecast"",""type"":""text""},""ts"":""2026-01-17T21:34:32.042Z""},{""type"":""click"",""detail"":{""tag"":""LABEL"",""name"":null,""id"":null,""type"":null},""ts"":""2026-01-17T21:34:33.989Z""},{""type"":""click"",""detail"":{""tag"":""LABEL"",""name"":null,""id"":null,""type"":null},""ts"":""2026-01-17T21:34:34.687Z""},{""type"":""click"",""detail"":{""tag"":""INPUT"",""name"":""imbalance_informative"",""id"":""id_imbalance_informative-1"",""type"":""radio""},""ts"":""2026-01-17T21:34:34.689Z""},{""type"":""input"",""detail"":{""tag"":""INPUT"",""name"":""imbalance_informative"",""id"":""id_imbalance_informative-1"",""type"":""radio""},""ts"":""2026-01-17T21:34:34.689Z""},{""type"":""click"",""detail"":{""tag"":""INPUT"",""name"":""return_forecast"",""id"":""id_return_forecast"",""type"":""text""},""ts"":""2026-01-17T21:34:35.872Z""},{""type"":""input"",""detail"":{""tag"":""INPUT"",""name"":""return_forecast"",""id"":""id_return_forecast"",""type"":""text""},""ts"":""2026-01-17T21:34:37.552Z""},{""type"":""click"",""detail"":{""tag"":""BUTTON"",""name"":null,""id"":null,""type"":""submit""},""ts"":""2026-01-17T21:34:39.737Z""},{""type"":""form-submit"",""detail"":{},""ts"":""2026-01-17T21:34:39.737Z""}]",0.0,22.0771797811744,1.0,122.08,3.0,122.08,,0,151ug4w3,,,,,0,0,0,-0.0,0,1.3525303063608196,0,0.0,-0.8164237724724074,0.0,-0.04912479370739113,3.0,-2.0725007418893195,0,1.0,-0.1779296780218585,2.157059433755005,13.0320504897888,13.4234317844869,-2.21137743569188,8.75461432690917,22.0771797811744,-1.4073466843642097,1.9678921646592953,0.0,-0.0,-0.0,-0.0,0.0,0.0024132453567937352,7.077179781174401
166,2,nx9hs1ng,677fea8903ad496f30f16502,0,52,52,post_exp,FinalForProlific,2026-01-17 21:20:12.375324,1,,,110.35,2,,101.22,-0.14465836876349872,,treatment,,0.0,11,1,0.0,,free_data,1.0,22.0,"[{""type"":""page-load"",""detail"":{""path"":""/p/nx9hs1ng/main/Trade/27""},""ts"":""2026-01-17T21:29:15.327Z""},{""type"":""click"",""detail"":{""tag"":""INPUT"",""name"":""investment_amount"",""id"":""id_investment_amount"",""type"":""text""},""ts"":""2026-01-17T21:29:17.950Z""},{""type"":""input"",""detail"":{""tag"":""INPUT"",""name"":""investment_amount"",""id"":""id_investment_amount"",""type"":""text""},""ts"":""2026-01-17T21:29:30.422Z""},{""type"":""click"",""detail"":{""tag"":""LABEL"",""name"":null,""id"":null,""type"":null},""ts"":""2026-01-17T21:29:31.677Z""},{""type"":""click"",""detail"":{""tag"":""INPUT"",""name"":""imbalance_informative"",""id"":""id_imbalance_informative-1"",""type"":""radio""},""ts"":""2026-01-17T21:29:31.678Z""},{""type"":""input"",""detail"":{""tag"":""INPUT"",""name"":""imbalance_informative"",""id"":""id_imbalance_informative-1"",""type"":""radio""},""ts"":""2026-01-17T21:29:31.678Z""},{""type"":""click"",""detail"":{""tag"":""INPUT"",""name"":""return_forecast"",""id"":""id_return_forecast"",""type"":""text""},""ts"":""2026-01-17T21:29:33.460Z""},{""type"":""input"",""detail"":{""tag"":""INPUT"",""name"":""return_forecast"",""id"":""id_return_forecast"",""type"":""text""},""ts"":""2026-01-17T21:29:34.445Z""},{""type"":""click"",""detail"":{""tag"":""BUTTON"",""name"":null,""id"":null,""type"":""submit""},""ts"":""2026-01-17T21:29:36.164Z""},{""type"":""form-submit"",""detail"":{},""ts"":""2026-01-17T21:29:36.165Z""}]",0.0,22.0771797811744,1.0,100.22,2.0,101.22,,0,151ug4w3,,,,,0,1,0,0.0,0,0.392670088943464,1,0.0,-0.5624252654809918,1.0,-0.04912479370739113,6.0,-0.09624616448402429,0,0.01,-0.1779296780218585,2.157059433755005,13.0320504897888,13.4234317844869,-2.21137743569188,8.75461432690917,22.0771797811744,-1.4073466843642097,1.9678921646592953,-0.0,-0.0,-0.1779296780218585,0.0,0.0,0.0024132453567937352,0.07717978117440083
167,3,i3c60565,6962c417f20b621d95bd694d,0,52,52,post_exp,FinalForProlific,2026-01-17 21:20:30.391188,1,,,113.86,3,,109.83,-0.14465836876349872,,treatment,,0.0,5,1,0.0,,free_data,40.0,-12.0,"[{""type"":""page-load"",""detail"":{""path"":""/p/i3c60565/main/Trade/27""},""ts"":""2026-01-17T21:33:15.749Z""},{""type"":""click"",""detail"":{""tag"":""INPUT"",""name"":""investment_amount"",""id"":""id_investment_amount"",""type"":""text""},""ts"":""2026-01-17T21:33:33.051Z""},{""type"":""input"",""detail"":{""tag"":""INPUT"",""name"":""investment_amount"",""id"":""id_investment_amount"",""type"":""text""},""ts"":""2026-01-17T21:33:36.363Z""},{""type"":""click"",""detail"":{""tag"":""INPUT"",""name"":""imbalance_informative"",""id"":""id_imbalance_informative-0"",""type"":""radio""},""ts"":""2026-01-17T21:33:39.720Z""},{""type"":""input"",""detail"":{""tag"":""INPUT"",""name"":""imbalance_informative"",""id"":""id_imbalance_informative-0"",""type"":""radio""},""ts"":""2026-01-17T21:33:39.720Z""},{""type"":""click"",""detail"":{""tag"":""INPUT"",""name"":""return_forecast"",""id"":""id_return_forecast"",""type"":""text""},""ts"":""2026-01-17T21:33:44.413Z""},{""type"":""input"",""detail"":{""tag"":""INPUT"",""name"":""return_forecast"",""id"":""id_return_forecast"",""type"":""text""},""ts"":""2026-01-17T21:33:45.111Z""},{""type"":""input"",""detail"":{""tag"":""INPUT"",""name"":""return_forecast"",""id"":""id_return_forecast"",""type"":""text""},""ts"":""2026-01-17T21:33:45.686Z""},{""type"":""click"",""detail"":{""tag"":""BUTTON"",""name"":null,""id"":null,""type"":""submit""},""ts"":""2026-01-17T21:33:46.795Z""},{""type"":""form-submit"",""detail"":{},""ts"":""2026-01-17T21:33:46.796Z""}]",1.0,22.0771797811744,1.0,108.83,3.0,109.83,,0,151ug4w3,,,,,0,1,0,0.0,0,-1.5270503458912477,1,0.0,-0.05442825149816073,1.0,1.0316206678552147,5.0,0.8918811242186238,0,0.4,-0.1779296780218585,2.157059433755005,13.0320504897888,13.4234317844869,-2.21137743569188,8.75461432690917,22.0771797811744,-1.4073466843642097,1.9678921646592953,-0.0,-0.0,-0.1779296780218585,0.0,0.0,1.0642412023460393,34.0771797811744
168,4,k7sp0ynm,67665f7b0329bd3e30515ad2,0,52,52,post_exp,FinalForProlific,2026-01-17 21:20:50.689404,1,,,102.31,4,,109.83,-0.14465836876349872,,treatment,,0.0,10,1,0.0,,free_data,40.0,50.0,"[{""type"":""page-load"",""detail"":{""path"":""/p/k7sp0ynm/main/Trade/27""},""ts"":""2026-01-17T21:48:15.591Z""},{""type"":""click"",""detail"":{""tag"":""INPUT"",""name"":""return_forecast"",""id"":""id_return_forecast"",""type"":""text""},""ts"":""2026-01-17T21:48:22.642Z""},{""type"":""input"",""detail"":{""tag"":""INPUT"",""name"":""return_forecast"",""id"":""id_return_forecast"",""type"":""text""},""ts"":""2026-01-17T21:48:32.978Z""},{""type"":""input"",""detail"":{""tag"":""INPUT"",""name"":""return_forecast"",""id"":""id_return_forecast"",""type"":""text""},""ts"":""2026-01-17T21:48:33.629Z""},{""type"":""input"",""detail"":{""tag"":""INPUT"",""name"":""return_forecast"",""id"":""id_return_forecast"",""type"":""text""},""ts"":""2026-01-17T21:48:34.369Z""},{""type"":""input"",""detail"":{""tag"":""INPUT"",""name"":""return_forecast"",""id"":""id_return_forecast"",""type"":""text""},""ts"":""2026-01-17T21:48:38.906Z""},{""type"":""input"",""detail"":{""tag"":""INPUT"",""name"":""return_forecast"",""id"":""id_return_forecast"",""type"":""text""},""ts"":""2026-01-17T21:48:39.733Z""},{""type"":""click"",""detail"":{""tag"":""BUTTON"",""name"":null,""id"":null,""type"":""submit""},""ts"":""2026-01-17T21:48:40.693Z""},{""type"":""form-submit"",""detail"":{},""ts"":""2026-01-17T21:48:40.694Z""}]",1.0,22.0771797811744,1.0,108.83,2.0,109.83,,0,151ug4w3,,,,,0,1,0,0.0,0,-1.0471202371825696,0,0.0,-0.5624252654809918,1.0,1.5719933986365178,4.0,0.11549539738082899,0,0.4,-0.1779296780218585,2.157059433755005,13.0320504897888,13.4234317844869,-2.21137743569188,8.75461432690917,22.0771797811744,-1.4073466843642097,1.9678921646592953,-0.0,-0.0,-0.1779296780218585,0.0,0.0,2.4711632453567898,27.9228202188256
169,6,6bbjn8v1,5e459f61418f610891628564,0,52,52,post_exp,FinalForProlific,2026-01-17 21:22:23.663747,1,,,103.85,6,,121.97,-0.14465836876349872,,treatment,,0.0,6,1,1.0,,free_data,95.0,40.0,"[{""type"":""page-load"",""detail"":{""path"":""/p/6bbjn8v1/main/Trade/27""},""ts"":""2026-01-17T21:31:25.917Z""},{""type"":""click"",""detail"":{""tag"":""INPUT"",""name"":""investment_amount"",""id"":""id_investment_amount"",""type"":""text""},""ts"":""2026-01-17T21:31:30.867Z""},{""type"":""input"",""detail"":{""tag"":""INPUT"",""name"":""investment_amount"",""id"":""id_investment_amount"",""type"":""text""},""ts"":""2026-01-17T21:31:31.551Z""},{""type"":""click"",""detail"":{""tag"":""INPUT"",""name"":""imbalance_informative"",""id"":""id_imbalance_informative-0"",""type"":""radio""},""ts"":""2026-01-17T21:31:32.645Z""},{""type"":""input"",""detail"":{""tag"":""INPUT"",""name"":""imbalance_informative"",""id"":""id_imbalance_informative-0"",""type"":""radio""},""ts"":""2026-01-17T21:31:32.645Z""},{""type"":""click"",""detail"":{""tag"":""LABEL"",""name"":null,""id"":null,""type"":null},""ts"":""2026-01-17T21:31:33.289Z""},{""type"":""click"",""detail"":{""tag"":""INPUT"",""name"":""return_forecast"",""id"":""id_return_forecast"",""type"":""text""},""ts"":""2026-01-17T21:31:33.291Z""},{""type"":""input"",""detail"":{""tag"":""INPUT"",""name"":""return_forecast"",""id"":""id_return_forecast"",""type"":""text""},""ts"":""2026-01-17T21:31:33.528Z""},{""type"":""input"",""detail"":{""tag"":""INPUT"",""name"":""return_forecast"",""id"":""id_return_forecast"",""type"":""text""},""ts"":""2026-01-17T21:31:34.082Z""},{""type"":""input"",""detail"":{""tag"":""INPUT"",""name"":""return_forecast"",""id"":""id_return_forecast"",""type"":""text""},""ts"":""2026-01-17T21:31:34.743Z""},{""type"":""input"",""detail"":{""tag"":""INPUT"",""name"":""return_forecast"",""id"":""id_return_forecast"",""type"":""text""},""ts"":""2026-01-17T21:31:35.311Z""},{""type"":""input"",""detail"":{""tag"":""INPUT"",""name"":""return_forecast"",""id"":""id_return_forecast"",""type"":""text""},""ts"":""2026-01-17T21:31:36.224Z""},{""type"":""click"",""detail"":{""tag"":""BUTTON"",""name"":null,""id"":null,""type"":""submit""},""ts"":""2026-01-17T21:31:36.868Z""},{""type"":""form-submit"",""detail"":{},""ts"":""2026-01-17T21:31:36.869Z""}]",1.0,22.0771797811744,1.0,120.97,3.0,121.97,,0,151ug4w3,,,,,0,1,0,1.0,0,-0.08726001976521408,0,0.0,-0.22376058949243777,1.0,-0.5894975244886941,5.0,-0.16682668510564172,0,0.95,-0.1779296780218585,2.157059433755005,13.0320504897888,13.4234317844869,-2.21137743569188,8.75461432690917,22.0771797811744,-1.4073466843642097,1.9678921646592953,-0.1779296780218585,-0.0,-0.1779296780218585,2.157059433755005,0.0,0.3475073313782985,17.9228202188256
170,7,gl7u8nio,62b2080f8f89f2f15c47d9ba,0,52,52,post_exp,FinalForProlific,2026-01-17 21:22:24.603886,1,,,118.89,7,,112.04,-0.14465836876349872,,treatment,,0.0,8,1,0.0,,free_data,50.0,10.0,"[{""type"":""page-load"",""detail"":{""path"":""/p/gl7u8nio/main/Trade/27""},""ts"":""2026-01-17T21:34:58.782Z""},{""type"":""click"",""detail"":{""tag"":""INPUT"",""name"":""investment_amount"",""id"":""id_investment_amount"",""type"":""text""},""ts"":""2026-01-17T21:35:11.347Z""},{""type"":""input"",""detail"":{""tag"":""INPUT"",""name"":""investment_amount"",""id"":""id_investment_amount"",""type"":""text""},""ts"":""2026-01-17T21:35:13.484Z""},{""type"":""click"",""detail"":{""tag"":""INPUT"",""name"":""imbalance_informative"",""id"":""id_imbalance_informative-0"",""type"":""radio""},""ts"":""2026-01-17T21:35:14.930Z""},{""type"":""input"",""detail"":{""tag"":""INPUT"",""name"":""imbalance_informative"",""id"":""id_imbalance_informative-0"",""type"":""radio""},""ts"":""2026-01-17T21:35:14.930Z""},{""type"":""click"",""detail"":{""tag"":""INPUT"",""name"":""return_forecast"",""id"":""id_return_forecast"",""type"":""text""},""ts"":""2026-01-17T21:35:15.947Z""},{""type"":""input"",""detail"":{""tag"":""INPUT"",""name"":""return_forecast"",""id"":""id_return_forecast"",""type"":""text""},""ts"":""2026-01-17T21:35:16.411Z""},{""type"":""click"",""detail"":{""tag"":""BUTTON"",""name"":null,""id"":null,""type"":""submit""},""ts"":""2026-01-17T21:35:18.285Z""},{""type"":""form-submit"",""detail"":{},""ts"":""2026-01-17T21:35:18.285Z""}]",1.0,22.0771797811744,1.0,111.04,2.0,112.04,,0,151ug4w3,,,,,0,1,0,0.0,0,-0.08726001976521408,1,0.0,1.3848966214531941,0.0,2.1123661294178206,6.0,0.25665643862406434,0,0.5,-0.1779296780218585,2.157059433755005,13.0320504897888,13.4234317844869,-2.21137743569188,8.75461432690917,22.0771797811744,-1.4073466843642097,1.9678921646592953,-0.0,-0.0,-0.1779296780218585,0.0,0.0,4.462090664711625,12.0771797811744
171,8,difxszml,5d1ec3b72e9ac3001ab525ef,0,49,52,post_exp,Demographics,2026-01-17 21:22:33.376663,1,,,1190.64,8,,105.42,-0.14465836876349872,,treatment,,0.0,4,1,1.0,,free_data,20.0,32.0,"[{""type"":""page-load"",""detail"":{""path"":""/p/difxszml/main/Trade/27""},""ts"":""2026-01-17T21:31:55.727Z""},{""type"":""click"",""detail"":{""tag"":""INPUT"",""name"":""investment_amount"",""id"":""id_investment_amount"",""type"":""text""},""ts"":""2026-01-17T21:32:04.213Z""},{""type"":""input"",""detail"":{""tag"":""INPUT"",""name"":""investment_amount"",""id"":""id_investment_amount"",""type"":""text""},""ts"":""2026-01-17T21:32:05.288Z""},{""type"":""input"",""detail"":{""tag"":""INPUT"",""name"":""investment_amount"",""id"":""id_investment_amount"",""type"":""text""},""ts"":""2026-01-17T21:32:05.804Z""},{""type"":""click"",""detail"":{""tag"":""INPUT"",""name"":""imbalance_informative"",""id"":""id_imbalance_informative-0"",""type"":""radio""},""ts"":""2026-01-17T21:32:07.424Z""},{""type"":""input"",""detail"":{""tag"":""INPUT"",""name"":""imbalance_informative"",""id"":""id_imbalance_informative-0"",""type"":""radio""},""ts"":""2026-01-17T21:32:07.424Z""},{""type"":""click"",""detail"":{""tag"":""INPUT"",""name"":""return_forecast"",""id"":""id_return_forecast"",""type"":""text""},""ts"":""2026-01-17T21:32:08.060Z""},{""type"":""input"",""detail"":{""tag"":""INPUT"",""name"":""return_forecast"",""id"":""id_return_forecast"",""type"":""text""},""ts"":""2026-01-17T21:32:10.472Z""},{""type"":""input"",""detail"":{""tag"":""INPUT"",""name"":""return_forecast"",""id"":""id_return_forecast"",""type"":""text""},""ts"":""2026-01-17T21:32:11.779Z""},{""type"":""input"",""detail"":{""tag"":""INPUT"",""name"":""return_forecast"",""id"":""id_return_forecast"",""type"":""text""},""ts"":""2026-01-17T21:32:12.756Z""},{""type"":""input"",""detail"":{""tag"":""INPUT"",""name"":""return_forecast"",""id"":""id_return_forecast"",""type"":""text""},""ts"":""2026-01-17T21:32:13.263Z""},{""type"":""click"",""detail"":{""tag"":""BUTTON"",""name"":null,""id"":null,""type"":""submit""},""ts"":""2026-01-17T21:32:13.938Z""},{""type"":""form-submit"",""detail"":{},""ts"":""2026-01-17T21:32:13.942Z""}]",1.0,22.0771797811744,1.0,104.42,2.0,105.42,,0,151ug4w3,,,,,0,1,0,1.0,0,0.8726001976521415,0,,,,-0.04912479370739113,8.0,0.3978174798673002,0,0.2,-0.1779296780218585,2.157059433755005,13.0320504897888,13.4234317844869,-2.21137743569188,8.75461432690917,22.0771797811744,-1.4073466843642097,1.9678921646592953,-0.1779296780218585,-0.0,-0.1779296780218585,2.157059433755005,0.0,0.0024132453567937352,9.9228202188256
172,9,hlqkfw8x,67e7cfd17a7062da8a273fbf,0,52,52,post_exp,FinalForProlific,2026-01-17 21:23:02.043408,1,,,115.94,9,,123.08,-0.14465836876349872,,control,,0.0,14,1,-1.0,,free_data,100.0,30.0,"[{""type"":""page-load"",""detail"":{""path"":""/p/hlqkfw8x/main/Trade/27""},""ts"":""2026-01-17T21:35:50.149Z""},{""type"":""click"",""detail"":{""tag"":""INPUT"",""name"":""investment_amount"",""id"":""id_investment_amount"",""type"":""text""},""ts"":""2026-01-17T21:36:01.039Z""},{""type"":""input"",""detail"":{""tag"":""INPUT"",""name"":""investment_amount"",""id"":""id_investment_amount"",""type"":""text""},""ts"":""2026-01-17T21:36:02.557Z""},{""type"":""input"",""detail"":{""tag"":""INPUT"",""name"":""investment_amount"",""id"":""id_investment_amount"",""type"":""text""},""ts"":""2026-01-17T21:36:03.235Z""},{""type"":""click"",""detail"":{""tag"":""INPUT"",""name"":""imbalance_informative"",""id"":""id_imbalance_informative-0"",""type"":""radio""},""ts"":""2026-01-17T21:36:11.514Z""},{""type"":""input"",""detail"":{""tag"":""INPUT"",""name"":""imbalance_informative"",""id"":""id_imbalance_informative-0"",""type"":""radio""},""ts"":""2026-01-17T21:36:11.514Z""},{""type"":""click"",""detail"":{""tag"":""INPUT"",""name"":""return_forecast"",""id"":""id_return_forecast"",""type"":""text""},""ts"":""2026-01-17T21:36:23.557Z""},{""type"":""input"",""detail"":{""tag"":""INPUT"",""name"":""return_forecast"",""id"":""id_return_forecast"",""type"":""text""},""ts"":""2026-01-17T21:36:25.457Z""},{""type"":""click"",""detail"":{""tag"":""BUTTON"",""name"":null,""id"":null,""type"":""submit""},""ts"":""2026-01-17T21:36:26.474Z""},{""type"":""form-submit"",""detail"":{},""ts"":""2026-01-17T21:36:26.479Z""}]",1.0,22.0771797811744,1.0,122.08,2.0,123.08,,0,151ug4w3,,,,,0,0,0,-0.0,0,-0.08726001976521408,1,0.0,1.1308981144617785,0.0,-0.5894975244886941,5.0,-0.16682668510564172,0,1.0,-0.1779296780218585,2.157059433755005,13.0320504897888,13.4234317844869,-2.21137743569188,8.75461432690917,22.0771797811744,-1.4073466843642097,1.9678921646592953,0.0,-0.0,-0.0,-0.0,0.0,0.3475073313782985,7.922820218825599
173,10,miej8bbr,67730320948951ecb761b3f2,0,52,52,post_exp,FinalForProlific,2026-01-17 21:23:16.323182,1,,,104.87,10,,113.25,-0.14465836876349872,,treatment,,0.0,14,1,0.0,,free_data,60.0,25.0,"[{""type"":""page-load"",""detail"":{""path"":""/p/miej8bbr/main/Trade/27""},""ts"":""2026-01-17T21:33:34.223Z""},{""type"":""click"",""detail"":{""tag"":""INPUT"",""name"":""investment_amount"",""id"":""id_investment_amount"",""type"":""text""},""ts"":""2026-01-17T21:33:35.887Z""},{""type"":""input"",""detail"":{""tag"":""INPUT"",""name"":""investment_amount"",""id"":""id_investment_amount"",""type"":""text""},""ts"":""2026-01-17T21:33:36.667Z""},{""type"":""click"",""detail"":{""tag"":""INPUT"",""name"":""imbalance_informative"",""id"":""id_imbalance_informative-1"",""type"":""radio""},""ts"":""2026-01-17T21:33:46.506Z""},{""type"":""input"",""detail"":{""tag"":""INPUT"",""name"":""imbalance_informative"",""id"":""id_imbalance_informative-1"",""type"":""radio""},""ts"":""2026-01-17T21:33:46.506Z""},{""type"":""click"",""detail"":{""tag"":""INPUT"",""name"":""return_forecast"",""id"":""id_return_forecast"",""type"":""text""},""ts"":""2026-01-17T21:33:47.168Z""},{""type"":""input"",""detail"":{""tag"":""INPUT"",""name"":""return_forecast"",""id"":""id_return_forecast"",""type"":""text""},""ts"":""2026-01-17T21:33:48.565Z""},{""type"":""input"",""detail"":{""tag"":""INPUT"",""name"":""return_forecast"",""id"":""id_return_forecast"",""type"":""text""},""ts"":""2026-01-17T21:33:50.420Z""},{""type"":""input"",""detail"":{""tag"":""INPUT"",""name"":""return_forecast"",""id"":""id_return_forecast"",""type"":""text""},""ts"":""2026-01-17T21:33:51.145Z""},{""type"":""input"",""detail"":{""tag"":""INPUT"",""name"":""return_forecast"",""id"":""id_return_forecast"",""type"":""text""},""ts"":""2026-01-17T21:33:52.635Z""},{""type"":""input"",""detail"":{""tag"":""INPUT"",""name"":""return_forecast"",""id"":""id_return_forecast"",""type"":""text""},""ts"":""2026-01-17T21:33:53.169Z""},{""type"":""click"",""detail"":{""tag"":""BUTTON"",""name"":null,""id"":null,""type"":""submit""},""ts"":""2026-01-17T21:33:54.561Z""},{""type"":""form-submit"",""detail"":{},""ts"":""2026-01-17T21:33:54.561Z""}]",0.0,22.0771797811744,1.0,113.25,0.0,113.25,,0,151ug4w3,,,,,0,1,0,0.0,0,1.3525303063608196,0,1.0,-0.6470914344781303,1.0,-1.129870255269997,6.0,-0.8020513707002012,0,0.6,-0.1779296780218585,2.157059433755005,13.0320504897888,13.4234317844869,-2.21137743569188,8.75461432690917,22.0771797811744,-1.4073466843642097,1.9678921646592953,-0.0,-0.0,-0.1779296780218585,0.0,0.0,1.2766067937438883,2.922820218825599
174,11,i76mujh9,5b99663d4cefb60001e7a214,0,49,52,post_exp,Demographics,2026-01-17 21:24:20.177255,1,,,1203.53,11,,106.52,-0.14465836876349872,,treatment,,0.0,6,1,0.0,,free_data,25.0,44.0,"[{""type"":""page-load"",""detail"":{""path"":""/p/i76mujh9/main/Trade/27""},""ts"":""2026-01-17T21:39:18.737Z""},{""type"":""click"",""detail"":{""tag"":""INPUT"",""name"":""investment_amount"",""id"":""id_investment_amount"",""type"":""text""},""ts"":""2026-01-17T21:39:46.515Z""},{""type"":""input"",""detail"":{""tag"":""INPUT"",""name"":""investment_amount"",""id"":""id_investment_amount"",""type"":""text""},""ts"":""2026-01-17T21:39:47.595Z""},{""type"":""input"",""detail"":{""tag"":""INPUT"",""name"":""investment_amount"",""id"":""id_investment_amount"",""type"":""text""},""ts"":""2026-01-17T21:39:48.359Z""},{""type"":""click"",""detail"":{""tag"":""INPUT"",""name"":""return_forecast"",""id"":""id_return_forecast"",""type"":""text""},""ts"":""2026-01-17T21:39:51.177Z""},{""type"":""input"",""detail"":{""tag"":""INPUT"",""name"":""return_forecast"",""id"":""id_return_forecast"",""type"":""text""},""ts"":""2026-01-17T21:39:52.292Z""},{""type"":""input"",""detail"":{""tag"":""INPUT"",""name"":""return_forecast"",""id"":""id_return_forecast"",""type"":""text""},""ts"":""2026-01-17T21:39:52.975Z""},{""type"":""click"",""detail"":{""tag"":""BUTTON"",""name"":null,""id"":null,""type"":""submit""},""ts"":""2026-01-17T21:39:53.460Z""},{""type"":""click"",""detail"":{""tag"":""INPUT"",""name"":""imbalance_informative"",""id"":""id_imbalance_informative-0"",""type"":""radio""},""ts"":""2026-01-17T21:39:55.249Z""},{""type"":""input"",""detail"":{""tag"":""INPUT"",""name"":""imbalance_informative"",""id"":""id_imbalance_informative-0"",""type"":""radio""},""ts"":""2026-01-17T21:39:55.249Z""},{""type"":""click"",""detail"":{""tag"":""BUTTON"",""name"":null,""id"":null,""type"":""submit""},""ts"":""2026-01-17T21:39:56.023Z""},{""type"":""form-submit"",""detail"":{},""ts"":""2026-01-17T21:39:56.025Z""}]",1.0,22.0771797811744,1.0,105.52,3.0,106.52,,0,151ug4w3,,,,,0,1,0,0.0,0,-0.5671901284738922,0,,,,-1.129870255269997,7.0,1.0330421654618591,0,0.25,-0.1779296780218585,2.157059433755005,13.0320504897888,13.4234317844869,-2.21137743569188,8.75461432690917,22.0771797811744,-1.4073466843642097,1.9678921646592953,-0.0,-0.0,-0.1779296780218585,0.0,0.0,1.2766067937438883,21.9228202188256
175,12,rnucedhy,5a9fa90f873cda00010d29d8,0,52,52,post_exp,FinalForProlific,2026-01-17 21:24:40.341139,1,,,110.42,12,,121.87,-0.14465836876349872,,treatment,,0.0,14,1,0.0,,free_data,90.0,22.0,"[{""type"":""page-load"",""detail"":{""path"":""/p/rnucedhy/main/Trade/27""},""ts"":""2026-01-17T21:38:30.446Z""},{""type"":""click"",""detail"":{""tag"":""INPUT"",""name"":""investment_amount"",""id"":""id_investment_amount"",""type"":""text""},""ts"":""2026-01-17T21:38:32.972Z""},{""type"":""input"",""detail"":{""tag"":""INPUT"",""name"":""investment_amount"",""id"":""id_investment_amount"",""type"":""text""},""ts"":""2026-01-17T21:38:33.388Z""},{""type"":""click"",""detail"":{""tag"":""INPUT"",""name"":""imbalance_informative"",""id"":""id_imbalance_informative-0"",""type"":""radio""},""ts"":""2026-01-17T21:38:35.422Z""},{""type"":""input"",""detail"":{""tag"":""INPUT"",""name"":""imbalance_informative"",""id"":""id_imbalance_informative-0"",""type"":""radio""},""ts"":""2026-01-17T21:38:35.423Z""},{""type"":""click"",""detail"":{""tag"":""INPUT"",""name"":""return_forecast"",""id"":""id_return_forecast"",""type"":""text""},""ts"":""2026-01-17T21:38:36.335Z""},{""type"":""input"",""detail"":{""tag"":""INPUT"",""name"":""return_forecast"",""id"":""id_return_forecast"",""type"":""text""},""ts"":""2026-01-17T21:38:38.501Z""},{""type"":""input"",""detail"":{""tag"":""INPUT"",""name"":""return_forecast"",""id"":""id_return_forecast"",""type"":""text""},""ts"":""2026-01-17T21:38:39.377Z""},{""type"":""click"",""detail"":{""tag"":""BUTTON"",""name"":null,""id"":null,""type"":""submit""},""ts"":""2026-01-17T21:38:41.103Z""},{""type"":""form-submit"",""detail"":{},""ts"":""2026-01-17T21:38:41.103Z""}]",1.0,22.0771797811744,1.0,119.87,3.0,121.87,,0,151ug4w3,,,,,0,1,0,0.0,0,-0.5671901284738922,0,0.0,-1.070422279463823,1.0,-1.129870255269997,9.0,1.8800084129212717,0,0.9,-0.1779296780218585,2.157059433755005,13.0320504897888,13.4234317844869,-2.21137743569188,8.75461432690917,22.0771797811744,-1.4073466843642097,1.9678921646592953,-0.0,-0.0,-0.1779296780218585,0.0,0.0,1.2766067937438883,0.07717978117440083
176,13,0agbbz6t,64e6b4025cbe79c020343121,0,52,52,post_exp,FinalForProlific,2026-01-17 21:25:07.530984,1,,,107.83,13,,116.45,-0.14465836876349872,,control,,0.0,9,1,-1.0,,free_data,70.0,15.0,"[{""type"":""page-load"",""detail"":{""path"":""/p/0agbbz6t/main/Trade/27""},""ts"":""2026-01-17T21:32:51.473Z""},{""type"":""click"",""detail"":{""tag"":""INPUT"",""name"":""investment_amount"",""id"":""id_investment_amount"",""type"":""text""},""ts"":""2026-01-17T21:32:54.593Z""},{""type"":""input"",""detail"":{""tag"":""INPUT"",""name"":""investment_amount"",""id"":""id_investment_amount"",""type"":""text""},""ts"":""2026-01-17T21:32:55.157Z""},{""type"":""click"",""detail"":{""tag"":""LABEL"",""name"":null,""id"":null,""type"":null},""ts"":""2026-01-17T21:32:56.458Z""},{""type"":""click"",""detail"":{""tag"":""INPUT"",""name"":""imbalance_informative"",""id"":""id_imbalance_informative-0"",""type"":""radio""},""ts"":""2026-01-17T21:32:56.459Z""},{""type"":""input"",""detail"":{""tag"":""INPUT"",""name"":""imbalance_informative"",""id"":""id_imbalance_informative-0"",""type"":""radio""},""ts"":""2026-01-17T21:32:56.459Z""},{""type"":""click"",""detail"":{""tag"":""INPUT"",""name"":""return_forecast"",""id"":""id_return_forecast"",""type"":""text""},""ts"":""2026-01-17T21:32:57.002Z""},{""type"":""input"",""detail"":{""tag"":""INPUT"",""name"":""return_forecast"",""id"":""id_return_forecast"",""type"":""text""},""ts"":""2026-01-17T21:32:57.427Z""},{""type"":""click"",""detail"":{""tag"":""BUTTON"",""name"":null,""id"":null,""type"":""submit""},""ts"":""2026-01-17T21:32:58.702Z""},{""type"":""form-submit"",""detail"":{},""ts"":""2026-01-17T21:32:58.702Z""}]",1.0,22.0771797811744,1.0,115.45,3.0,116.45,,0,151ug4w3,,,,,0,0,0,-0.0,0,-1.0471202371825696,0,1.0,0.19957025549325483,1.0,-0.5894975244886941,9.0,2.23291101602936,0,0.7,-0.1779296780218585,2.157059433755005,13.0320504897888,13.4234317844869,-2.21137743569188,8.75461432690917,22.0771797811744,-1.4073466843642097,1.9678921646592953,0.0,-0.0,-0.0,-0.0,0.0,0.3475073313782985,7.077179781174401
177,14,vyd28ofr,66e74ca113f609cd2a13df59,0,52,52,post_exp,FinalForProlific,2026-01-17 21:25:37.276893,1,,,126.77,14,,118.66,-0.14465836876349872,,treatment,,0.0,11,1,1.0,,free_data,80.0,25.0,"[{""type"":""page-load"",""detail"":{""path"":""/p/vyd28ofr/main/Trade/27""},""ts"":""2026-01-17T21:34:24.391Z""},{""type"":""click"",""detail"":{""tag"":""INPUT"",""name"":""investment_amount"",""id"":""id_investment_amount"",""type"":""text""},""ts"":""2026-01-17T21:34:39.895Z""},{""type"":""input"",""detail"":{""tag"":""INPUT"",""name"":""investment_amount"",""id"":""id_investment_amount"",""type"":""text""},""ts"":""2026-01-17T21:34:41.153Z""},{""type"":""click"",""detail"":{""tag"":""INPUT"",""name"":""imbalance_informative"",""id"":""id_imbalance_informative-0"",""type"":""radio""},""ts"":""2026-01-17T21:34:42.307Z""},{""type"":""input"",""detail"":{""tag"":""INPUT"",""name"":""imbalance_informative"",""id"":""id_imbalance_informative-0"",""type"":""radio""},""ts"":""2026-01-17T21:34:42.307Z""},{""type"":""click"",""detail"":{""tag"":""INPUT"",""name"":""return_forecast"",""id"":""id_return_forecast"",""type"":""text""},""ts"":""2026-01-17T21:34:43.229Z""},{""type"":""input"",""detail"":{""tag"":""INPUT"",""name"":""return_forecast"",""id"":""id_return_forecast"",""type"":""text""},""ts"":""2026-01-17T21:34:44.595Z""},{""type"":""input"",""detail"":{""tag"":""INPUT"",""name"":""return_forecast"",""id"":""id_return_forecast"",""type"":""text""},""ts"":""2026-01-17T21:34:45.725Z""},{""type"":""click"",""detail"":{""tag"":""BUTTON"",""name"":null,""id"":null,""type"":""submit""},""ts"":""2026-01-17T21:34:46.183Z""},{""type"":""form-submit"",""detail"":{},""ts"":""2026-01-17T21:34:46.188Z""}]",1.0,22.0771797811744,1.0,117.66,3.0,118.66,,0,151ug4w3,,,,,0,1,0,1.0,0,0.392670088943464,0,0.0,0.9615657764675015,1.0,-0.04912479370739113,5.0,-0.5197292882137304,0,0.8,-0.1779296780218585,2.157059433755005,13.0320504897888,13.4234317844869,-2.21137743569188,8.75461432690917,22.0771797811744,-1.4073466843642097,1.9678921646592953,-0.1779296780218585,-0.0,-0.1779296780218585,2.157059433755005,0.0,0.0024132453567937352,2.922820218825599
178,15,p639azxy,6965b338f069222c10b2bdc9,0,52,52,post_exp,FinalForProlific,2026-01-17 21:26:31.341396,1,,,118.08,15,,116.45,-0.14465836876349872,,treatment,,0.0,9,1,1.0,,free_data,70.0,45.0,"[{""type"":""page-load"",""detail"":{""path"":""/p/p639azxy/main/Trade/27""},""ts"":""2026-01-17T21:38:25.739Z""},{""type"":""click"",""detail"":{""tag"":""INPUT"",""name"":""investment_amount"",""id"":""id_investment_amount"",""type"":""text""},""ts"":""2026-01-17T21:38:29.728Z""},{""type"":""input"",""detail"":{""tag"":""INPUT"",""name"":""investment_amount"",""id"":""id_investment_amount"",""type"":""text""},""ts"":""2026-01-17T21:38:38.331Z""},{""type"":""click"",""detail"":{""tag"":""LABEL"",""name"":null,""id"":null,""type"":null},""ts"":""2026-01-17T21:38:39.313Z""},{""type"":""click"",""detail"":{""tag"":""INPUT"",""name"":""imbalance_informative"",""id"":""id_imbalance_informative-0"",""type"":""radio""},""ts"":""2026-01-17T21:38:39.314Z""},{""type"":""input"",""detail"":{""tag"":""INPUT"",""name"":""imbalance_informative"",""id"":""id_imbalance_informative-0"",""type"":""radio""},""ts"":""2026-01-17T21:38:39.314Z""},{""type"":""click"",""detail"":{""tag"":""INPUT"",""name"":""return_forecast"",""id"":""id_return_forecast"",""type"":""text""},""ts"":""2026-01-17T21:38:42.485Z""},{""type"":""input"",""detail"":{""tag"":""INPUT"",""name"":""return_forecast"",""id"":""id_return_forecast"",""type"":""text""},""ts"":""2026-01-17T21:38:43.586Z""},{""type"":""click"",""detail"":{""tag"":""BUTTON"",""name"":null,""id"":null,""type"":""submit""},""ts"":""2026-01-17T21:38:44.353Z""},{""type"":""form-submit"",""detail"":{},""ts"":""2026-01-17T21:38:44.354Z""}]",1.0,22.0771797811744,1.0,115.45,3.0,116.45,,0,151ug4w3,,,,,0,1,0,1.0,0,-0.08726001976521408,1,0.0,-0.3930929274867148,1.0,-0.04912479370739113,6.0,0.25665643862406434,0,0.7,-0.1779296780218585,2.157059433755005,13.0320504897888,13.4234317844869,-2.21137743569188,8.75461432690917,22.0771797811744,-1.4073466843642097,1.9678921646592953,-0.1779296780218585,-0.0,-0.1779296780218585,2.157059433755005,0.0,0.0024132453567937352,22.9228202188256
179,16,sw8lem34,677346f91e35f1cb1e647c34,0,49,52,post_exp,Demographics,2026-01-17 21:26:45.318628,1,,,1199.47,16,,101.1,-0.14465836876349872,,treatment,,0.0,9,1,1.0,,free_data,5.0,5.0,"[{""type"":""page-load"",""detail"":{""path"":""/p/sw8lem34/main/Trade/27""},""ts"":""2026-01-17T21:38:12.713Z""},{""type"":""click"",""detail"":{""tag"":""INPUT"",""name"":""investment_amount"",""id"":""id_investment_amount"",""type"":""text""},""ts"":""2026-01-17T21:38:19.035Z""},{""type"":""input"",""detail"":{""tag"":""INPUT"",""name"":""investment_amount"",""id"":""id_investment_amount"",""type"":""text""},""ts"":""2026-01-17T21:38:20.049Z""},{""type"":""click"",""detail"":{""tag"":""LABEL"",""name"":null,""id"":null,""type"":null},""ts"":""2026-01-17T21:38:22.072Z""},{""type"":""click"",""detail"":{""tag"":""INPUT"",""name"":""imbalance_informative"",""id"":""id_imbalance_informative-1"",""type"":""radio""},""ts"":""2026-01-17T21:38:22.073Z""},{""type"":""input"",""detail"":{""tag"":""INPUT"",""name"":""imbalance_informative"",""id"":""id_imbalance_informative-1"",""type"":""radio""},""ts"":""2026-01-17T21:38:22.073Z""},{""type"":""click"",""detail"":{""tag"":""INPUT"",""name"":""return_forecast"",""id"":""id_return_forecast"",""type"":""text""},""ts"":""2026-01-17T21:38:22.947Z""},{""type"":""input"",""detail"":{""tag"":""INPUT"",""name"":""return_forecast"",""id"":""id_return_forecast"",""type"":""text""},""ts"":""2026-01-17T21:38:24.717Z""},{""type"":""click"",""detail"":{""tag"":""BUTTON"",""name"":null,""id"":null,""type"":""submit""},""ts"":""2026-01-17T21:38:25.390Z""},{""type"":""form-submit"",""detail"":{},""ts"":""2026-01-17T21:38:25.395Z""}]",0.0,22.0771797811744,1.0,101.1,2.0,101.1,,0,151ug4w3,,,,,0,1,0,1.0,0,0.392670088943464,0,,,,-0.04912479370739113,5.0,-0.5197292882137304,0,0.05,-0.1779296780218585,2.157059433755005,13.0320504897888,13.4234317844869,-2.21137743569188,8.75461432690917,22.0771797811744,-1.4073466843642097,1.9678921646592953,-0.1779296780218585,-0.0,-0.1779296780218585,2.157059433755005,0.0,0.0024132453567937352,17.0771797811744
180,17,3v5sipps,695bd4f6bbdb5a636882ce78,0,52,52,post_exp,FinalForProlific,2026-01-17 21:26:53.633718,1,,,118.89,17,,122.08,-0.14465836876349872,,control,,0.0,9,1,-1.0,,free_data,100.0,10.0,"[{""type"":""page-load"",""detail"":{""path"":""/p/3v5sipps/main/Trade/27""},""ts"":""2026-01-17T21:34:39.375Z""},{""type"":""click"",""detail"":{""tag"":""INPUT"",""name"":""investment_amount"",""id"":""id_investment_amount"",""type"":""text""},""ts"":""2026-01-17T21:34:43.125Z""},{""type"":""input"",""detail"":{""tag"":""INPUT"",""name"":""investment_amount"",""id"":""id_investment_amount"",""type"":""text""},""ts"":""2026-01-17T21:34:43.487Z""},{""type"":""click"",""detail"":{""tag"":""INPUT"",""name"":""imbalance_informative"",""id"":""id_imbalance_informative-1"",""type"":""radio""},""ts"":""2026-01-17T21:34:45.454Z""},{""type"":""input"",""detail"":{""tag"":""INPUT"",""name"":""imbalance_informative"",""id"":""id_imbalance_informative-1"",""type"":""radio""},""ts"":""2026-01-17T21:34:45.454Z""},{""type"":""click"",""detail"":{""tag"":""INPUT"",""name"":""return_forecast"",""id"":""id_return_forecast"",""type"":""text""},""ts"":""2026-01-17T21:34:48.705Z""},{""type"":""input"",""detail"":{""tag"":""INPUT"",""name"":""return_forecast"",""id"":""id_return_forecast"",""type"":""text""},""ts"":""2026-01-17T21:34:48.976Z""},{""type"":""click"",""detail"":{""tag"":""BUTTON"",""name"":null,""id"":null,""type"":""submit""},""ts"":""2026-01-17T21:34:50.089Z""},{""type"":""form-submit"",""detail"":{},""ts"":""2026-01-17T21:34:50.090Z""}]",0.0,22.0771797811744,1.0,122.08,2.0,122.08,,0,151ug4w3,,,,,0,0,0,-0.0,0,-1.5270503458912477,0,0.0,0.36890259348753185,0.0,-0.5894975244886941,3.0,0.04491487675921132,0,1.0,-0.1779296780218585,2.157059433755005,13.0320504897888,13.4234317844869,-2.21137743569188,8.75461432690917,22.0771797811744,-1.4073466843642097,1.9678921646592953,0.0,-0.0,-0.0,-0.0,0.0,0.3475073313782985,12.0771797811744
181,19,6xawj670,69419dd351c8c6866590c254,0,52,52,post_exp,FinalForProlific,2026-01-17 21:28:19.710613,1,,,104.78,19,,104.42,-0.14465836876349872,,treatment,,0.0,6,1,0.0,,free_data,20.0,0.0,"[{""type"":""page-load"",""detail"":{""path"":""/p/6xawj670/main/Trade/27""},""ts"":""2026-01-17T22:05:21.956Z""},{""type"":""click"",""detail"":{""tag"":""INPUT"",""name"":""investment_amount"",""id"":""id_investment_amount"",""type"":""text""},""ts"":""2026-01-17T22:05:25.912Z""},{""type"":""input"",""detail"":{""tag"":""INPUT"",""name"":""investment_amount"",""id"":""id_investment_amount"",""type"":""text""},""ts"":""2026-01-17T22:05:27.209Z""},{""type"":""click"",""detail"":{""tag"":""INPUT"",""name"":""imbalance_informative"",""id"":""id_imbalance_informative-1"",""type"":""radio""},""ts"":""2026-01-17T22:05:30.585Z""},{""type"":""input"",""detail"":{""tag"":""INPUT"",""name"":""imbalance_informative"",""id"":""id_imbalance_informative-1"",""type"":""radio""},""ts"":""2026-01-17T22:05:30.585Z""},{""type"":""click"",""detail"":{""tag"":""LABEL"",""name"":null,""id"":null,""type"":null},""ts"":""2026-01-17T22:05:31.080Z""},{""type"":""click"",""detail"":{""tag"":""INPUT"",""name"":""imbalance_informative"",""id"":""id_imbalance_informative-0"",""type"":""radio""},""ts"":""2026-01-17T22:05:31.081Z""},{""type"":""input"",""detail"":{""tag"":""INPUT"",""name"":""imbalance_informative"",""id"":""id_imbalance_informative-0"",""type"":""radio""},""ts"":""2026-01-17T22:05:31.081Z""},{""type"":""click"",""detail"":{""tag"":""LABEL"",""name"":null,""id"":null,""type"":null},""ts"":""2026-01-17T22:05:31.580Z""},{""type"":""click"",""detail"":{""tag"":""INPUT"",""name"":""imbalance_informative"",""id"":""id_imbalance_informative-1"",""type"":""radio""},""ts"":""2026-01-17T22:05:31.580Z""},{""type"":""input"",""detail"":{""tag"":""INPUT"",""name"":""imbalance_informative"",""id"":""id_imbalance_informative-1"",""type"":""radio""},""ts"":""2026-01-17T22:05:31.580Z""},{""type"":""click"",""detail"":{""tag"":""LABEL"",""name"":null,""id"":null,""type"":null},""ts"":""2026-01-17T22:05:32.477Z""},{""type"":""click"",""detail"":{""tag"":""INPUT"",""name"":""imbalance_informative"",""id"":""id_imbalance_informative-0"",""type"":""radio""},""ts"":""2026-01-17T22:05:32.477Z""},{""type"":""input"",""detail"":{""tag"":""INPUT"",""name"":""imbalance_informative"",""id"":""id_imbalance_informative-0"",""type"":""radio""},""ts"":""2026-01-17T22:05:32.477Z""},{""type"":""click"",""detail"":{""tag"":""LABEL"",""name"":null,""id"":null,""type"":null},""ts"":""2026-01-17T22:05:33.155Z""},{""type"":""click"",""detail"":{""tag"":""INPUT"",""name"":""imbalance_informative"",""id"":""id_imbalance_informative-1"",""type"":""radio""},""ts"":""2026-01-17T22:05:33.155Z""},{""type"":""input"",""detail"":{""tag"":""INPUT"",""name"":""imbalance_informative"",""id"":""id_imbalance_informative-1"",""type"":""radio""},""ts"":""2026-01-17T22:05:33.155Z""},{""type"":""click"",""detail"":{""tag"":""INPUT"",""name"":""return_forecast"",""id"":""id_return_forecast"",""type"":""text""},""ts"":""2026-01-17T22:05:33.621Z""},{""type"":""input"",""detail"":{""tag"":""INPUT"",""name"":""return_forecast"",""id"":""id_return_forecast"",""type"":""text""},""ts"":""2026-01-17T22:05:35.729Z""},{""type"":""click"",""detail"":{""tag"":""BUTTON"",""name"":null,""id"":null,""type"":""submit""},""ts"":""2026-01-17T22:05:38.276Z""},{""type"":""form-submit"",""detail"":{},""ts"":""2026-01-17T22:05:38.276Z""}]",0.0,22.0771797811744,1.0,104.42,0.0,104.42,,0,151ug4w3,,,,,0,1,0,0.0,0,-0.5671901284738922,0,0.0,-1.7477516314409312,0.0,-0.5894975244886941,4.0,-0.23740720572725918,0,0.2,-0.1779296780218585,2.157059433755005,13.0320504897888,13.4234317844869,-2.21137743569188,8.75461432690917,22.0771797811744,-1.4073466843642097,1.9678921646592953,-0.0,-0.0,-0.1779296780218585,0.0,0.0,0.3475073313782985,22.0771797811744
182,20,cx4xx3np,61576d2fde97a7adb4b6a193,0,49,52,post_exp,Demographics,2026-01-17 21:28:27.073012,1,,,1213.01,20,,113.14,-0.14465836876349872,,treatment,,0.0,12,1,1.0,,free_data,55.0,43.0,"[{""type"":""page-load"",""detail"":{""path"":""/p/cx4xx3np/main/Trade/27""},""ts"":""2026-01-17T21:37:26.946Z""},{""type"":""click"",""detail"":{""tag"":""INPUT"",""name"":""investment_amount"",""id"":""id_investment_amount"",""type"":""text""},""ts"":""2026-01-17T21:37:38.760Z""},{""type"":""input"",""detail"":{""tag"":""INPUT"",""name"":""investment_amount"",""id"":""id_investment_amount"",""type"":""text""},""ts"":""2026-01-17T21:37:39.528Z""},{""type"":""click"",""detail"":{""tag"":""LABEL"",""name"":null,""id"":null,""type"":null},""ts"":""2026-01-17T21:37:41.608Z""},{""type"":""click"",""detail"":{""tag"":""INPUT"",""name"":""imbalance_informative"",""id"":""id_imbalance_informative-0"",""type"":""radio""},""ts"":""2026-01-17T21:37:41.608Z""},{""type"":""input"",""detail"":{""tag"":""INPUT"",""name"":""imbalance_informative"",""id"":""id_imbalance_informative-0"",""type"":""radio""},""ts"":""2026-01-17T21:37:41.608Z""},{""type"":""click"",""detail"":{""tag"":""INPUT"",""name"":""return_forecast"",""id"":""id_return_forecast"",""type"":""text""},""ts"":""2026-01-17T21:37:42.151Z""},{""type"":""input"",""detail"":{""tag"":""INPUT"",""name"":""return_forecast"",""id"":""id_return_forecast"",""type"":""text""},""ts"":""2026-01-17T21:37:43.713Z""},{""type"":""input"",""detail"":{""tag"":""INPUT"",""name"":""return_forecast"",""id"":""id_return_forecast"",""type"":""text""},""ts"":""2026-01-17T21:37:44.268Z""},{""type"":""window-blur"",""detail"":{},""ts"":""2026-01-17T21:37:44.566Z""},{""type"":""window-focus"",""detail"":{},""ts"":""2026-01-17T21:37:45.244Z""},{""type"":""click"",""detail"":{""tag"":""BUTTON"",""name"":null,""id"":null,""type"":""submit""},""ts"":""2026-01-17T21:37:45.247Z""},{""type"":""form-submit"",""detail"":{},""ts"":""2026-01-17T21:37:45.252Z""}]",1.0,22.0771797811744,1.0,112.14,2.0,113.14,,0,151ug4w3,,,,,0,1,0,1.0,0,-1.0471202371825696,0,,,,1.5719933986365178,7.0,1.3859447685699473,0,0.55,-0.1779296780218585,2.157059433755005,13.0320504897888,13.4234317844869,-2.21137743569188,8.75461432690917,22.0771797811744,-1.4073466843642097,1.9678921646592953,-0.1779296780218585,-0.0,-0.1779296780218585,2.157059433755005,0.0,2.4711632453567898,20.9228202188256
183,22,gi3vvfez,676e6f5eb2e5690f74382e58,0,52,52,post_exp,FinalForProlific,2026-01-17 21:30:49.464898,1,,,114.35,22,,123.08,-0.14465836876349872,,treatment,,0.0,13,1,0.0,,free_data,100.0,15.0,"[{""type"":""page-load"",""detail"":{""path"":""/p/gi3vvfez/main/Trade/27""},""ts"":""2026-01-17T21:44:46.878Z""},{""type"":""click"",""detail"":{""tag"":""INPUT"",""name"":""investment_amount"",""id"":""id_investment_amount"",""type"":""text""},""ts"":""2026-01-17T21:45:01.557Z""},{""type"":""input"",""detail"":{""tag"":""INPUT"",""name"":""investment_amount"",""id"":""id_investment_amount"",""type"":""text""},""ts"":""2026-01-17T21:45:02.320Z""},{""type"":""click"",""detail"":{""tag"":""INPUT"",""name"":""imbalance_informative"",""id"":""id_imbalance_informative-0"",""type"":""radio""},""ts"":""2026-01-17T21:45:04.065Z""},{""type"":""input"",""detail"":{""tag"":""INPUT"",""name"":""imbalance_informative"",""id"":""id_imbalance_informative-0"",""type"":""radio""},""ts"":""2026-01-17T21:45:04.065Z""},{""type"":""click"",""detail"":{""tag"":""INPUT"",""name"":""return_forecast"",""id"":""id_return_forecast"",""type"":""text""},""ts"":""2026-01-17T21:45:05.054Z""},{""type"":""input"",""detail"":{""tag"":""INPUT"",""name"":""return_forecast"",""id"":""id_return_forecast"",""type"":""text""},""ts"":""2026-01-17T21:45:14.475Z""},{""type"":""click"",""detail"":{""tag"":""BUTTON"",""name"":null,""id"":null,""type"":""submit""},""ts"":""2026-01-17T21:45:17.486Z""},{""type"":""form-submit"",""detail"":{},""ts"":""2026-01-17T21:45:17.487Z""}]",1.0,22.0771797811744,1.0,122.08,1.0,123.08,,0,151ug4w3,,,,,0,1,0,0.0,0,0.392670088943464,0,0.0,0.36890259348753185,0.0,0.4912479370739118,3.0,-1.366695535673143,0,1.0,-0.1779296780218585,2.157059433755005,13.0320504897888,13.4234317844869,-2.21137743569188,8.75461432690917,22.0771797811744,-1.4073466843642097,1.9678921646592953,-0.0,-0.0,-0.1779296780218585,0.0,0.0,0.241324535679374,7.077179781174401
184,24,1li97jle,563f734bcbd4c60005dc9442,0,49,52,post_exp,Demographics,2026-01-17 21:34:31.158499,1,,,1302.85,24,,122.08,-0.14465836876349872,,treatment,,0.0,10,1,0.0,,free_data,100.0,45.0,"[{""type"":""page-load"",""detail"":{""path"":""/p/1li97jle/main/Trade/27""},""ts"":""2026-01-17T21:40:02.121Z""},{""type"":""click"",""detail"":{""tag"":""INPUT"",""name"":""investment_amount"",""id"":""id_investment_amount"",""type"":""text""},""ts"":""2026-01-17T21:40:06.290Z""},{""type"":""input"",""detail"":{""tag"":""INPUT"",""name"":""investment_amount"",""id"":""id_investment_amount"",""type"":""text""},""ts"":""2026-01-17T21:40:07.508Z""},{""type"":""click"",""detail"":{""tag"":""INPUT"",""name"":""imbalance_informative"",""id"":""id_imbalance_informative-1"",""type"":""radio""},""ts"":""2026-01-17T21:40:08.988Z""},{""type"":""input"",""detail"":{""tag"":""INPUT"",""name"":""imbalance_informative"",""id"":""id_imbalance_informative-1"",""type"":""radio""},""ts"":""2026-01-17T21:40:08.988Z""},{""type"":""click"",""detail"":{""tag"":""INPUT"",""name"":""return_forecast"",""id"":""id_return_forecast"",""type"":""text""},""ts"":""2026-01-17T21:40:09.964Z""},{""type"":""input"",""detail"":{""tag"":""INPUT"",""name"":""return_forecast"",""id"":""id_return_forecast"",""type"":""text""},""ts"":""2026-01-17T21:40:11.442Z""},{""type"":""click"",""detail"":{""tag"":""BUTTON"",""name"":null,""id"":null,""type"":""submit""},""ts"":""2026-01-17T21:40:12.219Z""},{""type"":""form-submit"",""detail"":{},""ts"":""2026-01-17T21:40:12.223Z""}]",0.0,22.0771797811744,1.0,122.08,2.0,122.08,,0,151ug4w3,,,,,0,1,0,0.0,0,0.392670088943464,0,,,,-1.129870255269997,7.0,0.3272369592456818,0,1.0,-0.1779296780218585,2.157059433755005,13.0320504897888,13.4234317844869,-2.21137743569188,8.75461432690917,22.0771797811744,-1.4073466843642097,1.9678921646592953,-0.0,-0.0,-0.1779296780218585,0.0,0.0,1.2766067937438883,22.9228202188256
185,26,8vxh54dk,672eda41e28ba46f845249df,0,52,52,post_exp,FinalForProlific,2026-01-17 21:37:19.026422,1,,,108.92,26,,118.66,-0.14465836876349872,,treatment,,0.0,6,1,1.0,,free_data,80.0,40.0,"[{""type"":""page-load"",""detail"":{""path"":""/p/8vxh54dk/main/Trade/27""},""ts"":""2026-01-17T21:47:51.828Z""},{""type"":""right-click"",""detail"":{""x"":826,""y"":483,""target"":""IMG""},""ts"":""2026-01-17T21:47:52.840Z""},{""type"":""contextmenu"",""detail"":{""x"":826,""y"":483,""target"":""IMG""},""ts"":""2026-01-17T21:47:52.918Z""},{""type"":""window-blur"",""detail"":{},""ts"":""2026-01-17T21:47:54.337Z""},{""type"":""visibilitychange"",""detail"":{""state"":""hidden""},""ts"":""2026-01-17T21:47:54.343Z""},{""type"":""visibilitychange"",""detail"":{""state"":""visible""},""ts"":""2026-01-17T21:48:11.186Z""},{""type"":""window-focus"",""detail"":{},""ts"":""2026-01-17T21:48:11.197Z""},{""type"":""click"",""detail"":{""tag"":""INPUT"",""name"":""investment_amount"",""id"":""id_investment_amount"",""type"":""text""},""ts"":""2026-01-17T21:48:14.122Z""},{""type"":""input"",""detail"":{""tag"":""INPUT"",""name"":""investment_amount"",""id"":""id_investment_amount"",""type"":""text""},""ts"":""2026-01-17T21:48:15.316Z""},{""type"":""input"",""detail"":{""tag"":""INPUT"",""name"":""investment_amount"",""id"":""id_investment_amount"",""type"":""text""},""ts"":""2026-01-17T21:48:15.875Z""},{""type"":""click"",""detail"":{""tag"":""INPUT"",""name"":""imbalance_informative"",""id"":""id_imbalance_informative-0"",""type"":""radio""},""ts"":""2026-01-17T21:48:17.550Z""},{""type"":""input"",""detail"":{""tag"":""INPUT"",""name"":""imbalance_informative"",""id"":""id_imbalance_informative-0"",""type"":""radio""},""ts"":""2026-01-17T21:48:17.550Z""},{""type"":""click"",""detail"":{""tag"":""INPUT"",""name"":""return_forecast"",""id"":""id_return_forecast"",""type"":""text""},""ts"":""2026-01-17T21:48:18.358Z""},{""type"":""window-blur"",""detail"":{},""ts"":""2026-01-17T21:48:19.857Z""},{""type"":""visibilitychange"",""detail"":{""state"":""hidden""},""ts"":""2026-01-17T21:48:19.899Z""},{""type"":""visibilitychange"",""detail"":{""state"":""visible""},""ts"":""2026-01-17T21:48:26.085Z""},{""type"":""window-focus"",""detail"":{},""ts"":""2026-01-17T21:48:26.098Z""},{""type"":""input"",""detail"":{""tag"":""INPUT"",""name"":""return_forecast"",""id"":""id_return_forecast"",""type"":""text""},""ts"":""2026-01-17T21:48:27.723Z""},{""type"":""click"",""detail"":{""tag"":""BUTTON"",""name"":null,""id"":null,""type"":""submit""},""ts"":""2026-01-17T21:48:28.998Z""},{""type"":""form-submit"",""detail"":{},""ts"":""2026-01-17T21:48:28.999Z""}]",1.0,22.0771797811744,1.0,117.66,5.0,118.66,,0,151ug4w3,,,,,0,1,0,1.0,0,0.392670088943464,1,1.0,2.485556818415995,1.0,-1.129870255269997,8.0,0.7507200829753884,0,0.8,-0.1779296780218585,2.157059433755005,13.0320504897888,13.4234317844869,-2.21137743569188,8.75461432690917,22.0771797811744,-1.4073466843642097,1.9678921646592953,-0.1779296780218585,-0.0,-0.1779296780218585,2.157059433755005,0.0,1.2766067937438883,17.9228202188256
186,27,iwq8bj53,6272b9dfc470a51d5fa0e6ea,0,52,52,post_exp,FinalForProlific,2026-01-17 21:42:24.321475,1,,,114.56,27,,123.08,-0.14465836876349872,,treatment,,0.0,12,1,0.0,,free_data,100.0,10.0,"[{""type"":""page-load"",""detail"":{""path"":""/p/iwq8bj53/main/Trade/27""},""ts"":""2026-01-17T21:54:04.524Z""},{""type"":""click"",""detail"":{""tag"":""INPUT"",""name"":""investment_amount"",""id"":""id_investment_amount"",""type"":""text""},""ts"":""2026-01-17T21:54:20.695Z""},{""type"":""input"",""detail"":{""tag"":""INPUT"",""name"":""investment_amount"",""id"":""id_investment_amount"",""type"":""text""},""ts"":""2026-01-17T21:54:21.096Z""},{""type"":""input"",""detail"":{""tag"":""INPUT"",""name"":""investment_amount"",""id"":""id_investment_amount"",""type"":""text""},""ts"":""2026-01-17T21:54:21.746Z""},{""type"":""click"",""detail"":{""tag"":""INPUT"",""name"":""imbalance_informative"",""id"":""id_imbalance_informative-0"",""type"":""radio""},""ts"":""2026-01-17T21:54:24.472Z""},{""type"":""input"",""detail"":{""tag"":""INPUT"",""name"":""imbalance_informative"",""id"":""id_imbalance_informative-0"",""type"":""radio""},""ts"":""2026-01-17T21:54:24.472Z""},{""type"":""click"",""detail"":{""tag"":""INPUT"",""name"":""return_forecast"",""id"":""id_return_forecast"",""type"":""text""},""ts"":""2026-01-17T21:54:25.168Z""},{""type"":""input"",""detail"":{""tag"":""INPUT"",""name"":""return_forecast"",""id"":""id_return_forecast"",""type"":""text""},""ts"":""2026-01-17T21:54:25.405Z""},{""type"":""input"",""detail"":{""tag"":""INPUT"",""name"":""return_forecast"",""id"":""id_return_forecast"",""type"":""text""},""ts"":""2026-01-17T21:54:26.016Z""},{""type"":""click"",""detail"":{""tag"":""BUTTON"",""name"":null,""id"":null,""type"":""submit""},""ts"":""2026-01-17T21:54:27.490Z""},{""type"":""form-submit"",""detail"":{},""ts"":""2026-01-17T21:54:27.490Z""}]",1.0,22.0771797811744,1.0,122.08,1.0,123.08,,0,151ug4w3,,,,,0,1,0,0.0,0,0.392670088943464,0,1.0,0.4535687624846704,1.0,0.4912479370739118,7.0,0.3272369592456818,0,1.0,-0.1779296780218585,2.157059433755005,13.0320504897888,13.4234317844869,-2.21137743569188,8.75461432690917,22.0771797811744,-1.4073466843642097,1.9678921646592953,-0.0,-0.0,-0.1779296780218585,0.0,0.0,0.241324535679374,12.0771797811744
187,28,5uy60pw0,5d6349209b22da000117b1bd,0,52,52,post_exp,FinalForProlific,2026-01-17 21:44:53.042884,1,,,109.31,28,,123.08,-0.14465836876349872,,treatment,,0.0,4,1,1.0,,free_data,100.0,40.0,"[{""type"":""page-load"",""detail"":{""path"":""/p/5uy60pw0/main/Trade/27""},""ts"":""2026-01-17T21:58:39.817Z""},{""type"":""click"",""detail"":{""tag"":""LABEL"",""name"":null,""id"":null,""type"":null},""ts"":""2026-01-17T21:58:56.536Z""},{""type"":""click"",""detail"":{""tag"":""INPUT"",""name"":""return_forecast"",""id"":""id_return_forecast"",""type"":""text""},""ts"":""2026-01-17T21:58:56.538Z""},{""type"":""input"",""detail"":{""tag"":""INPUT"",""name"":""return_forecast"",""id"":""id_return_forecast"",""type"":""text""},""ts"":""2026-01-17T21:58:57.724Z""},{""type"":""input"",""detail"":{""tag"":""INPUT"",""name"":""return_forecast"",""id"":""id_return_forecast"",""type"":""text""},""ts"":""2026-01-17T21:58:58.355Z""},{""type"":""click"",""detail"":{""tag"":""INPUT"",""name"":""imbalance_informative"",""id"":""id_imbalance_informative-0"",""type"":""radio""},""ts"":""2026-01-17T21:59:01.855Z""},{""type"":""input"",""detail"":{""tag"":""INPUT"",""name"":""imbalance_informative"",""id"":""id_imbalance_informative-0"",""type"":""radio""},""ts"":""2026-01-17T21:59:01.855Z""},{""type"":""click"",""detail"":{""tag"":""INPUT"",""name"":""investment_amount"",""id"":""id_investment_amount"",""type"":""text""},""ts"":""2026-01-17T21:59:02.882Z""},{""type"":""input"",""detail"":{""tag"":""INPUT"",""name"":""investment_amount"",""id"":""id_investment_amount"",""type"":""text""},""ts"":""2026-01-17T21:59:03.568Z""},{""type"":""input"",""detail"":{""tag"":""INPUT"",""name"":""investment_amount"",""id"":""id_investment_amount"",""type"":""text""},""ts"":""2026-01-17T21:59:04.305Z""},{""type"":""click"",""detail"":{""tag"":""BUTTON"",""name"":null,""id"":null,""type"":""submit""},""ts"":""2026-01-17T21:59:06.469Z""},{""type"":""form-submit"",""detail"":{},""ts"":""2026-01-17T21:59:06.470Z""}]",1.0,22.0771797811744,1.0,122.08,4.0,123.08,,0,151ug4w3,,,,,0,1,0,1.0,0,0.392670088943464,0,0.0,0.36890259348753185,0.0,-0.04912479370739113,7.0,0.3272369592456818,0,1.0,-0.1779296780218585,2.157059433755005,13.0320504897888,13.4234317844869,-2.21137743569188,8.75461432690917,22.0771797811744,-1.4073466843642097,1.9678921646592953,-0.1779296780218585,-0.0,-0.1779296780218585,2.157059433755005,0.0,0.0024132453567937352,17.9228202188256
188,29,r8rvnx27,60e769ec9858960e8ad00886,0,52,52,post_exp,FinalForProlific,2026-01-17 21:45:48.803289,1,,,114.24,29,,123.08,-0.14465836876349872,,control,,0.0,4,1,-1.0,,free_data,100.0,20.0,"[{""type"":""page-load"",""detail"":{""path"":""/p/r8rvnx27/main/Trade/27""},""ts"":""2026-01-17T21:57:01.970Z""},{""type"":""click"",""detail"":{""tag"":""INPUT"",""name"":""imbalance_informative"",""id"":""id_imbalance_informative-0"",""type"":""radio""},""ts"":""2026-01-17T21:57:06.441Z""},{""type"":""input"",""detail"":{""tag"":""INPUT"",""name"":""imbalance_informative"",""id"":""id_imbalance_informative-0"",""type"":""radio""},""ts"":""2026-01-17T21:57:06.441Z""},{""type"":""click"",""detail"":{""tag"":""INPUT"",""name"":""investment_amount"",""id"":""id_investment_amount"",""type"":""text""},""ts"":""2026-01-17T21:57:06.978Z""},{""type"":""input"",""detail"":{""tag"":""INPUT"",""name"":""investment_amount"",""id"":""id_investment_amount"",""type"":""text""},""ts"":""2026-01-17T21:57:08.027Z""},{""type"":""input"",""detail"":{""tag"":""INPUT"",""name"":""investment_amount"",""id"":""id_investment_amount"",""type"":""text""},""ts"":""2026-01-17T21:57:08.567Z""},{""type"":""click"",""detail"":{""tag"":""INPUT"",""name"":""return_forecast"",""id"":""id_return_forecast"",""type"":""text""},""ts"":""2026-01-17T21:57:10.103Z""},{""type"":""input"",""detail"":{""tag"":""INPUT"",""name"":""return_forecast"",""id"":""id_return_forecast"",""type"":""text""},""ts"":""2026-01-17T21:57:10.626Z""},{""type"":""input"",""detail"":{""tag"":""INPUT"",""name"":""return_forecast"",""id"":""id_return_forecast"",""type"":""text""},""ts"":""2026-01-17T21:57:11.137Z""},{""type"":""click"",""detail"":{""tag"":""BUTTON"",""name"":null,""id"":null,""type"":""submit""},""ts"":""2026-01-17T21:57:12.182Z""},{""type"":""form-submit"",""detail"":{},""ts"":""2026-01-17T21:57:12.185Z""}]",1.0,22.0771797811744,1.0,122.08,6.0,123.08,,0,151ug4w3,,,,,0,0,0,-0.0,0,-0.08726001976521408,0,0.0,0.7922334384732245,0.0,0.4912479370739118,0.0,-2.2842423037541724,0,1.0,-0.1779296780218585,2.157059433755005,13.0320504897888,13.4234317844869,-2.21137743569188,8.75461432690917,22.0771797811744,-1.4073466843642097,1.9678921646592953,0.0,-0.0,-0.0,-0.0,0.0,0.241324535679374,2.077179781174401
189,30,9ioh8yjj,5a501c26eedc32000141f4f2,0,52,52,post_exp,FinalForProlific,2026-01-17 21:52:21.858087,1,,,110.45,30,,111.04,-0.14465836876349872,,treatment,,0.0,11,1,0.0,,free_data,50.0,50.0,"[{""type"":""page-load"",""detail"":{""path"":""/p/9ioh8yjj/main/Trade/27""},""ts"":""2026-01-17T22:44:13.716Z""},{""type"":""click"",""detail"":{""tag"":""INPUT"",""name"":""investment_amount"",""id"":""id_investment_amount"",""type"":""text""},""ts"":""2026-01-17T22:44:19.609Z""},{""type"":""input"",""detail"":{""tag"":""INPUT"",""name"":""investment_amount"",""id"":""id_investment_amount"",""type"":""text""},""ts"":""2026-01-17T22:44:21.389Z""},{""type"":""click"",""detail"":{""tag"":""LABEL"",""name"":null,""id"":null,""type"":null},""ts"":""2026-01-17T22:44:24.751Z""},{""type"":""click"",""detail"":{""tag"":""INPUT"",""name"":""imbalance_informative"",""id"":""id_imbalance_informative-0"",""type"":""radio""},""ts"":""2026-01-17T22:44:24.752Z""},{""type"":""input"",""detail"":{""tag"":""INPUT"",""name"":""imbalance_informative"",""id"":""id_imbalance_informative-0"",""type"":""radio""},""ts"":""2026-01-17T22:44:24.752Z""},{""type"":""click"",""detail"":{""tag"":""LABEL"",""name"":null,""id"":null,""type"":null},""ts"":""2026-01-17T22:44:25.898Z""},{""type"":""click"",""detail"":{""tag"":""INPUT"",""name"":""imbalance_informative"",""id"":""id_imbalance_informative-1"",""type"":""radio""},""ts"":""2026-01-17T22:44:25.899Z""},{""type"":""input"",""detail"":{""tag"":""INPUT"",""name"":""imbalance_informative"",""id"":""id_imbalance_informative-1"",""type"":""radio""},""ts"":""2026-01-17T22:44:25.899Z""},{""type"":""click"",""detail"":{""tag"":""INPUT"",""name"":""return_forecast"",""id"":""id_return_forecast"",""type"":""text""},""ts"":""2026-01-17T22:44:26.297Z""},{""type"":""input"",""detail"":{""tag"":""INPUT"",""name"":""return_forecast"",""id"":""id_return_forecast"",""type"":""text""},""ts"":""2026-01-17T22:44:27.983Z""},{""type"":""input"",""detail"":{""tag"":""INPUT"",""name"":""return_forecast"",""id"":""id_return_forecast"",""type"":""text""},""ts"":""2026-01-17T22:44:28.628Z""},{""type"":""input"",""detail"":{""tag"":""INPUT"",""name"":""return_forecast"",""id"":""id_return_forecast"",""type"":""text""},""ts"":""2026-01-17T22:44:29.847Z""},{""type"":""right-click"",""detail"":{""x"":146,""y"":427,""target"":""LABEL""},""ts"":""2026-01-17T22:44:30.288Z""},{""type"":""contextmenu"",""detail"":{""x"":146,""y"":426,""target"":""LABEL""},""ts"":""2026-01-17T22:44:30.310Z""},{""type"":""click"",""detail"":{""tag"":""BUTTON"",""name"":null,""id"":null,""type"":""submit""},""ts"":""2026-01-17T22:44:30.872Z""},{""type"":""form-submit"",""detail"":{},""ts"":""2026-01-17T22:44:30.873Z""}]",0.0,22.0771797811744,1.0,111.04,1.0,111.04,,0,151ug4w3,,,,,0,1,0,0.0,0,-2.4869105633086037,0,0.0,-1.409086955452377,1.0,2.1123661294178206,4.0,1.1742032067050947,0,0.5,-0.1779296780218585,2.157059433755005,13.0320504897888,13.4234317844869,-2.21137743569188,8.75461432690917,22.0771797811744,-1.4073466843642097,1.9678921646592953,-0.0,-0.0,-0.1779296780218585,0.0,0.0,4.462090664711625,27.9228202188256
190,31,joi0mcuh,69669328636e175b3d4155dc,0,52,52,post_exp,FinalForProlific,2026-01-17 21:52:45.868789,1,,,111.6,31,,101.0,-0.14465836876349872,,treatment,,0.0,8,1,1.0,,free_data,0.0,20.0,"[{""type"":""page-load"",""detail"":{""path"":""/p/joi0mcuh/main/Trade/27""},""ts"":""2026-01-17T22:08:48.620Z""},{""type"":""click"",""detail"":{""tag"":""INPUT"",""name"":""investment_amount"",""id"":""id_investment_amount"",""type"":""text""},""ts"":""2026-01-17T22:08:59.984Z""},{""type"":""input"",""detail"":{""tag"":""INPUT"",""name"":""investment_amount"",""id"":""id_investment_amount"",""type"":""text""},""ts"":""2026-01-17T22:09:00.706Z""},{""type"":""click"",""detail"":{""tag"":""INPUT"",""name"":""imbalance_informative"",""id"":""id_imbalance_informative-0"",""type"":""radio""},""ts"":""2026-01-17T22:09:02.752Z""},{""type"":""input"",""detail"":{""tag"":""INPUT"",""name"":""imbalance_informative"",""id"":""id_imbalance_informative-0"",""type"":""radio""},""ts"":""2026-01-17T22:09:02.752Z""},{""type"":""click"",""detail"":{""tag"":""INPUT"",""name"":""return_forecast"",""id"":""id_return_forecast"",""type"":""text""},""ts"":""2026-01-17T22:09:38.835Z""},{""type"":""input"",""detail"":{""tag"":""INPUT"",""name"":""return_forecast"",""id"":""id_return_forecast"",""type"":""text""},""ts"":""2026-01-17T22:09:39.499Z""},{""type"":""click"",""detail"":{""tag"":""BUTTON"",""name"":null,""id"":null,""type"":""submit""},""ts"":""2026-01-17T22:09:40.901Z""},{""type"":""form-submit"",""detail"":{},""ts"":""2026-01-17T22:09:40.902Z""}]",1.0,22.0771797811744,1.0,100.0,4.0,101.0,,0,151ug4w3,,,,,0,1,0,1.0,0,1.3525303063608196,0,0.0,-0.22376058949243777,1.0,2.1123661294178206,8.0,0.044914876759211554,0,0.0,-0.1779296780218585,2.157059433755005,13.0320504897888,13.4234317844869,-2.21137743569188,8.75461432690917,22.0771797811744,-1.4073466843642097,1.9678921646592953,-0.1779296780218585,-0.0,-0.1779296780218585,2.157059433755005,0.0,4.462090664711625,2.077179781174401
191,33,4tbjlhuv,598c4b28cceb0f0001b39675,0,52,52,post_exp,FinalForProlific,2026-01-17 21:57:26.669322,1,,,111.62,33,,108.83,-0.14465836876349872,,control,,0.0,6,1,-1.0,,free_data,40.0,50.0,"[{""type"":""page-load"",""detail"":{""path"":""/p/4tbjlhuv/main/Trade/27""},""ts"":""2026-01-17T22:08:53.226Z""},{""type"":""click"",""detail"":{""tag"":""INPUT"",""name"":""return_forecast"",""id"":""id_return_forecast"",""type"":""text""},""ts"":""2026-01-17T22:08:57.047Z""},{""type"":""input"",""detail"":{""tag"":""INPUT"",""name"":""return_forecast"",""id"":""id_return_forecast"",""type"":""text""},""ts"":""2026-01-17T22:08:57.616Z""},{""type"":""click"",""detail"":{""tag"":""BUTTON"",""name"":null,""id"":null,""type"":""submit""},""ts"":""2026-01-17T22:08:58.701Z""},{""type"":""form-submit"",""detail"":{},""ts"":""2026-01-17T22:08:58.701Z""}]",0.0,22.0771797811744,1.0,108.83,4.0,108.83,,0,151ug4w3,,,,,0,0,0,-0.0,0,0.8726001976521415,0,0.0,0.4535687624846704,1.0,-1.129870255269997,7.0,-0.025665643862406367,0,0.4,-0.1779296780218585,2.157059433755005,13.0320504897888,13.4234317844869,-2.21137743569188,8.75461432690917,22.0771797811744,-1.4073466843642097,1.9678921646592953,0.0,-0.0,-0.0,-0.0,0.0,1.2766067937438883,27.9228202188256
192,34,4pzjsb2b,67580f69a9a3cb759240904b,0,52,52,post_exp,FinalForProlific,2026-01-17 21:58:30.170718,1,,,106.49,34,,101.0,-0.14465836876349872,,treatment,,0.0,10,1,0.0,,free_data,0.0,-5.0,"[{""type"":""page-load"",""detail"":{""path"":""/p/4pzjsb2b/main/Trade/27""},""ts"":""2026-01-17T22:06:41.360Z""},{""type"":""click"",""detail"":{""tag"":""INPUT"",""name"":""investment_amount"",""id"":""id_investment_amount"",""type"":""text""},""ts"":""2026-01-17T22:06:49.857Z""},{""type"":""input"",""detail"":{""tag"":""INPUT"",""name"":""investment_amount"",""id"":""id_investment_amount"",""type"":""text""},""ts"":""2026-01-17T22:06:50.542Z""},{""type"":""click"",""detail"":{""tag"":""INPUT"",""name"":""imbalance_informative"",""id"":""id_imbalance_informative-1"",""type"":""radio""},""ts"":""2026-01-17T22:06:52.081Z""},{""type"":""input"",""detail"":{""tag"":""INPUT"",""name"":""imbalance_informative"",""id"":""id_imbalance_informative-1"",""type"":""radio""},""ts"":""2026-01-17T22:06:52.081Z""},{""type"":""click"",""detail"":{""tag"":""INPUT"",""name"":""return_forecast"",""id"":""id_return_forecast"",""type"":""text""},""ts"":""2026-01-17T22:06:53.752Z""},{""type"":""input"",""detail"":{""tag"":""INPUT"",""name"":""return_forecast"",""id"":""id_return_forecast"",""type"":""text""},""ts"":""2026-01-17T22:06:55.157Z""},{""type"":""input"",""detail"":{""tag"":""INPUT"",""name"":""return_forecast"",""id"":""id_return_forecast"",""type"":""text""},""ts"":""2026-01-17T22:06:55.790Z""},{""type"":""click"",""detail"":{""tag"":""INPUT"",""name"":""imbalance_informative"",""id"":""id_imbalance_informative-0"",""type"":""radio""},""ts"":""2026-01-17T22:06:56.947Z""},{""type"":""input"",""detail"":{""tag"":""INPUT"",""name"":""imbalance_informative"",""id"":""id_imbalance_informative-0"",""type"":""radio""},""ts"":""2026-01-17T22:06:56.947Z""},{""type"":""click"",""detail"":{""tag"":""BUTTON"",""name"":null,""id"":null,""type"":""submit""},""ts"":""2026-01-17T22:06:58.480Z""},{""type"":""form-submit"",""detail"":{},""ts"":""2026-01-17T22:06:58.481Z""}]",1.0,22.0771797811744,1.0,100.0,1.0,101.0,,0,151ug4w3,,,,,0,1,0,0.0,0,1.3525303063608196,0,0.0,1.3002304524560555,1.0,-1.129870255269997,7.0,-0.378568246970495,0,0.0,-0.1779296780218585,2.157059433755005,13.0320504897888,13.4234317844869,-2.21137743569188,8.75461432690917,22.0771797811744,-1.4073466843642097,1.9678921646592953,-0.0,-0.0,-0.1779296780218585,0.0,0.0,1.2766067937438883,27.0771797811744
193,35,fcwg96au,5848ad3bdb871400012da095,0,52,52,post_exp,FinalForProlific,2026-01-17 22:00:16.297158,1,,,108.19,35,,106.52,-0.14465836876349872,,treatment,,0.0,10,1,1.0,,free_data,25.0,-7.0,"[{""type"":""page-load"",""detail"":{""path"":""/p/fcwg96au/main/Trade/27""},""ts"":""2026-01-17T22:09:11.646Z""},{""type"":""click"",""detail"":{""tag"":""INPUT"",""name"":""investment_amount"",""id"":""id_investment_amount"",""type"":""text""},""ts"":""2026-01-17T22:09:17.278Z""},{""type"":""input"",""detail"":{""tag"":""INPUT"",""name"":""investment_amount"",""id"":""id_investment_amount"",""type"":""text""},""ts"":""2026-01-17T22:09:18.031Z""},{""type"":""click"",""detail"":{""tag"":""LABEL"",""name"":null,""id"":null,""type"":null},""ts"":""2026-01-17T22:09:22.421Z""},{""type"":""click"",""detail"":{""tag"":""INPUT"",""name"":""imbalance_informative"",""id"":""id_imbalance_informative-0"",""type"":""radio""},""ts"":""2026-01-17T22:09:22.422Z""},{""type"":""input"",""detail"":{""tag"":""INPUT"",""name"":""imbalance_informative"",""id"":""id_imbalance_informative-0"",""type"":""radio""},""ts"":""2026-01-17T22:09:22.422Z""},{""type"":""click"",""detail"":{""tag"":""INPUT"",""name"":""imbalance_informative"",""id"":""id_imbalance_informative-1"",""type"":""radio""},""ts"":""2026-01-17T22:09:22.909Z""},{""type"":""input"",""detail"":{""tag"":""INPUT"",""name"":""imbalance_informative"",""id"":""id_imbalance_informative-1"",""type"":""radio""},""ts"":""2026-01-17T22:09:22.909Z""},{""type"":""click"",""detail"":{""tag"":""INPUT"",""name"":""imbalance_informative"",""id"":""id_imbalance_informative-0"",""type"":""radio""},""ts"":""2026-01-17T22:09:23.347Z""},{""type"":""input"",""detail"":{""tag"":""INPUT"",""name"":""imbalance_informative"",""id"":""id_imbalance_informative-0"",""type"":""radio""},""ts"":""2026-01-17T22:09:23.347Z""},{""type"":""click"",""detail"":{""tag"":""INPUT"",""name"":""return_forecast"",""id"":""id_return_forecast"",""type"":""text""},""ts"":""2026-01-17T22:09:24.183Z""},{""type"":""input"",""detail"":{""tag"":""INPUT"",""name"":""return_forecast"",""id"":""id_return_forecast"",""type"":""text""},""ts"":""2026-01-17T22:09:24.776Z""},{""type"":""click"",""detail"":{""tag"":""BUTTON"",""name"":null,""id"":null,""type"":""submit""},""ts"":""2026-01-17T22:09:26.400Z""},{""type"":""form-submit"",""detail"":{},""ts"":""2026-01-17T22:09:26.401Z""}]",1.0,22.0771797811744,1.0,105.52,4.0,106.52,,0,151ug4w3,,,,,0,1,0,1.0,0,-0.08726001976521408,1,0.0,-0.3084267584895763,1.0,1.0316206678552147,1.0,-1.8607591800244665,0,0.25,-0.1779296780218585,2.157059433755005,13.0320504897888,13.4234317844869,-2.21137743569188,8.75461432690917,22.0771797811744,-1.4073466843642097,1.9678921646592953,-0.1779296780218585,-0.0,-0.1779296780218585,2.157059433755005,0.0,1.0642412023460393,29.0771797811744
194,37,4d34f1nl,692f221e98e3cdcf10465812,0,52,52,post_exp,FinalForProlific,2026-01-17 22:07:34.984862,1,,,112.1,37,,109.83,-0.14465836876349872,,control,,0.0,6,1,-1.0,,free_data,40.0,20.0,"[{""type"":""page-load"",""detail"":{""path"":""/p/4d34f1nl/main/Trade/27""},""ts"":""2026-01-17T22:29:55.565Z""},{""type"":""window-blur"",""detail"":{},""ts"":""2026-01-17T22:29:57.802Z""},{""type"":""visibilitychange"",""detail"":{""state"":""hidden""},""ts"":""2026-01-17T22:29:57.803Z""},{""type"":""visibilitychange"",""detail"":{""state"":""visible""},""ts"":""2026-01-17T22:30:09.729Z""},{""type"":""window-focus"",""detail"":{},""ts"":""2026-01-17T22:30:09.734Z""},{""type"":""click"",""detail"":{""tag"":""INPUT"",""name"":""investment_amount"",""id"":""id_investment_amount"",""type"":""text""},""ts"":""2026-01-17T22:30:10.624Z""},{""type"":""input"",""detail"":{""tag"":""INPUT"",""name"":""investment_amount"",""id"":""id_investment_amount"",""type"":""text""},""ts"":""2026-01-17T22:30:10.921Z""},{""type"":""click"",""detail"":{""tag"":""LABEL"",""name"":null,""id"":null,""type"":null},""ts"":""2026-01-17T22:30:12.116Z""},{""type"":""click"",""detail"":{""tag"":""INPUT"",""name"":""imbalance_informative"",""id"":""id_imbalance_informative-0"",""type"":""radio""},""ts"":""2026-01-17T22:30:12.117Z""},{""type"":""input"",""detail"":{""tag"":""INPUT"",""name"":""imbalance_informative"",""id"":""id_imbalance_informative-0"",""type"":""radio""},""ts"":""2026-01-17T22:30:12.117Z""},{""type"":""click"",""detail"":{""tag"":""INPUT"",""name"":""return_forecast"",""id"":""id_return_forecast"",""type"":""text""},""ts"":""2026-01-17T22:30:12.565Z""},{""type"":""input"",""detail"":{""tag"":""INPUT"",""name"":""return_forecast"",""id"":""id_return_forecast"",""type"":""text""},""ts"":""2026-01-17T22:30:13.354Z""},{""type"":""input"",""detail"":{""tag"":""INPUT"",""name"":""return_forecast"",""id"":""id_return_forecast"",""type"":""text""},""ts"":""2026-01-17T22:30:14.371Z""},{""type"":""window-blur"",""detail"":{},""ts"":""2026-01-17T22:30:15.234Z""},{""type"":""visibilitychange"",""detail"":{""state"":""hidden""},""ts"":""2026-01-17T22:30:15.234Z""},{""type"":""visibilitychange"",""detail"":{""state"":""visible""},""ts"":""2026-01-17T22:30:16.503Z""},{""type"":""window-focus"",""detail"":{},""ts"":""2026-01-17T22:30:16.508Z""},{""type"":""click"",""detail"":{""tag"":""BUTTON"",""name"":null,""id"":null,""type"":""submit""},""ts"":""2026-01-17T22:30:17.748Z""},{""type"":""form-submit"",""detail"":{},""ts"":""2026-01-17T22:30:17.748Z""}]",1.0,22.0771797811744,1.0,108.83,2.0,109.83,,0,151ug4w3,,,,,0,0,0,-0.0,0,-0.08726001976521408,0,0.0,-1.7477516314409312,0.0,-0.5894975244886941,7.0,0.6801395623537705,0,0.4,-0.1779296780218585,2.157059433755005,13.0320504897888,13.4234317844869,-2.21137743569188,8.75461432690917,22.0771797811744,-1.4073466843642097,1.9678921646592953,0.0,-0.0,-0.0,-0.0,0.0,0.3475073313782985,2.077179781174401
195,38,d8aqe2fa,650b03136ab3d4c832d98b71,0,52,52,post_exp,FinalForProlific,2026-01-17 22:08:13.439724,1,,,118.99,38,,119.66,-0.14465836876349872,,treatment,,0.0,5,1,0.0,,free_data,80.0,22.0,"[{""type"":""page-load"",""detail"":{""path"":""/p/d8aqe2fa/main/Trade/27""},""ts"":""2026-01-17T22:19:29.647Z""},{""type"":""copy"",""detail"":{""types"":[],""hasImage"":true,""hasFiles"":false},""ts"":""2026-01-17T22:19:32.161Z""},{""type"":""window-blur"",""detail"":{},""ts"":""2026-01-17T22:19:32.543Z""},{""type"":""window-focus"",""detail"":{},""ts"":""2026-01-17T22:19:33.301Z""},{""type"":""right-click"",""detail"":{""x"":1158,""y"":366,""target"":""IMG""},""ts"":""2026-01-17T22:19:33.633Z""},{""type"":""contextmenu"",""detail"":{""x"":1158,""y"":366,""target"":""IMG""},""ts"":""2026-01-17T22:19:33.683Z""},{""type"":""window-blur"",""detail"":{},""ts"":""2026-01-17T22:19:35.093Z""},{""type"":""window-focus"",""detail"":{},""ts"":""2026-01-17T22:19:42.429Z""},{""type"":""window-blur"",""detail"":{},""ts"":""2026-01-17T22:19:42.436Z""},{""type"":""visibilitychange"",""detail"":{""state"":""hidden""},""ts"":""2026-01-17T22:19:42.440Z""},{""type"":""visibilitychange"",""detail"":{""state"":""visible""},""ts"":""2026-01-17T22:19:52.613Z""},{""type"":""window-focus"",""detail"":{},""ts"":""2026-01-17T22:19:52.616Z""},{""type"":""click"",""detail"":{""tag"":""INPUT"",""name"":""investment_amount"",""id"":""id_investment_amount"",""type"":""text""},""ts"":""2026-01-17T22:19:54.789Z""},{""type"":""input"",""detail"":{""tag"":""INPUT"",""name"":""investment_amount"",""id"":""id_investment_amount"",""type"":""text""},""ts"":""2026-01-17T22:19:55.660Z""},{""type"":""click"",""detail"":{""tag"":""LABEL"",""name"":null,""id"":null,""type"":null},""ts"":""2026-01-17T22:19:57.593Z""},{""type"":""click"",""detail"":{""tag"":""INPUT"",""name"":""imbalance_informative"",""id"":""id_imbalance_informative-0"",""type"":""radio""},""ts"":""2026-01-17T22:19:57.594Z""},{""type"":""input"",""detail"":{""tag"":""INPUT"",""name"":""imbalance_informative"",""id"":""id_imbalance_informative-0"",""type"":""radio""},""ts"":""2026-01-17T22:19:57.594Z""},{""type"":""click"",""detail"":{""tag"":""INPUT"",""name"":""return_forecast"",""id"":""id_return_forecast"",""type"":""text""},""ts"":""2026-01-17T22:19:58.452Z""},{""type"":""input"",""detail"":{""tag"":""INPUT"",""name"":""return_forecast"",""id"":""id_return_forecast"",""type"":""text""},""ts"":""2026-01-17T22:19:58.651Z""},{""type"":""click"",""detail"":{""tag"":""BUTTON"",""name"":null,""id"":null,""type"":""submit""},""ts"":""2026-01-17T22:19:59.903Z""},{""type"":""form-submit"",""detail"":{},""ts"":""2026-01-17T22:19:59.904Z""}]",1.0,22.0771797811744,1.0,117.66,3.0,119.66,,0,151ug4w3,,,,,0,1,0,0.0,0,1.3525303063608196,0,1.0,-0.5624252654809918,0.0,-0.5894975244886941,6.0,-0.8020513707002012,0,0.8,-0.1779296780218585,2.157059433755005,13.0320504897888,13.4234317844869,-2.21137743569188,8.75461432690917,22.0771797811744,-1.4073466843642097,1.9678921646592953,-0.0,-0.0,-0.1779296780218585,0.0,0.0,0.3475073313782985,0.07717978117440083
196,39,35jj3mv4,666445e5b72745f04a4f57d6,0,52,52,post_exp,FinalForProlific,2026-01-17 22:10:39.908203,1,,,115.9,39,,106.52,-0.14465836876349872,,treatment,,0.0,5,1,1.0,,free_data,25.0,5.0,"[{""type"":""page-load"",""detail"":{""path"":""/p/35jj3mv4/main/Trade/27""},""ts"":""2026-01-17T22:26:19.242Z""},{""type"":""click"",""detail"":{""tag"":""INPUT"",""name"":""imbalance_informative"",""id"":""id_imbalance_informative-0"",""type"":""radio""},""ts"":""2026-01-17T22:26:34.249Z""},{""type"":""input"",""detail"":{""tag"":""INPUT"",""name"":""imbalance_informative"",""id"":""id_imbalance_informative-0"",""type"":""radio""},""ts"":""2026-01-17T22:26:34.249Z""},{""type"":""click"",""detail"":{""tag"":""INPUT"",""name"":""investment_amount"",""id"":""id_investment_amount"",""type"":""text""},""ts"":""2026-01-17T22:26:35.618Z""},{""type"":""input"",""detail"":{""tag"":""INPUT"",""name"":""investment_amount"",""id"":""id_investment_amount"",""type"":""text""},""ts"":""2026-01-17T22:26:37.010Z""},{""type"":""click"",""detail"":{""tag"":""INPUT"",""name"":""return_forecast"",""id"":""id_return_forecast"",""type"":""text""},""ts"":""2026-01-17T22:26:42.325Z""},{""type"":""input"",""detail"":{""tag"":""INPUT"",""name"":""return_forecast"",""id"":""id_return_forecast"",""type"":""text""},""ts"":""2026-01-17T22:26:42.988Z""},{""type"":""click"",""detail"":{""tag"":""BUTTON"",""name"":null,""id"":null,""type"":""submit""},""ts"":""2026-01-17T22:26:45.034Z""},{""type"":""form-submit"",""detail"":{},""ts"":""2026-01-17T22:26:45.038Z""}]",1.0,22.0771797811744,1.0,105.52,2.0,106.52,,0,151ug4w3,,,,,0,1,0,1.0,0,1.3525303063608196,0,0.0,1.215564283458917,1.0,-0.04912479370739113,6.0,-0.8020513707002012,0,0.25,-0.1779296780218585,2.157059433755005,13.0320504897888,13.4234317844869,-2.21137743569188,8.75461432690917,22.0771797811744,-1.4073466843642097,1.9678921646592953,-0.1779296780218585,-0.0,-0.1779296780218585,2.157059433755005,0.0,0.0024132453567937352,17.0771797811744
197,40,7czue3k2,5cad1eef8ed53d00180d2532,0,52,52,post_exp,FinalForProlific,2026-01-17 22:23:11.563870,1,,,110.19,40,,112.04,-0.14465836876349872,,treatment,,0.0,13,1,0.0,,free_data,50.0,50.0,"[{""type"":""page-load"",""detail"":{""path"":""/p/7czue3k2/main/Trade/27""},""ts"":""2026-01-17T22:39:53.759Z""},{""type"":""click"",""detail"":{""tag"":""INPUT"",""name"":""return_forecast"",""id"":""id_return_forecast"",""type"":""text""},""ts"":""2026-01-17T22:40:32.973Z""},{""type"":""input"",""detail"":{""tag"":""INPUT"",""name"":""return_forecast"",""id"":""id_return_forecast"",""type"":""text""},""ts"":""2026-01-17T22:40:33.652Z""},{""type"":""click"",""detail"":{""tag"":""INPUT"",""name"":""investment_amount"",""id"":""id_investment_amount"",""type"":""text""},""ts"":""2026-01-17T22:40:35.506Z""},{""type"":""input"",""detail"":{""tag"":""INPUT"",""name"":""investment_amount"",""id"":""id_investment_amount"",""type"":""text""},""ts"":""2026-01-17T22:40:36.165Z""},{""type"":""click"",""detail"":{""tag"":""INPUT"",""name"":""imbalance_informative"",""id"":""id_imbalance_informative-0"",""type"":""radio""},""ts"":""2026-01-17T22:40:38.004Z""},{""type"":""input"",""detail"":{""tag"":""INPUT"",""name"":""imbalance_informative"",""id"":""id_imbalance_informative-0"",""type"":""radio""},""ts"":""2026-01-17T22:40:38.004Z""},{""type"":""click"",""detail"":{""tag"":""BUTTON"",""name"":null,""id"":null,""type"":""submit""},""ts"":""2026-01-17T22:40:39.937Z""},{""type"":""form-submit"",""detail"":{},""ts"":""2026-01-17T22:40:39.939Z""}]",1.0,22.0771797811744,1.0,111.04,5.0,112.04,,0,151ug4w3,,,,,0,1,0,0.0,0,-2.0069804545999257,1,0.0,-1.1550884484609614,0.0,-0.5894975244886941,2.0,-0.025665643862406367,0,0.5,-0.1779296780218585,2.157059433755005,13.0320504897888,13.4234317844869,-2.21137743569188,8.75461432690917,22.0771797811744,-1.4073466843642097,1.9678921646592953,-0.0,-0.0,-0.1779296780218585,0.0,0.0,0.3475073313782985,27.9228202188256
198,1,0zkzl65f,64df6c0375d740bb235620f5,0,52,52,post_exp,FinalForProlific,2026-01-17 21:20:10.774463,1,,,140.11,1,,110.79,0.14465836876349872,,control,,0.0,11,1,-1.0,,free_data,100.0,14.0,"[{""type"":""page-load"",""detail"":{""path"":""/p/0zkzl65f/main/Trade/30""},""ts"":""2026-01-17T21:34:57.516Z""},{""type"":""window-blur"",""detail"":{},""ts"":""2026-01-17T21:34:58.252Z""},{""type"":""visibilitychange"",""detail"":{""state"":""hidden""},""ts"":""2026-01-17T21:34:58.261Z""},{""type"":""visibilitychange"",""detail"":{""state"":""visible""},""ts"":""2026-01-17T21:35:01.335Z""},{""type"":""window-focus"",""detail"":{},""ts"":""2026-01-17T21:35:01.336Z""},{""type"":""window-blur"",""detail"":{},""ts"":""2026-01-17T21:35:06.004Z""},{""type"":""visibilitychange"",""detail"":{""state"":""hidden""},""ts"":""2026-01-17T21:35:06.014Z""},{""type"":""visibilitychange"",""detail"":{""state"":""visible""},""ts"":""2026-01-17T21:35:06.917Z""},{""type"":""window-focus"",""detail"":{},""ts"":""2026-01-17T21:35:06.917Z""},{""type"":""click"",""detail"":{""tag"":""INPUT"",""name"":""investment_amount"",""id"":""id_investment_amount"",""type"":""text""},""ts"":""2026-01-17T21:35:13.397Z""},{""type"":""input"",""detail"":{""tag"":""INPUT"",""name"":""investment_amount"",""id"":""id_investment_amount"",""type"":""text""},""ts"":""2026-01-17T21:35:13.946Z""},{""type"":""click"",""detail"":{""tag"":""INPUT"",""name"":""imbalance_informative"",""id"":""id_imbalance_informative-0"",""type"":""radio""},""ts"":""2026-01-17T21:35:27.155Z""},{""type"":""input"",""detail"":{""tag"":""INPUT"",""name"":""imbalance_informative"",""id"":""id_imbalance_informative-0"",""type"":""radio""},""ts"":""2026-01-17T21:35:27.155Z""},{""type"":""click"",""detail"":{""tag"":""INPUT"",""name"":""return_forecast"",""id"":""id_return_forecast"",""type"":""text""},""ts"":""2026-01-17T21:35:28.209Z""},{""type"":""input"",""detail"":{""tag"":""INPUT"",""name"":""return_forecast"",""id"":""id_return_forecast"",""type"":""text""},""ts"":""2026-01-17T21:35:30.601Z""},{""type"":""click"",""detail"":{""tag"":""BUTTON"",""name"":null,""id"":null,""type"":""submit""},""ts"":""2026-01-17T21:35:33.543Z""},{""type"":""form-submit"",""detail"":{},""ts"":""2026-01-17T21:35:33.544Z""}]",1.0,9.79071704878857,1.0,109.79,4.0,110.79,,0,151ug4w3,,,,,0,0,0,-0.0,0,1.3525303063608196,0,0.0,-0.8164237724724074,0.0,-0.04912479370739113,3.0,-2.0725007418893195,0,1.0,1.1852802064576131,0.1560720323557648,2.23321597130995,15.844096735168,7.15949760432317,24.0737931197775,9.79071704878857,0.3922847774781198,-0.20851446669367427,-0.0,0.0,0.0,-0.0,0.0,0.0024132453567937352,4.20928295121143
199,2,nx9hs1ng,677fea8903ad496f30f16502,0,52,52,post_exp,FinalForProlific,2026-01-17 21:20:12.375324,1,,,110.35,2,,101.1,0.14465836876349872,,treatment,,0.0,11,1,0.0,,free_data,1.0,-15.0,"[{""type"":""page-load"",""detail"":{""path"":""/p/nx9hs1ng/main/Trade/30""},""ts"":""2026-01-17T21:29:42.042Z""},{""type"":""click"",""detail"":{""tag"":""INPUT"",""name"":""investment_amount"",""id"":""id_investment_amount"",""type"":""text""},""ts"":""2026-01-17T21:29:48.068Z""},{""type"":""input"",""detail"":{""tag"":""INPUT"",""name"":""investment_amount"",""id"":""id_investment_amount"",""type"":""text""},""ts"":""2026-01-17T21:29:48.756Z""},{""type"":""click"",""detail"":{""tag"":""INPUT"",""name"":""return_forecast"",""id"":""id_return_forecast"",""type"":""text""},""ts"":""2026-01-17T21:29:51.659Z""},{""type"":""input"",""detail"":{""tag"":""INPUT"",""name"":""return_forecast"",""id"":""id_return_forecast"",""type"":""text""},""ts"":""2026-01-17T21:29:53.636Z""},{""type"":""input"",""detail"":{""tag"":""INPUT"",""name"":""return_forecast"",""id"":""id_return_forecast"",""type"":""text""},""ts"":""2026-01-17T21:29:59.193Z""},{""type"":""click"",""detail"":{""tag"":""BUTTON"",""name"":null,""id"":null,""type"":""submit""},""ts"":""2026-01-17T21:30:00.450Z""},{""type"":""click"",""detail"":{""tag"":""INPUT"",""name"":""imbalance_informative"",""id"":""id_imbalance_informative-0"",""type"":""radio""},""ts"":""2026-01-17T21:30:02.538Z""},{""type"":""input"",""detail"":{""tag"":""INPUT"",""name"":""imbalance_informative"",""id"":""id_imbalance_informative-0"",""type"":""radio""},""ts"":""2026-01-17T21:30:02.538Z""},{""type"":""click"",""detail"":{""tag"":""BUTTON"",""name"":null,""id"":null,""type"":""submit""},""ts"":""2026-01-17T21:30:03.234Z""},{""type"":""form-submit"",""detail"":{},""ts"":""2026-01-17T21:30:03.235Z""}]",1.0,9.79071704878857,1.0,100.1,3.0,101.1,,0,151ug4w3,,,,,0,1,0,0.0,0,0.392670088943464,1,0.0,-0.5624252654809918,1.0,-0.04912479370739113,6.0,-0.09624616448402429,0,0.01,1.1852802064576131,0.1560720323557648,2.23321597130995,15.844096735168,7.15949760432317,24.0737931197775,9.79071704878857,0.3922847774781198,-0.20851446669367427,0.0,0.0,1.1852802064576131,0.0,0.0,0.0024132453567937352,24.790717048788572
200,3,i3c60565,6962c417f20b621d95bd694d,0,52,52,post_exp,FinalForProlific,2026-01-17 21:20:30.391188,1,,,113.86,3,,105.9,0.14465836876349872,,treatment,,0.0,5,1,0.0,,free_data,50.0,4.0,"[{""type"":""page-load"",""detail"":{""path"":""/p/i3c60565/main/Trade/30""},""ts"":""2026-01-17T21:33:56.164Z""},{""type"":""click"",""detail"":{""tag"":""INPUT"",""name"":""investment_amount"",""id"":""id_investment_amount"",""type"":""text""},""ts"":""2026-01-17T21:34:10.075Z""},{""type"":""input"",""detail"":{""tag"":""INPUT"",""name"":""investment_amount"",""id"":""id_investment_amount"",""type"":""text""},""ts"":""2026-01-17T21:34:11.532Z""},{""type"":""click"",""detail"":{""tag"":""INPUT"",""name"":""imbalance_informative"",""id"":""id_imbalance_informative-0"",""type"":""radio""},""ts"":""2026-01-17T21:34:17.394Z""},{""type"":""input"",""detail"":{""tag"":""INPUT"",""name"":""imbalance_informative"",""id"":""id_imbalance_informative-0"",""type"":""radio""},""ts"":""2026-01-17T21:34:17.394Z""},{""type"":""click"",""detail"":{""tag"":""INPUT"",""name"":""return_forecast"",""id"":""id_return_forecast"",""type"":""text""},""ts"":""2026-01-17T21:34:18.043Z""},{""type"":""input"",""detail"":{""tag"":""INPUT"",""name"":""return_forecast"",""id"":""id_return_forecast"",""type"":""text""},""ts"":""2026-01-17T21:34:19.140Z""},{""type"":""click"",""detail"":{""tag"":""BUTTON"",""name"":null,""id"":null,""type"":""submit""},""ts"":""2026-01-17T21:34:20.228Z""},{""type"":""form-submit"",""detail"":{},""ts"":""2026-01-17T21:34:20.229Z""}]",1.0,9.79071704878857,1.0,104.9,4.0,105.9,,0,151ug4w3,,,,,0,1,0,0.0,0,-1.5270503458912477,1,0.0,-0.05442825149816073,1.0,1.0316206678552147,5.0,0.8918811242186238,0,0.5,1.1852802064576131,0.1560720323557648,2.23321597130995,15.844096735168,7.15949760432317,24.0737931197775,9.79071704878857,0.3922847774781198,-0.20851446669367427,0.0,0.0,1.1852802064576131,0.0,0.0,1.0642412023460393,5.79071704878857
201,4,k7sp0ynm,67665f7b0329bd3e30515ad2,0,52,52,post_exp,FinalForProlific,2026-01-17 21:20:50.689404,1,,,102.31,4,,109.79,0.14465836876349872,,treatment,,0.0,10,1,0.0,,free_data,100.0,30.0,"[{""type"":""page-load"",""detail"":{""path"":""/p/k7sp0ynm/main/Trade/30""},""ts"":""2026-01-17T21:48:52.668Z""},{""type"":""click"",""detail"":{""tag"":""INPUT"",""name"":""investment_amount"",""id"":""id_investment_amount"",""type"":""text""},""ts"":""2026-01-17T21:48:55.260Z""},{""type"":""input"",""detail"":{""tag"":""INPUT"",""name"":""investment_amount"",""id"":""id_investment_amount"",""type"":""text""},""ts"":""2026-01-17T21:48:56.031Z""},{""type"":""input"",""detail"":{""tag"":""INPUT"",""name"":""investment_amount"",""id"":""id_investment_amount"",""type"":""text""},""ts"":""2026-01-17T21:48:56.621Z""},{""type"":""click"",""detail"":{""tag"":""INPUT"",""name"":""imbalance_informative"",""id"":""id_imbalance_informative-1"",""type"":""radio""},""ts"":""2026-01-17T21:48:59.244Z""},{""type"":""input"",""detail"":{""tag"":""INPUT"",""name"":""imbalance_informative"",""id"":""id_imbalance_informative-1"",""type"":""radio""},""ts"":""2026-01-17T21:48:59.245Z""},{""type"":""click"",""detail"":{""tag"":""INPUT"",""name"":""return_forecast"",""id"":""id_return_forecast"",""type"":""text""},""ts"":""2026-01-17T21:49:05.198Z""},{""type"":""input"",""detail"":{""tag"":""INPUT"",""name"":""return_forecast"",""id"":""id_return_forecast"",""type"":""text""},""ts"":""2026-01-17T21:49:06.088Z""},{""type"":""input"",""detail"":{""tag"":""INPUT"",""name"":""return_forecast"",""id"":""id_return_forecast"",""type"":""text""},""ts"":""2026-01-17T21:49:06.680Z""},{""type"":""click"",""detail"":{""tag"":""BUTTON"",""name"":null,""id"":null,""type"":""submit""},""ts"":""2026-01-17T21:49:07.808Z""},{""type"":""form-submit"",""detail"":{},""ts"":""2026-01-17T21:49:07.811Z""}]",0.0,9.79071704878857,1.0,109.79,2.0,109.79,,0,151ug4w3,,,,,0,1,0,0.0,0,-1.0471202371825696,0,0.0,-0.5624252654809918,1.0,1.5719933986365178,4.0,0.11549539738082899,0,1.0,1.1852802064576131,0.1560720323557648,2.23321597130995,15.844096735168,7.15949760432317,24.0737931197775,9.79071704878857,0.3922847774781198,-0.20851446669367427,0.0,0.0,1.1852802064576131,0.0,0.0,2.4711632453567898,20.209282951211428
202,6,6bbjn8v1,5e459f61418f610891628564,0,52,52,post_exp,FinalForProlific,2026-01-17 21:22:23.663747,1,,,103.85,6,,110.3,0.14465836876349872,,treatment,,0.0,6,1,1.0,,free_data,95.0,25.0,"[{""type"":""page-load"",""detail"":{""path"":""/p/6bbjn8v1/main/Trade/30""},""ts"":""2026-01-17T21:31:44.485Z""},{""type"":""click"",""detail"":{""tag"":""INPUT"",""name"":""investment_amount"",""id"":""id_investment_amount"",""type"":""text""},""ts"":""2026-01-17T21:32:01.515Z""},{""type"":""input"",""detail"":{""tag"":""INPUT"",""name"":""investment_amount"",""id"":""id_investment_amount"",""type"":""text""},""ts"":""2026-01-17T21:32:02.199Z""},{""type"":""click"",""detail"":{""tag"":""LABEL"",""name"":null,""id"":null,""type"":null},""ts"":""2026-01-17T21:32:04.467Z""},{""type"":""click"",""detail"":{""tag"":""INPUT"",""name"":""imbalance_informative"",""id"":""id_imbalance_informative-0"",""type"":""radio""},""ts"":""2026-01-17T21:32:04.469Z""},{""type"":""input"",""detail"":{""tag"":""INPUT"",""name"":""imbalance_informative"",""id"":""id_imbalance_informative-0"",""type"":""radio""},""ts"":""2026-01-17T21:32:04.469Z""},{""type"":""click"",""detail"":{""tag"":""LABEL"",""name"":null,""id"":null,""type"":null},""ts"":""2026-01-17T21:32:04.797Z""},{""type"":""click"",""detail"":{""tag"":""INPUT"",""name"":""return_forecast"",""id"":""id_return_forecast"",""type"":""text""},""ts"":""2026-01-17T21:32:04.799Z""},{""type"":""click"",""detail"":{""tag"":""INPUT"",""name"":""investment_amount"",""id"":""id_investment_amount"",""type"":""text""},""ts"":""2026-01-17T21:32:07.216Z""},{""type"":""input"",""detail"":{""tag"":""INPUT"",""name"":""investment_amount"",""id"":""id_investment_amount"",""type"":""text""},""ts"":""2026-01-17T21:32:07.656Z""},{""type"":""input"",""detail"":{""tag"":""INPUT"",""name"":""investment_amount"",""id"":""id_investment_amount"",""type"":""text""},""ts"":""2026-01-17T21:32:08.267Z""},{""type"":""input"",""detail"":{""tag"":""INPUT"",""name"":""investment_amount"",""id"":""id_investment_amount"",""type"":""text""},""ts"":""2026-01-17T21:32:08.775Z""},{""type"":""input"",""detail"":{""tag"":""INPUT"",""name"":""investment_amount"",""id"":""id_investment_amount"",""type"":""text""},""ts"":""2026-01-17T21:32:09.311Z""},{""type"":""click"",""detail"":{""tag"":""INPUT"",""name"":""return_forecast"",""id"":""id_return_forecast"",""type"":""text""},""ts"":""2026-01-17T21:32:10.348Z""},{""type"":""input"",""detail"":{""tag"":""INPUT"",""name"":""return_forecast"",""id"":""id_return_forecast"",""type"":""text""},""ts"":""2026-01-17T21:32:11.322Z""},{""type"":""click"",""detail"":{""tag"":""BUTTON"",""name"":null,""id"":null,""type"":""submit""},""ts"":""2026-01-17T21:32:12.629Z""},{""type"":""form-submit"",""detail"":{},""ts"":""2026-01-17T21:32:12.630Z""}]",1.0,9.79071704878857,1.0,109.3,4.0,110.3,,0,151ug4w3,,,,,0,1,0,1.0,0,-0.08726001976521408,0,0.0,-0.22376058949243777,1.0,-0.5894975244886941,5.0,-0.16682668510564172,0,0.95,1.1852802064576131,0.1560720323557648,2.23321597130995,15.844096735168,7.15949760432317,24.0737931197775,9.79071704878857,0.3922847774781198,-0.20851446669367427,1.1852802064576131,0.0,1.1852802064576131,0.1560720323557648,0.0,0.3475073313782985,15.20928295121143
203,7,gl7u8nio,62b2080f8f89f2f15c47d9ba,0,52,52,post_exp,FinalForProlific,2026-01-17 21:22:24.603886,1,,,118.89,7,,103.94,0.14465836876349872,,treatment,,0.0,8,1,0.0,,free_data,30.0,20.0,"[{""type"":""page-load"",""detail"":{""path"":""/p/gl7u8nio/main/Trade/30""},""ts"":""2026-01-17T21:35:25.105Z""},{""type"":""click"",""detail"":{""tag"":""INPUT"",""name"":""investment_amount"",""id"":""id_investment_amount"",""type"":""text""},""ts"":""2026-01-17T21:35:31.546Z""},{""type"":""input"",""detail"":{""tag"":""INPUT"",""name"":""investment_amount"",""id"":""id_investment_amount"",""type"":""text""},""ts"":""2026-01-17T21:35:33.884Z""},{""type"":""click"",""detail"":{""tag"":""INPUT"",""name"":""imbalance_informative"",""id"":""id_imbalance_informative-0"",""type"":""radio""},""ts"":""2026-01-17T21:35:36.751Z""},{""type"":""input"",""detail"":{""tag"":""INPUT"",""name"":""imbalance_informative"",""id"":""id_imbalance_informative-0"",""type"":""radio""},""ts"":""2026-01-17T21:35:36.751Z""},{""type"":""click"",""detail"":{""tag"":""INPUT"",""name"":""return_forecast"",""id"":""id_return_forecast"",""type"":""text""},""ts"":""2026-01-17T21:35:38.230Z""},{""type"":""input"",""detail"":{""tag"":""INPUT"",""name"":""return_forecast"",""id"":""id_return_forecast"",""type"":""text""},""ts"":""2026-01-17T21:35:38.771Z""},{""type"":""click"",""detail"":{""tag"":""BUTTON"",""name"":null,""id"":null,""type"":""submit""},""ts"":""2026-01-17T21:35:40.414Z""},{""type"":""form-submit"",""detail"":{},""ts"":""2026-01-17T21:35:40.415Z""}]",1.0,9.79071704878857,1.0,102.94,3.0,103.94,,0,151ug4w3,,,,,0,1,0,0.0,0,-0.08726001976521408,1,0.0,1.3848966214531941,0.0,2.1123661294178206,6.0,0.25665643862406434,0,0.3,1.1852802064576131,0.1560720323557648,2.23321597130995,15.844096735168,7.15949760432317,24.0737931197775,9.79071704878857,0.3922847774781198,-0.20851446669367427,0.0,0.0,1.1852802064576131,0.0,0.0,4.462090664711625,10.20928295121143
204,8,difxszml,5d1ec3b72e9ac3001ab525ef,0,49,52,post_exp,Demographics,2026-01-17 21:22:33.376663,1,,,1190.64,8,,102.47,0.14465836876349872,,treatment,,0.0,4,1,1.0,,free_data,15.0,13.0,"[{""type"":""page-load"",""detail"":{""path"":""/p/difxszml/main/Trade/30""},""ts"":""2026-01-17T21:32:27.686Z""},{""type"":""click"",""detail"":{""tag"":""INPUT"",""name"":""investment_amount"",""id"":""id_investment_amount"",""type"":""text""},""ts"":""2026-01-17T21:32:33.829Z""},{""type"":""input"",""detail"":{""tag"":""INPUT"",""name"":""investment_amount"",""id"":""id_investment_amount"",""type"":""text""},""ts"":""2026-01-17T21:32:34.883Z""},{""type"":""click"",""detail"":{""tag"":""INPUT"",""name"":""imbalance_informative"",""id"":""id_imbalance_informative-0"",""type"":""radio""},""ts"":""2026-01-17T21:32:36.680Z""},{""type"":""input"",""detail"":{""tag"":""INPUT"",""name"":""imbalance_informative"",""id"":""id_imbalance_informative-0"",""type"":""radio""},""ts"":""2026-01-17T21:32:36.680Z""},{""type"":""click"",""detail"":{""tag"":""INPUT"",""name"":""return_forecast"",""id"":""id_return_forecast"",""type"":""text""},""ts"":""2026-01-17T21:32:37.319Z""},{""type"":""input"",""detail"":{""tag"":""INPUT"",""name"":""return_forecast"",""id"":""id_return_forecast"",""type"":""text""},""ts"":""2026-01-17T21:32:39.149Z""},{""type"":""click"",""detail"":{""tag"":""BUTTON"",""name"":null,""id"":null,""type"":""submit""},""ts"":""2026-01-17T21:32:40.994Z""},{""type"":""form-submit"",""detail"":{},""ts"":""2026-01-17T21:32:40.999Z""}]",1.0,9.79071704878857,1.0,101.47,3.0,102.47,,0,151ug4w3,,,,,0,1,0,1.0,0,0.8726001976521415,0,,,,-0.04912479370739113,8.0,0.3978174798673002,0,0.15,1.1852802064576131,0.1560720323557648,2.23321597130995,15.844096735168,7.15949760432317,24.0737931197775,9.79071704878857,0.3922847774781198,-0.20851446669367427,1.1852802064576131,0.0,1.1852802064576131,0.1560720323557648,0.0,0.0024132453567937352,3.2092829512114296
205,9,hlqkfw8x,67e7cfd17a7062da8a273fbf,0,52,52,post_exp,FinalForProlific,2026-01-17 21:23:02.043408,1,,,115.94,9,,110.79,0.14465836876349872,,control,,0.0,14,1,-1.0,,free_data,100.0,18.0,"[{""type"":""page-load"",""detail"":{""path"":""/p/hlqkfw8x/main/Trade/30""},""ts"":""2026-01-17T21:36:38.075Z""},{""type"":""click"",""detail"":{""tag"":""INPUT"",""name"":""investment_amount"",""id"":""id_investment_amount"",""type"":""text""},""ts"":""2026-01-17T21:36:46.639Z""},{""type"":""input"",""detail"":{""tag"":""INPUT"",""name"":""investment_amount"",""id"":""id_investment_amount"",""type"":""text""},""ts"":""2026-01-17T21:36:47.884Z""},{""type"":""input"",""detail"":{""tag"":""INPUT"",""name"":""investment_amount"",""id"":""id_investment_amount"",""type"":""text""},""ts"":""2026-01-17T21:36:48.490Z""},{""type"":""click"",""detail"":{""tag"":""INPUT"",""name"":""imbalance_informative"",""id"":""id_imbalance_informative-0"",""type"":""radio""},""ts"":""2026-01-17T21:36:49.813Z""},{""type"":""input"",""detail"":{""tag"":""INPUT"",""name"":""imbalance_informative"",""id"":""id_imbalance_informative-0"",""type"":""radio""},""ts"":""2026-01-17T21:36:49.813Z""},{""type"":""click"",""detail"":{""tag"":""INPUT"",""name"":""return_forecast"",""id"":""id_return_forecast"",""type"":""text""},""ts"":""2026-01-17T21:37:06.258Z""},{""type"":""input"",""detail"":{""tag"":""INPUT"",""name"":""return_forecast"",""id"":""id_return_forecast"",""type"":""text""},""ts"":""2026-01-17T21:37:07.718Z""},{""type"":""click"",""detail"":{""tag"":""BUTTON"",""name"":null,""id"":null,""type"":""submit""},""ts"":""2026-01-17T21:37:08.720Z""},{""type"":""form-submit"",""detail"":{},""ts"":""2026-01-17T21:37:08.725Z""}]",1.0,9.79071704878857,1.0,109.79,3.0,110.79,,0,151ug4w3,,,,,0,0,0,-0.0,0,-0.08726001976521408,1,0.0,1.1308981144617785,0.0,-0.5894975244886941,5.0,-0.16682668510564172,0,1.0,1.1852802064576131,0.1560720323557648,2.23321597130995,15.844096735168,7.15949760432317,24.0737931197775,9.79071704878857,0.3922847774781198,-0.20851446669367427,-0.0,0.0,0.0,-0.0,0.0,0.3475073313782985,8.20928295121143
206,10,miej8bbr,67730320948951ecb761b3f2,0,52,52,post_exp,FinalForProlific,2026-01-17 21:23:16.323182,1,,,104.87,10,,106.87,0.14465836876349872,,treatment,,0.0,14,1,0.0,,free_data,60.0,10.0,"[{""type"":""page-load"",""detail"":{""path"":""/p/miej8bbr/main/Trade/30""},""ts"":""2026-01-17T21:34:01.056Z""},{""type"":""click"",""detail"":{""tag"":""INPUT"",""name"":""investment_amount"",""id"":""id_investment_amount"",""type"":""text""},""ts"":""2026-01-17T21:34:02.822Z""},{""type"":""click"",""detail"":{""tag"":""INPUT"",""name"":""imbalance_informative"",""id"":""id_imbalance_informative-1"",""type"":""radio""},""ts"":""2026-01-17T21:34:07.615Z""},{""type"":""input"",""detail"":{""tag"":""INPUT"",""name"":""imbalance_informative"",""id"":""id_imbalance_informative-1"",""type"":""radio""},""ts"":""2026-01-17T21:34:07.615Z""},{""type"":""click"",""detail"":{""tag"":""INPUT"",""name"":""investment_amount"",""id"":""id_investment_amount"",""type"":""text""},""ts"":""2026-01-17T21:34:08.915Z""},{""type"":""input"",""detail"":{""tag"":""INPUT"",""name"":""investment_amount"",""id"":""id_investment_amount"",""type"":""text""},""ts"":""2026-01-17T21:34:11.168Z""},{""type"":""click"",""detail"":{""tag"":""INPUT"",""name"":""return_forecast"",""id"":""id_return_forecast"",""type"":""text""},""ts"":""2026-01-17T21:34:11.913Z""},{""type"":""input"",""detail"":{""tag"":""INPUT"",""name"":""return_forecast"",""id"":""id_return_forecast"",""type"":""text""},""ts"":""2026-01-17T21:34:12.297Z""},{""type"":""click"",""detail"":{""tag"":""BUTTON"",""name"":null,""id"":null,""type"":""submit""},""ts"":""2026-01-17T21:34:13.542Z""},{""type"":""form-submit"",""detail"":{},""ts"":""2026-01-17T21:34:13.542Z""}]",0.0,9.79071704878857,1.0,105.87,1.0,106.87,,0,151ug4w3,,,,,0,1,0,0.0,0,1.3525303063608196,0,1.0,-0.6470914344781303,1.0,-1.129870255269997,6.0,-0.8020513707002012,0,0.6,1.1852802064576131,0.1560720323557648,2.23321597130995,15.844096735168,7.15949760432317,24.0737931197775,9.79071704878857,0.3922847774781198,-0.20851446669367427,0.0,0.0,1.1852802064576131,0.0,0.0,1.2766067937438883,0.2092829512114296
207,11,i76mujh9,5b99663d4cefb60001e7a214,0,49,52,post_exp,Demographics,2026-01-17 21:24:20.177255,1,,,1203.53,11,,102.47,0.14465836876349872,,treatment,,0.0,6,1,0.0,,free_data,15.0,18.0,"[{""type"":""page-load"",""detail"":{""path"":""/p/i76mujh9/main/Trade/30""},""ts"":""2026-01-17T21:40:06.774Z""},{""type"":""click"",""detail"":{""tag"":""INPUT"",""name"":""investment_amount"",""id"":""id_investment_amount"",""type"":""text""},""ts"":""2026-01-17T21:40:26.452Z""},{""type"":""input"",""detail"":{""tag"":""INPUT"",""name"":""investment_amount"",""id"":""id_investment_amount"",""type"":""text""},""ts"":""2026-01-17T21:40:27.417Z""},{""type"":""click"",""detail"":{""tag"":""INPUT"",""name"":""imbalance_informative"",""id"":""id_imbalance_informative-0"",""type"":""radio""},""ts"":""2026-01-17T21:40:29.836Z""},{""type"":""input"",""detail"":{""tag"":""INPUT"",""name"":""imbalance_informative"",""id"":""id_imbalance_informative-0"",""type"":""radio""},""ts"":""2026-01-17T21:40:29.837Z""},{""type"":""click"",""detail"":{""tag"":""INPUT"",""name"":""return_forecast"",""id"":""id_return_forecast"",""type"":""text""},""ts"":""2026-01-17T21:40:30.865Z""},{""type"":""input"",""detail"":{""tag"":""INPUT"",""name"":""return_forecast"",""id"":""id_return_forecast"",""type"":""text""},""ts"":""2026-01-17T21:40:31.831Z""},{""type"":""input"",""detail"":{""tag"":""INPUT"",""name"":""return_forecast"",""id"":""id_return_forecast"",""type"":""text""},""ts"":""2026-01-17T21:40:32.412Z""},{""type"":""click"",""detail"":{""tag"":""BUTTON"",""name"":null,""id"":null,""type"":""submit""},""ts"":""2026-01-17T21:40:33.849Z""},{""type"":""form-submit"",""detail"":{},""ts"":""2026-01-17T21:40:33.852Z""}]",1.0,9.79071704878857,1.0,101.47,4.0,102.47,,0,151ug4w3,,,,,0,1,0,0.0,0,-0.5671901284738922,0,,,,-1.129870255269997,7.0,1.0330421654618591,0,0.15,1.1852802064576131,0.1560720323557648,2.23321597130995,15.844096735168,7.15949760432317,24.0737931197775,9.79071704878857,0.3922847774781198,-0.20851446669367427,0.0,0.0,1.1852802064576131,0.0,0.0,1.2766067937438883,8.20928295121143
208,12,rnucedhy,5a9fa90f873cda00010d29d8,0,52,52,post_exp,FinalForProlific,2026-01-17 21:24:40.341139,1,,,110.42,12,,110.79,0.14465836876349872,,treatment,,0.0,14,1,0.0,,free_data,100.0,24.0,"[{""type"":""page-load"",""detail"":{""path"":""/p/rnucedhy/main/Trade/30""},""ts"":""2026-01-17T21:38:49.491Z""},{""type"":""click"",""detail"":{""tag"":""INPUT"",""name"":""investment_amount"",""id"":""id_investment_amount"",""type"":""text""},""ts"":""2026-01-17T21:38:52.272Z""},{""type"":""input"",""detail"":{""tag"":""INPUT"",""name"":""investment_amount"",""id"":""id_investment_amount"",""type"":""text""},""ts"":""2026-01-17T21:38:54.726Z""},{""type"":""input"",""detail"":{""tag"":""INPUT"",""name"":""investment_amount"",""id"":""id_investment_amount"",""type"":""text""},""ts"":""2026-01-17T21:38:59.282Z""},{""type"":""input"",""detail"":{""tag"":""INPUT"",""name"":""investment_amount"",""id"":""id_investment_amount"",""type"":""text""},""ts"":""2026-01-17T21:38:59.984Z""},{""type"":""click"",""detail"":{""tag"":""INPUT"",""name"":""imbalance_informative"",""id"":""id_imbalance_informative-0"",""type"":""radio""},""ts"":""2026-01-17T21:39:01.898Z""},{""type"":""input"",""detail"":{""tag"":""INPUT"",""name"":""imbalance_informative"",""id"":""id_imbalance_informative-0"",""type"":""radio""},""ts"":""2026-01-17T21:39:01.898Z""},{""type"":""click"",""detail"":{""tag"":""INPUT"",""name"":""return_forecast"",""id"":""id_return_forecast"",""type"":""text""},""ts"":""2026-01-17T21:39:03.016Z""},{""type"":""input"",""detail"":{""tag"":""INPUT"",""name"":""return_forecast"",""id"":""id_return_forecast"",""type"":""text""},""ts"":""2026-01-17T21:39:04.177Z""},{""type"":""click"",""detail"":{""tag"":""BUTTON"",""name"":null,""id"":null,""type"":""submit""},""ts"":""2026-01-17T21:39:06.709Z""},{""type"":""form-submit"",""detail"":{},""ts"":""2026-01-17T21:39:06.709Z""}]",1.0,9.79071704878857,1.0,109.79,4.0,110.79,,0,151ug4w3,,,,,0,1,0,0.0,0,-0.5671901284738922,0,0.0,-1.070422279463823,1.0,-1.129870255269997,9.0,1.8800084129212717,0,1.0,1.1852802064576131,0.1560720323557648,2.23321597130995,15.844096735168,7.15949760432317,24.0737931197775,9.79071704878857,0.3922847774781198,-0.20851446669367427,0.0,0.0,1.1852802064576131,0.0,0.0,1.2766067937438883,14.20928295121143
209,13,0agbbz6t,64e6b4025cbe79c020343121,0,52,52,post_exp,FinalForProlific,2026-01-17 21:25:07.530984,1,,,107.83,13,,100.98,0.14465836876349872,,control,,0.0,9,1,-1.0,,free_data,10.0,2.0,"[{""type"":""page-load"",""detail"":{""path"":""/p/0agbbz6t/main/Trade/30""},""ts"":""2026-01-17T21:33:01.724Z""},{""type"":""click"",""detail"":{""tag"":""INPUT"",""name"":""investment_amount"",""id"":""id_investment_amount"",""type"":""text""},""ts"":""2026-01-17T21:33:04.772Z""},{""type"":""input"",""detail"":{""tag"":""INPUT"",""name"":""investment_amount"",""id"":""id_investment_amount"",""type"":""text""},""ts"":""2026-01-17T21:33:05.225Z""},{""type"":""click"",""detail"":{""tag"":""LABEL"",""name"":null,""id"":null,""type"":null},""ts"":""2026-01-17T21:33:06.364Z""},{""type"":""click"",""detail"":{""tag"":""INPUT"",""name"":""imbalance_informative"",""id"":""id_imbalance_informative-1"",""type"":""radio""},""ts"":""2026-01-17T21:33:06.364Z""},{""type"":""input"",""detail"":{""tag"":""INPUT"",""name"":""imbalance_informative"",""id"":""id_imbalance_informative-1"",""type"":""radio""},""ts"":""2026-01-17T21:33:06.365Z""},{""type"":""click"",""detail"":{""tag"":""INPUT"",""name"":""return_forecast"",""id"":""id_return_forecast"",""type"":""text""},""ts"":""2026-01-17T21:33:06.842Z""},{""type"":""input"",""detail"":{""tag"":""INPUT"",""name"":""return_forecast"",""id"":""id_return_forecast"",""type"":""text""},""ts"":""2026-01-17T21:33:07.252Z""},{""type"":""click"",""detail"":{""tag"":""BUTTON"",""name"":null,""id"":null,""type"":""submit""},""ts"":""2026-01-17T21:33:08.496Z""},{""type"":""form-submit"",""detail"":{},""ts"":""2026-01-17T21:33:08.497Z""}]",0.0,9.79071704878857,1.0,100.98,3.0,100.98,,0,151ug4w3,,,,,0,0,0,-0.0,0,-1.0471202371825696,0,1.0,0.19957025549325483,1.0,-0.5894975244886941,9.0,2.23291101602936,0,0.1,1.1852802064576131,0.1560720323557648,2.23321597130995,15.844096735168,7.15949760432317,24.0737931197775,9.79071704878857,0.3922847774781198,-0.20851446669367427,-0.0,0.0,0.0,-0.0,0.0,0.3475073313782985,7.79071704878857
210,14,vyd28ofr,66e74ca113f609cd2a13df59,0,52,52,post_exp,FinalForProlific,2026-01-17 21:25:37.276893,1,,,126.77,14,,108.83,0.14465836876349872,,treatment,,0.0,11,1,1.0,,free_data,80.0,16.0,"[{""type"":""page-load"",""detail"":{""path"":""/p/vyd28ofr/main/Trade/30""},""ts"":""2026-01-17T21:35:02.153Z""},{""type"":""click"",""detail"":{""tag"":""INPUT"",""name"":""investment_amount"",""id"":""id_investment_amount"",""type"":""text""},""ts"":""2026-01-17T21:35:10.384Z""},{""type"":""input"",""detail"":{""tag"":""INPUT"",""name"":""investment_amount"",""id"":""id_investment_amount"",""type"":""text""},""ts"":""2026-01-17T21:35:11.462Z""},{""type"":""click"",""detail"":{""tag"":""INPUT"",""name"":""imbalance_informative"",""id"":""id_imbalance_informative-0"",""type"":""radio""},""ts"":""2026-01-17T21:35:12.178Z""},{""type"":""input"",""detail"":{""tag"":""INPUT"",""name"":""imbalance_informative"",""id"":""id_imbalance_informative-0"",""type"":""radio""},""ts"":""2026-01-17T21:35:12.178Z""},{""type"":""click"",""detail"":{""tag"":""INPUT"",""name"":""return_forecast"",""id"":""id_return_forecast"",""type"":""text""},""ts"":""2026-01-17T21:35:13.120Z""},{""type"":""input"",""detail"":{""tag"":""INPUT"",""name"":""return_forecast"",""id"":""id_return_forecast"",""type"":""text""},""ts"":""2026-01-17T21:35:14.396Z""},{""type"":""input"",""detail"":{""tag"":""INPUT"",""name"":""return_forecast"",""id"":""id_return_forecast"",""type"":""text""},""ts"":""2026-01-17T21:35:15.068Z""},{""type"":""click"",""detail"":{""tag"":""BUTTON"",""name"":null,""id"":null,""type"":""submit""},""ts"":""2026-01-17T21:35:15.788Z""},{""type"":""form-submit"",""detail"":{},""ts"":""2026-01-17T21:35:15.794Z""}]",1.0,9.79071704878857,1.0,107.83,4.0,108.83,,0,151ug4w3,,,,,0,1,0,1.0,0,0.392670088943464,0,0.0,0.9615657764675015,1.0,-0.04912479370739113,5.0,-0.5197292882137304,0,0.8,1.1852802064576131,0.1560720323557648,2.23321597130995,15.844096735168,7.15949760432317,24.0737931197775,9.79071704878857,0.3922847774781198,-0.20851446669367427,1.1852802064576131,0.0,1.1852802064576131,0.1560720323557648,0.0,0.0024132453567937352,6.20928295121143
211,15,p639azxy,6965b338f069222c10b2bdc9,0,52,52,post_exp,FinalForProlific,2026-01-17 21:26:31.341396,1,,,118.08,15,,108.83,0.14465836876349872,,treatment,,0.0,9,1,1.0,,free_data,80.0,18.0,"[{""type"":""page-load"",""detail"":{""path"":""/p/p639azxy/main/Trade/30""},""ts"":""2026-01-17T21:38:54.146Z""},{""type"":""click"",""detail"":{""tag"":""INPUT"",""name"":""investment_amount"",""id"":""id_investment_amount"",""type"":""text""},""ts"":""2026-01-17T21:39:08.309Z""},{""type"":""input"",""detail"":{""tag"":""INPUT"",""name"":""investment_amount"",""id"":""id_investment_amount"",""type"":""text""},""ts"":""2026-01-17T21:39:10.943Z""},{""type"":""click"",""detail"":{""tag"":""LABEL"",""name"":null,""id"":null,""type"":null},""ts"":""2026-01-17T21:39:12.181Z""},{""type"":""click"",""detail"":{""tag"":""INPUT"",""name"":""imbalance_informative"",""id"":""id_imbalance_informative-0"",""type"":""radio""},""ts"":""2026-01-17T21:39:12.182Z""},{""type"":""input"",""detail"":{""tag"":""INPUT"",""name"":""imbalance_informative"",""id"":""id_imbalance_informative-0"",""type"":""radio""},""ts"":""2026-01-17T21:39:12.182Z""},{""type"":""click"",""detail"":{""tag"":""INPUT"",""name"":""return_forecast"",""id"":""id_return_forecast"",""type"":""text""},""ts"":""2026-01-17T21:39:17.377Z""},{""type"":""input"",""detail"":{""tag"":""INPUT"",""name"":""return_forecast"",""id"":""id_return_forecast"",""type"":""text""},""ts"":""2026-01-17T21:39:18.173Z""},{""type"":""click"",""detail"":{""tag"":""BUTTON"",""name"":null,""id"":null,""type"":""submit""},""ts"":""2026-01-17T21:39:19.087Z""},{""type"":""form-submit"",""detail"":{},""ts"":""2026-01-17T21:39:19.088Z""}]",1.0,9.79071704878857,1.0,107.83,4.0,108.83,,0,151ug4w3,,,,,0,1,0,1.0,0,-0.08726001976521408,1,0.0,-0.3930929274867148,1.0,-0.04912479370739113,6.0,0.25665643862406434,0,0.8,1.1852802064576131,0.1560720323557648,2.23321597130995,15.844096735168,7.15949760432317,24.0737931197775,9.79071704878857,0.3922847774781198,-0.20851446669367427,1.1852802064576131,0.0,1.1852802064576131,0.1560720323557648,0.0,0.0024132453567937352,8.20928295121143
212,16,sw8lem34,677346f91e35f1cb1e647c34,0,49,52,post_exp,Demographics,2026-01-17 21:26:45.318628,1,,,1199.47,16,,102.96,0.14465836876349872,,treatment,,0.0,9,1,1.0,,free_data,20.0,7.0,"[{""type"":""page-load"",""detail"":{""path"":""/p/sw8lem34/main/Trade/30""},""ts"":""2026-01-17T21:38:40.844Z""},{""type"":""click"",""detail"":{""tag"":""INPUT"",""name"":""investment_amount"",""id"":""id_investment_amount"",""type"":""text""},""ts"":""2026-01-17T21:38:45.055Z""},{""type"":""input"",""detail"":{""tag"":""INPUT"",""name"":""investment_amount"",""id"":""id_investment_amount"",""type"":""text""},""ts"":""2026-01-17T21:38:47.206Z""},{""type"":""click"",""detail"":{""tag"":""INPUT"",""name"":""imbalance_informative"",""id"":""id_imbalance_informative-0"",""type"":""radio""},""ts"":""2026-01-17T21:38:49.811Z""},{""type"":""input"",""detail"":{""tag"":""INPUT"",""name"":""imbalance_informative"",""id"":""id_imbalance_informative-0"",""type"":""radio""},""ts"":""2026-01-17T21:38:49.811Z""},{""type"":""click"",""detail"":{""tag"":""INPUT"",""name"":""return_forecast"",""id"":""id_return_forecast"",""type"":""text""},""ts"":""2026-01-17T21:38:50.904Z""},{""type"":""input"",""detail"":{""tag"":""INPUT"",""name"":""return_forecast"",""id"":""id_return_forecast"",""type"":""text""},""ts"":""2026-01-17T21:38:52.984Z""},{""type"":""click"",""detail"":{""tag"":""BUTTON"",""name"":null,""id"":null,""type"":""submit""},""ts"":""2026-01-17T21:38:53.565Z""},{""type"":""form-submit"",""detail"":{},""ts"":""2026-01-17T21:38:53.571Z""}]",1.0,9.79071704878857,1.0,101.96,3.0,102.96,,0,151ug4w3,,,,,0,1,0,1.0,0,0.392670088943464,0,,,,-0.04912479370739113,5.0,-0.5197292882137304,0,0.2,1.1852802064576131,0.1560720323557648,2.23321597130995,15.844096735168,7.15949760432317,24.0737931197775,9.79071704878857,0.3922847774781198,-0.20851446669367427,1.1852802064576131,0.0,1.1852802064576131,0.1560720323557648,0.0,0.0024132453567937352,2.7907170487885704
213,17,3v5sipps,695bd4f6bbdb5a636882ce78,0,52,52,post_exp,FinalForProlific,2026-01-17 21:26:53.633718,1,,,118.89,17,,110.79,0.14465836876349872,,control,,0.0,9,1,-1.0,,free_data,100.0,20.0,"[{""type"":""page-load"",""detail"":{""path"":""/p/3v5sipps/main/Trade/30""},""ts"":""2026-01-17T21:34:54.617Z""},{""type"":""click"",""detail"":{""tag"":""INPUT"",""name"":""investment_amount"",""id"":""id_investment_amount"",""type"":""text""},""ts"":""2026-01-17T21:34:59.623Z""},{""type"":""input"",""detail"":{""tag"":""INPUT"",""name"":""investment_amount"",""id"":""id_investment_amount"",""type"":""text""},""ts"":""2026-01-17T21:34:59.843Z""},{""type"":""click"",""detail"":{""tag"":""INPUT"",""name"":""imbalance_informative"",""id"":""id_imbalance_informative-0"",""type"":""radio""},""ts"":""2026-01-17T21:35:02.539Z""},{""type"":""input"",""detail"":{""tag"":""INPUT"",""name"":""imbalance_informative"",""id"":""id_imbalance_informative-0"",""type"":""radio""},""ts"":""2026-01-17T21:35:02.539Z""},{""type"":""click"",""detail"":{""tag"":""INPUT"",""name"":""return_forecast"",""id"":""id_return_forecast"",""type"":""text""},""ts"":""2026-01-17T21:35:03.156Z""},{""type"":""input"",""detail"":{""tag"":""INPUT"",""name"":""return_forecast"",""id"":""id_return_forecast"",""type"":""text""},""ts"":""2026-01-17T21:35:03.246Z""},{""type"":""click"",""detail"":{""tag"":""BUTTON"",""name"":null,""id"":null,""type"":""submit""},""ts"":""2026-01-17T21:35:04.389Z""},{""type"":""form-submit"",""detail"":{},""ts"":""2026-01-17T21:35:04.390Z""}]",1.0,9.79071704878857,1.0,109.79,3.0,110.79,,0,151ug4w3,,,,,0,0,0,-0.0,0,-1.5270503458912477,0,0.0,0.36890259348753185,0.0,-0.5894975244886941,3.0,0.04491487675921132,0,1.0,1.1852802064576131,0.1560720323557648,2.23321597130995,15.844096735168,7.15949760432317,24.0737931197775,9.79071704878857,0.3922847774781198,-0.20851446669367427,-0.0,0.0,0.0,-0.0,0.0,0.3475073313782985,10.20928295121143
214,19,6xawj670,69419dd351c8c6866590c254,0,52,52,post_exp,FinalForProlific,2026-01-17 21:28:19.710613,1,,,104.78,19,,101.98,0.14465836876349872,,treatment,,0.0,6,1,0.0,,free_data,10.0,35.0,"[{""type"":""page-load"",""detail"":{""path"":""/p/6xawj670/main/Trade/30""},""ts"":""2026-01-17T22:05:57.175Z""},{""type"":""window-blur"",""detail"":{},""ts"":""2026-01-17T22:06:00.041Z""},{""type"":""visibilitychange"",""detail"":{""state"":""hidden""},""ts"":""2026-01-17T22:06:00.044Z""},{""type"":""visibilitychange"",""detail"":{""state"":""visible""},""ts"":""2026-01-17T22:07:43.980Z""},{""type"":""window-focus"",""detail"":{},""ts"":""2026-01-17T22:07:43.981Z""},{""type"":""click"",""detail"":{""tag"":""LABEL"",""name"":null,""id"":null,""type"":null},""ts"":""2026-01-17T22:07:46.103Z""},{""type"":""click"",""detail"":{""tag"":""INPUT"",""name"":""investment_amount"",""id"":""id_investment_amount"",""type"":""text""},""ts"":""2026-01-17T22:07:46.104Z""},{""type"":""input"",""detail"":{""tag"":""INPUT"",""name"":""investment_amount"",""id"":""id_investment_amount"",""type"":""text""},""ts"":""2026-01-17T22:07:47.307Z""},{""type"":""click"",""detail"":{""tag"":""INPUT"",""name"":""return_forecast"",""id"":""id_return_forecast"",""type"":""text""},""ts"":""2026-01-17T22:07:48.677Z""},{""type"":""input"",""detail"":{""tag"":""INPUT"",""name"":""return_forecast"",""id"":""id_return_forecast"",""type"":""text""},""ts"":""2026-01-17T22:07:49.347Z""},{""type"":""click"",""detail"":{""tag"":""INPUT"",""name"":""imbalance_informative"",""id"":""id_imbalance_informative-0"",""type"":""radio""},""ts"":""2026-01-17T22:07:51.942Z""},{""type"":""input"",""detail"":{""tag"":""INPUT"",""name"":""imbalance_informative"",""id"":""id_imbalance_informative-0"",""type"":""radio""},""ts"":""2026-01-17T22:07:51.942Z""},{""type"":""click"",""detail"":{""tag"":""BUTTON"",""name"":null,""id"":null,""type"":""submit""},""ts"":""2026-01-17T22:07:52.590Z""},{""type"":""form-submit"",""detail"":{},""ts"":""2026-01-17T22:07:52.590Z""}]",1.0,9.79071704878857,1.0,100.98,1.0,101.98,,0,151ug4w3,,,,,0,1,0,0.0,0,-0.5671901284738922,0,0.0,-1.7477516314409312,0.0,-0.5894975244886941,4.0,-0.23740720572725918,0,0.1,1.1852802064576131,0.1560720323557648,2.23321597130995,15.844096735168,7.15949760432317,24.0737931197775,9.79071704878857,0.3922847774781198,-0.20851446669367427,0.0,0.0,1.1852802064576131,0.0,0.0,0.3475073313782985,25.209282951211428
215,20,cx4xx3np,61576d2fde97a7adb4b6a193,0,49,52,post_exp,Demographics,2026-01-17 21:28:27.073012,1,,,1213.01,20,,104.43,0.14465836876349872,,treatment,,0.0,12,1,1.0,,free_data,35.0,29.0,"[{""type"":""page-load"",""detail"":{""path"":""/p/cx4xx3np/main/Trade/30""},""ts"":""2026-01-17T21:38:06.994Z""},{""type"":""click"",""detail"":{""tag"":""INPUT"",""name"":""investment_amount"",""id"":""id_investment_amount"",""type"":""text""},""ts"":""2026-01-17T21:38:15.445Z""},{""type"":""input"",""detail"":{""tag"":""INPUT"",""name"":""investment_amount"",""id"":""id_investment_amount"",""type"":""text""},""ts"":""2026-01-17T21:38:16.574Z""},{""type"":""click"",""detail"":{""tag"":""LABEL"",""name"":null,""id"":null,""type"":null},""ts"":""2026-01-17T21:38:17.778Z""},{""type"":""click"",""detail"":{""tag"":""INPUT"",""name"":""imbalance_informative"",""id"":""id_imbalance_informative-0"",""type"":""radio""},""ts"":""2026-01-17T21:38:17.779Z""},{""type"":""input"",""detail"":{""tag"":""INPUT"",""name"":""imbalance_informative"",""id"":""id_imbalance_informative-0"",""type"":""radio""},""ts"":""2026-01-17T21:38:17.779Z""},{""type"":""click"",""detail"":{""tag"":""INPUT"",""name"":""return_forecast"",""id"":""id_return_forecast"",""type"":""text""},""ts"":""2026-01-17T21:38:19.070Z""},{""type"":""input"",""detail"":{""tag"":""INPUT"",""name"":""return_forecast"",""id"":""id_return_forecast"",""type"":""text""},""ts"":""2026-01-17T21:38:20.170Z""},{""type"":""click"",""detail"":{""tag"":""BUTTON"",""name"":null,""id"":null,""type"":""submit""},""ts"":""2026-01-17T21:38:21.027Z""},{""type"":""form-submit"",""detail"":{},""ts"":""2026-01-17T21:38:21.033Z""}]",1.0,9.79071704878857,1.0,103.43,3.0,104.43,,0,151ug4w3,,,,,0,1,0,1.0,0,-1.0471202371825696,0,,,,1.5719933986365178,7.0,1.3859447685699473,0,0.35,1.1852802064576131,0.1560720323557648,2.23321597130995,15.844096735168,7.15949760432317,24.0737931197775,9.79071704878857,0.3922847774781198,-0.20851446669367427,1.1852802064576131,0.0,1.1852802064576131,0.1560720323557648,0.0,2.4711632453567898,19.209282951211428
216,22,gi3vvfez,676e6f5eb2e5690f74382e58,0,52,52,post_exp,FinalForProlific,2026-01-17 21:30:49.464898,1,,,114.35,22,,110.79,0.14465836876349872,,treatment,,0.0,13,1,0.0,,free_data,100.0,25.0,"[{""type"":""page-load"",""detail"":{""path"":""/p/gi3vvfez/main/Trade/30""},""ts"":""2026-01-17T21:45:29.374Z""},{""type"":""click"",""detail"":{""tag"":""INPUT"",""name"":""investment_amount"",""id"":""id_investment_amount"",""type"":""text""},""ts"":""2026-01-17T21:45:37.914Z""},{""type"":""input"",""detail"":{""tag"":""INPUT"",""name"":""investment_amount"",""id"":""id_investment_amount"",""type"":""text""},""ts"":""2026-01-17T21:45:38.618Z""},{""type"":""click"",""detail"":{""tag"":""INPUT"",""name"":""imbalance_informative"",""id"":""id_imbalance_informative-0"",""type"":""radio""},""ts"":""2026-01-17T21:45:40.980Z""},{""type"":""input"",""detail"":{""tag"":""INPUT"",""name"":""imbalance_informative"",""id"":""id_imbalance_informative-0"",""type"":""radio""},""ts"":""2026-01-17T21:45:40.980Z""},{""type"":""click"",""detail"":{""tag"":""INPUT"",""name"":""return_forecast"",""id"":""id_return_forecast"",""type"":""text""},""ts"":""2026-01-17T21:45:59.844Z""},{""type"":""input"",""detail"":{""tag"":""INPUT"",""name"":""return_forecast"",""id"":""id_return_forecast"",""type"":""text""},""ts"":""2026-01-17T21:46:00.430Z""},{""type"":""click"",""detail"":{""tag"":""BUTTON"",""name"":null,""id"":null,""type"":""submit""},""ts"":""2026-01-17T21:46:01.741Z""},{""type"":""form-submit"",""detail"":{},""ts"":""2026-01-17T21:46:01.741Z""}]",1.0,9.79071704878857,1.0,109.79,2.0,110.79,,0,151ug4w3,,,,,0,1,0,0.0,0,0.392670088943464,0,0.0,0.36890259348753185,0.0,0.4912479370739118,3.0,-1.366695535673143,0,1.0,1.1852802064576131,0.1560720323557648,2.23321597130995,15.844096735168,7.15949760432317,24.0737931197775,9.79071704878857,0.3922847774781198,-0.20851446669367427,0.0,0.0,1.1852802064576131,0.0,0.0,0.241324535679374,15.20928295121143
217,24,1li97jle,563f734bcbd4c60005dc9442,0,49,52,post_exp,Demographics,2026-01-17 21:34:31.158499,1,,,1302.85,24,,109.79,0.14465836876349872,,treatment,,0.0,10,1,0.0,,free_data,100.0,5.0,"[{""type"":""page-load"",""detail"":{""path"":""/p/1li97jle/main/Trade/30""},""ts"":""2026-01-17T21:40:18.304Z""},{""type"":""click"",""detail"":{""tag"":""INPUT"",""name"":""investment_amount"",""id"":""id_investment_amount"",""type"":""text""},""ts"":""2026-01-17T21:40:21.015Z""},{""type"":""input"",""detail"":{""tag"":""INPUT"",""name"":""investment_amount"",""id"":""id_investment_amount"",""type"":""text""},""ts"":""2026-01-17T21:40:22.024Z""},{""type"":""click"",""detail"":{""tag"":""INPUT"",""name"":""imbalance_informative"",""id"":""id_imbalance_informative-1"",""type"":""radio""},""ts"":""2026-01-17T21:40:23.207Z""},{""type"":""input"",""detail"":{""tag"":""INPUT"",""name"":""imbalance_informative"",""id"":""id_imbalance_informative-1"",""type"":""radio""},""ts"":""2026-01-17T21:40:23.207Z""},{""type"":""click"",""detail"":{""tag"":""INPUT"",""name"":""return_forecast"",""id"":""id_return_forecast"",""type"":""text""},""ts"":""2026-01-17T21:40:24.079Z""},{""type"":""input"",""detail"":{""tag"":""INPUT"",""name"":""return_forecast"",""id"":""id_return_forecast"",""type"":""text""},""ts"":""2026-01-17T21:40:26.056Z""},{""type"":""click"",""detail"":{""tag"":""BUTTON"",""name"":null,""id"":null,""type"":""submit""},""ts"":""2026-01-17T21:40:26.585Z""},{""type"":""form-submit"",""detail"":{},""ts"":""2026-01-17T21:40:26.589Z""}]",0.0,9.79071704878857,1.0,109.79,2.0,109.79,,0,151ug4w3,,,,,0,1,0,0.0,0,0.392670088943464,0,,,,-1.129870255269997,7.0,0.3272369592456818,0,1.0,1.1852802064576131,0.1560720323557648,2.23321597130995,15.844096735168,7.15949760432317,24.0737931197775,9.79071704878857,0.3922847774781198,-0.20851446669367427,0.0,0.0,1.1852802064576131,0.0,0.0,1.2766067937438883,4.79071704878857
218,26,8vxh54dk,672eda41e28ba46f845249df,0,52,52,post_exp,FinalForProlific,2026-01-17 21:37:19.026422,1,,,108.92,26,,105.9,0.14465836876349872,,treatment,,0.0,6,1,1.0,,free_data,50.0,10.0,"[{""type"":""page-load"",""detail"":{""path"":""/p/8vxh54dk/main/Trade/30""},""ts"":""2026-01-17T21:48:38.108Z""},{""type"":""right-click"",""detail"":{""x"":887,""y"":522,""target"":""IMG""},""ts"":""2026-01-17T21:48:39.183Z""},{""type"":""contextmenu"",""detail"":{""x"":887,""y"":522,""target"":""IMG""},""ts"":""2026-01-17T21:48:39.246Z""},{""type"":""window-blur"",""detail"":{},""ts"":""2026-01-17T21:48:40.740Z""},{""type"":""visibilitychange"",""detail"":{""state"":""hidden""},""ts"":""2026-01-17T21:48:40.743Z""},{""type"":""visibilitychange"",""detail"":{""state"":""visible""},""ts"":""2026-01-17T21:48:57.880Z""},{""type"":""window-focus"",""detail"":{},""ts"":""2026-01-17T21:48:57.890Z""},{""type"":""click"",""detail"":{""tag"":""INPUT"",""name"":""investment_amount"",""id"":""id_investment_amount"",""type"":""text""},""ts"":""2026-01-17T21:48:59.418Z""},{""type"":""input"",""detail"":{""tag"":""INPUT"",""name"":""investment_amount"",""id"":""id_investment_amount"",""type"":""text""},""ts"":""2026-01-17T21:49:00.666Z""},{""type"":""click"",""detail"":{""tag"":""INPUT"",""name"":""imbalance_informative"",""id"":""id_imbalance_informative-1"",""type"":""radio""},""ts"":""2026-01-17T21:49:02.966Z""},{""type"":""input"",""detail"":{""tag"":""INPUT"",""name"":""imbalance_informative"",""id"":""id_imbalance_informative-1"",""type"":""radio""},""ts"":""2026-01-17T21:49:02.966Z""},{""type"":""click"",""detail"":{""tag"":""INPUT"",""name"":""return_forecast"",""id"":""id_return_forecast"",""type"":""text""},""ts"":""2026-01-17T21:49:03.430Z""},{""type"":""input"",""detail"":{""tag"":""INPUT"",""name"":""return_forecast"",""id"":""id_return_forecast"",""type"":""text""},""ts"":""2026-01-17T21:49:04.139Z""},{""type"":""click"",""detail"":{""tag"":""BUTTON"",""name"":null,""id"":null,""type"":""submit""},""ts"":""2026-01-17T21:49:05.754Z""},{""type"":""form-submit"",""detail"":{},""ts"":""2026-01-17T21:49:05.754Z""}]",0.0,9.79071704878857,1.0,104.9,6.0,105.9,,0,151ug4w3,,,,,0,1,0,1.0,0,0.392670088943464,1,1.0,2.485556818415995,1.0,-1.129870255269997,8.0,0.7507200829753884,0,0.5,1.1852802064576131,0.1560720323557648,2.23321597130995,15.844096735168,7.15949760432317,24.0737931197775,9.79071704878857,0.3922847774781198,-0.20851446669367427,1.1852802064576131,0.0,1.1852802064576131,0.1560720323557648,0.0,1.2766067937438883,0.2092829512114296
219,27,iwq8bj53,6272b9dfc470a51d5fa0e6ea,0,52,52,post_exp,FinalForProlific,2026-01-17 21:42:24.321475,1,,,114.56,27,,110.79,0.14465836876349872,,treatment,,0.0,12,1,0.0,,free_data,100.0,8.0,"[{""type"":""page-load"",""detail"":{""path"":""/p/iwq8bj53/main/Trade/30""},""ts"":""2026-01-17T21:54:34.465Z""},{""type"":""click"",""detail"":{""tag"":""INPUT"",""name"":""investment_amount"",""id"":""id_investment_amount"",""type"":""text""},""ts"":""2026-01-17T21:54:47.264Z""},{""type"":""input"",""detail"":{""tag"":""INPUT"",""name"":""investment_amount"",""id"":""id_investment_amount"",""type"":""text""},""ts"":""2026-01-17T21:54:48.199Z""},{""type"":""input"",""detail"":{""tag"":""INPUT"",""name"":""investment_amount"",""id"":""id_investment_amount"",""type"":""text""},""ts"":""2026-01-17T21:54:48.759Z""},{""type"":""click"",""detail"":{""tag"":""INPUT"",""name"":""imbalance_informative"",""id"":""id_imbalance_informative-0"",""type"":""radio""},""ts"":""2026-01-17T21:54:50.288Z""},{""type"":""input"",""detail"":{""tag"":""INPUT"",""name"":""imbalance_informative"",""id"":""id_imbalance_informative-0"",""type"":""radio""},""ts"":""2026-01-17T21:54:50.288Z""},{""type"":""click"",""detail"":{""tag"":""INPUT"",""name"":""return_forecast"",""id"":""id_return_forecast"",""type"":""text""},""ts"":""2026-01-17T21:54:51.074Z""},{""type"":""input"",""detail"":{""tag"":""INPUT"",""name"":""return_forecast"",""id"":""id_return_forecast"",""type"":""text""},""ts"":""2026-01-17T21:54:51.643Z""},{""type"":""click"",""detail"":{""tag"":""BUTTON"",""name"":null,""id"":null,""type"":""submit""},""ts"":""2026-01-17T21:54:52.763Z""},{""type"":""form-submit"",""detail"":{},""ts"":""2026-01-17T21:54:52.764Z""}]",1.0,9.79071704878857,1.0,109.79,2.0,110.79,,0,151ug4w3,,,,,0,1,0,0.0,0,0.392670088943464,0,1.0,0.4535687624846704,1.0,0.4912479370739118,7.0,0.3272369592456818,0,1.0,1.1852802064576131,0.1560720323557648,2.23321597130995,15.844096735168,7.15949760432317,24.0737931197775,9.79071704878857,0.3922847774781198,-0.20851446669367427,0.0,0.0,1.1852802064576131,0.0,0.0,0.241324535679374,1.7907170487885704
220,28,5uy60pw0,5d6349209b22da000117b1bd,0,52,52,post_exp,FinalForProlific,2026-01-17 21:44:53.042884,1,,,109.31,28,,102.94,0.14465836876349872,,treatment,,0.0,4,1,1.0,,free_data,30.0,12.0,"[{""type"":""page-load"",""detail"":{""path"":""/p/5uy60pw0/main/Trade/30""},""ts"":""2026-01-17T22:00:15.658Z""},{""type"":""click"",""detail"":{""tag"":""INPUT"",""name"":""investment_amount"",""id"":""id_investment_amount"",""type"":""text""},""ts"":""2026-01-17T22:00:32.985Z""},{""type"":""input"",""detail"":{""tag"":""INPUT"",""name"":""investment_amount"",""id"":""id_investment_amount"",""type"":""text""},""ts"":""2026-01-17T22:00:33.812Z""},{""type"":""input"",""detail"":{""tag"":""INPUT"",""name"":""investment_amount"",""id"":""id_investment_amount"",""type"":""text""},""ts"":""2026-01-17T22:00:34.930Z""},{""type"":""click"",""detail"":{""tag"":""LABEL"",""name"":null,""id"":null,""type"":null},""ts"":""2026-01-17T22:00:42.475Z""},{""type"":""click"",""detail"":{""tag"":""INPUT"",""name"":""imbalance_informative"",""id"":""id_imbalance_informative-1"",""type"":""radio""},""ts"":""2026-01-17T22:00:42.477Z""},{""type"":""input"",""detail"":{""tag"":""INPUT"",""name"":""imbalance_informative"",""id"":""id_imbalance_informative-1"",""type"":""radio""},""ts"":""2026-01-17T22:00:42.477Z""},{""type"":""click"",""detail"":{""tag"":""INPUT"",""name"":""return_forecast"",""id"":""id_return_forecast"",""type"":""text""},""ts"":""2026-01-17T22:00:43.142Z""},{""type"":""input"",""detail"":{""tag"":""INPUT"",""name"":""return_forecast"",""id"":""id_return_forecast"",""type"":""text""},""ts"":""2026-01-17T22:00:44.151Z""},{""type"":""click"",""detail"":{""tag"":""BUTTON"",""name"":null,""id"":null,""type"":""submit""},""ts"":""2026-01-17T22:00:46.267Z""},{""type"":""form-submit"",""detail"":{},""ts"":""2026-01-17T22:00:46.269Z""}]",0.0,9.79071704878857,1.0,102.94,4.0,102.94,,0,151ug4w3,,,,,0,1,0,1.0,0,0.392670088943464,0,0.0,0.36890259348753185,0.0,-0.04912479370739113,7.0,0.3272369592456818,0,0.3,1.1852802064576131,0.1560720323557648,2.23321597130995,15.844096735168,7.15949760432317,24.0737931197775,9.79071704878857,0.3922847774781198,-0.20851446669367427,1.1852802064576131,0.0,1.1852802064576131,0.1560720323557648,0.0,0.0024132453567937352,2.2092829512114296
221,29,r8rvnx27,60e769ec9858960e8ad00886,0,52,52,post_exp,FinalForProlific,2026-01-17 21:45:48.803289,1,,,114.24,29,,110.79,0.14465836876349872,,control,,0.0,4,1,-1.0,,free_data,100.0,26.0,"[{""type"":""page-load"",""detail"":{""path"":""/p/r8rvnx27/main/Trade/30""},""ts"":""2026-01-17T21:57:29.750Z""},{""type"":""click"",""detail"":{""tag"":""INPUT"",""name"":""imbalance_informative"",""id"":""id_imbalance_informative-0"",""type"":""radio""},""ts"":""2026-01-17T21:57:38.467Z""},{""type"":""input"",""detail"":{""tag"":""INPUT"",""name"":""imbalance_informative"",""id"":""id_imbalance_informative-0"",""type"":""radio""},""ts"":""2026-01-17T21:57:38.467Z""},{""type"":""click"",""detail"":{""tag"":""INPUT"",""name"":""investment_amount"",""id"":""id_investment_amount"",""type"":""text""},""ts"":""2026-01-17T21:57:39.517Z""},{""type"":""input"",""detail"":{""tag"":""INPUT"",""name"":""investment_amount"",""id"":""id_investment_amount"",""type"":""text""},""ts"":""2026-01-17T21:57:42.134Z""},{""type"":""input"",""detail"":{""tag"":""INPUT"",""name"":""investment_amount"",""id"":""id_investment_amount"",""type"":""text""},""ts"":""2026-01-17T21:57:42.650Z""},{""type"":""click"",""detail"":{""tag"":""INPUT"",""name"":""return_forecast"",""id"":""id_return_forecast"",""type"":""text""},""ts"":""2026-01-17T21:57:43.683Z""},{""type"":""input"",""detail"":{""tag"":""INPUT"",""name"":""return_forecast"",""id"":""id_return_forecast"",""type"":""text""},""ts"":""2026-01-17T21:57:46.865Z""},{""type"":""input"",""detail"":{""tag"":""INPUT"",""name"":""return_forecast"",""id"":""id_return_forecast"",""type"":""text""},""ts"":""2026-01-17T21:57:47.386Z""},{""type"":""click"",""detail"":{""tag"":""BUTTON"",""name"":null,""id"":null,""type"":""submit""},""ts"":""2026-01-17T21:57:48.947Z""},{""type"":""form-submit"",""detail"":{},""ts"":""2026-01-17T21:57:48.949Z""}]",1.0,9.79071704878857,1.0,109.79,7.0,110.79,,0,151ug4w3,,,,,0,0,0,-0.0,0,-0.08726001976521408,0,0.0,0.7922334384732245,0.0,0.4912479370739118,0.0,-2.2842423037541724,0,1.0,1.1852802064576131,0.1560720323557648,2.23321597130995,15.844096735168,7.15949760432317,24.0737931197775,9.79071704878857,0.3922847774781198,-0.20851446669367427,-0.0,0.0,0.0,-0.0,0.0,0.241324535679374,16.209282951211428
222,30,9ioh8yjj,5a501c26eedc32000141f4f2,0,52,52,post_exp,FinalForProlific,2026-01-17 21:52:21.858087,1,,,110.45,30,,101.98,0.14465836876349872,,treatment,,0.0,11,1,0.0,,free_data,10.0,10.0,"[{""type"":""page-load"",""detail"":{""path"":""/p/9ioh8yjj/main/Trade/30""},""ts"":""2026-01-17T22:44:36.534Z""},{""type"":""window-blur"",""detail"":{},""ts"":""2026-01-17T22:46:14.682Z""},{""type"":""visibilitychange"",""detail"":{""state"":""hidden""},""ts"":""2026-01-17T22:46:16.172Z""},{""type"":""visibilitychange"",""detail"":{""state"":""visible""},""ts"":""2026-01-17T22:47:39.445Z""},{""type"":""window-focus"",""detail"":{},""ts"":""2026-01-17T22:47:40.197Z""},{""type"":""click"",""detail"":{""tag"":""INPUT"",""name"":""investment_amount"",""id"":""id_investment_amount"",""type"":""text""},""ts"":""2026-01-17T22:47:42.965Z""},{""type"":""input"",""detail"":{""tag"":""INPUT"",""name"":""investment_amount"",""id"":""id_investment_amount"",""type"":""text""},""ts"":""2026-01-17T22:47:43.625Z""},{""type"":""click"",""detail"":{""tag"":""INPUT"",""name"":""imbalance_informative"",""id"":""id_imbalance_informative-1"",""type"":""radio""},""ts"":""2026-01-17T22:47:45.712Z""},{""type"":""input"",""detail"":{""tag"":""INPUT"",""name"":""imbalance_informative"",""id"":""id_imbalance_informative-1"",""type"":""radio""},""ts"":""2026-01-17T22:47:45.712Z""},{""type"":""click"",""detail"":{""tag"":""INPUT"",""name"":""return_forecast"",""id"":""id_return_forecast"",""type"":""text""},""ts"":""2026-01-17T22:47:46.185Z""},{""type"":""input"",""detail"":{""tag"":""INPUT"",""name"":""return_forecast"",""id"":""id_return_forecast"",""type"":""text""},""ts"":""2026-01-17T22:47:46.316Z""},{""type"":""click"",""detail"":{""tag"":""BUTTON"",""name"":null,""id"":null,""type"":""submit""},""ts"":""2026-01-17T22:47:47.882Z""},{""type"":""form-submit"",""detail"":{},""ts"":""2026-01-17T22:47:47.883Z""}]",0.0,9.79071704878857,1.0,100.98,2.0,101.98,,0,151ug4w3,,,,,0,1,0,0.0,0,-2.4869105633086037,0,0.0,-1.409086955452377,1.0,2.1123661294178206,4.0,1.1742032067050947,0,0.1,1.1852802064576131,0.1560720323557648,2.23321597130995,15.844096735168,7.15949760432317,24.0737931197775,9.79071704878857,0.3922847774781198,-0.20851446669367427,0.0,0.0,1.1852802064576131,0.0,0.0,4.462090664711625,0.2092829512114296
223,31,joi0mcuh,69669328636e175b3d4155dc,0,52,52,post_exp,FinalForProlific,2026-01-17 21:52:45.868789,1,,,111.6,31,,100.98,0.14465836876349872,,treatment,,0.0,8,1,1.0,,free_data,10.0,20.0,"[{""type"":""page-load"",""detail"":{""path"":""/p/joi0mcuh/main/Trade/30""},""ts"":""2026-01-17T22:09:53.530Z""},{""type"":""click"",""detail"":{""tag"":""INPUT"",""name"":""investment_amount"",""id"":""id_investment_amount"",""type"":""text""},""ts"":""2026-01-17T22:10:22.334Z""},{""type"":""input"",""detail"":{""tag"":""INPUT"",""name"":""investment_amount"",""id"":""id_investment_amount"",""type"":""text""},""ts"":""2026-01-17T22:10:25.999Z""},{""type"":""click"",""detail"":{""tag"":""INPUT"",""name"":""imbalance_informative"",""id"":""id_imbalance_informative-1"",""type"":""radio""},""ts"":""2026-01-17T22:10:28.352Z""},{""type"":""input"",""detail"":{""tag"":""INPUT"",""name"":""imbalance_informative"",""id"":""id_imbalance_informative-1"",""type"":""radio""},""ts"":""2026-01-17T22:10:28.352Z""},{""type"":""click"",""detail"":{""tag"":""INPUT"",""name"":""return_forecast"",""id"":""id_return_forecast"",""type"":""text""},""ts"":""2026-01-17T22:10:29.001Z""},{""type"":""input"",""detail"":{""tag"":""INPUT"",""name"":""return_forecast"",""id"":""id_return_forecast"",""type"":""text""},""ts"":""2026-01-17T22:10:29.248Z""},{""type"":""click"",""detail"":{""tag"":""BUTTON"",""name"":null,""id"":null,""type"":""submit""},""ts"":""2026-01-17T22:10:30.751Z""},{""type"":""form-submit"",""detail"":{},""ts"":""2026-01-17T22:10:30.752Z""}]",0.0,9.79071704878857,1.0,100.98,4.0,100.98,,0,151ug4w3,,,,,0,1,0,1.0,0,1.3525303063608196,0,0.0,-0.22376058949243777,1.0,2.1123661294178206,8.0,0.044914876759211554,0,0.1,1.1852802064576131,0.1560720323557648,2.23321597130995,15.844096735168,7.15949760432317,24.0737931197775,9.79071704878857,0.3922847774781198,-0.20851446669367427,1.1852802064576131,0.0,1.1852802064576131,0.1560720323557648,0.0,4.462090664711625,10.20928295121143
224,33,4tbjlhuv,598c4b28cceb0f0001b39675,0,52,52,post_exp,FinalForProlific,2026-01-17 21:57:26.669322,1,,,111.62,33,,101.96,0.14465836876349872,,control,,0.0,6,1,-1.0,,free_data,20.0,15.0,"[{""type"":""page-load"",""detail"":{""path"":""/p/4tbjlhuv/main/Trade/30""},""ts"":""2026-01-17T22:09:04.093Z""},{""type"":""click"",""detail"":{""tag"":""INPUT"",""name"":""investment_amount"",""id"":""id_investment_amount"",""type"":""text""},""ts"":""2026-01-17T22:09:07.379Z""},{""type"":""click"",""detail"":{""tag"":""INPUT"",""name"":""imbalance_informative"",""id"":""id_imbalance_informative-1"",""type"":""radio""},""ts"":""2026-01-17T22:09:16.022Z""},{""type"":""input"",""detail"":{""tag"":""INPUT"",""name"":""imbalance_informative"",""id"":""id_imbalance_informative-1"",""type"":""radio""},""ts"":""2026-01-17T22:09:16.022Z""},{""type"":""click"",""detail"":{""tag"":""INPUT"",""name"":""investment_amount"",""id"":""id_investment_amount"",""type"":""text""},""ts"":""2026-01-17T22:09:16.667Z""},{""type"":""input"",""detail"":{""tag"":""INPUT"",""name"":""investment_amount"",""id"":""id_investment_amount"",""type"":""text""},""ts"":""2026-01-17T22:09:17.403Z""},{""type"":""click"",""detail"":{""tag"":""INPUT"",""name"":""return_forecast"",""id"":""id_return_forecast"",""type"":""text""},""ts"":""2026-01-17T22:09:19.182Z""},{""type"":""input"",""detail"":{""tag"":""INPUT"",""name"":""return_forecast"",""id"":""id_return_forecast"",""type"":""text""},""ts"":""2026-01-17T22:09:19.980Z""},{""type"":""input"",""detail"":{""tag"":""INPUT"",""name"":""return_forecast"",""id"":""id_return_forecast"",""type"":""text""},""ts"":""2026-01-17T22:09:20.600Z""},{""type"":""click"",""detail"":{""tag"":""BUTTON"",""name"":null,""id"":null,""type"":""submit""},""ts"":""2026-01-17T22:09:21.498Z""},{""type"":""form-submit"",""detail"":{},""ts"":""2026-01-17T22:09:21.505Z""}]",0.0,9.79071704878857,1.0,101.96,4.0,101.96,,0,151ug4w3,,,,,0,0,0,-0.0,0,0.8726001976521415,0,0.0,0.4535687624846704,1.0,-1.129870255269997,7.0,-0.025665643862406367,0,0.2,1.1852802064576131,0.1560720323557648,2.23321597130995,15.844096735168,7.15949760432317,24.0737931197775,9.79071704878857,0.3922847774781198,-0.20851446669367427,-0.0,0.0,0.0,-0.0,0.0,1.2766067937438883,5.20928295121143
225,34,4pzjsb2b,67580f69a9a3cb759240904b,0,52,52,post_exp,FinalForProlific,2026-01-17 21:58:30.170718,1,,,106.49,34,,101.0,0.14465836876349872,,treatment,,0.0,10,1,0.0,,free_data,0.0,0.0,"[{""type"":""page-load"",""detail"":{""path"":""/p/4pzjsb2b/main/Trade/30""},""ts"":""2026-01-17T22:07:05.123Z""},{""type"":""click"",""detail"":{""tag"":""INPUT"",""name"":""investment_amount"",""id"":""id_investment_amount"",""type"":""text""},""ts"":""2026-01-17T22:07:12.788Z""},{""type"":""input"",""detail"":{""tag"":""INPUT"",""name"":""investment_amount"",""id"":""id_investment_amount"",""type"":""text""},""ts"":""2026-01-17T22:07:13.909Z""},{""type"":""click"",""detail"":{""tag"":""INPUT"",""name"":""imbalance_informative"",""id"":""id_imbalance_informative-0"",""type"":""radio""},""ts"":""2026-01-17T22:07:19.243Z""},{""type"":""input"",""detail"":{""tag"":""INPUT"",""name"":""imbalance_informative"",""id"":""id_imbalance_informative-0"",""type"":""radio""},""ts"":""2026-01-17T22:07:19.243Z""},{""type"":""click"",""detail"":{""tag"":""INPUT"",""name"":""return_forecast"",""id"":""id_return_forecast"",""type"":""text""},""ts"":""2026-01-17T22:07:20.213Z""},{""type"":""input"",""detail"":{""tag"":""INPUT"",""name"":""return_forecast"",""id"":""id_return_forecast"",""type"":""text""},""ts"":""2026-01-17T22:07:22.358Z""},{""type"":""click"",""detail"":{""tag"":""BUTTON"",""name"":null,""id"":null,""type"":""submit""},""ts"":""2026-01-17T22:07:24.025Z""},{""type"":""form-submit"",""detail"":{},""ts"":""2026-01-17T22:07:24.026Z""}]",1.0,9.79071704878857,1.0,100.0,2.0,101.0,,0,151ug4w3,,,,,0,1,0,0.0,0,1.3525303063608196,0,0.0,1.3002304524560555,1.0,-1.129870255269997,7.0,-0.378568246970495,0,0.0,1.1852802064576131,0.1560720323557648,2.23321597130995,15.844096735168,7.15949760432317,24.0737931197775,9.79071704878857,0.3922847774781198,-0.20851446669367427,0.0,0.0,1.1852802064576131,0.0,0.0,1.2766067937438883,9.79071704878857
226,35,fcwg96au,5848ad3bdb871400012da095,0,52,52,post_exp,FinalForProlific,2026-01-17 22:00:16.297158,1,,,108.19,35,,103.96,0.14465836876349872,,treatment,,0.0,10,1,1.0,,free_data,20.0,10.0,"[{""type"":""page-load"",""detail"":{""path"":""/p/fcwg96au/main/Trade/30""},""ts"":""2026-01-17T22:09:32.878Z""},{""type"":""click"",""detail"":{""tag"":""INPUT"",""name"":""investment_amount"",""id"":""id_investment_amount"",""type"":""text""},""ts"":""2026-01-17T22:09:36.208Z""},{""type"":""input"",""detail"":{""tag"":""INPUT"",""name"":""investment_amount"",""id"":""id_investment_amount"",""type"":""text""},""ts"":""2026-01-17T22:09:36.851Z""},{""type"":""click"",""detail"":{""tag"":""LABEL"",""name"":null,""id"":null,""type"":null},""ts"":""2026-01-17T22:09:37.907Z""},{""type"":""click"",""detail"":{""tag"":""INPUT"",""name"":""imbalance_informative"",""id"":""id_imbalance_informative-0"",""type"":""radio""},""ts"":""2026-01-17T22:09:37.909Z""},{""type"":""input"",""detail"":{""tag"":""INPUT"",""name"":""imbalance_informative"",""id"":""id_imbalance_informative-0"",""type"":""radio""},""ts"":""2026-01-17T22:09:37.910Z""},{""type"":""click"",""detail"":{""tag"":""INPUT"",""name"":""return_forecast"",""id"":""id_return_forecast"",""type"":""text""},""ts"":""2026-01-17T22:09:39.317Z""},{""type"":""input"",""detail"":{""tag"":""INPUT"",""name"":""return_forecast"",""id"":""id_return_forecast"",""type"":""text""},""ts"":""2026-01-17T22:09:40.558Z""},{""type"":""click"",""detail"":{""tag"":""BUTTON"",""name"":null,""id"":null,""type"":""submit""},""ts"":""2026-01-17T22:09:41.577Z""},{""type"":""form-submit"",""detail"":{},""ts"":""2026-01-17T22:09:41.579Z""}]",1.0,9.79071704878857,1.0,101.96,6.0,103.96,,0,151ug4w3,,,,,0,1,0,1.0,0,-0.08726001976521408,1,0.0,-0.3084267584895763,1.0,1.0316206678552147,1.0,-1.8607591800244665,0,0.2,1.1852802064576131,0.1560720323557648,2.23321597130995,15.844096735168,7.15949760432317,24.0737931197775,9.79071704878857,0.3922847774781198,-0.20851446669367427,1.1852802064576131,0.0,1.1852802064576131,0.1560720323557648,0.0,1.0642412023460393,0.2092829512114296
227,37,4d34f1nl,692f221e98e3cdcf10465812,0,52,52,post_exp,FinalForProlific,2026-01-17 22:07:34.984862,1,,,112.1,37,,103.45,0.14465836876349872,,control,,0.0,6,1,-1.0,,free_data,25.0,15.0,"[{""type"":""page-load"",""detail"":{""path"":""/p/4d34f1nl/main/Trade/30""},""ts"":""2026-01-17T22:30:19.571Z""},{""type"":""window-blur"",""detail"":{},""ts"":""2026-01-17T22:30:30.932Z""},{""type"":""visibilitychange"",""detail"":{""state"":""hidden""},""ts"":""2026-01-17T22:30:30.933Z""},{""type"":""visibilitychange"",""detail"":{""state"":""visible""},""ts"":""2026-01-17T22:30:42.822Z""},{""type"":""window-focus"",""detail"":{},""ts"":""2026-01-17T22:30:42.836Z""},{""type"":""click"",""detail"":{""tag"":""INPUT"",""name"":""investment_amount"",""id"":""id_investment_amount"",""type"":""text""},""ts"":""2026-01-17T22:30:43.957Z""},{""type"":""input"",""detail"":{""tag"":""INPUT"",""name"":""investment_amount"",""id"":""id_investment_amount"",""type"":""text""},""ts"":""2026-01-17T22:30:44.152Z""},{""type"":""input"",""detail"":{""tag"":""INPUT"",""name"":""investment_amount"",""id"":""id_investment_amount"",""type"":""text""},""ts"":""2026-01-17T22:30:45.857Z""},{""type"":""window-blur"",""detail"":{},""ts"":""2026-01-17T22:30:48.627Z""},{""type"":""visibilitychange"",""detail"":{""state"":""hidden""},""ts"":""2026-01-17T22:30:48.627Z""},{""type"":""visibilitychange"",""detail"":{""state"":""visible""},""ts"":""2026-01-17T22:30:50.178Z""},{""type"":""window-focus"",""detail"":{},""ts"":""2026-01-17T22:30:50.186Z""},{""type"":""click"",""detail"":{""tag"":""LABEL"",""name"":null,""id"":null,""type"":null},""ts"":""2026-01-17T22:30:51.029Z""},{""type"":""click"",""detail"":{""tag"":""INPUT"",""name"":""imbalance_informative"",""id"":""id_imbalance_informative-0"",""type"":""radio""},""ts"":""2026-01-17T22:30:51.030Z""},{""type"":""input"",""detail"":{""tag"":""INPUT"",""name"":""imbalance_informative"",""id"":""id_imbalance_informative-0"",""type"":""radio""},""ts"":""2026-01-17T22:30:51.030Z""},{""type"":""click"",""detail"":{""tag"":""LABEL"",""name"":null,""id"":null,""type"":null},""ts"":""2026-01-17T22:30:51.394Z""},{""type"":""click"",""detail"":{""tag"":""INPUT"",""name"":""imbalance_informative"",""id"":""id_imbalance_informative-0"",""type"":""radio""},""ts"":""2026-01-17T22:30:51.394Z""},{""type"":""click"",""detail"":{""tag"":""LABEL"",""name"":null,""id"":null,""type"":null},""ts"":""2026-01-17T22:30:51.937Z""},{""type"":""click"",""detail"":{""tag"":""INPUT"",""name"":""return_forecast"",""id"":""id_return_forecast"",""type"":""text""},""ts"":""2026-01-17T22:30:51.941Z""},{""type"":""click"",""detail"":{""tag"":""LABEL"",""name"":null,""id"":null,""type"":null},""ts"":""2026-01-17T22:30:52.310Z""},{""type"":""click"",""detail"":{""tag"":""INPUT"",""name"":""return_forecast"",""id"":""id_return_forecast"",""type"":""text""},""ts"":""2026-01-17T22:30:52.311Z""},{""type"":""window-blur"",""detail"":{},""ts"":""2026-01-17T22:30:52.852Z""},{""type"":""visibilitychange"",""detail"":{""state"":""hidden""},""ts"":""2026-01-17T22:30:52.853Z""},{""type"":""visibilitychange"",""detail"":{""state"":""visible""},""ts"":""2026-01-17T22:30:53.419Z""},{""type"":""window-focus"",""detail"":{},""ts"":""2026-01-17T22:30:53.424Z""},{""type"":""input"",""detail"":{""tag"":""INPUT"",""name"":""return_forecast"",""id"":""id_return_forecast"",""type"":""text""},""ts"":""2026-01-17T22:30:54.052Z""},{""type"":""click"",""detail"":{""tag"":""BUTTON"",""name"":null,""id"":null,""type"":""submit""},""ts"":""2026-01-17T22:30:55.389Z""},{""type"":""form-submit"",""detail"":{},""ts"":""2026-01-17T22:30:55.390Z""}]",1.0,9.79071704878857,1.0,102.45,3.0,103.45,,0,151ug4w3,,,,,0,0,0,-0.0,0,-0.08726001976521408,0,0.0,-1.7477516314409312,0.0,-0.5894975244886941,7.0,0.6801395623537705,0,0.25,1.1852802064576131,0.1560720323557648,2.23321597130995,15.844096735168,7.15949760432317,24.0737931197775,9.79071704878857,0.3922847774781198,-0.20851446669367427,-0.0,0.0,0.0,-0.0,0.0,0.3475073313782985,5.20928295121143
228,38,d8aqe2fa,650b03136ab3d4c832d98b71,0,52,52,post_exp,FinalForProlific,2026-01-17 22:08:13.439724,1,,,118.99,38,,108.34,0.14465836876349872,,treatment,,0.0,5,1,1.0,,free_data,75.0,18.0,"[{""type"":""page-load"",""detail"":{""path"":""/p/d8aqe2fa/main/Trade/30""},""ts"":""2026-01-17T22:20:18.642Z""},{""type"":""copy"",""detail"":{""types"":[],""hasImage"":true,""hasFiles"":false},""ts"":""2026-01-17T22:20:20.620Z""},{""type"":""window-blur"",""detail"":{},""ts"":""2026-01-17T22:20:21.073Z""},{""type"":""window-focus"",""detail"":{},""ts"":""2026-01-17T22:20:21.724Z""},{""type"":""right-click"",""detail"":{""x"":1225,""y"":383,""target"":""IMG""},""ts"":""2026-01-17T22:20:22.063Z""},{""type"":""contextmenu"",""detail"":{""x"":1225,""y"":383,""target"":""IMG""},""ts"":""2026-01-17T22:20:22.117Z""},{""type"":""window-blur"",""detail"":{},""ts"":""2026-01-17T22:20:23.703Z""},{""type"":""window-focus"",""detail"":{},""ts"":""2026-01-17T22:20:26.032Z""},{""type"":""click"",""detail"":{""tag"":""INPUT"",""name"":""investment_amount"",""id"":""id_investment_amount"",""type"":""text""},""ts"":""2026-01-17T22:20:30.878Z""},{""type"":""input"",""detail"":{""tag"":""INPUT"",""name"":""investment_amount"",""id"":""id_investment_amount"",""type"":""text""},""ts"":""2026-01-17T22:20:31.731Z""},{""type"":""click"",""detail"":{""tag"":""LABEL"",""name"":null,""id"":null,""type"":null},""ts"":""2026-01-17T22:20:33.517Z""},{""type"":""click"",""detail"":{""tag"":""LABEL"",""name"":null,""id"":null,""type"":null},""ts"":""2026-01-17T22:20:34.541Z""},{""type"":""click"",""detail"":{""tag"":""INPUT"",""name"":""imbalance_informative"",""id"":""id_imbalance_informative-0"",""type"":""radio""},""ts"":""2026-01-17T22:20:34.542Z""},{""type"":""input"",""detail"":{""tag"":""INPUT"",""name"":""imbalance_informative"",""id"":""id_imbalance_informative-0"",""type"":""radio""},""ts"":""2026-01-17T22:20:34.542Z""},{""type"":""click"",""detail"":{""tag"":""INPUT"",""name"":""return_forecast"",""id"":""id_return_forecast"",""type"":""text""},""ts"":""2026-01-17T22:20:35.061Z""},{""type"":""input"",""detail"":{""tag"":""INPUT"",""name"":""return_forecast"",""id"":""id_return_forecast"",""type"":""text""},""ts"":""2026-01-17T22:20:35.571Z""},{""type"":""click"",""detail"":{""tag"":""BUTTON"",""name"":null,""id"":null,""type"":""submit""},""ts"":""2026-01-17T22:20:36.621Z""},{""type"":""form-submit"",""detail"":{},""ts"":""2026-01-17T22:20:36.622Z""}]",1.0,9.79071704878857,1.0,107.34,4.0,108.34,,0,151ug4w3,,,,,0,1,0,1.0,0,1.3525303063608196,0,1.0,-0.5624252654809918,0.0,-0.5894975244886941,6.0,-0.8020513707002012,0,0.75,1.1852802064576131,0.1560720323557648,2.23321597130995,15.844096735168,7.15949760432317,24.0737931197775,9.79071704878857,0.3922847774781198,-0.20851446669367427,1.1852802064576131,0.0,1.1852802064576131,0.1560720323557648,0.0,0.3475073313782985,8.20928295121143
229,39,35jj3mv4,666445e5b72745f04a4f57d6,0,52,52,post_exp,FinalForProlific,2026-01-17 22:10:39.908203,1,,,115.9,39,,105.9,0.14465836876349872,,treatment,,0.0,5,1,1.0,,free_data,50.0,10.0,"[{""type"":""page-load"",""detail"":{""path"":""/p/35jj3mv4/main/Trade/30""},""ts"":""2026-01-17T22:27:11.390Z""},{""type"":""click"",""detail"":{""tag"":""INPUT"",""name"":""imbalance_informative"",""id"":""id_imbalance_informative-1"",""type"":""radio""},""ts"":""2026-01-17T22:27:23.197Z""},{""type"":""input"",""detail"":{""tag"":""INPUT"",""name"":""imbalance_informative"",""id"":""id_imbalance_informative-1"",""type"":""radio""},""ts"":""2026-01-17T22:27:23.197Z""},{""type"":""click"",""detail"":{""tag"":""INPUT"",""name"":""investment_amount"",""id"":""id_investment_amount"",""type"":""text""},""ts"":""2026-01-17T22:27:27.379Z""},{""type"":""input"",""detail"":{""tag"":""INPUT"",""name"":""investment_amount"",""id"":""id_investment_amount"",""type"":""text""},""ts"":""2026-01-17T22:27:29.064Z""},{""type"":""click"",""detail"":{""tag"":""INPUT"",""name"":""return_forecast"",""id"":""id_return_forecast"",""type"":""text""},""ts"":""2026-01-17T22:27:31.347Z""},{""type"":""input"",""detail"":{""tag"":""INPUT"",""name"":""return_forecast"",""id"":""id_return_forecast"",""type"":""text""},""ts"":""2026-01-17T22:27:32.421Z""},{""type"":""input"",""detail"":{""tag"":""INPUT"",""name"":""return_forecast"",""id"":""id_return_forecast"",""type"":""text""},""ts"":""2026-01-17T22:27:33.112Z""},{""type"":""click"",""detail"":{""tag"":""BUTTON"",""name"":null,""id"":null,""type"":""submit""},""ts"":""2026-01-17T22:27:35.428Z""},{""type"":""form-submit"",""detail"":{},""ts"":""2026-01-17T22:27:35.432Z""}]",0.0,9.79071704878857,1.0,104.9,3.0,105.9,,0,151ug4w3,,,,,0,1,0,1.0,0,1.3525303063608196,0,0.0,1.215564283458917,1.0,-0.04912479370739113,6.0,-0.8020513707002012,0,0.5,1.1852802064576131,0.1560720323557648,2.23321597130995,15.844096735168,7.15949760432317,24.0737931197775,9.79071704878857,0.3922847774781198,-0.20851446669367427,1.1852802064576131,0.0,1.1852802064576131,0.1560720323557648,0.0,0.0024132453567937352,0.2092829512114296
230,40,7czue3k2,5cad1eef8ed53d00180d2532,0,52,52,post_exp,FinalForProlific,2026-01-17 22:23:11.563870,1,,,110.19,40,,104.92,0.14465836876349872,,treatment,,0.0,13,1,0.0,,free_data,40.0,20.0,"[{""type"":""page-load"",""detail"":{""path"":""/p/7czue3k2/main/Trade/30""},""ts"":""2026-01-17T22:40:59.808Z""},{""type"":""click"",""detail"":{""tag"":""INPUT"",""name"":""imbalance_informative"",""id"":""id_imbalance_informative-0"",""type"":""radio""},""ts"":""2026-01-17T22:41:21.317Z""},{""type"":""input"",""detail"":{""tag"":""INPUT"",""name"":""imbalance_informative"",""id"":""id_imbalance_informative-0"",""type"":""radio""},""ts"":""2026-01-17T22:41:21.317Z""},{""type"":""click"",""detail"":{""tag"":""INPUT"",""name"":""return_forecast"",""id"":""id_return_forecast"",""type"":""text""},""ts"":""2026-01-17T22:41:29.859Z""},{""type"":""input"",""detail"":{""tag"":""INPUT"",""name"":""return_forecast"",""id"":""id_return_forecast"",""type"":""text""},""ts"":""2026-01-17T22:41:30.884Z""},{""type"":""input"",""detail"":{""tag"":""INPUT"",""name"":""return_forecast"",""id"":""id_return_forecast"",""type"":""text""},""ts"":""2026-01-17T22:41:31.597Z""},{""type"":""click"",""detail"":{""tag"":""INPUT"",""name"":""investment_amount"",""id"":""id_investment_amount"",""type"":""text""},""ts"":""2026-01-17T22:41:34.728Z""},{""type"":""input"",""detail"":{""tag"":""INPUT"",""name"":""investment_amount"",""id"":""id_investment_amount"",""type"":""text""},""ts"":""2026-01-17T22:41:35.698Z""},{""type"":""input"",""detail"":{""tag"":""INPUT"",""name"":""investment_amount"",""id"":""id_investment_amount"",""type"":""text""},""ts"":""2026-01-17T22:41:37.685Z""},{""type"":""input"",""detail"":{""tag"":""INPUT"",""name"":""investment_amount"",""id"":""id_investment_amount"",""type"":""text""},""ts"":""2026-01-17T22:41:38.375Z""},{""type"":""click"",""detail"":{""tag"":""BUTTON"",""name"":null,""id"":null,""type"":""submit""},""ts"":""2026-01-17T22:41:39.484Z""},{""type"":""form-submit"",""detail"":{},""ts"":""2026-01-17T22:41:39.490Z""}]",1.0,9.79071704878857,1.0,103.92,6.0,104.92,,0,151ug4w3,,,,,0,1,0,0.0,0,-2.0069804545999257,1,0.0,-1.1550884484609614,0.0,-0.5894975244886941,2.0,-0.025665643862406367,0,0.4,1.1852802064576131,0.1560720323557648,2.23321597130995,15.844096735168,7.15949760432317,24.0737931197775,9.79071704878857,0.3922847774781198,-0.20851446669367427,0.0,0.0,1.1852802064576131,0.0,0.0,0.3475073313782985,10.20928295121143
231,1,0zkzl65f,64df6c0375d740bb235620f5,0,52,52,post_exp,FinalForProlific,2026-01-17 21:20:10.774463,1,,,140.11,1,,96.96,0.4339751062904961,,control,,0.0,11,1,-1.0,,free_data,100.0,7.0,"[{""type"":""page-load"",""detail"":{""path"":""/p/0zkzl65f/main/Trade/33""},""ts"":""2026-01-17T21:35:43.438Z""},{""type"":""window-blur"",""detail"":{},""ts"":""2026-01-17T21:35:47.180Z""},{""type"":""visibilitychange"",""detail"":{""state"":""hidden""},""ts"":""2026-01-17T21:35:47.185Z""},{""type"":""visibilitychange"",""detail"":{""state"":""visible""},""ts"":""2026-01-17T21:35:48.931Z""},{""type"":""window-focus"",""detail"":{},""ts"":""2026-01-17T21:35:48.931Z""},{""type"":""click"",""detail"":{""tag"":""INPUT"",""name"":""investment_amount"",""id"":""id_investment_amount"",""type"":""text""},""ts"":""2026-01-17T21:36:01.259Z""},{""type"":""input"",""detail"":{""tag"":""INPUT"",""name"":""investment_amount"",""id"":""id_investment_amount"",""type"":""text""},""ts"":""2026-01-17T21:36:01.660Z""},{""type"":""click"",""detail"":{""tag"":""INPUT"",""name"":""imbalance_informative"",""id"":""id_imbalance_informative-0"",""type"":""radio""},""ts"":""2026-01-17T21:36:07.020Z""},{""type"":""input"",""detail"":{""tag"":""INPUT"",""name"":""imbalance_informative"",""id"":""id_imbalance_informative-0"",""type"":""radio""},""ts"":""2026-01-17T21:36:07.021Z""},{""type"":""click"",""detail"":{""tag"":""INPUT"",""name"":""return_forecast"",""id"":""id_return_forecast"",""type"":""text""},""ts"":""2026-01-17T21:36:08.127Z""},{""type"":""input"",""detail"":{""tag"":""INPUT"",""name"":""return_forecast"",""id"":""id_return_forecast"",""type"":""text""},""ts"":""2026-01-17T21:36:13.641Z""},{""type"":""click"",""detail"":{""tag"":""BUTTON"",""name"":null,""id"":null,""type"":""submit""},""ts"":""2026-01-17T21:36:17.630Z""},{""type"":""form-submit"",""detail"":{},""ts"":""2026-01-17T21:36:17.631Z""}]",1.0,-3.044953941097,0.0,96.96,4.0,96.96,,0,151ug4w3,,,,,0,0,0,-0.0,0,1.3525303063608196,0,0.0,-0.8164237724724074,0.0,-0.04912479370739113,3.0,-2.0725007418893195,0,1.0,0.7012527950837855,-0.0553931322004733,-4.63099907973659,4.4398936706769,6.63541379134778,16.7984126757497,-3.044953941097,0.723872460938847,0.2831705162628085,-0.0,0.0,0.0,0.0,-0.0,0.0024132453567937352,10.044953941096999
232,2,nx9hs1ng,677fea8903ad496f30f16502,0,52,52,post_exp,FinalForProlific,2026-01-17 21:20:12.375324,1,,,110.35,2,,99.97,0.4339751062904961,,treatment,,0.0,11,0,0.0,,paid_data,1.0,28.0,"[{""type"":""page-load"",""detail"":{""path"":""/p/nx9hs1ng/main/Trade/33""},""ts"":""2026-01-17T21:30:09.116Z""},{""type"":""click"",""detail"":{""tag"":""INPUT"",""name"":""investment_amount"",""id"":""id_investment_amount"",""type"":""text""},""ts"":""2026-01-17T21:30:12.730Z""},{""type"":""input"",""detail"":{""tag"":""INPUT"",""name"":""investment_amount"",""id"":""id_investment_amount"",""type"":""text""},""ts"":""2026-01-17T21:30:14.434Z""},{""type"":""click"",""detail"":{""tag"":""LABEL"",""name"":null,""id"":null,""type"":null},""ts"":""2026-01-17T21:30:15.233Z""},{""type"":""click"",""detail"":{""tag"":""INPUT"",""name"":""return_forecast"",""id"":""id_return_forecast"",""type"":""text""},""ts"":""2026-01-17T21:30:15.234Z""},{""type"":""input"",""detail"":{""tag"":""INPUT"",""name"":""return_forecast"",""id"":""id_return_forecast"",""type"":""text""},""ts"":""2026-01-17T21:30:18.489Z""},{""type"":""click"",""detail"":{""tag"":""BUTTON"",""name"":null,""id"":null,""type"":""submit""},""ts"":""2026-01-17T21:30:20.001Z""},{""type"":""form-submit"",""detail"":{},""ts"":""2026-01-17T21:30:20.001Z""}]",,-3.044953941097,0.0,99.97,3.0,99.97,,0,151ug4w3,,,,,0,1,1,0.0,1,0.392670088943464,1,0.0,-0.5624252654809918,1.0,-0.04912479370739113,6.0,-0.09624616448402429,0,0.01,0.7012527950837855,-0.0553931322004733,-4.63099907973659,4.4398936706769,6.63541379134778,16.7984126757497,-3.044953941097,0.723872460938847,0.2831705162628085,0.0,0.7012527950837855,0.7012527950837855,-0.0,-0.0553931322004733,0.0024132453567937352,31.044953941097
233,3,i3c60565,6962c417f20b621d95bd694d,0,52,52,post_exp,FinalForProlific,2026-01-17 21:20:30.391188,1,,,113.86,3,,98.48,0.4339751062904961,,treatment,,0.0,5,0,0.0,,paid_data,50.0,4.0,"[{""type"":""page-load"",""detail"":{""path"":""/p/i3c60565/main/Trade/33""},""ts"":""2026-01-17T21:34:29.805Z""},{""type"":""click"",""detail"":{""tag"":""INPUT"",""name"":""investment_amount"",""id"":""id_investment_amount"",""type"":""text""},""ts"":""2026-01-17T21:34:34.751Z""},{""type"":""input"",""detail"":{""tag"":""INPUT"",""name"":""investment_amount"",""id"":""id_investment_amount"",""type"":""text""},""ts"":""2026-01-17T21:34:35.439Z""},{""type"":""click"",""detail"":{""tag"":""INPUT"",""name"":""return_forecast"",""id"":""id_return_forecast"",""type"":""text""},""ts"":""2026-01-17T21:34:37.719Z""},{""type"":""input"",""detail"":{""tag"":""INPUT"",""name"":""return_forecast"",""id"":""id_return_forecast"",""type"":""text""},""ts"":""2026-01-17T21:34:38.312Z""},{""type"":""click"",""detail"":{""tag"":""BUTTON"",""name"":null,""id"":null,""type"":""submit""},""ts"":""2026-01-17T21:34:39.726Z""},{""type"":""form-submit"",""detail"":{},""ts"":""2026-01-17T21:34:39.727Z""}]",,-3.044953941097,0.0,98.48,4.0,98.48,,0,151ug4w3,,,,,0,1,1,0.0,1,-1.5270503458912477,1,0.0,-0.05442825149816073,1.0,1.0316206678552147,5.0,0.8918811242186238,0,0.5,0.7012527950837855,-0.0553931322004733,-4.63099907973659,4.4398936706769,6.63541379134778,16.7984126757497,-3.044953941097,0.723872460938847,0.2831705162628085,0.0,0.7012527950837855,0.7012527950837855,-0.0,-0.0553931322004733,1.0642412023460393,7.044953941097
234,4,k7sp0ynm,67665f7b0329bd3e30515ad2,0,52,52,post_exp,FinalForProlific,2026-01-17 21:20:50.689404,1,,,102.31,4,,96.96,0.4339751062904961,,treatment,,0.0,10,0,0.0,,paid_data,100.0,20.0,"[{""type"":""page-load"",""detail"":{""path"":""/p/k7sp0ynm/main/Trade/33""},""ts"":""2026-01-17T21:49:15.582Z""},{""type"":""click"",""detail"":{""tag"":""INPUT"",""name"":""investment_amount"",""id"":""id_investment_amount"",""type"":""text""},""ts"":""2026-01-17T21:49:18.018Z""},{""type"":""input"",""detail"":{""tag"":""INPUT"",""name"":""investment_amount"",""id"":""id_investment_amount"",""type"":""text""},""ts"":""2026-01-17T21:49:18.776Z""},{""type"":""input"",""detail"":{""tag"":""INPUT"",""name"":""investment_amount"",""id"":""id_investment_amount"",""type"":""text""},""ts"":""2026-01-17T21:49:19.362Z""},{""type"":""click"",""detail"":{""tag"":""INPUT"",""name"":""return_forecast"",""id"":""id_return_forecast"",""type"":""text""},""ts"":""2026-01-17T21:49:22.654Z""},{""type"":""input"",""detail"":{""tag"":""INPUT"",""name"":""return_forecast"",""id"":""id_return_forecast"",""type"":""text""},""ts"":""2026-01-17T21:49:23.524Z""},{""type"":""click"",""detail"":{""tag"":""BUTTON"",""name"":null,""id"":null,""type"":""submit""},""ts"":""2026-01-17T21:49:24.994Z""},{""type"":""form-submit"",""detail"":{},""ts"":""2026-01-17T21:49:24.996Z""}]",,-3.044953941097,0.0,96.96,2.0,96.96,,0,151ug4w3,,,,,0,1,1,0.0,1,-1.0471202371825696,0,0.0,-0.5624252654809918,1.0,1.5719933986365178,4.0,0.11549539738082899,0,1.0,0.7012527950837855,-0.0553931322004733,-4.63099907973659,4.4398936706769,6.63541379134778,16.7984126757497,-3.044953941097,0.723872460938847,0.2831705162628085,0.0,0.7012527950837855,0.7012527950837855,-0.0,-0.0553931322004733,2.4711632453567898,23.044953941097
235,6,6bbjn8v1,5e459f61418f610891628564,0,52,52,post_exp,FinalForProlific,2026-01-17 21:22:23.663747,1,,,103.85,6,,92.11,0.4339751062904961,,treatment,,0.0,6,1,1.0,,paid_data,95.0,23.0,"[{""type"":""page-load"",""detail"":{""path"":""/p/6bbjn8v1/main/Trade/33""},""ts"":""2026-01-17T21:32:20.010Z""},{""type"":""window-blur"",""detail"":{},""ts"":""2026-01-17T21:32:32.196Z""},{""type"":""visibilitychange"",""detail"":{""state"":""hidden""},""ts"":""2026-01-17T21:32:32.722Z""},{""type"":""visibilitychange"",""detail"":{""state"":""visible""},""ts"":""2026-01-17T21:33:14.926Z""},{""type"":""window-focus"",""detail"":{},""ts"":""2026-01-17T21:33:14.947Z""},{""type"":""click"",""detail"":{""tag"":""INPUT"",""name"":""investment_amount"",""id"":""id_investment_amount"",""type"":""text""},""ts"":""2026-01-17T21:33:32.533Z""},{""type"":""input"",""detail"":{""tag"":""INPUT"",""name"":""investment_amount"",""id"":""id_investment_amount"",""type"":""text""},""ts"":""2026-01-17T21:33:33.445Z""},{""type"":""click"",""detail"":{""tag"":""INPUT"",""name"":""imbalance_informative"",""id"":""id_imbalance_informative-0"",""type"":""radio""},""ts"":""2026-01-17T21:33:34.579Z""},{""type"":""input"",""detail"":{""tag"":""INPUT"",""name"":""imbalance_informative"",""id"":""id_imbalance_informative-0"",""type"":""radio""},""ts"":""2026-01-17T21:33:34.579Z""},{""type"":""click"",""detail"":{""tag"":""INPUT"",""name"":""return_forecast"",""id"":""id_return_forecast"",""type"":""text""},""ts"":""2026-01-17T21:33:35.411Z""},{""type"":""input"",""detail"":{""tag"":""INPUT"",""name"":""return_forecast"",""id"":""id_return_forecast"",""type"":""text""},""ts"":""2026-01-17T21:33:36.220Z""},{""type"":""click"",""detail"":{""tag"":""BUTTON"",""name"":null,""id"":null,""type"":""submit""},""ts"":""2026-01-17T21:33:36.812Z""},{""type"":""form-submit"",""detail"":{},""ts"":""2026-01-17T21:33:36.813Z""}]",1.0,-3.044953941097,0.0,92.11,4.0,92.11,,0,151ug4w3,,,,,0,1,1,1.0,1,-0.08726001976521408,0,0.0,-0.22376058949243777,1.0,-0.5894975244886941,5.0,-0.16682668510564172,1,1.0,0.7012527950837855,-0.0553931322004733,-4.63099907973659,4.4398936706769,6.63541379134778,16.7984126757497,-3.044953941097,0.723872460938847,0.2831705162628085,0.7012527950837855,0.7012527950837855,0.7012527950837855,-0.0553931322004733,-0.0553931322004733,0.3475073313782985,26.044953941097
236,7,gl7u8nio,62b2080f8f89f2f15c47d9ba,0,52,52,post_exp,FinalForProlific,2026-01-17 21:22:24.603886,1,,,118.89,7,,99.09,0.4339751062904961,,treatment,,0.0,8,0,0.0,,paid_data,30.0,4.0,"[{""type"":""page-load"",""detail"":{""path"":""/p/gl7u8nio/main/Trade/33""},""ts"":""2026-01-17T21:35:51.119Z""},{""type"":""click"",""detail"":{""tag"":""INPUT"",""name"":""investment_amount"",""id"":""id_investment_amount"",""type"":""text""},""ts"":""2026-01-17T21:35:55.330Z""},{""type"":""input"",""detail"":{""tag"":""INPUT"",""name"":""investment_amount"",""id"":""id_investment_amount"",""type"":""text""},""ts"":""2026-01-17T21:35:56.304Z""},{""type"":""click"",""detail"":{""tag"":""INPUT"",""name"":""return_forecast"",""id"":""id_return_forecast"",""type"":""text""},""ts"":""2026-01-17T21:35:58.096Z""},{""type"":""input"",""detail"":{""tag"":""INPUT"",""name"":""return_forecast"",""id"":""id_return_forecast"",""type"":""text""},""ts"":""2026-01-17T21:35:58.854Z""},{""type"":""click"",""detail"":{""tag"":""BUTTON"",""name"":null,""id"":null,""type"":""submit""},""ts"":""2026-01-17T21:36:00.030Z""},{""type"":""form-submit"",""detail"":{},""ts"":""2026-01-17T21:36:00.031Z""}]",,-3.044953941097,0.0,99.09,3.0,99.09,,0,151ug4w3,,,,,0,1,1,0.0,1,-0.08726001976521408,1,0.0,1.3848966214531941,0.0,2.1123661294178206,6.0,0.25665643862406434,0,0.3,0.7012527950837855,-0.0553931322004733,-4.63099907973659,4.4398936706769,6.63541379134778,16.7984126757497,-3.044953941097,0.723872460938847,0.2831705162628085,0.0,0.7012527950837855,0.7012527950837855,-0.0,-0.0553931322004733,4.462090664711625,7.044953941097
237,8,difxszml,5d1ec3b72e9ac3001ab525ef,0,49,52,post_exp,Demographics,2026-01-17 21:22:33.376663,1,,,1190.64,8,,94.7,0.4339751062904961,,treatment,,0.0,4,1,1.0,,paid_data,10.0,8.0,"[{""type"":""page-load"",""detail"":{""path"":""/p/difxszml/main/Trade/33""},""ts"":""2026-01-17T21:32:49.349Z""},{""type"":""click"",""detail"":{""tag"":""INPUT"",""name"":""investment_amount"",""id"":""id_investment_amount"",""type"":""text""},""ts"":""2026-01-17T21:32:53.621Z""},{""type"":""input"",""detail"":{""tag"":""INPUT"",""name"":""investment_amount"",""id"":""id_investment_amount"",""type"":""text""},""ts"":""2026-01-17T21:32:55.131Z""},{""type"":""click"",""detail"":{""tag"":""INPUT"",""name"":""imbalance_informative"",""id"":""id_imbalance_informative-0"",""type"":""radio""},""ts"":""2026-01-17T21:32:57.572Z""},{""type"":""input"",""detail"":{""tag"":""INPUT"",""name"":""imbalance_informative"",""id"":""id_imbalance_informative-0"",""type"":""radio""},""ts"":""2026-01-17T21:32:57.572Z""},{""type"":""click"",""detail"":{""tag"":""INPUT"",""name"":""return_forecast"",""id"":""id_return_forecast"",""type"":""text""},""ts"":""2026-01-17T21:32:58.126Z""},{""type"":""input"",""detail"":{""tag"":""INPUT"",""name"":""return_forecast"",""id"":""id_return_forecast"",""type"":""text""},""ts"":""2026-01-17T21:33:00.261Z""},{""type"":""click"",""detail"":{""tag"":""BUTTON"",""name"":null,""id"":null,""type"":""submit""},""ts"":""2026-01-17T21:33:01.629Z""},{""type"":""form-submit"",""detail"":{},""ts"":""2026-01-17T21:33:01.635Z""}]",1.0,-3.044953941097,0.0,94.7,3.0,94.7,,0,151ug4w3,,,,,0,1,1,1.0,1,0.8726001976521415,0,,,,-0.04912479370739113,8.0,0.3978174798673002,1,0.10526315789473684,0.7012527950837855,-0.0553931322004733,-4.63099907973659,4.4398936706769,6.63541379134778,16.7984126757497,-3.044953941097,0.723872460938847,0.2831705162628085,0.7012527950837855,0.7012527950837855,0.7012527950837855,-0.0553931322004733,-0.0553931322004733,0.0024132453567937352,11.044953941096999
238,9,hlqkfw8x,67e7cfd17a7062da8a273fbf,0,52,52,post_exp,FinalForProlific,2026-01-17 21:23:02.043408,1,,,115.94,9,,99.48,0.4339751062904961,,control,,0.0,14,1,-1.0,,free_data,50.0,5.0,"[{""type"":""page-load"",""detail"":{""path"":""/p/hlqkfw8x/main/Trade/33""},""ts"":""2026-01-17T21:37:24.047Z""},{""type"":""click"",""detail"":{""tag"":""INPUT"",""name"":""investment_amount"",""id"":""id_investment_amount"",""type"":""text""},""ts"":""2026-01-17T21:37:40.545Z""},{""type"":""input"",""detail"":{""tag"":""INPUT"",""name"":""investment_amount"",""id"":""id_investment_amount"",""type"":""text""},""ts"":""2026-01-17T21:37:41.468Z""},{""type"":""click"",""detail"":{""tag"":""INPUT"",""name"":""imbalance_informative"",""id"":""id_imbalance_informative-1"",""type"":""radio""},""ts"":""2026-01-17T21:37:43.036Z""},{""type"":""input"",""detail"":{""tag"":""INPUT"",""name"":""imbalance_informative"",""id"":""id_imbalance_informative-1"",""type"":""radio""},""ts"":""2026-01-17T21:37:43.036Z""},{""type"":""click"",""detail"":{""tag"":""INPUT"",""name"":""return_forecast"",""id"":""id_return_forecast"",""type"":""text""},""ts"":""2026-01-17T21:37:44.257Z""},{""type"":""input"",""detail"":{""tag"":""INPUT"",""name"":""return_forecast"",""id"":""id_return_forecast"",""type"":""text""},""ts"":""2026-01-17T21:37:45.941Z""},{""type"":""click"",""detail"":{""tag"":""BUTTON"",""name"":null,""id"":null,""type"":""submit""},""ts"":""2026-01-17T21:37:46.660Z""},{""type"":""form-submit"",""detail"":{},""ts"":""2026-01-17T21:37:46.665Z""}]",0.0,-3.044953941097,0.0,98.48,4.0,99.48,,0,151ug4w3,,,,,0,0,0,-0.0,0,-0.08726001976521408,1,0.0,1.1308981144617785,0.0,-0.5894975244886941,5.0,-0.16682668510564172,0,0.5,0.7012527950837855,-0.0553931322004733,-4.63099907973659,4.4398936706769,6.63541379134778,16.7984126757497,-3.044953941097,0.723872460938847,0.2831705162628085,-0.0,0.0,0.0,0.0,-0.0,0.3475073313782985,8.044953941096999
239,10,miej8bbr,67730320948951ecb761b3f2,0,52,52,post_exp,FinalForProlific,2026-01-17 21:23:16.323182,1,,,104.87,10,,98.17,0.4339751062904961,,treatment,,0.0,14,0,0.0,,paid_data,60.0,10.0,"[{""type"":""page-load"",""detail"":{""path"":""/p/miej8bbr/main/Trade/33""},""ts"":""2026-01-17T21:34:21.822Z""},{""type"":""click"",""detail"":{""tag"":""INPUT"",""name"":""investment_amount"",""id"":""id_investment_amount"",""type"":""text""},""ts"":""2026-01-17T21:34:25.475Z""},{""type"":""input"",""detail"":{""tag"":""INPUT"",""name"":""investment_amount"",""id"":""id_investment_amount"",""type"":""text""},""ts"":""2026-01-17T21:34:26.285Z""},{""type"":""click"",""detail"":{""tag"":""INPUT"",""name"":""return_forecast"",""id"":""id_return_forecast"",""type"":""text""},""ts"":""2026-01-17T21:34:27.274Z""},{""type"":""input"",""detail"":{""tag"":""INPUT"",""name"":""return_forecast"",""id"":""id_return_forecast"",""type"":""text""},""ts"":""2026-01-17T21:34:28.587Z""},{""type"":""click"",""detail"":{""tag"":""BUTTON"",""name"":null,""id"":null,""type"":""submit""},""ts"":""2026-01-17T21:34:29.861Z""},{""type"":""form-submit"",""detail"":{},""ts"":""2026-01-17T21:34:29.862Z""}]",,-3.044953941097,0.0,98.17,1.0,98.17,,0,151ug4w3,,,,,0,1,1,0.0,1,1.3525303063608196,0,1.0,-0.6470914344781303,1.0,-1.129870255269997,6.0,-0.8020513707002012,0,0.6,0.7012527950837855,-0.0553931322004733,-4.63099907973659,4.4398936706769,6.63541379134778,16.7984126757497,-3.044953941097,0.723872460938847,0.2831705162628085,0.0,0.7012527950837855,0.7012527950837855,-0.0,-0.0553931322004733,1.2766067937438883,13.044953941096999
240,11,i76mujh9,5b99663d4cefb60001e7a214,0,49,52,post_exp,Demographics,2026-01-17 21:24:20.177255,1,,,1203.53,11,,95.7,0.4339751062904961,,treatment,,0.0,6,1,1.0,,paid_data,10.0,16.0,"[{""type"":""page-load"",""detail"":{""path"":""/p/i76mujh9/main/Trade/33""},""ts"":""2026-01-17T21:40:43.959Z""},{""type"":""click"",""detail"":{""tag"":""INPUT"",""name"":""imbalance_informative"",""id"":""id_imbalance_informative-1"",""type"":""radio""},""ts"":""2026-01-17T21:41:03.693Z""},{""type"":""input"",""detail"":{""tag"":""INPUT"",""name"":""imbalance_informative"",""id"":""id_imbalance_informative-1"",""type"":""radio""},""ts"":""2026-01-17T21:41:03.693Z""},{""type"":""click"",""detail"":{""tag"":""INPUT"",""name"":""investment_amount"",""id"":""id_investment_amount"",""type"":""text""},""ts"":""2026-01-17T21:41:04.492Z""},{""type"":""input"",""detail"":{""tag"":""INPUT"",""name"":""investment_amount"",""id"":""id_investment_amount"",""type"":""text""},""ts"":""2026-01-17T21:41:06.140Z""},{""type"":""click"",""detail"":{""tag"":""INPUT"",""name"":""return_forecast"",""id"":""id_return_forecast"",""type"":""text""},""ts"":""2026-01-17T21:41:07.641Z""},{""type"":""input"",""detail"":{""tag"":""INPUT"",""name"":""return_forecast"",""id"":""id_return_forecast"",""type"":""text""},""ts"":""2026-01-17T21:41:08.571Z""},{""type"":""click"",""detail"":{""tag"":""BUTTON"",""name"":null,""id"":null,""type"":""submit""},""ts"":""2026-01-17T21:41:09.407Z""},{""type"":""form-submit"",""detail"":{},""ts"":""2026-01-17T21:41:09.411Z""}]",0.0,-3.044953941097,0.0,94.7,5.0,95.7,,0,151ug4w3,,,,,0,1,1,1.0,1,-0.5671901284738922,0,,,,-1.129870255269997,7.0,1.0330421654618591,1,0.10526315789473684,0.7012527950837855,-0.0553931322004733,-4.63099907973659,4.4398936706769,6.63541379134778,16.7984126757497,-3.044953941097,0.723872460938847,0.2831705162628085,0.7012527950837855,0.7012527950837855,0.7012527950837855,-0.0553931322004733,-0.0553931322004733,1.2766067937438883,19.044953941097
241,12,rnucedhy,5a9fa90f873cda00010d29d8,0,52,52,post_exp,FinalForProlific,2026-01-17 21:24:40.341139,1,,,110.42,12,,98.17,0.4339751062904961,,treatment,,0.0,14,0,0.0,,paid_data,60.0,15.0,"[{""type"":""page-load"",""detail"":{""path"":""/p/rnucedhy/main/Trade/33""},""ts"":""2026-01-17T21:39:14.988Z""},{""type"":""click"",""detail"":{""tag"":""INPUT"",""name"":""investment_amount"",""id"":""id_investment_amount"",""type"":""text""},""ts"":""2026-01-17T21:39:17.010Z""},{""type"":""input"",""detail"":{""tag"":""INPUT"",""name"":""investment_amount"",""id"":""id_investment_amount"",""type"":""text""},""ts"":""2026-01-17T21:39:17.792Z""},{""type"":""copy"",""detail"":{""types"":[],""hasImage"":false,""hasFiles"":false},""ts"":""2026-01-17T21:39:21.939Z""},{""type"":""window-blur"",""detail"":{},""ts"":""2026-01-17T21:39:22.602Z""},{""type"":""visibilitychange"",""detail"":{""state"":""hidden""},""ts"":""2026-01-17T21:39:22.606Z""},{""type"":""visibilitychange"",""detail"":{""state"":""visible""},""ts"":""2026-01-17T21:39:24.996Z""},{""type"":""window-focus"",""detail"":{},""ts"":""2026-01-17T21:39:24.997Z""},{""type"":""window-blur"",""detail"":{},""ts"":""2026-01-17T21:39:27.864Z""},{""type"":""window-focus"",""detail"":{},""ts"":""2026-01-17T21:39:29.391Z""},{""type"":""window-blur"",""detail"":{},""ts"":""2026-01-17T21:39:29.806Z""},{""type"":""visibilitychange"",""detail"":{""state"":""hidden""},""ts"":""2026-01-17T21:39:29.808Z""},{""type"":""visibilitychange"",""detail"":{""state"":""visible""},""ts"":""2026-01-17T21:39:57.775Z""},{""type"":""window-focus"",""detail"":{},""ts"":""2026-01-17T21:39:57.776Z""},{""type"":""click"",""detail"":{""tag"":""INPUT"",""name"":""investment_amount"",""id"":""id_investment_amount"",""type"":""text""},""ts"":""2026-01-17T21:39:59.398Z""},{""type"":""input"",""detail"":{""tag"":""INPUT"",""name"":""investment_amount"",""id"":""id_investment_amount"",""type"":""text""},""ts"":""2026-01-17T21:40:00.039Z""},{""type"":""input"",""detail"":{""tag"":""INPUT"",""name"":""investment_amount"",""id"":""id_investment_amount"",""type"":""text""},""ts"":""2026-01-17T21:40:00.683Z""},{""type"":""click"",""detail"":{""tag"":""INPUT"",""name"":""return_forecast"",""id"":""id_return_forecast"",""type"":""text""},""ts"":""2026-01-17T21:40:02.254Z""},{""type"":""input"",""detail"":{""tag"":""INPUT"",""name"":""return_forecast"",""id"":""id_return_forecast"",""type"":""text""},""ts"":""2026-01-17T21:40:02.312Z""},{""type"":""click"",""detail"":{""tag"":""BUTTON"",""name"":null,""id"":null,""type"":""submit""},""ts"":""2026-01-17T21:40:04.067Z""},{""type"":""form-submit"",""detail"":{},""ts"":""2026-01-17T21:40:04.068Z""}]",,-3.044953941097,0.0,98.17,4.0,98.17,,0,151ug4w3,,,,,0,1,1,0.0,1,-0.5671901284738922,0,0.0,-1.070422279463823,1.0,-1.129870255269997,9.0,1.8800084129212717,0,0.6,0.7012527950837855,-0.0553931322004733,-4.63099907973659,4.4398936706769,6.63541379134778,16.7984126757497,-3.044953941097,0.723872460938847,0.2831705162628085,0.0,0.7012527950837855,0.7012527950837855,-0.0,-0.0553931322004733,1.2766067937438883,18.044953941097
242,13,0agbbz6t,64e6b4025cbe79c020343121,0,52,52,post_exp,FinalForProlific,2026-01-17 21:25:07.530984,1,,,107.83,13,,99.54,0.4339751062904961,,control,,0.0,9,1,-1.0,,free_data,15.0,3.0,"[{""type"":""page-load"",""detail"":{""path"":""/p/0agbbz6t/main/Trade/33""},""ts"":""2026-01-17T21:33:11.835Z""},{""type"":""click"",""detail"":{""tag"":""INPUT"",""name"":""investment_amount"",""id"":""id_investment_amount"",""type"":""text""},""ts"":""2026-01-17T21:33:15.180Z""},{""type"":""input"",""detail"":{""tag"":""INPUT"",""name"":""investment_amount"",""id"":""id_investment_amount"",""type"":""text""},""ts"":""2026-01-17T21:33:15.957Z""},{""type"":""click"",""detail"":{""tag"":""INPUT"",""name"":""return_forecast"",""id"":""id_return_forecast"",""type"":""text""},""ts"":""2026-01-17T21:33:21.084Z""},{""type"":""click"",""detail"":{""tag"":""INPUT"",""name"":""imbalance_informative"",""id"":""id_imbalance_informative-0"",""type"":""radio""},""ts"":""2026-01-17T21:33:22.558Z""},{""type"":""input"",""detail"":{""tag"":""INPUT"",""name"":""imbalance_informative"",""id"":""id_imbalance_informative-0"",""type"":""radio""},""ts"":""2026-01-17T21:33:22.560Z""},{""type"":""click"",""detail"":{""tag"":""INPUT"",""name"":""return_forecast"",""id"":""id_return_forecast"",""type"":""text""},""ts"":""2026-01-17T21:33:22.994Z""},{""type"":""input"",""detail"":{""tag"":""INPUT"",""name"":""return_forecast"",""id"":""id_return_forecast"",""type"":""text""},""ts"":""2026-01-17T21:33:23.341Z""},{""type"":""click"",""detail"":{""tag"":""BUTTON"",""name"":null,""id"":null,""type"":""submit""},""ts"":""2026-01-17T21:33:24.648Z""},{""type"":""form-submit"",""detail"":{},""ts"":""2026-01-17T21:33:24.649Z""}]",1.0,-3.044953941097,0.0,99.54,3.0,99.54,,0,151ug4w3,,,,,0,0,0,-0.0,0,-1.0471202371825696,0,1.0,0.19957025549325483,1.0,-0.5894975244886941,9.0,2.23291101602936,0,0.15,0.7012527950837855,-0.0553931322004733,-4.63099907973659,4.4398936706769,6.63541379134778,16.7984126757497,-3.044953941097,0.723872460938847,0.2831705162628085,-0.0,0.0,0.0,0.0,-0.0,0.3475073313782985,6.044953941097
243,14,vyd28ofr,66e74ca113f609cd2a13df59,0,52,52,post_exp,FinalForProlific,2026-01-17 21:25:37.276893,1,,,126.77,14,,92.56,0.4339751062904961,,treatment,,0.0,11,1,1.0,,paid_data,80.0,15.0,"[{""type"":""page-load"",""detail"":{""path"":""/p/vyd28ofr/main/Trade/33""},""ts"":""2026-01-17T21:35:27.830Z""},{""type"":""click"",""detail"":{""tag"":""INPUT"",""name"":""investment_amount"",""id"":""id_investment_amount"",""type"":""text""},""ts"":""2026-01-17T21:35:33.997Z""},{""type"":""input"",""detail"":{""tag"":""INPUT"",""name"":""investment_amount"",""id"":""id_investment_amount"",""type"":""text""},""ts"":""2026-01-17T21:35:35.657Z""},{""type"":""click"",""detail"":{""tag"":""LABEL"",""name"":null,""id"":null,""type"":null},""ts"":""2026-01-17T21:35:36.580Z""},{""type"":""click"",""detail"":{""tag"":""INPUT"",""name"":""imbalance_informative"",""id"":""id_imbalance_informative-0"",""type"":""radio""},""ts"":""2026-01-17T21:35:36.580Z""},{""type"":""input"",""detail"":{""tag"":""INPUT"",""name"":""imbalance_informative"",""id"":""id_imbalance_informative-0"",""type"":""radio""},""ts"":""2026-01-17T21:35:36.580Z""},{""type"":""click"",""detail"":{""tag"":""INPUT"",""name"":""return_forecast"",""id"":""id_return_forecast"",""type"":""text""},""ts"":""2026-01-17T21:35:37.399Z""},{""type"":""input"",""detail"":{""tag"":""INPUT"",""name"":""return_forecast"",""id"":""id_return_forecast"",""type"":""text""},""ts"":""2026-01-17T21:35:39.630Z""},{""type"":""input"",""detail"":{""tag"":""INPUT"",""name"":""return_forecast"",""id"":""id_return_forecast"",""type"":""text""},""ts"":""2026-01-17T21:35:40.228Z""},{""type"":""click"",""detail"":{""tag"":""BUTTON"",""name"":null,""id"":null,""type"":""submit""},""ts"":""2026-01-17T21:35:40.652Z""},{""type"":""form-submit"",""detail"":{},""ts"":""2026-01-17T21:35:40.657Z""}]",1.0,-3.044953941097,0.0,92.56,4.0,92.56,,0,151ug4w3,,,,,0,1,1,1.0,1,0.392670088943464,0,0.0,0.9615657764675015,1.0,-0.04912479370739113,5.0,-0.5197292882137304,1,0.8421052631578947,0.7012527950837855,-0.0553931322004733,-4.63099907973659,4.4398936706769,6.63541379134778,16.7984126757497,-3.044953941097,0.723872460938847,0.2831705162628085,0.7012527950837855,0.7012527950837855,0.7012527950837855,-0.0553931322004733,-0.0553931322004733,0.0024132453567937352,18.044953941097
244,15,p639azxy,6965b338f069222c10b2bdc9,0,52,52,post_exp,FinalForProlific,2026-01-17 21:26:31.341396,1,,,118.08,15,,93.17,0.4339751062904961,,treatment,,0.0,9,1,1.0,,paid_data,60.0,19.0,"[{""type"":""page-load"",""detail"":{""path"":""/p/p639azxy/main/Trade/33""},""ts"":""2026-01-17T21:39:25.416Z""},{""type"":""click"",""detail"":{""tag"":""INPUT"",""name"":""investment_amount"",""id"":""id_investment_amount"",""type"":""text""},""ts"":""2026-01-17T21:39:29.289Z""},{""type"":""input"",""detail"":{""tag"":""INPUT"",""name"":""investment_amount"",""id"":""id_investment_amount"",""type"":""text""},""ts"":""2026-01-17T21:39:47.766Z""},{""type"":""click"",""detail"":{""tag"":""LABEL"",""name"":null,""id"":null,""type"":null},""ts"":""2026-01-17T21:39:48.774Z""},{""type"":""click"",""detail"":{""tag"":""INPUT"",""name"":""imbalance_informative"",""id"":""id_imbalance_informative-0"",""type"":""radio""},""ts"":""2026-01-17T21:39:48.775Z""},{""type"":""input"",""detail"":{""tag"":""INPUT"",""name"":""imbalance_informative"",""id"":""id_imbalance_informative-0"",""type"":""radio""},""ts"":""2026-01-17T21:39:48.775Z""},{""type"":""click"",""detail"":{""tag"":""INPUT"",""name"":""return_forecast"",""id"":""id_return_forecast"",""type"":""text""},""ts"":""2026-01-17T21:39:53.923Z""},{""type"":""input"",""detail"":{""tag"":""INPUT"",""name"":""return_forecast"",""id"":""id_return_forecast"",""type"":""text""},""ts"":""2026-01-17T21:39:54.775Z""},{""type"":""click"",""detail"":{""tag"":""BUTTON"",""name"":null,""id"":null,""type"":""submit""},""ts"":""2026-01-17T21:39:55.472Z""},{""type"":""form-submit"",""detail"":{},""ts"":""2026-01-17T21:39:55.474Z""}]",1.0,-3.044953941097,0.0,93.17,4.0,93.17,,0,151ug4w3,,,,,0,1,1,1.0,1,-0.08726001976521408,1,0.0,-0.3930929274867148,1.0,-0.04912479370739113,6.0,0.25665643862406434,1,0.631578947368421,0.7012527950837855,-0.0553931322004733,-4.63099907973659,4.4398936706769,6.63541379134778,16.7984126757497,-3.044953941097,0.723872460938847,0.2831705162628085,0.7012527950837855,0.7012527950837855,0.7012527950837855,-0.0553931322004733,-0.0553931322004733,0.0024132453567937352,22.044953941097
245,16,sw8lem34,677346f91e35f1cb1e647c34,0,49,52,post_exp,Demographics,2026-01-17 21:26:45.318628,1,,,1199.47,16,,94.48,0.4339751062904961,,treatment,,0.0,9,1,1.0,,paid_data,50.0,13.0,"[{""type"":""page-load"",""detail"":{""path"":""/p/sw8lem34/main/Trade/33""},""ts"":""2026-01-17T21:39:00.205Z""},{""type"":""click"",""detail"":{""tag"":""INPUT"",""name"":""investment_amount"",""id"":""id_investment_amount"",""type"":""text""},""ts"":""2026-01-17T21:39:07.852Z""},{""type"":""input"",""detail"":{""tag"":""INPUT"",""name"":""investment_amount"",""id"":""id_investment_amount"",""type"":""text""},""ts"":""2026-01-17T21:39:10.806Z""},{""type"":""click"",""detail"":{""tag"":""INPUT"",""name"":""imbalance_informative"",""id"":""id_imbalance_informative-1"",""type"":""radio""},""ts"":""2026-01-17T21:39:12.409Z""},{""type"":""input"",""detail"":{""tag"":""INPUT"",""name"":""imbalance_informative"",""id"":""id_imbalance_informative-1"",""type"":""radio""},""ts"":""2026-01-17T21:39:12.409Z""},{""type"":""click"",""detail"":{""tag"":""INPUT"",""name"":""return_forecast"",""id"":""id_return_forecast"",""type"":""text""},""ts"":""2026-01-17T21:39:13.237Z""},{""type"":""input"",""detail"":{""tag"":""INPUT"",""name"":""return_forecast"",""id"":""id_return_forecast"",""type"":""text""},""ts"":""2026-01-17T21:39:16.827Z""},{""type"":""input"",""detail"":{""tag"":""INPUT"",""name"":""return_forecast"",""id"":""id_return_forecast"",""type"":""text""},""ts"":""2026-01-17T21:39:17.744Z""},{""type"":""click"",""detail"":{""tag"":""BUTTON"",""name"":null,""id"":null,""type"":""submit""},""ts"":""2026-01-17T21:39:18.384Z""},{""type"":""form-submit"",""detail"":{},""ts"":""2026-01-17T21:39:18.389Z""}]",0.0,-3.044953941097,0.0,93.48,4.0,94.48,,0,151ug4w3,,,,,0,1,1,1.0,1,0.392670088943464,0,,,,-0.04912479370739113,5.0,-0.5197292882137304,1,0.5263157894736842,0.7012527950837855,-0.0553931322004733,-4.63099907973659,4.4398936706769,6.63541379134778,16.7984126757497,-3.044953941097,0.723872460938847,0.2831705162628085,0.7012527950837855,0.7012527950837855,0.7012527950837855,-0.0553931322004733,-0.0553931322004733,0.0024132453567937352,16.044953941097
246,17,3v5sipps,695bd4f6bbdb5a636882ce78,0,52,52,post_exp,FinalForProlific,2026-01-17 21:26:53.633718,1,,,118.89,17,,96.96,0.4339751062904961,,control,,0.0,9,1,-1.0,,free_data,100.0,20.0,"[{""type"":""page-load"",""detail"":{""path"":""/p/3v5sipps/main/Trade/33""},""ts"":""2026-01-17T21:35:11.497Z""},{""type"":""click"",""detail"":{""tag"":""INPUT"",""name"":""investment_amount"",""id"":""id_investment_amount"",""type"":""text""},""ts"":""2026-01-17T21:35:14.989Z""},{""type"":""input"",""detail"":{""tag"":""INPUT"",""name"":""investment_amount"",""id"":""id_investment_amount"",""type"":""text""},""ts"":""2026-01-17T21:35:15.133Z""},{""type"":""click"",""detail"":{""tag"":""INPUT"",""name"":""imbalance_informative"",""id"":""id_imbalance_informative-0"",""type"":""radio""},""ts"":""2026-01-17T21:35:16.671Z""},{""type"":""input"",""detail"":{""tag"":""INPUT"",""name"":""imbalance_informative"",""id"":""id_imbalance_informative-0"",""type"":""radio""},""ts"":""2026-01-17T21:35:16.671Z""},{""type"":""click"",""detail"":{""tag"":""INPUT"",""name"":""return_forecast"",""id"":""id_return_forecast"",""type"":""text""},""ts"":""2026-01-17T21:35:17.306Z""},{""type"":""input"",""detail"":{""tag"":""INPUT"",""name"":""return_forecast"",""id"":""id_return_forecast"",""type"":""text""},""ts"":""2026-01-17T21:35:17.651Z""},{""type"":""click"",""detail"":{""tag"":""BUTTON"",""name"":null,""id"":null,""type"":""submit""},""ts"":""2026-01-17T21:35:19.456Z""},{""type"":""form-submit"",""detail"":{},""ts"":""2026-01-17T21:35:19.456Z""}]",1.0,-3.044953941097,0.0,96.96,3.0,96.96,,0,151ug4w3,,,,,0,0,0,-0.0,0,-1.5270503458912477,0,0.0,0.36890259348753185,0.0,-0.5894975244886941,3.0,0.04491487675921132,0,1.0,0.7012527950837855,-0.0553931322004733,-4.63099907973659,4.4398936706769,6.63541379134778,16.7984126757497,-3.044953941097,0.723872460938847,0.2831705162628085,-0.0,0.0,0.0,0.0,-0.0,0.3475073313782985,23.044953941097
247,19,6xawj670,69419dd351c8c6866590c254,0,52,52,post_exp,FinalForProlific,2026-01-17 21:28:19.710613,1,,,104.78,19,,99.54,0.4339751062904961,,treatment,,0.0,6,0,0.0,,paid_data,15.0,-1.0,"[{""type"":""page-load"",""detail"":{""path"":""/p/6xawj670/main/Trade/33""},""ts"":""2026-01-17T22:09:57.291Z""},{""type"":""click"",""detail"":{""tag"":""INPUT"",""name"":""investment_amount"",""id"":""id_investment_amount"",""type"":""text""},""ts"":""2026-01-17T22:09:58.589Z""},{""type"":""input"",""detail"":{""tag"":""INPUT"",""name"":""investment_amount"",""id"":""id_investment_amount"",""type"":""text""},""ts"":""2026-01-17T22:09:59.213Z""},{""type"":""input"",""detail"":{""tag"":""INPUT"",""name"":""investment_amount"",""id"":""id_investment_amount"",""type"":""text""},""ts"":""2026-01-17T22:10:01.156Z""},{""type"":""click"",""detail"":{""tag"":""INPUT"",""name"":""return_forecast"",""id"":""id_return_forecast"",""type"":""text""},""ts"":""2026-01-17T22:10:02.712Z""},{""type"":""input"",""detail"":{""tag"":""INPUT"",""name"":""return_forecast"",""id"":""id_return_forecast"",""type"":""text""},""ts"":""2026-01-17T22:10:03.388Z""},{""type"":""input"",""detail"":{""tag"":""INPUT"",""name"":""return_forecast"",""id"":""id_return_forecast"",""type"":""text""},""ts"":""2026-01-17T22:10:04.677Z""},{""type"":""input"",""detail"":{""tag"":""INPUT"",""name"":""return_forecast"",""id"":""id_return_forecast"",""type"":""text""},""ts"":""2026-01-17T22:10:05.212Z""},{""type"":""click"",""detail"":{""tag"":""BUTTON"",""name"":null,""id"":null,""type"":""submit""},""ts"":""2026-01-17T22:10:06.774Z""},{""type"":""form-submit"",""detail"":{},""ts"":""2026-01-17T22:10:06.774Z""}]",,-3.044953941097,0.0,99.54,1.0,99.54,,0,151ug4w3,,,,,0,1,1,0.0,1,-0.5671901284738922,0,0.0,-1.7477516314409312,0.0,-0.5894975244886941,4.0,-0.23740720572725918,0,0.15,0.7012527950837855,-0.0553931322004733,-4.63099907973659,4.4398936706769,6.63541379134778,16.7984126757497,-3.044953941097,0.723872460938847,0.2831705162628085,0.0,0.7012527950837855,0.7012527950837855,-0.0,-0.0553931322004733,0.3475073313782985,2.044953941097
248,20,cx4xx3np,61576d2fde97a7adb4b6a193,0,49,52,post_exp,Demographics,2026-01-17 21:28:27.073012,1,,,1213.01,20,,93.72,0.4339751062904961,,treatment,,0.0,12,1,1.0,,paid_data,75.0,-10.0,"[{""type"":""page-load"",""detail"":{""path"":""/p/cx4xx3np/main/Trade/33""},""ts"":""2026-01-17T21:38:43.820Z""},{""type"":""click"",""detail"":{""tag"":""INPUT"",""name"":""return_forecast"",""id"":""id_return_forecast"",""type"":""text""},""ts"":""2026-01-17T21:38:48.027Z""},{""type"":""input"",""detail"":{""tag"":""INPUT"",""name"":""return_forecast"",""id"":""id_return_forecast"",""type"":""text""},""ts"":""2026-01-17T21:38:48.929Z""},{""type"":""input"",""detail"":{""tag"":""INPUT"",""name"":""return_forecast"",""id"":""id_return_forecast"",""type"":""text""},""ts"":""2026-01-17T21:38:49.456Z""},{""type"":""input"",""detail"":{""tag"":""INPUT"",""name"":""return_forecast"",""id"":""id_return_forecast"",""type"":""text""},""ts"":""2026-01-17T21:38:50.037Z""},{""type"":""input"",""detail"":{""tag"":""INPUT"",""name"":""return_forecast"",""id"":""id_return_forecast"",""type"":""text""},""ts"":""2026-01-17T21:38:50.870Z""},{""type"":""click"",""detail"":{""tag"":""INPUT"",""name"":""return_forecast"",""id"":""id_return_forecast"",""type"":""text""},""ts"":""2026-01-17T21:38:55.998Z""},{""type"":""input"",""detail"":{""tag"":""INPUT"",""name"":""return_forecast"",""id"":""id_return_forecast"",""type"":""text""},""ts"":""2026-01-17T21:38:57.407Z""},{""type"":""input"",""detail"":{""tag"":""INPUT"",""name"":""return_forecast"",""id"":""id_return_forecast"",""type"":""text""},""ts"":""2026-01-17T21:38:58.855Z""},{""type"":""click"",""detail"":{""tag"":""BUTTON"",""name"":null,""id"":null,""type"":""submit""},""ts"":""2026-01-17T21:39:00.224Z""},{""type"":""form-submit"",""detail"":{},""ts"":""2026-01-17T21:39:00.229Z""}]",0.0,-3.044953941097,0.0,92.72,4.0,93.72,,0,151ug4w3,,,,,0,1,1,1.0,1,-1.0471202371825696,0,,,,1.5719933986365178,7.0,1.3859447685699473,1,0.7894736842105263,0.7012527950837855,-0.0553931322004733,-4.63099907973659,4.4398936706769,6.63541379134778,16.7984126757497,-3.044953941097,0.723872460938847,0.2831705162628085,0.7012527950837855,0.7012527950837855,0.7012527950837855,-0.0553931322004733,-0.0553931322004733,2.4711632453567898,6.955046058903
249,22,gi3vvfez,676e6f5eb2e5690f74382e58,0,52,52,post_exp,FinalForProlific,2026-01-17 21:30:49.464898,1,,,114.35,22,,96.96,0.4339751062904961,,treatment,,0.0,13,0,0.0,,paid_data,100.0,19.0,"[{""type"":""page-load"",""detail"":{""path"":""/p/gi3vvfez/main/Trade/33""},""ts"":""2026-01-17T21:46:09.927Z""},{""type"":""click"",""detail"":{""tag"":""INPUT"",""name"":""investment_amount"",""id"":""id_investment_amount"",""type"":""text""},""ts"":""2026-01-17T21:46:15.219Z""},{""type"":""input"",""detail"":{""tag"":""INPUT"",""name"":""investment_amount"",""id"":""id_investment_amount"",""type"":""text""},""ts"":""2026-01-17T21:46:15.880Z""},{""type"":""click"",""detail"":{""tag"":""INPUT"",""name"":""return_forecast"",""id"":""id_return_forecast"",""type"":""text""},""ts"":""2026-01-17T21:46:24.324Z""},{""type"":""input"",""detail"":{""tag"":""INPUT"",""name"":""return_forecast"",""id"":""id_return_forecast"",""type"":""text""},""ts"":""2026-01-17T21:46:24.899Z""},{""type"":""click"",""detail"":{""tag"":""BUTTON"",""name"":null,""id"":null,""type"":""submit""},""ts"":""2026-01-17T21:46:26.207Z""},{""type"":""form-submit"",""detail"":{},""ts"":""2026-01-17T21:46:26.208Z""}]",,-3.044953941097,0.0,96.96,2.0,96.96,,0,151ug4w3,,,,,0,1,1,0.0,1,0.392670088943464,0,0.0,0.36890259348753185,0.0,0.4912479370739118,3.0,-1.366695535673143,0,1.0,0.7012527950837855,-0.0553931322004733,-4.63099907973659,4.4398936706769,6.63541379134778,16.7984126757497,-3.044953941097,0.723872460938847,0.2831705162628085,0.0,0.7012527950837855,0.7012527950837855,-0.0,-0.0553931322004733,0.241324535679374,22.044953941097
250,24,1li97jle,563f734bcbd4c60005dc9442,0,49,52,post_exp,Demographics,2026-01-17 21:34:31.158499,1,,,1302.85,24,,96.96,0.4339751062904961,,treatment,,0.0,10,0,0.0,,paid_data,100.0,10.0,"[{""type"":""page-load"",""detail"":{""path"":""/p/1li97jle/main/Trade/33""},""ts"":""2026-01-17T21:40:35.487Z""},{""type"":""click"",""detail"":{""tag"":""INPUT"",""name"":""investment_amount"",""id"":""id_investment_amount"",""type"":""text""},""ts"":""2026-01-17T21:40:37.775Z""},{""type"":""input"",""detail"":{""tag"":""INPUT"",""name"":""investment_amount"",""id"":""id_investment_amount"",""type"":""text""},""ts"":""2026-01-17T21:40:38.534Z""},{""type"":""click"",""detail"":{""tag"":""INPUT"",""name"":""return_forecast"",""id"":""id_return_forecast"",""type"":""text""},""ts"":""2026-01-17T21:40:39.519Z""},{""type"":""click"",""detail"":{""tag"":""INPUT"",""name"":""investment_amount"",""id"":""id_investment_amount"",""type"":""text""},""ts"":""2026-01-17T21:40:41.015Z""},{""type"":""input"",""detail"":{""tag"":""INPUT"",""name"":""investment_amount"",""id"":""id_investment_amount"",""type"":""text""},""ts"":""2026-01-17T21:40:41.905Z""},{""type"":""click"",""detail"":{""tag"":""INPUT"",""name"":""return_forecast"",""id"":""id_return_forecast"",""type"":""text""},""ts"":""2026-01-17T21:40:42.748Z""},{""type"":""input"",""detail"":{""tag"":""INPUT"",""name"":""return_forecast"",""id"":""id_return_forecast"",""type"":""text""},""ts"":""2026-01-17T21:40:44.209Z""},{""type"":""input"",""detail"":{""tag"":""INPUT"",""name"":""return_forecast"",""id"":""id_return_forecast"",""type"":""text""},""ts"":""2026-01-17T21:40:44.722Z""},{""type"":""click"",""detail"":{""tag"":""BUTTON"",""name"":null,""id"":null,""type"":""submit""},""ts"":""2026-01-17T21:40:45.350Z""},{""type"":""form-submit"",""detail"":{},""ts"":""2026-01-17T21:40:45.354Z""}]",,-3.044953941097,0.0,96.96,2.0,96.96,,0,151ug4w3,,,,,0,1,1,0.0,1,0.392670088943464,0,,,,-1.129870255269997,7.0,0.3272369592456818,0,1.0,0.7012527950837855,-0.0553931322004733,-4.63099907973659,4.4398936706769,6.63541379134778,16.7984126757497,-3.044953941097,0.723872460938847,0.2831705162628085,0.0,0.7012527950837855,0.7012527950837855,-0.0,-0.0553931322004733,1.2766067937438883,13.044953941096999
251,26,8vxh54dk,672eda41e28ba46f845249df,0,52,52,post_exp,FinalForProlific,2026-01-17 21:37:19.026422,1,,,108.92,26,,94.17,0.4339751062904961,,treatment,,0.0,6,1,1.0,,paid_data,60.0,10.0,"[{""type"":""page-load"",""detail"":{""path"":""/p/8vxh54dk/main/Trade/33""},""ts"":""2026-01-17T21:49:28.883Z""},{""type"":""right-click"",""detail"":{""x"":978,""y"":474,""target"":""IMG""},""ts"":""2026-01-17T21:49:29.497Z""},{""type"":""contextmenu"",""detail"":{""x"":978,""y"":474,""target"":""IMG""},""ts"":""2026-01-17T21:49:29.561Z""},{""type"":""window-blur"",""detail"":{},""ts"":""2026-01-17T21:49:31.066Z""},{""type"":""visibilitychange"",""detail"":{""state"":""hidden""},""ts"":""2026-01-17T21:49:31.070Z""},{""type"":""visibilitychange"",""detail"":{""state"":""visible""},""ts"":""2026-01-17T21:49:46.513Z""},{""type"":""window-focus"",""detail"":{},""ts"":""2026-01-17T21:49:46.524Z""},{""type"":""click"",""detail"":{""tag"":""INPUT"",""name"":""investment_amount"",""id"":""id_investment_amount"",""type"":""text""},""ts"":""2026-01-17T21:49:48.149Z""},{""type"":""input"",""detail"":{""tag"":""INPUT"",""name"":""investment_amount"",""id"":""id_investment_amount"",""type"":""text""},""ts"":""2026-01-17T21:49:49.227Z""},{""type"":""click"",""detail"":{""tag"":""INPUT"",""name"":""return_forecast"",""id"":""id_return_forecast"",""type"":""text""},""ts"":""2026-01-17T21:49:50.749Z""},{""type"":""input"",""detail"":{""tag"":""INPUT"",""name"":""return_forecast"",""id"":""id_return_forecast"",""type"":""text""},""ts"":""2026-01-17T21:49:51.450Z""},{""type"":""click"",""detail"":{""tag"":""INPUT"",""name"":""imbalance_informative"",""id"":""id_imbalance_informative-1"",""type"":""radio""},""ts"":""2026-01-17T21:49:53.146Z""},{""type"":""input"",""detail"":{""tag"":""INPUT"",""name"":""imbalance_informative"",""id"":""id_imbalance_informative-1"",""type"":""radio""},""ts"":""2026-01-17T21:49:53.146Z""},{""type"":""click"",""detail"":{""tag"":""BUTTON"",""name"":null,""id"":null,""type"":""submit""},""ts"":""2026-01-17T21:49:54.301Z""},{""type"":""form-submit"",""detail"":{},""ts"":""2026-01-17T21:49:54.302Z""}]",0.0,-3.044953941097,0.0,93.17,7.0,94.17,,0,151ug4w3,,,,,0,1,1,1.0,1,0.392670088943464,1,1.0,2.485556818415995,1.0,-1.129870255269997,8.0,0.7507200829753884,1,0.631578947368421,0.7012527950837855,-0.0553931322004733,-4.63099907973659,4.4398936706769,6.63541379134778,16.7984126757497,-3.044953941097,0.723872460938847,0.2831705162628085,0.7012527950837855,0.7012527950837855,0.7012527950837855,-0.0553931322004733,-0.0553931322004733,1.2766067937438883,13.044953941096999
252,27,iwq8bj53,6272b9dfc470a51d5fa0e6ea,0,52,52,post_exp,FinalForProlific,2026-01-17 21:42:24.321475,1,,,114.56,27,,98.48,0.4339751062904961,,treatment,,0.0,12,0,0.0,,paid_data,50.0,5.0,"[{""type"":""page-load"",""detail"":{""path"":""/p/iwq8bj53/main/Trade/33""},""ts"":""2026-01-17T21:55:04.455Z""},{""type"":""click"",""detail"":{""tag"":""INPUT"",""name"":""investment_amount"",""id"":""id_investment_amount"",""type"":""text""},""ts"":""2026-01-17T21:55:12.390Z""},{""type"":""input"",""detail"":{""tag"":""INPUT"",""name"":""investment_amount"",""id"":""id_investment_amount"",""type"":""text""},""ts"":""2026-01-17T21:55:13.218Z""},{""type"":""click"",""detail"":{""tag"":""INPUT"",""name"":""return_forecast"",""id"":""id_return_forecast"",""type"":""text""},""ts"":""2026-01-17T21:55:14.584Z""},{""type"":""input"",""detail"":{""tag"":""INPUT"",""name"":""return_forecast"",""id"":""id_return_forecast"",""type"":""text""},""ts"":""2026-01-17T21:55:16.765Z""},{""type"":""click"",""detail"":{""tag"":""BUTTON"",""name"":null,""id"":null,""type"":""submit""},""ts"":""2026-01-17T21:55:17.838Z""},{""type"":""form-submit"",""detail"":{},""ts"":""2026-01-17T21:55:17.839Z""}]",,-3.044953941097,0.0,98.48,2.0,98.48,,0,151ug4w3,,,,,0,1,1,0.0,1,0.392670088943464,0,1.0,0.4535687624846704,1.0,0.4912479370739118,7.0,0.3272369592456818,0,0.5,0.7012527950837855,-0.0553931322004733,-4.63099907973659,4.4398936706769,6.63541379134778,16.7984126757497,-3.044953941097,0.723872460938847,0.2831705162628085,0.0,0.7012527950837855,0.7012527950837855,-0.0,-0.0553931322004733,0.241324535679374,8.044953941096999
253,28,5uy60pw0,5d6349209b22da000117b1bd,0,52,52,post_exp,FinalForProlific,2026-01-17 21:44:53.042884,1,,,109.31,28,,93.17,0.4339751062904961,,treatment,,0.0,4,1,1.0,,paid_data,60.0,16.0,"[{""type"":""page-load"",""detail"":{""path"":""/p/5uy60pw0/main/Trade/33""},""ts"":""2026-01-17T22:00:59.765Z""},{""type"":""click"",""detail"":{""tag"":""INPUT"",""name"":""investment_amount"",""id"":""id_investment_amount"",""type"":""text""},""ts"":""2026-01-17T22:01:41.570Z""},{""type"":""input"",""detail"":{""tag"":""INPUT"",""name"":""investment_amount"",""id"":""id_investment_amount"",""type"":""text""},""ts"":""2026-01-17T22:01:42.871Z""},{""type"":""input"",""detail"":{""tag"":""INPUT"",""name"":""investment_amount"",""id"":""id_investment_amount"",""type"":""text""},""ts"":""2026-01-17T22:01:43.741Z""},{""type"":""click"",""detail"":{""tag"":""INPUT"",""name"":""imbalance_informative"",""id"":""id_imbalance_informative-0"",""type"":""radio""},""ts"":""2026-01-17T22:02:04.955Z""},{""type"":""input"",""detail"":{""tag"":""INPUT"",""name"":""imbalance_informative"",""id"":""id_imbalance_informative-0"",""type"":""radio""},""ts"":""2026-01-17T22:02:04.955Z""},{""type"":""click"",""detail"":{""tag"":""INPUT"",""name"":""return_forecast"",""id"":""id_return_forecast"",""type"":""text""},""ts"":""2026-01-17T22:02:05.935Z""},{""type"":""input"",""detail"":{""tag"":""INPUT"",""name"":""return_forecast"",""id"":""id_return_forecast"",""type"":""text""},""ts"":""2026-01-17T22:02:11.718Z""},{""type"":""input"",""detail"":{""tag"":""INPUT"",""name"":""return_forecast"",""id"":""id_return_forecast"",""type"":""text""},""ts"":""2026-01-17T22:02:12.629Z""},{""type"":""click"",""detail"":{""tag"":""BUTTON"",""name"":null,""id"":null,""type"":""submit""},""ts"":""2026-01-17T22:02:14.575Z""},{""type"":""form-submit"",""detail"":{},""ts"":""2026-01-17T22:02:14.576Z""}]",1.0,-3.044953941097,0.0,93.17,4.0,93.17,,0,151ug4w3,,,,,0,1,1,1.0,1,0.392670088943464,0,0.0,0.36890259348753185,0.0,-0.04912479370739113,7.0,0.3272369592456818,1,0.631578947368421,0.7012527950837855,-0.0553931322004733,-4.63099907973659,4.4398936706769,6.63541379134778,16.7984126757497,-3.044953941097,0.723872460938847,0.2831705162628085,0.7012527950837855,0.7012527950837855,0.7012527950837855,-0.0553931322004733,-0.0553931322004733,0.0024132453567937352,19.044953941097
254,29,r8rvnx27,60e769ec9858960e8ad00886,0,52,52,post_exp,FinalForProlific,2026-01-17 21:45:48.803289,1,,,114.24,29,,97.96,0.4339751062904961,,control,,0.0,4,1,-1.0,,free_data,100.0,25.0,"[{""type"":""page-load"",""detail"":{""path"":""/p/r8rvnx27/main/Trade/33""},""ts"":""2026-01-17T21:58:02.841Z""},{""type"":""click"",""detail"":{""tag"":""INPUT"",""name"":""imbalance_informative"",""id"":""id_imbalance_informative-1"",""type"":""radio""},""ts"":""2026-01-17T21:58:18.389Z""},{""type"":""input"",""detail"":{""tag"":""INPUT"",""name"":""imbalance_informative"",""id"":""id_imbalance_informative-1"",""type"":""radio""},""ts"":""2026-01-17T21:58:18.390Z""},{""type"":""click"",""detail"":{""tag"":""INPUT"",""name"":""investment_amount"",""id"":""id_investment_amount"",""type"":""text""},""ts"":""2026-01-17T21:58:19.424Z""},{""type"":""input"",""detail"":{""tag"":""INPUT"",""name"":""investment_amount"",""id"":""id_investment_amount"",""type"":""text""},""ts"":""2026-01-17T21:58:30.656Z""},{""type"":""input"",""detail"":{""tag"":""INPUT"",""name"":""investment_amount"",""id"":""id_investment_amount"",""type"":""text""},""ts"":""2026-01-17T21:58:31.190Z""},{""type"":""click"",""detail"":{""tag"":""INPUT"",""name"":""return_forecast"",""id"":""id_return_forecast"",""type"":""text""},""ts"":""2026-01-17T21:58:32.242Z""},{""type"":""input"",""detail"":{""tag"":""INPUT"",""name"":""return_forecast"",""id"":""id_return_forecast"",""type"":""text""},""ts"":""2026-01-17T21:58:33.779Z""},{""type"":""input"",""detail"":{""tag"":""INPUT"",""name"":""return_forecast"",""id"":""id_return_forecast"",""type"":""text""},""ts"":""2026-01-17T21:58:34.312Z""},{""type"":""click"",""detail"":{""tag"":""BUTTON"",""name"":null,""id"":null,""type"":""submit""},""ts"":""2026-01-17T21:58:35.883Z""},{""type"":""form-submit"",""detail"":{},""ts"":""2026-01-17T21:58:35.885Z""}]",0.0,-3.044953941097,0.0,96.96,8.0,97.96,,0,151ug4w3,,,,,0,0,0,-0.0,0,-0.08726001976521408,0,0.0,0.7922334384732245,0.0,0.4912479370739118,0.0,-2.2842423037541724,0,1.0,0.7012527950837855,-0.0553931322004733,-4.63099907973659,4.4398936706769,6.63541379134778,16.7984126757497,-3.044953941097,0.723872460938847,0.2831705162628085,-0.0,0.0,0.0,0.0,-0.0,0.241324535679374,28.044953941097
255,30,9ioh8yjj,5a501c26eedc32000141f4f2,0,52,52,post_exp,FinalForProlific,2026-01-17 21:52:21.858087,1,,,110.45,30,,99.39,0.4339751062904961,,treatment,,0.0,11,0,0.0,,paid_data,20.0,20.0,"[{""type"":""page-load"",""detail"":{""path"":""/p/9ioh8yjj/main/Trade/33""},""ts"":""2026-01-17T22:47:51.872Z""},{""type"":""click"",""detail"":{""tag"":""INPUT"",""name"":""investment_amount"",""id"":""id_investment_amount"",""type"":""text""},""ts"":""2026-01-17T22:47:54.191Z""},{""type"":""input"",""detail"":{""tag"":""INPUT"",""name"":""investment_amount"",""id"":""id_investment_amount"",""type"":""text""},""ts"":""2026-01-17T22:47:54.966Z""},{""type"":""input"",""detail"":{""tag"":""INPUT"",""name"":""investment_amount"",""id"":""id_investment_amount"",""type"":""text""},""ts"":""2026-01-17T22:47:55.482Z""},{""type"":""input"",""detail"":{""tag"":""INPUT"",""name"":""return_forecast"",""id"":""id_return_forecast"",""type"":""text""},""ts"":""2026-01-17T22:47:55.873Z""},{""type"":""click"",""detail"":{""tag"":""BUTTON"",""name"":null,""id"":null,""type"":""submit""},""ts"":""2026-01-17T22:47:56.912Z""},{""type"":""form-submit"",""detail"":{},""ts"":""2026-01-17T22:47:56.912Z""}]",,-3.044953941097,0.0,99.39,2.0,99.39,,0,151ug4w3,,,,,0,1,1,0.0,1,-2.4869105633086037,0,0.0,-1.409086955452377,1.0,2.1123661294178206,4.0,1.1742032067050947,0,0.2,0.7012527950837855,-0.0553931322004733,-4.63099907973659,4.4398936706769,6.63541379134778,16.7984126757497,-3.044953941097,0.723872460938847,0.2831705162628085,0.0,0.7012527950837855,0.7012527950837855,-0.0,-0.0553931322004733,4.462090664711625,23.044953941097
256,31,joi0mcuh,69669328636e175b3d4155dc,0,52,52,post_exp,FinalForProlific,2026-01-17 21:52:45.868789,1,,,111.6,31,,96.0,0.4339751062904961,,treatment,,0.0,8,1,1.0,,paid_data,0.0,0.0,"[{""type"":""page-load"",""detail"":{""path"":""/p/joi0mcuh/main/Trade/33""},""ts"":""2026-01-17T22:10:47.536Z""},{""type"":""click"",""detail"":{""tag"":""INPUT"",""name"":""imbalance_informative"",""id"":""id_imbalance_informative-1"",""type"":""radio""},""ts"":""2026-01-17T22:11:09.185Z""},{""type"":""input"",""detail"":{""tag"":""INPUT"",""name"":""imbalance_informative"",""id"":""id_imbalance_informative-1"",""type"":""radio""},""ts"":""2026-01-17T22:11:09.185Z""},{""type"":""click"",""detail"":{""tag"":""INPUT"",""name"":""investment_amount"",""id"":""id_investment_amount"",""type"":""text""},""ts"":""2026-01-17T22:11:10.067Z""},{""type"":""input"",""detail"":{""tag"":""INPUT"",""name"":""investment_amount"",""id"":""id_investment_amount"",""type"":""text""},""ts"":""2026-01-17T22:11:11.061Z""},{""type"":""click"",""detail"":{""tag"":""INPUT"",""name"":""return_forecast"",""id"":""id_return_forecast"",""type"":""text""},""ts"":""2026-01-17T22:11:15.867Z""},{""type"":""input"",""detail"":{""tag"":""INPUT"",""name"":""return_forecast"",""id"":""id_return_forecast"",""type"":""text""},""ts"":""2026-01-17T22:11:16.638Z""},{""type"":""click"",""detail"":{""tag"":""BUTTON"",""name"":null,""id"":null,""type"":""submit""},""ts"":""2026-01-17T22:11:18.401Z""},{""type"":""form-submit"",""detail"":{},""ts"":""2026-01-17T22:11:18.401Z""}]",0.0,-3.044953941097,0.0,95.0,5.0,96.0,,0,151ug4w3,,,,,0,1,1,1.0,1,1.3525303063608196,0,0.0,-0.22376058949243777,1.0,2.1123661294178206,8.0,0.044914876759211554,1,0.0,0.7012527950837855,-0.0553931322004733,-4.63099907973659,4.4398936706769,6.63541379134778,16.7984126757497,-3.044953941097,0.723872460938847,0.2831705162628085,0.7012527950837855,0.7012527950837855,0.7012527950837855,-0.0553931322004733,-0.0553931322004733,4.462090664711625,3.044953941097
257,33,4tbjlhuv,598c4b28cceb0f0001b39675,0,52,52,post_exp,FinalForProlific,2026-01-17 21:57:26.669322,1,,,111.62,33,,100.39,0.4339751062904961,,control,,0.0,6,1,-1.0,,free_data,20.0,25.0,"[{""type"":""page-load"",""detail"":{""path"":""/p/4tbjlhuv/main/Trade/33""},""ts"":""2026-01-17T22:09:26.974Z""},{""type"":""click"",""detail"":{""tag"":""INPUT"",""name"":""imbalance_informative"",""id"":""id_imbalance_informative-1"",""type"":""radio""},""ts"":""2026-01-17T22:09:39.547Z""},{""type"":""input"",""detail"":{""tag"":""INPUT"",""name"":""imbalance_informative"",""id"":""id_imbalance_informative-1"",""type"":""radio""},""ts"":""2026-01-17T22:09:39.547Z""},{""type"":""click"",""detail"":{""tag"":""INPUT"",""name"":""return_forecast"",""id"":""id_return_forecast"",""type"":""text""},""ts"":""2026-01-17T22:09:40.497Z""},{""type"":""input"",""detail"":{""tag"":""INPUT"",""name"":""return_forecast"",""id"":""id_return_forecast"",""type"":""text""},""ts"":""2026-01-17T22:09:43.898Z""},{""type"":""input"",""detail"":{""tag"":""INPUT"",""name"":""return_forecast"",""id"":""id_return_forecast"",""type"":""text""},""ts"":""2026-01-17T22:09:44.604Z""},{""type"":""click"",""detail"":{""tag"":""INPUT"",""name"":""investment_amount"",""id"":""id_investment_amount"",""type"":""text""},""ts"":""2026-01-17T22:09:45.545Z""},{""type"":""input"",""detail"":{""tag"":""INPUT"",""name"":""investment_amount"",""id"":""id_investment_amount"",""type"":""text""},""ts"":""2026-01-17T22:09:45.754Z""},{""type"":""click"",""detail"":{""tag"":""BUTTON"",""name"":null,""id"":null,""type"":""submit""},""ts"":""2026-01-17T22:09:46.848Z""},{""type"":""form-submit"",""detail"":{},""ts"":""2026-01-17T22:09:46.855Z""}]",0.0,-3.044953941097,0.0,99.39,5.0,100.39,,0,151ug4w3,,,,,0,0,0,-0.0,0,0.8726001976521415,0,0.0,0.4535687624846704,1.0,-1.129870255269997,7.0,-0.025665643862406367,0,0.2,0.7012527950837855,-0.0553931322004733,-4.63099907973659,4.4398936706769,6.63541379134778,16.7984126757497,-3.044953941097,0.723872460938847,0.2831705162628085,-0.0,0.0,0.0,0.0,-0.0,1.2766067937438883,28.044953941097
258,34,4pzjsb2b,67580f69a9a3cb759240904b,0,52,52,post_exp,FinalForProlific,2026-01-17 21:58:30.170718,1,,,106.49,34,,99.39,0.4339751062904961,,treatment,,0.0,10,0,0.0,,paid_data,20.0,10.0,"[{""type"":""page-load"",""detail"":{""path"":""/p/4pzjsb2b/main/Trade/33""},""ts"":""2026-01-17T22:07:30.051Z""},{""type"":""click"",""detail"":{""tag"":""INPUT"",""name"":""investment_amount"",""id"":""id_investment_amount"",""type"":""text""},""ts"":""2026-01-17T22:07:33.565Z""},{""type"":""input"",""detail"":{""tag"":""INPUT"",""name"":""investment_amount"",""id"":""id_investment_amount"",""type"":""text""},""ts"":""2026-01-17T22:07:35.119Z""},{""type"":""click"",""detail"":{""tag"":""INPUT"",""name"":""return_forecast"",""id"":""id_return_forecast"",""type"":""text""},""ts"":""2026-01-17T22:07:36.477Z""},{""type"":""input"",""detail"":{""tag"":""INPUT"",""name"":""return_forecast"",""id"":""id_return_forecast"",""type"":""text""},""ts"":""2026-01-17T22:07:36.949Z""},{""type"":""click"",""detail"":{""tag"":""BUTTON"",""name"":null,""id"":null,""type"":""submit""},""ts"":""2026-01-17T22:07:38.697Z""},{""type"":""form-submit"",""detail"":{},""ts"":""2026-01-17T22:07:38.698Z""}]",,-3.044953941097,0.0,99.39,2.0,99.39,,0,151ug4w3,,,,,0,1,1,0.0,1,1.3525303063608196,0,0.0,1.3002304524560555,1.0,-1.129870255269997,7.0,-0.378568246970495,0,0.2,0.7012527950837855,-0.0553931322004733,-4.63099907973659,4.4398936706769,6.63541379134778,16.7984126757497,-3.044953941097,0.723872460938847,0.2831705162628085,0.0,0.7012527950837855,0.7012527950837855,-0.0,-0.0553931322004733,1.2766067937438883,13.044953941096999
259,35,fcwg96au,5848ad3bdb871400012da095,0,52,52,post_exp,FinalForProlific,2026-01-17 22:00:16.297158,1,,,108.19,35,,94.09,0.4339751062904961,,treatment,,0.0,10,1,1.0,,paid_data,30.0,13.0,"[{""type"":""page-load"",""detail"":{""path"":""/p/fcwg96au/main/Trade/33""},""ts"":""2026-01-17T22:09:47.723Z""},{""type"":""click"",""detail"":{""tag"":""INPUT"",""name"":""investment_amount"",""id"":""id_investment_amount"",""type"":""text""},""ts"":""2026-01-17T22:09:50.607Z""},{""type"":""input"",""detail"":{""tag"":""INPUT"",""name"":""investment_amount"",""id"":""id_investment_amount"",""type"":""text""},""ts"":""2026-01-17T22:09:51.111Z""},{""type"":""click"",""detail"":{""tag"":""LABEL"",""name"":null,""id"":null,""type"":null},""ts"":""2026-01-17T22:09:52.579Z""},{""type"":""click"",""detail"":{""tag"":""INPUT"",""name"":""imbalance_informative"",""id"":""id_imbalance_informative-0"",""type"":""radio""},""ts"":""2026-01-17T22:09:52.582Z""},{""type"":""input"",""detail"":{""tag"":""INPUT"",""name"":""imbalance_informative"",""id"":""id_imbalance_informative-0"",""type"":""radio""},""ts"":""2026-01-17T22:09:52.582Z""},{""type"":""click"",""detail"":{""tag"":""INPUT"",""name"":""return_forecast"",""id"":""id_return_forecast"",""type"":""text""},""ts"":""2026-01-17T22:09:53.023Z""},{""type"":""input"",""detail"":{""tag"":""INPUT"",""name"":""return_forecast"",""id"":""id_return_forecast"",""type"":""text""},""ts"":""2026-01-17T22:09:54.156Z""},{""type"":""click"",""detail"":{""tag"":""BUTTON"",""name"":null,""id"":null,""type"":""submit""},""ts"":""2026-01-17T22:09:55.106Z""},{""type"":""form-submit"",""detail"":{},""ts"":""2026-01-17T22:09:55.107Z""}]",1.0,-3.044953941097,0.0,94.09,6.0,94.09,,0,151ug4w3,,,,,0,1,1,1.0,1,-0.08726001976521408,1,0.0,-0.3084267584895763,1.0,1.0316206678552147,1.0,-1.8607591800244665,1,0.3157894736842105,0.7012527950837855,-0.0553931322004733,-4.63099907973659,4.4398936706769,6.63541379134778,16.7984126757497,-3.044953941097,0.723872460938847,0.2831705162628085,0.7012527950837855,0.7012527950837855,0.7012527950837855,-0.0553931322004733,-0.0553931322004733,1.0642412023460393,16.044953941097
260,37,4d34f1nl,692f221e98e3cdcf10465812,0,52,52,post_exp,FinalForProlific,2026-01-17 22:07:34.984862,1,,,112.1,37,,100.54,0.4339751062904961,,control,,0.0,6,1,-1.0,,free_data,15.0,5.0,"[{""type"":""page-load"",""detail"":{""path"":""/p/4d34f1nl/main/Trade/33""},""ts"":""2026-01-17T22:30:57.322Z""},{""type"":""window-blur"",""detail"":{},""ts"":""2026-01-17T22:31:00.706Z""},{""type"":""visibilitychange"",""detail"":{""state"":""hidden""},""ts"":""2026-01-17T22:31:00.706Z""},{""type"":""visibilitychange"",""detail"":{""state"":""visible""},""ts"":""2026-01-17T22:31:14.900Z""},{""type"":""window-focus"",""detail"":{},""ts"":""2026-01-17T22:31:14.910Z""},{""type"":""window-blur"",""detail"":{},""ts"":""2026-01-17T22:31:15.951Z""},{""type"":""visibilitychange"",""detail"":{""state"":""hidden""},""ts"":""2026-01-17T22:31:15.952Z""},{""type"":""visibilitychange"",""detail"":{""state"":""visible""},""ts"":""2026-01-17T22:31:18.002Z""},{""type"":""window-focus"",""detail"":{},""ts"":""2026-01-17T22:31:18.015Z""},{""type"":""click"",""detail"":{""tag"":""INPUT"",""name"":""investment_amount"",""id"":""id_investment_amount"",""type"":""text""},""ts"":""2026-01-17T22:31:19.252Z""},{""type"":""input"",""detail"":{""tag"":""INPUT"",""name"":""investment_amount"",""id"":""id_investment_amount"",""type"":""text""},""ts"":""2026-01-17T22:31:19.479Z""},{""type"":""input"",""detail"":{""tag"":""INPUT"",""name"":""investment_amount"",""id"":""id_investment_amount"",""type"":""text""},""ts"":""2026-01-17T22:31:20.364Z""},{""type"":""click"",""detail"":{""tag"":""LABEL"",""name"":null,""id"":null,""type"":null},""ts"":""2026-01-17T22:31:21.022Z""},{""type"":""click"",""detail"":{""tag"":""INPUT"",""name"":""imbalance_informative"",""id"":""id_imbalance_informative-1"",""type"":""radio""},""ts"":""2026-01-17T22:31:21.023Z""},{""type"":""input"",""detail"":{""tag"":""INPUT"",""name"":""imbalance_informative"",""id"":""id_imbalance_informative-1"",""type"":""radio""},""ts"":""2026-01-17T22:31:21.023Z""},{""type"":""click"",""detail"":{""tag"":""INPUT"",""name"":""return_forecast"",""id"":""id_return_forecast"",""type"":""text""},""ts"":""2026-01-17T22:31:21.618Z""},{""type"":""input"",""detail"":{""tag"":""INPUT"",""name"":""return_forecast"",""id"":""id_return_forecast"",""type"":""text""},""ts"":""2026-01-17T22:31:21.958Z""},{""type"":""click"",""detail"":{""tag"":""BUTTON"",""name"":null,""id"":null,""type"":""submit""},""ts"":""2026-01-17T22:31:23.111Z""},{""type"":""form-submit"",""detail"":{},""ts"":""2026-01-17T22:31:23.112Z""}]",0.0,-3.044953941097,0.0,99.54,4.0,100.54,,0,151ug4w3,,,,,0,0,0,-0.0,0,-0.08726001976521408,0,0.0,-1.7477516314409312,0.0,-0.5894975244886941,7.0,0.6801395623537705,0,0.15,0.7012527950837855,-0.0553931322004733,-4.63099907973659,4.4398936706769,6.63541379134778,16.7984126757497,-3.044953941097,0.723872460938847,0.2831705162628085,-0.0,0.0,0.0,0.0,-0.0,0.3475073313782985,8.044953941096999
261,38,d8aqe2fa,650b03136ab3d4c832d98b71,0,52,52,post_exp,FinalForProlific,2026-01-17 22:08:13.439724,1,,,118.99,38,,92.87,0.4339751062904961,,treatment,,0.0,5,1,1.0,,paid_data,70.0,13.0,"[{""type"":""page-load"",""detail"":{""path"":""/p/d8aqe2fa/main/Trade/33""},""ts"":""2026-01-17T22:20:49.891Z""},{""type"":""copy"",""detail"":{""types"":[],""hasImage"":true,""hasFiles"":false},""ts"":""2026-01-17T22:20:51.898Z""},{""type"":""window-blur"",""detail"":{},""ts"":""2026-01-17T22:20:52.341Z""},{""type"":""window-focus"",""detail"":{},""ts"":""2026-01-17T22:20:52.958Z""},{""type"":""right-click"",""detail"":{""x"":1239,""y"":408,""target"":""IMG""},""ts"":""2026-01-17T22:20:53.301Z""},{""type"":""contextmenu"",""detail"":{""x"":1239,""y"":408,""target"":""IMG""},""ts"":""2026-01-17T22:20:53.345Z""},{""type"":""window-blur"",""detail"":{},""ts"":""2026-01-17T22:20:54.369Z""},{""type"":""window-focus"",""detail"":{},""ts"":""2026-01-17T22:20:57.083Z""},{""type"":""click"",""detail"":{""tag"":""INPUT"",""name"":""investment_amount"",""id"":""id_investment_amount"",""type"":""text""},""ts"":""2026-01-17T22:20:57.873Z""},{""type"":""input"",""detail"":{""tag"":""INPUT"",""name"":""investment_amount"",""id"":""id_investment_amount"",""type"":""text""},""ts"":""2026-01-17T22:21:01.361Z""},{""type"":""click"",""detail"":{""tag"":""LABEL"",""name"":null,""id"":null,""type"":null},""ts"":""2026-01-17T22:21:04.505Z""},{""type"":""click"",""detail"":{""tag"":""INPUT"",""name"":""imbalance_informative"",""id"":""id_imbalance_informative-0"",""type"":""radio""},""ts"":""2026-01-17T22:21:04.506Z""},{""type"":""input"",""detail"":{""tag"":""INPUT"",""name"":""imbalance_informative"",""id"":""id_imbalance_informative-0"",""type"":""radio""},""ts"":""2026-01-17T22:21:04.506Z""},{""type"":""click"",""detail"":{""tag"":""INPUT"",""name"":""return_forecast"",""id"":""id_return_forecast"",""type"":""text""},""ts"":""2026-01-17T22:21:04.925Z""},{""type"":""input"",""detail"":{""tag"":""INPUT"",""name"":""return_forecast"",""id"":""id_return_forecast"",""type"":""text""},""ts"":""2026-01-17T22:21:05.227Z""},{""type"":""click"",""detail"":{""tag"":""BUTTON"",""name"":null,""id"":null,""type"":""submit""},""ts"":""2026-01-17T22:21:07.759Z""},{""type"":""form-submit"",""detail"":{},""ts"":""2026-01-17T22:21:07.760Z""}]",1.0,-3.044953941097,0.0,92.87,4.0,92.87,,0,151ug4w3,,,,,0,1,1,1.0,1,1.3525303063608196,0,1.0,-0.5624252654809918,0.0,-0.5894975244886941,6.0,-0.8020513707002012,1,0.7368421052631579,0.7012527950837855,-0.0553931322004733,-4.63099907973659,4.4398936706769,6.63541379134778,16.7984126757497,-3.044953941097,0.723872460938847,0.2831705162628085,0.7012527950837855,0.7012527950837855,0.7012527950837855,-0.0553931322004733,-0.0553931322004733,0.3475073313782985,16.044953941097
262,39,35jj3mv4,666445e5b72745f04a4f57d6,0,52,52,post_exp,FinalForProlific,2026-01-17 22:10:39.908203,1,,,115.9,39,,93.87,0.4339751062904961,,treatment,,0.0,5,1,1.0,,paid_data,70.0,10.0,"[{""type"":""page-load"",""detail"":{""path"":""/p/35jj3mv4/main/Trade/33""},""ts"":""2026-01-17T22:27:53.586Z""},{""type"":""click"",""detail"":{""tag"":""INPUT"",""name"":""imbalance_informative"",""id"":""id_imbalance_informative-1"",""type"":""radio""},""ts"":""2026-01-17T22:28:14.683Z""},{""type"":""input"",""detail"":{""tag"":""INPUT"",""name"":""imbalance_informative"",""id"":""id_imbalance_informative-1"",""type"":""radio""},""ts"":""2026-01-17T22:28:14.684Z""},{""type"":""click"",""detail"":{""tag"":""INPUT"",""name"":""investment_amount"",""id"":""id_investment_amount"",""type"":""text""},""ts"":""2026-01-17T22:28:17.416Z""},{""type"":""input"",""detail"":{""tag"":""INPUT"",""name"":""investment_amount"",""id"":""id_investment_amount"",""type"":""text""},""ts"":""2026-01-17T22:28:18.288Z""},{""type"":""input"",""detail"":{""tag"":""INPUT"",""name"":""investment_amount"",""id"":""id_investment_amount"",""type"":""text""},""ts"":""2026-01-17T22:28:20.120Z""},{""type"":""input"",""detail"":{""tag"":""INPUT"",""name"":""investment_amount"",""id"":""id_investment_amount"",""type"":""text""},""ts"":""2026-01-17T22:28:22.370Z""},{""type"":""click"",""detail"":{""tag"":""INPUT"",""name"":""return_forecast"",""id"":""id_return_forecast"",""type"":""text""},""ts"":""2026-01-17T22:28:24.961Z""},{""type"":""input"",""detail"":{""tag"":""INPUT"",""name"":""return_forecast"",""id"":""id_return_forecast"",""type"":""text""},""ts"":""2026-01-17T22:28:25.264Z""},{""type"":""click"",""detail"":{""tag"":""BUTTON"",""name"":null,""id"":null,""type"":""submit""},""ts"":""2026-01-17T22:28:27.613Z""},{""type"":""form-submit"",""detail"":{},""ts"":""2026-01-17T22:28:27.617Z""}]",0.0,-3.044953941097,0.0,92.87,4.0,93.87,,0,151ug4w3,,,,,0,1,1,1.0,1,1.3525303063608196,0,0.0,1.215564283458917,1.0,-0.04912479370739113,6.0,-0.8020513707002012,1,0.7368421052631579,0.7012527950837855,-0.0553931322004733,-4.63099907973659,4.4398936706769,6.63541379134778,16.7984126757497,-3.044953941097,0.723872460938847,0.2831705162628085,0.7012527950837855,0.7012527950837855,0.7012527950837855,-0.0553931322004733,-0.0553931322004733,0.0024132453567937352,13.044953941096999
263,40,7czue3k2,5cad1eef8ed53d00180d2532,0,52,52,post_exp,FinalForProlific,2026-01-17 22:23:11.563870,1,,,110.19,40,,99.7,0.4339751062904961,,treatment,,0.0,13,0,0.0,,paid_data,10.0,10.0,"[{""type"":""page-load"",""detail"":{""path"":""/p/7czue3k2/main/Trade/33""},""ts"":""2026-01-17T22:41:56.595Z""},{""type"":""click"",""detail"":{""tag"":""INPUT"",""name"":""return_forecast"",""id"":""id_return_forecast"",""type"":""text""},""ts"":""2026-01-17T22:42:04.507Z""},{""type"":""input"",""detail"":{""tag"":""INPUT"",""name"":""return_forecast"",""id"":""id_return_forecast"",""type"":""text""},""ts"":""2026-01-17T22:42:05.167Z""},{""type"":""input"",""detail"":{""tag"":""INPUT"",""name"":""return_forecast"",""id"":""id_return_forecast"",""type"":""text""},""ts"":""2026-01-17T22:42:05.908Z""},{""type"":""click"",""detail"":{""tag"":""INPUT"",""name"":""investment_amount"",""id"":""id_investment_amount"",""type"":""text""},""ts"":""2026-01-17T22:42:07.318Z""},{""type"":""input"",""detail"":{""tag"":""INPUT"",""name"":""investment_amount"",""id"":""id_investment_amount"",""type"":""text""},""ts"":""2026-01-17T22:42:07.871Z""},{""type"":""click"",""detail"":{""tag"":""BUTTON"",""name"":null,""id"":null,""type"":""submit""},""ts"":""2026-01-17T22:42:09.422Z""},{""type"":""form-submit"",""detail"":{},""ts"":""2026-01-17T22:42:09.424Z""}]",,-3.044953941097,0.0,99.7,6.0,99.7,,0,151ug4w3,,,,,0,1,1,0.0,1,-2.0069804545999257,1,0.0,-1.1550884484609614,0.0,-0.5894975244886941,2.0,-0.025665643862406367,0,0.1,0.7012527950837855,-0.0553931322004733,-4.63099907973659,4.4398936706769,6.63541379134778,16.7984126757497,-3.044953941097,0.723872460938847,0.2831705162628085,0.0,0.7012527950837855,0.7012527950837855,-0.0,-0.0553931322004733,0.3475073313782985,13.044953941096999
264,1,0zkzl65f,64df6c0375d740bb235620f5,0,52,52,post_exp,FinalForProlific,2026-01-17 21:20:10.774463,1,,,140.11,1,,128.26,0.7232918438174936,,control,,0.0,11,1,-1.0,,free_data,100.0,18.0,"[{""type"":""page-load"",""detail"":{""path"":""/p/0zkzl65f/main/Trade/36""},""ts"":""2026-01-17T21:36:21.504Z""},{""type"":""click"",""detail"":{""tag"":""INPUT"",""name"":""investment_amount"",""id"":""id_investment_amount"",""type"":""text""},""ts"":""2026-01-17T21:36:28.439Z""},{""type"":""input"",""detail"":{""tag"":""INPUT"",""name"":""investment_amount"",""id"":""id_investment_amount"",""type"":""text""},""ts"":""2026-01-17T21:36:29.155Z""},{""type"":""click"",""detail"":{""tag"":""INPUT"",""name"":""imbalance_informative"",""id"":""id_imbalance_informative-1"",""type"":""radio""},""ts"":""2026-01-17T21:36:34.177Z""},{""type"":""input"",""detail"":{""tag"":""INPUT"",""name"":""imbalance_informative"",""id"":""id_imbalance_informative-1"",""type"":""radio""},""ts"":""2026-01-17T21:36:34.177Z""},{""type"":""click"",""detail"":{""tag"":""LABEL"",""name"":null,""id"":null,""type"":null},""ts"":""2026-01-17T21:36:36.901Z""},{""type"":""click"",""detail"":{""tag"":""INPUT"",""name"":""imbalance_informative"",""id"":""id_imbalance_informative-0"",""type"":""radio""},""ts"":""2026-01-17T21:36:36.902Z""},{""type"":""input"",""detail"":{""tag"":""INPUT"",""name"":""imbalance_informative"",""id"":""id_imbalance_informative-0"",""type"":""radio""},""ts"":""2026-01-17T21:36:36.902Z""},{""type"":""click"",""detail"":{""tag"":""INPUT"",""name"":""return_forecast"",""id"":""id_return_forecast"",""type"":""text""},""ts"":""2026-01-17T21:36:38.006Z""},{""type"":""input"",""detail"":{""tag"":""INPUT"",""name"":""return_forecast"",""id"":""id_return_forecast"",""type"":""text""},""ts"":""2026-01-17T21:36:39.169Z""},{""type"":""click"",""detail"":{""tag"":""BUTTON"",""name"":null,""id"":null,""type"":""submit""},""ts"":""2026-01-17T21:36:41.658Z""},{""type"":""form-submit"",""detail"":{},""ts"":""2026-01-17T21:36:41.659Z""}]",1.0,27.2586554281825,1.0,127.26,5.0,128.26,,0,151ug4w3,,,,,0,0,0,-0.0,0,1.3525303063608196,0,0.0,-0.8164237724724074,0.0,-0.04912479370739113,3.0,-2.0725007418893195,0,1.0,1.1568683804664535,0.10616232744725913,2.90834436816063,-0.250439005096201,-1.48701483410063,8.44894776093786,27.2586554281825,0.31394739668681354,0.7370971324016881,-0.0,0.0,0.0,-0.0,0.0,0.0024132453567937352,9.2586554281825
265,2,nx9hs1ng,677fea8903ad496f30f16502,0,52,52,post_exp,FinalForProlific,2026-01-17 21:20:12.375324,1,,,110.35,2,,100.0,0.7232918438174936,,treatment,,0.0,11,0,0.0,,paid_data,0.0,18.0,"[{""type"":""page-load"",""detail"":{""path"":""/p/nx9hs1ng/main/Trade/36""},""ts"":""2026-01-17T21:30:24.717Z""},{""type"":""click"",""detail"":{""tag"":""INPUT"",""name"":""investment_amount"",""id"":""id_investment_amount"",""type"":""text""},""ts"":""2026-01-17T21:30:26.464Z""},{""type"":""input"",""detail"":{""tag"":""INPUT"",""name"":""investment_amount"",""id"":""id_investment_amount"",""type"":""text""},""ts"":""2026-01-17T21:30:27.001Z""},{""type"":""click"",""detail"":{""tag"":""INPUT"",""name"":""return_forecast"",""id"":""id_return_forecast"",""type"":""text""},""ts"":""2026-01-17T21:30:28.024Z""},{""type"":""input"",""detail"":{""tag"":""INPUT"",""name"":""return_forecast"",""id"":""id_return_forecast"",""type"":""text""},""ts"":""2026-01-17T21:30:34.399Z""},{""type"":""click"",""detail"":{""tag"":""BUTTON"",""name"":null,""id"":null,""type"":""submit""},""ts"":""2026-01-17T21:30:35.496Z""},{""type"":""form-submit"",""detail"":{},""ts"":""2026-01-17T21:30:35.496Z""}]",,27.2586554281825,1.0,100.0,3.0,100.0,,0,151ug4w3,,,,,0,1,1,0.0,1,0.392670088943464,1,0.0,-0.5624252654809918,1.0,-0.04912479370739113,6.0,-0.09624616448402429,0,0.0,1.1568683804664535,0.10616232744725913,2.90834436816063,-0.250439005096201,-1.48701483410063,8.44894776093786,27.2586554281825,0.31394739668681354,0.7370971324016881,0.0,1.1568683804664535,1.1568683804664535,0.0,0.10616232744725913,0.0024132453567937352,9.2586554281825
266,3,i3c60565,6962c417f20b621d95bd694d,0,52,52,post_exp,FinalForProlific,2026-01-17 21:20:30.391188,1,,,113.86,3,,116.36,0.7232918438174936,,treatment,,0.0,5,0,0.0,,paid_data,60.0,17.0,"[{""type"":""page-load"",""detail"":{""path"":""/p/i3c60565/main/Trade/36""},""ts"":""2026-01-17T21:34:46.024Z""},{""type"":""click"",""detail"":{""tag"":""INPUT"",""name"":""investment_amount"",""id"":""id_investment_amount"",""type"":""text""},""ts"":""2026-01-17T21:34:51.439Z""},{""type"":""input"",""detail"":{""tag"":""INPUT"",""name"":""investment_amount"",""id"":""id_investment_amount"",""type"":""text""},""ts"":""2026-01-17T21:34:52.522Z""},{""type"":""click"",""detail"":{""tag"":""INPUT"",""name"":""return_forecast"",""id"":""id_return_forecast"",""type"":""text""},""ts"":""2026-01-17T21:34:53.625Z""},{""type"":""input"",""detail"":{""tag"":""INPUT"",""name"":""return_forecast"",""id"":""id_return_forecast"",""type"":""text""},""ts"":""2026-01-17T21:34:54.540Z""},{""type"":""click"",""detail"":{""tag"":""BUTTON"",""name"":null,""id"":null,""type"":""submit""},""ts"":""2026-01-17T21:34:55.755Z""},{""type"":""form-submit"",""detail"":{},""ts"":""2026-01-17T21:34:55.756Z""}]",,27.2586554281825,1.0,116.36,4.0,116.36,,0,151ug4w3,,,,,0,1,1,0.0,1,-1.5270503458912477,1,0.0,-0.05442825149816073,1.0,1.0316206678552147,5.0,0.8918811242186238,0,0.6,1.1568683804664535,0.10616232744725913,2.90834436816063,-0.250439005096201,-1.48701483410063,8.44894776093786,27.2586554281825,0.31394739668681354,0.7370971324016881,0.0,1.1568683804664535,1.1568683804664535,0.0,0.10616232744725913,1.0642412023460393,10.2586554281825
267,4,k7sp0ynm,67665f7b0329bd3e30515ad2,0,52,52,post_exp,FinalForProlific,2026-01-17 21:20:50.689404,1,,,102.31,4,,127.26,0.7232918438174936,,treatment,,0.0,10,0,0.0,,paid_data,100.0,25.0,"[{""type"":""page-load"",""detail"":{""path"":""/p/k7sp0ynm/main/Trade/36""},""ts"":""2026-01-17T21:51:33.977Z""},{""type"":""click"",""detail"":{""tag"":""INPUT"",""name"":""investment_amount"",""id"":""id_investment_amount"",""type"":""text""},""ts"":""2026-01-17T21:51:36.253Z""},{""type"":""input"",""detail"":{""tag"":""INPUT"",""name"":""investment_amount"",""id"":""id_investment_amount"",""type"":""text""},""ts"":""2026-01-17T21:51:37.046Z""},{""type"":""input"",""detail"":{""tag"":""INPUT"",""name"":""investment_amount"",""id"":""id_investment_amount"",""type"":""text""},""ts"":""2026-01-17T21:51:37.663Z""},{""type"":""click"",""detail"":{""tag"":""INPUT"",""name"":""return_forecast"",""id"":""id_return_forecast"",""type"":""text""},""ts"":""2026-01-17T21:51:41.578Z""},{""type"":""input"",""detail"":{""tag"":""INPUT"",""name"":""return_forecast"",""id"":""id_return_forecast"",""type"":""text""},""ts"":""2026-01-17T21:51:42.416Z""},{""type"":""click"",""detail"":{""tag"":""BUTTON"",""name"":null,""id"":null,""type"":""submit""},""ts"":""2026-01-17T21:51:43.902Z""},{""type"":""form-submit"",""detail"":{},""ts"":""2026-01-17T21:51:43.903Z""}]",,27.2586554281825,1.0,127.26,2.0,127.26,,0,151ug4w3,,,,,0,1,1,0.0,1,-1.0471202371825696,0,0.0,-0.5624252654809918,1.0,1.5719933986365178,4.0,0.11549539738082899,0,1.0,1.1568683804664535,0.10616232744725913,2.90834436816063,-0.250439005096201,-1.48701483410063,8.44894776093786,27.2586554281825,0.31394739668681354,0.7370971324016881,0.0,1.1568683804664535,1.1568683804664535,0.0,0.10616232744725913,2.4711632453567898,2.2586554281825
268,6,6bbjn8v1,5e459f61418f610891628564,0,52,52,post_exp,FinalForProlific,2026-01-17 21:22:23.663747,1,,,103.85,6,,100.0,0.7232918438174936,,treatment,,0.0,6,0,0.0,,paid_data,0.0,13.0,"[{""type"":""page-load"",""detail"":{""path"":""/p/6bbjn8v1/main/Trade/36""},""ts"":""2026-01-17T21:33:46.851Z""},{""type"":""click"",""detail"":{""tag"":""INPUT"",""name"":""investment_amount"",""id"":""id_investment_amount"",""type"":""text""},""ts"":""2026-01-17T21:33:55.836Z""},{""type"":""input"",""detail"":{""tag"":""INPUT"",""name"":""investment_amount"",""id"":""id_investment_amount"",""type"":""text""},""ts"":""2026-01-17T21:33:57.002Z""},{""type"":""click"",""detail"":{""tag"":""INPUT"",""name"":""return_forecast"",""id"":""id_return_forecast"",""type"":""text""},""ts"":""2026-01-17T21:33:57.618Z""},{""type"":""input"",""detail"":{""tag"":""INPUT"",""name"":""return_forecast"",""id"":""id_return_forecast"",""type"":""text""},""ts"":""2026-01-17T21:34:01.284Z""},{""type"":""input"",""detail"":{""tag"":""INPUT"",""name"":""return_forecast"",""id"":""id_return_forecast"",""type"":""text""},""ts"":""2026-01-17T21:34:02.975Z""},{""type"":""click"",""detail"":{""tag"":""BUTTON"",""name"":null,""id"":null,""type"":""submit""},""ts"":""2026-01-17T21:34:03.912Z""},{""type"":""form-submit"",""detail"":{},""ts"":""2026-01-17T21:34:03.913Z""}]",,27.2586554281825,1.0,100.0,4.0,100.0,,0,151ug4w3,,,,,0,1,1,0.0,1,-0.08726001976521408,0,0.0,-0.22376058949243777,1.0,-0.5894975244886941,5.0,-0.16682668510564172,0,0.0,1.1568683804664535,0.10616232744725913,2.90834436816063,-0.250439005096201,-1.48701483410063,8.44894776093786,27.2586554281825,0.31394739668681354,0.7370971324016881,0.0,1.1568683804664535,1.1568683804664535,0.0,0.10616232744725913,0.3475073313782985,14.2586554281825
269,7,gl7u8nio,62b2080f8f89f2f15c47d9ba,0,52,52,post_exp,FinalForProlific,2026-01-17 21:22:24.603886,1,,,118.89,7,,108.18,0.7232918438174936,,treatment,,0.0,8,0,0.0,,paid_data,30.0,7.0,"[{""type"":""page-load"",""detail"":{""path"":""/p/gl7u8nio/main/Trade/36""},""ts"":""2026-01-17T21:36:07.521Z""},{""type"":""click"",""detail"":{""tag"":""INPUT"",""name"":""investment_amount"",""id"":""id_investment_amount"",""type"":""text""},""ts"":""2026-01-17T21:36:11.630Z""},{""type"":""input"",""detail"":{""tag"":""INPUT"",""name"":""investment_amount"",""id"":""id_investment_amount"",""type"":""text""},""ts"":""2026-01-17T21:36:12.354Z""},{""type"":""click"",""detail"":{""tag"":""INPUT"",""name"":""return_forecast"",""id"":""id_return_forecast"",""type"":""text""},""ts"":""2026-01-17T21:36:15.248Z""},{""type"":""input"",""detail"":{""tag"":""INPUT"",""name"":""return_forecast"",""id"":""id_return_forecast"",""type"":""text""},""ts"":""2026-01-17T21:36:16.928Z""},{""type"":""click"",""detail"":{""tag"":""BUTTON"",""name"":null,""id"":null,""type"":""submit""},""ts"":""2026-01-17T21:36:17.750Z""},{""type"":""form-submit"",""detail"":{},""ts"":""2026-01-17T21:36:17.750Z""}]",,27.2586554281825,1.0,108.18,3.0,108.18,,0,151ug4w3,,,,,0,1,1,0.0,1,-0.08726001976521408,1,0.0,1.3848966214531941,0.0,2.1123661294178206,6.0,0.25665643862406434,0,0.3,1.1568683804664535,0.10616232744725913,2.90834436816063,-0.250439005096201,-1.48701483410063,8.44894776093786,27.2586554281825,0.31394739668681354,0.7370971324016881,0.0,1.1568683804664535,1.1568683804664535,0.0,0.10616232744725913,4.462090664711625,20.2586554281825
270,8,difxszml,5d1ec3b72e9ac3001ab525ef,0,49,52,post_exp,Demographics,2026-01-17 21:22:33.376663,1,,,1190.64,8,,98.73,0.7232918438174936,,treatment,,0.0,4,1,1.0,,paid_data,10.0,3.0,"[{""type"":""page-load"",""detail"":{""path"":""/p/difxszml/main/Trade/36""},""ts"":""2026-01-17T21:33:10.435Z""},{""type"":""click"",""detail"":{""tag"":""INPUT"",""name"":""investment_amount"",""id"":""id_investment_amount"",""type"":""text""},""ts"":""2026-01-17T21:33:15.169Z""},{""type"":""input"",""detail"":{""tag"":""INPUT"",""name"":""investment_amount"",""id"":""id_investment_amount"",""type"":""text""},""ts"":""2026-01-17T21:33:16.172Z""},{""type"":""click"",""detail"":{""tag"":""INPUT"",""name"":""imbalance_informative"",""id"":""id_imbalance_informative-0"",""type"":""radio""},""ts"":""2026-01-17T21:33:19.754Z""},{""type"":""input"",""detail"":{""tag"":""INPUT"",""name"":""imbalance_informative"",""id"":""id_imbalance_informative-0"",""type"":""radio""},""ts"":""2026-01-17T21:33:19.754Z""},{""type"":""click"",""detail"":{""tag"":""INPUT"",""name"":""return_forecast"",""id"":""id_return_forecast"",""type"":""text""},""ts"":""2026-01-17T21:33:20.269Z""},{""type"":""input"",""detail"":{""tag"":""INPUT"",""name"":""return_forecast"",""id"":""id_return_forecast"",""type"":""text""},""ts"":""2026-01-17T21:33:23.168Z""},{""type"":""click"",""detail"":{""tag"":""BUTTON"",""name"":null,""id"":null,""type"":""submit""},""ts"":""2026-01-17T21:33:24.742Z""},{""type"":""form-submit"",""detail"":{},""ts"":""2026-01-17T21:33:24.749Z""}]",1.0,27.2586554281825,1.0,97.73,4.0,98.73,,0,151ug4w3,,,,,0,1,1,1.0,1,0.8726001976521415,0,,,,-0.04912479370739113,8.0,0.3978174798673002,1,0.10526315789473684,1.1568683804664535,0.10616232744725913,2.90834436816063,-0.250439005096201,-1.48701483410063,8.44894776093786,27.2586554281825,0.31394739668681354,0.7370971324016881,1.1568683804664535,1.1568683804664535,1.1568683804664535,0.10616232744725913,0.10616232744725913,0.0024132453567937352,24.2586554281825
271,9,hlqkfw8x,67e7cfd17a7062da8a273fbf,0,52,52,post_exp,FinalForProlific,2026-01-17 21:23:02.043408,1,,,115.94,9,,114.63,0.7232918438174936,,control,,0.0,14,1,-1.0,,free_data,50.0,6.0,"[{""type"":""page-load"",""detail"":{""path"":""/p/hlqkfw8x/main/Trade/36""},""ts"":""2026-01-17T21:37:59.541Z""},{""type"":""click"",""detail"":{""tag"":""INPUT"",""name"":""investment_amount"",""id"":""id_investment_amount"",""type"":""text""},""ts"":""2026-01-17T21:38:16.168Z""},{""type"":""input"",""detail"":{""tag"":""INPUT"",""name"":""investment_amount"",""id"":""id_investment_amount"",""type"":""text""},""ts"":""2026-01-17T21:38:17.012Z""},{""type"":""click"",""detail"":{""tag"":""INPUT"",""name"":""imbalance_informative"",""id"":""id_imbalance_informative-0"",""type"":""radio""},""ts"":""2026-01-17T21:38:19.508Z""},{""type"":""input"",""detail"":{""tag"":""INPUT"",""name"":""imbalance_informative"",""id"":""id_imbalance_informative-0"",""type"":""radio""},""ts"":""2026-01-17T21:38:19.508Z""},{""type"":""click"",""detail"":{""tag"":""INPUT"",""name"":""return_forecast"",""id"":""id_return_forecast"",""type"":""text""},""ts"":""2026-01-17T21:38:20.405Z""},{""type"":""input"",""detail"":{""tag"":""INPUT"",""name"":""return_forecast"",""id"":""id_return_forecast"",""type"":""text""},""ts"":""2026-01-17T21:38:22.520Z""},{""type"":""click"",""detail"":{""tag"":""BUTTON"",""name"":null,""id"":null,""type"":""submit""},""ts"":""2026-01-17T21:38:24.270Z""},{""type"":""form-submit"",""detail"":{},""ts"":""2026-01-17T21:38:24.275Z""}]",1.0,27.2586554281825,1.0,113.63,5.0,114.63,,0,151ug4w3,,,,,0,0,0,-0.0,0,-0.08726001976521408,1,0.0,1.1308981144617785,0.0,-0.5894975244886941,5.0,-0.16682668510564172,0,0.5,1.1568683804664535,0.10616232744725913,2.90834436816063,-0.250439005096201,-1.48701483410063,8.44894776093786,27.2586554281825,0.31394739668681354,0.7370971324016881,-0.0,0.0,0.0,-0.0,0.0,0.3475073313782985,21.2586554281825
272,10,miej8bbr,67730320948951ecb761b3f2,0,52,52,post_exp,FinalForProlific,2026-01-17 21:23:16.323182,1,,,104.87,10,,119.08,0.7232918438174936,,treatment,,0.0,14,0,0.0,,paid_data,70.0,10.0,"[{""type"":""page-load"",""detail"":{""path"":""/p/miej8bbr/main/Trade/36""},""ts"":""2026-01-17T21:34:35.103Z""},{""type"":""click"",""detail"":{""tag"":""INPUT"",""name"":""investment_amount"",""id"":""id_investment_amount"",""type"":""text""},""ts"":""2026-01-17T21:34:38.363Z""},{""type"":""input"",""detail"":{""tag"":""INPUT"",""name"":""investment_amount"",""id"":""id_investment_amount"",""type"":""text""},""ts"":""2026-01-17T21:34:40.253Z""},{""type"":""input"",""detail"":{""tag"":""INPUT"",""name"":""investment_amount"",""id"":""id_investment_amount"",""type"":""text""},""ts"":""2026-01-17T21:34:41.861Z""},{""type"":""click"",""detail"":{""tag"":""INPUT"",""name"":""return_forecast"",""id"":""id_return_forecast"",""type"":""text""},""ts"":""2026-01-17T21:34:42.493Z""},{""type"":""input"",""detail"":{""tag"":""INPUT"",""name"":""return_forecast"",""id"":""id_return_forecast"",""type"":""text""},""ts"":""2026-01-17T21:34:45.470Z""},{""type"":""click"",""detail"":{""tag"":""BUTTON"",""name"":null,""id"":null,""type"":""submit""},""ts"":""2026-01-17T21:34:46.515Z""},{""type"":""form-submit"",""detail"":{},""ts"":""2026-01-17T21:34:46.516Z""}]",,27.2586554281825,1.0,119.08,1.0,119.08,,0,151ug4w3,,,,,0,1,1,0.0,1,1.3525303063608196,0,1.0,-0.6470914344781303,1.0,-1.129870255269997,6.0,-0.8020513707002012,0,0.7,1.1568683804664535,0.10616232744725913,2.90834436816063,-0.250439005096201,-1.48701483410063,8.44894776093786,27.2586554281825,0.31394739668681354,0.7370971324016881,0.0,1.1568683804664535,1.1568683804664535,0.0,0.10616232744725913,1.2766067937438883,17.2586554281825
273,11,i76mujh9,5b99663d4cefb60001e7a214,0,49,52,post_exp,Demographics,2026-01-17 21:24:20.177255,1,,,1203.53,11,,100.0,0.7232918438174936,,treatment,,0.0,6,0,0.0,,paid_data,0.0,8.0,"[{""type"":""page-load"",""detail"":{""path"":""/p/i76mujh9/main/Trade/36""},""ts"":""2026-01-17T21:41:21.249Z""},{""type"":""click"",""detail"":{""tag"":""INPUT"",""name"":""investment_amount"",""id"":""id_investment_amount"",""type"":""text""},""ts"":""2026-01-17T21:41:37.818Z""},{""type"":""input"",""detail"":{""tag"":""INPUT"",""name"":""investment_amount"",""id"":""id_investment_amount"",""type"":""text""},""ts"":""2026-01-17T21:41:38.915Z""},{""type"":""click"",""detail"":{""tag"":""INPUT"",""name"":""return_forecast"",""id"":""id_return_forecast"",""type"":""text""},""ts"":""2026-01-17T21:41:40.100Z""},{""type"":""input"",""detail"":{""tag"":""INPUT"",""name"":""return_forecast"",""id"":""id_return_forecast"",""type"":""text""},""ts"":""2026-01-17T21:41:41.148Z""},{""type"":""click"",""detail"":{""tag"":""BUTTON"",""name"":null,""id"":null,""type"":""submit""},""ts"":""2026-01-17T21:41:41.616Z""},{""type"":""form-submit"",""detail"":{},""ts"":""2026-01-17T21:41:41.619Z""}]",,27.2586554281825,1.0,100.0,5.0,100.0,,0,151ug4w3,,,,,0,1,1,0.0,1,-0.5671901284738922,0,,,,-1.129870255269997,7.0,1.0330421654618591,0,0.0,1.1568683804664535,0.10616232744725913,2.90834436816063,-0.250439005096201,-1.48701483410063,8.44894776093786,27.2586554281825,0.31394739668681354,0.7370971324016881,0.0,1.1568683804664535,1.1568683804664535,0.0,0.10616232744725913,1.2766067937438883,19.2586554281825
274,12,rnucedhy,5a9fa90f873cda00010d29d8,0,52,52,post_exp,FinalForProlific,2026-01-17 21:24:40.341139,1,,,110.42,12,,105.9,0.7232918438174936,,treatment,,0.0,14,1,1.0,,paid_data,40.0,10.0,"[{""type"":""page-load"",""detail"":{""path"":""/p/rnucedhy/main/Trade/36""},""ts"":""2026-01-17T21:40:10.800Z""},{""type"":""click"",""detail"":{""tag"":""INPUT"",""name"":""investment_amount"",""id"":""id_investment_amount"",""type"":""text""},""ts"":""2026-01-17T21:40:13.114Z""},{""type"":""input"",""detail"":{""tag"":""INPUT"",""name"":""investment_amount"",""id"":""id_investment_amount"",""type"":""text""},""ts"":""2026-01-17T21:40:14.762Z""},{""type"":""click"",""detail"":{""tag"":""INPUT"",""name"":""imbalance_informative"",""id"":""id_imbalance_informative-1"",""type"":""radio""},""ts"":""2026-01-17T21:40:18.267Z""},{""type"":""input"",""detail"":{""tag"":""INPUT"",""name"":""imbalance_informative"",""id"":""id_imbalance_informative-1"",""type"":""radio""},""ts"":""2026-01-17T21:40:18.268Z""},{""type"":""click"",""detail"":{""tag"":""INPUT"",""name"":""imbalance_informative"",""id"":""id_imbalance_informative-0"",""type"":""radio""},""ts"":""2026-01-17T21:40:19.740Z""},{""type"":""input"",""detail"":{""tag"":""INPUT"",""name"":""imbalance_informative"",""id"":""id_imbalance_informative-0"",""type"":""radio""},""ts"":""2026-01-17T21:40:19.740Z""},{""type"":""click"",""detail"":{""tag"":""INPUT"",""name"":""imbalance_informative"",""id"":""id_imbalance_informative-1"",""type"":""radio""},""ts"":""2026-01-17T21:40:21.929Z""},{""type"":""input"",""detail"":{""tag"":""INPUT"",""name"":""imbalance_informative"",""id"":""id_imbalance_informative-1"",""type"":""radio""},""ts"":""2026-01-17T21:40:21.929Z""},{""type"":""click"",""detail"":{""tag"":""INPUT"",""name"":""return_forecast"",""id"":""id_return_forecast"",""type"":""text""},""ts"":""2026-01-17T21:40:22.780Z""},{""type"":""input"",""detail"":{""tag"":""INPUT"",""name"":""return_forecast"",""id"":""id_return_forecast"",""type"":""text""},""ts"":""2026-01-17T21:40:23.334Z""},{""type"":""click"",""detail"":{""tag"":""BUTTON"",""name"":null,""id"":null,""type"":""submit""},""ts"":""2026-01-17T21:40:25.228Z""},{""type"":""form-submit"",""detail"":{},""ts"":""2026-01-17T21:40:25.229Z""}]",0.0,27.2586554281825,1.0,105.9,4.0,105.9,,0,151ug4w3,,,,,0,1,1,1.0,1,-0.5671901284738922,0,0.0,-1.070422279463823,1.0,-1.129870255269997,9.0,1.8800084129212717,1,0.42105263157894735,1.1568683804664535,0.10616232744725913,2.90834436816063,-0.250439005096201,-1.48701483410063,8.44894776093786,27.2586554281825,0.31394739668681354,0.7370971324016881,1.1568683804664535,1.1568683804664535,1.1568683804664535,0.10616232744725913,0.10616232744725913,1.2766067937438883,17.2586554281825
275,13,0agbbz6t,64e6b4025cbe79c020343121,0,52,52,post_exp,FinalForProlific,2026-01-17 21:25:07.530984,1,,,107.83,13,,117.36,0.7232918438174936,,control,,0.0,9,1,-1.0,,free_data,60.0,12.0,"[{""type"":""page-load"",""detail"":{""path"":""/p/0agbbz6t/main/Trade/36""},""ts"":""2026-01-17T21:33:28.276Z""},{""type"":""click"",""detail"":{""tag"":""INPUT"",""name"":""investment_amount"",""id"":""id_investment_amount"",""type"":""text""},""ts"":""2026-01-17T21:33:30.532Z""},{""type"":""input"",""detail"":{""tag"":""INPUT"",""name"":""investment_amount"",""id"":""id_investment_amount"",""type"":""text""},""ts"":""2026-01-17T21:33:31.200Z""},{""type"":""click"",""detail"":{""tag"":""LABEL"",""name"":null,""id"":null,""type"":null},""ts"":""2026-01-17T21:33:32.677Z""},{""type"":""click"",""detail"":{""tag"":""INPUT"",""name"":""imbalance_informative"",""id"":""id_imbalance_informative-0"",""type"":""radio""},""ts"":""2026-01-17T21:33:32.679Z""},{""type"":""input"",""detail"":{""tag"":""INPUT"",""name"":""imbalance_informative"",""id"":""id_imbalance_informative-0"",""type"":""radio""},""ts"":""2026-01-17T21:33:32.680Z""},{""type"":""click"",""detail"":{""tag"":""INPUT"",""name"":""return_forecast"",""id"":""id_return_forecast"",""type"":""text""},""ts"":""2026-01-17T21:33:33.186Z""},{""type"":""input"",""detail"":{""tag"":""INPUT"",""name"":""return_forecast"",""id"":""id_return_forecast"",""type"":""text""},""ts"":""2026-01-17T21:33:33.610Z""},{""type"":""click"",""detail"":{""tag"":""BUTTON"",""name"":null,""id"":null,""type"":""submit""},""ts"":""2026-01-17T21:33:34.780Z""},{""type"":""form-submit"",""detail"":{},""ts"":""2026-01-17T21:33:34.780Z""}]",1.0,27.2586554281825,1.0,116.36,4.0,117.36,,0,151ug4w3,,,,,0,0,0,-0.0,0,-1.0471202371825696,0,1.0,0.19957025549325483,1.0,-0.5894975244886941,9.0,2.23291101602936,0,0.6,1.1568683804664535,0.10616232744725913,2.90834436816063,-0.250439005096201,-1.48701483410063,8.44894776093786,27.2586554281825,0.31394739668681354,0.7370971324016881,-0.0,0.0,0.0,-0.0,0.0,0.3475073313782985,15.2586554281825
276,14,vyd28ofr,66e74ca113f609cd2a13df59,0,52,52,post_exp,FinalForProlific,2026-01-17 21:25:37.276893,1,,,126.77,14,,119.17,0.7232918438174936,,treatment,,0.0,11,1,1.0,,paid_data,85.0,11.0,"[{""type"":""page-load"",""detail"":{""path"":""/p/vyd28ofr/main/Trade/36""},""ts"":""2026-01-17T21:35:51.950Z""},{""type"":""click"",""detail"":{""tag"":""INPUT"",""name"":""investment_amount"",""id"":""id_investment_amount"",""type"":""text""},""ts"":""2026-01-17T21:35:58.994Z""},{""type"":""input"",""detail"":{""tag"":""INPUT"",""name"":""investment_amount"",""id"":""id_investment_amount"",""type"":""text""},""ts"":""2026-01-17T21:36:01.703Z""},{""type"":""click"",""detail"":{""tag"":""LABEL"",""name"":null,""id"":null,""type"":null},""ts"":""2026-01-17T21:36:02.707Z""},{""type"":""click"",""detail"":{""tag"":""INPUT"",""name"":""imbalance_informative"",""id"":""id_imbalance_informative-0"",""type"":""radio""},""ts"":""2026-01-17T21:36:02.708Z""},{""type"":""input"",""detail"":{""tag"":""INPUT"",""name"":""imbalance_informative"",""id"":""id_imbalance_informative-0"",""type"":""radio""},""ts"":""2026-01-17T21:36:02.708Z""},{""type"":""click"",""detail"":{""tag"":""INPUT"",""name"":""return_forecast"",""id"":""id_return_forecast"",""type"":""text""},""ts"":""2026-01-17T21:36:03.660Z""},{""type"":""input"",""detail"":{""tag"":""INPUT"",""name"":""return_forecast"",""id"":""id_return_forecast"",""type"":""text""},""ts"":""2026-01-17T21:36:04.659Z""},{""type"":""input"",""detail"":{""tag"":""INPUT"",""name"":""return_forecast"",""id"":""id_return_forecast"",""type"":""text""},""ts"":""2026-01-17T21:36:05.545Z""},{""type"":""input"",""detail"":{""tag"":""INPUT"",""name"":""return_forecast"",""id"":""id_return_forecast"",""type"":""text""},""ts"":""2026-01-17T21:36:06.590Z""},{""type"":""click"",""detail"":{""tag"":""BUTTON"",""name"":null,""id"":null,""type"":""submit""},""ts"":""2026-01-17T21:36:07.198Z""},{""type"":""form-submit"",""detail"":{},""ts"":""2026-01-17T21:36:07.203Z""}]",1.0,27.2586554281825,1.0,118.17,5.0,119.17,,0,151ug4w3,,,,,0,1,1,1.0,1,0.392670088943464,0,0.0,0.9615657764675015,1.0,-0.04912479370739113,5.0,-0.5197292882137304,1,0.8947368421052632,1.1568683804664535,0.10616232744725913,2.90834436816063,-0.250439005096201,-1.48701483410063,8.44894776093786,27.2586554281825,0.31394739668681354,0.7370971324016881,1.1568683804664535,1.1568683804664535,1.1568683804664535,0.10616232744725913,0.10616232744725913,0.0024132453567937352,16.2586554281825
277,15,p639azxy,6965b338f069222c10b2bdc9,0,52,52,post_exp,FinalForProlific,2026-01-17 21:26:31.341396,1,,,118.08,15,,113.72,0.7232918438174936,,treatment,,0.0,9,1,1.0,,paid_data,65.0,18.0,"[{""type"":""page-load"",""detail"":{""path"":""/p/p639azxy/main/Trade/36""},""ts"":""2026-01-17T21:40:06.031Z""},{""type"":""click"",""detail"":{""tag"":""INPUT"",""name"":""investment_amount"",""id"":""id_investment_amount"",""type"":""text""},""ts"":""2026-01-17T21:40:16.360Z""},{""type"":""input"",""detail"":{""tag"":""INPUT"",""name"":""investment_amount"",""id"":""id_investment_amount"",""type"":""text""},""ts"":""2026-01-17T21:40:17.436Z""},{""type"":""click"",""detail"":{""tag"":""LABEL"",""name"":null,""id"":null,""type"":null},""ts"":""2026-01-17T21:40:19.063Z""},{""type"":""click"",""detail"":{""tag"":""INPUT"",""name"":""imbalance_informative"",""id"":""id_imbalance_informative-0"",""type"":""radio""},""ts"":""2026-01-17T21:40:19.064Z""},{""type"":""input"",""detail"":{""tag"":""INPUT"",""name"":""imbalance_informative"",""id"":""id_imbalance_informative-0"",""type"":""radio""},""ts"":""2026-01-17T21:40:19.064Z""},{""type"":""click"",""detail"":{""tag"":""INPUT"",""name"":""return_forecast"",""id"":""id_return_forecast"",""type"":""text""},""ts"":""2026-01-17T21:40:20.638Z""},{""type"":""input"",""detail"":{""tag"":""INPUT"",""name"":""return_forecast"",""id"":""id_return_forecast"",""type"":""text""},""ts"":""2026-01-17T21:40:22.035Z""},{""type"":""click"",""detail"":{""tag"":""BUTTON"",""name"":null,""id"":null,""type"":""submit""},""ts"":""2026-01-17T21:40:25.183Z""},{""type"":""form-submit"",""detail"":{},""ts"":""2026-01-17T21:40:25.184Z""}]",1.0,27.2586554281825,1.0,112.72,5.0,113.72,,0,151ug4w3,,,,,0,1,1,1.0,1,-0.08726001976521408,1,0.0,-0.3930929274867148,1.0,-0.04912479370739113,6.0,0.25665643862406434,1,0.6842105263157895,1.1568683804664535,0.10616232744725913,2.90834436816063,-0.250439005096201,-1.48701483410063,8.44894776093786,27.2586554281825,0.31394739668681354,0.7370971324016881,1.1568683804664535,1.1568683804664535,1.1568683804664535,0.10616232744725913,0.10616232744725913,0.0024132453567937352,9.2586554281825
278,16,sw8lem34,677346f91e35f1cb1e647c34,0,49,52,post_exp,Demographics,2026-01-17 21:26:45.318628,1,,,1199.47,16,,100.45,0.7232918438174936,,treatment,,0.0,9,1,1.0,,paid_data,20.0,10.0,"[{""type"":""page-load"",""detail"":{""path"":""/p/sw8lem34/main/Trade/36""},""ts"":""2026-01-17T21:39:24.121Z""},{""type"":""click"",""detail"":{""tag"":""INPUT"",""name"":""investment_amount"",""id"":""id_investment_amount"",""type"":""text""},""ts"":""2026-01-17T21:39:26.966Z""},{""type"":""input"",""detail"":{""tag"":""INPUT"",""name"":""investment_amount"",""id"":""id_investment_amount"",""type"":""text""},""ts"":""2026-01-17T21:39:34.658Z""},{""type"":""click"",""detail"":{""tag"":""LABEL"",""name"":null,""id"":null,""type"":null},""ts"":""2026-01-17T21:39:35.691Z""},{""type"":""click"",""detail"":{""tag"":""INPUT"",""name"":""imbalance_informative"",""id"":""id_imbalance_informative-1"",""type"":""radio""},""ts"":""2026-01-17T21:39:36.862Z""},{""type"":""input"",""detail"":{""tag"":""INPUT"",""name"":""imbalance_informative"",""id"":""id_imbalance_informative-1"",""type"":""radio""},""ts"":""2026-01-17T21:39:36.862Z""},{""type"":""click"",""detail"":{""tag"":""INPUT"",""name"":""return_forecast"",""id"":""id_return_forecast"",""type"":""text""},""ts"":""2026-01-17T21:39:37.448Z""},{""type"":""input"",""detail"":{""tag"":""INPUT"",""name"":""return_forecast"",""id"":""id_return_forecast"",""type"":""text""},""ts"":""2026-01-17T21:39:38.824Z""},{""type"":""click"",""detail"":{""tag"":""BUTTON"",""name"":null,""id"":null,""type"":""submit""},""ts"":""2026-01-17T21:39:39.616Z""},{""type"":""form-submit"",""detail"":{},""ts"":""2026-01-17T21:39:39.621Z""}]",0.0,27.2586554281825,1.0,100.45,4.0,100.45,,0,151ug4w3,,,,,0,1,1,1.0,1,0.392670088943464,0,,,,-0.04912479370739113,5.0,-0.5197292882137304,1,0.21052631578947367,1.1568683804664535,0.10616232744725913,2.90834436816063,-0.250439005096201,-1.48701483410063,8.44894776093786,27.2586554281825,0.31394739668681354,0.7370971324016881,1.1568683804664535,1.1568683804664535,1.1568683804664535,0.10616232744725913,0.10616232744725913,0.0024132453567937352,17.2586554281825
279,17,3v5sipps,695bd4f6bbdb5a636882ce78,0,52,52,post_exp,FinalForProlific,2026-01-17 21:26:53.633718,1,,,118.89,17,,128.26,0.7232918438174936,,control,,0.0,9,1,-1.0,,free_data,100.0,20.0,"[{""type"":""page-load"",""detail"":{""path"":""/p/3v5sipps/main/Trade/36""},""ts"":""2026-01-17T21:35:23.428Z""},{""type"":""click"",""detail"":{""tag"":""INPUT"",""name"":""investment_amount"",""id"":""id_investment_amount"",""type"":""text""},""ts"":""2026-01-17T21:35:25.590Z""},{""type"":""input"",""detail"":{""tag"":""INPUT"",""name"":""investment_amount"",""id"":""id_investment_amount"",""type"":""text""},""ts"":""2026-01-17T21:35:25.787Z""},{""type"":""click"",""detail"":{""tag"":""INPUT"",""name"":""imbalance_informative"",""id"":""id_imbalance_informative-0"",""type"":""radio""},""ts"":""2026-01-17T21:35:27.440Z""},{""type"":""input"",""detail"":{""tag"":""INPUT"",""name"":""imbalance_informative"",""id"":""id_imbalance_informative-0"",""type"":""radio""},""ts"":""2026-01-17T21:35:27.440Z""},{""type"":""click"",""detail"":{""tag"":""INPUT"",""name"":""return_forecast"",""id"":""id_return_forecast"",""type"":""text""},""ts"":""2026-01-17T21:35:31.254Z""},{""type"":""input"",""detail"":{""tag"":""INPUT"",""name"":""return_forecast"",""id"":""id_return_forecast"",""type"":""text""},""ts"":""2026-01-17T21:35:31.361Z""},{""type"":""click"",""detail"":{""tag"":""BUTTON"",""name"":null,""id"":null,""type"":""submit""},""ts"":""2026-01-17T21:35:33.005Z""},{""type"":""form-submit"",""detail"":{},""ts"":""2026-01-17T21:35:33.005Z""}]",1.0,27.2586554281825,1.0,127.26,4.0,128.26,,0,151ug4w3,,,,,0,0,0,-0.0,0,-1.5270503458912477,0,0.0,0.36890259348753185,0.0,-0.5894975244886941,3.0,0.04491487675921132,0,1.0,1.1568683804664535,0.10616232744725913,2.90834436816063,-0.250439005096201,-1.48701483410063,8.44894776093786,27.2586554281825,0.31394739668681354,0.7370971324016881,-0.0,0.0,0.0,-0.0,0.0,0.3475073313782985,7.2586554281825
280,19,6xawj670,69419dd351c8c6866590c254,0,52,52,post_exp,FinalForProlific,2026-01-17 21:28:19.710613,1,,,104.78,19,,113.63,0.7232918438174936,,treatment,,0.0,6,0,0.0,,paid_data,50.0,20.0,"[{""type"":""page-load"",""detail"":{""path"":""/p/6xawj670/main/Trade/36""},""ts"":""2026-01-17T22:10:10.134Z""},{""type"":""click"",""detail"":{""tag"":""INPUT"",""name"":""investment_amount"",""id"":""id_investment_amount"",""type"":""text""},""ts"":""2026-01-17T22:10:11.447Z""},{""type"":""input"",""detail"":{""tag"":""INPUT"",""name"":""investment_amount"",""id"":""id_investment_amount"",""type"":""text""},""ts"":""2026-01-17T22:10:14.413Z""},{""type"":""click"",""detail"":{""tag"":""INPUT"",""name"":""return_forecast"",""id"":""id_return_forecast"",""type"":""text""},""ts"":""2026-01-17T22:10:15.935Z""},{""type"":""input"",""detail"":{""tag"":""INPUT"",""name"":""return_forecast"",""id"":""id_return_forecast"",""type"":""text""},""ts"":""2026-01-17T22:10:16.581Z""},{""type"":""click"",""detail"":{""tag"":""BUTTON"",""name"":null,""id"":null,""type"":""submit""},""ts"":""2026-01-17T22:10:18.141Z""},{""type"":""form-submit"",""detail"":{},""ts"":""2026-01-17T22:10:18.141Z""}]",,27.2586554281825,1.0,113.63,1.0,113.63,,0,151ug4w3,,,,,0,1,1,0.0,1,-0.5671901284738922,0,0.0,-1.7477516314409312,0.0,-0.5894975244886941,4.0,-0.23740720572725918,0,0.5,1.1568683804664535,0.10616232744725913,2.90834436816063,-0.250439005096201,-1.48701483410063,8.44894776093786,27.2586554281825,0.31394739668681354,0.7370971324016881,0.0,1.1568683804664535,1.1568683804664535,0.0,0.10616232744725913,0.3475073313782985,7.2586554281825
281,20,cx4xx3np,61576d2fde97a7adb4b6a193,0,49,52,post_exp,Demographics,2026-01-17 21:28:27.073012,1,,,1213.01,20,,109.63,0.7232918438174936,,treatment,,0.0,12,1,1.0,,paid_data,50.0,5.0,"[{""type"":""page-load"",""detail"":{""path"":""/p/cx4xx3np/main/Trade/36""},""ts"":""2026-01-17T21:39:07.009Z""},{""type"":""click"",""detail"":{""tag"":""INPUT"",""name"":""investment_amount"",""id"":""id_investment_amount"",""type"":""text""},""ts"":""2026-01-17T21:39:23.414Z""},{""type"":""input"",""detail"":{""tag"":""INPUT"",""name"":""investment_amount"",""id"":""id_investment_amount"",""type"":""text""},""ts"":""2026-01-17T21:39:24.258Z""},{""type"":""click"",""detail"":{""tag"":""LABEL"",""name"":null,""id"":null,""type"":null},""ts"":""2026-01-17T21:39:25.362Z""},{""type"":""click"",""detail"":{""tag"":""INPUT"",""name"":""imbalance_informative"",""id"":""id_imbalance_informative-0"",""type"":""radio""},""ts"":""2026-01-17T21:39:25.363Z""},{""type"":""input"",""detail"":{""tag"":""INPUT"",""name"":""imbalance_informative"",""id"":""id_imbalance_informative-0"",""type"":""radio""},""ts"":""2026-01-17T21:39:25.363Z""},{""type"":""click"",""detail"":{""tag"":""INPUT"",""name"":""return_forecast"",""id"":""id_return_forecast"",""type"":""text""},""ts"":""2026-01-17T21:39:26.588Z""},{""type"":""input"",""detail"":{""tag"":""INPUT"",""name"":""return_forecast"",""id"":""id_return_forecast"",""type"":""text""},""ts"":""2026-01-17T21:39:27.755Z""},{""type"":""click"",""detail"":{""tag"":""BUTTON"",""name"":null,""id"":null,""type"":""submit""},""ts"":""2026-01-17T21:39:28.793Z""},{""type"":""form-submit"",""detail"":{},""ts"":""2026-01-17T21:39:28.798Z""}]",1.0,27.2586554281825,1.0,108.63,5.0,109.63,,0,151ug4w3,,,,,0,1,1,1.0,1,-1.0471202371825696,0,,,,1.5719933986365178,7.0,1.3859447685699473,1,0.5263157894736842,1.1568683804664535,0.10616232744725913,2.90834436816063,-0.250439005096201,-1.48701483410063,8.44894776093786,27.2586554281825,0.31394739668681354,0.7370971324016881,1.1568683804664535,1.1568683804664535,1.1568683804664535,0.10616232744725913,0.10616232744725913,2.4711632453567898,22.2586554281825
282,22,gi3vvfez,676e6f5eb2e5690f74382e58,0,52,52,post_exp,FinalForProlific,2026-01-17 21:30:49.464898,1,,,114.35,22,,127.26,0.7232918438174936,,treatment,,0.0,13,0,0.0,,paid_data,100.0,23.0,"[{""type"":""page-load"",""detail"":{""path"":""/p/gi3vvfez/main/Trade/36""},""ts"":""2026-01-17T21:46:41.978Z""},{""type"":""click"",""detail"":{""tag"":""INPUT"",""name"":""investment_amount"",""id"":""id_investment_amount"",""type"":""text""},""ts"":""2026-01-17T21:46:45.786Z""},{""type"":""input"",""detail"":{""tag"":""INPUT"",""name"":""investment_amount"",""id"":""id_investment_amount"",""type"":""text""},""ts"":""2026-01-17T21:46:46.425Z""},{""type"":""click"",""detail"":{""tag"":""INPUT"",""name"":""return_forecast"",""id"":""id_return_forecast"",""type"":""text""},""ts"":""2026-01-17T21:46:59.178Z""},{""type"":""input"",""detail"":{""tag"":""INPUT"",""name"":""return_forecast"",""id"":""id_return_forecast"",""type"":""text""},""ts"":""2026-01-17T21:46:59.823Z""},{""type"":""click"",""detail"":{""tag"":""BUTTON"",""name"":null,""id"":null,""type"":""submit""},""ts"":""2026-01-17T21:47:02.788Z""},{""type"":""form-submit"",""detail"":{},""ts"":""2026-01-17T21:47:02.788Z""}]",,27.2586554281825,1.0,127.26,2.0,127.26,,0,151ug4w3,,,,,0,1,1,0.0,1,0.392670088943464,0,0.0,0.36890259348753185,0.0,0.4912479370739118,3.0,-1.366695535673143,0,1.0,1.1568683804664535,0.10616232744725913,2.90834436816063,-0.250439005096201,-1.48701483410063,8.44894776093786,27.2586554281825,0.31394739668681354,0.7370971324016881,0.0,1.1568683804664535,1.1568683804664535,0.0,0.10616232744725913,0.241324535679374,4.2586554281825
283,24,1li97jle,563f734bcbd4c60005dc9442,0,49,52,post_exp,Demographics,2026-01-17 21:34:31.158499,1,,,1302.85,24,,127.26,0.7232918438174936,,treatment,,0.0,10,0,0.0,,paid_data,100.0,13.0,"[{""type"":""page-load"",""detail"":{""path"":""/p/1li97jle/main/Trade/36""},""ts"":""2026-01-17T21:40:52.038Z""},{""type"":""click"",""detail"":{""tag"":""INPUT"",""name"":""investment_amount"",""id"":""id_investment_amount"",""type"":""text""},""ts"":""2026-01-17T21:40:54.432Z""},{""type"":""input"",""detail"":{""tag"":""INPUT"",""name"":""investment_amount"",""id"":""id_investment_amount"",""type"":""text""},""ts"":""2026-01-17T21:40:55.188Z""},{""type"":""input"",""detail"":{""tag"":""INPUT"",""name"":""investment_amount"",""id"":""id_investment_amount"",""type"":""text""},""ts"":""2026-01-17T21:40:55.835Z""},{""type"":""window-blur"",""detail"":{},""ts"":""2026-01-17T21:40:56.408Z""},{""type"":""window-focus"",""detail"":{},""ts"":""2026-01-17T21:40:57.452Z""},{""type"":""click"",""detail"":{""tag"":""INPUT"",""name"":""return_forecast"",""id"":""id_return_forecast"",""type"":""text""},""ts"":""2026-01-17T21:40:57.462Z""},{""type"":""input"",""detail"":{""tag"":""INPUT"",""name"":""return_forecast"",""id"":""id_return_forecast"",""type"":""text""},""ts"":""2026-01-17T21:40:58.948Z""},{""type"":""click"",""detail"":{""tag"":""BUTTON"",""name"":null,""id"":null,""type"":""submit""},""ts"":""2026-01-17T21:40:59.683Z""},{""type"":""form-submit"",""detail"":{},""ts"":""2026-01-17T21:40:59.686Z""}]",,27.2586554281825,1.0,127.26,2.0,127.26,,0,151ug4w3,,,,,0,1,1,0.0,1,0.392670088943464,0,,,,-1.129870255269997,7.0,0.3272369592456818,0,1.0,1.1568683804664535,0.10616232744725913,2.90834436816063,-0.250439005096201,-1.48701483410063,8.44894776093786,27.2586554281825,0.31394739668681354,0.7370971324016881,0.0,1.1568683804664535,1.1568683804664535,0.0,0.10616232744725913,1.2766067937438883,14.2586554281825
284,26,8vxh54dk,672eda41e28ba46f845249df,0,52,52,post_exp,FinalForProlific,2026-01-17 21:37:19.026422,1,,,108.92,26,,115.08,0.7232918438174936,,treatment,,0.0,6,1,1.0,,paid_data,70.0,15.0,"[{""type"":""page-load"",""detail"":{""path"":""/p/8vxh54dk/main/Trade/36""},""ts"":""2026-01-17T21:50:00.754Z""},{""type"":""right-click"",""detail"":{""x"":837,""y"":483,""target"":""IMG""},""ts"":""2026-01-17T21:50:01.611Z""},{""type"":""contextmenu"",""detail"":{""x"":837,""y"":483,""target"":""IMG""},""ts"":""2026-01-17T21:50:01.690Z""},{""type"":""window-blur"",""detail"":{},""ts"":""2026-01-17T21:50:03.186Z""},{""type"":""visibilitychange"",""detail"":{""state"":""hidden""},""ts"":""2026-01-17T21:50:03.189Z""},{""type"":""visibilitychange"",""detail"":{""state"":""visible""},""ts"":""2026-01-17T21:50:20.419Z""},{""type"":""window-focus"",""detail"":{},""ts"":""2026-01-17T21:50:20.421Z""},{""type"":""click"",""detail"":{""tag"":""INPUT"",""name"":""investment_amount"",""id"":""id_investment_amount"",""type"":""text""},""ts"":""2026-01-17T21:50:22.209Z""},{""type"":""input"",""detail"":{""tag"":""INPUT"",""name"":""investment_amount"",""id"":""id_investment_amount"",""type"":""text""},""ts"":""2026-01-17T21:50:23.138Z""},{""type"":""click"",""detail"":{""tag"":""INPUT"",""name"":""imbalance_informative"",""id"":""id_imbalance_informative-0"",""type"":""radio""},""ts"":""2026-01-17T21:50:26.457Z""},{""type"":""input"",""detail"":{""tag"":""INPUT"",""name"":""imbalance_informative"",""id"":""id_imbalance_informative-0"",""type"":""radio""},""ts"":""2026-01-17T21:50:26.457Z""},{""type"":""click"",""detail"":{""tag"":""INPUT"",""name"":""return_forecast"",""id"":""id_return_forecast"",""type"":""text""},""ts"":""2026-01-17T21:50:27.097Z""},{""type"":""input"",""detail"":{""tag"":""INPUT"",""name"":""return_forecast"",""id"":""id_return_forecast"",""type"":""text""},""ts"":""2026-01-17T21:50:27.826Z""},{""type"":""click"",""detail"":{""tag"":""BUTTON"",""name"":null,""id"":null,""type"":""submit""},""ts"":""2026-01-17T21:50:29.293Z""},{""type"":""form-submit"",""detail"":{},""ts"":""2026-01-17T21:50:29.293Z""}]",1.0,27.2586554281825,1.0,114.08,8.0,115.08,,0,151ug4w3,,,,,0,1,1,1.0,1,0.392670088943464,1,1.0,2.485556818415995,1.0,-1.129870255269997,8.0,0.7507200829753884,1,0.7368421052631579,1.1568683804664535,0.10616232744725913,2.90834436816063,-0.250439005096201,-1.48701483410063,8.44894776093786,27.2586554281825,0.31394739668681354,0.7370971324016881,1.1568683804664535,1.1568683804664535,1.1568683804664535,0.10616232744725913,0.10616232744725913,1.2766067937438883,12.2586554281825
285,27,iwq8bj53,6272b9dfc470a51d5fa0e6ea,0,52,52,post_exp,FinalForProlific,2026-01-17 21:42:24.321475,1,,,114.56,27,,127.26,0.7232918438174936,,treatment,,0.0,12,0,0.0,,paid_data,100.0,15.0,"[{""type"":""page-load"",""detail"":{""path"":""/p/iwq8bj53/main/Trade/36""},""ts"":""2026-01-17T21:55:28.820Z""},{""type"":""click"",""detail"":{""tag"":""INPUT"",""name"":""investment_amount"",""id"":""id_investment_amount"",""type"":""text""},""ts"":""2026-01-17T21:55:35.368Z""},{""type"":""input"",""detail"":{""tag"":""INPUT"",""name"":""investment_amount"",""id"":""id_investment_amount"",""type"":""text""},""ts"":""2026-01-17T21:55:38.668Z""},{""type"":""input"",""detail"":{""tag"":""INPUT"",""name"":""investment_amount"",""id"":""id_investment_amount"",""type"":""text""},""ts"":""2026-01-17T21:55:39.237Z""},{""type"":""click"",""detail"":{""tag"":""INPUT"",""name"":""return_forecast"",""id"":""id_return_forecast"",""type"":""text""},""ts"":""2026-01-17T21:55:40.239Z""},{""type"":""input"",""detail"":{""tag"":""INPUT"",""name"":""return_forecast"",""id"":""id_return_forecast"",""type"":""text""},""ts"":""2026-01-17T21:55:40.675Z""},{""type"":""input"",""detail"":{""tag"":""INPUT"",""name"":""return_forecast"",""id"":""id_return_forecast"",""type"":""text""},""ts"":""2026-01-17T21:55:41.189Z""},{""type"":""click"",""detail"":{""tag"":""BUTTON"",""name"":null,""id"":null,""type"":""submit""},""ts"":""2026-01-17T21:55:42.079Z""},{""type"":""form-submit"",""detail"":{},""ts"":""2026-01-17T21:55:42.080Z""}]",,27.2586554281825,1.0,127.26,2.0,127.26,,0,151ug4w3,,,,,0,1,1,0.0,1,0.392670088943464,0,1.0,0.4535687624846704,1.0,0.4912479370739118,7.0,0.3272369592456818,0,1.0,1.1568683804664535,0.10616232744725913,2.90834436816063,-0.250439005096201,-1.48701483410063,8.44894776093786,27.2586554281825,0.31394739668681354,0.7370971324016881,0.0,1.1568683804664535,1.1568683804664535,0.0,0.10616232744725913,0.241324535679374,12.2586554281825
286,28,5uy60pw0,5d6349209b22da000117b1bd,0,52,52,post_exp,FinalForProlific,2026-01-17 21:44:53.042884,1,,,109.31,28,,116.81,0.7232918438174936,,treatment,,0.0,4,1,1.0,,paid_data,80.0,20.0,"[{""type"":""page-load"",""detail"":{""path"":""/p/5uy60pw0/main/Trade/36""},""ts"":""2026-01-17T22:02:45.385Z""},{""type"":""click"",""detail"":{""tag"":""INPUT"",""name"":""return_forecast"",""id"":""id_return_forecast"",""type"":""text""},""ts"":""2026-01-17T22:03:10.220Z""},{""type"":""input"",""detail"":{""tag"":""INPUT"",""name"":""return_forecast"",""id"":""id_return_forecast"",""type"":""text""},""ts"":""2026-01-17T22:03:11.086Z""},{""type"":""input"",""detail"":{""tag"":""INPUT"",""name"":""return_forecast"",""id"":""id_return_forecast"",""type"":""text""},""ts"":""2026-01-17T22:03:11.731Z""},{""type"":""click"",""detail"":{""tag"":""INPUT"",""name"":""imbalance_informative"",""id"":""id_imbalance_informative-1"",""type"":""radio""},""ts"":""2026-01-17T22:03:14.730Z""},{""type"":""input"",""detail"":{""tag"":""INPUT"",""name"":""imbalance_informative"",""id"":""id_imbalance_informative-1"",""type"":""radio""},""ts"":""2026-01-17T22:03:14.730Z""},{""type"":""click"",""detail"":{""tag"":""INPUT"",""name"":""investment_amount"",""id"":""id_investment_amount"",""type"":""text""},""ts"":""2026-01-17T22:03:16.012Z""},{""type"":""input"",""detail"":{""tag"":""INPUT"",""name"":""investment_amount"",""id"":""id_investment_amount"",""type"":""text""},""ts"":""2026-01-17T22:03:17.044Z""},{""type"":""input"",""detail"":{""tag"":""INPUT"",""name"":""investment_amount"",""id"":""id_investment_amount"",""type"":""text""},""ts"":""2026-01-17T22:03:17.913Z""},{""type"":""input"",""detail"":{""tag"":""INPUT"",""name"":""investment_amount"",""id"":""id_investment_amount"",""type"":""text""},""ts"":""2026-01-17T22:03:18.891Z""},{""type"":""click"",""detail"":{""tag"":""BUTTON"",""name"":null,""id"":null,""type"":""submit""},""ts"":""2026-01-17T22:03:20.737Z""},{""type"":""form-submit"",""detail"":{},""ts"":""2026-01-17T22:03:20.739Z""}]",0.0,27.2586554281825,1.0,116.81,4.0,116.81,,0,151ug4w3,,,,,0,1,1,1.0,1,0.392670088943464,0,0.0,0.36890259348753185,0.0,-0.04912479370739113,7.0,0.3272369592456818,1,0.8421052631578947,1.1568683804664535,0.10616232744725913,2.90834436816063,-0.250439005096201,-1.48701483410063,8.44894776093786,27.2586554281825,0.31394739668681354,0.7370971324016881,1.1568683804664535,1.1568683804664535,1.1568683804664535,0.10616232744725913,0.10616232744725913,0.0024132453567937352,7.2586554281825
287,29,r8rvnx27,60e769ec9858960e8ad00886,0,52,52,post_exp,FinalForProlific,2026-01-17 21:45:48.803289,1,,,114.24,29,,128.26,0.7232918438174936,,control,,0.0,4,1,-1.0,,free_data,100.0,20.0,"[{""type"":""page-load"",""detail"":{""path"":""/p/r8rvnx27/main/Trade/36""},""ts"":""2026-01-17T21:58:43.996Z""},{""type"":""click"",""detail"":{""tag"":""INPUT"",""name"":""imbalance_informative"",""id"":""id_imbalance_informative-0"",""type"":""radio""},""ts"":""2026-01-17T21:58:56.237Z""},{""type"":""input"",""detail"":{""tag"":""INPUT"",""name"":""imbalance_informative"",""id"":""id_imbalance_informative-0"",""type"":""radio""},""ts"":""2026-01-17T21:58:56.237Z""},{""type"":""click"",""detail"":{""tag"":""INPUT"",""name"":""investment_amount"",""id"":""id_investment_amount"",""type"":""text""},""ts"":""2026-01-17T21:58:57.249Z""},{""type"":""input"",""detail"":{""tag"":""INPUT"",""name"":""investment_amount"",""id"":""id_investment_amount"",""type"":""text""},""ts"":""2026-01-17T21:58:58.835Z""},{""type"":""input"",""detail"":{""tag"":""INPUT"",""name"":""investment_amount"",""id"":""id_investment_amount"",""type"":""text""},""ts"":""2026-01-17T21:58:59.364Z""},{""type"":""input"",""detail"":{""tag"":""INPUT"",""name"":""investment_amount"",""id"":""id_investment_amount"",""type"":""text""},""ts"":""2026-01-17T21:58:59.908Z""},{""type"":""click"",""detail"":{""tag"":""INPUT"",""name"":""return_forecast"",""id"":""id_return_forecast"",""type"":""text""},""ts"":""2026-01-17T21:59:01.469Z""},{""type"":""input"",""detail"":{""tag"":""INPUT"",""name"":""return_forecast"",""id"":""id_return_forecast"",""type"":""text""},""ts"":""2026-01-17T21:59:03.037Z""},{""type"":""input"",""detail"":{""tag"":""INPUT"",""name"":""return_forecast"",""id"":""id_return_forecast"",""type"":""text""},""ts"":""2026-01-17T21:59:03.617Z""},{""type"":""click"",""detail"":{""tag"":""BUTTON"",""name"":null,""id"":null,""type"":""submit""},""ts"":""2026-01-17T21:59:05.182Z""},{""type"":""form-submit"",""detail"":{},""ts"":""2026-01-17T21:59:05.184Z""}]",1.0,27.2586554281825,1.0,127.26,9.0,128.26,,0,151ug4w3,,,,,0,0,0,-0.0,0,-0.08726001976521408,0,0.0,0.7922334384732245,0.0,0.4912479370739118,0.0,-2.2842423037541724,0,1.0,1.1568683804664535,0.10616232744725913,2.90834436816063,-0.250439005096201,-1.48701483410063,8.44894776093786,27.2586554281825,0.31394739668681354,0.7370971324016881,-0.0,0.0,0.0,-0.0,0.0,0.241324535679374,7.2586554281825
288,30,9ioh8yjj,5a501c26eedc32000141f4f2,0,52,52,post_exp,FinalForProlific,2026-01-17 21:52:21.858087,1,,,110.45,30,,105.45,0.7232918438174936,,treatment,,0.0,11,0,0.0,,paid_data,20.0,20.0,"[{""type"":""page-load"",""detail"":{""path"":""/p/9ioh8yjj/main/Trade/36""},""ts"":""2026-01-17T22:48:00.135Z""},{""type"":""click"",""detail"":{""tag"":""INPUT"",""name"":""investment_amount"",""id"":""id_investment_amount"",""type"":""text""},""ts"":""2026-01-17T22:48:02.058Z""},{""type"":""input"",""detail"":{""tag"":""INPUT"",""name"":""investment_amount"",""id"":""id_investment_amount"",""type"":""text""},""ts"":""2026-01-17T22:48:02.694Z""},{""type"":""input"",""detail"":{""tag"":""INPUT"",""name"":""return_forecast"",""id"":""id_return_forecast"",""type"":""text""},""ts"":""2026-01-17T22:48:03.145Z""},{""type"":""click"",""detail"":{""tag"":""BUTTON"",""name"":null,""id"":null,""type"":""submit""},""ts"":""2026-01-17T22:48:04.129Z""},{""type"":""form-submit"",""detail"":{},""ts"":""2026-01-17T22:48:04.130Z""}]",,27.2586554281825,1.0,105.45,2.0,105.45,,0,151ug4w3,,,,,0,1,1,0.0,1,-2.4869105633086037,0,0.0,-1.409086955452377,1.0,2.1123661294178206,4.0,1.1742032067050947,0,0.2,1.1568683804664535,0.10616232744725913,2.90834436816063,-0.250439005096201,-1.48701483410063,8.44894776093786,27.2586554281825,0.31394739668681354,0.7370971324016881,0.0,1.1568683804664535,1.1568683804664535,0.0,0.10616232744725913,4.462090664711625,7.2586554281825
289,31,joi0mcuh,69669328636e175b3d4155dc,0,52,52,post_exp,FinalForProlific,2026-01-17 21:52:45.868789,1,,,111.6,31,,115.08,0.7232918438174936,,treatment,,0.0,8,1,1.0,,paid_data,70.0,25.0,"[{""type"":""page-load"",""detail"":{""path"":""/p/joi0mcuh/main/Trade/36""},""ts"":""2026-01-17T22:11:29.993Z""},{""type"":""click"",""detail"":{""tag"":""INPUT"",""name"":""investment_amount"",""id"":""id_investment_amount"",""type"":""text""},""ts"":""2026-01-17T22:11:43.167Z""},{""type"":""input"",""detail"":{""tag"":""INPUT"",""name"":""investment_amount"",""id"":""id_investment_amount"",""type"":""text""},""ts"":""2026-01-17T22:11:45.091Z""},{""type"":""click"",""detail"":{""tag"":""INPUT"",""name"":""imbalance_informative"",""id"":""id_imbalance_informative-0"",""type"":""radio""},""ts"":""2026-01-17T22:11:46.551Z""},{""type"":""input"",""detail"":{""tag"":""INPUT"",""name"":""imbalance_informative"",""id"":""id_imbalance_informative-0"",""type"":""radio""},""ts"":""2026-01-17T22:11:46.551Z""},{""type"":""click"",""detail"":{""tag"":""INPUT"",""name"":""return_forecast"",""id"":""id_return_forecast"",""type"":""text""},""ts"":""2026-01-17T22:11:47.617Z""},{""type"":""input"",""detail"":{""tag"":""INPUT"",""name"":""return_forecast"",""id"":""id_return_forecast"",""type"":""text""},""ts"":""2026-01-17T22:11:47.816Z""},{""type"":""click"",""detail"":{""tag"":""BUTTON"",""name"":null,""id"":null,""type"":""submit""},""ts"":""2026-01-17T22:11:49.367Z""},{""type"":""form-submit"",""detail"":{},""ts"":""2026-01-17T22:11:49.368Z""}]",1.0,27.2586554281825,1.0,114.08,6.0,115.08,,0,151ug4w3,,,,,0,1,1,1.0,1,1.3525303063608196,0,0.0,-0.22376058949243777,1.0,2.1123661294178206,8.0,0.044914876759211554,1,0.7368421052631579,1.1568683804664535,0.10616232744725913,2.90834436816063,-0.250439005096201,-1.48701483410063,8.44894776093786,27.2586554281825,0.31394739668681354,0.7370971324016881,1.1568683804664535,1.1568683804664535,1.1568683804664535,0.10616232744725913,0.10616232744725913,4.462090664711625,2.2586554281825
290,33,4tbjlhuv,598c4b28cceb0f0001b39675,0,52,52,post_exp,FinalForProlific,2026-01-17 21:57:26.669322,1,,,111.62,33,,105.45,0.7232918438174936,,control,,0.0,6,1,-1.0,,free_data,20.0,25.0,"[{""type"":""page-load"",""detail"":{""path"":""/p/4tbjlhuv/main/Trade/36""},""ts"":""2026-01-17T22:09:51.018Z""},{""type"":""click"",""detail"":{""tag"":""INPUT"",""name"":""investment_amount"",""id"":""id_investment_amount"",""type"":""text""},""ts"":""2026-01-17T22:09:56.781Z""},{""type"":""input"",""detail"":{""tag"":""INPUT"",""name"":""investment_amount"",""id"":""id_investment_amount"",""type"":""text""},""ts"":""2026-01-17T22:09:57.593Z""},{""type"":""click"",""detail"":{""tag"":""INPUT"",""name"":""imbalance_informative"",""id"":""id_imbalance_informative-1"",""type"":""radio""},""ts"":""2026-01-17T22:10:03.106Z""},{""type"":""input"",""detail"":{""tag"":""INPUT"",""name"":""imbalance_informative"",""id"":""id_imbalance_informative-1"",""type"":""radio""},""ts"":""2026-01-17T22:10:03.106Z""},{""type"":""click"",""detail"":{""tag"":""INPUT"",""name"":""return_forecast"",""id"":""id_return_forecast"",""type"":""text""},""ts"":""2026-01-17T22:10:03.680Z""},{""type"":""input"",""detail"":{""tag"":""INPUT"",""name"":""return_forecast"",""id"":""id_return_forecast"",""type"":""text""},""ts"":""2026-01-17T22:10:04.650Z""},{""type"":""input"",""detail"":{""tag"":""INPUT"",""name"":""return_forecast"",""id"":""id_return_forecast"",""type"":""text""},""ts"":""2026-01-17T22:10:05.346Z""},{""type"":""click"",""detail"":{""tag"":""BUTTON"",""name"":null,""id"":null,""type"":""submit""},""ts"":""2026-01-17T22:10:06.247Z""},{""type"":""form-submit"",""detail"":{},""ts"":""2026-01-17T22:10:06.263Z""}]",0.0,27.2586554281825,1.0,105.45,5.0,105.45,,0,151ug4w3,,,,,0,0,0,-0.0,0,0.8726001976521415,0,0.0,0.4535687624846704,1.0,-1.129870255269997,7.0,-0.025665643862406367,0,0.2,1.1568683804664535,0.10616232744725913,2.90834436816063,-0.250439005096201,-1.48701483410063,8.44894776093786,27.2586554281825,0.31394739668681354,0.7370971324016881,-0.0,0.0,0.0,-0.0,0.0,1.2766067937438883,2.2586554281825
291,34,4pzjsb2b,67580f69a9a3cb759240904b,0,52,52,post_exp,FinalForProlific,2026-01-17 21:58:30.170718,1,,,106.49,34,,106.45,0.7232918438174936,,treatment,,0.0,10,0,0.0,,paid_data,20.0,27.0,"[{""type"":""page-load"",""detail"":{""path"":""/p/4pzjsb2b/main/Trade/36""},""ts"":""2026-01-17T22:07:44.022Z""},{""type"":""click"",""detail"":{""tag"":""INPUT"",""name"":""investment_amount"",""id"":""id_investment_amount"",""type"":""text""},""ts"":""2026-01-17T22:07:47.972Z""},{""type"":""input"",""detail"":{""tag"":""INPUT"",""name"":""investment_amount"",""id"":""id_investment_amount"",""type"":""text""},""ts"":""2026-01-17T22:07:48.612Z""},{""type"":""click"",""detail"":{""tag"":""INPUT"",""name"":""return_forecast"",""id"":""id_return_forecast"",""type"":""text""},""ts"":""2026-01-17T22:07:49.667Z""},{""type"":""input"",""detail"":{""tag"":""INPUT"",""name"":""return_forecast"",""id"":""id_return_forecast"",""type"":""text""},""ts"":""2026-01-17T22:07:50.072Z""},{""type"":""click"",""detail"":{""tag"":""BUTTON"",""name"":null,""id"":null,""type"":""submit""},""ts"":""2026-01-17T22:07:51.329Z""},{""type"":""form-submit"",""detail"":{},""ts"":""2026-01-17T22:07:51.330Z""}]",,27.2586554281825,1.0,105.45,3.0,106.45,,0,151ug4w3,,,,,0,1,1,0.0,1,1.3525303063608196,0,0.0,1.3002304524560555,1.0,-1.129870255269997,7.0,-0.378568246970495,0,0.2,1.1568683804664535,0.10616232744725913,2.90834436816063,-0.250439005096201,-1.48701483410063,8.44894776093786,27.2586554281825,0.31394739668681354,0.7370971324016881,0.0,1.1568683804664535,1.1568683804664535,0.0,0.10616232744725913,1.2766067937438883,0.2586554281825002
292,35,fcwg96au,5848ad3bdb871400012da095,0,52,52,post_exp,FinalForProlific,2026-01-17 22:00:16.297158,1,,,108.19,35,,106.9,0.7232918438174936,,treatment,,0.0,10,1,1.0,,paid_data,40.0,30.0,"[{""type"":""page-load"",""detail"":{""path"":""/p/fcwg96au/main/Trade/36""},""ts"":""2026-01-17T22:10:00.059Z""},{""type"":""click"",""detail"":{""tag"":""INPUT"",""name"":""investment_amount"",""id"":""id_investment_amount"",""type"":""text""},""ts"":""2026-01-17T22:10:03.910Z""},{""type"":""input"",""detail"":{""tag"":""INPUT"",""name"":""investment_amount"",""id"":""id_investment_amount"",""type"":""text""},""ts"":""2026-01-17T22:10:04.361Z""},{""type"":""click"",""detail"":{""tag"":""LABEL"",""name"":null,""id"":null,""type"":null},""ts"":""2026-01-17T22:10:05.667Z""},{""type"":""click"",""detail"":{""tag"":""INPUT"",""name"":""imbalance_informative"",""id"":""id_imbalance_informative-0"",""type"":""radio""},""ts"":""2026-01-17T22:10:05.670Z""},{""type"":""input"",""detail"":{""tag"":""INPUT"",""name"":""imbalance_informative"",""id"":""id_imbalance_informative-0"",""type"":""radio""},""ts"":""2026-01-17T22:10:05.670Z""},{""type"":""click"",""detail"":{""tag"":""LABEL"",""name"":null,""id"":null,""type"":null},""ts"":""2026-01-17T22:10:06.355Z""},{""type"":""click"",""detail"":{""tag"":""INPUT"",""name"":""return_forecast"",""id"":""id_return_forecast"",""type"":""text""},""ts"":""2026-01-17T22:10:06.358Z""},{""type"":""input"",""detail"":{""tag"":""INPUT"",""name"":""return_forecast"",""id"":""id_return_forecast"",""type"":""text""},""ts"":""2026-01-17T22:10:07.464Z""},{""type"":""click"",""detail"":{""tag"":""BUTTON"",""name"":null,""id"":null,""type"":""submit""},""ts"":""2026-01-17T22:10:08.528Z""},{""type"":""form-submit"",""detail"":{},""ts"":""2026-01-17T22:10:08.529Z""}]",1.0,27.2586554281825,1.0,105.9,7.0,106.9,,0,151ug4w3,,,,,0,1,1,1.0,1,-0.08726001976521408,1,0.0,-0.3084267584895763,1.0,1.0316206678552147,1.0,-1.8607591800244665,1,0.42105263157894735,1.1568683804664535,0.10616232744725913,2.90834436816063,-0.250439005096201,-1.48701483410063,8.44894776093786,27.2586554281825,0.31394739668681354,0.7370971324016881,1.1568683804664535,1.1568683804664535,1.1568683804664535,0.10616232744725913,0.10616232744725913,1.0642412023460393,2.7413445718175
293,37,4d34f1nl,692f221e98e3cdcf10465812,0,52,52,post_exp,FinalForProlific,2026-01-17 22:07:34.984862,1,,,112.1,37,,106.45,0.7232918438174936,,control,,0.0,6,1,-1.0,,free_data,20.0,10.0,"[{""type"":""page-load"",""detail"":{""path"":""/p/4d34f1nl/main/Trade/36""},""ts"":""2026-01-17T22:31:24.938Z""},{""type"":""window-blur"",""detail"":{},""ts"":""2026-01-17T22:31:25.914Z""},{""type"":""visibilitychange"",""detail"":{""state"":""hidden""},""ts"":""2026-01-17T22:31:25.914Z""},{""type"":""visibilitychange"",""detail"":{""state"":""visible""},""ts"":""2026-01-17T22:31:40.244Z""},{""type"":""window-focus"",""detail"":{},""ts"":""2026-01-17T22:31:40.250Z""},{""type"":""click"",""detail"":{""tag"":""INPUT"",""name"":""investment_amount"",""id"":""id_investment_amount"",""type"":""text""},""ts"":""2026-01-17T22:31:41.102Z""},{""type"":""input"",""detail"":{""tag"":""INPUT"",""name"":""investment_amount"",""id"":""id_investment_amount"",""type"":""text""},""ts"":""2026-01-17T22:31:41.466Z""},{""type"":""input"",""detail"":{""tag"":""INPUT"",""name"":""investment_amount"",""id"":""id_investment_amount"",""type"":""text""},""ts"":""2026-01-17T22:31:42.462Z""},{""type"":""click"",""detail"":{""tag"":""LABEL"",""name"":null,""id"":null,""type"":null},""ts"":""2026-01-17T22:31:43.268Z""},{""type"":""click"",""detail"":{""tag"":""INPUT"",""name"":""imbalance_informative"",""id"":""id_imbalance_informative-0"",""type"":""radio""},""ts"":""2026-01-17T22:31:43.268Z""},{""type"":""input"",""detail"":{""tag"":""INPUT"",""name"":""imbalance_informative"",""id"":""id_imbalance_informative-0"",""type"":""radio""},""ts"":""2026-01-17T22:31:43.268Z""},{""type"":""click"",""detail"":{""tag"":""INPUT"",""name"":""return_forecast"",""id"":""id_return_forecast"",""type"":""text""},""ts"":""2026-01-17T22:31:43.719Z""},{""type"":""input"",""detail"":{""tag"":""INPUT"",""name"":""return_forecast"",""id"":""id_return_forecast"",""type"":""text""},""ts"":""2026-01-17T22:31:45.073Z""},{""type"":""window-blur"",""detail"":{},""ts"":""2026-01-17T22:31:46.924Z""},{""type"":""visibilitychange"",""detail"":{""state"":""hidden""},""ts"":""2026-01-17T22:31:46.925Z""},{""type"":""visibilitychange"",""detail"":{""state"":""visible""},""ts"":""2026-01-17T22:31:47.358Z""},{""type"":""window-focus"",""detail"":{},""ts"":""2026-01-17T22:31:47.368Z""},{""type"":""click"",""detail"":{""tag"":""BUTTON"",""name"":null,""id"":null,""type"":""submit""},""ts"":""2026-01-17T22:31:49.805Z""},{""type"":""form-submit"",""detail"":{},""ts"":""2026-01-17T22:31:49.805Z""}]",1.0,27.2586554281825,1.0,105.45,5.0,106.45,,0,151ug4w3,,,,,0,0,0,-0.0,0,-0.08726001976521408,0,0.0,-1.7477516314409312,0.0,-0.5894975244886941,7.0,0.6801395623537705,0,0.2,1.1568683804664535,0.10616232744725913,2.90834436816063,-0.250439005096201,-1.48701483410063,8.44894776093786,27.2586554281825,0.31394739668681354,0.7370971324016881,-0.0,0.0,0.0,-0.0,0.0,0.3475073313782985,17.2586554281825
294,38,d8aqe2fa,650b03136ab3d4c832d98b71,0,52,52,post_exp,FinalForProlific,2026-01-17 22:08:13.439724,1,,,118.99,38,,116.36,0.7232918438174936,,treatment,,0.0,5,0,0.0,,paid_data,60.0,15.0,"[{""type"":""page-load"",""detail"":{""path"":""/p/d8aqe2fa/main/Trade/36""},""ts"":""2026-01-17T22:21:22.720Z""},{""type"":""copy"",""detail"":{""types"":[],""hasImage"":true,""hasFiles"":false},""ts"":""2026-01-17T22:21:24.943Z""},{""type"":""window-blur"",""detail"":{},""ts"":""2026-01-17T22:21:25.435Z""},{""type"":""window-focus"",""detail"":{},""ts"":""2026-01-17T22:21:26.040Z""},{""type"":""right-click"",""detail"":{""x"":1131,""y"":348,""target"":""IMG""},""ts"":""2026-01-17T22:21:26.379Z""},{""type"":""contextmenu"",""detail"":{""x"":1131,""y"":348,""target"":""IMG""},""ts"":""2026-01-17T22:21:26.445Z""},{""type"":""window-blur"",""detail"":{},""ts"":""2026-01-17T22:21:27.783Z""},{""type"":""window-focus"",""detail"":{},""ts"":""2026-01-17T22:21:34.455Z""},{""type"":""click"",""detail"":{""tag"":""INPUT"",""name"":""investment_amount"",""id"":""id_investment_amount"",""type"":""text""},""ts"":""2026-01-17T22:21:34.528Z""},{""type"":""input"",""detail"":{""tag"":""INPUT"",""name"":""investment_amount"",""id"":""id_investment_amount"",""type"":""text""},""ts"":""2026-01-17T22:21:35.323Z""},{""type"":""click"",""detail"":{""tag"":""INPUT"",""name"":""return_forecast"",""id"":""id_return_forecast"",""type"":""text""},""ts"":""2026-01-17T22:21:36.335Z""},{""type"":""input"",""detail"":{""tag"":""INPUT"",""name"":""return_forecast"",""id"":""id_return_forecast"",""type"":""text""},""ts"":""2026-01-17T22:21:37.491Z""},{""type"":""click"",""detail"":{""tag"":""BUTTON"",""name"":null,""id"":null,""type"":""submit""},""ts"":""2026-01-17T22:21:39.021Z""},{""type"":""form-submit"",""detail"":{},""ts"":""2026-01-17T22:21:39.022Z""}]",,27.2586554281825,1.0,116.36,4.0,116.36,,0,151ug4w3,,,,,0,1,1,0.0,1,1.3525303063608196,0,1.0,-0.5624252654809918,0.0,-0.5894975244886941,6.0,-0.8020513707002012,0,0.6,1.1568683804664535,0.10616232744725913,2.90834436816063,-0.250439005096201,-1.48701483410063,8.44894776093786,27.2586554281825,0.31394739668681354,0.7370971324016881,0.0,1.1568683804664535,1.1568683804664535,0.0,0.10616232744725913,0.3475073313782985,12.2586554281825
295,39,35jj3mv4,666445e5b72745f04a4f57d6,0,52,52,post_exp,FinalForProlific,2026-01-17 22:10:39.908203,1,,,115.9,39,,119.08,0.7232918438174936,,treatment,,0.0,5,0,0.0,,paid_data,70.0,10.0,"[{""type"":""page-load"",""detail"":{""path"":""/p/35jj3mv4/main/Trade/36""},""ts"":""2026-01-17T22:28:40.378Z""},{""type"":""click"",""detail"":{""tag"":""INPUT"",""name"":""investment_amount"",""id"":""id_investment_amount"",""type"":""text""},""ts"":""2026-01-17T22:28:56.397Z""},{""type"":""input"",""detail"":{""tag"":""INPUT"",""name"":""investment_amount"",""id"":""id_investment_amount"",""type"":""text""},""ts"":""2026-01-17T22:29:14.568Z""},{""type"":""click"",""detail"":{""tag"":""INPUT"",""name"":""return_forecast"",""id"":""id_return_forecast"",""type"":""text""},""ts"":""2026-01-17T22:29:16.376Z""},{""type"":""input"",""detail"":{""tag"":""INPUT"",""name"":""return_forecast"",""id"":""id_return_forecast"",""type"":""text""},""ts"":""2026-01-17T22:29:17.705Z""},{""type"":""click"",""detail"":{""tag"":""BUTTON"",""name"":null,""id"":null,""type"":""submit""},""ts"":""2026-01-17T22:29:19.262Z""},{""type"":""form-submit"",""detail"":{},""ts"":""2026-01-17T22:29:19.266Z""}]",,27.2586554281825,1.0,119.08,4.0,119.08,,0,151ug4w3,,,,,0,1,1,0.0,1,1.3525303063608196,0,0.0,1.215564283458917,1.0,-0.04912479370739113,6.0,-0.8020513707002012,0,0.7,1.1568683804664535,0.10616232744725913,2.90834436816063,-0.250439005096201,-1.48701483410063,8.44894776093786,27.2586554281825,0.31394739668681354,0.7370971324016881,0.0,1.1568683804664535,1.1568683804664535,0.0,0.10616232744725913,0.0024132453567937352,17.2586554281825
296,40,7czue3k2,5cad1eef8ed53d00180d2532,0,52,52,post_exp,FinalForProlific,2026-01-17 22:23:11.563870,1,,,110.19,40,,100.0,0.7232918438174936,,treatment,,0.0,13,0,0.0,,paid_data,0.0,15.0,"[{""type"":""page-load"",""detail"":{""path"":""/p/7czue3k2/main/Trade/36""},""ts"":""2026-01-17T22:42:28.882Z""},{""type"":""click"",""detail"":{""tag"":""INPUT"",""name"":""return_forecast"",""id"":""id_return_forecast"",""type"":""text""},""ts"":""2026-01-17T22:42:54.071Z""},{""type"":""input"",""detail"":{""tag"":""INPUT"",""name"":""return_forecast"",""id"":""id_return_forecast"",""type"":""text""},""ts"":""2026-01-17T22:42:54.662Z""},{""type"":""input"",""detail"":{""tag"":""INPUT"",""name"":""return_forecast"",""id"":""id_return_forecast"",""type"":""text""},""ts"":""2026-01-17T22:42:55.674Z""},{""type"":""click"",""detail"":{""tag"":""INPUT"",""name"":""investment_amount"",""id"":""id_investment_amount"",""type"":""text""},""ts"":""2026-01-17T22:42:57.255Z""},{""type"":""input"",""detail"":{""tag"":""INPUT"",""name"":""investment_amount"",""id"":""id_investment_amount"",""type"":""text""},""ts"":""2026-01-17T22:43:01.286Z""},{""type"":""click"",""detail"":{""tag"":""BUTTON"",""name"":null,""id"":null,""type"":""submit""},""ts"":""2026-01-17T22:43:03.376Z""},{""type"":""form-submit"",""detail"":{},""ts"":""2026-01-17T22:43:03.377Z""}]",,27.2586554281825,1.0,100.0,6.0,100.0,,0,151ug4w3,,,,,0,1,1,0.0,1,-2.0069804545999257,1,0.0,-1.1550884484609614,0.0,-0.5894975244886941,2.0,-0.025665643862406367,0,0.0,1.1568683804664535,0.10616232744725913,2.90834436816063,-0.250439005096201,-1.48701483410063,8.44894776093786,27.2586554281825,0.31394739668681354,0.7370971324016881,0.0,1.1568683804664535,1.1568683804664535,0.0,0.10616232744725913,0.3475073313782985,12.2586554281825
297,1,0zkzl65f,64df6c0375d740bb235620f5,0,52,52,post_exp,FinalForProlific,2026-01-17 21:20:10.774463,1,,,140.11,1,,108.46,1.012608581344491,,control,,0.0,11,1,-1.0,,free_data,100.0,5.0,"[{""type"":""page-load"",""detail"":{""path"":""/p/0zkzl65f/main/Trade/39""},""ts"":""2026-01-17T21:37:03.570Z""},{""type"":""click"",""detail"":{""tag"":""LABEL"",""name"":null,""id"":null,""type"":null},""ts"":""2026-01-17T21:37:13.439Z""},{""type"":""click"",""detail"":{""tag"":""INPUT"",""name"":""investment_amount"",""id"":""id_investment_amount"",""type"":""text""},""ts"":""2026-01-17T21:37:13.441Z""},{""type"":""click"",""detail"":{""tag"":""INPUT"",""name"":""investment_amount"",""id"":""id_investment_amount"",""type"":""text""},""ts"":""2026-01-17T21:37:14.518Z""},{""type"":""input"",""detail"":{""tag"":""INPUT"",""name"":""investment_amount"",""id"":""id_investment_amount"",""type"":""text""},""ts"":""2026-01-17T21:37:14.936Z""},{""type"":""click"",""detail"":{""tag"":""INPUT"",""name"":""imbalance_informative"",""id"":""id_imbalance_informative-0"",""type"":""radio""},""ts"":""2026-01-17T21:37:19.506Z""},{""type"":""input"",""detail"":{""tag"":""INPUT"",""name"":""imbalance_informative"",""id"":""id_imbalance_informative-0"",""type"":""radio""},""ts"":""2026-01-17T21:37:19.506Z""},{""type"":""click"",""detail"":{""tag"":""INPUT"",""name"":""return_forecast"",""id"":""id_return_forecast"",""type"":""text""},""ts"":""2026-01-17T21:37:20.315Z""},{""type"":""click"",""detail"":{""tag"":""INPUT"",""name"":""imbalance_informative"",""id"":""id_imbalance_informative-1"",""type"":""radio""},""ts"":""2026-01-17T21:37:35.927Z""},{""type"":""input"",""detail"":{""tag"":""INPUT"",""name"":""imbalance_informative"",""id"":""id_imbalance_informative-1"",""type"":""radio""},""ts"":""2026-01-17T21:37:35.927Z""},{""type"":""click"",""detail"":{""tag"":""INPUT"",""name"":""return_forecast"",""id"":""id_return_forecast"",""type"":""text""},""ts"":""2026-01-17T21:37:37.124Z""},{""type"":""input"",""detail"":{""tag"":""INPUT"",""name"":""return_forecast"",""id"":""id_return_forecast"",""type"":""text""},""ts"":""2026-01-17T21:37:39.748Z""},{""type"":""input"",""detail"":{""tag"":""INPUT"",""name"":""return_forecast"",""id"":""id_return_forecast"",""type"":""text""},""ts"":""2026-01-17T21:37:40.702Z""},{""type"":""input"",""detail"":{""tag"":""INPUT"",""name"":""return_forecast"",""id"":""id_return_forecast"",""type"":""text""},""ts"":""2026-01-17T21:37:41.577Z""},{""type"":""click"",""detail"":{""tag"":""BUTTON"",""name"":null,""id"":null,""type"":""submit""},""ts"":""2026-01-17T21:37:43.695Z""},{""type"":""form-submit"",""detail"":{},""ts"":""2026-01-17T21:37:43.696Z""}]",0.0,7.45550661474446,0.0,107.46,6.0,108.46,,0,151ug4w3,,,,,0,0,0,-0.0,0,1.3525303063608196,0,0.0,-0.8164237724724074,0.0,-0.04912479370739113,3.0,-2.0725007418893195,0,1.0,-1.7849414254384632,1.2119154368091691,-6.93608184903617,10.2734276249618,3.82501739300896,-0.483741891526274,7.45550661474446,-0.5624281607899264,1.205626402207383,0.0,-0.0,-0.0,-0.0,0.0,0.0024132453567937352,2.4555066147444604
298,2,nx9hs1ng,677fea8903ad496f30f16502,0,52,52,post_exp,FinalForProlific,2026-01-17 21:20:12.375324,1,,,110.35,2,,100.07,1.012608581344491,,treatment,,0.0,11,0,0.0,,paid_data,1.0,-19.0,"[{""type"":""page-load"",""detail"":{""path"":""/p/nx9hs1ng/main/Trade/39""},""ts"":""2026-01-17T21:30:39.493Z""},{""type"":""click"",""detail"":{""tag"":""INPUT"",""name"":""investment_amount"",""id"":""id_investment_amount"",""type"":""text""},""ts"":""2026-01-17T21:30:41.656Z""},{""type"":""input"",""detail"":{""tag"":""INPUT"",""name"":""investment_amount"",""id"":""id_investment_amount"",""type"":""text""},""ts"":""2026-01-17T21:30:42.111Z""},{""type"":""click"",""detail"":{""tag"":""INPUT"",""name"":""return_forecast"",""id"":""id_return_forecast"",""type"":""text""},""ts"":""2026-01-17T21:30:42.967Z""},{""type"":""input"",""detail"":{""tag"":""INPUT"",""name"":""return_forecast"",""id"":""id_return_forecast"",""type"":""text""},""ts"":""2026-01-17T21:30:52.039Z""},{""type"":""click"",""detail"":{""tag"":""BUTTON"",""name"":null,""id"":null,""type"":""submit""},""ts"":""2026-01-17T21:30:53.478Z""},{""type"":""form-submit"",""detail"":{},""ts"":""2026-01-17T21:30:53.479Z""}]",,7.45550661474446,0.0,100.07,3.0,100.07,,0,151ug4w3,,,,,0,1,1,0.0,1,0.392670088943464,1,0.0,-0.5624252654809918,1.0,-0.04912479370739113,6.0,-0.09624616448402429,0,0.01,-1.7849414254384632,1.2119154368091691,-6.93608184903617,10.2734276249618,3.82501739300896,-0.483741891526274,7.45550661474446,-0.5624281607899264,1.205626402207383,-0.0,-1.7849414254384632,-1.7849414254384632,0.0,1.2119154368091691,0.0024132453567937352,26.45550661474446
299,3,i3c60565,6962c417f20b621d95bd694d,0,52,52,post_exp,FinalForProlific,2026-01-17 21:20:30.391188,1,,,113.86,3,,99.47,1.012608581344491,,treatment,,0.0,5,1,1.0,,paid_data,60.0,4.0,"[{""type"":""page-load"",""detail"":{""path"":""/p/i3c60565/main/Trade/39""},""ts"":""2026-01-17T21:35:01.136Z""},{""type"":""click"",""detail"":{""tag"":""INPUT"",""name"":""investment_amount"",""id"":""id_investment_amount"",""type"":""text""},""ts"":""2026-01-17T21:35:15.119Z""},{""type"":""input"",""detail"":{""tag"":""INPUT"",""name"":""investment_amount"",""id"":""id_investment_amount"",""type"":""text""},""ts"":""2026-01-17T21:35:15.955Z""},{""type"":""input"",""detail"":{""tag"":""INPUT"",""name"":""investment_amount"",""id"":""id_investment_amount"",""type"":""text""},""ts"":""2026-01-17T21:35:17.107Z""},{""type"":""click"",""detail"":{""tag"":""INPUT"",""name"":""imbalance_informative"",""id"":""id_imbalance_informative-0"",""type"":""radio""},""ts"":""2026-01-17T21:35:20.547Z""},{""type"":""input"",""detail"":{""tag"":""INPUT"",""name"":""imbalance_informative"",""id"":""id_imbalance_informative-0"",""type"":""radio""},""ts"":""2026-01-17T21:35:20.547Z""},{""type"":""click"",""detail"":{""tag"":""INPUT"",""name"":""return_forecast"",""id"":""id_return_forecast"",""type"":""text""},""ts"":""2026-01-17T21:35:21.422Z""},{""type"":""input"",""detail"":{""tag"":""INPUT"",""name"":""return_forecast"",""id"":""id_return_forecast"",""type"":""text""},""ts"":""2026-01-17T21:35:23.140Z""},{""type"":""click"",""detail"":{""tag"":""BUTTON"",""name"":null,""id"":null,""type"":""submit""},""ts"":""2026-01-17T21:35:24.212Z""},{""type"":""form-submit"",""detail"":{},""ts"":""2026-01-17T21:35:24.212Z""}]",1.0,7.45550661474446,0.0,99.47,4.0,99.47,,0,151ug4w3,,,,,0,1,1,1.0,1,-1.5270503458912477,1,0.0,-0.05442825149816073,1.0,1.0316206678552147,5.0,0.8918811242186238,1,0.631578947368421,-1.7849414254384632,1.2119154368091691,-6.93608184903617,10.2734276249618,3.82501739300896,-0.483741891526274,7.45550661474446,-0.5624281607899264,1.205626402207383,-1.7849414254384632,-1.7849414254384632,-1.7849414254384632,1.2119154368091691,1.2119154368091691,1.0642412023460393,3.4555066147444604
300,4,k7sp0ynm,67665f7b0329bd3e30515ad2,0,52,52,post_exp,FinalForProlific,2026-01-17 21:20:50.689404,1,,,102.31,4,,107.46,1.012608581344491,,treatment,,0.0,10,0,0.0,,paid_data,100.0,40.0,"[{""type"":""page-load"",""detail"":{""path"":""/p/k7sp0ynm/main/Trade/39""},""ts"":""2026-01-17T21:51:50.970Z""},{""type"":""click"",""detail"":{""tag"":""INPUT"",""name"":""investment_amount"",""id"":""id_investment_amount"",""type"":""text""},""ts"":""2026-01-17T21:51:53.085Z""},{""type"":""input"",""detail"":{""tag"":""INPUT"",""name"":""investment_amount"",""id"":""id_investment_amount"",""type"":""text""},""ts"":""2026-01-17T21:51:53.858Z""},{""type"":""input"",""detail"":{""tag"":""INPUT"",""name"":""investment_amount"",""id"":""id_investment_amount"",""type"":""text""},""ts"":""2026-01-17T21:51:55.221Z""},{""type"":""input"",""detail"":{""tag"":""INPUT"",""name"":""investment_amount"",""id"":""id_investment_amount"",""type"":""text""},""ts"":""2026-01-17T21:51:56.576Z""},{""type"":""click"",""detail"":{""tag"":""INPUT"",""name"":""return_forecast"",""id"":""id_return_forecast"",""type"":""text""},""ts"":""2026-01-17T21:51:59.486Z""},{""type"":""input"",""detail"":{""tag"":""INPUT"",""name"":""return_forecast"",""id"":""id_return_forecast"",""type"":""text""},""ts"":""2026-01-17T21:52:00.615Z""},{""type"":""input"",""detail"":{""tag"":""INPUT"",""name"":""return_forecast"",""id"":""id_return_forecast"",""type"":""text""},""ts"":""2026-01-17T21:52:01.139Z""},{""type"":""click"",""detail"":{""tag"":""BUTTON"",""name"":null,""id"":null,""type"":""submit""},""ts"":""2026-01-17T21:52:02.178Z""},{""type"":""form-submit"",""detail"":{},""ts"":""2026-01-17T21:52:02.179Z""}]",,7.45550661474446,0.0,107.46,2.0,107.46,,0,151ug4w3,,,,,0,1,1,0.0,1,-1.0471202371825696,0,0.0,-0.5624252654809918,1.0,1.5719933986365178,4.0,0.11549539738082899,0,1.0,-1.7849414254384632,1.2119154368091691,-6.93608184903617,10.2734276249618,3.82501739300896,-0.483741891526274,7.45550661474446,-0.5624281607899264,1.205626402207383,-0.0,-1.7849414254384632,-1.7849414254384632,0.0,1.2119154368091691,2.4711632453567898,32.54449338525554
301,6,6bbjn8v1,5e459f61418f610891628564,0,52,52,post_exp,FinalForProlific,2026-01-17 21:22:23.663747,1,,,103.85,6,,102.08,1.012608581344491,,treatment,,0.0,6,1,1.0,,paid_data,95.0,16.0,"[{""type"":""page-load"",""detail"":{""path"":""/p/6bbjn8v1/main/Trade/39""},""ts"":""2026-01-17T21:34:10.770Z""},{""type"":""click"",""detail"":{""tag"":""INPUT"",""name"":""investment_amount"",""id"":""id_investment_amount"",""type"":""text""},""ts"":""2026-01-17T21:34:15.564Z""},{""type"":""input"",""detail"":{""tag"":""INPUT"",""name"":""investment_amount"",""id"":""id_investment_amount"",""type"":""text""},""ts"":""2026-01-17T21:34:16.595Z""},{""type"":""input"",""detail"":{""tag"":""INPUT"",""name"":""investment_amount"",""id"":""id_investment_amount"",""type"":""text""},""ts"":""2026-01-17T21:34:17.110Z""},{""type"":""input"",""detail"":{""tag"":""INPUT"",""name"":""investment_amount"",""id"":""id_investment_amount"",""type"":""text""},""ts"":""2026-01-17T21:34:18.489Z""},{""type"":""input"",""detail"":{""tag"":""INPUT"",""name"":""investment_amount"",""id"":""id_investment_amount"",""type"":""text""},""ts"":""2026-01-17T21:34:19.243Z""},{""type"":""click"",""detail"":{""tag"":""INPUT"",""name"":""imbalance_informative"",""id"":""id_imbalance_informative-0"",""type"":""radio""},""ts"":""2026-01-17T21:34:19.918Z""},{""type"":""input"",""detail"":{""tag"":""INPUT"",""name"":""imbalance_informative"",""id"":""id_imbalance_informative-0"",""type"":""radio""},""ts"":""2026-01-17T21:34:19.918Z""},{""type"":""click"",""detail"":{""tag"":""INPUT"",""name"":""return_forecast"",""id"":""id_return_forecast"",""type"":""text""},""ts"":""2026-01-17T21:34:20.563Z""},{""type"":""input"",""detail"":{""tag"":""INPUT"",""name"":""return_forecast"",""id"":""id_return_forecast"",""type"":""text""},""ts"":""2026-01-17T21:34:21.463Z""},{""type"":""input"",""detail"":{""tag"":""INPUT"",""name"":""return_forecast"",""id"":""id_return_forecast"",""type"":""text""},""ts"":""2026-01-17T21:34:22.847Z""},{""type"":""input"",""detail"":{""tag"":""INPUT"",""name"":""return_forecast"",""id"":""id_return_forecast"",""type"":""text""},""ts"":""2026-01-17T21:34:23.894Z""},{""type"":""click"",""detail"":{""tag"":""BUTTON"",""name"":null,""id"":null,""type"":""submit""},""ts"":""2026-01-17T21:34:24.627Z""},{""type"":""form-submit"",""detail"":{},""ts"":""2026-01-17T21:34:24.628Z""}]",1.0,7.45550661474446,0.0,102.08,4.0,102.08,,0,151ug4w3,,,,,0,1,1,1.0,1,-0.08726001976521408,0,0.0,-0.22376058949243777,1.0,-0.5894975244886941,5.0,-0.16682668510564172,1,1.0,-1.7849414254384632,1.2119154368091691,-6.93608184903617,10.2734276249618,3.82501739300896,-0.483741891526274,7.45550661474446,-0.5624281607899264,1.205626402207383,-1.7849414254384632,-1.7849414254384632,-1.7849414254384632,1.2119154368091691,1.2119154368091691,0.3475073313782985,8.544493385255539
302,7,gl7u8nio,62b2080f8f89f2f15c47d9ba,0,52,52,post_exp,FinalForProlific,2026-01-17 21:22:24.603886,1,,,118.89,7,,103.73,1.012608581344491,,treatment,,0.0,8,0,0.0,,paid_data,50.0,24.0,"[{""type"":""page-load"",""detail"":{""path"":""/p/gl7u8nio/main/Trade/39""},""ts"":""2026-01-17T21:36:22.918Z""},{""type"":""click"",""detail"":{""tag"":""INPUT"",""name"":""investment_amount"",""id"":""id_investment_amount"",""type"":""text""},""ts"":""2026-01-17T21:36:25.964Z""},{""type"":""input"",""detail"":{""tag"":""INPUT"",""name"":""investment_amount"",""id"":""id_investment_amount"",""type"":""text""},""ts"":""2026-01-17T21:36:28.532Z""},{""type"":""click"",""detail"":{""tag"":""INPUT"",""name"":""return_forecast"",""id"":""id_return_forecast"",""type"":""text""},""ts"":""2026-01-17T21:36:30.264Z""},{""type"":""input"",""detail"":{""tag"":""INPUT"",""name"":""return_forecast"",""id"":""id_return_forecast"",""type"":""text""},""ts"":""2026-01-17T21:36:30.540Z""},{""type"":""click"",""detail"":{""tag"":""BUTTON"",""name"":null,""id"":null,""type"":""submit""},""ts"":""2026-01-17T21:36:32.066Z""},{""type"":""form-submit"",""detail"":{},""ts"":""2026-01-17T21:36:32.066Z""}]",,7.45550661474446,0.0,103.73,3.0,103.73,,0,151ug4w3,,,,,0,1,1,0.0,1,-0.08726001976521408,1,0.0,1.3848966214531941,0.0,2.1123661294178206,6.0,0.25665643862406434,0,0.5,-1.7849414254384632,1.2119154368091691,-6.93608184903617,10.2734276249618,3.82501739300896,-0.483741891526274,7.45550661474446,-0.5624281607899264,1.205626402207383,-0.0,-1.7849414254384632,-1.7849414254384632,0.0,1.2119154368091691,4.462090664711625,16.54449338525554
303,8,difxszml,5d1ec3b72e9ac3001ab525ef,0,49,52,post_exp,Demographics,2026-01-17 21:22:33.376663,1,,,1190.64,8,,97.49,1.012608581344491,,treatment,,0.0,4,1,1.0,,paid_data,20.0,21.0,"[{""type"":""page-load"",""detail"":{""path"":""/p/difxszml/main/Trade/39""},""ts"":""2026-01-17T21:33:38.868Z""},{""type"":""click"",""detail"":{""tag"":""INPUT"",""name"":""investment_amount"",""id"":""id_investment_amount"",""type"":""text""},""ts"":""2026-01-17T21:33:47.418Z""},{""type"":""input"",""detail"":{""tag"":""INPUT"",""name"":""investment_amount"",""id"":""id_investment_amount"",""type"":""text""},""ts"":""2026-01-17T21:33:48.705Z""},{""type"":""click"",""detail"":{""tag"":""INPUT"",""name"":""imbalance_informative"",""id"":""id_imbalance_informative-1"",""type"":""radio""},""ts"":""2026-01-17T21:33:54.603Z""},{""type"":""input"",""detail"":{""tag"":""INPUT"",""name"":""imbalance_informative"",""id"":""id_imbalance_informative-1"",""type"":""radio""},""ts"":""2026-01-17T21:33:54.603Z""},{""type"":""click"",""detail"":{""tag"":""INPUT"",""name"":""return_forecast"",""id"":""id_return_forecast"",""type"":""text""},""ts"":""2026-01-17T21:33:55.325Z""},{""type"":""input"",""detail"":{""tag"":""INPUT"",""name"":""return_forecast"",""id"":""id_return_forecast"",""type"":""text""},""ts"":""2026-01-17T21:33:57.082Z""},{""type"":""click"",""detail"":{""tag"":""BUTTON"",""name"":null,""id"":null,""type"":""submit""},""ts"":""2026-01-17T21:33:58.409Z""},{""type"":""form-submit"",""detail"":{},""ts"":""2026-01-17T21:33:58.414Z""}]",0.0,7.45550661474446,0.0,96.49,5.0,97.49,,0,151ug4w3,,,,,0,1,1,1.0,1,0.8726001976521415,0,,,,-0.04912479370739113,8.0,0.3978174798673002,1,0.21052631578947367,-1.7849414254384632,1.2119154368091691,-6.93608184903617,10.2734276249618,3.82501739300896,-0.483741891526274,7.45550661474446,-0.5624281607899264,1.205626402207383,-1.7849414254384632,-1.7849414254384632,-1.7849414254384632,1.2119154368091691,1.2119154368091691,0.0024132453567937352,13.544493385255539
304,9,hlqkfw8x,67e7cfd17a7062da8a273fbf,0,52,52,post_exp,FinalForProlific,2026-01-17 21:23:02.043408,1,,,115.94,9,,101.49,1.012608581344491,,control,,0.0,14,1,-1.0,,free_data,20.0,0.0,"[{""type"":""page-load"",""detail"":{""path"":""/p/hlqkfw8x/main/Trade/39""},""ts"":""2026-01-17T21:38:38.506Z""},{""type"":""click"",""detail"":{""tag"":""INPUT"",""name"":""investment_amount"",""id"":""id_investment_amount"",""type"":""text""},""ts"":""2026-01-17T21:39:09.643Z""},{""type"":""input"",""detail"":{""tag"":""INPUT"",""name"":""investment_amount"",""id"":""id_investment_amount"",""type"":""text""},""ts"":""2026-01-17T21:39:11.000Z""},{""type"":""click"",""detail"":{""tag"":""LABEL"",""name"":null,""id"":null,""type"":null},""ts"":""2026-01-17T21:39:12.555Z""},{""type"":""click"",""detail"":{""tag"":""INPUT"",""name"":""imbalance_informative"",""id"":""id_imbalance_informative-0"",""type"":""radio""},""ts"":""2026-01-17T21:39:14.115Z""},{""type"":""input"",""detail"":{""tag"":""INPUT"",""name"":""imbalance_informative"",""id"":""id_imbalance_informative-0"",""type"":""radio""},""ts"":""2026-01-17T21:39:14.115Z""},{""type"":""click"",""detail"":{""tag"":""INPUT"",""name"":""return_forecast"",""id"":""id_return_forecast"",""type"":""text""},""ts"":""2026-01-17T21:39:15.058Z""},{""type"":""input"",""detail"":{""tag"":""INPUT"",""name"":""return_forecast"",""id"":""id_return_forecast"",""type"":""text""},""ts"":""2026-01-17T21:39:16.922Z""},{""type"":""click"",""detail"":{""tag"":""BUTTON"",""name"":null,""id"":null,""type"":""submit""},""ts"":""2026-01-17T21:39:17.744Z""},{""type"":""form-submit"",""detail"":{},""ts"":""2026-01-17T21:39:17.749Z""}]",1.0,7.45550661474446,0.0,101.49,5.0,101.49,,0,151ug4w3,,,,,0,0,0,-0.0,0,-0.08726001976521408,1,0.0,1.1308981144617785,0.0,-0.5894975244886941,5.0,-0.16682668510564172,0,0.2,-1.7849414254384632,1.2119154368091691,-6.93608184903617,10.2734276249618,3.82501739300896,-0.483741891526274,7.45550661474446,-0.5624281607899264,1.205626402207383,0.0,-0.0,-0.0,-0.0,0.0,0.3475073313782985,7.45550661474446
305,10,miej8bbr,67730320948951ecb761b3f2,0,52,52,post_exp,FinalForProlific,2026-01-17 21:23:16.323182,1,,,104.87,10,,105.22,1.012608581344491,,treatment,,0.0,14,0,0.0,,paid_data,70.0,15.0,"[{""type"":""page-load"",""detail"":{""path"":""/p/miej8bbr/main/Trade/39""},""ts"":""2026-01-17T21:34:51.329Z""},{""type"":""click"",""detail"":{""tag"":""INPUT"",""name"":""investment_amount"",""id"":""id_investment_amount"",""type"":""text""},""ts"":""2026-01-17T21:34:54.597Z""},{""type"":""input"",""detail"":{""tag"":""INPUT"",""name"":""investment_amount"",""id"":""id_investment_amount"",""type"":""text""},""ts"":""2026-01-17T21:34:56.198Z""},{""type"":""click"",""detail"":{""tag"":""INPUT"",""name"":""return_forecast"",""id"":""id_return_forecast"",""type"":""text""},""ts"":""2026-01-17T21:34:56.963Z""},{""type"":""input"",""detail"":{""tag"":""INPUT"",""name"":""return_forecast"",""id"":""id_return_forecast"",""type"":""text""},""ts"":""2026-01-17T21:34:59.257Z""},{""type"":""click"",""detail"":{""tag"":""BUTTON"",""name"":null,""id"":null,""type"":""submit""},""ts"":""2026-01-17T21:35:00.188Z""},{""type"":""form-submit"",""detail"":{},""ts"":""2026-01-17T21:35:00.189Z""}]",,7.45550661474446,0.0,105.22,1.0,105.22,,0,151ug4w3,,,,,0,1,1,0.0,1,1.3525303063608196,0,1.0,-0.6470914344781303,1.0,-1.129870255269997,6.0,-0.8020513707002012,0,0.7,-1.7849414254384632,1.2119154368091691,-6.93608184903617,10.2734276249618,3.82501739300896,-0.483741891526274,7.45550661474446,-0.5624281607899264,1.205626402207383,-0.0,-1.7849414254384632,-1.7849414254384632,0.0,1.2119154368091691,1.2766067937438883,7.54449338525554
306,11,i76mujh9,5b99663d4cefb60001e7a214,0,49,52,post_exp,Demographics,2026-01-17 21:24:20.177255,1,,,1203.53,11,,97.86,1.012608581344491,,treatment,,0.0,6,1,1.0,,paid_data,25.0,36.0,"[{""type"":""page-load"",""detail"":{""path"":""/p/i76mujh9/main/Trade/39""},""ts"":""2026-01-17T21:41:49.032Z""},{""type"":""click"",""detail"":{""tag"":""INPUT"",""name"":""investment_amount"",""id"":""id_investment_amount"",""type"":""text""},""ts"":""2026-01-17T21:42:07.166Z""},{""type"":""input"",""detail"":{""tag"":""INPUT"",""name"":""investment_amount"",""id"":""id_investment_amount"",""type"":""text""},""ts"":""2026-01-17T21:42:11.626Z""},{""type"":""input"",""detail"":{""tag"":""INPUT"",""name"":""investment_amount"",""id"":""id_investment_amount"",""type"":""text""},""ts"":""2026-01-17T21:42:12.189Z""},{""type"":""click"",""detail"":{""tag"":""INPUT"",""name"":""imbalance_informative"",""id"":""id_imbalance_informative-1"",""type"":""radio""},""ts"":""2026-01-17T21:42:14.312Z""},{""type"":""input"",""detail"":{""tag"":""INPUT"",""name"":""imbalance_informative"",""id"":""id_imbalance_informative-1"",""type"":""radio""},""ts"":""2026-01-17T21:42:14.312Z""},{""type"":""click"",""detail"":{""tag"":""INPUT"",""name"":""return_forecast"",""id"":""id_return_forecast"",""type"":""text""},""ts"":""2026-01-17T21:42:15.192Z""},{""type"":""input"",""detail"":{""tag"":""INPUT"",""name"":""return_forecast"",""id"":""id_return_forecast"",""type"":""text""},""ts"":""2026-01-17T21:42:16.273Z""},{""type"":""input"",""detail"":{""tag"":""INPUT"",""name"":""return_forecast"",""id"":""id_return_forecast"",""type"":""text""},""ts"":""2026-01-17T21:42:16.921Z""},{""type"":""click"",""detail"":{""tag"":""BUTTON"",""name"":null,""id"":null,""type"":""submit""},""ts"":""2026-01-17T21:42:17.307Z""},{""type"":""form-submit"",""detail"":{},""ts"":""2026-01-17T21:42:17.310Z""}]",0.0,7.45550661474446,0.0,96.86,6.0,97.86,,0,151ug4w3,,,,,0,1,1,1.0,1,-0.5671901284738922,0,,,,-1.129870255269997,7.0,1.0330421654618591,1,0.2631578947368421,-1.7849414254384632,1.2119154368091691,-6.93608184903617,10.2734276249618,3.82501739300896,-0.483741891526274,7.45550661474446,-0.5624281607899264,1.205626402207383,-1.7849414254384632,-1.7849414254384632,-1.7849414254384632,1.2119154368091691,1.2119154368091691,1.2766067937438883,28.54449338525554
307,12,rnucedhy,5a9fa90f873cda00010d29d8,0,52,52,post_exp,FinalForProlific,2026-01-17 21:24:40.341139,1,,,110.42,12,,105.22,1.012608581344491,,treatment,,0.0,14,0,0.0,,paid_data,70.0,18.0,"[{""type"":""page-load"",""detail"":{""path"":""/p/rnucedhy/main/Trade/39""},""ts"":""2026-01-17T21:40:30.661Z""},{""type"":""click"",""detail"":{""tag"":""INPUT"",""name"":""investment_amount"",""id"":""id_investment_amount"",""type"":""text""},""ts"":""2026-01-17T21:40:32.560Z""},{""type"":""input"",""detail"":{""tag"":""INPUT"",""name"":""investment_amount"",""id"":""id_investment_amount"",""type"":""text""},""ts"":""2026-01-17T21:40:34.378Z""},{""type"":""input"",""detail"":{""tag"":""INPUT"",""name"":""investment_amount"",""id"":""id_investment_amount"",""type"":""text""},""ts"":""2026-01-17T21:40:34.954Z""},{""type"":""click"",""detail"":{""tag"":""INPUT"",""name"":""return_forecast"",""id"":""id_return_forecast"",""type"":""text""},""ts"":""2026-01-17T21:40:37.437Z""},{""type"":""input"",""detail"":{""tag"":""INPUT"",""name"":""return_forecast"",""id"":""id_return_forecast"",""type"":""text""},""ts"":""2026-01-17T21:40:38.628Z""},{""type"":""click"",""detail"":{""tag"":""BUTTON"",""name"":null,""id"":null,""type"":""submit""},""ts"":""2026-01-17T21:40:40.830Z""},{""type"":""form-submit"",""detail"":{},""ts"":""2026-01-17T21:40:40.830Z""}]",,7.45550661474446,0.0,105.22,4.0,105.22,,0,151ug4w3,,,,,0,1,1,0.0,1,-0.5671901284738922,0,0.0,-1.070422279463823,1.0,-1.129870255269997,9.0,1.8800084129212717,0,0.7,-1.7849414254384632,1.2119154368091691,-6.93608184903617,10.2734276249618,3.82501739300896,-0.483741891526274,7.45550661474446,-0.5624281607899264,1.205626402207383,-0.0,-1.7849414254384632,-1.7849414254384632,0.0,1.2119154368091691,1.2766067937438883,10.544493385255539
308,13,0agbbz6t,64e6b4025cbe79c020343121,0,52,52,post_exp,FinalForProlific,2026-01-17 21:25:07.530984,1,,,107.83,13,,102.12,1.012608581344491,,control,,0.0,9,1,-1.0,,free_data,15.0,2.0,"[{""type"":""page-load"",""detail"":{""path"":""/p/0agbbz6t/main/Trade/39""},""ts"":""2026-01-17T21:33:37.883Z""},{""type"":""click"",""detail"":{""tag"":""INPUT"",""name"":""investment_amount"",""id"":""id_investment_amount"",""type"":""text""},""ts"":""2026-01-17T21:33:40.550Z""},{""type"":""input"",""detail"":{""tag"":""INPUT"",""name"":""investment_amount"",""id"":""id_investment_amount"",""type"":""text""},""ts"":""2026-01-17T21:33:41.124Z""},{""type"":""click"",""detail"":{""tag"":""LABEL"",""name"":null,""id"":null,""type"":null},""ts"":""2026-01-17T21:33:42.617Z""},{""type"":""click"",""detail"":{""tag"":""INPUT"",""name"":""imbalance_informative"",""id"":""id_imbalance_informative-1"",""type"":""radio""},""ts"":""2026-01-17T21:33:42.618Z""},{""type"":""input"",""detail"":{""tag"":""INPUT"",""name"":""imbalance_informative"",""id"":""id_imbalance_informative-1"",""type"":""radio""},""ts"":""2026-01-17T21:33:42.618Z""},{""type"":""click"",""detail"":{""tag"":""INPUT"",""name"":""return_forecast"",""id"":""id_return_forecast"",""type"":""text""},""ts"":""2026-01-17T21:33:43.344Z""},{""type"":""input"",""detail"":{""tag"":""INPUT"",""name"":""return_forecast"",""id"":""id_return_forecast"",""type"":""text""},""ts"":""2026-01-17T21:33:44.518Z""},{""type"":""click"",""detail"":{""tag"":""BUTTON"",""name"":null,""id"":null,""type"":""submit""},""ts"":""2026-01-17T21:33:45.518Z""},{""type"":""form-submit"",""detail"":{},""ts"":""2026-01-17T21:33:45.519Z""}]",0.0,7.45550661474446,0.0,101.12,5.0,102.12,,0,151ug4w3,,,,,0,0,0,-0.0,0,-1.0471202371825696,0,1.0,0.19957025549325483,1.0,-0.5894975244886941,9.0,2.23291101602936,0,0.15,-1.7849414254384632,1.2119154368091691,-6.93608184903617,10.2734276249618,3.82501739300896,-0.483741891526274,7.45550661474446,-0.5624281607899264,1.205626402207383,0.0,-0.0,-0.0,-0.0,0.0,0.3475073313782985,5.45550661474446
309,14,vyd28ofr,66e74ca113f609cd2a13df59,0,52,52,post_exp,FinalForProlific,2026-01-17 21:25:37.276893,1,,,126.77,14,,101.71,1.012608581344491,,treatment,,0.0,11,1,1.0,,paid_data,90.0,20.0,"[{""type"":""page-load"",""detail"":{""path"":""/p/vyd28ofr/main/Trade/39""},""ts"":""2026-01-17T21:36:22.067Z""},{""type"":""click"",""detail"":{""tag"":""INPUT"",""name"":""investment_amount"",""id"":""id_investment_amount"",""type"":""text""},""ts"":""2026-01-17T21:36:29.664Z""},{""type"":""input"",""detail"":{""tag"":""INPUT"",""name"":""investment_amount"",""id"":""id_investment_amount"",""type"":""text""},""ts"":""2026-01-17T21:36:30.874Z""},{""type"":""click"",""detail"":{""tag"":""LABEL"",""name"":null,""id"":null,""type"":null},""ts"":""2026-01-17T21:36:32.275Z""},{""type"":""click"",""detail"":{""tag"":""INPUT"",""name"":""imbalance_informative"",""id"":""id_imbalance_informative-0"",""type"":""radio""},""ts"":""2026-01-17T21:36:32.276Z""},{""type"":""input"",""detail"":{""tag"":""INPUT"",""name"":""imbalance_informative"",""id"":""id_imbalance_informative-0"",""type"":""radio""},""ts"":""2026-01-17T21:36:32.276Z""},{""type"":""click"",""detail"":{""tag"":""INPUT"",""name"":""return_forecast"",""id"":""id_return_forecast"",""type"":""text""},""ts"":""2026-01-17T21:36:35.463Z""},{""type"":""window-blur"",""detail"":{},""ts"":""2026-01-17T21:37:00.909Z""},{""type"":""window-focus"",""detail"":{},""ts"":""2026-01-17T21:37:04.133Z""},{""type"":""click"",""detail"":{""tag"":""INPUT"",""name"":""return_forecast"",""id"":""id_return_forecast"",""type"":""text""},""ts"":""2026-01-17T21:37:04.138Z""},{""type"":""input"",""detail"":{""tag"":""INPUT"",""name"":""return_forecast"",""id"":""id_return_forecast"",""type"":""text""},""ts"":""2026-01-17T21:37:05.367Z""},{""type"":""input"",""detail"":{""tag"":""INPUT"",""name"":""return_forecast"",""id"":""id_return_forecast"",""type"":""text""},""ts"":""2026-01-17T21:37:05.936Z""},{""type"":""click"",""detail"":{""tag"":""BUTTON"",""name"":null,""id"":null,""type"":""submit""},""ts"":""2026-01-17T21:37:06.360Z""},{""type"":""form-submit"",""detail"":{},""ts"":""2026-01-17T21:37:06.365Z""}]",1.0,7.45550661474446,0.0,101.71,5.0,101.71,,0,151ug4w3,,,,,0,1,1,1.0,1,0.392670088943464,0,0.0,0.9615657764675015,1.0,-0.04912479370739113,5.0,-0.5197292882137304,1,0.9473684210526315,-1.7849414254384632,1.2119154368091691,-6.93608184903617,10.2734276249618,3.82501739300896,-0.483741891526274,7.45550661474446,-0.5624281607899264,1.205626402207383,-1.7849414254384632,-1.7849414254384632,-1.7849414254384632,1.2119154368091691,1.2119154368091691,0.0024132453567937352,12.544493385255539
310,15,p639azxy,6965b338f069222c10b2bdc9,0,52,52,post_exp,FinalForProlific,2026-01-17 21:26:31.341396,1,,,118.08,15,,100.22,1.012608581344491,,treatment,,0.0,9,1,1.0,,paid_data,70.0,38.0,"[{""type"":""page-load"",""detail"":{""path"":""/p/p639azxy/main/Trade/39""},""ts"":""2026-01-17T21:40:30.609Z""},{""type"":""click"",""detail"":{""tag"":""INPUT"",""name"":""investment_amount"",""id"":""id_investment_amount"",""type"":""text""},""ts"":""2026-01-17T21:40:34.847Z""},{""type"":""input"",""detail"":{""tag"":""INPUT"",""name"":""investment_amount"",""id"":""id_investment_amount"",""type"":""text""},""ts"":""2026-01-17T21:40:36.972Z""},{""type"":""input"",""detail"":{""tag"":""INPUT"",""name"":""investment_amount"",""id"":""id_investment_amount"",""type"":""text""},""ts"":""2026-01-17T21:40:37.534Z""},{""type"":""click"",""detail"":{""tag"":""LABEL"",""name"":null,""id"":null,""type"":null},""ts"":""2026-01-17T21:40:43.886Z""},{""type"":""click"",""detail"":{""tag"":""INPUT"",""name"":""imbalance_informative"",""id"":""id_imbalance_informative-0"",""type"":""radio""},""ts"":""2026-01-17T21:40:43.888Z""},{""type"":""input"",""detail"":{""tag"":""INPUT"",""name"":""imbalance_informative"",""id"":""id_imbalance_informative-0"",""type"":""radio""},""ts"":""2026-01-17T21:40:43.888Z""},{""type"":""click"",""detail"":{""tag"":""INPUT"",""name"":""return_forecast"",""id"":""id_return_forecast"",""type"":""text""},""ts"":""2026-01-17T21:40:45.093Z""},{""type"":""input"",""detail"":{""tag"":""INPUT"",""name"":""return_forecast"",""id"":""id_return_forecast"",""type"":""text""},""ts"":""2026-01-17T21:40:46.794Z""},{""type"":""click"",""detail"":{""tag"":""BUTTON"",""name"":null,""id"":null,""type"":""submit""},""ts"":""2026-01-17T21:40:47.610Z""},{""type"":""form-submit"",""detail"":{},""ts"":""2026-01-17T21:40:47.611Z""}]",1.0,7.45550661474446,0.0,100.22,5.0,100.22,,0,151ug4w3,,,,,0,1,1,1.0,1,-0.08726001976521408,1,0.0,-0.3930929274867148,1.0,-0.04912479370739113,6.0,0.25665643862406434,1,0.7368421052631579,-1.7849414254384632,1.2119154368091691,-6.93608184903617,10.2734276249618,3.82501739300896,-0.483741891526274,7.45550661474446,-0.5624281607899264,1.205626402207383,-1.7849414254384632,-1.7849414254384632,-1.7849414254384632,1.2119154368091691,1.2119154368091691,0.0024132453567937352,30.54449338525554
311,16,sw8lem34,677346f91e35f1cb1e647c34,0,49,52,post_exp,Demographics,2026-01-17 21:26:45.318628,1,,,1199.47,16,,99.73,1.012608581344491,,treatment,,0.0,9,1,1.0,,paid_data,50.0,12.0,"[{""type"":""page-load"",""detail"":{""path"":""/p/sw8lem34/main/Trade/39""},""ts"":""2026-01-17T21:39:45.289Z""},{""type"":""click"",""detail"":{""tag"":""INPUT"",""name"":""investment_amount"",""id"":""id_investment_amount"",""type"":""text""},""ts"":""2026-01-17T21:39:49.244Z""},{""type"":""input"",""detail"":{""tag"":""INPUT"",""name"":""investment_amount"",""id"":""id_investment_amount"",""type"":""text""},""ts"":""2026-01-17T21:39:50.980Z""},{""type"":""click"",""detail"":{""tag"":""INPUT"",""name"":""imbalance_informative"",""id"":""id_imbalance_informative-1"",""type"":""radio""},""ts"":""2026-01-17T21:39:51.933Z""},{""type"":""input"",""detail"":{""tag"":""INPUT"",""name"":""imbalance_informative"",""id"":""id_imbalance_informative-1"",""type"":""radio""},""ts"":""2026-01-17T21:39:51.933Z""},{""type"":""click"",""detail"":{""tag"":""INPUT"",""name"":""return_forecast"",""id"":""id_return_forecast"",""type"":""text""},""ts"":""2026-01-17T21:39:52.943Z""},{""type"":""input"",""detail"":{""tag"":""INPUT"",""name"":""return_forecast"",""id"":""id_return_forecast"",""type"":""text""},""ts"":""2026-01-17T21:39:55.114Z""},{""type"":""click"",""detail"":{""tag"":""BUTTON"",""name"":null,""id"":null,""type"":""submit""},""ts"":""2026-01-17T21:39:56.055Z""},{""type"":""form-submit"",""detail"":{},""ts"":""2026-01-17T21:39:56.061Z""}]",0.0,7.45550661474446,0.0,98.73,5.0,99.73,,0,151ug4w3,,,,,0,1,1,1.0,1,0.392670088943464,0,,,,-0.04912479370739113,5.0,-0.5197292882137304,1,0.5263157894736842,-1.7849414254384632,1.2119154368091691,-6.93608184903617,10.2734276249618,3.82501739300896,-0.483741891526274,7.45550661474446,-0.5624281607899264,1.205626402207383,-1.7849414254384632,-1.7849414254384632,-1.7849414254384632,1.2119154368091691,1.2119154368091691,0.0024132453567937352,4.54449338525554
312,17,3v5sipps,695bd4f6bbdb5a636882ce78,0,52,52,post_exp,FinalForProlific,2026-01-17 21:26:53.633718,1,,,118.89,17,,101.0,1.012608581344491,,control,,0.0,9,1,-1.0,,free_data,0.0,1.0,"[{""type"":""page-load"",""detail"":{""path"":""/p/3v5sipps/main/Trade/39""},""ts"":""2026-01-17T21:35:38.261Z""},{""type"":""click"",""detail"":{""tag"":""INPUT"",""name"":""investment_amount"",""id"":""id_investment_amount"",""type"":""text""},""ts"":""2026-01-17T21:35:41.055Z""},{""type"":""input"",""detail"":{""tag"":""INPUT"",""name"":""investment_amount"",""id"":""id_investment_amount"",""type"":""text""},""ts"":""2026-01-17T21:35:41.788Z""},{""type"":""input"",""detail"":{""tag"":""INPUT"",""name"":""investment_amount"",""id"":""id_investment_amount"",""type"":""text""},""ts"":""2026-01-17T21:35:42.656Z""},{""type"":""click"",""detail"":{""tag"":""INPUT"",""name"":""imbalance_informative"",""id"":""id_imbalance_informative-1"",""type"":""radio""},""ts"":""2026-01-17T21:35:45.771Z""},{""type"":""input"",""detail"":{""tag"":""INPUT"",""name"":""imbalance_informative"",""id"":""id_imbalance_informative-1"",""type"":""radio""},""ts"":""2026-01-17T21:35:45.771Z""},{""type"":""click"",""detail"":{""tag"":""INPUT"",""name"":""return_forecast"",""id"":""id_return_forecast"",""type"":""text""},""ts"":""2026-01-17T21:35:46.373Z""},{""type"":""input"",""detail"":{""tag"":""INPUT"",""name"":""return_forecast"",""id"":""id_return_forecast"",""type"":""text""},""ts"":""2026-01-17T21:35:46.963Z""},{""type"":""click"",""detail"":{""tag"":""BUTTON"",""name"":null,""id"":null,""type"":""submit""},""ts"":""2026-01-17T21:35:49.155Z""},{""type"":""form-submit"",""detail"":{},""ts"":""2026-01-17T21:35:49.155Z""}]",0.0,7.45550661474446,0.0,100.0,5.0,101.0,,0,151ug4w3,,,,,0,0,0,-0.0,0,-1.5270503458912477,0,0.0,0.36890259348753185,0.0,-0.5894975244886941,3.0,0.04491487675921132,0,0.0,-1.7849414254384632,1.2119154368091691,-6.93608184903617,10.2734276249618,3.82501739300896,-0.483741891526274,7.45550661474446,-0.5624281607899264,1.205626402207383,0.0,-0.0,-0.0,-0.0,0.0,0.3475073313782985,6.45550661474446
313,19,6xawj670,69419dd351c8c6866590c254,0,52,52,post_exp,FinalForProlific,2026-01-17 21:28:19.710613,1,,,104.78,19,,96.49,1.012608581344491,,treatment,,0.0,6,1,1.0,,paid_data,20.0,4.0,"[{""type"":""page-load"",""detail"":{""path"":""/p/6xawj670/main/Trade/39""},""ts"":""2026-01-17T22:10:23.135Z""},{""type"":""window-blur"",""detail"":{},""ts"":""2026-01-17T22:10:24.673Z""},{""type"":""visibilitychange"",""detail"":{""state"":""hidden""},""ts"":""2026-01-17T22:10:24.675Z""},{""type"":""visibilitychange"",""detail"":{""state"":""visible""},""ts"":""2026-01-17T22:10:44.334Z""},{""type"":""window-focus"",""detail"":{},""ts"":""2026-01-17T22:10:44.337Z""},{""type"":""window-blur"",""detail"":{},""ts"":""2026-01-17T22:10:44.788Z""},{""type"":""visibilitychange"",""detail"":{""state"":""hidden""},""ts"":""2026-01-17T22:10:44.791Z""},{""type"":""visibilitychange"",""detail"":{""state"":""visible""},""ts"":""2026-01-17T22:10:45.662Z""},{""type"":""window-focus"",""detail"":{},""ts"":""2026-01-17T22:10:45.663Z""},{""type"":""click"",""detail"":{""tag"":""INPUT"",""name"":""investment_amount"",""id"":""id_investment_amount"",""type"":""text""},""ts"":""2026-01-17T22:10:47.115Z""},{""type"":""input"",""detail"":{""tag"":""INPUT"",""name"":""investment_amount"",""id"":""id_investment_amount"",""type"":""text""},""ts"":""2026-01-17T22:10:47.693Z""},{""type"":""click"",""detail"":{""tag"":""INPUT"",""name"":""return_forecast"",""id"":""id_return_forecast"",""type"":""text""},""ts"":""2026-01-17T22:10:48.831Z""},{""type"":""input"",""detail"":{""tag"":""INPUT"",""name"":""return_forecast"",""id"":""id_return_forecast"",""type"":""text""},""ts"":""2026-01-17T22:10:49.621Z""},{""type"":""click"",""detail"":{""tag"":""LABEL"",""name"":null,""id"":null,""type"":null},""ts"":""2026-01-17T22:10:51.456Z""},{""type"":""click"",""detail"":{""tag"":""INPUT"",""name"":""imbalance_informative"",""id"":""id_imbalance_informative-1"",""type"":""radio""},""ts"":""2026-01-17T22:10:51.457Z""},{""type"":""input"",""detail"":{""tag"":""INPUT"",""name"":""imbalance_informative"",""id"":""id_imbalance_informative-1"",""type"":""radio""},""ts"":""2026-01-17T22:10:51.457Z""},{""type"":""click"",""detail"":{""tag"":""LABEL"",""name"":null,""id"":null,""type"":null},""ts"":""2026-01-17T22:10:52.622Z""},{""type"":""click"",""detail"":{""tag"":""INPUT"",""name"":""imbalance_informative"",""id"":""id_imbalance_informative-0"",""type"":""radio""},""ts"":""2026-01-17T22:10:52.623Z""},{""type"":""input"",""detail"":{""tag"":""INPUT"",""name"":""imbalance_informative"",""id"":""id_imbalance_informative-0"",""type"":""radio""},""ts"":""2026-01-17T22:10:52.623Z""},{""type"":""click"",""detail"":{""tag"":""BUTTON"",""name"":null,""id"":null,""type"":""submit""},""ts"":""2026-01-17T22:10:53.491Z""},{""type"":""form-submit"",""detail"":{},""ts"":""2026-01-17T22:10:53.491Z""}]",1.0,7.45550661474446,0.0,96.49,1.0,96.49,,0,151ug4w3,,,,,0,1,1,1.0,1,-0.5671901284738922,0,0.0,-1.7477516314409312,0.0,-0.5894975244886941,4.0,-0.23740720572725918,1,0.21052631578947367,-1.7849414254384632,1.2119154368091691,-6.93608184903617,10.2734276249618,3.82501739300896,-0.483741891526274,7.45550661474446,-0.5624281607899264,1.205626402207383,-1.7849414254384632,-1.7849414254384632,-1.7849414254384632,1.2119154368091691,1.2119154368091691,0.3475073313782985,3.4555066147444604
314,20,cx4xx3np,61576d2fde97a7adb4b6a193,0,49,52,post_exp,Demographics,2026-01-17 21:28:27.073012,1,,,1213.01,20,,99.85,1.012608581344491,,treatment,,0.0,12,1,1.0,,paid_data,65.0,-5.0,"[{""type"":""page-load"",""detail"":{""path"":""/p/cx4xx3np/main/Trade/39""},""ts"":""2026-01-17T21:39:40.341Z""},{""type"":""click"",""detail"":{""tag"":""INPUT"",""name"":""investment_amount"",""id"":""id_investment_amount"",""type"":""text""},""ts"":""2026-01-17T21:40:03.736Z""},{""type"":""input"",""detail"":{""tag"":""INPUT"",""name"":""investment_amount"",""id"":""id_investment_amount"",""type"":""text""},""ts"":""2026-01-17T21:40:04.662Z""},{""type"":""click"",""detail"":{""tag"":""INPUT"",""name"":""imbalance_informative"",""id"":""id_imbalance_informative-0"",""type"":""radio""},""ts"":""2026-01-17T21:40:05.696Z""},{""type"":""input"",""detail"":{""tag"":""INPUT"",""name"":""imbalance_informative"",""id"":""id_imbalance_informative-0"",""type"":""radio""},""ts"":""2026-01-17T21:40:05.696Z""},{""type"":""click"",""detail"":{""tag"":""INPUT"",""name"":""return_forecast"",""id"":""id_return_forecast"",""type"":""text""},""ts"":""2026-01-17T21:40:06.640Z""},{""type"":""input"",""detail"":{""tag"":""INPUT"",""name"":""return_forecast"",""id"":""id_return_forecast"",""type"":""text""},""ts"":""2026-01-17T21:40:08.091Z""},{""type"":""click"",""detail"":{""tag"":""BUTTON"",""name"":null,""id"":null,""type"":""submit""},""ts"":""2026-01-17T21:40:08.862Z""},{""type"":""form-submit"",""detail"":{},""ts"":""2026-01-17T21:40:08.867Z""}]",1.0,7.45550661474446,0.0,99.85,5.0,99.85,,0,151ug4w3,,,,,0,1,1,1.0,1,-1.0471202371825696,0,,,,1.5719933986365178,7.0,1.3859447685699473,1,0.6842105263157895,-1.7849414254384632,1.2119154368091691,-6.93608184903617,10.2734276249618,3.82501739300896,-0.483741891526274,7.45550661474446,-0.5624281607899264,1.205626402207383,-1.7849414254384632,-1.7849414254384632,-1.7849414254384632,1.2119154368091691,1.2119154368091691,2.4711632453567898,12.455506614744461
315,22,gi3vvfez,676e6f5eb2e5690f74382e58,0,52,52,post_exp,FinalForProlific,2026-01-17 21:30:49.464898,1,,,114.35,22,,107.46,1.012608581344491,,treatment,,0.0,13,0,0.0,,paid_data,100.0,15.0,"[{""type"":""page-load"",""detail"":{""path"":""/p/gi3vvfez/main/Trade/39""},""ts"":""2026-01-17T21:47:25.806Z""},{""type"":""click"",""detail"":{""tag"":""INPUT"",""name"":""investment_amount"",""id"":""id_investment_amount"",""type"":""text""},""ts"":""2026-01-17T21:47:36.013Z""},{""type"":""input"",""detail"":{""tag"":""INPUT"",""name"":""investment_amount"",""id"":""id_investment_amount"",""type"":""text""},""ts"":""2026-01-17T21:47:36.620Z""},{""type"":""click"",""detail"":{""tag"":""INPUT"",""name"":""return_forecast"",""id"":""id_return_forecast"",""type"":""text""},""ts"":""2026-01-17T21:47:37.958Z""},{""type"":""input"",""detail"":{""tag"":""INPUT"",""name"":""return_forecast"",""id"":""id_return_forecast"",""type"":""text""},""ts"":""2026-01-17T21:47:38.551Z""},{""type"":""click"",""detail"":{""tag"":""BUTTON"",""name"":null,""id"":null,""type"":""submit""},""ts"":""2026-01-17T21:47:39.890Z""},{""type"":""form-submit"",""detail"":{},""ts"":""2026-01-17T21:47:39.891Z""}]",,7.45550661474446,0.0,107.46,2.0,107.46,,0,151ug4w3,,,,,0,1,1,0.0,1,0.392670088943464,0,0.0,0.36890259348753185,0.0,0.4912479370739118,3.0,-1.366695535673143,0,1.0,-1.7849414254384632,1.2119154368091691,-6.93608184903617,10.2734276249618,3.82501739300896,-0.483741891526274,7.45550661474446,-0.5624281607899264,1.205626402207383,-0.0,-1.7849414254384632,-1.7849414254384632,0.0,1.2119154368091691,0.241324535679374,7.54449338525554
316,24,1li97jle,563f734bcbd4c60005dc9442,0,49,52,post_exp,Demographics,2026-01-17 21:34:31.158499,1,,,1302.85,24,,107.46,1.012608581344491,,treatment,,0.0,10,0,0.0,,paid_data,100.0,14.0,"[{""type"":""page-load"",""detail"":{""path"":""/p/1li97jle/main/Trade/39""},""ts"":""2026-01-17T21:41:06.235Z""},{""type"":""click"",""detail"":{""tag"":""INPUT"",""name"":""investment_amount"",""id"":""id_investment_amount"",""type"":""text""},""ts"":""2026-01-17T21:41:09.385Z""},{""type"":""input"",""detail"":{""tag"":""INPUT"",""name"":""investment_amount"",""id"":""id_investment_amount"",""type"":""text""},""ts"":""2026-01-17T21:41:10.220Z""},{""type"":""input"",""detail"":{""tag"":""INPUT"",""name"":""investment_amount"",""id"":""id_investment_amount"",""type"":""text""},""ts"":""2026-01-17T21:41:10.751Z""},{""type"":""click"",""detail"":{""tag"":""INPUT"",""name"":""return_forecast"",""id"":""id_return_forecast"",""type"":""text""},""ts"":""2026-01-17T21:41:11.586Z""},{""type"":""input"",""detail"":{""tag"":""INPUT"",""name"":""return_forecast"",""id"":""id_return_forecast"",""type"":""text""},""ts"":""2026-01-17T21:41:13.274Z""},{""type"":""click"",""detail"":{""tag"":""BUTTON"",""name"":null,""id"":null,""type"":""submit""},""ts"":""2026-01-17T21:41:14.287Z""},{""type"":""form-submit"",""detail"":{},""ts"":""2026-01-17T21:41:14.291Z""}]",,7.45550661474446,0.0,107.46,2.0,107.46,,0,151ug4w3,,,,,0,1,1,0.0,1,0.392670088943464,0,,,,-1.129870255269997,7.0,0.3272369592456818,0,1.0,-1.7849414254384632,1.2119154368091691,-6.93608184903617,10.2734276249618,3.82501739300896,-0.483741891526274,7.45550661474446,-0.5624281607899264,1.205626402207383,-0.0,-1.7849414254384632,-1.7849414254384632,0.0,1.2119154368091691,1.2766067937438883,6.54449338525554
317,26,8vxh54dk,672eda41e28ba46f845249df,0,52,52,post_exp,FinalForProlific,2026-01-17 21:37:19.026422,1,,,108.92,26,,101.71,1.012608581344491,,treatment,,0.0,6,1,1.0,,paid_data,90.0,25.0,"[{""type"":""page-load"",""detail"":{""path"":""/p/8vxh54dk/main/Trade/39""},""ts"":""2026-01-17T21:50:34.817Z""},{""type"":""right-click"",""detail"":{""x"":927,""y"":484,""target"":""IMG""},""ts"":""2026-01-17T21:50:35.703Z""},{""type"":""contextmenu"",""detail"":{""x"":927,""y"":484,""target"":""IMG""},""ts"":""2026-01-17T21:50:35.781Z""},{""type"":""window-blur"",""detail"":{},""ts"":""2026-01-17T21:50:37.670Z""},{""type"":""visibilitychange"",""detail"":{""state"":""hidden""},""ts"":""2026-01-17T21:50:37.673Z""},{""type"":""visibilitychange"",""detail"":{""state"":""visible""},""ts"":""2026-01-17T21:50:55.754Z""},{""type"":""window-focus"",""detail"":{},""ts"":""2026-01-17T21:50:55.766Z""},{""type"":""click"",""detail"":{""tag"":""INPUT"",""name"":""investment_amount"",""id"":""id_investment_amount"",""type"":""text""},""ts"":""2026-01-17T21:50:57.393Z""},{""type"":""input"",""detail"":{""tag"":""INPUT"",""name"":""investment_amount"",""id"":""id_investment_amount"",""type"":""text""},""ts"":""2026-01-17T21:50:58.218Z""},{""type"":""click"",""detail"":{""tag"":""LABEL"",""name"":null,""id"":null,""type"":null},""ts"":""2026-01-17T21:50:59.772Z""},{""type"":""click"",""detail"":{""tag"":""INPUT"",""name"":""imbalance_informative"",""id"":""id_imbalance_informative-0"",""type"":""radio""},""ts"":""2026-01-17T21:50:59.773Z""},{""type"":""input"",""detail"":{""tag"":""INPUT"",""name"":""imbalance_informative"",""id"":""id_imbalance_informative-0"",""type"":""radio""},""ts"":""2026-01-17T21:50:59.773Z""},{""type"":""click"",""detail"":{""tag"":""INPUT"",""name"":""return_forecast"",""id"":""id_return_forecast"",""type"":""text""},""ts"":""2026-01-17T21:51:00.772Z""},{""type"":""input"",""detail"":{""tag"":""INPUT"",""name"":""return_forecast"",""id"":""id_return_forecast"",""type"":""text""},""ts"":""2026-01-17T21:51:01.546Z""},{""type"":""click"",""detail"":{""tag"":""BUTTON"",""name"":null,""id"":null,""type"":""submit""},""ts"":""2026-01-17T21:51:02.936Z""},{""type"":""form-submit"",""detail"":{},""ts"":""2026-01-17T21:51:02.937Z""}]",1.0,7.45550661474446,0.0,101.71,8.0,101.71,,0,151ug4w3,,,,,0,1,1,1.0,1,0.392670088943464,1,1.0,2.485556818415995,1.0,-1.129870255269997,8.0,0.7507200829753884,1,0.9473684210526315,-1.7849414254384632,1.2119154368091691,-6.93608184903617,10.2734276249618,3.82501739300896,-0.483741891526274,7.45550661474446,-0.5624281607899264,1.205626402207383,-1.7849414254384632,-1.7849414254384632,-1.7849414254384632,1.2119154368091691,1.2119154368091691,1.2766067937438883,17.54449338525554
318,27,iwq8bj53,6272b9dfc470a51d5fa0e6ea,0,52,52,post_exp,FinalForProlific,2026-01-17 21:42:24.321475,1,,,114.56,27,,107.46,1.012608581344491,,treatment,,0.0,12,0,0.0,,paid_data,100.0,15.0,"[{""type"":""page-load"",""detail"":{""path"":""/p/iwq8bj53/main/Trade/39""},""ts"":""2026-01-17T21:55:56.539Z""},{""type"":""click"",""detail"":{""tag"":""INPUT"",""name"":""investment_amount"",""id"":""id_investment_amount"",""type"":""text""},""ts"":""2026-01-17T21:56:01.696Z""},{""type"":""input"",""detail"":{""tag"":""INPUT"",""name"":""investment_amount"",""id"":""id_investment_amount"",""type"":""text""},""ts"":""2026-01-17T21:56:02.238Z""},{""type"":""input"",""detail"":{""tag"":""INPUT"",""name"":""investment_amount"",""id"":""id_investment_amount"",""type"":""text""},""ts"":""2026-01-17T21:56:02.791Z""},{""type"":""click"",""detail"":{""tag"":""INPUT"",""name"":""return_forecast"",""id"":""id_return_forecast"",""type"":""text""},""ts"":""2026-01-17T21:56:03.806Z""},{""type"":""input"",""detail"":{""tag"":""INPUT"",""name"":""return_forecast"",""id"":""id_return_forecast"",""type"":""text""},""ts"":""2026-01-17T21:56:04.688Z""},{""type"":""click"",""detail"":{""tag"":""BUTTON"",""name"":null,""id"":null,""type"":""submit""},""ts"":""2026-01-17T21:56:07.754Z""},{""type"":""form-submit"",""detail"":{},""ts"":""2026-01-17T21:56:07.754Z""}]",,7.45550661474446,0.0,107.46,2.0,107.46,,0,151ug4w3,,,,,0,1,1,0.0,1,0.392670088943464,0,1.0,0.4535687624846704,1.0,0.4912479370739118,7.0,0.3272369592456818,0,1.0,-1.7849414254384632,1.2119154368091691,-6.93608184903617,10.2734276249618,3.82501739300896,-0.483741891526274,7.45550661474446,-0.5624281607899264,1.205626402207383,-0.0,-1.7849414254384632,-1.7849414254384632,0.0,1.2119154368091691,0.241324535679374,7.54449338525554
319,28,5uy60pw0,5d6349209b22da000117b1bd,0,52,52,post_exp,FinalForProlific,2026-01-17 21:44:53.042884,1,,,109.31,28,,101.22,1.012608581344491,,treatment,,0.0,4,1,1.0,,paid_data,70.0,26.0,"[{""type"":""page-load"",""detail"":{""path"":""/p/5uy60pw0/main/Trade/39""},""ts"":""2026-01-17T22:03:29.926Z""},{""type"":""window-blur"",""detail"":{},""ts"":""2026-01-17T22:03:31.101Z""},{""type"":""visibilitychange"",""detail"":{""state"":""hidden""},""ts"":""2026-01-17T22:03:31.105Z""},{""type"":""visibilitychange"",""detail"":{""state"":""visible""},""ts"":""2026-01-17T22:04:22.777Z""},{""type"":""window-focus"",""detail"":{},""ts"":""2026-01-17T22:04:22.778Z""},{""type"":""click"",""detail"":{""tag"":""INPUT"",""name"":""imbalance_informative"",""id"":""id_imbalance_informative-1"",""type"":""radio""},""ts"":""2026-01-17T22:04:37.799Z""},{""type"":""input"",""detail"":{""tag"":""INPUT"",""name"":""imbalance_informative"",""id"":""id_imbalance_informative-1"",""type"":""radio""},""ts"":""2026-01-17T22:04:37.800Z""},{""type"":""click"",""detail"":{""tag"":""INPUT"",""name"":""return_forecast"",""id"":""id_return_forecast"",""type"":""text""},""ts"":""2026-01-17T22:04:38.741Z""},{""type"":""input"",""detail"":{""tag"":""INPUT"",""name"":""return_forecast"",""id"":""id_return_forecast"",""type"":""text""},""ts"":""2026-01-17T22:04:42.191Z""},{""type"":""input"",""detail"":{""tag"":""INPUT"",""name"":""return_forecast"",""id"":""id_return_forecast"",""type"":""text""},""ts"":""2026-01-17T22:04:42.937Z""},{""type"":""click"",""detail"":{""tag"":""INPUT"",""name"":""investment_amount"",""id"":""id_investment_amount"",""type"":""text""},""ts"":""2026-01-17T22:04:45.117Z""},{""type"":""input"",""detail"":{""tag"":""INPUT"",""name"":""investment_amount"",""id"":""id_investment_amount"",""type"":""text""},""ts"":""2026-01-17T22:04:45.950Z""},{""type"":""click"",""detail"":{""tag"":""BUTTON"",""name"":null,""id"":null,""type"":""submit""},""ts"":""2026-01-17T22:04:47.716Z""},{""type"":""form-submit"",""detail"":{},""ts"":""2026-01-17T22:04:47.717Z""}]",0.0,7.45550661474446,0.0,100.22,5.0,101.22,,0,151ug4w3,,,,,0,1,1,1.0,1,0.392670088943464,0,0.0,0.36890259348753185,0.0,-0.04912479370739113,7.0,0.3272369592456818,1,0.7368421052631579,-1.7849414254384632,1.2119154368091691,-6.93608184903617,10.2734276249618,3.82501739300896,-0.483741891526274,7.45550661474446,-0.5624281607899264,1.205626402207383,-1.7849414254384632,-1.7849414254384632,-1.7849414254384632,1.2119154368091691,1.2119154368091691,0.0024132453567937352,18.54449338525554
320,29,r8rvnx27,60e769ec9858960e8ad00886,0,52,52,post_exp,FinalForProlific,2026-01-17 21:45:48.803289,1,,,114.24,29,,108.46,1.012608581344491,,control,,0.0,4,1,-1.0,,free_data,100.0,5.0,"[{""type"":""page-load"",""detail"":{""path"":""/p/r8rvnx27/main/Trade/39""},""ts"":""2026-01-17T21:59:14.294Z""},{""type"":""click"",""detail"":{""tag"":""INPUT"",""name"":""imbalance_informative"",""id"":""id_imbalance_informative-1"",""type"":""radio""},""ts"":""2026-01-17T22:00:01.517Z""},{""type"":""input"",""detail"":{""tag"":""INPUT"",""name"":""imbalance_informative"",""id"":""id_imbalance_informative-1"",""type"":""radio""},""ts"":""2026-01-17T22:00:01.518Z""},{""type"":""click"",""detail"":{""tag"":""INPUT"",""name"":""investment_amount"",""id"":""id_investment_amount"",""type"":""text""},""ts"":""2026-01-17T22:00:02.571Z""},{""type"":""input"",""detail"":{""tag"":""INPUT"",""name"":""investment_amount"",""id"":""id_investment_amount"",""type"":""text""},""ts"":""2026-01-17T22:00:03.605Z""},{""type"":""input"",""detail"":{""tag"":""INPUT"",""name"":""investment_amount"",""id"":""id_investment_amount"",""type"":""text""},""ts"":""2026-01-17T22:00:04.146Z""},{""type"":""input"",""detail"":{""tag"":""INPUT"",""name"":""investment_amount"",""id"":""id_investment_amount"",""type"":""text""},""ts"":""2026-01-17T22:00:04.660Z""},{""type"":""click"",""detail"":{""tag"":""INPUT"",""name"":""return_forecast"",""id"":""id_return_forecast"",""type"":""text""},""ts"":""2026-01-17T22:00:05.690Z""},{""type"":""input"",""detail"":{""tag"":""INPUT"",""name"":""return_forecast"",""id"":""id_return_forecast"",""type"":""text""},""ts"":""2026-01-17T22:00:12.061Z""},{""type"":""click"",""detail"":{""tag"":""BUTTON"",""name"":null,""id"":null,""type"":""submit""},""ts"":""2026-01-17T22:00:13.625Z""},{""type"":""form-submit"",""detail"":{},""ts"":""2026-01-17T22:00:13.627Z""}]",0.0,7.45550661474446,0.0,107.46,10.0,108.46,,0,151ug4w3,,,,,0,0,0,-0.0,0,-0.08726001976521408,0,0.0,0.7922334384732245,0.0,0.4912479370739118,0.0,-2.2842423037541724,0,1.0,-1.7849414254384632,1.2119154368091691,-6.93608184903617,10.2734276249618,3.82501739300896,-0.483741891526274,7.45550661474446,-0.5624281607899264,1.205626402207383,0.0,-0.0,-0.0,-0.0,0.0,0.241324535679374,2.4555066147444604
321,30,9ioh8yjj,5a501c26eedc32000141f4f2,0,52,52,post_exp,FinalForProlific,2026-01-17 21:52:21.858087,1,,,110.45,30,,100.0,1.012608581344491,,treatment,,0.0,11,0,0.0,,paid_data,0.0,30.0,"[{""type"":""page-load"",""detail"":{""path"":""/p/9ioh8yjj/main/Trade/39""},""ts"":""2026-01-17T22:48:08.608Z""},{""type"":""click"",""detail"":{""tag"":""INPUT"",""name"":""investment_amount"",""id"":""id_investment_amount"",""type"":""text""},""ts"":""2026-01-17T22:48:14.143Z""},{""type"":""input"",""detail"":{""tag"":""INPUT"",""name"":""investment_amount"",""id"":""id_investment_amount"",""type"":""text""},""ts"":""2026-01-17T22:48:14.844Z""},{""type"":""input"",""detail"":{""tag"":""INPUT"",""name"":""return_forecast"",""id"":""id_return_forecast"",""type"":""text""},""ts"":""2026-01-17T22:48:15.152Z""},{""type"":""click"",""detail"":{""tag"":""BUTTON"",""name"":null,""id"":null,""type"":""submit""},""ts"":""2026-01-17T22:48:16.487Z""},{""type"":""form-submit"",""detail"":{},""ts"":""2026-01-17T22:48:16.488Z""}]",,7.45550661474446,0.0,100.0,2.0,100.0,,0,151ug4w3,,,,,0,1,1,0.0,1,-2.4869105633086037,0,0.0,-1.409086955452377,1.0,2.1123661294178206,4.0,1.1742032067050947,0,0.0,-1.7849414254384632,1.2119154368091691,-6.93608184903617,10.2734276249618,3.82501739300896,-0.483741891526274,7.45550661474446,-0.5624281607899264,1.205626402207383,-0.0,-1.7849414254384632,-1.7849414254384632,0.0,1.2119154368091691,4.462090664711625,22.54449338525554
322,31,joi0mcuh,69669328636e175b3d4155dc,0,52,52,post_exp,FinalForProlific,2026-01-17 21:52:45.868789,1,,,111.6,31,,95.0,1.012608581344491,,treatment,,0.0,8,1,1.0,,paid_data,0.0,0.0,"[{""type"":""page-load"",""detail"":{""path"":""/p/joi0mcuh/main/Trade/39""},""ts"":""2026-01-17T22:12:01.364Z""},{""type"":""click"",""detail"":{""tag"":""INPUT"",""name"":""investment_amount"",""id"":""id_investment_amount"",""type"":""text""},""ts"":""2026-01-17T22:12:22.617Z""},{""type"":""input"",""detail"":{""tag"":""INPUT"",""name"":""investment_amount"",""id"":""id_investment_amount"",""type"":""text""},""ts"":""2026-01-17T22:12:23.177Z""},{""type"":""click"",""detail"":{""tag"":""INPUT"",""name"":""imbalance_informative"",""id"":""id_imbalance_informative-0"",""type"":""radio""},""ts"":""2026-01-17T22:12:27.768Z""},{""type"":""input"",""detail"":{""tag"":""INPUT"",""name"":""imbalance_informative"",""id"":""id_imbalance_informative-0"",""type"":""radio""},""ts"":""2026-01-17T22:12:27.768Z""},{""type"":""click"",""detail"":{""tag"":""INPUT"",""name"":""return_forecast"",""id"":""id_return_forecast"",""type"":""text""},""ts"":""2026-01-17T22:12:36.367Z""},{""type"":""input"",""detail"":{""tag"":""INPUT"",""name"":""return_forecast"",""id"":""id_return_forecast"",""type"":""text""},""ts"":""2026-01-17T22:12:36.861Z""},{""type"":""click"",""detail"":{""tag"":""BUTTON"",""name"":null,""id"":null,""type"":""submit""},""ts"":""2026-01-17T22:12:38.135Z""},{""type"":""form-submit"",""detail"":{},""ts"":""2026-01-17T22:12:38.136Z""}]",1.0,7.45550661474446,0.0,95.0,6.0,95.0,,0,151ug4w3,,,,,0,1,1,1.0,1,1.3525303063608196,0,0.0,-0.22376058949243777,1.0,2.1123661294178206,8.0,0.044914876759211554,1,0.0,-1.7849414254384632,1.2119154368091691,-6.93608184903617,10.2734276249618,3.82501739300896,-0.483741891526274,7.45550661474446,-0.5624281607899264,1.205626402207383,-1.7849414254384632,-1.7849414254384632,-1.7849414254384632,1.2119154368091691,1.2119154368091691,4.462090664711625,7.45550661474446
323,33,4tbjlhuv,598c4b28cceb0f0001b39675,0,52,52,post_exp,FinalForProlific,2026-01-17 21:57:26.669322,1,,,111.62,33,,102.49,1.012608581344491,,control,,0.0,6,1,-1.0,,free_data,20.0,45.0,"[{""type"":""page-load"",""detail"":{""path"":""/p/4tbjlhuv/main/Trade/39""},""ts"":""2026-01-17T22:10:13.460Z""},{""type"":""click"",""detail"":{""tag"":""INPUT"",""name"":""imbalance_informative"",""id"":""id_imbalance_informative-1"",""type"":""radio""},""ts"":""2026-01-17T22:10:18.777Z""},{""type"":""input"",""detail"":{""tag"":""INPUT"",""name"":""imbalance_informative"",""id"":""id_imbalance_informative-1"",""type"":""radio""},""ts"":""2026-01-17T22:10:18.778Z""},{""type"":""click"",""detail"":{""tag"":""INPUT"",""name"":""investment_amount"",""id"":""id_investment_amount"",""type"":""text""},""ts"":""2026-01-17T22:10:19.647Z""},{""type"":""input"",""detail"":{""tag"":""INPUT"",""name"":""investment_amount"",""id"":""id_investment_amount"",""type"":""text""},""ts"":""2026-01-17T22:10:21.558Z""},{""type"":""click"",""detail"":{""tag"":""INPUT"",""name"":""return_forecast"",""id"":""id_return_forecast"",""type"":""text""},""ts"":""2026-01-17T22:10:23.580Z""},{""type"":""input"",""detail"":{""tag"":""INPUT"",""name"":""return_forecast"",""id"":""id_return_forecast"",""type"":""text""},""ts"":""2026-01-17T22:10:24.547Z""},{""type"":""click"",""detail"":{""tag"":""BUTTON"",""name"":null,""id"":null,""type"":""submit""},""ts"":""2026-01-17T22:10:25.886Z""},{""type"":""form-submit"",""detail"":{},""ts"":""2026-01-17T22:10:25.919Z""}]",0.0,7.45550661474446,0.0,101.49,6.0,102.49,,0,151ug4w3,,,,,0,0,0,-0.0,0,0.8726001976521415,0,0.0,0.4535687624846704,1.0,-1.129870255269997,7.0,-0.025665643862406367,0,0.2,-1.7849414254384632,1.2119154368091691,-6.93608184903617,10.2734276249618,3.82501739300896,-0.483741891526274,7.45550661474446,-0.5624281607899264,1.205626402207383,0.0,-0.0,-0.0,-0.0,0.0,1.2766067937438883,37.54449338525554
324,34,4pzjsb2b,67580f69a9a3cb759240904b,0,52,52,post_exp,FinalForProlific,2026-01-17 21:58:30.170718,1,,,106.49,34,,101.86,1.012608581344491,,treatment,,0.0,10,0,0.0,,paid_data,25.0,2.0,"[{""type"":""page-load"",""detail"":{""path"":""/p/4pzjsb2b/main/Trade/39""},""ts"":""2026-01-17T22:07:59.319Z""},{""type"":""click"",""detail"":{""tag"":""INPUT"",""name"":""investment_amount"",""id"":""id_investment_amount"",""type"":""text""},""ts"":""2026-01-17T22:08:07.835Z""},{""type"":""input"",""detail"":{""tag"":""INPUT"",""name"":""investment_amount"",""id"":""id_investment_amount"",""type"":""text""},""ts"":""2026-01-17T22:08:08.724Z""},{""type"":""click"",""detail"":{""tag"":""INPUT"",""name"":""return_forecast"",""id"":""id_return_forecast"",""type"":""text""},""ts"":""2026-01-17T22:08:09.767Z""},{""type"":""input"",""detail"":{""tag"":""INPUT"",""name"":""return_forecast"",""id"":""id_return_forecast"",""type"":""text""},""ts"":""2026-01-17T22:08:10.133Z""},{""type"":""click"",""detail"":{""tag"":""BUTTON"",""name"":null,""id"":null,""type"":""submit""},""ts"":""2026-01-17T22:08:11.434Z""},{""type"":""form-submit"",""detail"":{},""ts"":""2026-01-17T22:08:11.435Z""}]",,7.45550661474446,0.0,101.86,3.0,101.86,,0,151ug4w3,,,,,0,1,1,0.0,1,1.3525303063608196,0,0.0,1.3002304524560555,1.0,-1.129870255269997,7.0,-0.378568246970495,0,0.25,-1.7849414254384632,1.2119154368091691,-6.93608184903617,10.2734276249618,3.82501739300896,-0.483741891526274,7.45550661474446,-0.5624281607899264,1.205626402207383,-0.0,-1.7849414254384632,-1.7849414254384632,0.0,1.2119154368091691,1.2766067937438883,5.45550661474446
325,35,fcwg96au,5848ad3bdb871400012da095,0,52,52,post_exp,FinalForProlific,2026-01-17 22:00:16.297158,1,,,108.19,35,,95.89,1.012608581344491,,treatment,,0.0,10,1,1.0,,paid_data,12.0,-10.0,"[{""type"":""page-load"",""detail"":{""path"":""/p/fcwg96au/main/Trade/39""},""ts"":""2026-01-17T22:10:13.950Z""},{""type"":""click"",""detail"":{""tag"":""INPUT"",""name"":""investment_amount"",""id"":""id_investment_amount"",""type"":""text""},""ts"":""2026-01-17T22:10:16.644Z""},{""type"":""input"",""detail"":{""tag"":""INPUT"",""name"":""investment_amount"",""id"":""id_investment_amount"",""type"":""text""},""ts"":""2026-01-17T22:10:18.402Z""},{""type"":""click"",""detail"":{""tag"":""INPUT"",""name"":""imbalance_informative"",""id"":""id_imbalance_informative-0"",""type"":""radio""},""ts"":""2026-01-17T22:10:20.478Z""},{""type"":""input"",""detail"":{""tag"":""INPUT"",""name"":""imbalance_informative"",""id"":""id_imbalance_informative-0"",""type"":""radio""},""ts"":""2026-01-17T22:10:20.478Z""},{""type"":""click"",""detail"":{""tag"":""INPUT"",""name"":""return_forecast"",""id"":""id_return_forecast"",""type"":""text""},""ts"":""2026-01-17T22:10:21.137Z""},{""type"":""input"",""detail"":{""tag"":""INPUT"",""name"":""return_forecast"",""id"":""id_return_forecast"",""type"":""text""},""ts"":""2026-01-17T22:10:21.891Z""},{""type"":""input"",""detail"":{""tag"":""INPUT"",""name"":""return_forecast"",""id"":""id_return_forecast"",""type"":""text""},""ts"":""2026-01-17T22:10:22.455Z""},{""type"":""click"",""detail"":{""tag"":""BUTTON"",""name"":null,""id"":null,""type"":""submit""},""ts"":""2026-01-17T22:10:23.408Z""},{""type"":""form-submit"",""detail"":{},""ts"":""2026-01-17T22:10:23.410Z""}]",1.0,7.45550661474446,0.0,95.89,7.0,95.89,,0,151ug4w3,,,,,0,1,1,1.0,1,-0.08726001976521408,1,0.0,-0.3084267584895763,1.0,1.0316206678552147,1.0,-1.8607591800244665,1,0.12631578947368421,-1.7849414254384632,1.2119154368091691,-6.93608184903617,10.2734276249618,3.82501739300896,-0.483741891526274,7.45550661474446,-0.5624281607899264,1.205626402207383,-1.7849414254384632,-1.7849414254384632,-1.7849414254384632,1.2119154368091691,1.2119154368091691,1.0642412023460393,17.45550661474446
326,37,4d34f1nl,692f221e98e3cdcf10465812,0,52,52,post_exp,FinalForProlific,2026-01-17 22:07:34.984862,1,,,112.1,37,,102.24,1.012608581344491,,control,,0.0,6,1,-1.0,,free_data,30.0,15.0,"[{""type"":""page-load"",""detail"":{""path"":""/p/4d34f1nl/main/Trade/39""},""ts"":""2026-01-17T22:31:52.203Z""},{""type"":""window-blur"",""detail"":{},""ts"":""2026-01-17T22:31:55.120Z""},{""type"":""visibilitychange"",""detail"":{""state"":""hidden""},""ts"":""2026-01-17T22:31:55.120Z""},{""type"":""visibilitychange"",""detail"":{""state"":""visible""},""ts"":""2026-01-17T22:32:06.756Z""},{""type"":""window-focus"",""detail"":{},""ts"":""2026-01-17T22:32:06.761Z""},{""type"":""click"",""detail"":{""tag"":""INPUT"",""name"":""investment_amount"",""id"":""id_investment_amount"",""type"":""text""},""ts"":""2026-01-17T22:32:07.564Z""},{""type"":""input"",""detail"":{""tag"":""INPUT"",""name"":""investment_amount"",""id"":""id_investment_amount"",""type"":""text""},""ts"":""2026-01-17T22:32:07.750Z""},{""type"":""input"",""detail"":{""tag"":""INPUT"",""name"":""investment_amount"",""id"":""id_investment_amount"",""type"":""text""},""ts"":""2026-01-17T22:32:08.483Z""},{""type"":""click"",""detail"":{""tag"":""LABEL"",""name"":null,""id"":null,""type"":null},""ts"":""2026-01-17T22:32:10.357Z""},{""type"":""click"",""detail"":{""tag"":""INPUT"",""name"":""imbalance_informative"",""id"":""id_imbalance_informative-0"",""type"":""radio""},""ts"":""2026-01-17T22:32:10.359Z""},{""type"":""input"",""detail"":{""tag"":""INPUT"",""name"":""imbalance_informative"",""id"":""id_imbalance_informative-0"",""type"":""radio""},""ts"":""2026-01-17T22:32:10.359Z""},{""type"":""window-blur"",""detail"":{},""ts"":""2026-01-17T22:32:10.873Z""},{""type"":""visibilitychange"",""detail"":{""state"":""hidden""},""ts"":""2026-01-17T22:32:10.874Z""},{""type"":""visibilitychange"",""detail"":{""state"":""visible""},""ts"":""2026-01-17T22:32:11.273Z""},{""type"":""window-focus"",""detail"":{},""ts"":""2026-01-17T22:32:11.278Z""},{""type"":""click"",""detail"":{""tag"":""INPUT"",""name"":""return_forecast"",""id"":""id_return_forecast"",""type"":""text""},""ts"":""2026-01-17T22:32:11.972Z""},{""type"":""input"",""detail"":{""tag"":""INPUT"",""name"":""return_forecast"",""id"":""id_return_forecast"",""type"":""text""},""ts"":""2026-01-17T22:32:12.251Z""},{""type"":""click"",""detail"":{""tag"":""BUTTON"",""name"":null,""id"":null,""type"":""submit""},""ts"":""2026-01-17T22:32:13.580Z""},{""type"":""form-submit"",""detail"":{},""ts"":""2026-01-17T22:32:13.580Z""}]",1.0,7.45550661474446,0.0,102.24,5.0,102.24,,0,151ug4w3,,,,,0,0,0,-0.0,0,-0.08726001976521408,0,0.0,-1.7477516314409312,0.0,-0.5894975244886941,7.0,0.6801395623537705,0,0.3,-1.7849414254384632,1.2119154368091691,-6.93608184903617,10.2734276249618,3.82501739300896,-0.483741891526274,7.45550661474446,-0.5624281607899264,1.205626402207383,0.0,-0.0,-0.0,-0.0,0.0,0.3475073313782985,7.54449338525554
327,38,d8aqe2fa,650b03136ab3d4c832d98b71,0,52,52,post_exp,FinalForProlific,2026-01-17 22:08:13.439724,1,,,118.99,38,,101.22,1.012608581344491,,treatment,,0.0,5,1,1.0,,paid_data,70.0,8.0,"[{""type"":""page-load"",""detail"":{""path"":""/p/d8aqe2fa/main/Trade/39""},""ts"":""2026-01-17T22:21:51.879Z""},{""type"":""copy"",""detail"":{""types"":[],""hasImage"":true,""hasFiles"":false},""ts"":""2026-01-17T22:21:53.649Z""},{""type"":""window-blur"",""detail"":{},""ts"":""2026-01-17T22:21:54.274Z""},{""type"":""window-focus"",""detail"":{},""ts"":""2026-01-17T22:21:55.352Z""},{""type"":""right-click"",""detail"":{""x"":1233,""y"":378,""target"":""IMG""},""ts"":""2026-01-17T22:21:55.661Z""},{""type"":""contextmenu"",""detail"":{""x"":1233,""y"":378,""target"":""IMG""},""ts"":""2026-01-17T22:21:55.705Z""},{""type"":""window-blur"",""detail"":{},""ts"":""2026-01-17T22:21:56.953Z""},{""type"":""window-focus"",""detail"":{},""ts"":""2026-01-17T22:21:59.512Z""},{""type"":""click"",""detail"":{""tag"":""INPUT"",""name"":""investment_amount"",""id"":""id_investment_amount"",""type"":""text""},""ts"":""2026-01-17T22:21:59.561Z""},{""type"":""input"",""detail"":{""tag"":""INPUT"",""name"":""investment_amount"",""id"":""id_investment_amount"",""type"":""text""},""ts"":""2026-01-17T22:22:03.488Z""},{""type"":""input"",""detail"":{""tag"":""INPUT"",""name"":""investment_amount"",""id"":""id_investment_amount"",""type"":""text""},""ts"":""2026-01-17T22:22:05.091Z""},{""type"":""click"",""detail"":{""tag"":""LABEL"",""name"":null,""id"":null,""type"":null},""ts"":""2026-01-17T22:22:06.265Z""},{""type"":""click"",""detail"":{""tag"":""INPUT"",""name"":""imbalance_informative"",""id"":""id_imbalance_informative-0"",""type"":""radio""},""ts"":""2026-01-17T22:22:06.266Z""},{""type"":""input"",""detail"":{""tag"":""INPUT"",""name"":""imbalance_informative"",""id"":""id_imbalance_informative-0"",""type"":""radio""},""ts"":""2026-01-17T22:22:06.266Z""},{""type"":""click"",""detail"":{""tag"":""INPUT"",""name"":""return_forecast"",""id"":""id_return_forecast"",""type"":""text""},""ts"":""2026-01-17T22:22:07.695Z""},{""type"":""input"",""detail"":{""tag"":""INPUT"",""name"":""return_forecast"",""id"":""id_return_forecast"",""type"":""text""},""ts"":""2026-01-17T22:22:08.139Z""},{""type"":""click"",""detail"":{""tag"":""BUTTON"",""name"":null,""id"":null,""type"":""submit""},""ts"":""2026-01-17T22:22:08.993Z""},{""type"":""form-submit"",""detail"":{},""ts"":""2026-01-17T22:22:08.994Z""}]",1.0,7.45550661474446,0.0,100.22,5.0,101.22,,0,151ug4w3,,,,,0,1,1,1.0,1,1.3525303063608196,0,1.0,-0.5624252654809918,0.0,-0.5894975244886941,6.0,-0.8020513707002012,1,0.7368421052631579,-1.7849414254384632,1.2119154368091691,-6.93608184903617,10.2734276249618,3.82501739300896,-0.483741891526274,7.45550661474446,-0.5624281607899264,1.205626402207383,-1.7849414254384632,-1.7849414254384632,-1.7849414254384632,1.2119154368091691,1.2119154368091691,0.3475073313782985,0.5444933852555396
328,39,35jj3mv4,666445e5b72745f04a4f57d6,0,52,52,post_exp,FinalForProlific,2026-01-17 22:10:39.908203,1,,,115.9,39,,96.49,1.012608581344491,,treatment,,0.0,5,1,1.0,,paid_data,20.0,-5.0,"[{""type"":""page-load"",""detail"":{""path"":""/p/35jj3mv4/main/Trade/39""},""ts"":""2026-01-17T22:29:33.269Z""},{""type"":""click"",""detail"":{""tag"":""INPUT"",""name"":""imbalance_informative"",""id"":""id_imbalance_informative-0"",""type"":""radio""},""ts"":""2026-01-17T22:29:48.061Z""},{""type"":""input"",""detail"":{""tag"":""INPUT"",""name"":""imbalance_informative"",""id"":""id_imbalance_informative-0"",""type"":""radio""},""ts"":""2026-01-17T22:29:48.061Z""},{""type"":""click"",""detail"":{""tag"":""INPUT"",""name"":""investment_amount"",""id"":""id_investment_amount"",""type"":""text""},""ts"":""2026-01-17T22:29:49.166Z""},{""type"":""input"",""detail"":{""tag"":""INPUT"",""name"":""investment_amount"",""id"":""id_investment_amount"",""type"":""text""},""ts"":""2026-01-17T22:29:52.757Z""},{""type"":""input"",""detail"":{""tag"":""INPUT"",""name"":""investment_amount"",""id"":""id_investment_amount"",""type"":""text""},""ts"":""2026-01-17T22:29:53.335Z""},{""type"":""click"",""detail"":{""tag"":""INPUT"",""name"":""return_forecast"",""id"":""id_return_forecast"",""type"":""text""},""ts"":""2026-01-17T22:29:55.076Z""},{""type"":""input"",""detail"":{""tag"":""INPUT"",""name"":""return_forecast"",""id"":""id_return_forecast"",""type"":""text""},""ts"":""2026-01-17T22:29:56.929Z""},{""type"":""input"",""detail"":{""tag"":""INPUT"",""name"":""return_forecast"",""id"":""id_return_forecast"",""type"":""text""},""ts"":""2026-01-17T22:29:58.458Z""},{""type"":""click"",""detail"":{""tag"":""BUTTON"",""name"":null,""id"":null,""type"":""submit""},""ts"":""2026-01-17T22:30:00.358Z""},{""type"":""form-submit"",""detail"":{},""ts"":""2026-01-17T22:30:00.362Z""}]",1.0,7.45550661474446,0.0,96.49,4.0,96.49,,0,151ug4w3,,,,,0,1,1,1.0,1,1.3525303063608196,0,0.0,1.215564283458917,1.0,-0.04912479370739113,6.0,-0.8020513707002012,1,0.21052631578947367,-1.7849414254384632,1.2119154368091691,-6.93608184903617,10.2734276249618,3.82501739300896,-0.483741891526274,7.45550661474446,-0.5624281607899264,1.205626402207383,-1.7849414254384632,-1.7849414254384632,-1.7849414254384632,1.2119154368091691,1.2119154368091691,0.0024132453567937352,12.455506614744461
329,40,7czue3k2,5cad1eef8ed53d00180d2532,0,52,52,post_exp,FinalForProlific,2026-01-17 22:23:11.563870,1,,,110.19,40,,103.73,1.012608581344491,,treatment,,0.0,13,0,0.0,,paid_data,50.0,30.0,"[{""type"":""page-load"",""detail"":{""path"":""/p/7czue3k2/main/Trade/39""},""ts"":""2026-01-17T22:43:16.854Z""},{""type"":""click"",""detail"":{""tag"":""INPUT"",""name"":""investment_amount"",""id"":""id_investment_amount"",""type"":""text""},""ts"":""2026-01-17T22:43:22.237Z""},{""type"":""input"",""detail"":{""tag"":""INPUT"",""name"":""investment_amount"",""id"":""id_investment_amount"",""type"":""text""},""ts"":""2026-01-17T22:43:22.986Z""},{""type"":""input"",""detail"":{""tag"":""INPUT"",""name"":""investment_amount"",""id"":""id_investment_amount"",""type"":""text""},""ts"":""2026-01-17T22:43:23.618Z""},{""type"":""click"",""detail"":{""tag"":""LABEL"",""name"":null,""id"":null,""type"":null},""ts"":""2026-01-17T22:43:25.111Z""},{""type"":""click"",""detail"":{""tag"":""INPUT"",""name"":""return_forecast"",""id"":""id_return_forecast"",""type"":""text""},""ts"":""2026-01-17T22:43:25.114Z""},{""type"":""input"",""detail"":{""tag"":""INPUT"",""name"":""return_forecast"",""id"":""id_return_forecast"",""type"":""text""},""ts"":""2026-01-17T22:43:34.713Z""},{""type"":""click"",""detail"":{""tag"":""BUTTON"",""name"":null,""id"":null,""type"":""submit""},""ts"":""2026-01-17T22:43:36.349Z""},{""type"":""form-submit"",""detail"":{},""ts"":""2026-01-17T22:43:36.351Z""}]",,7.45550661474446,0.0,103.73,6.0,103.73,,0,151ug4w3,,,,,0,1,1,0.0,1,-2.0069804545999257,1,0.0,-1.1550884484609614,0.0,-0.5894975244886941,2.0,-0.025665643862406367,0,0.5,-1.7849414254384632,1.2119154368091691,-6.93608184903617,10.2734276249618,3.82501739300896,-0.483741891526274,7.45550661474446,-0.5624281607899264,1.205626402207383,-0.0,-1.7849414254384632,-1.7849414254384632,0.0,1.2119154368091691,0.3475073313782985,22.54449338525554
330,1,0zkzl65f,64df6c0375d740bb235620f5,0,52,52,post_exp,FinalForProlific,2026-01-17 21:20:10.774463,1,,,140.11,1,,106.85,1.3019253188714883,,control,,0.0,11,1,-1.0,,free_data,100.0,9.0,"[{""type"":""page-load"",""detail"":{""path"":""/p/0zkzl65f/main/Trade/42""},""ts"":""2026-01-17T21:37:52.865Z""},{""type"":""click"",""detail"":{""tag"":""INPUT"",""name"":""investment_amount"",""id"":""id_investment_amount"",""type"":""text""},""ts"":""2026-01-17T21:38:07.271Z""},{""type"":""input"",""detail"":{""tag"":""INPUT"",""name"":""investment_amount"",""id"":""id_investment_amount"",""type"":""text""},""ts"":""2026-01-17T21:38:07.925Z""},{""type"":""click"",""detail"":{""tag"":""INPUT"",""name"":""imbalance_informative"",""id"":""id_imbalance_informative-0"",""type"":""radio""},""ts"":""2026-01-17T21:38:30.692Z""},{""type"":""input"",""detail"":{""tag"":""INPUT"",""name"":""imbalance_informative"",""id"":""id_imbalance_informative-0"",""type"":""radio""},""ts"":""2026-01-17T21:38:30.692Z""},{""type"":""click"",""detail"":{""tag"":""INPUT"",""name"":""return_forecast"",""id"":""id_return_forecast"",""type"":""text""},""ts"":""2026-01-17T21:38:33.150Z""},{""type"":""input"",""detail"":{""tag"":""INPUT"",""name"":""return_forecast"",""id"":""id_return_forecast"",""type"":""text""},""ts"":""2026-01-17T21:38:35.850Z""},{""type"":""click"",""detail"":{""tag"":""BUTTON"",""name"":null,""id"":null,""type"":""submit""},""ts"":""2026-01-17T21:38:37.391Z""},{""type"":""form-submit"",""detail"":{},""ts"":""2026-01-17T21:38:37.391Z""}]",1.0,6.84938919260437,0.0,106.85,6.0,106.85,,0,151ug4w3,,,,,0,0,0,-0.0,0,1.3525303063608196,0,0.0,-0.8164237724724074,0.0,-0.04912479370739113,3.0,-2.0725007418893195,0,1.0,-1.2392402243737397,-0.19584096503035087,7.83354759727216,5.9748227082548,9.6579869817733,16.5796106996512,6.84938919260437,-1.57410275837676,0.045922939415854604,0.0,-0.0,-0.0,0.0,-0.0,0.0024132453567937352,2.15061080739563
331,2,nx9hs1ng,677fea8903ad496f30f16502,0,52,52,post_exp,FinalForProlific,2026-01-17 21:20:12.375324,1,,,110.35,2,,101.07,1.3019253188714883,,treatment,,0.0,11,1,1.0,,free_data,1.0,16.0,"[{""type"":""page-load"",""detail"":{""path"":""/p/nx9hs1ng/main/Trade/42""},""ts"":""2026-01-17T21:30:57.383Z""},{""type"":""click"",""detail"":{""tag"":""INPUT"",""name"":""investment_amount"",""id"":""id_investment_amount"",""type"":""text""},""ts"":""2026-01-17T21:31:01.141Z""},{""type"":""input"",""detail"":{""tag"":""INPUT"",""name"":""investment_amount"",""id"":""id_investment_amount"",""type"":""text""},""ts"":""2026-01-17T21:31:01.926Z""},{""type"":""click"",""detail"":{""tag"":""LABEL"",""name"":null,""id"":null,""type"":null},""ts"":""2026-01-17T21:31:03.253Z""},{""type"":""click"",""detail"":{""tag"":""INPUT"",""name"":""imbalance_informative"",""id"":""id_imbalance_informative-1"",""type"":""radio""},""ts"":""2026-01-17T21:31:03.254Z""},{""type"":""input"",""detail"":{""tag"":""INPUT"",""name"":""imbalance_informative"",""id"":""id_imbalance_informative-1"",""type"":""radio""},""ts"":""2026-01-17T21:31:03.254Z""},{""type"":""click"",""detail"":{""tag"":""LABEL"",""name"":null,""id"":null,""type"":null},""ts"":""2026-01-17T21:31:04.077Z""},{""type"":""click"",""detail"":{""tag"":""INPUT"",""name"":""return_forecast"",""id"":""id_return_forecast"",""type"":""text""},""ts"":""2026-01-17T21:31:04.078Z""},{""type"":""input"",""detail"":{""tag"":""INPUT"",""name"":""return_forecast"",""id"":""id_return_forecast"",""type"":""text""},""ts"":""2026-01-17T21:31:14.205Z""},{""type"":""click"",""detail"":{""tag"":""BUTTON"",""name"":null,""id"":null,""type"":""submit""},""ts"":""2026-01-17T21:31:15.348Z""},{""type"":""form-submit"",""detail"":{},""ts"":""2026-01-17T21:31:15.349Z""}]",0.0,6.84938919260437,0.0,100.07,4.0,101.07,,0,151ug4w3,,,,,0,1,0,1.0,0,0.392670088943464,1,0.0,-0.5624252654809918,1.0,-0.04912479370739113,6.0,-0.09624616448402429,0,0.01,-1.2392402243737397,-0.19584096503035087,7.83354759727216,5.9748227082548,9.6579869817733,16.5796106996512,6.84938919260437,-1.57410275837676,0.045922939415854604,-1.2392402243737397,-0.0,-1.2392402243737397,-0.19584096503035087,-0.0,0.0024132453567937352,9.15061080739563
332,3,i3c60565,6962c417f20b621d95bd694d,0,52,52,post_exp,FinalForProlific,2026-01-17 21:20:30.391188,1,,,113.86,3,,105.11,1.3019253188714883,,treatment,,0.0,5,1,0.0,,free_data,60.0,6.0,"[{""type"":""page-load"",""detail"":{""path"":""/p/i3c60565/main/Trade/42""},""ts"":""2026-01-17T21:35:37.606Z""},{""type"":""click"",""detail"":{""tag"":""INPUT"",""name"":""investment_amount"",""id"":""id_investment_amount"",""type"":""text""},""ts"":""2026-01-17T21:35:50.425Z""},{""type"":""input"",""detail"":{""tag"":""INPUT"",""name"":""investment_amount"",""id"":""id_investment_amount"",""type"":""text""},""ts"":""2026-01-17T21:35:51.751Z""},{""type"":""input"",""detail"":{""tag"":""INPUT"",""name"":""investment_amount"",""id"":""id_investment_amount"",""type"":""text""},""ts"":""2026-01-17T21:35:52.783Z""},{""type"":""input"",""detail"":{""tag"":""INPUT"",""name"":""investment_amount"",""id"":""id_investment_amount"",""type"":""text""},""ts"":""2026-01-17T21:35:53.843Z""},{""type"":""click"",""detail"":{""tag"":""INPUT"",""name"":""imbalance_informative"",""id"":""id_imbalance_informative-0"",""type"":""radio""},""ts"":""2026-01-17T21:35:55.446Z""},{""type"":""input"",""detail"":{""tag"":""INPUT"",""name"":""imbalance_informative"",""id"":""id_imbalance_informative-0"",""type"":""radio""},""ts"":""2026-01-17T21:35:55.446Z""},{""type"":""click"",""detail"":{""tag"":""INPUT"",""name"":""return_forecast"",""id"":""id_return_forecast"",""type"":""text""},""ts"":""2026-01-17T21:35:59.935Z""},{""type"":""input"",""detail"":{""tag"":""INPUT"",""name"":""return_forecast"",""id"":""id_return_forecast"",""type"":""text""},""ts"":""2026-01-17T21:36:00.666Z""},{""type"":""click"",""detail"":{""tag"":""BUTTON"",""name"":null,""id"":null,""type"":""submit""},""ts"":""2026-01-17T21:36:02.082Z""},{""type"":""form-submit"",""detail"":{},""ts"":""2026-01-17T21:36:02.083Z""}]",1.0,6.84938919260437,0.0,104.11,5.0,105.11,,0,151ug4w3,,,,,0,1,0,0.0,0,-1.5270503458912477,1,0.0,-0.05442825149816073,1.0,1.0316206678552147,5.0,0.8918811242186238,0,0.6,-1.2392402243737397,-0.19584096503035087,7.83354759727216,5.9748227082548,9.6579869817733,16.5796106996512,6.84938919260437,-1.57410275837676,0.045922939415854604,-0.0,-0.0,-1.2392402243737397,-0.0,-0.0,1.0642412023460393,0.8493891926043702
333,4,k7sp0ynm,67665f7b0329bd3e30515ad2,0,52,52,post_exp,FinalForProlific,2026-01-17 21:20:50.689404,1,,,102.31,4,,106.85,1.3019253188714883,,treatment,,0.0,10,1,0.0,,free_data,100.0,25.0,"[{""type"":""page-load"",""detail"":{""path"":""/p/k7sp0ynm/main/Trade/42""},""ts"":""2026-01-17T21:52:09.476Z""},{""type"":""click"",""detail"":{""tag"":""INPUT"",""name"":""investment_amount"",""id"":""id_investment_amount"",""type"":""text""},""ts"":""2026-01-17T21:52:11.594Z""},{""type"":""input"",""detail"":{""tag"":""INPUT"",""name"":""investment_amount"",""id"":""id_investment_amount"",""type"":""text""},""ts"":""2026-01-17T21:52:12.418Z""},{""type"":""input"",""detail"":{""tag"":""INPUT"",""name"":""investment_amount"",""id"":""id_investment_amount"",""type"":""text""},""ts"":""2026-01-17T21:52:13.006Z""},{""type"":""click"",""detail"":{""tag"":""INPUT"",""name"":""imbalance_informative"",""id"":""id_imbalance_informative-0"",""type"":""radio""},""ts"":""2026-01-17T21:52:28.911Z""},{""type"":""input"",""detail"":{""tag"":""INPUT"",""name"":""imbalance_informative"",""id"":""id_imbalance_informative-0"",""type"":""radio""},""ts"":""2026-01-17T21:52:28.911Z""},{""type"":""click"",""detail"":{""tag"":""INPUT"",""name"":""return_forecast"",""id"":""id_return_forecast"",""type"":""text""},""ts"":""2026-01-17T21:52:30.011Z""},{""type"":""input"",""detail"":{""tag"":""INPUT"",""name"":""return_forecast"",""id"":""id_return_forecast"",""type"":""text""},""ts"":""2026-01-17T21:52:31.127Z""},{""type"":""input"",""detail"":{""tag"":""INPUT"",""name"":""return_forecast"",""id"":""id_return_forecast"",""type"":""text""},""ts"":""2026-01-17T21:52:31.642Z""},{""type"":""input"",""detail"":{""tag"":""INPUT"",""name"":""return_forecast"",""id"":""id_return_forecast"",""type"":""text""},""ts"":""2026-01-17T21:52:33.051Z""},{""type"":""input"",""detail"":{""tag"":""INPUT"",""name"":""return_forecast"",""id"":""id_return_forecast"",""type"":""text""},""ts"":""2026-01-17T21:52:35.202Z""},{""type"":""click"",""detail"":{""tag"":""BUTTON"",""name"":null,""id"":null,""type"":""submit""},""ts"":""2026-01-17T21:52:36.277Z""},{""type"":""form-submit"",""detail"":{},""ts"":""2026-01-17T21:52:36.279Z""}]",1.0,6.84938919260437,0.0,106.85,2.0,106.85,,0,151ug4w3,,,,,0,1,0,0.0,0,-1.0471202371825696,0,0.0,-0.5624252654809918,1.0,1.5719933986365178,4.0,0.11549539738082899,0,1.0,-1.2392402243737397,-0.19584096503035087,7.83354759727216,5.9748227082548,9.6579869817733,16.5796106996512,6.84938919260437,-1.57410275837676,0.045922939415854604,-0.0,-0.0,-1.2392402243737397,-0.0,-0.0,2.4711632453567898,18.15061080739563
334,6,6bbjn8v1,5e459f61418f610891628564,0,52,52,post_exp,FinalForProlific,2026-01-17 21:22:23.663747,1,,,103.85,6,,106.51,1.3019253188714883,,treatment,,0.0,6,1,1.0,,free_data,95.0,11.0,"[{""type"":""page-load"",""detail"":{""path"":""/p/6bbjn8v1/main/Trade/42""},""ts"":""2026-01-17T21:34:29.861Z""},{""type"":""click"",""detail"":{""tag"":""INPUT"",""name"":""investment_amount"",""id"":""id_investment_amount"",""type"":""text""},""ts"":""2026-01-17T21:34:43.694Z""},{""type"":""input"",""detail"":{""tag"":""INPUT"",""name"":""investment_amount"",""id"":""id_investment_amount"",""type"":""text""},""ts"":""2026-01-17T21:34:44.408Z""},{""type"":""input"",""detail"":{""tag"":""INPUT"",""name"":""investment_amount"",""id"":""id_investment_amount"",""type"":""text""},""ts"":""2026-01-17T21:34:45.541Z""},{""type"":""input"",""detail"":{""tag"":""INPUT"",""name"":""investment_amount"",""id"":""id_investment_amount"",""type"":""text""},""ts"":""2026-01-17T21:34:46.408Z""},{""type"":""click"",""detail"":{""tag"":""INPUT"",""name"":""imbalance_informative"",""id"":""id_imbalance_informative-0"",""type"":""radio""},""ts"":""2026-01-17T21:34:47.143Z""},{""type"":""input"",""detail"":{""tag"":""INPUT"",""name"":""imbalance_informative"",""id"":""id_imbalance_informative-0"",""type"":""radio""},""ts"":""2026-01-17T21:34:47.143Z""},{""type"":""click"",""detail"":{""tag"":""INPUT"",""name"":""return_forecast"",""id"":""id_return_forecast"",""type"":""text""},""ts"":""2026-01-17T21:34:49.252Z""},{""type"":""input"",""detail"":{""tag"":""INPUT"",""name"":""return_forecast"",""id"":""id_return_forecast"",""type"":""text""},""ts"":""2026-01-17T21:34:50.365Z""},{""type"":""click"",""detail"":{""tag"":""BUTTON"",""name"":null,""id"":null,""type"":""submit""},""ts"":""2026-01-17T21:34:50.908Z""},{""type"":""form-submit"",""detail"":{},""ts"":""2026-01-17T21:34:50.910Z""}]",1.0,6.84938919260437,0.0,106.51,4.0,106.51,,0,151ug4w3,,,,,0,1,0,1.0,0,-0.08726001976521408,0,0.0,-0.22376058949243777,1.0,-0.5894975244886941,5.0,-0.16682668510564172,0,0.95,-1.2392402243737397,-0.19584096503035087,7.83354759727216,5.9748227082548,9.6579869817733,16.5796106996512,6.84938919260437,-1.57410275837676,0.045922939415854604,-1.2392402243737397,-0.0,-1.2392402243737397,-0.19584096503035087,-0.0,0.3475073313782985,4.15061080739563
335,7,gl7u8nio,62b2080f8f89f2f15c47d9ba,0,52,52,post_exp,FinalForProlific,2026-01-17 21:22:24.603886,1,,,118.89,7,,103.74,1.3019253188714883,,treatment,,0.0,8,1,0.0,,free_data,40.0,-4.0,"[{""type"":""page-load"",""detail"":{""path"":""/p/gl7u8nio/main/Trade/42""},""ts"":""2026-01-17T21:36:37.038Z""},{""type"":""click"",""detail"":{""tag"":""INPUT"",""name"":""investment_amount"",""id"":""id_investment_amount"",""type"":""text""},""ts"":""2026-01-17T21:36:42.281Z""},{""type"":""input"",""detail"":{""tag"":""INPUT"",""name"":""investment_amount"",""id"":""id_investment_amount"",""type"":""text""},""ts"":""2026-01-17T21:36:45.064Z""},{""type"":""click"",""detail"":{""tag"":""INPUT"",""name"":""imbalance_informative"",""id"":""id_imbalance_informative-1"",""type"":""radio""},""ts"":""2026-01-17T21:36:48.066Z""},{""type"":""input"",""detail"":{""tag"":""INPUT"",""name"":""imbalance_informative"",""id"":""id_imbalance_informative-1"",""type"":""radio""},""ts"":""2026-01-17T21:36:48.066Z""},{""type"":""click"",""detail"":{""tag"":""INPUT"",""name"":""return_forecast"",""id"":""id_return_forecast"",""type"":""text""},""ts"":""2026-01-17T21:36:49.547Z""},{""type"":""input"",""detail"":{""tag"":""INPUT"",""name"":""return_forecast"",""id"":""id_return_forecast"",""type"":""text""},""ts"":""2026-01-17T21:36:53.092Z""},{""type"":""input"",""detail"":{""tag"":""INPUT"",""name"":""return_forecast"",""id"":""id_return_forecast"",""type"":""text""},""ts"":""2026-01-17T21:36:53.985Z""},{""type"":""click"",""detail"":{""tag"":""BUTTON"",""name"":null,""id"":null,""type"":""submit""},""ts"":""2026-01-17T21:36:55.117Z""},{""type"":""form-submit"",""detail"":{},""ts"":""2026-01-17T21:36:55.118Z""}]",0.0,6.84938919260437,0.0,102.74,4.0,103.74,,0,151ug4w3,,,,,0,1,0,0.0,0,-0.08726001976521408,1,0.0,1.3848966214531941,0.0,2.1123661294178206,6.0,0.25665643862406434,0,0.4,-1.2392402243737397,-0.19584096503035087,7.83354759727216,5.9748227082548,9.6579869817733,16.5796106996512,6.84938919260437,-1.57410275837676,0.045922939415854604,-0.0,-0.0,-1.2392402243737397,-0.0,-0.0,4.462090664711625,10.84938919260437
336,8,difxszml,5d1ec3b72e9ac3001ab525ef,0,49,52,post_exp,Demographics,2026-01-17 21:22:33.376663,1,,,1190.64,8,,100.0,1.3019253188714883,,treatment,,0.0,4,1,1.0,,free_data,0.0,-15.0,"[{""type"":""page-load"",""detail"":{""path"":""/p/difxszml/main/Trade/42""},""ts"":""2026-01-17T21:34:06.206Z""},{""type"":""click"",""detail"":{""tag"":""INPUT"",""name"":""investment_amount"",""id"":""id_investment_amount"",""type"":""text""},""ts"":""2026-01-17T21:34:30.155Z""},{""type"":""input"",""detail"":{""tag"":""INPUT"",""name"":""investment_amount"",""id"":""id_investment_amount"",""type"":""text""},""ts"":""2026-01-17T21:34:31.015Z""},{""type"":""click"",""detail"":{""tag"":""INPUT"",""name"":""imbalance_informative"",""id"":""id_imbalance_informative-0"",""type"":""radio""},""ts"":""2026-01-17T21:34:31.926Z""},{""type"":""input"",""detail"":{""tag"":""INPUT"",""name"":""imbalance_informative"",""id"":""id_imbalance_informative-0"",""type"":""radio""},""ts"":""2026-01-17T21:34:31.926Z""},{""type"":""click"",""detail"":{""tag"":""INPUT"",""name"":""return_forecast"",""id"":""id_return_forecast"",""type"":""text""},""ts"":""2026-01-17T21:34:32.838Z""},{""type"":""input"",""detail"":{""tag"":""INPUT"",""name"":""return_forecast"",""id"":""id_return_forecast"",""type"":""text""},""ts"":""2026-01-17T21:34:34.359Z""},{""type"":""input"",""detail"":{""tag"":""INPUT"",""name"":""return_forecast"",""id"":""id_return_forecast"",""type"":""text""},""ts"":""2026-01-17T21:34:34.975Z""},{""type"":""click"",""detail"":{""tag"":""BUTTON"",""name"":null,""id"":null,""type"":""submit""},""ts"":""2026-01-17T21:34:36.027Z""},{""type"":""form-submit"",""detail"":{},""ts"":""2026-01-17T21:34:36.033Z""}]",1.0,6.84938919260437,0.0,100.0,5.0,100.0,,0,151ug4w3,,,,,0,1,0,1.0,0,0.8726001976521415,0,,,,-0.04912479370739113,8.0,0.3978174798673002,0,0.0,-1.2392402243737397,-0.19584096503035087,7.83354759727216,5.9748227082548,9.6579869817733,16.5796106996512,6.84938919260437,-1.57410275837676,0.045922939415854604,-1.2392402243737397,-0.0,-1.2392402243737397,-0.19584096503035087,-0.0,0.0024132453567937352,21.84938919260437
337,9,hlqkfw8x,67e7cfd17a7062da8a273fbf,0,52,52,post_exp,FinalForProlific,2026-01-17 21:23:02.043408,1,,,115.94,9,,103.42,1.3019253188714883,,control,,0.0,14,1,-1.0,,free_data,50.0,8.0,"[{""type"":""page-load"",""detail"":{""path"":""/p/hlqkfw8x/main/Trade/42""},""ts"":""2026-01-17T21:39:28.205Z""},{""type"":""click"",""detail"":{""tag"":""INPUT"",""name"":""investment_amount"",""id"":""id_investment_amount"",""type"":""text""},""ts"":""2026-01-17T21:39:54.775Z""},{""type"":""input"",""detail"":{""tag"":""INPUT"",""name"":""investment_amount"",""id"":""id_investment_amount"",""type"":""text""},""ts"":""2026-01-17T21:39:55.831Z""},{""type"":""click"",""detail"":{""tag"":""INPUT"",""name"":""imbalance_informative"",""id"":""id_imbalance_informative-0"",""type"":""radio""},""ts"":""2026-01-17T21:39:56.849Z""},{""type"":""input"",""detail"":{""tag"":""INPUT"",""name"":""imbalance_informative"",""id"":""id_imbalance_informative-0"",""type"":""radio""},""ts"":""2026-01-17T21:39:56.849Z""},{""type"":""click"",""detail"":{""tag"":""INPUT"",""name"":""return_forecast"",""id"":""id_return_forecast"",""type"":""text""},""ts"":""2026-01-17T21:40:06.444Z""},{""type"":""input"",""detail"":{""tag"":""INPUT"",""name"":""return_forecast"",""id"":""id_return_forecast"",""type"":""text""},""ts"":""2026-01-17T21:40:08.313Z""},{""type"":""click"",""detail"":{""tag"":""BUTTON"",""name"":null,""id"":null,""type"":""submit""},""ts"":""2026-01-17T21:40:09.032Z""},{""type"":""form-submit"",""detail"":{},""ts"":""2026-01-17T21:40:09.037Z""}]",1.0,6.84938919260437,0.0,103.42,5.0,103.42,,0,151ug4w3,,,,,0,0,0,-0.0,0,-0.08726001976521408,1,0.0,1.1308981144617785,0.0,-0.5894975244886941,5.0,-0.16682668510564172,0,0.5,-1.2392402243737397,-0.19584096503035087,7.83354759727216,5.9748227082548,9.6579869817733,16.5796106996512,6.84938919260437,-1.57410275837676,0.045922939415854604,0.0,-0.0,-0.0,0.0,-0.0,0.3475073313782985,1.1506108073956298
338,10,miej8bbr,67730320948951ecb761b3f2,0,52,52,post_exp,FinalForProlific,2026-01-17 21:23:16.323182,1,,,104.87,10,,102.74,1.3019253188714883,,treatment,,0.0,14,1,1.0,,free_data,40.0,5.0,"[{""type"":""page-load"",""detail"":{""path"":""/p/miej8bbr/main/Trade/42""},""ts"":""2026-01-17T21:35:04.420Z""},{""type"":""window-blur"",""detail"":{},""ts"":""2026-01-17T21:35:09.879Z""},{""type"":""window-focus"",""detail"":{},""ts"":""2026-01-17T21:35:32.172Z""},{""type"":""click"",""detail"":{""tag"":""INPUT"",""name"":""investment_amount"",""id"":""id_investment_amount"",""type"":""text""},""ts"":""2026-01-17T21:35:32.274Z""},{""type"":""input"",""detail"":{""tag"":""INPUT"",""name"":""investment_amount"",""id"":""id_investment_amount"",""type"":""text""},""ts"":""2026-01-17T21:35:32.852Z""},{""type"":""click"",""detail"":{""tag"":""INPUT"",""name"":""return_forecast"",""id"":""id_return_forecast"",""type"":""text""},""ts"":""2026-01-17T21:35:33.957Z""},{""type"":""input"",""detail"":{""tag"":""INPUT"",""name"":""return_forecast"",""id"":""id_return_forecast"",""type"":""text""},""ts"":""2026-01-17T21:35:34.271Z""},{""type"":""click"",""detail"":{""tag"":""INPUT"",""name"":""imbalance_informative"",""id"":""id_imbalance_informative-0"",""type"":""radio""},""ts"":""2026-01-17T21:35:36.598Z""},{""type"":""input"",""detail"":{""tag"":""INPUT"",""name"":""imbalance_informative"",""id"":""id_imbalance_informative-0"",""type"":""radio""},""ts"":""2026-01-17T21:35:36.598Z""},{""type"":""click"",""detail"":{""tag"":""BUTTON"",""name"":null,""id"":null,""type"":""submit""},""ts"":""2026-01-17T21:35:37.138Z""},{""type"":""form-submit"",""detail"":{},""ts"":""2026-01-17T21:35:37.139Z""}]",1.0,6.84938919260437,0.0,102.74,1.0,102.74,,0,151ug4w3,,,,,0,1,0,1.0,0,1.3525303063608196,0,1.0,-0.6470914344781303,1.0,-1.129870255269997,6.0,-0.8020513707002012,0,0.4,-1.2392402243737397,-0.19584096503035087,7.83354759727216,5.9748227082548,9.6579869817733,16.5796106996512,6.84938919260437,-1.57410275837676,0.045922939415854604,-1.2392402243737397,-0.0,-1.2392402243737397,-0.19584096503035087,-0.0,1.2766067937438883,1.8493891926043702
339,11,i76mujh9,5b99663d4cefb60001e7a214,0,49,52,post_exp,Demographics,2026-01-17 21:24:20.177255,1,,,1203.53,11,,101.0,1.3019253188714883,,treatment,,0.0,6,1,1.0,,free_data,0.0,3.5,"[{""type"":""page-load"",""detail"":{""path"":""/p/i76mujh9/main/Trade/42""},""ts"":""2026-01-17T21:42:29.153Z""},{""type"":""click"",""detail"":{""tag"":""INPUT"",""name"":""investment_amount"",""id"":""id_investment_amount"",""type"":""text""},""ts"":""2026-01-17T21:42:44.321Z""},{""type"":""input"",""detail"":{""tag"":""INPUT"",""name"":""investment_amount"",""id"":""id_investment_amount"",""type"":""text""},""ts"":""2026-01-17T21:42:45.318Z""},{""type"":""click"",""detail"":{""tag"":""INPUT"",""name"":""imbalance_informative"",""id"":""id_imbalance_informative-1"",""type"":""radio""},""ts"":""2026-01-17T21:42:49.103Z""},{""type"":""input"",""detail"":{""tag"":""INPUT"",""name"":""imbalance_informative"",""id"":""id_imbalance_informative-1"",""type"":""radio""},""ts"":""2026-01-17T21:42:49.103Z""},{""type"":""click"",""detail"":{""tag"":""INPUT"",""name"":""return_forecast"",""id"":""id_return_forecast"",""type"":""text""},""ts"":""2026-01-17T21:42:52.981Z""},{""type"":""input"",""detail"":{""tag"":""INPUT"",""name"":""return_forecast"",""id"":""id_return_forecast"",""type"":""text""},""ts"":""2026-01-17T21:42:55.213Z""},{""type"":""input"",""detail"":{""tag"":""INPUT"",""name"":""return_forecast"",""id"":""id_return_forecast"",""type"":""text""},""ts"":""2026-01-17T21:42:56.078Z""},{""type"":""click"",""detail"":{""tag"":""BUTTON"",""name"":null,""id"":null,""type"":""submit""},""ts"":""2026-01-17T21:42:56.548Z""},{""type"":""form-submit"",""detail"":{},""ts"":""2026-01-17T21:42:56.550Z""}]",0.0,6.84938919260437,0.0,100.0,7.0,101.0,,0,151ug4w3,,,,,0,1,0,1.0,0,-0.5671901284738922,0,,,,-1.129870255269997,7.0,1.0330421654618591,0,0.0,-1.2392402243737397,-0.19584096503035087,7.83354759727216,5.9748227082548,9.6579869817733,16.5796106996512,6.84938919260437,-1.57410275837676,0.045922939415854604,-1.2392402243737397,-0.0,-1.2392402243737397,-0.19584096503035087,-0.0,1.2766067937438883,3.34938919260437
340,12,rnucedhy,5a9fa90f873cda00010d29d8,0,52,52,post_exp,FinalForProlific,2026-01-17 21:24:40.341139,1,,,110.42,12,,105.48,1.3019253188714883,,treatment,,0.0,14,1,0.0,,free_data,80.0,20.0,"[{""type"":""page-load"",""detail"":{""path"":""/p/rnucedhy/main/Trade/42""},""ts"":""2026-01-17T21:40:46.198Z""},{""type"":""click"",""detail"":{""tag"":""INPUT"",""name"":""investment_amount"",""id"":""id_investment_amount"",""type"":""text""},""ts"":""2026-01-17T21:40:47.799Z""},{""type"":""input"",""detail"":{""tag"":""INPUT"",""name"":""investment_amount"",""id"":""id_investment_amount"",""type"":""text""},""ts"":""2026-01-17T21:40:48.725Z""},{""type"":""click"",""detail"":{""tag"":""INPUT"",""name"":""imbalance_informative"",""id"":""id_imbalance_informative-0"",""type"":""radio""},""ts"":""2026-01-17T21:40:53.820Z""},{""type"":""input"",""detail"":{""tag"":""INPUT"",""name"":""imbalance_informative"",""id"":""id_imbalance_informative-0"",""type"":""radio""},""ts"":""2026-01-17T21:40:53.820Z""},{""type"":""click"",""detail"":{""tag"":""INPUT"",""name"":""return_forecast"",""id"":""id_return_forecast"",""type"":""text""},""ts"":""2026-01-17T21:40:54.715Z""},{""type"":""input"",""detail"":{""tag"":""INPUT"",""name"":""return_forecast"",""id"":""id_return_forecast"",""type"":""text""},""ts"":""2026-01-17T21:40:55.331Z""},{""type"":""click"",""detail"":{""tag"":""BUTTON"",""name"":null,""id"":null,""type"":""submit""},""ts"":""2026-01-17T21:40:57.469Z""},{""type"":""form-submit"",""detail"":{},""ts"":""2026-01-17T21:40:57.470Z""}]",1.0,6.84938919260437,0.0,105.48,4.0,105.48,,0,151ug4w3,,,,,0,1,0,0.0,0,-0.5671901284738922,0,0.0,-1.070422279463823,1.0,-1.129870255269997,9.0,1.8800084129212717,0,0.8,-1.2392402243737397,-0.19584096503035087,7.83354759727216,5.9748227082548,9.6579869817733,16.5796106996512,6.84938919260437,-1.57410275837676,0.045922939415854604,-0.0,-0.0,-1.2392402243737397,-0.0,-0.0,1.2766067937438883,13.15061080739563
341,13,0agbbz6t,64e6b4025cbe79c020343121,0,52,52,post_exp,FinalForProlific,2026-01-17 21:25:07.530984,1,,,107.83,13,,105.48,1.3019253188714883,,control,,0.0,9,1,-1.0,,free_data,80.0,15.0,"[{""type"":""page-load"",""detail"":{""path"":""/p/0agbbz6t/main/Trade/42""},""ts"":""2026-01-17T21:33:50.624Z""},{""type"":""click"",""detail"":{""tag"":""INPUT"",""name"":""investment_amount"",""id"":""id_investment_amount"",""type"":""text""},""ts"":""2026-01-17T21:33:54.787Z""},{""type"":""input"",""detail"":{""tag"":""INPUT"",""name"":""investment_amount"",""id"":""id_investment_amount"",""type"":""text""},""ts"":""2026-01-17T21:33:55.537Z""},{""type"":""click"",""detail"":{""tag"":""LABEL"",""name"":null,""id"":null,""type"":null},""ts"":""2026-01-17T21:33:57.145Z""},{""type"":""click"",""detail"":{""tag"":""INPUT"",""name"":""imbalance_informative"",""id"":""id_imbalance_informative-0"",""type"":""radio""},""ts"":""2026-01-17T21:33:57.146Z""},{""type"":""input"",""detail"":{""tag"":""INPUT"",""name"":""imbalance_informative"",""id"":""id_imbalance_informative-0"",""type"":""radio""},""ts"":""2026-01-17T21:33:57.147Z""},{""type"":""click"",""detail"":{""tag"":""INPUT"",""name"":""return_forecast"",""id"":""id_return_forecast"",""type"":""text""},""ts"":""2026-01-17T21:33:57.572Z""},{""type"":""input"",""detail"":{""tag"":""INPUT"",""name"":""return_forecast"",""id"":""id_return_forecast"",""type"":""text""},""ts"":""2026-01-17T21:33:58.011Z""},{""type"":""click"",""detail"":{""tag"":""BUTTON"",""name"":null,""id"":null,""type"":""submit""},""ts"":""2026-01-17T21:33:59.150Z""},{""type"":""form-submit"",""detail"":{},""ts"":""2026-01-17T21:33:59.151Z""}]",1.0,6.84938919260437,0.0,105.48,5.0,105.48,,0,151ug4w3,,,,,0,0,0,-0.0,0,-1.0471202371825696,0,1.0,0.19957025549325483,1.0,-0.5894975244886941,9.0,2.23291101602936,0,0.8,-1.2392402243737397,-0.19584096503035087,7.83354759727216,5.9748227082548,9.6579869817733,16.5796106996512,6.84938919260437,-1.57410275837676,0.045922939415854604,0.0,-0.0,-0.0,0.0,-0.0,0.3475073313782985,8.15061080739563
342,14,vyd28ofr,66e74ca113f609cd2a13df59,0,52,52,post_exp,FinalForProlific,2026-01-17 21:25:37.276893,1,,,126.77,14,,104.79,1.3019253188714883,,treatment,,0.0,11,1,1.0,,free_data,70.0,15.0,"[{""type"":""page-load"",""detail"":{""path"":""/p/vyd28ofr/main/Trade/42""},""ts"":""2026-01-17T21:37:16.166Z""},{""type"":""click"",""detail"":{""tag"":""INPUT"",""name"":""investment_amount"",""id"":""id_investment_amount"",""type"":""text""},""ts"":""2026-01-17T21:37:30.193Z""},{""type"":""input"",""detail"":{""tag"":""INPUT"",""name"":""investment_amount"",""id"":""id_investment_amount"",""type"":""text""},""ts"":""2026-01-17T21:37:31.737Z""},{""type"":""click"",""detail"":{""tag"":""LABEL"",""name"":null,""id"":null,""type"":null},""ts"":""2026-01-17T21:37:33.089Z""},{""type"":""click"",""detail"":{""tag"":""INPUT"",""name"":""imbalance_informative"",""id"":""id_imbalance_informative-0"",""type"":""radio""},""ts"":""2026-01-17T21:37:33.089Z""},{""type"":""input"",""detail"":{""tag"":""INPUT"",""name"":""imbalance_informative"",""id"":""id_imbalance_informative-0"",""type"":""radio""},""ts"":""2026-01-17T21:37:33.090Z""},{""type"":""click"",""detail"":{""tag"":""INPUT"",""name"":""return_forecast"",""id"":""id_return_forecast"",""type"":""text""},""ts"":""2026-01-17T21:37:34.012Z""},{""type"":""input"",""detail"":{""tag"":""INPUT"",""name"":""return_forecast"",""id"":""id_return_forecast"",""type"":""text""},""ts"":""2026-01-17T21:37:35.876Z""},{""type"":""input"",""detail"":{""tag"":""INPUT"",""name"":""return_forecast"",""id"":""id_return_forecast"",""type"":""text""},""ts"":""2026-01-17T21:37:36.607Z""},{""type"":""click"",""detail"":{""tag"":""BUTTON"",""name"":null,""id"":null,""type"":""submit""},""ts"":""2026-01-17T21:37:37.065Z""},{""type"":""form-submit"",""detail"":{},""ts"":""2026-01-17T21:37:37.070Z""}]",1.0,6.84938919260437,0.0,104.79,5.0,104.79,,0,151ug4w3,,,,,0,1,0,1.0,0,0.392670088943464,0,0.0,0.9615657764675015,1.0,-0.04912479370739113,5.0,-0.5197292882137304,0,0.7,-1.2392402243737397,-0.19584096503035087,7.83354759727216,5.9748227082548,9.6579869817733,16.5796106996512,6.84938919260437,-1.57410275837676,0.045922939415854604,-1.2392402243737397,-0.0,-1.2392402243737397,-0.19584096503035087,-0.0,0.0024132453567937352,8.15061080739563
343,15,p639azxy,6965b338f069222c10b2bdc9,0,52,52,post_exp,FinalForProlific,2026-01-17 21:26:31.341396,1,,,118.08,15,,104.11,1.3019253188714883,,treatment,,0.0,9,1,1.0,,free_data,60.0,10.0,"[{""type"":""page-load"",""detail"":{""path"":""/p/p639azxy/main/Trade/42""},""ts"":""2026-01-17T21:40:56.295Z""},{""type"":""click"",""detail"":{""tag"":""INPUT"",""name"":""investment_amount"",""id"":""id_investment_amount"",""type"":""text""},""ts"":""2026-01-17T21:41:05.485Z""},{""type"":""input"",""detail"":{""tag"":""INPUT"",""name"":""investment_amount"",""id"":""id_investment_amount"",""type"":""text""},""ts"":""2026-01-17T21:41:07.128Z""},{""type"":""input"",""detail"":{""tag"":""INPUT"",""name"":""investment_amount"",""id"":""id_investment_amount"",""type"":""text""},""ts"":""2026-01-17T21:41:08.058Z""},{""type"":""input"",""detail"":{""tag"":""INPUT"",""name"":""investment_amount"",""id"":""id_investment_amount"",""type"":""text""},""ts"":""2026-01-17T21:41:08.626Z""},{""type"":""click"",""detail"":{""tag"":""LABEL"",""name"":null,""id"":null,""type"":null},""ts"":""2026-01-17T21:41:10.054Z""},{""type"":""click"",""detail"":{""tag"":""INPUT"",""name"":""imbalance_informative"",""id"":""id_imbalance_informative-0"",""type"":""radio""},""ts"":""2026-01-17T21:41:10.056Z""},{""type"":""input"",""detail"":{""tag"":""INPUT"",""name"":""imbalance_informative"",""id"":""id_imbalance_informative-0"",""type"":""radio""},""ts"":""2026-01-17T21:41:10.056Z""},{""type"":""click"",""detail"":{""tag"":""INPUT"",""name"":""return_forecast"",""id"":""id_return_forecast"",""type"":""text""},""ts"":""2026-01-17T21:41:13.297Z""},{""type"":""input"",""detail"":{""tag"":""INPUT"",""name"":""return_forecast"",""id"":""id_return_forecast"",""type"":""text""},""ts"":""2026-01-17T21:41:15.168Z""},{""type"":""click"",""detail"":{""tag"":""BUTTON"",""name"":null,""id"":null,""type"":""submit""},""ts"":""2026-01-17T21:41:15.876Z""},{""type"":""form-submit"",""detail"":{},""ts"":""2026-01-17T21:41:15.877Z""}]",1.0,6.84938919260437,0.0,104.11,5.0,104.11,,0,151ug4w3,,,,,0,1,0,1.0,0,-0.08726001976521408,1,0.0,-0.3930929274867148,1.0,-0.04912479370739113,6.0,0.25665643862406434,0,0.6,-1.2392402243737397,-0.19584096503035087,7.83354759727216,5.9748227082548,9.6579869817733,16.5796106996512,6.84938919260437,-1.57410275837676,0.045922939415854604,-1.2392402243737397,-0.0,-1.2392402243737397,-0.19584096503035087,-0.0,0.0024132453567937352,3.15061080739563
344,16,sw8lem34,677346f91e35f1cb1e647c34,0,49,52,post_exp,Demographics,2026-01-17 21:26:45.318628,1,,,1199.47,16,,103.08,1.3019253188714883,,treatment,,0.0,9,1,1.0,,free_data,45.0,20.0,"[{""type"":""page-load"",""detail"":{""path"":""/p/sw8lem34/main/Trade/42""},""ts"":""2026-01-17T21:40:12.679Z""},{""type"":""click"",""detail"":{""tag"":""INPUT"",""name"":""investment_amount"",""id"":""id_investment_amount"",""type"":""text""},""ts"":""2026-01-17T21:40:30.975Z""},{""type"":""input"",""detail"":{""tag"":""INPUT"",""name"":""investment_amount"",""id"":""id_investment_amount"",""type"":""text""},""ts"":""2026-01-17T21:40:34.525Z""},{""type"":""click"",""detail"":{""tag"":""INPUT"",""name"":""imbalance_informative"",""id"":""id_imbalance_informative-0"",""type"":""radio""},""ts"":""2026-01-17T21:40:36.046Z""},{""type"":""input"",""detail"":{""tag"":""INPUT"",""name"":""imbalance_informative"",""id"":""id_imbalance_informative-0"",""type"":""radio""},""ts"":""2026-01-17T21:40:36.046Z""},{""type"":""click"",""detail"":{""tag"":""INPUT"",""name"":""return_forecast"",""id"":""id_return_forecast"",""type"":""text""},""ts"":""2026-01-17T21:40:36.806Z""},{""type"":""input"",""detail"":{""tag"":""INPUT"",""name"":""return_forecast"",""id"":""id_return_forecast"",""type"":""text""},""ts"":""2026-01-17T21:40:38.376Z""},{""type"":""click"",""detail"":{""tag"":""BUTTON"",""name"":null,""id"":null,""type"":""submit""},""ts"":""2026-01-17T21:40:39.615Z""},{""type"":""form-submit"",""detail"":{},""ts"":""2026-01-17T21:40:39.621Z""}]",1.0,6.84938919260437,0.0,103.08,5.0,103.08,,0,151ug4w3,,,,,0,1,0,1.0,0,0.392670088943464,0,,,,-0.04912479370739113,5.0,-0.5197292882137304,0,0.45,-1.2392402243737397,-0.19584096503035087,7.83354759727216,5.9748227082548,9.6579869817733,16.5796106996512,6.84938919260437,-1.57410275837676,0.045922939415854604,-1.2392402243737397,-0.0,-1.2392402243737397,-0.19584096503035087,-0.0,0.0024132453567937352,13.15061080739563
345,17,3v5sipps,695bd4f6bbdb5a636882ce78,0,52,52,post_exp,FinalForProlific,2026-01-17 21:26:53.633718,1,,,118.89,17,,106.85,1.3019253188714883,,control,,0.0,9,1,-1.0,,free_data,100.0,10.0,"[{""type"":""page-load"",""detail"":{""path"":""/p/3v5sipps/main/Trade/42""},""ts"":""2026-01-17T21:35:52.310Z""},{""type"":""click"",""detail"":{""tag"":""INPUT"",""name"":""investment_amount"",""id"":""id_investment_amount"",""type"":""text""},""ts"":""2026-01-17T21:36:02.121Z""},{""type"":""right-click"",""detail"":{""x"":365.265625,""y"":546.06640625,""target"":""INPUT""},""ts"":""2026-01-17T21:36:02.957Z""},{""type"":""contextmenu"",""detail"":{""x"":365,""y"":546,""target"":""INPUT""},""ts"":""2026-01-17T21:36:02.957Z""},{""type"":""input"",""detail"":{""tag"":""INPUT"",""name"":""investment_amount"",""id"":""id_investment_amount"",""type"":""text""},""ts"":""2026-01-17T21:36:05.010Z""},{""type"":""click"",""detail"":{""tag"":""INPUT"",""name"":""imbalance_informative"",""id"":""id_imbalance_informative-0"",""type"":""radio""},""ts"":""2026-01-17T21:36:06.571Z""},{""type"":""input"",""detail"":{""tag"":""INPUT"",""name"":""imbalance_informative"",""id"":""id_imbalance_informative-0"",""type"":""radio""},""ts"":""2026-01-17T21:36:06.571Z""},{""type"":""click"",""detail"":{""tag"":""INPUT"",""name"":""return_forecast"",""id"":""id_return_forecast"",""type"":""text""},""ts"":""2026-01-17T21:36:07.922Z""},{""type"":""input"",""detail"":{""tag"":""INPUT"",""name"":""return_forecast"",""id"":""id_return_forecast"",""type"":""text""},""ts"":""2026-01-17T21:36:08.043Z""},{""type"":""click"",""detail"":{""tag"":""BUTTON"",""name"":null,""id"":null,""type"":""submit""},""ts"":""2026-01-17T21:36:09.138Z""},{""type"":""form-submit"",""detail"":{},""ts"":""2026-01-17T21:36:09.139Z""}]",1.0,6.84938919260437,0.0,106.85,5.0,106.85,,0,151ug4w3,,,,,0,0,0,-0.0,0,-1.5270503458912477,0,0.0,0.36890259348753185,0.0,-0.5894975244886941,3.0,0.04491487675921132,0,1.0,-1.2392402243737397,-0.19584096503035087,7.83354759727216,5.9748227082548,9.6579869817733,16.5796106996512,6.84938919260437,-1.57410275837676,0.045922939415854604,0.0,-0.0,-0.0,0.0,-0.0,0.3475073313782985,3.15061080739563
346,19,6xawj670,69419dd351c8c6866590c254,0,52,52,post_exp,FinalForProlific,2026-01-17 21:28:19.710613,1,,,104.78,19,,102.37,1.3019253188714883,,treatment,,0.0,6,1,0.0,,free_data,20.0,40.0,"[{""type"":""page-load"",""detail"":{""path"":""/p/6xawj670/main/Trade/42""},""ts"":""2026-01-17T22:10:59.560Z""},{""type"":""click"",""detail"":{""tag"":""INPUT"",""name"":""investment_amount"",""id"":""id_investment_amount"",""type"":""text""},""ts"":""2026-01-17T22:11:01.206Z""},{""type"":""input"",""detail"":{""tag"":""INPUT"",""name"":""investment_amount"",""id"":""id_investment_amount"",""type"":""text""},""ts"":""2026-01-17T22:11:02.237Z""},{""type"":""input"",""detail"":{""tag"":""INPUT"",""name"":""investment_amount"",""id"":""id_investment_amount"",""type"":""text""},""ts"":""2026-01-17T22:11:02.917Z""},{""type"":""click"",""detail"":{""tag"":""INPUT"",""name"":""return_forecast"",""id"":""id_return_forecast"",""type"":""text""},""ts"":""2026-01-17T22:11:04.014Z""},{""type"":""input"",""detail"":{""tag"":""INPUT"",""name"":""return_forecast"",""id"":""id_return_forecast"",""type"":""text""},""ts"":""2026-01-17T22:11:04.853Z""},{""type"":""click"",""detail"":{""tag"":""INPUT"",""name"":""imbalance_informative"",""id"":""id_imbalance_informative-1"",""type"":""radio""},""ts"":""2026-01-17T22:11:08.677Z""},{""type"":""input"",""detail"":{""tag"":""INPUT"",""name"":""imbalance_informative"",""id"":""id_imbalance_informative-1"",""type"":""radio""},""ts"":""2026-01-17T22:11:08.677Z""},{""type"":""click"",""detail"":{""tag"":""BUTTON"",""name"":null,""id"":null,""type"":""submit""},""ts"":""2026-01-17T22:11:09.248Z""},{""type"":""form-submit"",""detail"":{},""ts"":""2026-01-17T22:11:09.249Z""}]",0.0,6.84938919260437,0.0,101.37,2.0,102.37,,0,151ug4w3,,,,,0,1,0,0.0,0,-0.5671901284738922,0,0.0,-1.7477516314409312,0.0,-0.5894975244886941,4.0,-0.23740720572725918,0,0.2,-1.2392402243737397,-0.19584096503035087,7.83354759727216,5.9748227082548,9.6579869817733,16.5796106996512,6.84938919260437,-1.57410275837676,0.045922939415854604,-0.0,-0.0,-1.2392402243737397,-0.0,-0.0,0.3475073313782985,33.15061080739563
347,20,cx4xx3np,61576d2fde97a7adb4b6a193,0,49,52,post_exp,Demographics,2026-01-17 21:28:27.073012,1,,,1213.01,20,,102.74,1.3019253188714883,,treatment,,0.0,12,1,1.0,,free_data,40.0,4.0,"[{""type"":""page-load"",""detail"":{""path"":""/p/cx4xx3np/main/Trade/42""},""ts"":""2026-01-17T21:40:16.237Z""},{""type"":""click"",""detail"":{""tag"":""INPUT"",""name"":""investment_amount"",""id"":""id_investment_amount"",""type"":""text""},""ts"":""2026-01-17T21:40:34.101Z""},{""type"":""input"",""detail"":{""tag"":""INPUT"",""name"":""investment_amount"",""id"":""id_investment_amount"",""type"":""text""},""ts"":""2026-01-17T21:40:34.845Z""},{""type"":""click"",""detail"":{""tag"":""INPUT"",""name"":""imbalance_informative"",""id"":""id_imbalance_informative-0"",""type"":""radio""},""ts"":""2026-01-17T21:40:36.016Z""},{""type"":""input"",""detail"":{""tag"":""INPUT"",""name"":""imbalance_informative"",""id"":""id_imbalance_informative-0"",""type"":""radio""},""ts"":""2026-01-17T21:40:36.016Z""},{""type"":""click"",""detail"":{""tag"":""INPUT"",""name"":""return_forecast"",""id"":""id_return_forecast"",""type"":""text""},""ts"":""2026-01-17T21:40:37.410Z""},{""type"":""input"",""detail"":{""tag"":""INPUT"",""name"":""return_forecast"",""id"":""id_return_forecast"",""type"":""text""},""ts"":""2026-01-17T21:40:39.242Z""},{""type"":""click"",""detail"":{""tag"":""BUTTON"",""name"":null,""id"":null,""type"":""submit""},""ts"":""2026-01-17T21:40:39.685Z""},{""type"":""form-submit"",""detail"":{},""ts"":""2026-01-17T21:40:39.699Z""}]",1.0,6.84938919260437,0.0,102.74,5.0,102.74,,0,151ug4w3,,,,,0,1,0,1.0,0,-1.0471202371825696,0,,,,1.5719933986365178,7.0,1.3859447685699473,0,0.4,-1.2392402243737397,-0.19584096503035087,7.83354759727216,5.9748227082548,9.6579869817733,16.5796106996512,6.84938919260437,-1.57410275837676,0.045922939415854604,-1.2392402243737397,-0.0,-1.2392402243737397,-0.19584096503035087,-0.0,2.4711632453567898,2.84938919260437
348,22,gi3vvfez,676e6f5eb2e5690f74382e58,0,52,52,post_exp,FinalForProlific,2026-01-17 21:30:49.464898,1,,,114.35,22,,107.85,1.3019253188714883,,treatment,,0.0,13,1,0.0,,free_data,100.0,17.0,"[{""type"":""page-load"",""detail"":{""path"":""/p/gi3vvfez/main/Trade/42""},""ts"":""2026-01-17T21:47:46.714Z""},{""type"":""click"",""detail"":{""tag"":""INPUT"",""name"":""imbalance_informative"",""id"":""id_imbalance_informative-1"",""type"":""radio""},""ts"":""2026-01-17T21:48:09.453Z""},{""type"":""input"",""detail"":{""tag"":""INPUT"",""name"":""imbalance_informative"",""id"":""id_imbalance_informative-1"",""type"":""radio""},""ts"":""2026-01-17T21:48:09.453Z""},{""type"":""click"",""detail"":{""tag"":""INPUT"",""name"":""investment_amount"",""id"":""id_investment_amount"",""type"":""text""},""ts"":""2026-01-17T21:48:09.981Z""},{""type"":""input"",""detail"":{""tag"":""INPUT"",""name"":""investment_amount"",""id"":""id_investment_amount"",""type"":""text""},""ts"":""2026-01-17T21:48:12.485Z""},{""type"":""click"",""detail"":{""tag"":""INPUT"",""name"":""return_forecast"",""id"":""id_return_forecast"",""type"":""text""},""ts"":""2026-01-17T21:48:14.909Z""},{""type"":""input"",""detail"":{""tag"":""INPUT"",""name"":""return_forecast"",""id"":""id_return_forecast"",""type"":""text""},""ts"":""2026-01-17T21:48:15.530Z""},{""type"":""click"",""detail"":{""tag"":""BUTTON"",""name"":null,""id"":null,""type"":""submit""},""ts"":""2026-01-17T21:48:17.216Z""},{""type"":""form-submit"",""detail"":{},""ts"":""2026-01-17T21:48:17.218Z""}]",0.0,6.84938919260437,0.0,106.85,3.0,107.85,,0,151ug4w3,,,,,0,1,0,0.0,0,0.392670088943464,0,0.0,0.36890259348753185,0.0,0.4912479370739118,3.0,-1.366695535673143,0,1.0,-1.2392402243737397,-0.19584096503035087,7.83354759727216,5.9748227082548,9.6579869817733,16.5796106996512,6.84938919260437,-1.57410275837676,0.045922939415854604,-0.0,-0.0,-1.2392402243737397,-0.0,-0.0,0.241324535679374,10.15061080739563
349,24,1li97jle,563f734bcbd4c60005dc9442,0,49,52,post_exp,Demographics,2026-01-17 21:34:31.158499,1,,,1302.85,24,,108.85,1.3019253188714883,,treatment,,0.0,10,1,0.0,,free_data,100.0,6.0,"[{""type"":""page-load"",""detail"":{""path"":""/p/1li97jle/main/Trade/42""},""ts"":""2026-01-17T21:41:20.185Z""},{""type"":""click"",""detail"":{""tag"":""INPUT"",""name"":""investment_amount"",""id"":""id_investment_amount"",""type"":""text""},""ts"":""2026-01-17T21:41:23.495Z""},{""type"":""input"",""detail"":{""tag"":""INPUT"",""name"":""investment_amount"",""id"":""id_investment_amount"",""type"":""text""},""ts"":""2026-01-17T21:41:24.245Z""},{""type"":""click"",""detail"":{""tag"":""INPUT"",""name"":""imbalance_informative"",""id"":""id_imbalance_informative-1"",""type"":""radio""},""ts"":""2026-01-17T21:41:25.140Z""},{""type"":""input"",""detail"":{""tag"":""INPUT"",""name"":""imbalance_informative"",""id"":""id_imbalance_informative-1"",""type"":""radio""},""ts"":""2026-01-17T21:41:25.141Z""},{""type"":""click"",""detail"":{""tag"":""INPUT"",""name"":""return_forecast"",""id"":""id_return_forecast"",""type"":""text""},""ts"":""2026-01-17T21:41:26.027Z""},{""type"":""input"",""detail"":{""tag"":""INPUT"",""name"":""return_forecast"",""id"":""id_return_forecast"",""type"":""text""},""ts"":""2026-01-17T21:41:27.334Z""},{""type"":""click"",""detail"":{""tag"":""BUTTON"",""name"":null,""id"":null,""type"":""submit""},""ts"":""2026-01-17T21:41:27.946Z""},{""type"":""form-submit"",""detail"":{},""ts"":""2026-01-17T21:41:27.949Z""}]",0.0,6.84938919260437,0.0,106.85,4.0,108.85,,0,151ug4w3,,,,,0,1,0,0.0,0,0.392670088943464,0,,,,-1.129870255269997,7.0,0.3272369592456818,0,1.0,-1.2392402243737397,-0.19584096503035087,7.83354759727216,5.9748227082548,9.6579869817733,16.5796106996512,6.84938919260437,-1.57410275837676,0.045922939415854604,-0.0,-0.0,-1.2392402243737397,-0.0,-0.0,1.2766067937438883,0.8493891926043702
350,26,8vxh54dk,672eda41e28ba46f845249df,0,52,52,post_exp,FinalForProlific,2026-01-17 21:37:19.026422,1,,,108.92,26,,104.42,1.3019253188714883,,treatment,,0.0,6,1,0.0,,free_data,50.0,10.0,"[{""type"":""page-load"",""detail"":{""path"":""/p/8vxh54dk/main/Trade/42""},""ts"":""2026-01-17T21:51:21.595Z""},{""type"":""right-click"",""detail"":{""x"":950,""y"":522,""target"":""IMG""},""ts"":""2026-01-17T21:51:22.494Z""},{""type"":""contextmenu"",""detail"":{""x"":947,""y"":522,""target"":""IMG""},""ts"":""2026-01-17T21:51:22.556Z""},{""type"":""window-blur"",""detail"":{},""ts"":""2026-01-17T21:51:24.382Z""},{""type"":""visibilitychange"",""detail"":{""state"":""hidden""},""ts"":""2026-01-17T21:51:24.385Z""},{""type"":""visibilitychange"",""detail"":{""state"":""visible""},""ts"":""2026-01-17T21:51:45.656Z""},{""type"":""window-focus"",""detail"":{},""ts"":""2026-01-17T21:51:45.662Z""},{""type"":""click"",""detail"":{""tag"":""INPUT"",""name"":""investment_amount"",""id"":""id_investment_amount"",""type"":""text""},""ts"":""2026-01-17T21:51:47.548Z""},{""type"":""input"",""detail"":{""tag"":""INPUT"",""name"":""investment_amount"",""id"":""id_investment_amount"",""type"":""text""},""ts"":""2026-01-17T21:51:48.426Z""},{""type"":""click"",""detail"":{""tag"":""INPUT"",""name"":""imbalance_informative"",""id"":""id_imbalance_informative-1"",""type"":""radio""},""ts"":""2026-01-17T21:51:49.768Z""},{""type"":""input"",""detail"":{""tag"":""INPUT"",""name"":""imbalance_informative"",""id"":""id_imbalance_informative-1"",""type"":""radio""},""ts"":""2026-01-17T21:51:49.768Z""},{""type"":""click"",""detail"":{""tag"":""INPUT"",""name"":""return_forecast"",""id"":""id_return_forecast"",""type"":""text""},""ts"":""2026-01-17T21:51:50.568Z""},{""type"":""input"",""detail"":{""tag"":""INPUT"",""name"":""return_forecast"",""id"":""id_return_forecast"",""type"":""text""},""ts"":""2026-01-17T21:51:51.248Z""},{""type"":""input"",""detail"":{""tag"":""INPUT"",""name"":""return_forecast"",""id"":""id_return_forecast"",""type"":""text""},""ts"":""2026-01-17T21:51:51.753Z""},{""type"":""click"",""detail"":{""tag"":""BUTTON"",""name"":null,""id"":null,""type"":""submit""},""ts"":""2026-01-17T21:51:52.820Z""},{""type"":""form-submit"",""detail"":{},""ts"":""2026-01-17T21:51:52.820Z""}]",0.0,6.84938919260437,0.0,103.42,9.0,104.42,,0,151ug4w3,,,,,0,1,0,0.0,0,0.392670088943464,1,1.0,2.485556818415995,1.0,-1.129870255269997,8.0,0.7507200829753884,0,0.5,-1.2392402243737397,-0.19584096503035087,7.83354759727216,5.9748227082548,9.6579869817733,16.5796106996512,6.84938919260437,-1.57410275837676,0.045922939415854604,-0.0,-0.0,-1.2392402243737397,-0.0,-0.0,1.2766067937438883,3.15061080739563
351,27,iwq8bj53,6272b9dfc470a51d5fa0e6ea,0,52,52,post_exp,FinalForProlific,2026-01-17 21:42:24.321475,1,,,114.56,27,,106.85,1.3019253188714883,,treatment,,0.0,12,1,0.0,,free_data,100.0,10.0,"[{""type"":""page-load"",""detail"":{""path"":""/p/iwq8bj53/main/Trade/42""},""ts"":""2026-01-17T21:56:12.555Z""},{""type"":""click"",""detail"":{""tag"":""INPUT"",""name"":""investment_amount"",""id"":""id_investment_amount"",""type"":""text""},""ts"":""2026-01-17T21:56:31.003Z""},{""type"":""input"",""detail"":{""tag"":""INPUT"",""name"":""investment_amount"",""id"":""id_investment_amount"",""type"":""text""},""ts"":""2026-01-17T21:56:31.699Z""},{""type"":""input"",""detail"":{""tag"":""INPUT"",""name"":""investment_amount"",""id"":""id_investment_amount"",""type"":""text""},""ts"":""2026-01-17T21:56:32.324Z""},{""type"":""click"",""detail"":{""tag"":""INPUT"",""name"":""imbalance_informative"",""id"":""id_imbalance_informative-0"",""type"":""radio""},""ts"":""2026-01-17T21:56:33.388Z""},{""type"":""input"",""detail"":{""tag"":""INPUT"",""name"":""imbalance_informative"",""id"":""id_imbalance_informative-0"",""type"":""radio""},""ts"":""2026-01-17T21:56:33.388Z""},{""type"":""click"",""detail"":{""tag"":""INPUT"",""name"":""return_forecast"",""id"":""id_return_forecast"",""type"":""text""},""ts"":""2026-01-17T21:56:34.230Z""},{""type"":""input"",""detail"":{""tag"":""INPUT"",""name"":""return_forecast"",""id"":""id_return_forecast"",""type"":""text""},""ts"":""2026-01-17T21:56:34.571Z""},{""type"":""input"",""detail"":{""tag"":""INPUT"",""name"":""return_forecast"",""id"":""id_return_forecast"",""type"":""text""},""ts"":""2026-01-17T21:56:35.345Z""},{""type"":""click"",""detail"":{""tag"":""BUTTON"",""name"":null,""id"":null,""type"":""submit""},""ts"":""2026-01-17T21:56:36.576Z""},{""type"":""form-submit"",""detail"":{},""ts"":""2026-01-17T21:56:36.577Z""}]",1.0,6.84938919260437,0.0,106.85,2.0,106.85,,0,151ug4w3,,,,,0,1,0,0.0,0,0.392670088943464,0,1.0,0.4535687624846704,1.0,0.4912479370739118,7.0,0.3272369592456818,0,1.0,-1.2392402243737397,-0.19584096503035087,7.83354759727216,5.9748227082548,9.6579869817733,16.5796106996512,6.84938919260437,-1.57410275837676,0.045922939415854604,-0.0,-0.0,-1.2392402243737397,-0.0,-0.0,0.241324535679374,3.15061080739563
352,28,5uy60pw0,5d6349209b22da000117b1bd,0,52,52,post_exp,FinalForProlific,2026-01-17 21:44:53.042884,1,,,109.31,28,,107.16,1.3019253188714883,,treatment,,0.0,4,1,1.0,,free_data,90.0,18.0,"[{""type"":""page-load"",""detail"":{""path"":""/p/5uy60pw0/main/Trade/42""},""ts"":""2026-01-17T22:05:02.477Z""},{""type"":""click"",""detail"":{""tag"":""INPUT"",""name"":""imbalance_informative"",""id"":""id_imbalance_informative-1"",""type"":""radio""},""ts"":""2026-01-17T22:05:13.021Z""},{""type"":""input"",""detail"":{""tag"":""INPUT"",""name"":""imbalance_informative"",""id"":""id_imbalance_informative-1"",""type"":""radio""},""ts"":""2026-01-17T22:05:13.022Z""},{""type"":""click"",""detail"":{""tag"":""INPUT"",""name"":""return_forecast"",""id"":""id_return_forecast"",""type"":""text""},""ts"":""2026-01-17T22:05:16.703Z""},{""type"":""input"",""detail"":{""tag"":""INPUT"",""name"":""return_forecast"",""id"":""id_return_forecast"",""type"":""text""},""ts"":""2026-01-17T22:05:17.464Z""},{""type"":""input"",""detail"":{""tag"":""INPUT"",""name"":""return_forecast"",""id"":""id_return_forecast"",""type"":""text""},""ts"":""2026-01-17T22:05:18.249Z""},{""type"":""click"",""detail"":{""tag"":""INPUT"",""name"":""investment_amount"",""id"":""id_investment_amount"",""type"":""text""},""ts"":""2026-01-17T22:05:20.468Z""},{""type"":""input"",""detail"":{""tag"":""INPUT"",""name"":""investment_amount"",""id"":""id_investment_amount"",""type"":""text""},""ts"":""2026-01-17T22:05:21.645Z""},{""type"":""click"",""detail"":{""tag"":""BUTTON"",""name"":null,""id"":null,""type"":""submit""},""ts"":""2026-01-17T22:05:23.384Z""},{""type"":""form-submit"",""detail"":{},""ts"":""2026-01-17T22:05:23.385Z""}]",0.0,6.84938919260437,0.0,106.16,6.0,107.16,,0,151ug4w3,,,,,0,1,0,1.0,0,0.392670088943464,0,0.0,0.36890259348753185,0.0,-0.04912479370739113,7.0,0.3272369592456818,0,0.9,-1.2392402243737397,-0.19584096503035087,7.83354759727216,5.9748227082548,9.6579869817733,16.5796106996512,6.84938919260437,-1.57410275837676,0.045922939415854604,-1.2392402243737397,-0.0,-1.2392402243737397,-0.19584096503035087,-0.0,0.0024132453567937352,11.15061080739563
353,29,r8rvnx27,60e769ec9858960e8ad00886,0,52,52,post_exp,FinalForProlific,2026-01-17 21:45:48.803289,1,,,114.24,29,,107.85,1.3019253188714883,,control,,0.0,4,1,-1.0,,free_data,100.0,10.0,"[{""type"":""page-load"",""detail"":{""path"":""/p/r8rvnx27/main/Trade/42""},""ts"":""2026-01-17T22:00:23.172Z""},{""type"":""click"",""detail"":{""tag"":""INPUT"",""name"":""imbalance_informative"",""id"":""id_imbalance_informative-1"",""type"":""radio""},""ts"":""2026-01-17T22:00:50.890Z""},{""type"":""input"",""detail"":{""tag"":""INPUT"",""name"":""imbalance_informative"",""id"":""id_imbalance_informative-1"",""type"":""radio""},""ts"":""2026-01-17T22:00:50.890Z""},{""type"":""click"",""detail"":{""tag"":""INPUT"",""name"":""investment_amount"",""id"":""id_investment_amount"",""type"":""text""},""ts"":""2026-01-17T22:00:54.106Z""},{""type"":""input"",""detail"":{""tag"":""INPUT"",""name"":""investment_amount"",""id"":""id_investment_amount"",""type"":""text""},""ts"":""2026-01-17T22:01:05.142Z""},{""type"":""click"",""detail"":{""tag"":""INPUT"",""name"":""return_forecast"",""id"":""id_return_forecast"",""type"":""text""},""ts"":""2026-01-17T22:01:06.706Z""},{""type"":""input"",""detail"":{""tag"":""INPUT"",""name"":""return_forecast"",""id"":""id_return_forecast"",""type"":""text""},""ts"":""2026-01-17T22:01:07.234Z""},{""type"":""input"",""detail"":{""tag"":""INPUT"",""name"":""return_forecast"",""id"":""id_return_forecast"",""type"":""text""},""ts"":""2026-01-17T22:01:07.736Z""},{""type"":""click"",""detail"":{""tag"":""BUTTON"",""name"":null,""id"":null,""type"":""submit""},""ts"":""2026-01-17T22:01:09.305Z""},{""type"":""form-submit"",""detail"":{},""ts"":""2026-01-17T22:01:09.310Z""}]",0.0,6.84938919260437,0.0,106.85,11.0,107.85,,0,151ug4w3,,,,,0,0,0,-0.0,0,-0.08726001976521408,0,0.0,0.7922334384732245,0.0,0.4912479370739118,0.0,-2.2842423037541724,0,1.0,-1.2392402243737397,-0.19584096503035087,7.83354759727216,5.9748227082548,9.6579869817733,16.5796106996512,6.84938919260437,-1.57410275837676,0.045922939415854604,0.0,-0.0,-0.0,0.0,-0.0,0.241324535679374,3.15061080739563
354,30,9ioh8yjj,5a501c26eedc32000141f4f2,0,52,52,post_exp,FinalForProlific,2026-01-17 21:52:21.858087,1,,,110.45,30,,101.37,1.3019253188714883,,treatment,,0.0,11,1,0.0,,free_data,20.0,20.0,"[{""type"":""page-load"",""detail"":{""path"":""/p/9ioh8yjj/main/Trade/42""},""ts"":""2026-01-17T22:48:20.864Z""},{""type"":""click"",""detail"":{""tag"":""INPUT"",""name"":""investment_amount"",""id"":""id_investment_amount"",""type"":""text""},""ts"":""2026-01-17T22:48:26.256Z""},{""type"":""input"",""detail"":{""tag"":""INPUT"",""name"":""investment_amount"",""id"":""id_investment_amount"",""type"":""text""},""ts"":""2026-01-17T22:48:27.238Z""},{""type"":""click"",""detail"":{""tag"":""LABEL"",""name"":null,""id"":null,""type"":null},""ts"":""2026-01-17T22:48:28.699Z""},{""type"":""click"",""detail"":{""tag"":""INPUT"",""name"":""imbalance_informative"",""id"":""id_imbalance_informative-0"",""type"":""radio""},""ts"":""2026-01-17T22:48:28.700Z""},{""type"":""input"",""detail"":{""tag"":""INPUT"",""name"":""imbalance_informative"",""id"":""id_imbalance_informative-0"",""type"":""radio""},""ts"":""2026-01-17T22:48:28.700Z""},{""type"":""click"",""detail"":{""tag"":""INPUT"",""name"":""return_forecast"",""id"":""id_return_forecast"",""type"":""text""},""ts"":""2026-01-17T22:48:31.337Z""},{""type"":""input"",""detail"":{""tag"":""INPUT"",""name"":""return_forecast"",""id"":""id_return_forecast"",""type"":""text""},""ts"":""2026-01-17T22:48:31.931Z""},{""type"":""click"",""detail"":{""tag"":""BUTTON"",""name"":null,""id"":null,""type"":""submit""},""ts"":""2026-01-17T22:48:33.102Z""},{""type"":""form-submit"",""detail"":{},""ts"":""2026-01-17T22:48:33.103Z""}]",1.0,6.84938919260437,0.0,101.37,2.0,101.37,,0,151ug4w3,,,,,0,1,0,0.0,0,-2.4869105633086037,0,0.0,-1.409086955452377,1.0,2.1123661294178206,4.0,1.1742032067050947,0,0.2,-1.2392402243737397,-0.19584096503035087,7.83354759727216,5.9748227082548,9.6579869817733,16.5796106996512,6.84938919260437,-1.57410275837676,0.045922939415854604,-0.0,-0.0,-1.2392402243737397,-0.0,-0.0,4.462090664711625,13.15061080739563
355,31,joi0mcuh,69669328636e175b3d4155dc,0,52,52,post_exp,FinalForProlific,2026-01-17 21:52:45.868789,1,,,111.6,31,,100.0,1.3019253188714883,,treatment,,0.0,8,1,1.0,,free_data,0.0,0.0,"[{""type"":""page-load"",""detail"":{""path"":""/p/joi0mcuh/main/Trade/42""},""ts"":""2026-01-17T22:12:45.685Z""},{""type"":""click"",""detail"":{""tag"":""INPUT"",""name"":""investment_amount"",""id"":""id_investment_amount"",""type"":""text""},""ts"":""2026-01-17T22:13:28.016Z""},{""type"":""input"",""detail"":{""tag"":""INPUT"",""name"":""investment_amount"",""id"":""id_investment_amount"",""type"":""text""},""ts"":""2026-01-17T22:13:28.731Z""},{""type"":""click"",""detail"":{""tag"":""INPUT"",""name"":""imbalance_informative"",""id"":""id_imbalance_informative-0"",""type"":""radio""},""ts"":""2026-01-17T22:13:30.983Z""},{""type"":""input"",""detail"":{""tag"":""INPUT"",""name"":""imbalance_informative"",""id"":""id_imbalance_informative-0"",""type"":""radio""},""ts"":""2026-01-17T22:13:30.983Z""},{""type"":""click"",""detail"":{""tag"":""INPUT"",""name"":""return_forecast"",""id"":""id_return_forecast"",""type"":""text""},""ts"":""2026-01-17T22:13:31.733Z""},{""type"":""input"",""detail"":{""tag"":""INPUT"",""name"":""return_forecast"",""id"":""id_return_forecast"",""type"":""text""},""ts"":""2026-01-17T22:13:31.810Z""},{""type"":""click"",""detail"":{""tag"":""BUTTON"",""name"":null,""id"":null,""type"":""submit""},""ts"":""2026-01-17T22:13:33.466Z""},{""type"":""form-submit"",""detail"":{},""ts"":""2026-01-17T22:13:33.466Z""}]",1.0,6.84938919260437,0.0,100.0,6.0,100.0,,0,151ug4w3,,,,,0,1,0,1.0,0,1.3525303063608196,0,0.0,-0.22376058949243777,1.0,2.1123661294178206,8.0,0.044914876759211554,0,0.0,-1.2392402243737397,-0.19584096503035087,7.83354759727216,5.9748227082548,9.6579869817733,16.5796106996512,6.84938919260437,-1.57410275837676,0.045922939415854604,-1.2392402243737397,-0.0,-1.2392402243737397,-0.19584096503035087,-0.0,4.462090664711625,6.84938919260437
356,33,4tbjlhuv,598c4b28cceb0f0001b39675,0,52,52,post_exp,FinalForProlific,2026-01-17 21:57:26.669322,1,,,111.62,33,,102.37,1.3019253188714883,,control,,0.0,6,1,-1.0,,free_data,20.0,20.0,"[{""type"":""page-load"",""detail"":{""path"":""/p/4tbjlhuv/main/Trade/42""},""ts"":""2026-01-17T22:10:30.443Z""},{""type"":""click"",""detail"":{""tag"":""INPUT"",""name"":""imbalance_informative"",""id"":""id_imbalance_informative-1"",""type"":""radio""},""ts"":""2026-01-17T22:10:53.643Z""},{""type"":""input"",""detail"":{""tag"":""INPUT"",""name"":""imbalance_informative"",""id"":""id_imbalance_informative-1"",""type"":""radio""},""ts"":""2026-01-17T22:10:53.643Z""},{""type"":""click"",""detail"":{""tag"":""INPUT"",""name"":""investment_amount"",""id"":""id_investment_amount"",""type"":""text""},""ts"":""2026-01-17T22:10:55.279Z""},{""type"":""input"",""detail"":{""tag"":""INPUT"",""name"":""investment_amount"",""id"":""id_investment_amount"",""type"":""text""},""ts"":""2026-01-17T22:10:56.471Z""},{""type"":""click"",""detail"":{""tag"":""INPUT"",""name"":""return_forecast"",""id"":""id_return_forecast"",""type"":""text""},""ts"":""2026-01-17T22:10:57.626Z""},{""type"":""input"",""detail"":{""tag"":""INPUT"",""name"":""return_forecast"",""id"":""id_return_forecast"",""type"":""text""},""ts"":""2026-01-17T22:10:58.023Z""},{""type"":""input"",""detail"":{""tag"":""INPUT"",""name"":""return_forecast"",""id"":""id_return_forecast"",""type"":""text""},""ts"":""2026-01-17T22:10:58.622Z""},{""type"":""click"",""detail"":{""tag"":""BUTTON"",""name"":null,""id"":null,""type"":""submit""},""ts"":""2026-01-17T22:10:59.663Z""},{""type"":""form-submit"",""detail"":{},""ts"":""2026-01-17T22:10:59.663Z""}]",0.0,6.84938919260437,0.0,101.37,7.0,102.37,,0,151ug4w3,,,,,0,0,0,-0.0,0,0.8726001976521415,0,0.0,0.4535687624846704,1.0,-1.129870255269997,7.0,-0.025665643862406367,0,0.2,-1.2392402243737397,-0.19584096503035087,7.83354759727216,5.9748227082548,9.6579869817733,16.5796106996512,6.84938919260437,-1.57410275837676,0.045922939415854604,0.0,-0.0,-0.0,0.0,-0.0,1.2766067937438883,13.15061080739563
357,34,4pzjsb2b,67580f69a9a3cb759240904b,0,52,52,post_exp,FinalForProlific,2026-01-17 21:58:30.170718,1,,,106.49,34,,107.85,1.3019253188714883,,treatment,,0.0,10,1,0.0,,free_data,100.0,4.0,"[{""type"":""page-load"",""detail"":{""path"":""/p/4pzjsb2b/main/Trade/42""},""ts"":""2026-01-17T22:08:17.285Z""},{""type"":""click"",""detail"":{""tag"":""INPUT"",""name"":""investment_amount"",""id"":""id_investment_amount"",""type"":""text""},""ts"":""2026-01-17T22:08:40.725Z""},{""type"":""input"",""detail"":{""tag"":""INPUT"",""name"":""investment_amount"",""id"":""id_investment_amount"",""type"":""text""},""ts"":""2026-01-17T22:08:41.505Z""},{""type"":""input"",""detail"":{""tag"":""INPUT"",""name"":""investment_amount"",""id"":""id_investment_amount"",""type"":""text""},""ts"":""2026-01-17T22:08:42.031Z""},{""type"":""click"",""detail"":{""tag"":""INPUT"",""name"":""imbalance_informative"",""id"":""id_imbalance_informative-1"",""type"":""radio""},""ts"":""2026-01-17T22:08:52.668Z""},{""type"":""input"",""detail"":{""tag"":""INPUT"",""name"":""imbalance_informative"",""id"":""id_imbalance_informative-1"",""type"":""radio""},""ts"":""2026-01-17T22:08:52.668Z""},{""type"":""click"",""detail"":{""tag"":""INPUT"",""name"":""return_forecast"",""id"":""id_return_forecast"",""type"":""text""},""ts"":""2026-01-17T22:08:53.435Z""},{""type"":""input"",""detail"":{""tag"":""INPUT"",""name"":""return_forecast"",""id"":""id_return_forecast"",""type"":""text""},""ts"":""2026-01-17T22:08:53.876Z""},{""type"":""click"",""detail"":{""tag"":""BUTTON"",""name"":null,""id"":null,""type"":""submit""},""ts"":""2026-01-17T22:08:54.981Z""},{""type"":""form-submit"",""detail"":{},""ts"":""2026-01-17T22:08:54.982Z""}]",0.0,6.84938919260437,0.0,106.85,4.0,107.85,,0,151ug4w3,,,,,0,1,0,0.0,0,1.3525303063608196,0,0.0,1.3002304524560555,1.0,-1.129870255269997,7.0,-0.378568246970495,0,1.0,-1.2392402243737397,-0.19584096503035087,7.83354759727216,5.9748227082548,9.6579869817733,16.5796106996512,6.84938919260437,-1.57410275837676,0.045922939415854604,-0.0,-0.0,-1.2392402243737397,-0.0,-0.0,1.2766067937438883,2.84938919260437
358,35,fcwg96au,5848ad3bdb871400012da095,0,52,52,post_exp,FinalForProlific,2026-01-17 22:00:16.297158,1,,,108.19,35,,102.71,1.3019253188714883,,treatment,,0.0,10,1,1.0,,free_data,25.0,19.0,"[{""type"":""page-load"",""detail"":{""path"":""/p/fcwg96au/main/Trade/42""},""ts"":""2026-01-17T22:10:27.413Z""},{""type"":""click"",""detail"":{""tag"":""INPUT"",""name"":""investment_amount"",""id"":""id_investment_amount"",""type"":""text""},""ts"":""2026-01-17T22:10:42.562Z""},{""type"":""input"",""detail"":{""tag"":""INPUT"",""name"":""investment_amount"",""id"":""id_investment_amount"",""type"":""text""},""ts"":""2026-01-17T22:10:43.215Z""},{""type"":""input"",""detail"":{""tag"":""INPUT"",""name"":""investment_amount"",""id"":""id_investment_amount"",""type"":""text""},""ts"":""2026-01-17T22:10:43.823Z""},{""type"":""click"",""detail"":{""tag"":""LABEL"",""name"":null,""id"":null,""type"":null},""ts"":""2026-01-17T22:10:48.112Z""},{""type"":""click"",""detail"":{""tag"":""INPUT"",""name"":""imbalance_informative"",""id"":""id_imbalance_informative-1"",""type"":""radio""},""ts"":""2026-01-17T22:10:48.114Z""},{""type"":""input"",""detail"":{""tag"":""INPUT"",""name"":""imbalance_informative"",""id"":""id_imbalance_informative-1"",""type"":""radio""},""ts"":""2026-01-17T22:10:48.114Z""},{""type"":""click"",""detail"":{""tag"":""INPUT"",""name"":""return_forecast"",""id"":""id_return_forecast"",""type"":""text""},""ts"":""2026-01-17T22:10:48.542Z""},{""type"":""input"",""detail"":{""tag"":""INPUT"",""name"":""return_forecast"",""id"":""id_return_forecast"",""type"":""text""},""ts"":""2026-01-17T22:10:50.723Z""},{""type"":""click"",""detail"":{""tag"":""BUTTON"",""name"":null,""id"":null,""type"":""submit""},""ts"":""2026-01-17T22:10:51.783Z""},{""type"":""form-submit"",""detail"":{},""ts"":""2026-01-17T22:10:51.785Z""}]",0.0,6.84938919260437,0.0,101.71,8.0,102.71,,0,151ug4w3,,,,,0,1,0,1.0,0,-0.08726001976521408,1,0.0,-0.3084267584895763,1.0,1.0316206678552147,1.0,-1.8607591800244665,0,0.25,-1.2392402243737397,-0.19584096503035087,7.83354759727216,5.9748227082548,9.6579869817733,16.5796106996512,6.84938919260437,-1.57410275837676,0.045922939415854604,-1.2392402243737397,-0.0,-1.2392402243737397,-0.19584096503035087,-0.0,1.0642412023460393,12.15061080739563
359,37,4d34f1nl,692f221e98e3cdcf10465812,0,52,52,post_exp,FinalForProlific,2026-01-17 22:07:34.984862,1,,,112.1,37,,101.68,1.3019253188714883,,control,,0.0,6,1,-1.0,,free_data,10.0,5.0,"[{""type"":""page-load"",""detail"":{""path"":""/p/4d34f1nl/main/Trade/42""},""ts"":""2026-01-17T22:32:15.038Z""},{""type"":""window-blur"",""detail"":{},""ts"":""2026-01-17T22:32:18.516Z""},{""type"":""visibilitychange"",""detail"":{""state"":""hidden""},""ts"":""2026-01-17T22:32:18.516Z""},{""type"":""visibilitychange"",""detail"":{""state"":""visible""},""ts"":""2026-01-17T22:32:41.106Z""},{""type"":""window-focus"",""detail"":{},""ts"":""2026-01-17T22:32:41.112Z""},{""type"":""click"",""detail"":{""tag"":""INPUT"",""name"":""investment_amount"",""id"":""id_investment_amount"",""type"":""text""},""ts"":""2026-01-17T22:32:42.040Z""},{""type"":""input"",""detail"":{""tag"":""INPUT"",""name"":""investment_amount"",""id"":""id_investment_amount"",""type"":""text""},""ts"":""2026-01-17T22:32:42.223Z""},{""type"":""window-blur"",""detail"":{},""ts"":""2026-01-17T22:32:43.424Z""},{""type"":""visibilitychange"",""detail"":{""state"":""hidden""},""ts"":""2026-01-17T22:32:43.425Z""},{""type"":""visibilitychange"",""detail"":{""state"":""visible""},""ts"":""2026-01-17T22:32:43.875Z""},{""type"":""window-focus"",""detail"":{},""ts"":""2026-01-17T22:32:43.885Z""},{""type"":""click"",""detail"":{""tag"":""LABEL"",""name"":null,""id"":null,""type"":null},""ts"":""2026-01-17T22:32:44.688Z""},{""type"":""click"",""detail"":{""tag"":""INPUT"",""name"":""imbalance_informative"",""id"":""id_imbalance_informative-1"",""type"":""radio""},""ts"":""2026-01-17T22:32:44.688Z""},{""type"":""input"",""detail"":{""tag"":""INPUT"",""name"":""imbalance_informative"",""id"":""id_imbalance_informative-1"",""type"":""radio""},""ts"":""2026-01-17T22:32:44.688Z""},{""type"":""click"",""detail"":{""tag"":""INPUT"",""name"":""return_forecast"",""id"":""id_return_forecast"",""type"":""text""},""ts"":""2026-01-17T22:32:45.100Z""},{""type"":""input"",""detail"":{""tag"":""INPUT"",""name"":""return_forecast"",""id"":""id_return_forecast"",""type"":""text""},""ts"":""2026-01-17T22:32:45.408Z""},{""type"":""click"",""detail"":{""tag"":""BUTTON"",""name"":null,""id"":null,""type"":""submit""},""ts"":""2026-01-17T22:32:46.643Z""},{""type"":""form-submit"",""detail"":{},""ts"":""2026-01-17T22:32:46.644Z""}]",0.0,6.84938919260437,0.0,100.68,6.0,101.68,,0,151ug4w3,,,,,0,0,0,-0.0,0,-0.08726001976521408,0,0.0,-1.7477516314409312,0.0,-0.5894975244886941,7.0,0.6801395623537705,0,0.1,-1.2392402243737397,-0.19584096503035087,7.83354759727216,5.9748227082548,9.6579869817733,16.5796106996512,6.84938919260437,-1.57410275837676,0.045922939415854604,0.0,-0.0,-0.0,0.0,-0.0,0.3475073313782985,1.8493891926043702
360,38,d8aqe2fa,650b03136ab3d4c832d98b71,0,52,52,post_exp,FinalForProlific,2026-01-17 22:08:13.439724,1,,,118.99,38,,104.11,1.3019253188714883,,treatment,,0.0,5,1,0.0,,free_data,60.0,5.0,"[{""type"":""page-load"",""detail"":{""path"":""/p/d8aqe2fa/main/Trade/42""},""ts"":""2026-01-17T22:22:22.652Z""},{""type"":""copy"",""detail"":{""types"":[],""hasImage"":true,""hasFiles"":false},""ts"":""2026-01-17T22:22:24.596Z""},{""type"":""window-blur"",""detail"":{},""ts"":""2026-01-17T22:22:25.046Z""},{""type"":""window-focus"",""detail"":{},""ts"":""2026-01-17T22:22:25.611Z""},{""type"":""right-click"",""detail"":{""x"":1230,""y"":395,""target"":""IMG""},""ts"":""2026-01-17T22:22:25.919Z""},{""type"":""contextmenu"",""detail"":{""x"":1230,""y"":395,""target"":""IMG""},""ts"":""2026-01-17T22:22:25.981Z""},{""type"":""right-click"",""detail"":{""x"":1307,""y"":415,""target"":""IMG""},""ts"":""2026-01-17T22:22:27.531Z""},{""type"":""contextmenu"",""detail"":{""x"":1307,""y"":415,""target"":""IMG""},""ts"":""2026-01-17T22:22:27.589Z""},{""type"":""window-blur"",""detail"":{},""ts"":""2026-01-17T22:22:29.068Z""},{""type"":""window-focus"",""detail"":{},""ts"":""2026-01-17T22:22:31.861Z""},{""type"":""click"",""detail"":{""tag"":""INPUT"",""name"":""investment_amount"",""id"":""id_investment_amount"",""type"":""text""},""ts"":""2026-01-17T22:22:35.249Z""},{""type"":""input"",""detail"":{""tag"":""INPUT"",""name"":""investment_amount"",""id"":""id_investment_amount"",""type"":""text""},""ts"":""2026-01-17T22:22:36.444Z""},{""type"":""click"",""detail"":{""tag"":""LABEL"",""name"":null,""id"":null,""type"":null},""ts"":""2026-01-17T22:22:37.825Z""},{""type"":""click"",""detail"":{""tag"":""INPUT"",""name"":""imbalance_informative"",""id"":""id_imbalance_informative-0"",""type"":""radio""},""ts"":""2026-01-17T22:22:37.826Z""},{""type"":""input"",""detail"":{""tag"":""INPUT"",""name"":""imbalance_informative"",""id"":""id_imbalance_informative-0"",""type"":""radio""},""ts"":""2026-01-17T22:22:37.826Z""},{""type"":""click"",""detail"":{""tag"":""INPUT"",""name"":""return_forecast"",""id"":""id_return_forecast"",""type"":""text""},""ts"":""2026-01-17T22:22:38.291Z""},{""type"":""input"",""detail"":{""tag"":""INPUT"",""name"":""return_forecast"",""id"":""id_return_forecast"",""type"":""text""},""ts"":""2026-01-17T22:22:38.353Z""},{""type"":""click"",""detail"":{""tag"":""BUTTON"",""name"":null,""id"":null,""type"":""submit""},""ts"":""2026-01-17T22:22:39.191Z""},{""type"":""form-submit"",""detail"":{},""ts"":""2026-01-17T22:22:39.192Z""}]",1.0,6.84938919260437,0.0,104.11,5.0,104.11,,0,151ug4w3,,,,,0,1,0,0.0,0,1.3525303063608196,0,1.0,-0.5624252654809918,0.0,-0.5894975244886941,6.0,-0.8020513707002012,0,0.6,-1.2392402243737397,-0.19584096503035087,7.83354759727216,5.9748227082548,9.6579869817733,16.5796106996512,6.84938919260437,-1.57410275837676,0.045922939415854604,-0.0,-0.0,-1.2392402243737397,-0.0,-0.0,0.3475073313782985,1.8493891926043702
361,39,35jj3mv4,666445e5b72745f04a4f57d6,0,52,52,post_exp,FinalForProlific,2026-01-17 22:10:39.908203,1,,,115.9,39,,105.79,1.3019253188714883,,treatment,,0.0,5,1,1.0,,free_data,70.0,5.0,"[{""type"":""page-load"",""detail"":{""path"":""/p/35jj3mv4/main/Trade/42""},""ts"":""2026-01-17T22:30:27.513Z""},{""type"":""click"",""detail"":{""tag"":""INPUT"",""name"":""imbalance_informative"",""id"":""id_imbalance_informative-1"",""type"":""radio""},""ts"":""2026-01-17T22:31:06.319Z""},{""type"":""input"",""detail"":{""tag"":""INPUT"",""name"":""imbalance_informative"",""id"":""id_imbalance_informative-1"",""type"":""radio""},""ts"":""2026-01-17T22:31:06.320Z""},{""type"":""click"",""detail"":{""tag"":""INPUT"",""name"":""investment_amount"",""id"":""id_investment_amount"",""type"":""text""},""ts"":""2026-01-17T22:31:09.403Z""},{""type"":""input"",""detail"":{""tag"":""INPUT"",""name"":""investment_amount"",""id"":""id_investment_amount"",""type"":""text""},""ts"":""2026-01-17T22:31:10.868Z""},{""type"":""click"",""detail"":{""tag"":""INPUT"",""name"":""return_forecast"",""id"":""id_return_forecast"",""type"":""text""},""ts"":""2026-01-17T22:31:12.402Z""},{""type"":""input"",""detail"":{""tag"":""INPUT"",""name"":""return_forecast"",""id"":""id_return_forecast"",""type"":""text""},""ts"":""2026-01-17T22:31:18.510Z""},{""type"":""click"",""detail"":{""tag"":""BUTTON"",""name"":null,""id"":null,""type"":""submit""},""ts"":""2026-01-17T22:31:20.846Z""},{""type"":""form-submit"",""detail"":{},""ts"":""2026-01-17T22:31:20.850Z""}]",0.0,6.84938919260437,0.0,104.79,5.0,105.79,,0,151ug4w3,,,,,0,1,0,1.0,0,1.3525303063608196,0,0.0,1.215564283458917,1.0,-0.04912479370739113,6.0,-0.8020513707002012,0,0.7,-1.2392402243737397,-0.19584096503035087,7.83354759727216,5.9748227082548,9.6579869817733,16.5796106996512,6.84938919260437,-1.57410275837676,0.045922939415854604,-1.2392402243737397,-0.0,-1.2392402243737397,-0.19584096503035087,-0.0,0.0024132453567937352,1.8493891926043702
362,40,7czue3k2,5cad1eef8ed53d00180d2532,0,52,52,post_exp,FinalForProlific,2026-01-17 22:23:11.563870,1,,,110.19,40,,100.34,1.3019253188714883,,treatment,,0.0,13,1,1.0,,free_data,5.0,15.0,"[{""type"":""page-load"",""detail"":{""path"":""/p/7czue3k2/main/Trade/42""},""ts"":""2026-01-17T22:43:55.843Z""},{""type"":""click"",""detail"":{""tag"":""LABEL"",""name"":null,""id"":null,""type"":null},""ts"":""2026-01-17T22:44:30.089Z""},{""type"":""click"",""detail"":{""tag"":""INPUT"",""name"":""imbalance_informative"",""id"":""id_imbalance_informative-0"",""type"":""radio""},""ts"":""2026-01-17T22:44:30.096Z""},{""type"":""input"",""detail"":{""tag"":""INPUT"",""name"":""imbalance_informative"",""id"":""id_imbalance_informative-0"",""type"":""radio""},""ts"":""2026-01-17T22:44:30.096Z""},{""type"":""click"",""detail"":{""tag"":""INPUT"",""name"":""return_forecast"",""id"":""id_return_forecast"",""type"":""text""},""ts"":""2026-01-17T22:44:30.913Z""},{""type"":""input"",""detail"":{""tag"":""INPUT"",""name"":""return_forecast"",""id"":""id_return_forecast"",""type"":""text""},""ts"":""2026-01-17T22:44:37.874Z""},{""type"":""input"",""detail"":{""tag"":""INPUT"",""name"":""return_forecast"",""id"":""id_return_forecast"",""type"":""text""},""ts"":""2026-01-17T22:44:38.384Z""},{""type"":""click"",""detail"":{""tag"":""INPUT"",""name"":""investment_amount"",""id"":""id_investment_amount"",""type"":""text""},""ts"":""2026-01-17T22:44:39.563Z""},{""type"":""input"",""detail"":{""tag"":""INPUT"",""name"":""investment_amount"",""id"":""id_investment_amount"",""type"":""text""},""ts"":""2026-01-17T22:44:40.092Z""},{""type"":""input"",""detail"":{""tag"":""INPUT"",""name"":""investment_amount"",""id"":""id_investment_amount"",""type"":""text""},""ts"":""2026-01-17T22:44:41.085Z""},{""type"":""input"",""detail"":{""tag"":""INPUT"",""name"":""investment_amount"",""id"":""id_investment_amount"",""type"":""text""},""ts"":""2026-01-17T22:44:42.065Z""},{""type"":""click"",""detail"":{""tag"":""BUTTON"",""name"":null,""id"":null,""type"":""submit""},""ts"":""2026-01-17T22:44:42.813Z""},{""type"":""form-submit"",""detail"":{},""ts"":""2026-01-17T22:44:42.822Z""}]",1.0,6.84938919260437,0.0,100.34,6.0,100.34,,0,151ug4w3,,,,,0,1,0,1.0,0,-2.0069804545999257,1,0.0,-1.1550884484609614,0.0,-0.5894975244886941,2.0,-0.025665643862406367,0,0.05,-1.2392402243737397,-0.19584096503035087,7.83354759727216,5.9748227082548,9.6579869817733,16.5796106996512,6.84938919260437,-1.57410275837676,0.045922939415854604,-1.2392402243737397,-0.0,-1.2392402243737397,-0.19584096503035087,-0.0,0.3475073313782985,8.15061080739563
363,1,0zkzl65f,64df6c0375d740bb235620f5,0,52,52,post_exp,FinalForProlific,2026-01-17 21:20:10.774463,1,,,140.11,1,,105.68,1.591242056398486,,control,,0.0,11,1,-1.0,,free_data,100.0,20.0,"[{""type"":""page-load"",""detail"":{""path"":""/p/0zkzl65f/main/Trade/45""},""ts"":""2026-01-17T21:38:42.191Z""},{""type"":""click"",""detail"":{""tag"":""LABEL"",""name"":null,""id"":null,""type"":null},""ts"":""2026-01-17T21:38:47.755Z""},{""type"":""click"",""detail"":{""tag"":""INPUT"",""name"":""imbalance_informative"",""id"":""id_imbalance_informative-1"",""type"":""radio""},""ts"":""2026-01-17T21:38:50.046Z""},{""type"":""input"",""detail"":{""tag"":""INPUT"",""name"":""imbalance_informative"",""id"":""id_imbalance_informative-1"",""type"":""radio""},""ts"":""2026-01-17T21:38:50.047Z""},{""type"":""click"",""detail"":{""tag"":""INPUT"",""name"":""investment_amount"",""id"":""id_investment_amount"",""type"":""text""},""ts"":""2026-01-17T21:38:50.891Z""},{""type"":""input"",""detail"":{""tag"":""INPUT"",""name"":""investment_amount"",""id"":""id_investment_amount"",""type"":""text""},""ts"":""2026-01-17T21:38:51.521Z""},{""type"":""click"",""detail"":{""tag"":""INPUT"",""name"":""return_forecast"",""id"":""id_return_forecast"",""type"":""text""},""ts"":""2026-01-17T21:38:53.956Z""},{""type"":""input"",""detail"":{""tag"":""INPUT"",""name"":""return_forecast"",""id"":""id_return_forecast"",""type"":""text""},""ts"":""2026-01-17T21:38:56.990Z""},{""type"":""click"",""detail"":{""tag"":""BUTTON"",""name"":null,""id"":null,""type"":""submit""},""ts"":""2026-01-17T21:38:58.710Z""},{""type"":""form-submit"",""detail"":{},""ts"":""2026-01-17T21:38:58.711Z""}]",0.0,5.67594590076985,1.0,105.68,6.0,105.68,,0,151ug4w3,,,,,0,0,0,-0.0,0,1.3525303063608196,0,0.0,-0.8164237724724074,0.0,-0.04912479370739113,3.0,-2.0725007418893195,0,1.0,-0.7792401705178551,-1.0707978993162433,-2.03997595221337,10.1331033984203,-12.8998760055195,24.4408380673617,5.67594590076985,-0.40168687005772447,-1.0975990421999757,0.0,-0.0,-0.0,0.0,-0.0,0.0024132453567937352,14.32405409923015
364,2,nx9hs1ng,677fea8903ad496f30f16502,0,52,52,post_exp,FinalForProlific,2026-01-17 21:20:12.375324,1,,,110.35,2,,100.0,1.591242056398486,,treatment,,0.0,11,0,0.0,,paid_data,0.0,8.0,"[{""type"":""page-load"",""detail"":{""path"":""/p/nx9hs1ng/main/Trade/45""},""ts"":""2026-01-17T21:31:19.530Z""},{""type"":""click"",""detail"":{""tag"":""INPUT"",""name"":""investment_amount"",""id"":""id_investment_amount"",""type"":""text""},""ts"":""2026-01-17T21:31:23.604Z""},{""type"":""input"",""detail"":{""tag"":""INPUT"",""name"":""investment_amount"",""id"":""id_investment_amount"",""type"":""text""},""ts"":""2026-01-17T21:31:24.020Z""},{""type"":""click"",""detail"":{""tag"":""INPUT"",""name"":""return_forecast"",""id"":""id_return_forecast"",""type"":""text""},""ts"":""2026-01-17T21:31:24.883Z""},{""type"":""input"",""detail"":{""tag"":""INPUT"",""name"":""return_forecast"",""id"":""id_return_forecast"",""type"":""text""},""ts"":""2026-01-17T21:31:26.092Z""},{""type"":""click"",""detail"":{""tag"":""BUTTON"",""name"":null,""id"":null,""type"":""submit""},""ts"":""2026-01-17T21:31:27.411Z""},{""type"":""form-submit"",""detail"":{},""ts"":""2026-01-17T21:31:27.412Z""}]",,5.67594590076985,1.0,100.0,4.0,100.0,,0,151ug4w3,,,,,0,1,1,0.0,1,0.392670088943464,1,0.0,-0.5624252654809918,1.0,-0.04912479370739113,6.0,-0.09624616448402429,0,0.0,-0.7792401705178551,-1.0707978993162433,-2.03997595221337,10.1331033984203,-12.8998760055195,24.4408380673617,5.67594590076985,-0.40168687005772447,-1.0975990421999757,-0.0,-0.7792401705178551,-0.7792401705178551,-0.0,-1.0707978993162433,0.0024132453567937352,2.3240540992301497
365,3,i3c60565,6962c417f20b621d95bd694d,0,52,52,post_exp,FinalForProlific,2026-01-17 21:20:30.391188,1,,,113.86,3,,100.31,1.591242056398486,,treatment,,0.0,5,1,1.0,,paid_data,76.0,22.0,"[{""type"":""page-load"",""detail"":{""path"":""/p/i3c60565/main/Trade/45""},""ts"":""2026-01-17T21:36:13.443Z""},{""type"":""click"",""detail"":{""tag"":""INPUT"",""name"":""investment_amount"",""id"":""id_investment_amount"",""type"":""text""},""ts"":""2026-01-17T21:36:23.317Z""},{""type"":""input"",""detail"":{""tag"":""INPUT"",""name"":""investment_amount"",""id"":""id_investment_amount"",""type"":""text""},""ts"":""2026-01-17T21:36:24.213Z""},{""type"":""click"",""detail"":{""tag"":""INPUT"",""name"":""imbalance_informative"",""id"":""id_imbalance_informative-0"",""type"":""radio""},""ts"":""2026-01-17T21:36:26.469Z""},{""type"":""input"",""detail"":{""tag"":""INPUT"",""name"":""imbalance_informative"",""id"":""id_imbalance_informative-0"",""type"":""radio""},""ts"":""2026-01-17T21:36:26.469Z""},{""type"":""click"",""detail"":{""tag"":""INPUT"",""name"":""return_forecast"",""id"":""id_return_forecast"",""type"":""text""},""ts"":""2026-01-17T21:36:32.829Z""},{""type"":""input"",""detail"":{""tag"":""INPUT"",""name"":""return_forecast"",""id"":""id_return_forecast"",""type"":""text""},""ts"":""2026-01-17T21:36:33.696Z""},{""type"":""click"",""detail"":{""tag"":""BUTTON"",""name"":null,""id"":null,""type"":""submit""},""ts"":""2026-01-17T21:36:34.766Z""},{""type"":""form-submit"",""detail"":{},""ts"":""2026-01-17T21:36:34.767Z""}]",1.0,5.67594590076985,1.0,99.31,6.0,100.31,,0,151ug4w3,,,,,0,1,1,1.0,1,-1.5270503458912477,1,0.0,-0.05442825149816073,1.0,1.0316206678552147,5.0,0.8918811242186238,1,0.8,-0.7792401705178551,-1.0707978993162433,-2.03997595221337,10.1331033984203,-12.8998760055195,24.4408380673617,5.67594590076985,-0.40168687005772447,-1.0975990421999757,-0.7792401705178551,-0.7792401705178551,-0.7792401705178551,-1.0707978993162433,-1.0707978993162433,1.0642412023460393,16.32405409923015
366,4,k7sp0ynm,67665f7b0329bd3e30515ad2,0,52,52,post_exp,FinalForProlific,2026-01-17 21:20:50.689404,1,,,102.31,4,,100.39,1.591242056398486,,treatment,,0.0,10,1,1.0,,paid_data,95.0,20.0,"[{""type"":""page-load"",""detail"":{""path"":""/p/k7sp0ynm/main/Trade/45""},""ts"":""2026-01-17T21:52:43.342Z""},{""type"":""click"",""detail"":{""tag"":""INPUT"",""name"":""investment_amount"",""id"":""id_investment_amount"",""type"":""text""},""ts"":""2026-01-17T21:52:45.054Z""},{""type"":""input"",""detail"":{""tag"":""INPUT"",""name"":""investment_amount"",""id"":""id_investment_amount"",""type"":""text""},""ts"":""2026-01-17T21:52:46.730Z""},{""type"":""input"",""detail"":{""tag"":""INPUT"",""name"":""investment_amount"",""id"":""id_investment_amount"",""type"":""text""},""ts"":""2026-01-17T21:52:47.286Z""},{""type"":""click"",""detail"":{""tag"":""INPUT"",""name"":""imbalance_informative"",""id"":""id_imbalance_informative-1"",""type"":""radio""},""ts"":""2026-01-17T21:52:48.616Z""},{""type"":""input"",""detail"":{""tag"":""INPUT"",""name"":""imbalance_informative"",""id"":""id_imbalance_informative-1"",""type"":""radio""},""ts"":""2026-01-17T21:52:48.616Z""},{""type"":""click"",""detail"":{""tag"":""INPUT"",""name"":""return_forecast"",""id"":""id_return_forecast"",""type"":""text""},""ts"":""2026-01-17T21:52:52.175Z""},{""type"":""input"",""detail"":{""tag"":""INPUT"",""name"":""return_forecast"",""id"":""id_return_forecast"",""type"":""text""},""ts"":""2026-01-17T21:52:53.420Z""},{""type"":""input"",""detail"":{""tag"":""INPUT"",""name"":""return_forecast"",""id"":""id_return_forecast"",""type"":""text""},""ts"":""2026-01-17T21:52:54.025Z""},{""type"":""click"",""detail"":{""tag"":""BUTTON"",""name"":null,""id"":null,""type"":""submit""},""ts"":""2026-01-17T21:52:55.161Z""},{""type"":""form-submit"",""detail"":{},""ts"":""2026-01-17T21:52:55.163Z""}]",0.0,5.67594590076985,1.0,100.39,2.0,100.39,,0,151ug4w3,,,,,0,1,1,1.0,1,-1.0471202371825696,0,0.0,-0.5624252654809918,1.0,1.5719933986365178,4.0,0.11549539738082899,1,1.0,-0.7792401705178551,-1.0707978993162433,-2.03997595221337,10.1331033984203,-12.8998760055195,24.4408380673617,5.67594590076985,-0.40168687005772447,-1.0975990421999757,-0.7792401705178551,-0.7792401705178551,-0.7792401705178551,-1.0707978993162433,-1.0707978993162433,2.4711632453567898,14.32405409923015
367,6,6bbjn8v1,5e459f61418f610891628564,0,52,52,post_exp,FinalForProlific,2026-01-17 21:22:23.663747,1,,,103.85,6,,96.0,1.591242056398486,,treatment,,0.0,6,1,1.0,,paid_data,0.0,-2.0,"[{""type"":""page-load"",""detail"":{""path"":""/p/6bbjn8v1/main/Trade/45""},""ts"":""2026-01-17T21:34:56.338Z""},{""type"":""click"",""detail"":{""tag"":""INPUT"",""name"":""investment_amount"",""id"":""id_investment_amount"",""type"":""text""},""ts"":""2026-01-17T21:35:08.170Z""},{""type"":""input"",""detail"":{""tag"":""INPUT"",""name"":""investment_amount"",""id"":""id_investment_amount"",""type"":""text""},""ts"":""2026-01-17T21:35:09.077Z""},{""type"":""click"",""detail"":{""tag"":""INPUT"",""name"":""imbalance_informative"",""id"":""id_imbalance_informative-0"",""type"":""radio""},""ts"":""2026-01-17T21:35:10.272Z""},{""type"":""input"",""detail"":{""tag"":""INPUT"",""name"":""imbalance_informative"",""id"":""id_imbalance_informative-0"",""type"":""radio""},""ts"":""2026-01-17T21:35:10.272Z""},{""type"":""click"",""detail"":{""tag"":""LABEL"",""name"":null,""id"":null,""type"":null},""ts"":""2026-01-17T21:35:10.977Z""},{""type"":""click"",""detail"":{""tag"":""INPUT"",""name"":""return_forecast"",""id"":""id_return_forecast"",""type"":""text""},""ts"":""2026-01-17T21:35:10.979Z""},{""type"":""input"",""detail"":{""tag"":""INPUT"",""name"":""return_forecast"",""id"":""id_return_forecast"",""type"":""text""},""ts"":""2026-01-17T21:35:13.269Z""},{""type"":""input"",""detail"":{""tag"":""INPUT"",""name"":""return_forecast"",""id"":""id_return_forecast"",""type"":""text""},""ts"":""2026-01-17T21:35:14.185Z""},{""type"":""click"",""detail"":{""tag"":""BUTTON"",""name"":null,""id"":null,""type"":""submit""},""ts"":""2026-01-17T21:35:14.597Z""},{""type"":""form-submit"",""detail"":{},""ts"":""2026-01-17T21:35:14.598Z""}]",1.0,5.67594590076985,1.0,95.0,5.0,96.0,,0,151ug4w3,,,,,0,1,1,1.0,1,-0.08726001976521408,0,0.0,-0.22376058949243777,1.0,-0.5894975244886941,5.0,-0.16682668510564172,1,0.0,-0.7792401705178551,-1.0707978993162433,-2.03997595221337,10.1331033984203,-12.8998760055195,24.4408380673617,5.67594590076985,-0.40168687005772447,-1.0975990421999757,-0.7792401705178551,-0.7792401705178551,-0.7792401705178551,-1.0707978993162433,-1.0707978993162433,0.3475073313782985,7.67594590076985
368,7,gl7u8nio,62b2080f8f89f2f15c47d9ba,0,52,52,post_exp,FinalForProlific,2026-01-17 21:22:24.603886,1,,,118.89,7,,102.27,1.591242056398486,,treatment,,0.0,8,0,0.0,,paid_data,40.0,19.0,"[{""type"":""page-load"",""detail"":{""path"":""/p/gl7u8nio/main/Trade/45""},""ts"":""2026-01-17T21:37:01.311Z""},{""type"":""click"",""detail"":{""tag"":""INPUT"",""name"":""investment_amount"",""id"":""id_investment_amount"",""type"":""text""},""ts"":""2026-01-17T21:37:04.247Z""},{""type"":""input"",""detail"":{""tag"":""INPUT"",""name"":""investment_amount"",""id"":""id_investment_amount"",""type"":""text""},""ts"":""2026-01-17T21:37:06.235Z""},{""type"":""click"",""detail"":{""tag"":""INPUT"",""name"":""return_forecast"",""id"":""id_return_forecast"",""type"":""text""},""ts"":""2026-01-17T21:37:08.849Z""},{""type"":""input"",""detail"":{""tag"":""INPUT"",""name"":""return_forecast"",""id"":""id_return_forecast"",""type"":""text""},""ts"":""2026-01-17T21:37:11.544Z""},{""type"":""click"",""detail"":{""tag"":""BUTTON"",""name"":null,""id"":null,""type"":""submit""},""ts"":""2026-01-17T21:37:12.933Z""},{""type"":""form-submit"",""detail"":{},""ts"":""2026-01-17T21:37:12.933Z""}]",,5.67594590076985,1.0,102.27,4.0,102.27,,0,151ug4w3,,,,,0,1,1,0.0,1,-0.08726001976521408,1,0.0,1.3848966214531941,0.0,2.1123661294178206,6.0,0.25665643862406434,0,0.4,-0.7792401705178551,-1.0707978993162433,-2.03997595221337,10.1331033984203,-12.8998760055195,24.4408380673617,5.67594590076985,-0.40168687005772447,-1.0975990421999757,-0.0,-0.7792401705178551,-0.7792401705178551,-0.0,-1.0707978993162433,4.462090664711625,13.32405409923015
369,8,difxszml,5d1ec3b72e9ac3001ab525ef,0,49,52,post_exp,Demographics,2026-01-17 21:22:33.376663,1,,,1190.64,8,,96.57,1.591242056398486,,treatment,,0.0,4,1,1.0,,paid_data,10.0,18.0,"[{""type"":""page-load"",""detail"":{""path"":""/p/difxszml/main/Trade/45""},""ts"":""2026-01-17T21:34:44.799Z""},{""type"":""click"",""detail"":{""tag"":""INPUT"",""name"":""investment_amount"",""id"":""id_investment_amount"",""type"":""text""},""ts"":""2026-01-17T21:34:48.720Z""},{""type"":""input"",""detail"":{""tag"":""INPUT"",""name"":""investment_amount"",""id"":""id_investment_amount"",""type"":""text""},""ts"":""2026-01-17T21:34:50.206Z""},{""type"":""click"",""detail"":{""tag"":""INPUT"",""name"":""imbalance_informative"",""id"":""id_imbalance_informative-1"",""type"":""radio""},""ts"":""2026-01-17T21:34:52.836Z""},{""type"":""input"",""detail"":{""tag"":""INPUT"",""name"":""imbalance_informative"",""id"":""id_imbalance_informative-1"",""type"":""radio""},""ts"":""2026-01-17T21:34:52.837Z""},{""type"":""click"",""detail"":{""tag"":""INPUT"",""name"":""imbalance_informative"",""id"":""id_imbalance_informative-0"",""type"":""radio""},""ts"":""2026-01-17T21:34:53.846Z""},{""type"":""input"",""detail"":{""tag"":""INPUT"",""name"":""imbalance_informative"",""id"":""id_imbalance_informative-0"",""type"":""radio""},""ts"":""2026-01-17T21:34:53.847Z""},{""type"":""click"",""detail"":{""tag"":""INPUT"",""name"":""return_forecast"",""id"":""id_return_forecast"",""type"":""text""},""ts"":""2026-01-17T21:34:54.434Z""},{""type"":""input"",""detail"":{""tag"":""INPUT"",""name"":""return_forecast"",""id"":""id_return_forecast"",""type"":""text""},""ts"":""2026-01-17T21:34:57.284Z""},{""type"":""input"",""detail"":{""tag"":""INPUT"",""name"":""return_forecast"",""id"":""id_return_forecast"",""type"":""text""},""ts"":""2026-01-17T21:34:58.050Z""},{""type"":""click"",""detail"":{""tag"":""BUTTON"",""name"":null,""id"":null,""type"":""submit""},""ts"":""2026-01-17T21:34:59.443Z""},{""type"":""form-submit"",""detail"":{},""ts"":""2026-01-17T21:34:59.449Z""}]",1.0,5.67594590076985,1.0,95.57,6.0,96.57,,0,151ug4w3,,,,,0,1,1,1.0,1,0.8726001976521415,0,,,,-0.04912479370739113,8.0,0.3978174798673002,1,0.10526315789473684,-0.7792401705178551,-1.0707978993162433,-2.03997595221337,10.1331033984203,-12.8998760055195,24.4408380673617,5.67594590076985,-0.40168687005772447,-1.0975990421999757,-0.7792401705178551,-0.7792401705178551,-0.7792401705178551,-1.0707978993162433,-1.0707978993162433,0.0024132453567937352,12.32405409923015
370,9,hlqkfw8x,67e7cfd17a7062da8a273fbf,0,52,52,post_exp,FinalForProlific,2026-01-17 21:23:02.043408,1,,,115.94,9,,104.84,1.591242056398486,,control,,0.0,14,1,-1.0,,free_data,50.0,5.0,"[{""type"":""page-load"",""detail"":{""path"":""/p/hlqkfw8x/main/Trade/45""},""ts"":""2026-01-17T21:40:23.096Z""},{""type"":""click"",""detail"":{""tag"":""INPUT"",""name"":""investment_amount"",""id"":""id_investment_amount"",""type"":""text""},""ts"":""2026-01-17T21:40:37.757Z""},{""type"":""input"",""detail"":{""tag"":""INPUT"",""name"":""investment_amount"",""id"":""id_investment_amount"",""type"":""text""},""ts"":""2026-01-17T21:40:38.668Z""},{""type"":""click"",""detail"":{""tag"":""INPUT"",""name"":""imbalance_informative"",""id"":""id_imbalance_informative-0"",""type"":""radio""},""ts"":""2026-01-17T21:40:40.735Z""},{""type"":""input"",""detail"":{""tag"":""INPUT"",""name"":""imbalance_informative"",""id"":""id_imbalance_informative-0"",""type"":""radio""},""ts"":""2026-01-17T21:40:40.735Z""},{""type"":""click"",""detail"":{""tag"":""INPUT"",""name"":""return_forecast"",""id"":""id_return_forecast"",""type"":""text""},""ts"":""2026-01-17T21:40:41.495Z""},{""type"":""input"",""detail"":{""tag"":""INPUT"",""name"":""return_forecast"",""id"":""id_return_forecast"",""type"":""text""},""ts"":""2026-01-17T21:40:52.170Z""},{""type"":""click"",""detail"":{""tag"":""BUTTON"",""name"":null,""id"":null,""type"":""submit""},""ts"":""2026-01-17T21:40:53.714Z""},{""type"":""form-submit"",""detail"":{},""ts"":""2026-01-17T21:40:53.719Z""}]",1.0,5.67594590076985,1.0,102.84,7.0,104.84,,0,151ug4w3,,,,,0,0,0,-0.0,0,-0.08726001976521408,1,0.0,1.1308981144617785,0.0,-0.5894975244886941,5.0,-0.16682668510564172,0,0.5,-0.7792401705178551,-1.0707978993162433,-2.03997595221337,10.1331033984203,-12.8998760055195,24.4408380673617,5.67594590076985,-0.40168687005772447,-1.0975990421999757,0.0,-0.0,-0.0,0.0,-0.0,0.3475073313782985,0.6759459007698503
371,10,miej8bbr,67730320948951ecb761b3f2,0,52,52,post_exp,FinalForProlific,2026-01-17 21:23:16.323182,1,,,104.87,10,,99.27,1.591242056398486,,treatment,,0.0,14,1,1.0,,paid_data,40.0,5.0,"[{""type"":""page-load"",""detail"":{""path"":""/p/miej8bbr/main/Trade/45""},""ts"":""2026-01-17T21:35:45.919Z""},{""type"":""window-blur"",""detail"":{},""ts"":""2026-01-17T21:35:48.203Z""},{""type"":""window-focus"",""detail"":{},""ts"":""2026-01-17T21:35:58.041Z""},{""type"":""window-blur"",""detail"":{},""ts"":""2026-01-17T21:36:02.212Z""},{""type"":""window-focus"",""detail"":{},""ts"":""2026-01-17T21:36:04.902Z""},{""type"":""click"",""detail"":{""tag"":""INPUT"",""name"":""investment_amount"",""id"":""id_investment_amount"",""type"":""text""},""ts"":""2026-01-17T21:36:04.962Z""},{""type"":""input"",""detail"":{""tag"":""INPUT"",""name"":""investment_amount"",""id"":""id_investment_amount"",""type"":""text""},""ts"":""2026-01-17T21:36:05.869Z""},{""type"":""click"",""detail"":{""tag"":""INPUT"",""name"":""return_forecast"",""id"":""id_return_forecast"",""type"":""text""},""ts"":""2026-01-17T21:36:07.067Z""},{""type"":""input"",""detail"":{""tag"":""INPUT"",""name"":""return_forecast"",""id"":""id_return_forecast"",""type"":""text""},""ts"":""2026-01-17T21:36:07.315Z""},{""type"":""click"",""detail"":{""tag"":""INPUT"",""name"":""imbalance_informative"",""id"":""id_imbalance_informative-0"",""type"":""radio""},""ts"":""2026-01-17T21:36:09.303Z""},{""type"":""input"",""detail"":{""tag"":""INPUT"",""name"":""imbalance_informative"",""id"":""id_imbalance_informative-0"",""type"":""radio""},""ts"":""2026-01-17T21:36:09.304Z""},{""type"":""click"",""detail"":{""tag"":""BUTTON"",""name"":null,""id"":null,""type"":""submit""},""ts"":""2026-01-17T21:36:10.439Z""},{""type"":""form-submit"",""detail"":{},""ts"":""2026-01-17T21:36:10.440Z""}]",1.0,5.67594590076985,1.0,97.27,3.0,99.27,,0,151ug4w3,,,,,0,1,1,1.0,1,1.3525303063608196,0,1.0,-0.6470914344781303,1.0,-1.129870255269997,6.0,-0.8020513707002012,1,0.42105263157894735,-0.7792401705178551,-1.0707978993162433,-2.03997595221337,10.1331033984203,-12.8998760055195,24.4408380673617,5.67594590076985,-0.40168687005772447,-1.0975990421999757,-0.7792401705178551,-0.7792401705178551,-0.7792401705178551,-1.0707978993162433,-1.0707978993162433,1.2766067937438883,0.6759459007698503
372,11,i76mujh9,5b99663d4cefb60001e7a214,0,49,52,post_exp,Demographics,2026-01-17 21:24:20.177255,1,,,1203.53,11,,100.0,1.591242056398486,,treatment,,0.0,6,0,0.0,,paid_data,0.0,2.4,"[{""type"":""page-load"",""detail"":{""path"":""/p/i76mujh9/main/Trade/45""},""ts"":""2026-01-17T21:43:04.648Z""},{""type"":""click"",""detail"":{""tag"":""INPUT"",""name"":""investment_amount"",""id"":""id_investment_amount"",""type"":""text""},""ts"":""2026-01-17T21:43:15.516Z""},{""type"":""input"",""detail"":{""tag"":""INPUT"",""name"":""investment_amount"",""id"":""id_investment_amount"",""type"":""text""},""ts"":""2026-01-17T21:43:16.462Z""},{""type"":""click"",""detail"":{""tag"":""INPUT"",""name"":""return_forecast"",""id"":""id_return_forecast"",""type"":""text""},""ts"":""2026-01-17T21:43:17.398Z""},{""type"":""input"",""detail"":{""tag"":""INPUT"",""name"":""return_forecast"",""id"":""id_return_forecast"",""type"":""text""},""ts"":""2026-01-17T21:43:18.595Z""},{""type"":""input"",""detail"":{""tag"":""INPUT"",""name"":""return_forecast"",""id"":""id_return_forecast"",""type"":""text""},""ts"":""2026-01-17T21:43:19.177Z""},{""type"":""click"",""detail"":{""tag"":""BUTTON"",""name"":null,""id"":null,""type"":""submit""},""ts"":""2026-01-17T21:43:20.046Z""},{""type"":""form-submit"",""detail"":{},""ts"":""2026-01-17T21:43:20.048Z""}]",,5.67594590076985,1.0,100.0,7.0,100.0,,0,151ug4w3,,,,,0,1,1,0.0,1,-0.5671901284738922,0,,,,-1.129870255269997,7.0,1.0330421654618591,0,0.0,-0.7792401705178551,-1.0707978993162433,-2.03997595221337,10.1331033984203,-12.8998760055195,24.4408380673617,5.67594590076985,-0.40168687005772447,-1.0975990421999757,-0.0,-0.7792401705178551,-0.7792401705178551,-0.0,-1.0707978993162433,1.2766067937438883,3.2759459007698504
373,12,rnucedhy,5a9fa90f873cda00010d29d8,0,52,52,post_exp,FinalForProlific,2026-01-17 21:24:40.341139,1,,,110.42,12,,100.57,1.591242056398486,,treatment,,0.0,14,0,0.0,,paid_data,10.0,9.0,"[{""type"":""page-load"",""detail"":{""path"":""/p/rnucedhy/main/Trade/45""},""ts"":""2026-01-17T21:41:03.840Z""},{""type"":""input"",""detail"":{""tag"":""INPUT"",""name"":""investment_amount"",""id"":""id_investment_amount"",""type"":""text""},""ts"":""2026-01-17T21:41:05.073Z""},{""type"":""click"",""detail"":{""tag"":""INPUT"",""name"":""investment_amount"",""id"":""id_investment_amount"",""type"":""text""},""ts"":""2026-01-17T21:41:05.113Z""},{""type"":""input"",""detail"":{""tag"":""INPUT"",""name"":""investment_amount"",""id"":""id_investment_amount"",""type"":""text""},""ts"":""2026-01-17T21:41:05.236Z""},{""type"":""click"",""detail"":{""tag"":""INPUT"",""name"":""return_forecast"",""id"":""id_return_forecast"",""type"":""text""},""ts"":""2026-01-17T21:41:06.665Z""},{""type"":""input"",""detail"":{""tag"":""INPUT"",""name"":""return_forecast"",""id"":""id_return_forecast"",""type"":""text""},""ts"":""2026-01-17T21:41:07.587Z""},{""type"":""click"",""detail"":{""tag"":""BUTTON"",""name"":null,""id"":null,""type"":""submit""},""ts"":""2026-01-17T21:41:09.066Z""},{""type"":""form-submit"",""detail"":{},""ts"":""2026-01-17T21:41:09.066Z""}]",,5.67594590076985,1.0,100.57,4.0,100.57,,0,151ug4w3,,,,,0,1,1,0.0,1,-0.5671901284738922,0,0.0,-1.070422279463823,1.0,-1.129870255269997,9.0,1.8800084129212717,0,0.1,-0.7792401705178551,-1.0707978993162433,-2.03997595221337,10.1331033984203,-12.8998760055195,24.4408380673617,5.67594590076985,-0.40168687005772447,-1.0975990421999757,-0.0,-0.7792401705178551,-0.7792401705178551,-0.0,-1.0707978993162433,1.2766067937438883,3.3240540992301497
374,13,0agbbz6t,64e6b4025cbe79c020343121,0,52,52,post_exp,FinalForProlific,2026-01-17 21:25:07.530984,1,,,107.83,13,,101.08,1.591242056398486,,control,,0.0,9,1,-1.0,,free_data,19.0,8.0,"[{""type"":""page-load"",""detail"":{""path"":""/p/0agbbz6t/main/Trade/45""},""ts"":""2026-01-17T21:34:02.205Z""},{""type"":""click"",""detail"":{""tag"":""INPUT"",""name"":""investment_amount"",""id"":""id_investment_amount"",""type"":""text""},""ts"":""2026-01-17T21:34:04.503Z""},{""type"":""input"",""detail"":{""tag"":""INPUT"",""name"":""investment_amount"",""id"":""id_investment_amount"",""type"":""text""},""ts"":""2026-01-17T21:34:05.118Z""},{""type"":""input"",""detail"":{""tag"":""INPUT"",""name"":""investment_amount"",""id"":""id_investment_amount"",""type"":""text""},""ts"":""2026-01-17T21:34:05.938Z""},{""type"":""click"",""detail"":{""tag"":""INPUT"",""name"":""imbalance_informative"",""id"":""id_imbalance_informative-1"",""type"":""radio""},""ts"":""2026-01-17T21:34:07.651Z""},{""type"":""input"",""detail"":{""tag"":""INPUT"",""name"":""imbalance_informative"",""id"":""id_imbalance_informative-1"",""type"":""radio""},""ts"":""2026-01-17T21:34:07.652Z""},{""type"":""click"",""detail"":{""tag"":""INPUT"",""name"":""return_forecast"",""id"":""id_return_forecast"",""type"":""text""},""ts"":""2026-01-17T21:34:08.130Z""},{""type"":""input"",""detail"":{""tag"":""INPUT"",""name"":""return_forecast"",""id"":""id_return_forecast"",""type"":""text""},""ts"":""2026-01-17T21:34:08.549Z""},{""type"":""click"",""detail"":{""tag"":""BUTTON"",""name"":null,""id"":null,""type"":""submit""},""ts"":""2026-01-17T21:34:09.859Z""},{""type"":""form-submit"",""detail"":{},""ts"":""2026-01-17T21:34:09.859Z""}]",0.0,5.67594590076985,1.0,101.08,5.0,101.08,,0,151ug4w3,,,,,0,0,0,-0.0,0,-1.0471202371825696,0,1.0,0.19957025549325483,1.0,-0.5894975244886941,9.0,2.23291101602936,0,0.19,-0.7792401705178551,-1.0707978993162433,-2.03997595221337,10.1331033984203,-12.8998760055195,24.4408380673617,5.67594590076985,-0.40168687005772447,-1.0975990421999757,0.0,-0.0,-0.0,0.0,-0.0,0.3475073313782985,2.3240540992301497
375,14,vyd28ofr,66e74ca113f609cd2a13df59,0,52,52,post_exp,FinalForProlific,2026-01-17 21:25:37.276893,1,,,126.77,14,,99.41,1.591242056398486,,treatment,,0.0,11,1,1.0,,paid_data,60.0,10.0,"[{""type"":""page-load"",""detail"":{""path"":""/p/vyd28ofr/main/Trade/45""},""ts"":""2026-01-17T21:37:47.007Z""},{""type"":""click"",""detail"":{""tag"":""INPUT"",""name"":""investment_amount"",""id"":""id_investment_amount"",""type"":""text""},""ts"":""2026-01-17T21:37:50.911Z""},{""type"":""input"",""detail"":{""tag"":""INPUT"",""name"":""investment_amount"",""id"":""id_investment_amount"",""type"":""text""},""ts"":""2026-01-17T21:37:51.915Z""},{""type"":""input"",""detail"":{""tag"":""INPUT"",""name"":""investment_amount"",""id"":""id_investment_amount"",""type"":""text""},""ts"":""2026-01-17T21:37:52.463Z""},{""type"":""click"",""detail"":{""tag"":""LABEL"",""name"":null,""id"":null,""type"":null},""ts"":""2026-01-17T21:37:53.961Z""},{""type"":""click"",""detail"":{""tag"":""INPUT"",""name"":""imbalance_informative"",""id"":""id_imbalance_informative-0"",""type"":""radio""},""ts"":""2026-01-17T21:37:53.962Z""},{""type"":""input"",""detail"":{""tag"":""INPUT"",""name"":""imbalance_informative"",""id"":""id_imbalance_informative-0"",""type"":""radio""},""ts"":""2026-01-17T21:37:53.962Z""},{""type"":""click"",""detail"":{""tag"":""INPUT"",""name"":""return_forecast"",""id"":""id_return_forecast"",""type"":""text""},""ts"":""2026-01-17T21:37:55.115Z""},{""type"":""window-blur"",""detail"":{},""ts"":""2026-01-17T21:37:55.799Z""},{""type"":""window-focus"",""detail"":{},""ts"":""2026-01-17T21:38:03.031Z""},{""type"":""click"",""detail"":{""tag"":""INPUT"",""name"":""return_forecast"",""id"":""id_return_forecast"",""type"":""text""},""ts"":""2026-01-17T21:38:03.036Z""},{""type"":""input"",""detail"":{""tag"":""INPUT"",""name"":""return_forecast"",""id"":""id_return_forecast"",""type"":""text""},""ts"":""2026-01-17T21:38:04.286Z""},{""type"":""input"",""detail"":{""tag"":""INPUT"",""name"":""return_forecast"",""id"":""id_return_forecast"",""type"":""text""},""ts"":""2026-01-17T21:38:05.017Z""},{""type"":""click"",""detail"":{""tag"":""BUTTON"",""name"":null,""id"":null,""type"":""submit""},""ts"":""2026-01-17T21:38:05.492Z""},{""type"":""form-submit"",""detail"":{},""ts"":""2026-01-17T21:38:05.498Z""}]",1.0,5.67594590076985,1.0,98.41,6.0,99.41,,0,151ug4w3,,,,,0,1,1,1.0,1,0.392670088943464,0,0.0,0.9615657764675015,1.0,-0.04912479370739113,5.0,-0.5197292882137304,1,0.631578947368421,-0.7792401705178551,-1.0707978993162433,-2.03997595221337,10.1331033984203,-12.8998760055195,24.4408380673617,5.67594590076985,-0.40168687005772447,-1.0975990421999757,-0.7792401705178551,-0.7792401705178551,-0.7792401705178551,-1.0707978993162433,-1.0707978993162433,0.0024132453567937352,4.32405409923015
376,15,p639azxy,6965b338f069222c10b2bdc9,0,52,52,post_exp,FinalForProlific,2026-01-17 21:26:31.341396,1,,,118.08,15,,99.41,1.591242056398486,,treatment,,0.0,9,1,1.0,,paid_data,60.0,8.0,"[{""type"":""page-load"",""detail"":{""path"":""/p/p639azxy/main/Trade/45""},""ts"":""2026-01-17T21:41:21.839Z""},{""type"":""click"",""detail"":{""tag"":""INPUT"",""name"":""investment_amount"",""id"":""id_investment_amount"",""type"":""text""},""ts"":""2026-01-17T21:41:28.213Z""},{""type"":""input"",""detail"":{""tag"":""INPUT"",""name"":""investment_amount"",""id"":""id_investment_amount"",""type"":""text""},""ts"":""2026-01-17T21:41:29.721Z""},{""type"":""click"",""detail"":{""tag"":""LABEL"",""name"":null,""id"":null,""type"":null},""ts"":""2026-01-17T21:41:30.464Z""},{""type"":""click"",""detail"":{""tag"":""INPUT"",""name"":""imbalance_informative"",""id"":""id_imbalance_informative-0"",""type"":""radio""},""ts"":""2026-01-17T21:41:30.466Z""},{""type"":""input"",""detail"":{""tag"":""INPUT"",""name"":""imbalance_informative"",""id"":""id_imbalance_informative-0"",""type"":""radio""},""ts"":""2026-01-17T21:41:30.466Z""},{""type"":""click"",""detail"":{""tag"":""INPUT"",""name"":""return_forecast"",""id"":""id_return_forecast"",""type"":""text""},""ts"":""2026-01-17T21:41:31.497Z""},{""type"":""input"",""detail"":{""tag"":""INPUT"",""name"":""return_forecast"",""id"":""id_return_forecast"",""type"":""text""},""ts"":""2026-01-17T21:41:32.674Z""},{""type"":""click"",""detail"":{""tag"":""BUTTON"",""name"":null,""id"":null,""type"":""submit""},""ts"":""2026-01-17T21:41:33.181Z""},{""type"":""form-submit"",""detail"":{},""ts"":""2026-01-17T21:41:33.183Z""}]",1.0,5.67594590076985,1.0,98.41,6.0,99.41,,0,151ug4w3,,,,,0,1,1,1.0,1,-0.08726001976521408,1,0.0,-0.3930929274867148,1.0,-0.04912479370739113,6.0,0.25665643862406434,1,0.631578947368421,-0.7792401705178551,-1.0707978993162433,-2.03997595221337,10.1331033984203,-12.8998760055195,24.4408380673617,5.67594590076985,-0.40168687005772447,-1.0975990421999757,-0.7792401705178551,-0.7792401705178551,-0.7792401705178551,-1.0707978993162433,-1.0707978993162433,0.0024132453567937352,2.3240540992301497
377,16,sw8lem34,677346f91e35f1cb1e647c34,0,49,52,post_exp,Demographics,2026-01-17 21:26:45.318628,1,,,1199.47,16,,99.12,1.591242056398486,,treatment,,0.0,9,1,1.0,,paid_data,55.0,17.0,"[{""type"":""page-load"",""detail"":{""path"":""/p/sw8lem34/main/Trade/45""},""ts"":""2026-01-17T21:40:46.674Z""},{""type"":""click"",""detail"":{""tag"":""INPUT"",""name"":""investment_amount"",""id"":""id_investment_amount"",""type"":""text""},""ts"":""2026-01-17T21:40:51.503Z""},{""type"":""input"",""detail"":{""tag"":""INPUT"",""name"":""investment_amount"",""id"":""id_investment_amount"",""type"":""text""},""ts"":""2026-01-17T21:40:52.607Z""},{""type"":""click"",""detail"":{""tag"":""INPUT"",""name"":""imbalance_informative"",""id"":""id_imbalance_informative-0"",""type"":""radio""},""ts"":""2026-01-17T21:40:53.638Z""},{""type"":""input"",""detail"":{""tag"":""INPUT"",""name"":""imbalance_informative"",""id"":""id_imbalance_informative-0"",""type"":""radio""},""ts"":""2026-01-17T21:40:53.638Z""},{""type"":""click"",""detail"":{""tag"":""INPUT"",""name"":""return_forecast"",""id"":""id_return_forecast"",""type"":""text""},""ts"":""2026-01-17T21:40:54.466Z""},{""type"":""input"",""detail"":{""tag"":""INPUT"",""name"":""return_forecast"",""id"":""id_return_forecast"",""type"":""text""},""ts"":""2026-01-17T21:40:57.253Z""},{""type"":""click"",""detail"":{""tag"":""BUTTON"",""name"":null,""id"":null,""type"":""submit""},""ts"":""2026-01-17T21:40:57.895Z""},{""type"":""form-submit"",""detail"":{},""ts"":""2026-01-17T21:40:57.901Z""}]",1.0,5.67594590076985,1.0,98.12,6.0,99.12,,0,151ug4w3,,,,,0,1,1,1.0,1,0.392670088943464,0,,,,-0.04912479370739113,5.0,-0.5197292882137304,1,0.5789473684210527,-0.7792401705178551,-1.0707978993162433,-2.03997595221337,10.1331033984203,-12.8998760055195,24.4408380673617,5.67594590076985,-0.40168687005772447,-1.0975990421999757,-0.7792401705178551,-0.7792401705178551,-0.7792401705178551,-1.0707978993162433,-1.0707978993162433,0.0024132453567937352,11.32405409923015
378,17,3v5sipps,695bd4f6bbdb5a636882ce78,0,52,52,post_exp,FinalForProlific,2026-01-17 21:26:53.633718,1,,,118.89,17,,106.68,1.591242056398486,,control,,0.0,9,1,-1.0,,free_data,100.0,10.0,"[{""type"":""page-load"",""detail"":{""path"":""/p/3v5sipps/main/Trade/45""},""ts"":""2026-01-17T21:36:12.066Z""},{""type"":""click"",""detail"":{""tag"":""INPUT"",""name"":""investment_amount"",""id"":""id_investment_amount"",""type"":""text""},""ts"":""2026-01-17T21:36:14.338Z""},{""type"":""input"",""detail"":{""tag"":""INPUT"",""name"":""investment_amount"",""id"":""id_investment_amount"",""type"":""text""},""ts"":""2026-01-17T21:36:14.534Z""},{""type"":""click"",""detail"":{""tag"":""INPUT"",""name"":""imbalance_informative"",""id"":""id_imbalance_informative-0"",""type"":""radio""},""ts"":""2026-01-17T21:36:15.887Z""},{""type"":""input"",""detail"":{""tag"":""INPUT"",""name"":""imbalance_informative"",""id"":""id_imbalance_informative-0"",""type"":""radio""},""ts"":""2026-01-17T21:36:15.887Z""},{""type"":""click"",""detail"":{""tag"":""INPUT"",""name"":""return_forecast"",""id"":""id_return_forecast"",""type"":""text""},""ts"":""2026-01-17T21:36:16.621Z""},{""type"":""input"",""detail"":{""tag"":""INPUT"",""name"":""return_forecast"",""id"":""id_return_forecast"",""type"":""text""},""ts"":""2026-01-17T21:36:16.777Z""},{""type"":""click"",""detail"":{""tag"":""BUTTON"",""name"":null,""id"":null,""type"":""submit""},""ts"":""2026-01-17T21:36:17.855Z""},{""type"":""form-submit"",""detail"":{},""ts"":""2026-01-17T21:36:17.856Z""}]",1.0,5.67594590076985,1.0,105.68,6.0,106.68,,0,151ug4w3,,,,,0,0,0,-0.0,0,-1.5270503458912477,0,0.0,0.36890259348753185,0.0,-0.5894975244886941,3.0,0.04491487675921132,0,1.0,-0.7792401705178551,-1.0707978993162433,-2.03997595221337,10.1331033984203,-12.8998760055195,24.4408380673617,5.67594590076985,-0.40168687005772447,-1.0975990421999757,0.0,-0.0,-0.0,0.0,-0.0,0.3475073313782985,4.32405409923015
379,19,6xawj670,69419dd351c8c6866590c254,0,52,52,post_exp,FinalForProlific,2026-01-17 21:28:19.710613,1,,,104.78,19,,96.57,1.591242056398486,,treatment,,0.0,6,1,1.0,,paid_data,10.0,-20.0,"[{""type"":""page-load"",""detail"":{""path"":""/p/6xawj670/main/Trade/45""},""ts"":""2026-01-17T22:14:17.349Z""},{""type"":""input"",""detail"":{""tag"":""INPUT"",""name"":""return_forecast"",""id"":""id_return_forecast"",""type"":""text""},""ts"":""2026-01-17T22:14:21.056Z""},{""type"":""input"",""detail"":{""tag"":""INPUT"",""name"":""return_forecast"",""id"":""id_return_forecast"",""type"":""text""},""ts"":""2026-01-17T22:14:22.528Z""},{""type"":""input"",""detail"":{""tag"":""INPUT"",""name"":""return_forecast"",""id"":""id_return_forecast"",""type"":""text""},""ts"":""2026-01-17T22:14:23.200Z""},{""type"":""click"",""detail"":{""tag"":""BUTTON"",""name"":null,""id"":null,""type"":""submit""},""ts"":""2026-01-17T22:14:24.366Z""},{""type"":""form-submit"",""detail"":{},""ts"":""2026-01-17T22:14:24.366Z""}]",1.0,5.67594590076985,1.0,95.57,3.0,96.57,,0,151ug4w3,,,,,0,1,1,1.0,1,-0.5671901284738922,0,0.0,-1.7477516314409312,0.0,-0.5894975244886941,4.0,-0.23740720572725918,1,0.10526315789473684,-0.7792401705178551,-1.0707978993162433,-2.03997595221337,10.1331033984203,-12.8998760055195,24.4408380673617,5.67594590076985,-0.40168687005772447,-1.0975990421999757,-0.7792401705178551,-0.7792401705178551,-0.7792401705178551,-1.0707978993162433,-1.0707978993162433,0.3475073313782985,25.67594590076985
380,20,cx4xx3np,61576d2fde97a7adb4b6a193,0,49,52,post_exp,Demographics,2026-01-17 21:28:27.073012,1,,,1213.01,20,,96.82,1.591242056398486,,treatment,,0.0,12,1,1.0,,paid_data,32.0,-6.0,"[{""type"":""page-load"",""detail"":{""path"":""/p/cx4xx3np/main/Trade/45""},""ts"":""2026-01-17T21:40:47.194Z""},{""type"":""click"",""detail"":{""tag"":""INPUT"",""name"":""investment_amount"",""id"":""id_investment_amount"",""type"":""text""},""ts"":""2026-01-17T21:40:58.635Z""},{""type"":""input"",""detail"":{""tag"":""INPUT"",""name"":""investment_amount"",""id"":""id_investment_amount"",""type"":""text""},""ts"":""2026-01-17T21:41:00.629Z""},{""type"":""input"",""detail"":{""tag"":""INPUT"",""name"":""investment_amount"",""id"":""id_investment_amount"",""type"":""text""},""ts"":""2026-01-17T21:41:01.746Z""},{""type"":""click"",""detail"":{""tag"":""INPUT"",""name"":""imbalance_informative"",""id"":""id_imbalance_informative-1"",""type"":""radio""},""ts"":""2026-01-17T21:41:03.152Z""},{""type"":""input"",""detail"":{""tag"":""INPUT"",""name"":""imbalance_informative"",""id"":""id_imbalance_informative-1"",""type"":""radio""},""ts"":""2026-01-17T21:41:03.152Z""},{""type"":""click"",""detail"":{""tag"":""INPUT"",""name"":""return_forecast"",""id"":""id_return_forecast"",""type"":""text""},""ts"":""2026-01-17T21:41:04.026Z""},{""type"":""input"",""detail"":{""tag"":""INPUT"",""name"":""return_forecast"",""id"":""id_return_forecast"",""type"":""text""},""ts"":""2026-01-17T21:41:04.978Z""},{""type"":""input"",""detail"":{""tag"":""INPUT"",""name"":""return_forecast"",""id"":""id_return_forecast"",""type"":""text""},""ts"":""2026-01-17T21:41:06.577Z""},{""type"":""window-blur"",""detail"":{},""ts"":""2026-01-17T21:41:06.907Z""},{""type"":""window-focus"",""detail"":{},""ts"":""2026-01-17T21:41:08.084Z""},{""type"":""click"",""detail"":{""tag"":""BUTTON"",""name"":null,""id"":null,""type"":""submit""},""ts"":""2026-01-17T21:41:08.087Z""},{""type"":""form-submit"",""detail"":{},""ts"":""2026-01-17T21:41:08.092Z""}]",0.0,5.67594590076985,1.0,96.82,5.0,96.82,,0,151ug4w3,,,,,0,1,1,1.0,1,-1.0471202371825696,0,,,,1.5719933986365178,7.0,1.3859447685699473,1,0.3368421052631579,-0.7792401705178551,-1.0707978993162433,-2.03997595221337,10.1331033984203,-12.8998760055195,24.4408380673617,5.67594590076985,-0.40168687005772447,-1.0975990421999757,-0.7792401705178551,-0.7792401705178551,-0.7792401705178551,-1.0707978993162433,-1.0707978993162433,2.4711632453567898,11.67594590076985
381,22,gi3vvfez,676e6f5eb2e5690f74382e58,0,52,52,post_exp,FinalForProlific,2026-01-17 21:30:49.464898,1,,,114.35,22,,105.68,1.591242056398486,,treatment,,0.0,13,0,0.0,,paid_data,100.0,8.0,"[{""type"":""page-load"",""detail"":{""path"":""/p/gi3vvfez/main/Trade/45""},""ts"":""2026-01-17T21:48:33.161Z""},{""type"":""click"",""detail"":{""tag"":""INPUT"",""name"":""investment_amount"",""id"":""id_investment_amount"",""type"":""text""},""ts"":""2026-01-17T21:48:37.628Z""},{""type"":""input"",""detail"":{""tag"":""INPUT"",""name"":""investment_amount"",""id"":""id_investment_amount"",""type"":""text""},""ts"":""2026-01-17T21:48:38.259Z""},{""type"":""input"",""detail"":{""tag"":""INPUT"",""name"":""return_forecast"",""id"":""id_return_forecast"",""type"":""text""},""ts"":""2026-01-17T21:48:42.742Z""},{""type"":""click"",""detail"":{""tag"":""BUTTON"",""name"":null,""id"":null,""type"":""submit""},""ts"":""2026-01-17T21:48:46.142Z""},{""type"":""form-submit"",""detail"":{},""ts"":""2026-01-17T21:48:46.143Z""}]",,5.67594590076985,1.0,105.68,3.0,105.68,,0,151ug4w3,,,,,0,1,1,0.0,1,0.392670088943464,0,0.0,0.36890259348753185,0.0,0.4912479370739118,3.0,-1.366695535673143,0,1.0,-0.7792401705178551,-1.0707978993162433,-2.03997595221337,10.1331033984203,-12.8998760055195,24.4408380673617,5.67594590076985,-0.40168687005772447,-1.0975990421999757,-0.0,-0.7792401705178551,-0.7792401705178551,-0.0,-1.0707978993162433,0.241324535679374,2.3240540992301497
382,24,1li97jle,563f734bcbd4c60005dc9442,0,49,52,post_exp,Demographics,2026-01-17 21:34:31.158499,1,,,1302.85,24,,105.68,1.591242056398486,,treatment,,0.0,10,0,0.0,,paid_data,100.0,21.0,"[{""type"":""page-load"",""detail"":{""path"":""/p/1li97jle/main/Trade/45""},""ts"":""2026-01-17T21:41:35.749Z""},{""type"":""click"",""detail"":{""tag"":""INPUT"",""name"":""investment_amount"",""id"":""id_investment_amount"",""type"":""text""},""ts"":""2026-01-17T21:41:37.991Z""},{""type"":""input"",""detail"":{""tag"":""INPUT"",""name"":""investment_amount"",""id"":""id_investment_amount"",""type"":""text""},""ts"":""2026-01-17T21:41:38.723Z""},{""type"":""click"",""detail"":{""tag"":""INPUT"",""name"":""return_forecast"",""id"":""id_return_forecast"",""type"":""text""},""ts"":""2026-01-17T21:41:39.774Z""},{""type"":""input"",""detail"":{""tag"":""INPUT"",""name"":""return_forecast"",""id"":""id_return_forecast"",""type"":""text""},""ts"":""2026-01-17T21:41:42.478Z""},{""type"":""click"",""detail"":{""tag"":""BUTTON"",""name"":null,""id"":null,""type"":""submit""},""ts"":""2026-01-17T21:41:43.239Z""},{""type"":""form-submit"",""detail"":{},""ts"":""2026-01-17T21:41:43.242Z""}]",,5.67594590076985,1.0,105.68,4.0,105.68,,0,151ug4w3,,,,,0,1,1,0.0,1,0.392670088943464,0,,,,-1.129870255269997,7.0,0.3272369592456818,0,1.0,-0.7792401705178551,-1.0707978993162433,-2.03997595221337,10.1331033984203,-12.8998760055195,24.4408380673617,5.67594590076985,-0.40168687005772447,-1.0975990421999757,-0.0,-0.7792401705178551,-0.7792401705178551,-0.0,-1.0707978993162433,1.2766067937438883,15.32405409923015
383,26,8vxh54dk,672eda41e28ba46f845249df,0,52,52,post_exp,FinalForProlific,2026-01-17 21:37:19.026422,1,,,108.92,26,,98.41,1.591242056398486,,treatment,,0.0,6,1,1.0,,paid_data,60.0,10.0,"[{""type"":""page-load"",""detail"":{""path"":""/p/8vxh54dk/main/Trade/45""},""ts"":""2026-01-17T21:52:01.102Z""},{""type"":""right-click"",""detail"":{""x"":839,""y"":478,""target"":""IMG""},""ts"":""2026-01-17T21:52:02.021Z""},{""type"":""contextmenu"",""detail"":{""x"":839,""y"":478,""target"":""IMG""},""ts"":""2026-01-17T21:52:02.083Z""},{""type"":""window-blur"",""detail"":{},""ts"":""2026-01-17T21:52:03.261Z""},{""type"":""visibilitychange"",""detail"":{""state"":""hidden""},""ts"":""2026-01-17T21:52:03.264Z""},{""type"":""visibilitychange"",""detail"":{""state"":""visible""},""ts"":""2026-01-17T21:52:22.983Z""},{""type"":""window-focus"",""detail"":{},""ts"":""2026-01-17T21:52:22.987Z""},{""type"":""click"",""detail"":{""tag"":""INPUT"",""name"":""investment_amount"",""id"":""id_investment_amount"",""type"":""text""},""ts"":""2026-01-17T21:52:24.547Z""},{""type"":""input"",""detail"":{""tag"":""INPUT"",""name"":""investment_amount"",""id"":""id_investment_amount"",""type"":""text""},""ts"":""2026-01-17T21:52:26.177Z""},{""type"":""click"",""detail"":{""tag"":""INPUT"",""name"":""imbalance_informative"",""id"":""id_imbalance_informative-1"",""type"":""radio""},""ts"":""2026-01-17T21:52:28.283Z""},{""type"":""input"",""detail"":{""tag"":""INPUT"",""name"":""imbalance_informative"",""id"":""id_imbalance_informative-1"",""type"":""radio""},""ts"":""2026-01-17T21:52:28.283Z""},{""type"":""click"",""detail"":{""tag"":""INPUT"",""name"":""return_forecast"",""id"":""id_return_forecast"",""type"":""text""},""ts"":""2026-01-17T21:52:28.701Z""},{""type"":""input"",""detail"":{""tag"":""INPUT"",""name"":""return_forecast"",""id"":""id_return_forecast"",""type"":""text""},""ts"":""2026-01-17T21:52:29.527Z""},{""type"":""click"",""detail"":{""tag"":""BUTTON"",""name"":null,""id"":null,""type"":""submit""},""ts"":""2026-01-17T21:52:30.967Z""},{""type"":""form-submit"",""detail"":{},""ts"":""2026-01-17T21:52:30.968Z""}]",0.0,5.67594590076985,1.0,98.41,9.0,98.41,,0,151ug4w3,,,,,0,1,1,1.0,1,0.392670088943464,1,1.0,2.485556818415995,1.0,-1.129870255269997,8.0,0.7507200829753884,1,0.631578947368421,-0.7792401705178551,-1.0707978993162433,-2.03997595221337,10.1331033984203,-12.8998760055195,24.4408380673617,5.67594590076985,-0.40168687005772447,-1.0975990421999757,-0.7792401705178551,-0.7792401705178551,-0.7792401705178551,-1.0707978993162433,-1.0707978993162433,1.2766067937438883,4.32405409923015
384,27,iwq8bj53,6272b9dfc470a51d5fa0e6ea,0,52,52,post_exp,FinalForProlific,2026-01-17 21:42:24.321475,1,,,114.56,27,,106.68,1.591242056398486,,treatment,,0.0,12,0,0.0,,paid_data,100.0,5.0,"[{""type"":""page-load"",""detail"":{""path"":""/p/iwq8bj53/main/Trade/45""},""ts"":""2026-01-17T21:56:42.279Z""},{""type"":""click"",""detail"":{""tag"":""INPUT"",""name"":""investment_amount"",""id"":""id_investment_amount"",""type"":""text""},""ts"":""2026-01-17T21:56:50.020Z""},{""type"":""input"",""detail"":{""tag"":""INPUT"",""name"":""investment_amount"",""id"":""id_investment_amount"",""type"":""text""},""ts"":""2026-01-17T21:56:50.757Z""},{""type"":""input"",""detail"":{""tag"":""INPUT"",""name"":""investment_amount"",""id"":""id_investment_amount"",""type"":""text""},""ts"":""2026-01-17T21:56:51.444Z""},{""type"":""click"",""detail"":{""tag"":""INPUT"",""name"":""return_forecast"",""id"":""id_return_forecast"",""type"":""text""},""ts"":""2026-01-17T21:56:52.356Z""},{""type"":""input"",""detail"":{""tag"":""INPUT"",""name"":""return_forecast"",""id"":""id_return_forecast"",""type"":""text""},""ts"":""2026-01-17T21:56:52.696Z""},{""type"":""click"",""detail"":{""tag"":""BUTTON"",""name"":null,""id"":null,""type"":""submit""},""ts"":""2026-01-17T21:56:53.988Z""},{""type"":""form-submit"",""detail"":{},""ts"":""2026-01-17T21:56:53.989Z""}]",,5.67594590076985,1.0,105.68,3.0,106.68,,0,151ug4w3,,,,,0,1,1,0.0,1,0.392670088943464,0,1.0,0.4535687624846704,1.0,0.4912479370739118,7.0,0.3272369592456818,0,1.0,-0.7792401705178551,-1.0707978993162433,-2.03997595221337,10.1331033984203,-12.8998760055195,24.4408380673617,5.67594590076985,-0.40168687005772447,-1.0975990421999757,-0.0,-0.7792401705178551,-0.7792401705178551,-0.0,-1.0707978993162433,0.241324535679374,0.6759459007698503
385,28,5uy60pw0,5d6349209b22da000117b1bd,0,52,52,post_exp,FinalForProlific,2026-01-17 21:44:53.042884,1,,,109.31,28,,97.14,1.591242056398486,,treatment,,0.0,4,1,1.0,,paid_data,20.0,2.0,"[{""type"":""page-load"",""detail"":{""path"":""/p/5uy60pw0/main/Trade/45""},""ts"":""2026-01-17T22:05:34.263Z""},{""type"":""click"",""detail"":{""tag"":""INPUT"",""name"":""imbalance_informative"",""id"":""id_imbalance_informative-0"",""type"":""radio""},""ts"":""2026-01-17T22:05:50.473Z""},{""type"":""input"",""detail"":{""tag"":""INPUT"",""name"":""imbalance_informative"",""id"":""id_imbalance_informative-0"",""type"":""radio""},""ts"":""2026-01-17T22:05:50.473Z""},{""type"":""click"",""detail"":{""tag"":""INPUT"",""name"":""return_forecast"",""id"":""id_return_forecast"",""type"":""text""},""ts"":""2026-01-17T22:06:02.003Z""},{""type"":""input"",""detail"":{""tag"":""INPUT"",""name"":""return_forecast"",""id"":""id_return_forecast"",""type"":""text""},""ts"":""2026-01-17T22:06:02.799Z""},{""type"":""click"",""detail"":{""tag"":""INPUT"",""name"":""investment_amount"",""id"":""id_investment_amount"",""type"":""text""},""ts"":""2026-01-17T22:06:05.211Z""},{""type"":""input"",""detail"":{""tag"":""INPUT"",""name"":""investment_amount"",""id"":""id_investment_amount"",""type"":""text""},""ts"":""2026-01-17T22:06:06.634Z""},{""type"":""click"",""detail"":{""tag"":""BUTTON"",""name"":null,""id"":null,""type"":""submit""},""ts"":""2026-01-17T22:06:09.032Z""},{""type"":""form-submit"",""detail"":{},""ts"":""2026-01-17T22:06:09.033Z""}]",1.0,5.67594590076985,1.0,96.14,7.0,97.14,,0,151ug4w3,,,,,0,1,1,1.0,1,0.392670088943464,0,0.0,0.36890259348753185,0.0,-0.04912479370739113,7.0,0.3272369592456818,1,0.21052631578947367,-0.7792401705178551,-1.0707978993162433,-2.03997595221337,10.1331033984203,-12.8998760055195,24.4408380673617,5.67594590076985,-0.40168687005772447,-1.0975990421999757,-0.7792401705178551,-0.7792401705178551,-0.7792401705178551,-1.0707978993162433,-1.0707978993162433,0.0024132453567937352,3.6759459007698503
386,29,r8rvnx27,60e769ec9858960e8ad00886,0,52,52,post_exp,FinalForProlific,2026-01-17 21:45:48.803289,1,,,114.24,29,,100.0,1.591242056398486,,control,,0.0,4,1,-1.0,,free_data,0.0,-2.0,"[{""type"":""page-load"",""detail"":{""path"":""/p/r8rvnx27/main/Trade/45""},""ts"":""2026-01-17T22:01:16.820Z""},{""type"":""click"",""detail"":{""tag"":""INPUT"",""name"":""imbalance_informative"",""id"":""id_imbalance_informative-1"",""type"":""radio""},""ts"":""2026-01-17T22:01:32.846Z""},{""type"":""input"",""detail"":{""tag"":""INPUT"",""name"":""imbalance_informative"",""id"":""id_imbalance_informative-1"",""type"":""radio""},""ts"":""2026-01-17T22:01:32.846Z""},{""type"":""click"",""detail"":{""tag"":""INPUT"",""name"":""investment_amount"",""id"":""id_investment_amount"",""type"":""text""},""ts"":""2026-01-17T22:01:34.393Z""},{""type"":""input"",""detail"":{""tag"":""INPUT"",""name"":""investment_amount"",""id"":""id_investment_amount"",""type"":""text""},""ts"":""2026-01-17T22:01:41.272Z""},{""type"":""click"",""detail"":{""tag"":""INPUT"",""name"":""return_forecast"",""id"":""id_return_forecast"",""type"":""text""},""ts"":""2026-01-17T22:01:41.993Z""},{""type"":""input"",""detail"":{""tag"":""INPUT"",""name"":""return_forecast"",""id"":""id_return_forecast"",""type"":""text""},""ts"":""2026-01-17T22:01:43.863Z""},{""type"":""input"",""detail"":{""tag"":""INPUT"",""name"":""return_forecast"",""id"":""id_return_forecast"",""type"":""text""},""ts"":""2026-01-17T22:01:44.401Z""},{""type"":""click"",""detail"":{""tag"":""BUTTON"",""name"":null,""id"":null,""type"":""submit""},""ts"":""2026-01-17T22:01:45.445Z""},{""type"":""form-submit"",""detail"":{},""ts"":""2026-01-17T22:01:45.447Z""}]",0.0,5.67594590076985,1.0,100.0,11.0,100.0,,0,151ug4w3,,,,,0,0,0,-0.0,0,-0.08726001976521408,0,0.0,0.7922334384732245,0.0,0.4912479370739118,0.0,-2.2842423037541724,0,0.0,-0.7792401705178551,-1.0707978993162433,-2.03997595221337,10.1331033984203,-12.8998760055195,24.4408380673617,5.67594590076985,-0.40168687005772447,-1.0975990421999757,0.0,-0.0,-0.0,0.0,-0.0,0.241324535679374,7.67594590076985
387,30,9ioh8yjj,5a501c26eedc32000141f4f2,0,52,52,post_exp,FinalForProlific,2026-01-17 21:52:21.858087,1,,,110.45,30,,100.0,1.591242056398486,,treatment,,0.0,11,0,0.0,,paid_data,0.0,-10.0,"[{""type"":""page-load"",""detail"":{""path"":""/p/9ioh8yjj/main/Trade/45""},""ts"":""2026-01-17T22:48:36.707Z""},{""type"":""click"",""detail"":{""tag"":""INPUT"",""name"":""investment_amount"",""id"":""id_investment_amount"",""type"":""text""},""ts"":""2026-01-17T22:48:41.609Z""},{""type"":""input"",""detail"":{""tag"":""INPUT"",""name"":""investment_amount"",""id"":""id_investment_amount"",""type"":""text""},""ts"":""2026-01-17T22:48:42.271Z""},{""type"":""input"",""detail"":{""tag"":""INPUT"",""name"":""return_forecast"",""id"":""id_return_forecast"",""type"":""text""},""ts"":""2026-01-17T22:48:42.753Z""},{""type"":""click"",""detail"":{""tag"":""BUTTON"",""name"":null,""id"":null,""type"":""submit""},""ts"":""2026-01-17T22:48:43.938Z""},{""type"":""form-submit"",""detail"":{},""ts"":""2026-01-17T22:48:43.939Z""}]",,5.67594590076985,1.0,100.0,2.0,100.0,,0,151ug4w3,,,,,0,1,1,0.0,1,-2.4869105633086037,0,0.0,-1.409086955452377,1.0,2.1123661294178206,4.0,1.1742032067050947,0,0.0,-0.7792401705178551,-1.0707978993162433,-2.03997595221337,10.1331033984203,-12.8998760055195,24.4408380673617,5.67594590076985,-0.40168687005772447,-1.0975990421999757,-0.0,-0.7792401705178551,-0.7792401705178551,-0.0,-1.0707978993162433,4.462090664711625,15.67594590076985
388,31,joi0mcuh,69669328636e175b3d4155dc,0,52,52,post_exp,FinalForProlific,2026-01-17 21:52:45.868789,1,,,111.6,31,,96.0,1.591242056398486,,treatment,,0.0,8,1,1.0,,paid_data,0.0,-5.0,"[{""type"":""page-load"",""detail"":{""path"":""/p/joi0mcuh/main/Trade/45""},""ts"":""2026-01-17T22:13:41.677Z""},{""type"":""click"",""detail"":{""tag"":""INPUT"",""name"":""investment_amount"",""id"":""id_investment_amount"",""type"":""text""},""ts"":""2026-01-17T22:14:01.132Z""},{""type"":""input"",""detail"":{""tag"":""INPUT"",""name"":""investment_amount"",""id"":""id_investment_amount"",""type"":""text""},""ts"":""2026-01-17T22:14:01.785Z""},{""type"":""click"",""detail"":{""tag"":""INPUT"",""name"":""imbalance_informative"",""id"":""id_imbalance_informative-0"",""type"":""radio""},""ts"":""2026-01-17T22:14:03.449Z""},{""type"":""input"",""detail"":{""tag"":""INPUT"",""name"":""imbalance_informative"",""id"":""id_imbalance_informative-0"",""type"":""radio""},""ts"":""2026-01-17T22:14:03.449Z""},{""type"":""click"",""detail"":{""tag"":""INPUT"",""name"":""return_forecast"",""id"":""id_return_forecast"",""type"":""text""},""ts"":""2026-01-17T22:14:04.532Z""},{""type"":""input"",""detail"":{""tag"":""INPUT"",""name"":""return_forecast"",""id"":""id_return_forecast"",""type"":""text""},""ts"":""2026-01-17T22:14:08.044Z""},{""type"":""input"",""detail"":{""tag"":""INPUT"",""name"":""return_forecast"",""id"":""id_return_forecast"",""type"":""text""},""ts"":""2026-01-17T22:14:10.607Z""},{""type"":""click"",""detail"":{""tag"":""BUTTON"",""name"":null,""id"":null,""type"":""submit""},""ts"":""2026-01-17T22:14:12.465Z""},{""type"":""form-submit"",""detail"":{},""ts"":""2026-01-17T22:14:12.466Z""}]",1.0,5.67594590076985,1.0,95.0,7.0,96.0,,0,151ug4w3,,,,,0,1,1,1.0,1,1.3525303063608196,0,0.0,-0.22376058949243777,1.0,2.1123661294178206,8.0,0.044914876759211554,1,0.0,-0.7792401705178551,-1.0707978993162433,-2.03997595221337,10.1331033984203,-12.8998760055195,24.4408380673617,5.67594590076985,-0.40168687005772447,-1.0975990421999757,-0.7792401705178551,-0.7792401705178551,-0.7792401705178551,-1.0707978993162433,-1.0707978993162433,4.462090664711625,10.67594590076985
389,33,4tbjlhuv,598c4b28cceb0f0001b39675,0,52,52,post_exp,FinalForProlific,2026-01-17 21:57:26.669322,1,,,111.62,33,,102.14,1.591242056398486,,control,,0.0,6,1,-1.0,,free_data,20.0,-10.0,"[{""type"":""page-load"",""detail"":{""path"":""/p/4tbjlhuv/main/Trade/45""},""ts"":""2026-01-17T22:11:03.618Z""},{""type"":""click"",""detail"":{""tag"":""INPUT"",""name"":""investment_amount"",""id"":""id_investment_amount"",""type"":""text""},""ts"":""2026-01-17T22:11:11.920Z""},{""type"":""input"",""detail"":{""tag"":""INPUT"",""name"":""investment_amount"",""id"":""id_investment_amount"",""type"":""text""},""ts"":""2026-01-17T22:11:12.710Z""},{""type"":""click"",""detail"":{""tag"":""INPUT"",""name"":""imbalance_informative"",""id"":""id_imbalance_informative-0"",""type"":""radio""},""ts"":""2026-01-17T22:11:20.890Z""},{""type"":""input"",""detail"":{""tag"":""INPUT"",""name"":""imbalance_informative"",""id"":""id_imbalance_informative-0"",""type"":""radio""},""ts"":""2026-01-17T22:11:20.890Z""},{""type"":""click"",""detail"":{""tag"":""INPUT"",""name"":""return_forecast"",""id"":""id_return_forecast"",""type"":""text""},""ts"":""2026-01-17T22:11:23.475Z""},{""type"":""input"",""detail"":{""tag"":""INPUT"",""name"":""return_forecast"",""id"":""id_return_forecast"",""type"":""text""},""ts"":""2026-01-17T22:11:25.449Z""},{""type"":""input"",""detail"":{""tag"":""INPUT"",""name"":""return_forecast"",""id"":""id_return_forecast"",""type"":""text""},""ts"":""2026-01-17T22:11:26.045Z""},{""type"":""click"",""detail"":{""tag"":""BUTTON"",""name"":null,""id"":null,""type"":""submit""},""ts"":""2026-01-17T22:11:27.660Z""},{""type"":""form-submit"",""detail"":{},""ts"":""2026-01-17T22:11:27.660Z""}]",1.0,5.67594590076985,1.0,101.14,8.0,102.14,,0,151ug4w3,,,,,0,0,0,-0.0,0,0.8726001976521415,0,0.0,0.4535687624846704,1.0,-1.129870255269997,7.0,-0.025665643862406367,0,0.2,-0.7792401705178551,-1.0707978993162433,-2.03997595221337,10.1331033984203,-12.8998760055195,24.4408380673617,5.67594590076985,-0.40168687005772447,-1.0975990421999757,0.0,-0.0,-0.0,0.0,-0.0,1.2766067937438883,15.67594590076985
390,34,4pzjsb2b,67580f69a9a3cb759240904b,0,52,52,post_exp,FinalForProlific,2026-01-17 21:58:30.170718,1,,,106.49,34,,105.68,1.591242056398486,,treatment,,0.0,10,0,0.0,,paid_data,100.0,14.0,"[{""type"":""page-load"",""detail"":{""path"":""/p/4pzjsb2b/main/Trade/45""},""ts"":""2026-01-17T22:09:05.291Z""},{""type"":""click"",""detail"":{""tag"":""INPUT"",""name"":""investment_amount"",""id"":""id_investment_amount"",""type"":""text""},""ts"":""2026-01-17T22:09:11.648Z""},{""type"":""input"",""detail"":{""tag"":""INPUT"",""name"":""investment_amount"",""id"":""id_investment_amount"",""type"":""text""},""ts"":""2026-01-17T22:09:12.291Z""},{""type"":""input"",""detail"":{""tag"":""INPUT"",""name"":""investment_amount"",""id"":""id_investment_amount"",""type"":""text""},""ts"":""2026-01-17T22:09:12.916Z""},{""type"":""click"",""detail"":{""tag"":""INPUT"",""name"":""return_forecast"",""id"":""id_return_forecast"",""type"":""text""},""ts"":""2026-01-17T22:09:13.345Z""},{""type"":""input"",""detail"":{""tag"":""INPUT"",""name"":""return_forecast"",""id"":""id_return_forecast"",""type"":""text""},""ts"":""2026-01-17T22:09:13.807Z""},{""type"":""click"",""detail"":{""tag"":""BUTTON"",""name"":null,""id"":null,""type"":""submit""},""ts"":""2026-01-17T22:09:15.611Z""},{""type"":""form-submit"",""detail"":{},""ts"":""2026-01-17T22:09:15.612Z""}]",,5.67594590076985,1.0,105.68,4.0,105.68,,0,151ug4w3,,,,,0,1,1,0.0,1,1.3525303063608196,0,0.0,1.3002304524560555,1.0,-1.129870255269997,7.0,-0.378568246970495,0,1.0,-0.7792401705178551,-1.0707978993162433,-2.03997595221337,10.1331033984203,-12.8998760055195,24.4408380673617,5.67594590076985,-0.40168687005772447,-1.0975990421999757,-0.0,-0.7792401705178551,-0.7792401705178551,-0.0,-1.0707978993162433,1.2766067937438883,8.32405409923015
391,35,fcwg96au,5848ad3bdb871400012da095,0,52,52,post_exp,FinalForProlific,2026-01-17 22:00:16.297158,1,,,108.19,35,,97.84,1.591242056398486,,treatment,,0.0,10,1,1.0,,paid_data,50.0,15.0,"[{""type"":""page-load"",""detail"":{""path"":""/p/fcwg96au/main/Trade/45""},""ts"":""2026-01-17T22:10:56.813Z""},{""type"":""click"",""detail"":{""tag"":""INPUT"",""name"":""investment_amount"",""id"":""id_investment_amount"",""type"":""text""},""ts"":""2026-01-17T22:11:01.565Z""},{""type"":""input"",""detail"":{""tag"":""INPUT"",""name"":""investment_amount"",""id"":""id_investment_amount"",""type"":""text""},""ts"":""2026-01-17T22:11:02.388Z""},{""type"":""input"",""detail"":{""tag"":""INPUT"",""name"":""investment_amount"",""id"":""id_investment_amount"",""type"":""text""},""ts"":""2026-01-17T22:11:03.261Z""},{""type"":""click"",""detail"":{""tag"":""LABEL"",""name"":null,""id"":null,""type"":null},""ts"":""2026-01-17T22:11:05.500Z""},{""type"":""click"",""detail"":{""tag"":""INPUT"",""name"":""imbalance_informative"",""id"":""id_imbalance_informative-1"",""type"":""radio""},""ts"":""2026-01-17T22:11:05.502Z""},{""type"":""input"",""detail"":{""tag"":""INPUT"",""name"":""imbalance_informative"",""id"":""id_imbalance_informative-1"",""type"":""radio""},""ts"":""2026-01-17T22:11:05.503Z""},{""type"":""click"",""detail"":{""tag"":""INPUT"",""name"":""return_forecast"",""id"":""id_return_forecast"",""type"":""text""},""ts"":""2026-01-17T22:11:05.919Z""},{""type"":""input"",""detail"":{""tag"":""INPUT"",""name"":""return_forecast"",""id"":""id_return_forecast"",""type"":""text""},""ts"":""2026-01-17T22:11:06.631Z""},{""type"":""input"",""detail"":{""tag"":""INPUT"",""name"":""return_forecast"",""id"":""id_return_forecast"",""type"":""text""},""ts"":""2026-01-17T22:11:07.139Z""},{""type"":""click"",""detail"":{""tag"":""BUTTON"",""name"":null,""id"":null,""type"":""submit""},""ts"":""2026-01-17T22:11:07.661Z""},{""type"":""form-submit"",""detail"":{},""ts"":""2026-01-17T22:11:07.662Z""}]",0.0,5.67594590076985,1.0,97.84,8.0,97.84,,0,151ug4w3,,,,,0,1,1,1.0,1,-0.08726001976521408,1,0.0,-0.3084267584895763,1.0,1.0316206678552147,1.0,-1.8607591800244665,1,0.5263157894736842,-0.7792401705178551,-1.0707978993162433,-2.03997595221337,10.1331033984203,-12.8998760055195,24.4408380673617,5.67594590076985,-0.40168687005772447,-1.0975990421999757,-0.7792401705178551,-0.7792401705178551,-0.7792401705178551,-1.0707978993162433,-1.0707978993162433,1.0642412023460393,9.32405409923015
392,37,4d34f1nl,692f221e98e3cdcf10465812,0,52,52,post_exp,FinalForProlific,2026-01-17 22:07:34.984862,1,,,112.1,37,,100.0,1.591242056398486,,control,,0.0,6,1,-1.0,,free_data,0.0,-10.0,"[{""type"":""page-load"",""detail"":{""path"":""/p/4d34f1nl/main/Trade/45""},""ts"":""2026-01-17T22:32:48.150Z""},{""type"":""window-blur"",""detail"":{},""ts"":""2026-01-17T22:32:49.621Z""},{""type"":""visibilitychange"",""detail"":{""state"":""hidden""},""ts"":""2026-01-17T22:32:49.622Z""},{""type"":""visibilitychange"",""detail"":{""state"":""visible""},""ts"":""2026-01-17T22:33:02.635Z""},{""type"":""window-focus"",""detail"":{},""ts"":""2026-01-17T22:33:02.640Z""},{""type"":""click"",""detail"":{""tag"":""INPUT"",""name"":""investment_amount"",""id"":""id_investment_amount"",""type"":""text""},""ts"":""2026-01-17T22:33:03.651Z""},{""type"":""input"",""detail"":{""tag"":""INPUT"",""name"":""investment_amount"",""id"":""id_investment_amount"",""type"":""text""},""ts"":""2026-01-17T22:33:03.892Z""},{""type"":""click"",""detail"":{""tag"":""LABEL"",""name"":null,""id"":null,""type"":null},""ts"":""2026-01-17T22:33:06.188Z""},{""type"":""click"",""detail"":{""tag"":""INPUT"",""name"":""return_forecast"",""id"":""id_return_forecast"",""type"":""text""},""ts"":""2026-01-17T22:33:06.189Z""},{""type"":""window-blur"",""detail"":{},""ts"":""2026-01-17T22:33:07.095Z""},{""type"":""visibilitychange"",""detail"":{""state"":""hidden""},""ts"":""2026-01-17T22:33:07.096Z""},{""type"":""visibilitychange"",""detail"":{""state"":""visible""},""ts"":""2026-01-17T22:33:07.755Z""},{""type"":""window-focus"",""detail"":{},""ts"":""2026-01-17T22:33:07.768Z""},{""type"":""input"",""detail"":{""tag"":""INPUT"",""name"":""return_forecast"",""id"":""id_return_forecast"",""type"":""text""},""ts"":""2026-01-17T22:33:08.188Z""},{""type"":""input"",""detail"":{""tag"":""INPUT"",""name"":""return_forecast"",""id"":""id_return_forecast"",""type"":""text""},""ts"":""2026-01-17T22:33:08.787Z""},{""type"":""input"",""detail"":{""tag"":""INPUT"",""name"":""return_forecast"",""id"":""id_return_forecast"",""type"":""text""},""ts"":""2026-01-17T22:33:09.442Z""},{""type"":""click"",""detail"":{""tag"":""LABEL"",""name"":null,""id"":null,""type"":null},""ts"":""2026-01-17T22:33:11.469Z""},{""type"":""click"",""detail"":{""tag"":""INPUT"",""name"":""imbalance_informative"",""id"":""id_imbalance_informative-1"",""type"":""radio""},""ts"":""2026-01-17T22:33:11.470Z""},{""type"":""input"",""detail"":{""tag"":""INPUT"",""name"":""imbalance_informative"",""id"":""id_imbalance_informative-1"",""type"":""radio""},""ts"":""2026-01-17T22:33:11.470Z""},{""type"":""click"",""detail"":{""tag"":""LABEL"",""name"":null,""id"":null,""type"":null},""ts"":""2026-01-17T22:33:11.735Z""},{""type"":""click"",""detail"":{""tag"":""INPUT"",""name"":""imbalance_informative"",""id"":""id_imbalance_informative-1"",""type"":""radio""},""ts"":""2026-01-17T22:33:11.737Z""},{""type"":""click"",""detail"":{""tag"":""BUTTON"",""name"":null,""id"":null,""type"":""submit""},""ts"":""2026-01-17T22:33:12.659Z""},{""type"":""form-submit"",""detail"":{},""ts"":""2026-01-17T22:33:12.660Z""}]",0.0,5.67594590076985,1.0,100.0,6.0,100.0,,0,151ug4w3,,,,,0,0,0,-0.0,0,-0.08726001976521408,0,0.0,-1.7477516314409312,0.0,-0.5894975244886941,7.0,0.6801395623537705,0,0.0,-0.7792401705178551,-1.0707978993162433,-2.03997595221337,10.1331033984203,-12.8998760055195,24.4408380673617,5.67594590076985,-0.40168687005772447,-1.0975990421999757,0.0,-0.0,-0.0,0.0,-0.0,0.3475073313782985,15.67594590076985
393,38,d8aqe2fa,650b03136ab3d4c832d98b71,0,52,52,post_exp,FinalForProlific,2026-01-17 22:08:13.439724,1,,,118.99,38,,103.12,1.591242056398486,,treatment,,0.0,5,0,0.0,,paid_data,55.0,15.0,"[{""type"":""page-load"",""detail"":{""path"":""/p/d8aqe2fa/main/Trade/45""},""ts"":""2026-01-17T22:22:52.519Z""},{""type"":""copy"",""detail"":{""types"":[],""hasImage"":true,""hasFiles"":false},""ts"":""2026-01-17T22:22:54.377Z""},{""type"":""window-blur"",""detail"":{},""ts"":""2026-01-17T22:22:54.905Z""},{""type"":""window-focus"",""detail"":{},""ts"":""2026-01-17T22:22:55.569Z""},{""type"":""right-click"",""detail"":{""x"":1151,""y"":365,""target"":""IMG""},""ts"":""2026-01-17T22:22:55.945Z""},{""type"":""contextmenu"",""detail"":{""x"":1151,""y"":365,""target"":""IMG""},""ts"":""2026-01-17T22:22:55.981Z""},{""type"":""window-blur"",""detail"":{},""ts"":""2026-01-17T22:22:57.455Z""},{""type"":""window-focus"",""detail"":{},""ts"":""2026-01-17T22:23:00.652Z""},{""type"":""click"",""detail"":{""tag"":""INPUT"",""name"":""investment_amount"",""id"":""id_investment_amount"",""type"":""text""},""ts"":""2026-01-17T22:23:04.949Z""},{""type"":""input"",""detail"":{""tag"":""INPUT"",""name"":""investment_amount"",""id"":""id_investment_amount"",""type"":""text""},""ts"":""2026-01-17T22:23:05.017Z""},{""type"":""click"",""detail"":{""tag"":""INPUT"",""name"":""return_forecast"",""id"":""id_return_forecast"",""type"":""text""},""ts"":""2026-01-17T22:23:05.529Z""},{""type"":""input"",""detail"":{""tag"":""INPUT"",""name"":""return_forecast"",""id"":""id_return_forecast"",""type"":""text""},""ts"":""2026-01-17T22:23:05.608Z""},{""type"":""click"",""detail"":{""tag"":""BUTTON"",""name"":null,""id"":null,""type"":""submit""},""ts"":""2026-01-17T22:23:06.743Z""},{""type"":""form-submit"",""detail"":{},""ts"":""2026-01-17T22:23:06.744Z""}]",,5.67594590076985,1.0,103.12,5.0,103.12,,0,151ug4w3,,,,,0,1,1,0.0,1,1.3525303063608196,0,1.0,-0.5624252654809918,0.0,-0.5894975244886941,6.0,-0.8020513707002012,0,0.55,-0.7792401705178551,-1.0707978993162433,-2.03997595221337,10.1331033984203,-12.8998760055195,24.4408380673617,5.67594590076985,-0.40168687005772447,-1.0975990421999757,-0.0,-0.7792401705178551,-0.7792401705178551,-0.0,-1.0707978993162433,0.3475073313782985,9.32405409923015
394,39,35jj3mv4,666445e5b72745f04a4f57d6,0,52,52,post_exp,FinalForProlific,2026-01-17 22:10:39.908203,1,,,115.9,39,,101.14,1.591242056398486,,treatment,,0.0,5,0,0.0,,paid_data,20.0,3.0,"[{""type"":""page-load"",""detail"":{""path"":""/p/35jj3mv4/main/Trade/45""},""ts"":""2026-01-17T22:31:35.668Z""},{""type"":""click"",""detail"":{""tag"":""INPUT"",""name"":""investment_amount"",""id"":""id_investment_amount"",""type"":""text""},""ts"":""2026-01-17T22:31:47.246Z""},{""type"":""input"",""detail"":{""tag"":""INPUT"",""name"":""investment_amount"",""id"":""id_investment_amount"",""type"":""text""},""ts"":""2026-01-17T22:31:48.525Z""},{""type"":""click"",""detail"":{""tag"":""INPUT"",""name"":""return_forecast"",""id"":""id_return_forecast"",""type"":""text""},""ts"":""2026-01-17T22:31:50.068Z""},{""type"":""input"",""detail"":{""tag"":""INPUT"",""name"":""return_forecast"",""id"":""id_return_forecast"",""type"":""text""},""ts"":""2026-01-17T22:31:53.489Z""},{""type"":""click"",""detail"":{""tag"":""BUTTON"",""name"":null,""id"":null,""type"":""submit""},""ts"":""2026-01-17T22:31:55.482Z""},{""type"":""form-submit"",""detail"":{},""ts"":""2026-01-17T22:31:55.486Z""}]",,5.67594590076985,1.0,101.14,5.0,101.14,,0,151ug4w3,,,,,0,1,1,0.0,1,1.3525303063608196,0,0.0,1.215564283458917,1.0,-0.04912479370739113,6.0,-0.8020513707002012,0,0.2,-0.7792401705178551,-1.0707978993162433,-2.03997595221337,10.1331033984203,-12.8998760055195,24.4408380673617,5.67594590076985,-0.40168687005772447,-1.0975990421999757,-0.0,-0.7792401705178551,-0.7792401705178551,-0.0,-1.0707978993162433,0.0024132453567937352,2.6759459007698503
395,40,7czue3k2,5cad1eef8ed53d00180d2532,0,52,52,post_exp,FinalForProlific,2026-01-17 22:23:11.563870,1,,,110.19,40,,98.84,1.591242056398486,,treatment,,0.0,13,1,1.0,,paid_data,50.0,10.0,"[{""type"":""page-load"",""detail"":{""path"":""/p/7czue3k2/main/Trade/45""},""ts"":""2026-01-17T22:44:54.805Z""},{""type"":""click"",""detail"":{""tag"":""INPUT"",""name"":""imbalance_informative"",""id"":""id_imbalance_informative-0"",""type"":""radio""},""ts"":""2026-01-17T22:45:02.007Z""},{""type"":""input"",""detail"":{""tag"":""INPUT"",""name"":""imbalance_informative"",""id"":""id_imbalance_informative-0"",""type"":""radio""},""ts"":""2026-01-17T22:45:02.007Z""},{""type"":""click"",""detail"":{""tag"":""INPUT"",""name"":""investment_amount"",""id"":""id_investment_amount"",""type"":""text""},""ts"":""2026-01-17T22:45:02.613Z""},{""type"":""click"",""detail"":{""tag"":""INPUT"",""name"":""return_forecast"",""id"":""id_return_forecast"",""type"":""text""},""ts"":""2026-01-17T22:45:14.738Z""},{""type"":""input"",""detail"":{""tag"":""INPUT"",""name"":""return_forecast"",""id"":""id_return_forecast"",""type"":""text""},""ts"":""2026-01-17T22:45:15.196Z""},{""type"":""click"",""detail"":{""tag"":""INPUT"",""name"":""investment_amount"",""id"":""id_investment_amount"",""type"":""text""},""ts"":""2026-01-17T22:45:17.276Z""},{""type"":""input"",""detail"":{""tag"":""INPUT"",""name"":""investment_amount"",""id"":""id_investment_amount"",""type"":""text""},""ts"":""2026-01-17T22:45:18.421Z""},{""type"":""input"",""detail"":{""tag"":""INPUT"",""name"":""investment_amount"",""id"":""id_investment_amount"",""type"":""text""},""ts"":""2026-01-17T22:45:19.478Z""},{""type"":""click"",""detail"":{""tag"":""BUTTON"",""name"":null,""id"":null,""type"":""submit""},""ts"":""2026-01-17T22:45:20.944Z""},{""type"":""form-submit"",""detail"":{},""ts"":""2026-01-17T22:45:20.953Z""}]",1.0,5.67594590076985,1.0,97.84,7.0,98.84,,0,151ug4w3,,,,,0,1,1,1.0,1,-2.0069804545999257,1,0.0,-1.1550884484609614,0.0,-0.5894975244886941,2.0,-0.025665643862406367,1,0.5263157894736842,-0.7792401705178551,-1.0707978993162433,-2.03997595221337,10.1331033984203,-12.8998760055195,24.4408380673617,5.67594590076985,-0.40168687005772447,-1.0975990421999757,-0.7792401705178551,-0.7792401705178551,-0.7792401705178551,-1.0707978993162433,-1.0707978993162433,0.3475073313782985,4.32405409923015
