participant.id_in_session,participant.code,participant.label,participant._is_bot,participant._index_in_pages,participant._max_page_index,participant._current_app_name,participant._current_page_name,participant.time_started_utc,participant.visited,participant.mturk_worker_id,participant.mturk_assignment_id,participant.payoff,player.id_in_group,player.role,player.payoff,player.consent,player.offer_price,player.transaction_price,player.discount,player.purchased,player.assigned_round,player.path_seed,player.realized_return,player.last_return,player.last_imbalance,player.imbalance_was_informative,player.cq_informative,player.cq_attention,player.cq_cash,player.investment_amount,player.return_forecast,player.forecast_confidence,player.imbalance_informative,player.belief_confidence,player.practice_imbalance_informative,player.practice_belief_confidence,player.practice_return_forecast,player.practice_forecast_confidence,player.practice_investment,player.fl_interest,player.fl_inflation,player.fl_diversification,player.age,player.gender,player.education,player.finance_course,player.data_available,player.investment_payoff,player.fin_literacy_score,group.id_in_subsession,subsession.round_number,session.code,session.label,session.mturk_HITId,session.mturk_HITGroupId,session.comment,session.is_demo
1,3p9bas6g,,0,12,11,pricing,Results,2026-07-02 19:34:07.681592,1,,,109.74,1,,109.74,1,3,0,3,1,2,6,17.25651292143,15.6552619854883,-10.6145146455845,0,sometimes,third_option,cash,55.0,33.0,2,1,4,1,2,22.0,3,44.0,more,more,true,33,female,some_college,1,1,109.49,1,1,1,32dd3z4p,,,,,0
2,n8lnudg5,,0,0,11,,,,0,,,0.0,2,,0.0,,6,0,6,,5,3851,-8.79848578409706,15.1098174886843,-18.5046274258981,1,,,,,,,,,,,,,,,,,,,,,,,,1,1,32dd3z4p,,,,,0
3,gqxby4o2,,0,0,11,,,,0,,,0.0,3,,0.0,,9,0,9,,5,3851,-8.79848578409706,15.1098174886843,-18.5046274258981,1,,,,,,,,,,,,,,,,,,,,,,,,1,1,32dd3z4p,,,,,0
4,nwrfw175,,0,0,11,,,,0,,,0.0,4,,0.0,,3,1,2,,5,3851,-8.79848578409706,15.1098174886843,-18.5046274258981,1,,,,,,,,,,,,,,,,,,,,,,,,1,1,32dd3z4p,,,,,0
5,80sb0pmk,,0,0,11,,,,0,,,0.0,5,,0.0,,6,1,5,,2,6,17.25651292143,15.6552619854883,-10.6145146455845,0,,,,,,,,,,,,,,,,,,,,,,,,1,1,32dd3z4p,,,,,0
6,7jhglime,,0,0,11,,,,0,,,0.0,6,,0.0,,9,1,8,,2,6,17.25651292143,15.6552619854883,-10.6145146455845,0,,,,,,,,,,,,,,,,,,,,,,,,1,1,32dd3z4p,,,,,0
7,jguhkczc,,0,0,11,,,,0,,,0.0,7,,0.0,,6,4,2,,2,6,17.25651292143,15.6552619854883,-10.6145146455845,0,,,,,,,,,,,,,,,,,,,,,,,,1,1,32dd3z4p,,,,,0
8,i5eqwh0g,,0,0,11,,,,0,,,0.0,8,,0.0,,9,4,5,,2,6,17.25651292143,15.6552619854883,-10.6145146455845,0,,,,,,,,,,,,,,,,,,,,,,,,1,1,32dd3z4p,,,,,0
9,9uaz2n13,,0,0,11,,,,0,,,0.0,9,,0.0,,9,7,2,,2,6,17.25651292143,15.6552619854883,-10.6145146455845,0,,,,,,,,,,,,,,,,,,,,,,,,1,1,32dd3z4p,,,,,0
10,dm6njs66,,0,0,11,,,,0,,,0.0,10,,0.0,,3,0,3,,4,11687,19.2982240105404,15.3352032889933,8.30613918663683,0,,,,,,,,,,,,,,,,,,,,,,,,1,1,32dd3z4p,,,,,0
11,t7fmsl9l,,0,0,11,,,,0,,,0.0,11,,0.0,,6,0,6,,3,5385,16.8775714200622,14.5282644745692,7.35487993020429,1,,,,,,,,,,,,,,,,,,,,,,,,1,1,32dd3z4p,,,,,0
12,ic6s86qh,,0,0,11,,,,0,,,0.0,12,,0.0,,9,0,9,,3,5385,16.8775714200622,14.5282644745692,7.35487993020429,1,,,,,,,,,,,,,,,,,,,,,,,,1,1,32dd3z4p,,,,,0
13,5krzum0h,,0,0,11,,,,0,,,0.0,13,,0.0,,3,0,3,,4,11687,19.2982240105404,15.3352032889933,8.30613918663683,0,,,,,,,,,,,,,,,,,,,,,,,,1,1,32dd3z4p,,,,,0
14,94n0adpf,,0,0,11,,,,0,,,0.0,14,,0.0,,6,0,6,,3,5385,16.8775714200622,14.5282644745692,7.35487993020429,1,,,,,,,,,,,,,,,,,,,,,,,,1,1,32dd3z4p,,,,,0
15,xi4a5s4m,,0,0,11,,,,0,,,0.0,15,,0.0,,9,0,9,,2,6,17.25651292143,15.6552619854883,-10.6145146455845,0,,,,,,,,,,,,,,,,,,,,,,,,1,1,32dd3z4p,,,,,0
16,qkqv5t4c,,0,0,11,,,,0,,,0.0,16,,0.0,,3,1,2,,3,5385,16.8775714200622,14.5282644745692,7.35487993020429,1,,,,,,,,,,,,,,,,,,,,,,,,1,1,32dd3z4p,,,,,0
17,65bn5907,,0,0,11,,,,0,,,0.0,17,,0.0,,6,1,5,,3,5385,16.8775714200622,14.5282644745692,7.35487993020429,1,,,,,,,,,,,,,,,,,,,,,,,,1,1,32dd3z4p,,,,,0
18,hyacu35r,,0,0,11,,,,0,,,0.0,18,,0.0,,9,1,8,,4,11687,19.2982240105404,15.3352032889933,8.30613918663683,0,,,,,,,,,,,,,,,,,,,,,,,,1,1,32dd3z4p,,,,,0
19,o88ojdx2,,0,0,11,,,,0,,,0.0,19,,0.0,,6,4,2,,5,3851,-8.79848578409706,15.1098174886843,-18.5046274258981,1,,,,,,,,,,,,,,,,,,,,,,,,1,1,32dd3z4p,,,,,0
20,w47pbb9j,,0,0,11,,,,0,,,0.0,20,,0.0,,9,4,5,,5,3851,-8.79848578409706,15.1098174886843,-18.5046274258981,1,,,,,,,,,,,,,,,,,,,,,,,,1,1,32dd3z4p,,,,,0
21,ohys4ven,,0,0,11,,,,0,,,0.0,21,,0.0,,9,7,2,,3,5385,16.8775714200622,14.5282644745692,7.35487993020429,1,,,,,,,,,,,,,,,,,,,,,,,,1,1,32dd3z4p,,,,,0
22,q9ihc3n1,,0,0,11,,,,0,,,0.0,22,,0.0,,3,0,3,,5,3851,-8.79848578409706,15.1098174886843,-18.5046274258981,1,,,,,,,,,,,,,,,,,,,,,,,,1,1,32dd3z4p,,,,,0
23,0nd9jroz,,0,0,11,,,,0,,,0.0,23,,0.0,,6,0,6,,5,3851,-8.79848578409706,15.1098174886843,-18.5046274258981,1,,,,,,,,,,,,,,,,,,,,,,,,1,1,32dd3z4p,,,,,0
24,n2oq346h,,0,0,11,,,,0,,,0.0,24,,0.0,,9,0,9,,3,5385,16.8775714200622,14.5282644745692,7.35487993020429,1,,,,,,,,,,,,,,,,,,,,,,,,1,1,32dd3z4p,,,,,0
25,1gzjjjiy,,0,0,11,,,,0,,,0.0,25,,0.0,,3,0,3,,5,3851,-8.79848578409706,15.1098174886843,-18.5046274258981,1,,,,,,,,,,,,,,,,,,,,,,,,1,1,32dd3z4p,,,,,0
26,hvyi3crr,,0,0,11,,,,0,,,0.0,26,,0.0,,6,0,6,,3,5385,16.8775714200622,14.5282644745692,7.35487993020429,1,,,,,,,,,,,,,,,,,,,,,,,,1,1,32dd3z4p,,,,,0
27,9xbczb71,,0,0,11,,,,0,,,0.0,27,,0.0,,9,0,9,,4,11687,19.2982240105404,15.3352032889933,8.30613918663683,0,,,,,,,,,,,,,,,,,,,,,,,,1,1,32dd3z4p,,,,,0
28,hzu97xbj,,0,0,11,,,,0,,,0.0,28,,0.0,,3,1,2,,2,6,17.25651292143,15.6552619854883,-10.6145146455845,0,,,,,,,,,,,,,,,,,,,,,,,,1,1,32dd3z4p,,,,,0
29,zckbopew,,0,0,11,,,,0,,,0.0,29,,0.0,,6,1,5,,4,11687,19.2982240105404,15.3352032889933,8.30613918663683,0,,,,,,,,,,,,,,,,,,,,,,,,1,1,32dd3z4p,,,,,0
30,2n2q3nhs,,0,0,11,,,,0,,,0.0,30,,0.0,,9,1,8,,3,5385,16.8775714200622,14.5282644745692,7.35487993020429,1,,,,,,,,,,,,,,,,,,,,,,,,1,1,32dd3z4p,,,,,0
31,9bj0fkbl,,0,0,11,,,,0,,,0.0,31,,0.0,,6,4,2,,2,6,17.25651292143,15.6552619854883,-10.6145146455845,0,,,,,,,,,,,,,,,,,,,,,,,,1,1,32dd3z4p,,,,,0
32,l02z7lgp,,0,0,11,,,,0,,,0.0,32,,0.0,,9,4,5,,3,5385,16.8775714200622,14.5282644745692,7.35487993020429,1,,,,,,,,,,,,,,,,,,,,,,,,1,1,32dd3z4p,,,,,0
33,kpgnntl3,,0,0,11,,,,0,,,0.0,33,,0.0,,9,7,2,,3,5385,16.8775714200622,14.5282644745692,7.35487993020429,1,,,,,,,,,,,,,,,,,,,,,,,,1,1,32dd3z4p,,,,,0
34,ljqckrfa,,0,0,11,,,,0,,,0.0,34,,0.0,,3,0,3,,5,3851,-8.79848578409706,15.1098174886843,-18.5046274258981,1,,,,,,,,,,,,,,,,,,,,,,,,1,1,32dd3z4p,,,,,0
35,qebgtuij,,0,0,11,,,,0,,,0.0,35,,0.0,,6,0,6,,2,6,17.25651292143,15.6552619854883,-10.6145146455845,0,,,,,,,,,,,,,,,,,,,,,,,,1,1,32dd3z4p,,,,,0
36,acyygqw7,,0,0,11,,,,0,,,0.0,36,,0.0,,9,0,9,,3,5385,16.8775714200622,14.5282644745692,7.35487993020429,1,,,,,,,,,,,,,,,,,,,,,,,,1,1,32dd3z4p,,,,,0
37,ed1y0n8n,,0,0,11,,,,0,,,0.0,37,,0.0,,3,0,3,,3,5385,16.8775714200622,14.5282644745692,7.35487993020429,1,,,,,,,,,,,,,,,,,,,,,,,,1,1,32dd3z4p,,,,,0
38,zvaij3be,,0,0,11,,,,0,,,0.0,38,,0.0,,6,0,6,,4,11687,19.2982240105404,15.3352032889933,8.30613918663683,0,,,,,,,,,,,,,,,,,,,,,,,,1,1,32dd3z4p,,,,,0
39,2dcye5xm,,0,0,11,,,,0,,,0.0,39,,0.0,,9,0,9,,3,5385,16.8775714200622,14.5282644745692,7.35487993020429,1,,,,,,,,,,,,,,,,,,,,,,,,1,1,32dd3z4p,,,,,0
40,v7qtaz3o,,0,0,11,,,,0,,,0.0,40,,0.0,,3,1,2,,2,6,17.25651292143,15.6552619854883,-10.6145146455845,0,,,,,,,,,,,,,,,,,,,,,,,,1,1,32dd3z4p,,,,,0
41,yc6duhq8,,0,0,11,,,,0,,,0.0,41,,0.0,,6,1,5,,2,6,17.25651292143,15.6552619854883,-10.6145146455845,0,,,,,,,,,,,,,,,,,,,,,,,,1,1,32dd3z4p,,,,,0
42,kiguxs07,,0,0,11,,,,0,,,0.0,42,,0.0,,9,1,8,,4,11687,19.2982240105404,15.3352032889933,8.30613918663683,0,,,,,,,,,,,,,,,,,,,,,,,,1,1,32dd3z4p,,,,,0
43,am3r0x0z,,0,0,11,,,,0,,,0.0,43,,0.0,,6,4,2,,4,11687,19.2982240105404,15.3352032889933,8.30613918663683,0,,,,,,,,,,,,,,,,,,,,,,,,1,1,32dd3z4p,,,,,0
44,keenuket,,0,0,11,,,,0,,,0.0,44,,0.0,,9,4,5,,5,3851,-8.79848578409706,15.1098174886843,-18.5046274258981,1,,,,,,,,,,,,,,,,,,,,,,,,1,1,32dd3z4p,,,,,0
45,vthbf5b0,,0,0,11,,,,0,,,0.0,45,,0.0,,9,7,2,,5,3851,-8.79848578409706,15.1098174886843,-18.5046274258981,1,,,,,,,,,,,,,,,,,,,,,,,,1,1,32dd3z4p,,,,,0
46,9kgwwnjj,,0,0,11,,,,0,,,0.0,46,,0.0,,3,0,3,,4,11687,19.2982240105404,15.3352032889933,8.30613918663683,0,,,,,,,,,,,,,,,,,,,,,,,,1,1,32dd3z4p,,,,,0
47,5amyamw8,,0,0,11,,,,0,,,0.0,47,,0.0,,6,0,6,,3,5385,16.8775714200622,14.5282644745692,7.35487993020429,1,,,,,,,,,,,,,,,,,,,,,,,,1,1,32dd3z4p,,,,,0
48,7dvhq75r,,0,0,11,,,,0,,,0.0,48,,0.0,,9,0,9,,4,11687,19.2982240105404,15.3352032889933,8.30613918663683,0,,,,,,,,,,,,,,,,,,,,,,,,1,1,32dd3z4p,,,,,0
49,71llgn16,,0,0,11,,,,0,,,0.0,49,,0.0,,3,0,3,,3,5385,16.8775714200622,14.5282644745692,7.35487993020429,1,,,,,,,,,,,,,,,,,,,,,,,,1,1,32dd3z4p,,,,,0
50,kuuscdsf,,0,0,11,,,,0,,,0.0,50,,0.0,,6,0,6,,2,6,17.25651292143,15.6552619854883,-10.6145146455845,0,,,,,,,,,,,,,,,,,,,,,,,,1,1,32dd3z4p,,,,,0
51,rdnspqnz,,0,0,11,,,,0,,,0.0,51,,0.0,,9,0,9,,5,3851,-8.79848578409706,15.1098174886843,-18.5046274258981,1,,,,,,,,,,,,,,,,,,,,,,,,1,1,32dd3z4p,,,,,0
52,daq67p1m,,0,0,11,,,,0,,,0.0,52,,0.0,,3,1,2,,2,6,17.25651292143,15.6552619854883,-10.6145146455845,0,,,,,,,,,,,,,,,,,,,,,,,,1,1,32dd3z4p,,,,,0
53,7h50mqkl,,0,0,11,,,,0,,,0.0,53,,0.0,,6,1,5,,5,3851,-8.79848578409706,15.1098174886843,-18.5046274258981,1,,,,,,,,,,,,,,,,,,,,,,,,1,1,32dd3z4p,,,,,0
54,e8w2o2vo,,0,0,11,,,,0,,,0.0,54,,0.0,,9,1,8,,5,3851,-8.79848578409706,15.1098174886843,-18.5046274258981,1,,,,,,,,,,,,,,,,,,,,,,,,1,1,32dd3z4p,,,,,0
55,9rnhxuvh,,0,0,11,,,,0,,,0.0,55,,0.0,,6,4,2,,4,11687,19.2982240105404,15.3352032889933,8.30613918663683,0,,,,,,,,,,,,,,,,,,,,,,,,1,1,32dd3z4p,,,,,0
56,9oxcsyf1,,0,0,11,,,,0,,,0.0,56,,0.0,,9,4,5,,3,5385,16.8775714200622,14.5282644745692,7.35487993020429,1,,,,,,,,,,,,,,,,,,,,,,,,1,1,32dd3z4p,,,,,0
57,q9suqn33,,0,0,11,,,,0,,,0.0,57,,0.0,,9,7,2,,3,5385,16.8775714200622,14.5282644745692,7.35487993020429,1,,,,,,,,,,,,,,,,,,,,,,,,1,1,32dd3z4p,,,,,0
58,ly1e8gek,,0,0,11,,,,0,,,0.0,58,,0.0,,3,0,3,,5,3851,-8.79848578409706,15.1098174886843,-18.5046274258981,1,,,,,,,,,,,,,,,,,,,,,,,,1,1,32dd3z4p,,,,,0
59,5oqm7teh,,0,0,11,,,,0,,,0.0,59,,0.0,,6,0,6,,4,11687,19.2982240105404,15.3352032889933,8.30613918663683,0,,,,,,,,,,,,,,,,,,,,,,,,1,1,32dd3z4p,,,,,0
60,tf3mc35c,,0,0,11,,,,0,,,0.0,60,,0.0,,9,0,9,,4,11687,19.2982240105404,15.3352032889933,8.30613918663683,0,,,,,,,,,,,,,,,,,,,,,,,,1,1,32dd3z4p,,,,,0
61,7ve0xaye,,0,0,11,,,,0,,,0.0,61,,0.0,,3,0,3,,5,3851,-8.79848578409706,15.1098174886843,-18.5046274258981,1,,,,,,,,,,,,,,,,,,,,,,,,1,1,32dd3z4p,,,,,0
62,bbgro7tq,,0,0,11,,,,0,,,0.0,62,,0.0,,6,0,6,,4,11687,19.2982240105404,15.3352032889933,8.30613918663683,0,,,,,,,,,,,,,,,,,,,,,,,,1,1,32dd3z4p,,,,,0
63,e3osxa2a,,0,0,11,,,,0,,,0.0,63,,0.0,,9,0,9,,2,6,17.25651292143,15.6552619854883,-10.6145146455845,0,,,,,,,,,,,,,,,,,,,,,,,,1,1,32dd3z4p,,,,,0
64,luh91qe7,,0,0,11,,,,0,,,0.0,64,,0.0,,3,1,2,,4,11687,19.2982240105404,15.3352032889933,8.30613918663683,0,,,,,,,,,,,,,,,,,,,,,,,,1,1,32dd3z4p,,,,,0
65,dfel7i9d,,0,0,11,,,,0,,,0.0,65,,0.0,,6,1,5,,5,3851,-8.79848578409706,15.1098174886843,-18.5046274258981,1,,,,,,,,,,,,,,,,,,,,,,,,1,1,32dd3z4p,,,,,0
66,7g1yzfxk,,0,0,11,,,,0,,,0.0,66,,0.0,,9,1,8,,3,5385,16.8775714200622,14.5282644745692,7.35487993020429,1,,,,,,,,,,,,,,,,,,,,,,,,1,1,32dd3z4p,,,,,0
67,xykui3eg,,0,0,11,,,,0,,,0.0,67,,0.0,,6,4,2,,2,6,17.25651292143,15.6552619854883,-10.6145146455845,0,,,,,,,,,,,,,,,,,,,,,,,,1,1,32dd3z4p,,,,,0
68,sfpiihck,,0,0,11,,,,0,,,0.0,68,,0.0,,9,4,5,,4,11687,19.2982240105404,15.3352032889933,8.30613918663683,0,,,,,,,,,,,,,,,,,,,,,,,,1,1,32dd3z4p,,,,,0
69,9sgoo893,,0,0,11,,,,0,,,0.0,69,,0.0,,9,7,2,,2,6,17.25651292143,15.6552619854883,-10.6145146455845,0,,,,,,,,,,,,,,,,,,,,,,,,1,1,32dd3z4p,,,,,0
70,zrf93mry,,0,0,11,,,,0,,,0.0,70,,0.0,,3,0,3,,3,5385,16.8775714200622,14.5282644745692,7.35487993020429,1,,,,,,,,,,,,,,,,,,,,,,,,1,1,32dd3z4p,,,,,0
71,0wkeb636,,0,0,11,,,,0,,,0.0,71,,0.0,,6,0,6,,4,11687,19.2982240105404,15.3352032889933,8.30613918663683,0,,,,,,,,,,,,,,,,,,,,,,,,1,1,32dd3z4p,,,,,0
72,gg6nxtgh,,0,0,11,,,,0,,,0.0,72,,0.0,,9,0,9,,4,11687,19.2982240105404,15.3352032889933,8.30613918663683,0,,,,,,,,,,,,,,,,,,,,,,,,1,1,32dd3z4p,,,,,0
73,mdasxz0p,,0,0,11,,,,0,,,0.0,73,,0.0,,3,0,3,,3,5385,16.8775714200622,14.5282644745692,7.35487993020429,1,,,,,,,,,,,,,,,,,,,,,,,,1,1,32dd3z4p,,,,,0
74,uzxbzkps,,0,0,11,,,,0,,,0.0,74,,0.0,,6,0,6,,4,11687,19.2982240105404,15.3352032889933,8.30613918663683,0,,,,,,,,,,,,,,,,,,,,,,,,1,1,32dd3z4p,,,,,0
75,clrcpmvj,,0,0,11,,,,0,,,0.0,75,,0.0,,9,0,9,,2,6,17.25651292143,15.6552619854883,-10.6145146455845,0,,,,,,,,,,,,,,,,,,,,,,,,1,1,32dd3z4p,,,,,0
76,oj2k8p8l,,0,0,11,,,,0,,,0.0,76,,0.0,,3,1,2,,5,3851,-8.79848578409706,15.1098174886843,-18.5046274258981,1,,,,,,,,,,,,,,,,,,,,,,,,1,1,32dd3z4p,,,,,0
77,z5uclosn,,0,0,11,,,,0,,,0.0,77,,0.0,,6,1,5,,5,3851,-8.79848578409706,15.1098174886843,-18.5046274258981,1,,,,,,,,,,,,,,,,,,,,,,,,1,1,32dd3z4p,,,,,0
78,ybcx9yi3,,0,0,11,,,,0,,,0.0,78,,0.0,,9,1,8,,2,6,17.25651292143,15.6552619854883,-10.6145146455845,0,,,,,,,,,,,,,,,,,,,,,,,,1,1,32dd3z4p,,,,,0
79,34f3wgy4,,0,0,11,,,,0,,,0.0,79,,0.0,,6,4,2,,4,11687,19.2982240105404,15.3352032889933,8.30613918663683,0,,,,,,,,,,,,,,,,,,,,,,,,1,1,32dd3z4p,,,,,0
80,j7zj769k,,0,0,11,,,,0,,,0.0,80,,0.0,,9,4,5,,3,5385,16.8775714200622,14.5282644745692,7.35487993020429,1,,,,,,,,,,,,,,,,,,,,,,,,1,1,32dd3z4p,,,,,0
81,y6rwgsb5,,0,0,11,,,,0,,,0.0,81,,0.0,,9,7,2,,4,11687,19.2982240105404,15.3352032889933,8.30613918663683,0,,,,,,,,,,,,,,,,,,,,,,,,1,1,32dd3z4p,,,,,0
82,vh1zziua,,0,0,11,,,,0,,,0.0,82,,0.0,,3,0,3,,3,5385,16.8775714200622,14.5282644745692,7.35487993020429,1,,,,,,,,,,,,,,,,,,,,,,,,1,1,32dd3z4p,,,,,0
83,5nq7ery7,,0,0,11,,,,0,,,0.0,83,,0.0,,6,0,6,,5,3851,-8.79848578409706,15.1098174886843,-18.5046274258981,1,,,,,,,,,,,,,,,,,,,,,,,,1,1,32dd3z4p,,,,,0
84,8tnqny7l,,0,0,11,,,,0,,,0.0,84,,0.0,,9,0,9,,5,3851,-8.79848578409706,15.1098174886843,-18.5046274258981,1,,,,,,,,,,,,,,,,,,,,,,,,1,1,32dd3z4p,,,,,0
85,vgem1pqy,,0,0,11,,,,0,,,0.0,85,,0.0,,3,0,3,,4,11687,19.2982240105404,15.3352032889933,8.30613918663683,0,,,,,,,,,,,,,,,,,,,,,,,,1,1,32dd3z4p,,,,,0
86,oj3cuvi9,,0,0,11,,,,0,,,0.0,86,,0.0,,6,0,6,,2,6,17.25651292143,15.6552619854883,-10.6145146455845,0,,,,,,,,,,,,,,,,,,,,,,,,1,1,32dd3z4p,,,,,0
87,6v8myi2y,,0,0,11,,,,0,,,0.0,87,,0.0,,9,0,9,,5,3851,-8.79848578409706,15.1098174886843,-18.5046274258981,1,,,,,,,,,,,,,,,,,,,,,,,,1,1,32dd3z4p,,,,,0
88,xyx8j5sf,,0,0,11,,,,0,,,0.0,88,,0.0,,3,1,2,,4,11687,19.2982240105404,15.3352032889933,8.30613918663683,0,,,,,,,,,,,,,,,,,,,,,,,,1,1,32dd3z4p,,,,,0
89,ud24wy47,,0,0,11,,,,0,,,0.0,89,,0.0,,6,1,5,,4,11687,19.2982240105404,15.3352032889933,8.30613918663683,0,,,,,,,,,,,,,,,,,,,,,,,,1,1,32dd3z4p,,,,,0
90,5icaxzk4,,0,0,11,,,,0,,,0.0,90,,0.0,,9,1,8,,4,11687,19.2982240105404,15.3352032889933,8.30613918663683,0,,,,,,,,,,,,,,,,,,,,,,,,1,1,32dd3z4p,,,,,0
91,lvq62jvj,,0,0,11,,,,0,,,0.0,91,,0.0,,6,4,2,,4,11687,19.2982240105404,15.3352032889933,8.30613918663683,0,,,,,,,,,,,,,,,,,,,,,,,,1,1,32dd3z4p,,,,,0
92,c9dhu3f7,,0,0,11,,,,0,,,0.0,92,,0.0,,9,4,5,,5,3851,-8.79848578409706,15.1098174886843,-18.5046274258981,1,,,,,,,,,,,,,,,,,,,,,,,,1,1,32dd3z4p,,,,,0
93,n1qimg3b,,0,0,11,,,,0,,,0.0,93,,0.0,,9,7,2,,4,11687,19.2982240105404,15.3352032889933,8.30613918663683,0,,,,,,,,,,,,,,,,,,,,,,,,1,1,32dd3z4p,,,,,0
94,28ju73lm,,0,0,11,,,,0,,,0.0,94,,0.0,,3,0,3,,2,6,17.25651292143,15.6552619854883,-10.6145146455845,0,,,,,,,,,,,,,,,,,,,,,,,,1,1,32dd3z4p,,,,,0
95,pgbjnl30,,0,0,11,,,,0,,,0.0,95,,0.0,,6,0,6,,4,11687,19.2982240105404,15.3352032889933,8.30613918663683,0,,,,,,,,,,,,,,,,,,,,,,,,1,1,32dd3z4p,,,,,0
96,r9cgj7hh,,0,0,11,,,,0,,,0.0,96,,0.0,,9,0,9,,2,6,17.25651292143,15.6552619854883,-10.6145146455845,0,,,,,,,,,,,,,,,,,,,,,,,,1,1,32dd3z4p,,,,,0
97,27t7zp08,,0,0,11,,,,0,,,0.0,97,,0.0,,3,0,3,,2,6,17.25651292143,15.6552619854883,-10.6145146455845,0,,,,,,,,,,,,,,,,,,,,,,,,1,1,32dd3z4p,,,,,0
98,gifmtx5o,,0,0,11,,,,0,,,0.0,98,,0.0,,6,0,6,,4,11687,19.2982240105404,15.3352032889933,8.30613918663683,0,,,,,,,,,,,,,,,,,,,,,,,,1,1,32dd3z4p,,,,,0
99,527i8ybw,,0,0,11,,,,0,,,0.0,99,,0.0,,9,0,9,,2,6,17.25651292143,15.6552619854883,-10.6145146455845,0,,,,,,,,,,,,,,,,,,,,,,,,1,1,32dd3z4p,,,,,0
100,6wii9er2,,0,0,11,,,,0,,,0.0,100,,0.0,,3,1,2,,4,11687,19.2982240105404,15.3352032889933,8.30613918663683,0,,,,,,,,,,,,,,,,,,,,,,,,1,1,32dd3z4p,,,,,0
101,v6t48v3c,,0,0,11,,,,0,,,0.0,101,,0.0,,6,1,5,,2,6,17.25651292143,15.6552619854883,-10.6145146455845,0,,,,,,,,,,,,,,,,,,,,,,,,1,1,32dd3z4p,,,,,0
102,y400pqju,,0,0,11,,,,0,,,0.0,102,,0.0,,9,1,8,,5,3851,-8.79848578409706,15.1098174886843,-18.5046274258981,1,,,,,,,,,,,,,,,,,,,,,,,,1,1,32dd3z4p,,,,,0
103,r60awex6,,0,0,11,,,,0,,,0.0,103,,0.0,,6,4,2,,3,5385,16.8775714200622,14.5282644745692,7.35487993020429,1,,,,,,,,,,,,,,,,,,,,,,,,1,1,32dd3z4p,,,,,0
104,rj05qj8y,,0,0,11,,,,0,,,0.0,104,,0.0,,9,4,5,,5,3851,-8.79848578409706,15.1098174886843,-18.5046274258981,1,,,,,,,,,,,,,,,,,,,,,,,,1,1,32dd3z4p,,,,,0
105,rk4u08q0,,0,0,11,,,,0,,,0.0,105,,0.0,,9,7,2,,4,11687,19.2982240105404,15.3352032889933,8.30613918663683,0,,,,,,,,,,,,,,,,,,,,,,,,1,1,32dd3z4p,,,,,0
106,wnliar7e,,0,0,11,,,,0,,,0.0,106,,0.0,,3,0,3,,5,3851,-8.79848578409706,15.1098174886843,-18.5046274258981,1,,,,,,,,,,,,,,,,,,,,,,,,1,1,32dd3z4p,,,,,0
107,w1065t76,,0,0,11,,,,0,,,0.0,107,,0.0,,6,0,6,,3,5385,16.8775714200622,14.5282644745692,7.35487993020429,1,,,,,,,,,,,,,,,,,,,,,,,,1,1,32dd3z4p,,,,,0
108,7ur2ia2u,,0,0,11,,,,0,,,0.0,108,,0.0,,9,0,9,,3,5385,16.8775714200622,14.5282644745692,7.35487993020429,1,,,,,,,,,,,,,,,,,,,,,,,,1,1,32dd3z4p,,,,,0
109,bhxxhra6,,0,0,11,,,,0,,,0.0,109,,0.0,,3,0,3,,3,5385,16.8775714200622,14.5282644745692,7.35487993020429,1,,,,,,,,,,,,,,,,,,,,,,,,1,1,32dd3z4p,,,,,0
110,biikcmxo,,0,0,11,,,,0,,,0.0,110,,0.0,,6,0,6,,3,5385,16.8775714200622,14.5282644745692,7.35487993020429,1,,,,,,,,,,,,,,,,,,,,,,,,1,1,32dd3z4p,,,,,0
111,asqh2bp9,,0,0,11,,,,0,,,0.0,111,,0.0,,9,0,9,,3,5385,16.8775714200622,14.5282644745692,7.35487993020429,1,,,,,,,,,,,,,,,,,,,,,,,,1,1,32dd3z4p,,,,,0
112,rk650dsp,,0,0,11,,,,0,,,0.0,112,,0.0,,3,1,2,,4,11687,19.2982240105404,15.3352032889933,8.30613918663683,0,,,,,,,,,,,,,,,,,,,,,,,,1,1,32dd3z4p,,,,,0
113,aqgcrof2,,0,0,11,,,,0,,,0.0,113,,0.0,,6,1,5,,2,6,17.25651292143,15.6552619854883,-10.6145146455845,0,,,,,,,,,,,,,,,,,,,,,,,,1,1,32dd3z4p,,,,,0
114,wnqt0zd8,,0,0,11,,,,0,,,0.0,114,,0.0,,9,1,8,,3,5385,16.8775714200622,14.5282644745692,7.35487993020429,1,,,,,,,,,,,,,,,,,,,,,,,,1,1,32dd3z4p,,,,,0
115,yqgpwqag,,0,0,11,,,,0,,,0.0,115,,0.0,,6,4,2,,2,6,17.25651292143,15.6552619854883,-10.6145146455845,0,,,,,,,,,,,,,,,,,,,,,,,,1,1,32dd3z4p,,,,,0
116,tql6p2q7,,0,0,11,,,,0,,,0.0,116,,0.0,,9,4,5,,3,5385,16.8775714200622,14.5282644745692,7.35487993020429,1,,,,,,,,,,,,,,,,,,,,,,,,1,1,32dd3z4p,,,,,0
117,mvxi7mq4,,0,0,11,,,,0,,,0.0,117,,0.0,,9,7,2,,3,5385,16.8775714200622,14.5282644745692,7.35487993020429,1,,,,,,,,,,,,,,,,,,,,,,,,1,1,32dd3z4p,,,,,0
118,p6ux63p2,,0,0,11,,,,0,,,0.0,118,,0.0,,3,0,3,,5,3851,-8.79848578409706,15.1098174886843,-18.5046274258981,1,,,,,,,,,,,,,,,,,,,,,,,,1,1,32dd3z4p,,,,,0
119,56xblckv,,0,0,11,,,,0,,,0.0,119,,0.0,,6,0,6,,2,6,17.25651292143,15.6552619854883,-10.6145146455845,0,,,,,,,,,,,,,,,,,,,,,,,,1,1,32dd3z4p,,,,,0
120,item6zwr,,0,0,11,,,,0,,,0.0,120,,0.0,,9,0,9,,3,5385,16.8775714200622,14.5282644745692,7.35487993020429,1,,,,,,,,,,,,,,,,,,,,,,,,1,1,32dd3z4p,,,,,0
1,1nnrmv3s,653e666cc034dbb89a5b83ce,0,12,11,pricing,Results,2026-07-02 19:39:24.237779,1,,,105.57,1,,105.57,1,3,0,3,0,4,11687,19.2982240105404,15.3352032889933,8.30613918663683,0,sometimes,third_option,cash,25.0,12.0,3,,,0,1,8.0,3,50.0,more,less,false,42,male,bachelor,0,0,104.82,3,1,1,7ji4iger,,,,,0
2,7e8gfok7,63469effac5117e39352c13b,0,12,11,pricing,Results,2026-07-02 19:39:32.230448,1,,,100.75,2,,100.75,1,6,0,6,0,3,5385,16.8775714200622,14.5282644745692,7.35487993020429,1,sometimes,third_option,cash,0.0,0.0,4,,,1,3,2.0,4,51.0,more,less,false,46,male,bachelor,0,0,100.0,3,1,1,7ji4iger,,,,,0
3,tzk4t0ze,6a43e8b811bf071c9bd28c73,0,12,11,pricing,Results,2026-07-02 19:39:33.318293,1,,,121.05,3,,121.05,1,9,0,9,1,4,11687,19.2982240105404,15.3352032889933,8.30613918663683,0,sometimes,third_option,cash,100.0,15.0,4,1,4,0,2,-20.0,2,20.0,more,less,false,35,male,some_college,0,1,119.3,3,1,1,7ji4iger,,,,,0
4,im3blglf,69d6a275b26596eac5478f13,0,12,11,pricing,Results,2026-07-02 19:39:34.639965,1,,,105.79,4,,105.79,1,3,1,2,1,2,6,17.25651292143,15.6552619854883,-10.6145146455845,0,sometimes,third_option,cash,35.0,5.0,4,1,4,1,4,10.0,4,100.0,more,less,false,30,male,bachelor,0,1,105.04,3,1,1,7ji4iger,,,,,0
5,e4afifub,69fcb4138ffe47357cd0cb53,0,12,11,pricing,Results,2026-07-02 19:39:34.926904,1,,,110.4,5,,110.4,1,6,1,5,0,4,11687,19.2982240105404,15.3352032889933,8.30613918663683,0,sometimes,third_option,cash,50.0,3.0,3,,,1,3,2.0,1,100.0,more,less,false,33,female,bachelor,1,0,109.65,3,1,1,7ji4iger,,,,,0
6,y09t2fzt,6a24fd7340c8e0aa450c2b10,0,12,11,pricing,Results,2026-07-02 19:39:39.138281,1,,,105.2,6,,105.2,1,9,1,8,0,2,6,17.25651292143,15.6552619854883,-10.6145146455845,0,sometimes,third_option,cash,20.0,15.0,2,,,1,4,15.0,3,0.0,more,less,false,20,male,highschool,1,0,103.45,3,1,1,7ji4iger,,,,,0
7,z90vtniu,6a14d283642a1899aa0cbe72,0,12,11,pricing,Results,2026-07-02 19:39:40.181473,1,,,95.87,7,,95.87,1,6,4,2,1,5,3851,-8.79848578409706,15.1098174886843,-18.5046274258981,1,sometimes,third_option,cash,10.0,0.0,2,0,2,1,4,10.0,,10.0,more,less,false,20,male,highschool,0,1,95.12,3,1,1,7ji4iger,,,,,0
8,29z5ds33,6a006e4d434aaef5984acff5,0,12,11,pricing,Results,2026-07-02 19:39:40.279644,1,,,108.09,8,,108.09,1,9,4,5,0,3,5385,16.8775714200622,14.5282644745692,7.35487993020429,1,sometimes,third_option,cash,45.0,37.0,5,,,1,3,25.0,2,25.0,more,more,false,26,male,bachelor,0,0,107.59,2,1,1,7ji4iger,,,,,0
9,ljq50j68,69b70b621d47559d6c70a47b,0,12,11,pricing,Results,2026-07-02 19:39:42.772660,1,,,111.15,9,,111.15,1,9,7,2,1,4,11687,19.2982240105404,15.3352032889933,8.30613918663683,0,sometimes,third_option,cash,85.0,20.0,4,1,4,1,4,25.0,4,100.0,more,less,false,50,male,highschool,0,1,109.4,3,1,1,7ji4iger,,,,,0
10,5uiaib3z,6a245c90cdf34a9b43add620,0,12,11,pricing,Results,2026-07-02 19:39:43.287080,1,,,97.1,10,,97.1,1,3,0,3,1,5,3851,-8.79848578409706,15.1098174886843,-18.5046274258981,1,sometimes,third_option,cash,50.0,50.0,3,1,3,1,3,10.0,3,10.0,more,same,false,62,female,highschool,0,1,95.6,2,1,1,7ji4iger,,,,,0
11,gtqh8jl8,6a046a67dc2fab30c54305fb,0,12,11,pricing,Results,2026-07-02 19:39:44.242554,1,,,99.11,11,,99.11,1,6,0,6,1,5,3851,-8.79848578409706,15.1098174886843,-18.5046274258981,1,sometimes,third_option,cash,30.0,20.0,4,1,3,1,2,-5.0,3,10.0,more,less,false,21,male,highschool,0,1,97.36,3,1,1,7ji4iger,,,,,0
12,mleniqgv,69bf621c96ae11bf6f815b87,0,12,11,pricing,Results,2026-07-02 19:39:46.919534,1,,,101.75,12,,101.75,1,9,0,9,0,2,6,17.25651292143,15.6552619854883,-10.6145146455845,0,sometimes,third_option,cash,0.0,15.0,2,,,0,2,10.0,3,0.0,more,less,false,53,female,graduate,0,0,100.0,3,1,1,7ji4iger,,,,,0
13,vlsxp9si,6a4415d16b35e3b478c4cdb2,0,4,11,pricing,Practice,2026-07-02 19:39:48.203406,1,,,0.0,13,,0.0,1,3,0,3,,5,3851,-8.79848578409706,15.1098174886843,-18.5046274258981,1,sometimes,third_option,cash,,,,,,,,,,,,,,,,,,,,,1,1,7ji4iger,,,,,0
14,ek6ce5cl,69a06e4656ebe96a35b34329,0,12,11,pricing,Results,2026-07-02 19:39:48.626605,1,,,105.13,14,,105.13,1,6,0,6,0,3,5385,16.8775714200622,14.5282644745692,7.35487993020429,1,sometimes,third_option,cash,20.0,16.0,2,,,1,3,17.0,2,20.0,more,less,false,41,female,bachelor,0,0,103.38,3,1,1,7ji4iger,,,,,0
15,s8e6izgk,6a158f57702db4d7017f2586,0,12,11,pricing,Results,2026-07-02 19:39:48.862020,1,,,105.61,15,,105.61,1,9,0,9,0,4,11687,19.2982240105404,15.3352032889933,8.30613918663683,0,sometimes,third_option,cash,20.0,20.0,2,,,1,3,15.0,2,20.0,more,less,false,44,female,bachelor,0,0,103.86,3,1,1,7ji4iger,,,,,0
16,boyfz5wm,69f4ad582a9a5ac0ab0135bb,0,3,11,pricing,ComprehensionQuiz,2026-07-02 19:39:50.401662,1,,,0.0,16,,0.0,1,3,1,2,,2,6,17.25651292143,15.6552619854883,-10.6145146455845,0,,,,,,,,,,,,,,,,,,,,,,,,1,1,7ji4iger,,,,,0
17,1jmoeaza,5e909d6c5321c13abee11725,0,12,11,pricing,Results,2026-07-02 19:39:50.755218,1,,,98.81,17,,98.81,1,6,1,5,1,5,3851,-8.79848578409706,15.1098174886843,-18.5046274258981,1,sometimes,third_option,cash,22.0,22.0,2,1,3,1,3,22.0,2,55.0,more,less,false,37,female,bachelor,0,1,97.06,3,1,1,7ji4iger,,,,,0
18,u4zsqaky,69efd06a95867a796461b165,0,12,11,pricing,Results,2026-07-02 19:39:51.041391,1,,,107.5,18,,107.5,1,9,1,8,0,3,5385,16.8775714200622,14.5282644745692,7.35487993020429,1,sometimes,third_option,cash,40.0,25.0,4,,,1,4,10.0,3,0.0,more,less,false,69,male,bachelor,0,0,106.75,3,1,1,7ji4iger,,,,,0
19,b9yvuuvd,6a1dfa3eaef836ebd308886e,0,12,11,pricing,Results,2026-07-02 19:39:53.960401,1,,,106.52,19,,106.52,1,6,4,2,1,2,6,17.25651292143,15.6552619854883,-10.6145146455845,0,sometimes,third_option,cash,45.0,15.0,2,0,2,0,2,25.0,2,50.0,more,less,false,51,female,bachelor,0,1,103.77,3,1,1,7ji4iger,,,,,0
20,ty8jk2cw,69aef912ddf5e3668448234a,0,12,11,pricing,Results,2026-07-02 19:39:54.188946,1,,,113.95,20,,113.95,1,9,4,5,1,3,5385,16.8775714200622,14.5282644745692,7.35487993020429,1,sometimes,third_option,cash,96.0,35.0,4,1,4,1,,0.0,4,0.0,more,less,false,51,male,bachelor,1,1,112.2,3,1,1,7ji4iger,,,,,0
21,6bisve8i,69b1aee32d960121fc72d41e,0,12,11,pricing,Results,2026-07-02 19:39:56.040966,1,,,93.53,21,,93.53,1,9,7,2,1,5,3851,-8.79848578409706,15.1098174886843,-18.5046274258981,1,sometimes,third_option,cash,11.0,15.0,3,1,4,1,,12.0,4,25.0,more,more,false,34,male,bachelor,0,1,92.03,2,1,1,7ji4iger,,,,,0
22,ykszc0j1,5bebf332cef79f00014d230c,0,4,11,pricing,Practice,2026-07-02 19:39:56.094240,1,,,0.0,22,,0.0,1,3,0,3,,5,3851,-8.79848578409706,15.1098174886843,-18.5046274258981,1,sometimes,third_option,cash,,,,,,,,,,,,,,,,,,,,,1,1,7ji4iger,,,,,0
23,8b26gbph,6a0c8cdf66064d14de0083f3,0,12,11,pricing,Results,2026-07-02 19:39:59.122117,1,,,104.64,23,,104.64,1,6,0,6,0,4,11687,19.2982240105404,15.3352032889933,8.30613918663683,0,sometimes,third_option,cash,15.0,17.0,4,,,1,3,22.0,,20.0,more,less,false,28,male,bachelor,0,0,102.89,3,1,1,7ji4iger,,,,,0
24,pifqlt2q,69b024f85145320f634c7926,0,12,11,pricing,Results,2026-07-02 19:39:59.281212,1,,,101.75,24,,101.75,1,9,0,9,1,4,11687,19.2982240105404,15.3352032889933,8.30613918663683,0,sometimes,third_option,cash,0.0,-10.0,1,0,5,1,5,-10.0,5,0.0,more,less,false,32,male,graduate,1,1,100.0,3,1,1,7ji4iger,,,,,0
25,9edk65w9,6746319f1aea9020c91d4f4d,0,12,11,pricing,Results,2026-07-02 19:40:00.562728,1,,,119.63,25,,119.63,1,3,0,3,1,3,5385,16.8775714200622,14.5282644745692,7.35487993020429,1,sometimes,third_option,cash,100.0,15.0,3,1,4,1,4,15.0,4,0.0,more,less,false,54,male,highschool,0,1,116.88,3,1,1,7ji4iger,,,,,0
26,s0647ve0,6a24a505bca33d6f885c3885,0,12,11,pricing,Results,2026-07-02 19:40:01.340755,1,,,95.59,26,,95.59,1,6,0,6,1,5,3851,-8.79848578409706,15.1098174886843,-18.5046274258981,1,sometimes,third_option,cash,70.0,20.0,4,1,4,1,4,30.0,4,80.0,more,less,false,31,female,some_college,1,1,93.84,3,1,1,7ji4iger,,,,,0
27,cvkcnaa7,69fb7b9b615d3fefc0ec2abb,0,12,11,pricing,Results,2026-07-02 19:40:01.109453,1,,,110.4,27,,110.4,1,9,0,9,1,4,11687,19.2982240105404,15.3352032889933,8.30613918663683,0,sometimes,third_option,cash,50.0,50.0,5,1,4,0,2,30.0,3,30.0,more,less,false,45,female,graduate,1,1,109.65,3,1,1,7ji4iger,,,,,0
28,d1bf72bt,69e90cc85501ba52c9da57e5,0,12,11,pricing,Results,2026-07-02 19:40:01.076042,1,,,105.81,28,,105.81,1,3,1,2,0,3,5385,16.8775714200622,14.5282644745692,7.35487993020429,1,sometimes,third_option,cash,30.0,10.0,3,,,0,5,-5.0,3,0.0,more,less,false,27,male,bachelor,1,0,105.06,3,1,1,7ji4iger,,,,,0
29,gv7sz658,6093e78e30fb90f291b261f9,0,12,11,pricing,Results,2026-07-02 19:40:02.010467,1,,,117.46,29,,117.46,1,6,1,5,1,3,5385,16.8775714200622,14.5282644745692,7.35487993020429,1,sometimes,third_option,cash,99.0,8.0,4,1,4,1,4,22.0,4,100.0,more,less,false,56,female,bachelor,0,1,115.71,3,1,1,7ji4iger,,,,,0
30,3iiwwhxs,60f9a6667b1fcbceec1401ea,0,12,11,pricing,Results,2026-07-02 19:40:02.518129,1,,,116.83,30,,116.83,1,9,1,8,1,2,6,17.25651292143,15.6552619854883,-10.6145146455845,0,sometimes,third_option,cash,99.0,2.0,5,1,5,1,5,-2.0,5,5.0,more,less,false,43,male,highschool,0,1,116.08,3,1,1,7ji4iger,,,,,0
31,63b4zz29,69fb5f4622fcb263cfe49113,0,12,11,pricing,Results,2026-07-02 19:40:03.688654,1,,,103.65,31,,103.65,1,6,4,2,1,2,6,17.25651292143,15.6552619854883,-10.6145146455845,0,sometimes,third_option,cash,40.0,5.0,5,1,5,1,4,15.0,4,10.0,more,less,false,57,male,some_college,0,1,102.9,3,1,1,7ji4iger,,,,,0
32,0prxz3lh,699759948aebc61b33ad51ff,0,12,11,pricing,Results,2026-07-02 19:40:06.340882,1,,,114.95,32,,114.95,1,9,4,5,1,3,5385,16.8775714200622,14.5282644745692,7.35487993020429,1,sometimes,third_option,cash,96.0,15.0,5,1,4,0,3,22.0,4,70.0,more,less,false,47,male,bachelor,1,1,112.2,3,1,1,7ji4iger,,,,,0
33,k37ww7b0,69fc2d7674f4ab68ebfd7559,0,12,11,pricing,Results,2026-07-02 19:40:07.702230,1,,,94.75,33,,94.75,1,9,7,2,1,5,3851,-8.79848578409706,15.1098174886843,-18.5046274258981,1,sometimes,third_option,cash,0.0,0.0,4,1,4,1,4,22.0,3,0.0,more,less,false,59,female,bachelor,0,1,93.0,3,1,1,7ji4iger,,,,,0
34,inhlup94,69aae509f404b3600e950926,0,12,11,pricing,Results,2026-07-02 19:40:11.343886,1,,,105.06,34,,105.06,1,3,0,3,0,2,6,17.25651292143,15.6552619854883,-10.6145146455845,0,sometimes,third_option,cash,25.0,25.0,3,,,1,4,-5.0,3,10.0,more,less,false,51,female,graduate,0,0,104.31,3,1,1,7ji4iger,,,,,0
35,2xs6vr6i,6a06e9a775230116e8664140,0,12,11,pricing,Results,2026-07-02 19:40:11.615709,1,,,101.71,35,,101.71,1,6,0,6,1,4,11687,19.2982240105404,15.3352032889933,8.30613918663683,0,sometimes,third_option,cash,5.0,12.0,4,1,3,1,3,10.0,4,0.0,more,less,false,24,male,graduate,0,1,100.96,3,1,1,7ji4iger,,,,,0
36,ux4lz1oc,69e8f2e69d0d284f1cd97a55,0,12,11,pricing,Results,2026-07-02 19:40:13.528463,1,,,105.36,36,,105.36,1,9,0,9,0,4,11687,19.2982240105404,15.3352032889933,8.30613918663683,0,sometimes,third_option,cash,20.0,22.0,4,,,1,4,8.0,,100.0,exactly,less,false,35,male,bachelor,0,0,103.86,2,1,1,7ji4iger,,,,,0
37,qz1ajrmw,6a09ed98e46b23c32ad77c35,0,2,11,pricing,Instructions,2026-07-02 19:40:14.705163,1,,,0.0,37,,0.0,1,3,0,3,,2,6,17.25651292143,15.6552619854883,-10.6145146455845,0,,,,,,,,,,,,,,,,,,,,,,,,1,1,7ji4iger,,,,,0
38,pwsoa4zs,5ebc0abd2cc5f1054c82a0d7,0,12,11,pricing,Results,2026-07-02 19:40:19.641913,1,,,112.47,38,,112.47,1,6,0,6,1,2,6,17.25651292143,15.6552619854883,-10.6145146455845,0,sometimes,third_option,cash,65.0,17.0,4,1,4,1,5,20.0,4,40.0,exactly,same,false,44,male,some_college,1,1,111.22,1,1,1,7ji4iger,,,,,0
39,kqnrev7a,6a11c7e8c2fa58755fbaa30f,0,12,11,pricing,Results,2026-07-02 19:40:21.726525,1,,,93.83,39,,93.83,1,9,0,9,1,5,3851,-8.79848578409706,15.1098174886843,-18.5046274258981,1,sometimes,third_option,cash,90.0,15.0,5,1,4,1,4,20.0,,75.0,more,less,false,28,male,bachelor,1,1,92.08,3,1,1,7ji4iger,,,,,0
40,r57q0pam,665e680164927b18554b66ec,0,12,11,pricing,Results,2026-07-02 19:40:32.174289,1,,,100.75,40,,100.75,1,3,1,2,1,5,3851,-8.79848578409706,15.1098174886843,-18.5046274258981,1,sometimes,third_option,cash,0.0,0.0,4,1,4,1,3,15.0,3,0.0,more,less,false,54,male,bachelor,0,1,99.0,3,1,1,7ji4iger,,,,,0
41,9iji67n5,69acc4a097ea210ab7a32c9f,0,12,11,pricing,Results,2026-07-02 19:40:49.312360,1,,,100.75,41,,100.75,1,6,1,5,1,5,3851,-8.79848578409706,15.1098174886843,-18.5046274258981,1,sometimes,third_option,cash,0.0,0.0,3,1,3,1,,20.0,1,20.0,more,less,false,39,female,graduate,0,1,99.0,3,1,1,7ji4iger,,,,,0
42,46ojlovb,69f63f20d4dbb88fa27fb684,0,12,11,pricing,Results,2026-07-02 19:40:51.401937,1,,,112.33,42,,112.33,1,9,1,8,1,4,11687,19.2982240105404,15.3352032889933,8.30613918663683,0,sometimes,third_option,cash,60.0,15.0,5,1,5,1,5,25.0,5,100.0,more,less,false,25,male,bachelor,1,1,110.58,3,1,1,7ji4iger,,,,,0
43,zf4oz51t,69ea1ce282df29c7809094c8,0,12,11,pricing,Results,2026-07-02 19:41:00.149231,1,,,118.01,43,,118.01,1,6,4,2,0,2,6,17.25651292143,15.6552619854883,-10.6145146455845,0,sometimes,third_option,cash,100.0,5.0,2,,,1,4,-5.0,4,100.0,more,less,false,43,male,graduate,0,0,117.26,3,1,1,7ji4iger,,,,,0
44,o7q1bnpo,5ba104967b196f00019640a1,0,12,11,pricing,Results,2026-07-02 19:41:07.318089,1,,,95.11,44,,95.11,1,9,4,5,1,5,3851,-8.79848578409706,15.1098174886843,-18.5046274258981,1,sometimes,third_option,cash,30.0,12.0,2,1,2,1,2,18.0,2,80.0,more,less,false,51,male,some_college,0,1,93.36,3,1,1,7ji4iger,,,,,0
45,4geeoshe,6605e7578f65f8358870127a,0,12,11,pricing,Results,2026-07-02 19:41:09.921007,1,,,101.22,45,,101.22,1,9,7,2,1,4,11687,19.2982240105404,15.3352032889933,8.30613918663683,0,sometimes,third_option,cash,40.0,40.0,4,1,4,1,4,35.0,4,35.0,more,less,true,50,male,some_college,0,1,100.72,2,1,1,7ji4iger,,,,,0
46,xbcfpjig,69e77eeca0f0281b1d24813f,0,12,11,pricing,Results,2026-07-02 19:41:23.231201,1,,,94.15,46,,94.15,1,3,0,3,0,5,3851,-8.79848578409706,15.1098174886843,-18.5046274258981,1,sometimes,third_option,cash,75.0,18.0,4,,,1,4,30.0,3,50.0,more,less,false,63,male,highschool,0,0,93.4,3,1,1,7ji4iger,,,,,0
47,8tbjg5pl,69fd3fd84f34af943080ea0f,0,12,11,pricing,Results,2026-07-02 19:41:33.324653,1,,,117.62,47,,117.62,1,6,0,6,1,4,11687,19.2982240105404,15.3352032889933,8.30613918663683,0,sometimes,third_option,cash,90.0,35.0,5,1,4,1,4,40.0,5,80.0,more,more,true,30,male,graduate,1,1,117.37,1,1,1,7ji4iger,,,,,0
48,kk66lc11,59a5b35c5954130001582a40,0,12,11,pricing,Results,2026-07-02 19:41:56.449203,1,,,120.05,48,,120.05,1,9,0,9,0,4,11687,19.2982240105404,15.3352032889933,8.30613918663683,0,sometimes,third_option,cash,100.0,10.0,1,,,0,1,15.0,1,100.0,more,less,false,35,male,graduate,0,0,119.3,3,1,1,7ji4iger,,,,,0
49,dq5lr64m,69cb095221cf2f0a4aff1fb1,0,12,11,pricing,Results,2026-07-02 19:42:37.810210,1,,,100.75,49,,100.75,1,3,0,3,1,2,6,17.25651292143,15.6552619854883,-10.6145146455845,0,sometimes,third_option,cash,0.0,-5.0,4,1,4,0,4,16.0,3,3.0,more,less,false,31,male,bachelor,1,1,100.0,3,1,1,7ji4iger,,,,,0
50,0i74e96z,697aa775ae95070bb1637b2e,0,12,11,pricing,Results,2026-07-02 19:42:41.099735,1,,,91.95,50,,91.95,1,6,0,6,0,5,3851,-8.79848578409706,15.1098174886843,-18.5046274258981,1,sometimes,third_option,cash,100.0,15.0,3,,,1,4,25.0,4,100.0,more,less,false,48,male,graduate,0,0,91.2,3,1,1,7ji4iger,,,,,0
51,osf6wxcs,69a059466e8399919d49551e,0,12,11,pricing,Results,2026-07-02 19:44:25.552199,1,,,110.38,51,,110.38,1,9,0,9,1,2,6,17.25651292143,15.6552619854883,-10.6145146455845,0,sometimes,third_option,cash,50.0,40.0,2,0,3,0,2,20.0,2,10.0,more,less,false,34,female,bachelor,0,1,108.63,3,1,1,7ji4iger,,,,,0
52,bzxglwh3,6a1ef60abdbeb6a98d0ba17e,0,12,11,pricing,Results,2026-07-02 19:49:33.995268,1,,,118.86,52,,118.86,1,3,1,2,1,4,11687,19.2982240105404,15.3352032889933,8.30613918663683,0,sometimes,third_option,cash,99.0,25.0,2,1,2,1,2,3.0,2,50.0,more,less,false,26,male,some_college,0,1,118.11,3,1,1,7ji4iger,,,,,0
53,k9glay94,,0,0,11,,,,0,,,0.0,53,,0.0,,6,1,5,,2,6,17.25651292143,15.6552619854883,-10.6145146455845,0,,,,,,,,,,,,,,,,,,,,,,,,1,1,7ji4iger,,,,,0
54,qvjjum8c,,0,0,11,,,,0,,,0.0,54,,0.0,,9,1,8,,4,11687,19.2982240105404,15.3352032889933,8.30613918663683,0,,,,,,,,,,,,,,,,,,,,,,,,1,1,7ji4iger,,,,,0
55,jm10lrgv,,0,0,11,,,,0,,,0.0,55,,0.0,,6,4,2,,5,3851,-8.79848578409706,15.1098174886843,-18.5046274258981,1,,,,,,,,,,,,,,,,,,,,,,,,1,1,7ji4iger,,,,,0
56,8zvzfhgt,,0,0,11,,,,0,,,0.0,56,,0.0,,9,4,5,,3,5385,16.8775714200622,14.5282644745692,7.35487993020429,1,,,,,,,,,,,,,,,,,,,,,,,,1,1,7ji4iger,,,,,0
57,bdobpqj7,,0,0,11,,,,0,,,0.0,57,,0.0,,9,7,2,,3,5385,16.8775714200622,14.5282644745692,7.35487993020429,1,,,,,,,,,,,,,,,,,,,,,,,,1,1,7ji4iger,,,,,0
58,rzsufl78,,0,0,11,,,,0,,,0.0,58,,0.0,,3,0,3,,2,6,17.25651292143,15.6552619854883,-10.6145146455845,0,,,,,,,,,,,,,,,,,,,,,,,,1,1,7ji4iger,,,,,0
59,kot6quqa,,0,0,11,,,,0,,,0.0,59,,0.0,,6,0,6,,3,5385,16.8775714200622,14.5282644745692,7.35487993020429,1,,,,,,,,,,,,,,,,,,,,,,,,1,1,7ji4iger,,,,,0
60,y8nzddam,,0,0,11,,,,0,,,0.0,60,,0.0,,9,0,9,,3,5385,16.8775714200622,14.5282644745692,7.35487993020429,1,,,,,,,,,,,,,,,,,,,,,,,,1,1,7ji4iger,,,,,0
61,25gm1gmd,,0,0,11,,,,0,,,0.0,61,,0.0,,3,0,3,,3,5385,16.8775714200622,14.5282644745692,7.35487993020429,1,,,,,,,,,,,,,,,,,,,,,,,,1,1,7ji4iger,,,,,0
62,kmy01onm,,0,0,11,,,,0,,,0.0,62,,0.0,,6,0,6,,3,5385,16.8775714200622,14.5282644745692,7.35487993020429,1,,,,,,,,,,,,,,,,,,,,,,,,1,1,7ji4iger,,,,,0
63,jowex272,,0,0,11,,,,0,,,0.0,63,,0.0,,9,0,9,,4,11687,19.2982240105404,15.3352032889933,8.30613918663683,0,,,,,,,,,,,,,,,,,,,,,,,,1,1,7ji4iger,,,,,0
64,4jljnnp2,,0,0,11,,,,0,,,0.0,64,,0.0,,3,1,2,,3,5385,16.8775714200622,14.5282644745692,7.35487993020429,1,,,,,,,,,,,,,,,,,,,,,,,,1,1,7ji4iger,,,,,0
65,b7k2rwy1,,0,0,11,,,,0,,,0.0,65,,0.0,,6,1,5,,2,6,17.25651292143,15.6552619854883,-10.6145146455845,0,,,,,,,,,,,,,,,,,,,,,,,,1,1,7ji4iger,,,,,0
66,nbjpptwn,,0,0,11,,,,0,,,0.0,66,,0.0,,9,1,8,,3,5385,16.8775714200622,14.5282644745692,7.35487993020429,1,,,,,,,,,,,,,,,,,,,,,,,,1,1,7ji4iger,,,,,0
67,yeuovkv8,,0,0,11,,,,0,,,0.0,67,,0.0,,6,4,2,,4,11687,19.2982240105404,15.3352032889933,8.30613918663683,0,,,,,,,,,,,,,,,,,,,,,,,,1,1,7ji4iger,,,,,0
68,ayanp29g,,0,0,11,,,,0,,,0.0,68,,0.0,,9,4,5,,5,3851,-8.79848578409706,15.1098174886843,-18.5046274258981,1,,,,,,,,,,,,,,,,,,,,,,,,1,1,7ji4iger,,,,,0
69,czc1g4n0,,0,0,11,,,,0,,,0.0,69,,0.0,,9,7,2,,3,5385,16.8775714200622,14.5282644745692,7.35487993020429,1,,,,,,,,,,,,,,,,,,,,,,,,1,1,7ji4iger,,,,,0
70,mhw0gnrr,,0,0,11,,,,0,,,0.0,70,,0.0,,3,0,3,,3,5385,16.8775714200622,14.5282644745692,7.35487993020429,1,,,,,,,,,,,,,,,,,,,,,,,,1,1,7ji4iger,,,,,0
71,u41n9j13,,0,0,11,,,,0,,,0.0,71,,0.0,,6,0,6,,4,11687,19.2982240105404,15.3352032889933,8.30613918663683,0,,,,,,,,,,,,,,,,,,,,,,,,1,1,7ji4iger,,,,,0
72,uyazy8af,,0,0,11,,,,0,,,0.0,72,,0.0,,9,0,9,,4,11687,19.2982240105404,15.3352032889933,8.30613918663683,0,,,,,,,,,,,,,,,,,,,,,,,,1,1,7ji4iger,,,,,0
73,moej5wjd,,0,0,11,,,,0,,,0.0,73,,0.0,,3,0,3,,2,6,17.25651292143,15.6552619854883,-10.6145146455845,0,,,,,,,,,,,,,,,,,,,,,,,,1,1,7ji4iger,,,,,0
74,wkytnnto,,0,0,11,,,,0,,,0.0,74,,0.0,,6,0,6,,5,3851,-8.79848578409706,15.1098174886843,-18.5046274258981,1,,,,,,,,,,,,,,,,,,,,,,,,1,1,7ji4iger,,,,,0
75,9r3tybik,,0,0,11,,,,0,,,0.0,75,,0.0,,9,0,9,,4,11687,19.2982240105404,15.3352032889933,8.30613918663683,0,,,,,,,,,,,,,,,,,,,,,,,,1,1,7ji4iger,,,,,0
76,fbntf727,,0,0,11,,,,0,,,0.0,76,,0.0,,3,1,2,,3,5385,16.8775714200622,14.5282644745692,7.35487993020429,1,,,,,,,,,,,,,,,,,,,,,,,,1,1,7ji4iger,,,,,0
77,1tvg8eou,,0,0,11,,,,0,,,0.0,77,,0.0,,6,1,5,,4,11687,19.2982240105404,15.3352032889933,8.30613918663683,0,,,,,,,,,,,,,,,,,,,,,,,,1,1,7ji4iger,,,,,0
78,vmer7ruz,,0,0,11,,,,0,,,0.0,78,,0.0,,9,1,8,,4,11687,19.2982240105404,15.3352032889933,8.30613918663683,0,,,,,,,,,,,,,,,,,,,,,,,,1,1,7ji4iger,,,,,0
79,lwfvw6sz,,0,0,11,,,,0,,,0.0,79,,0.0,,6,4,2,,3,5385,16.8775714200622,14.5282644745692,7.35487993020429,1,,,,,,,,,,,,,,,,,,,,,,,,1,1,7ji4iger,,,,,0
80,rwytbu1r,,0,0,11,,,,0,,,0.0,80,,0.0,,9,4,5,,2,6,17.25651292143,15.6552619854883,-10.6145146455845,0,,,,,,,,,,,,,,,,,,,,,,,,1,1,7ji4iger,,,,,0
81,q03cb9ye,,0,0,11,,,,0,,,0.0,81,,0.0,,9,7,2,,2,6,17.25651292143,15.6552619854883,-10.6145146455845,0,,,,,,,,,,,,,,,,,,,,,,,,1,1,7ji4iger,,,,,0
82,6ago59fp,,0,0,11,,,,0,,,0.0,82,,0.0,,3,0,3,,5,3851,-8.79848578409706,15.1098174886843,-18.5046274258981,1,,,,,,,,,,,,,,,,,,,,,,,,1,1,7ji4iger,,,,,0
83,rcdklrmp,,0,0,11,,,,0,,,0.0,83,,0.0,,6,0,6,,2,6,17.25651292143,15.6552619854883,-10.6145146455845,0,,,,,,,,,,,,,,,,,,,,,,,,1,1,7ji4iger,,,,,0
84,sqg0k4l2,,0,0,11,,,,0,,,0.0,84,,0.0,,9,0,9,,2,6,17.25651292143,15.6552619854883,-10.6145146455845,0,,,,,,,,,,,,,,,,,,,,,,,,1,1,7ji4iger,,,,,0
85,oy7sphxh,,0,0,11,,,,0,,,0.0,85,,0.0,,3,0,3,,5,3851,-8.79848578409706,15.1098174886843,-18.5046274258981,1,,,,,,,,,,,,,,,,,,,,,,,,1,1,7ji4iger,,,,,0
86,q61k6b0t,,0,0,11,,,,0,,,0.0,86,,0.0,,6,0,6,,5,3851,-8.79848578409706,15.1098174886843,-18.5046274258981,1,,,,,,,,,,,,,,,,,,,,,,,,1,1,7ji4iger,,,,,0
87,3gqi5wp5,,0,0,11,,,,0,,,0.0,87,,0.0,,9,0,9,,3,5385,16.8775714200622,14.5282644745692,7.35487993020429,1,,,,,,,,,,,,,,,,,,,,,,,,1,1,7ji4iger,,,,,0
88,admiazkh,,0,0,11,,,,0,,,0.0,88,,0.0,,3,1,2,,2,6,17.25651292143,15.6552619854883,-10.6145146455845,0,,,,,,,,,,,,,,,,,,,,,,,,1,1,7ji4iger,,,,,0
89,k9n5wfd2,,0,0,11,,,,0,,,0.0,89,,0.0,,6,1,5,,3,5385,16.8775714200622,14.5282644745692,7.35487993020429,1,,,,,,,,,,,,,,,,,,,,,,,,1,1,7ji4iger,,,,,0
90,5ml02jmm,,0,0,11,,,,0,,,0.0,90,,0.0,,9,1,8,,2,6,17.25651292143,15.6552619854883,-10.6145146455845,0,,,,,,,,,,,,,,,,,,,,,,,,1,1,7ji4iger,,,,,0
91,0h5ltm29,,0,0,11,,,,0,,,0.0,91,,0.0,,6,4,2,,4,11687,19.2982240105404,15.3352032889933,8.30613918663683,0,,,,,,,,,,,,,,,,,,,,,,,,1,1,7ji4iger,,,,,0
92,a1mf2so9,,0,0,11,,,,0,,,0.0,92,,0.0,,9,4,5,,5,3851,-8.79848578409706,15.1098174886843,-18.5046274258981,1,,,,,,,,,,,,,,,,,,,,,,,,1,1,7ji4iger,,,,,0
93,w1cajj10,,0,0,11,,,,0,,,0.0,93,,0.0,,9,7,2,,4,11687,19.2982240105404,15.3352032889933,8.30613918663683,0,,,,,,,,,,,,,,,,,,,,,,,,1,1,7ji4iger,,,,,0
94,8ysfvurc,,0,0,11,,,,0,,,0.0,94,,0.0,,3,0,3,,3,5385,16.8775714200622,14.5282644745692,7.35487993020429,1,,,,,,,,,,,,,,,,,,,,,,,,1,1,7ji4iger,,,,,0
95,x2hna6ld,,0,0,11,,,,0,,,0.0,95,,0.0,,6,0,6,,4,11687,19.2982240105404,15.3352032889933,8.30613918663683,0,,,,,,,,,,,,,,,,,,,,,,,,1,1,7ji4iger,,,,,0
96,owxm1fht,,0,0,11,,,,0,,,0.0,96,,0.0,,9,0,9,,2,6,17.25651292143,15.6552619854883,-10.6145146455845,0,,,,,,,,,,,,,,,,,,,,,,,,1,1,7ji4iger,,,,,0
97,z3qeands,,0,0,11,,,,0,,,0.0,97,,0.0,,3,0,3,,5,3851,-8.79848578409706,15.1098174886843,-18.5046274258981,1,,,,,,,,,,,,,,,,,,,,,,,,1,1,7ji4iger,,,,,0
98,h21d1v0m,,0,0,11,,,,0,,,0.0,98,,0.0,,6,0,6,,3,5385,16.8775714200622,14.5282644745692,7.35487993020429,1,,,,,,,,,,,,,,,,,,,,,,,,1,1,7ji4iger,,,,,0
99,j0eyv1ki,,0,0,11,,,,0,,,0.0,99,,0.0,,9,0,9,,3,5385,16.8775714200622,14.5282644745692,7.35487993020429,1,,,,,,,,,,,,,,,,,,,,,,,,1,1,7ji4iger,,,,,0
100,mjjfosn4,,0,0,11,,,,0,,,0.0,100,,0.0,,3,1,2,,4,11687,19.2982240105404,15.3352032889933,8.30613918663683,0,,,,,,,,,,,,,,,,,,,,,,,,1,1,7ji4iger,,,,,0
101,d2hrz9yj,,0,0,11,,,,0,,,0.0,101,,0.0,,6,1,5,,2,6,17.25651292143,15.6552619854883,-10.6145146455845,0,,,,,,,,,,,,,,,,,,,,,,,,1,1,7ji4iger,,,,,0
102,mirjz6ly,,0,0,11,,,,0,,,0.0,102,,0.0,,9,1,8,,3,5385,16.8775714200622,14.5282644745692,7.35487993020429,1,,,,,,,,,,,,,,,,,,,,,,,,1,1,7ji4iger,,,,,0
103,iwqg9pmo,,0,0,11,,,,0,,,0.0,103,,0.0,,6,4,2,,3,5385,16.8775714200622,14.5282644745692,7.35487993020429,1,,,,,,,,,,,,,,,,,,,,,,,,1,1,7ji4iger,,,,,0
104,mte3vmou,,0,0,11,,,,0,,,0.0,104,,0.0,,9,4,5,,2,6,17.25651292143,15.6552619854883,-10.6145146455845,0,,,,,,,,,,,,,,,,,,,,,,,,1,1,7ji4iger,,,,,0
105,olipgh2w,,0,0,11,,,,0,,,0.0,105,,0.0,,9,7,2,,3,5385,16.8775714200622,14.5282644745692,7.35487993020429,1,,,,,,,,,,,,,,,,,,,,,,,,1,1,7ji4iger,,,,,0
106,3vwgd4dt,,0,0,11,,,,0,,,0.0,106,,0.0,,3,0,3,,3,5385,16.8775714200622,14.5282644745692,7.35487993020429,1,,,,,,,,,,,,,,,,,,,,,,,,1,1,7ji4iger,,,,,0
107,5xo2nlrd,,0,0,11,,,,0,,,0.0,107,,0.0,,6,0,6,,5,3851,-8.79848578409706,15.1098174886843,-18.5046274258981,1,,,,,,,,,,,,,,,,,,,,,,,,1,1,7ji4iger,,,,,0
108,o4m2pz7o,,0,0,11,,,,0,,,0.0,108,,0.0,,9,0,9,,3,5385,16.8775714200622,14.5282644745692,7.35487993020429,1,,,,,,,,,,,,,,,,,,,,,,,,1,1,7ji4iger,,,,,0
109,m54mcwto,,0,0,11,,,,0,,,0.0,109,,0.0,,3,0,3,,3,5385,16.8775714200622,14.5282644745692,7.35487993020429,1,,,,,,,,,,,,,,,,,,,,,,,,1,1,7ji4iger,,,,,0
110,wqbepj8e,,0,0,11,,,,0,,,0.0,110,,0.0,,6,0,6,,4,11687,19.2982240105404,15.3352032889933,8.30613918663683,0,,,,,,,,,,,,,,,,,,,,,,,,1,1,7ji4iger,,,,,0
111,hmayya89,,0,0,11,,,,0,,,0.0,111,,0.0,,9,0,9,,4,11687,19.2982240105404,15.3352032889933,8.30613918663683,0,,,,,,,,,,,,,,,,,,,,,,,,1,1,7ji4iger,,,,,0
112,6em4c7hn,,0,0,11,,,,0,,,0.0,112,,0.0,,3,1,2,,3,5385,16.8775714200622,14.5282644745692,7.35487993020429,1,,,,,,,,,,,,,,,,,,,,,,,,1,1,7ji4iger,,,,,0
113,abcnld3n,,0,0,11,,,,0,,,0.0,113,,0.0,,6,1,5,,4,11687,19.2982240105404,15.3352032889933,8.30613918663683,0,,,,,,,,,,,,,,,,,,,,,,,,1,1,7ji4iger,,,,,0
114,p67376pb,,0,0,11,,,,0,,,0.0,114,,0.0,,9,1,8,,2,6,17.25651292143,15.6552619854883,-10.6145146455845,0,,,,,,,,,,,,,,,,,,,,,,,,1,1,7ji4iger,,,,,0
115,4s15gefq,,0,0,11,,,,0,,,0.0,115,,0.0,,6,4,2,,3,5385,16.8775714200622,14.5282644745692,7.35487993020429,1,,,,,,,,,,,,,,,,,,,,,,,,1,1,7ji4iger,,,,,0
116,09l1f5sb,,0,0,11,,,,0,,,0.0,116,,0.0,,9,4,5,,2,6,17.25651292143,15.6552619854883,-10.6145146455845,0,,,,,,,,,,,,,,,,,,,,,,,,1,1,7ji4iger,,,,,0
117,j5wvzw82,,0,0,11,,,,0,,,0.0,117,,0.0,,9,7,2,,3,5385,16.8775714200622,14.5282644745692,7.35487993020429,1,,,,,,,,,,,,,,,,,,,,,,,,1,1,7ji4iger,,,,,0
118,dxhsdsnu,,0,0,11,,,,0,,,0.0,118,,0.0,,3,0,3,,2,6,17.25651292143,15.6552619854883,-10.6145146455845,0,,,,,,,,,,,,,,,,,,,,,,,,1,1,7ji4iger,,,,,0
119,ve6nswa6,,0,0,11,,,,0,,,0.0,119,,0.0,,6,0,6,,4,11687,19.2982240105404,15.3352032889933,8.30613918663683,0,,,,,,,,,,,,,,,,,,,,,,,,1,1,7ji4iger,,,,,0
120,kf1mv6r4,,0,0,11,,,,0,,,0.0,120,,0.0,,9,0,9,,2,6,17.25651292143,15.6552619854883,-10.6145146455845,0,,,,,,,,,,,,,,,,,,,,,,,,1,1,7ji4iger,,,,,0
121,jasvc8t8,,0,0,11,,,,0,,,0.0,121,,0.0,,3,0,3,,3,5385,16.8775714200622,14.5282644745692,7.35487993020429,1,,,,,,,,,,,,,,,,,,,,,,,,1,1,7ji4iger,,,,,0
122,kqu4vqrj,,0,0,11,,,,0,,,0.0,122,,0.0,,6,0,6,,2,6,17.25651292143,15.6552619854883,-10.6145146455845,0,,,,,,,,,,,,,,,,,,,,,,,,1,1,7ji4iger,,,,,0
123,n1u1bg9i,,0,0,11,,,,0,,,0.0,123,,0.0,,9,0,9,,4,11687,19.2982240105404,15.3352032889933,8.30613918663683,0,,,,,,,,,,,,,,,,,,,,,,,,1,1,7ji4iger,,,,,0
124,tjrzmx7v,,0,0,11,,,,0,,,0.0,124,,0.0,,3,1,2,,4,11687,19.2982240105404,15.3352032889933,8.30613918663683,0,,,,,,,,,,,,,,,,,,,,,,,,1,1,7ji4iger,,,,,0
125,o7gh33n0,,0,0,11,,,,0,,,0.0,125,,0.0,,6,1,5,,4,11687,19.2982240105404,15.3352032889933,8.30613918663683,0,,,,,,,,,,,,,,,,,,,,,,,,1,1,7ji4iger,,,,,0
126,hbfd20qy,,0,0,11,,,,0,,,0.0,126,,0.0,,9,1,8,,5,3851,-8.79848578409706,15.1098174886843,-18.5046274258981,1,,,,,,,,,,,,,,,,,,,,,,,,1,1,7ji4iger,,,,,0
127,ngbw1dk1,,0,0,11,,,,0,,,0.0,127,,0.0,,6,4,2,,5,3851,-8.79848578409706,15.1098174886843,-18.5046274258981,1,,,,,,,,,,,,,,,,,,,,,,,,1,1,7ji4iger,,,,,0
128,t4owids8,,0,0,11,,,,0,,,0.0,128,,0.0,,9,4,5,,2,6,17.25651292143,15.6552619854883,-10.6145146455845,0,,,,,,,,,,,,,,,,,,,,,,,,1,1,7ji4iger,,,,,0
129,sbm5gxv2,,0,0,11,,,,0,,,0.0,129,,0.0,,9,7,2,,3,5385,16.8775714200622,14.5282644745692,7.35487993020429,1,,,,,,,,,,,,,,,,,,,,,,,,1,1,7ji4iger,,,,,0
130,32ov45ir,,0,0,11,,,,0,,,0.0,130,,0.0,,3,0,3,,4,11687,19.2982240105404,15.3352032889933,8.30613918663683,0,,,,,,,,,,,,,,,,,,,,,,,,1,1,7ji4iger,,,,,0
131,kb80ehcx,,0,0,11,,,,0,,,0.0,131,,0.0,,6,0,6,,3,5385,16.8775714200622,14.5282644745692,7.35487993020429,1,,,,,,,,,,,,,,,,,,,,,,,,1,1,7ji4iger,,,,,0
132,i9m0inzu,,0,0,11,,,,0,,,0.0,132,,0.0,,9,0,9,,4,11687,19.2982240105404,15.3352032889933,8.30613918663683,0,,,,,,,,,,,,,,,,,,,,,,,,1,1,7ji4iger,,,,,0
133,es5vdo3a,,0,0,11,,,,0,,,0.0,133,,0.0,,3,0,3,,3,5385,16.8775714200622,14.5282644745692,7.35487993020429,1,,,,,,,,,,,,,,,,,,,,,,,,1,1,7ji4iger,,,,,0
134,eti6jqvb,,0,0,11,,,,0,,,0.0,134,,0.0,,6,0,6,,5,3851,-8.79848578409706,15.1098174886843,-18.5046274258981,1,,,,,,,,,,,,,,,,,,,,,,,,1,1,7ji4iger,,,,,0
135,faih6dvb,,0,0,11,,,,0,,,0.0,135,,0.0,,9,0,9,,5,3851,-8.79848578409706,15.1098174886843,-18.5046274258981,1,,,,,,,,,,,,,,,,,,,,,,,,1,1,7ji4iger,,,,,0
136,75ucgb02,,0,0,11,,,,0,,,0.0,136,,0.0,,3,1,2,,4,11687,19.2982240105404,15.3352032889933,8.30613918663683,0,,,,,,,,,,,,,,,,,,,,,,,,1,1,7ji4iger,,,,,0
137,wypvrju5,,0,0,11,,,,0,,,0.0,137,,0.0,,6,1,5,,3,5385,16.8775714200622,14.5282644745692,7.35487993020429,1,,,,,,,,,,,,,,,,,,,,,,,,1,1,7ji4iger,,,,,0
138,2ed5123d,,0,0,11,,,,0,,,0.0,138,,0.0,,9,1,8,,4,11687,19.2982240105404,15.3352032889933,8.30613918663683,0,,,,,,,,,,,,,,,,,,,,,,,,1,1,7ji4iger,,,,,0
139,4m3vwdc8,,0,0,11,,,,0,,,0.0,139,,0.0,,6,4,2,,4,11687,19.2982240105404,15.3352032889933,8.30613918663683,0,,,,,,,,,,,,,,,,,,,,,,,,1,1,7ji4iger,,,,,0
140,b4l3dnm7,,0,0,11,,,,0,,,0.0,140,,0.0,,9,4,5,,4,11687,19.2982240105404,15.3352032889933,8.30613918663683,0,,,,,,,,,,,,,,,,,,,,,,,,1,1,7ji4iger,,,,,0
141,kswqf19q,,0,0,11,,,,0,,,0.0,141,,0.0,,9,7,2,,5,3851,-8.79848578409706,15.1098174886843,-18.5046274258981,1,,,,,,,,,,,,,,,,,,,,,,,,1,1,7ji4iger,,,,,0
142,t12c7081,,0,0,11,,,,0,,,0.0,142,,0.0,,3,0,3,,3,5385,16.8775714200622,14.5282644745692,7.35487993020429,1,,,,,,,,,,,,,,,,,,,,,,,,1,1,7ji4iger,,,,,0
143,enqmfk3c,,0,0,11,,,,0,,,0.0,143,,0.0,,6,0,6,,2,6,17.25651292143,15.6552619854883,-10.6145146455845,0,,,,,,,,,,,,,,,,,,,,,,,,1,1,7ji4iger,,,,,0
144,bqzyvvsi,,0,0,11,,,,0,,,0.0,144,,0.0,,9,0,9,,5,3851,-8.79848578409706,15.1098174886843,-18.5046274258981,1,,,,,,,,,,,,,,,,,,,,,,,,1,1,7ji4iger,,,,,0
145,pnjua9sz,,0,0,11,,,,0,,,0.0,145,,0.0,,3,0,3,,2,6,17.25651292143,15.6552619854883,-10.6145146455845,0,,,,,,,,,,,,,,,,,,,,,,,,1,1,7ji4iger,,,,,0
146,65wrxred,,0,0,11,,,,0,,,0.0,146,,0.0,,6,0,6,,2,6,17.25651292143,15.6552619854883,-10.6145146455845,0,,,,,,,,,,,,,,,,,,,,,,,,1,1,7ji4iger,,,,,0
147,hmrygsci,,0,0,11,,,,0,,,0.0,147,,0.0,,9,0,9,,4,11687,19.2982240105404,15.3352032889933,8.30613918663683,0,,,,,,,,,,,,,,,,,,,,,,,,1,1,7ji4iger,,,,,0
148,jri9opuw,,0,0,11,,,,0,,,0.0,148,,0.0,,3,1,2,,5,3851,-8.79848578409706,15.1098174886843,-18.5046274258981,1,,,,,,,,,,,,,,,,,,,,,,,,1,1,7ji4iger,,,,,0
149,c11zd4ec,,0,0,11,,,,0,,,0.0,149,,0.0,,6,1,5,,2,6,17.25651292143,15.6552619854883,-10.6145146455845,0,,,,,,,,,,,,,,,,,,,,,,,,1,1,7ji4iger,,,,,0
150,k94g2qeh,,0,0,11,,,,0,,,0.0,150,,0.0,,9,1,8,,3,5385,16.8775714200622,14.5282644745692,7.35487993020429,1,,,,,,,,,,,,,,,,,,,,,,,,1,1,7ji4iger,,,,,0
151,c7ucypdd,,0,0,11,,,,0,,,0.0,151,,0.0,,6,4,2,,3,5385,16.8775714200622,14.5282644745692,7.35487993020429,1,,,,,,,,,,,,,,,,,,,,,,,,1,1,7ji4iger,,,,,0
152,bjkv91zw,,0,0,11,,,,0,,,0.0,152,,0.0,,9,4,5,,2,6,17.25651292143,15.6552619854883,-10.6145146455845,0,,,,,,,,,,,,,,,,,,,,,,,,1,1,7ji4iger,,,,,0
153,cmp64t0l,,0,0,11,,,,0,,,0.0,153,,0.0,,9,7,2,,5,3851,-8.79848578409706,15.1098174886843,-18.5046274258981,1,,,,,,,,,,,,,,,,,,,,,,,,1,1,7ji4iger,,,,,0
154,83ychoal,,0,0,11,,,,0,,,0.0,154,,0.0,,3,0,3,,2,6,17.25651292143,15.6552619854883,-10.6145146455845,0,,,,,,,,,,,,,,,,,,,,,,,,1,1,7ji4iger,,,,,0
155,zr2hbw4o,,0,0,11,,,,0,,,0.0,155,,0.0,,6,0,6,,4,11687,19.2982240105404,15.3352032889933,8.30613918663683,0,,,,,,,,,,,,,,,,,,,,,,,,1,1,7ji4iger,,,,,0
156,db549oot,,0,0,11,,,,0,,,0.0,156,,0.0,,9,0,9,,5,3851,-8.79848578409706,15.1098174886843,-18.5046274258981,1,,,,,,,,,,,,,,,,,,,,,,,,1,1,7ji4iger,,,,,0
157,zm7gz4ed,,0,0,11,,,,0,,,0.0,157,,0.0,,3,0,3,,4,11687,19.2982240105404,15.3352032889933,8.30613918663683,0,,,,,,,,,,,,,,,,,,,,,,,,1,1,7ji4iger,,,,,0
158,n2ipfubr,,0,0,11,,,,0,,,0.0,158,,0.0,,6,0,6,,5,3851,-8.79848578409706,15.1098174886843,-18.5046274258981,1,,,,,,,,,,,,,,,,,,,,,,,,1,1,7ji4iger,,,,,0
159,zfu7q462,,0,0,11,,,,0,,,0.0,159,,0.0,,9,0,9,,4,11687,19.2982240105404,15.3352032889933,8.30613918663683,0,,,,,,,,,,,,,,,,,,,,,,,,1,1,7ji4iger,,,,,0
160,8f46td54,,0,0,11,,,,0,,,0.0,160,,0.0,,3,1,2,,4,11687,19.2982240105404,15.3352032889933,8.30613918663683,0,,,,,,,,,,,,,,,,,,,,,,,,1,1,7ji4iger,,,,,0
161,3uefdjvl,,0,0,11,,,,0,,,0.0,161,,0.0,,6,1,5,,4,11687,19.2982240105404,15.3352032889933,8.30613918663683,0,,,,,,,,,,,,,,,,,,,,,,,,1,1,7ji4iger,,,,,0
162,rni7veft,,0,0,11,,,,0,,,0.0,162,,0.0,,9,1,8,,2,6,17.25651292143,15.6552619854883,-10.6145146455845,0,,,,,,,,,,,,,,,,,,,,,,,,1,1,7ji4iger,,,,,0
163,wni75qwt,,0,0,11,,,,0,,,0.0,163,,0.0,,6,4,2,,2,6,17.25651292143,15.6552619854883,-10.6145146455845,0,,,,,,,,,,,,,,,,,,,,,,,,1,1,7ji4iger,,,,,0
164,r33jenf4,,0,0,11,,,,0,,,0.0,164,,0.0,,9,4,5,,3,5385,16.8775714200622,14.5282644745692,7.35487993020429,1,,,,,,,,,,,,,,,,,,,,,,,,1,1,7ji4iger,,,,,0
165,ulx6h05i,,0,0,11,,,,0,,,0.0,165,,0.0,,9,7,2,,2,6,17.25651292143,15.6552619854883,-10.6145146455845,0,,,,,,,,,,,,,,,,,,,,,,,,1,1,7ji4iger,,,,,0
166,sfr5b6w3,,0,0,11,,,,0,,,0.0,166,,0.0,,3,0,3,,2,6,17.25651292143,15.6552619854883,-10.6145146455845,0,,,,,,,,,,,,,,,,,,,,,,,,1,1,7ji4iger,,,,,0
167,flbrhygr,,0,0,11,,,,0,,,0.0,167,,0.0,,6,0,6,,2,6,17.25651292143,15.6552619854883,-10.6145146455845,0,,,,,,,,,,,,,,,,,,,,,,,,1,1,7ji4iger,,,,,0
168,qrt7ginn,,0,0,11,,,,0,,,0.0,168,,0.0,,9,0,9,,5,3851,-8.79848578409706,15.1098174886843,-18.5046274258981,1,,,,,,,,,,,,,,,,,,,,,,,,1,1,7ji4iger,,,,,0
169,kvfe55wy,,0,0,11,,,,0,,,0.0,169,,0.0,,3,0,3,,5,3851,-8.79848578409706,15.1098174886843,-18.5046274258981,1,,,,,,,,,,,,,,,,,,,,,,,,1,1,7ji4iger,,,,,0
170,3uo8mg9t,,0,0,11,,,,0,,,0.0,170,,0.0,,6,0,6,,4,11687,19.2982240105404,15.3352032889933,8.30613918663683,0,,,,,,,,,,,,,,,,,,,,,,,,1,1,7ji4iger,,,,,0
171,9rekbgji,,0,0,11,,,,0,,,0.0,171,,0.0,,9,0,9,,3,5385,16.8775714200622,14.5282644745692,7.35487993020429,1,,,,,,,,,,,,,,,,,,,,,,,,1,1,7ji4iger,,,,,0
172,d31ouscc,,0,0,11,,,,0,,,0.0,172,,0.0,,3,1,2,,3,5385,16.8775714200622,14.5282644745692,7.35487993020429,1,,,,,,,,,,,,,,,,,,,,,,,,1,1,7ji4iger,,,,,0
173,uwl9so5e,,0,0,11,,,,0,,,0.0,173,,0.0,,6,1,5,,4,11687,19.2982240105404,15.3352032889933,8.30613918663683,0,,,,,,,,,,,,,,,,,,,,,,,,1,1,7ji4iger,,,,,0
174,6pvxe8r4,,0,0,11,,,,0,,,0.0,174,,0.0,,9,1,8,,3,5385,16.8775714200622,14.5282644745692,7.35487993020429,1,,,,,,,,,,,,,,,,,,,,,,,,1,1,7ji4iger,,,,,0
175,tqyqji8z,,0,0,11,,,,0,,,0.0,175,,0.0,,6,4,2,,3,5385,16.8775714200622,14.5282644745692,7.35487993020429,1,,,,,,,,,,,,,,,,,,,,,,,,1,1,7ji4iger,,,,,0
176,rcq1avzo,,0,0,11,,,,0,,,0.0,176,,0.0,,9,4,5,,2,6,17.25651292143,15.6552619854883,-10.6145146455845,0,,,,,,,,,,,,,,,,,,,,,,,,1,1,7ji4iger,,,,,0
177,irexfnvy,,0,0,11,,,,0,,,0.0,177,,0.0,,9,7,2,,2,6,17.25651292143,15.6552619854883,-10.6145146455845,0,,,,,,,,,,,,,,,,,,,,,,,,1,1,7ji4iger,,,,,0
178,64etwl1y,,0,0,11,,,,0,,,0.0,178,,0.0,,3,0,3,,2,6,17.25651292143,15.6552619854883,-10.6145146455845,0,,,,,,,,,,,,,,,,,,,,,,,,1,1,7ji4iger,,,,,0
179,5862n1ac,,0,0,11,,,,0,,,0.0,179,,0.0,,6,0,6,,3,5385,16.8775714200622,14.5282644745692,7.35487993020429,1,,,,,,,,,,,,,,,,,,,,,,,,1,1,7ji4iger,,,,,0
180,6h5nswz7,,0,0,11,,,,0,,,0.0,180,,0.0,,9,0,9,,2,6,17.25651292143,15.6552619854883,-10.6145146455845,0,,,,,,,,,,,,,,,,,,,,,,,,1,1,7ji4iger,,,,,0
181,dfvo9q4z,,0,0,11,,,,0,,,0.0,181,,0.0,,3,0,3,,5,3851,-8.79848578409706,15.1098174886843,-18.5046274258981,1,,,,,,,,,,,,,,,,,,,,,,,,1,1,7ji4iger,,,,,0
182,6s2xqx6f,,0,0,11,,,,0,,,0.0,182,,0.0,,6,0,6,,5,3851,-8.79848578409706,15.1098174886843,-18.5046274258981,1,,,,,,,,,,,,,,,,,,,,,,,,1,1,7ji4iger,,,,,0
183,nuxrikl1,,0,0,11,,,,0,,,0.0,183,,0.0,,9,0,9,,2,6,17.25651292143,15.6552619854883,-10.6145146455845,0,,,,,,,,,,,,,,,,,,,,,,,,1,1,7ji4iger,,,,,0
184,hdmkd7d9,,0,0,11,,,,0,,,0.0,184,,0.0,,3,1,2,,2,6,17.25651292143,15.6552619854883,-10.6145146455845,0,,,,,,,,,,,,,,,,,,,,,,,,1,1,7ji4iger,,,,,0
185,g70d8ux6,,0,0,11,,,,0,,,0.0,185,,0.0,,6,1,5,,2,6,17.25651292143,15.6552619854883,-10.6145146455845,0,,,,,,,,,,,,,,,,,,,,,,,,1,1,7ji4iger,,,,,0
186,6ibp9ll0,,0,0,11,,,,0,,,0.0,186,,0.0,,9,1,8,,3,5385,16.8775714200622,14.5282644745692,7.35487993020429,1,,,,,,,,,,,,,,,,,,,,,,,,1,1,7ji4iger,,,,,0
187,qttnf565,,0,0,11,,,,0,,,0.0,187,,0.0,,6,4,2,,3,5385,16.8775714200622,14.5282644745692,7.35487993020429,1,,,,,,,,,,,,,,,,,,,,,,,,1,1,7ji4iger,,,,,0
188,cb0bieza,,0,0,11,,,,0,,,0.0,188,,0.0,,9,4,5,,2,6,17.25651292143,15.6552619854883,-10.6145146455845,0,,,,,,,,,,,,,,,,,,,,,,,,1,1,7ji4iger,,,,,0
189,zxu01fsd,,0,0,11,,,,0,,,0.0,189,,0.0,,9,7,2,,3,5385,16.8775714200622,14.5282644745692,7.35487993020429,1,,,,,,,,,,,,,,,,,,,,,,,,1,1,7ji4iger,,,,,0
190,udw08ozi,,0,0,11,,,,0,,,0.0,190,,0.0,,3,0,3,,3,5385,16.8775714200622,14.5282644745692,7.35487993020429,1,,,,,,,,,,,,,,,,,,,,,,,,1,1,7ji4iger,,,,,0
191,p07qilcr,,0,0,11,,,,0,,,0.0,191,,0.0,,6,0,6,,3,5385,16.8775714200622,14.5282644745692,7.35487993020429,1,,,,,,,,,,,,,,,,,,,,,,,,1,1,7ji4iger,,,,,0
192,65futa8r,,0,0,11,,,,0,,,0.0,192,,0.0,,9,0,9,,3,5385,16.8775714200622,14.5282644745692,7.35487993020429,1,,,,,,,,,,,,,,,,,,,,,,,,1,1,7ji4iger,,,,,0
193,xltyrd2m,,0,0,11,,,,0,,,0.0,193,,0.0,,3,0,3,,2,6,17.25651292143,15.6552619854883,-10.6145146455845,0,,,,,,,,,,,,,,,,,,,,,,,,1,1,7ji4iger,,,,,0
194,ude0xy7y,,0,0,11,,,,0,,,0.0,194,,0.0,,6,0,6,,2,6,17.25651292143,15.6552619854883,-10.6145146455845,0,,,,,,,,,,,,,,,,,,,,,,,,1,1,7ji4iger,,,,,0
195,556vas5q,,0,0,11,,,,0,,,0.0,195,,0.0,,9,0,9,,3,5385,16.8775714200622,14.5282644745692,7.35487993020429,1,,,,,,,,,,,,,,,,,,,,,,,,1,1,7ji4iger,,,,,0
196,zla1jegw,,0,0,11,,,,0,,,0.0,196,,0.0,,3,1,2,,2,6,17.25651292143,15.6552619854883,-10.6145146455845,0,,,,,,,,,,,,,,,,,,,,,,,,1,1,7ji4iger,,,,,0
197,prdwsmo5,,0,0,11,,,,0,,,0.0,197,,0.0,,6,1,5,,4,11687,19.2982240105404,15.3352032889933,8.30613918663683,0,,,,,,,,,,,,,,,,,,,,,,,,1,1,7ji4iger,,,,,0
198,dnfe9xxz,,0,0,11,,,,0,,,0.0,198,,0.0,,9,1,8,,4,11687,19.2982240105404,15.3352032889933,8.30613918663683,0,,,,,,,,,,,,,,,,,,,,,,,,1,1,7ji4iger,,,,,0
199,m23x3cho,,0,0,11,,,,0,,,0.0,199,,0.0,,6,4,2,,5,3851,-8.79848578409706,15.1098174886843,-18.5046274258981,1,,,,,,,,,,,,,,,,,,,,,,,,1,1,7ji4iger,,,,,0
200,c0hm58rf,,0,0,11,,,,0,,,0.0,200,,0.0,,9,4,5,,4,11687,19.2982240105404,15.3352032889933,8.30613918663683,0,,,,,,,,,,,,,,,,,,,,,,,,1,1,7ji4iger,,,,,0
201,xcvihr20,,0,0,11,,,,0,,,0.0,201,,0.0,,9,7,2,,2,6,17.25651292143,15.6552619854883,-10.6145146455845,0,,,,,,,,,,,,,,,,,,,,,,,,1,1,7ji4iger,,,,,0
202,whlc2yz1,,0,0,11,,,,0,,,0.0,202,,0.0,,3,0,3,,5,3851,-8.79848578409706,15.1098174886843,-18.5046274258981,1,,,,,,,,,,,,,,,,,,,,,,,,1,1,7ji4iger,,,,,0
203,pvi22nl6,,0,0,11,,,,0,,,0.0,203,,0.0,,6,0,6,,4,11687,19.2982240105404,15.3352032889933,8.30613918663683,0,,,,,,,,,,,,,,,,,,,,,,,,1,1,7ji4iger,,,,,0
204,uhf6jl3b,,0,0,11,,,,0,,,0.0,204,,0.0,,9,0,9,,5,3851,-8.79848578409706,15.1098174886843,-18.5046274258981,1,,,,,,,,,,,,,,,,,,,,,,,,1,1,7ji4iger,,,,,0
205,njss21v8,,0,0,11,,,,0,,,0.0,205,,0.0,,3,0,3,,4,11687,19.2982240105404,15.3352032889933,8.30613918663683,0,,,,,,,,,,,,,,,,,,,,,,,,1,1,7ji4iger,,,,,0
206,ks12vkiz,,0,0,11,,,,0,,,0.0,206,,0.0,,6,0,6,,2,6,17.25651292143,15.6552619854883,-10.6145146455845,0,,,,,,,,,,,,,,,,,,,,,,,,1,1,7ji4iger,,,,,0
207,2d6kkknx,,0,0,11,,,,0,,,0.0,207,,0.0,,9,0,9,,3,5385,16.8775714200622,14.5282644745692,7.35487993020429,1,,,,,,,,,,,,,,,,,,,,,,,,1,1,7ji4iger,,,,,0
208,z4sa0lh9,,0,0,11,,,,0,,,0.0,208,,0.0,,3,1,2,,3,5385,16.8775714200622,14.5282644745692,7.35487993020429,1,,,,,,,,,,,,,,,,,,,,,,,,1,1,7ji4iger,,,,,0
209,hkob9r8c,,0,0,11,,,,0,,,0.0,209,,0.0,,6,1,5,,3,5385,16.8775714200622,14.5282644745692,7.35487993020429,1,,,,,,,,,,,,,,,,,,,,,,,,1,1,7ji4iger,,,,,0
210,chade29b,,0,0,11,,,,0,,,0.0,210,,0.0,,9,1,8,,2,6,17.25651292143,15.6552619854883,-10.6145146455845,0,,,,,,,,,,,,,,,,,,,,,,,,1,1,7ji4iger,,,,,0
211,k9habs2q,,0,0,11,,,,0,,,0.0,211,,0.0,,6,4,2,,5,3851,-8.79848578409706,15.1098174886843,-18.5046274258981,1,,,,,,,,,,,,,,,,,,,,,,,,1,1,7ji4iger,,,,,0
212,fybhbdok,,0,0,11,,,,0,,,0.0,212,,0.0,,9,4,5,,3,5385,16.8775714200622,14.5282644745692,7.35487993020429,1,,,,,,,,,,,,,,,,,,,,,,,,1,1,7ji4iger,,,,,0
213,mqncu0h8,,0,0,11,,,,0,,,0.0,213,,0.0,,9,7,2,,2,6,17.25651292143,15.6552619854883,-10.6145146455845,0,,,,,,,,,,,,,,,,,,,,,,,,1,1,7ji4iger,,,,,0
214,zou6a0kg,,0,0,11,,,,0,,,0.0,214,,0.0,,3,0,3,,5,3851,-8.79848578409706,15.1098174886843,-18.5046274258981,1,,,,,,,,,,,,,,,,,,,,,,,,1,1,7ji4iger,,,,,0
215,xp2i75yh,,0,0,11,,,,0,,,0.0,215,,0.0,,6,0,6,,3,5385,16.8775714200622,14.5282644745692,7.35487993020429,1,,,,,,,,,,,,,,,,,,,,,,,,1,1,7ji4iger,,,,,0
216,u2961wxz,,0,0,11,,,,0,,,0.0,216,,0.0,,9,0,9,,4,11687,19.2982240105404,15.3352032889933,8.30613918663683,0,,,,,,,,,,,,,,,,,,,,,,,,1,1,7ji4iger,,,,,0
217,m2bhiswn,,0,0,11,,,,0,,,0.0,217,,0.0,,3,0,3,,5,3851,-8.79848578409706,15.1098174886843,-18.5046274258981,1,,,,,,,,,,,,,,,,,,,,,,,,1,1,7ji4iger,,,,,0
218,smkm3niq,,0,0,11,,,,0,,,0.0,218,,0.0,,6,0,6,,2,6,17.25651292143,15.6552619854883,-10.6145146455845,0,,,,,,,,,,,,,,,,,,,,,,,,1,1,7ji4iger,,,,,0
219,i7woi5cx,,0,0,11,,,,0,,,0.0,219,,0.0,,9,0,9,,5,3851,-8.79848578409706,15.1098174886843,-18.5046274258981,1,,,,,,,,,,,,,,,,,,,,,,,,1,1,7ji4iger,,,,,0
220,x9ujlvuw,,0,0,11,,,,0,,,0.0,220,,0.0,,3,1,2,,4,11687,19.2982240105404,15.3352032889933,8.30613918663683,0,,,,,,,,,,,,,,,,,,,,,,,,1,1,7ji4iger,,,,,0
221,lt2tasci,,0,0,11,,,,0,,,0.0,221,,0.0,,6,1,5,,4,11687,19.2982240105404,15.3352032889933,8.30613918663683,0,,,,,,,,,,,,,,,,,,,,,,,,1,1,7ji4iger,,,,,0
222,ucphjyoq,,0,0,11,,,,0,,,0.0,222,,0.0,,9,1,8,,4,11687,19.2982240105404,15.3352032889933,8.30613918663683,0,,,,,,,,,,,,,,,,,,,,,,,,1,1,7ji4iger,,,,,0
223,w14stp7c,,0,0,11,,,,0,,,0.0,223,,0.0,,6,4,2,,4,11687,19.2982240105404,15.3352032889933,8.30613918663683,0,,,,,,,,,,,,,,,,,,,,,,,,1,1,7ji4iger,,,,,0
224,dtatk0vh,,0,0,11,,,,0,,,0.0,224,,0.0,,9,4,5,,2,6,17.25651292143,15.6552619854883,-10.6145146455845,0,,,,,,,,,,,,,,,,,,,,,,,,1,1,7ji4iger,,,,,0
225,tx3wkzkj,,0,0,11,,,,0,,,0.0,225,,0.0,,9,7,2,,4,11687,19.2982240105404,15.3352032889933,8.30613918663683,0,,,,,,,,,,,,,,,,,,,,,,,,1,1,7ji4iger,,,,,0
226,hxw1gpub,,0,0,11,,,,0,,,0.0,226,,0.0,,3,0,3,,4,11687,19.2982240105404,15.3352032889933,8.30613918663683,0,,,,,,,,,,,,,,,,,,,,,,,,1,1,7ji4iger,,,,,0
227,u3p0zz0s,,0,0,11,,,,0,,,0.0,227,,0.0,,6,0,6,,3,5385,16.8775714200622,14.5282644745692,7.35487993020429,1,,,,,,,,,,,,,,,,,,,,,,,,1,1,7ji4iger,,,,,0
228,ztkmxl7q,,0,0,11,,,,0,,,0.0,228,,0.0,,9,0,9,,5,3851,-8.79848578409706,15.1098174886843,-18.5046274258981,1,,,,,,,,,,,,,,,,,,,,,,,,1,1,7ji4iger,,,,,0
229,z7tpzegz,,0,0,11,,,,0,,,0.0,229,,0.0,,3,0,3,,3,5385,16.8775714200622,14.5282644745692,7.35487993020429,1,,,,,,,,,,,,,,,,,,,,,,,,1,1,7ji4iger,,,,,0
230,oi2j0mv8,,0,0,11,,,,0,,,0.0,230,,0.0,,6,0,6,,3,5385,16.8775714200622,14.5282644745692,7.35487993020429,1,,,,,,,,,,,,,,,,,,,,,,,,1,1,7ji4iger,,,,,0
231,9von7ggd,,0,0,11,,,,0,,,0.0,231,,0.0,,9,0,9,,4,11687,19.2982240105404,15.3352032889933,8.30613918663683,0,,,,,,,,,,,,,,,,,,,,,,,,1,1,7ji4iger,,,,,0
232,6stwtcva,,0,0,11,,,,0,,,0.0,232,,0.0,,3,1,2,,4,11687,19.2982240105404,15.3352032889933,8.30613918663683,0,,,,,,,,,,,,,,,,,,,,,,,,1,1,7ji4iger,,,,,0
233,h5ha7wrc,,0,0,11,,,,0,,,0.0,233,,0.0,,6,1,5,,5,3851,-8.79848578409706,15.1098174886843,-18.5046274258981,1,,,,,,,,,,,,,,,,,,,,,,,,1,1,7ji4iger,,,,,0
234,ivp1v8ln,,0,0,11,,,,0,,,0.0,234,,0.0,,9,1,8,,2,6,17.25651292143,15.6552619854883,-10.6145146455845,0,,,,,,,,,,,,,,,,,,,,,,,,1,1,7ji4iger,,,,,0
235,lpdui8j0,,0,0,11,,,,0,,,0.0,235,,0.0,,6,4,2,,5,3851,-8.79848578409706,15.1098174886843,-18.5046274258981,1,,,,,,,,,,,,,,,,,,,,,,,,1,1,7ji4iger,,,,,0
236,7tascfed,,0,0,11,,,,0,,,0.0,236,,0.0,,9,4,5,,2,6,17.25651292143,15.6552619854883,-10.6145146455845,0,,,,,,,,,,,,,,,,,,,,,,,,1,1,7ji4iger,,,,,0
237,temsmkzt,,0,0,11,,,,0,,,0.0,237,,0.0,,9,7,2,,3,5385,16.8775714200622,14.5282644745692,7.35487993020429,1,,,,,,,,,,,,,,,,,,,,,,,,1,1,7ji4iger,,,,,0
238,ixl68r8a,,0,0,11,,,,0,,,0.0,238,,0.0,,3,0,3,,4,11687,19.2982240105404,15.3352032889933,8.30613918663683,0,,,,,,,,,,,,,,,,,,,,,,,,1,1,7ji4iger,,,,,0
239,2teylku5,,0,0,11,,,,0,,,0.0,239,,0.0,,6,0,6,,5,3851,-8.79848578409706,15.1098174886843,-18.5046274258981,1,,,,,,,,,,,,,,,,,,,,,,,,1,1,7ji4iger,,,,,0
240,u8bxiyt7,,0,0,11,,,,0,,,0.0,240,,0.0,,9,0,9,,2,6,17.25651292143,15.6552619854883,-10.6145146455845,0,,,,,,,,,,,,,,,,,,,,,,,,1,1,7ji4iger,,,,,0
241,fbzibi6q,,0,0,11,,,,0,,,0.0,241,,0.0,,3,0,3,,4,11687,19.2982240105404,15.3352032889933,8.30613918663683,0,,,,,,,,,,,,,,,,,,,,,,,,1,1,7ji4iger,,,,,0
242,hujxbbt9,,0,0,11,,,,0,,,0.0,242,,0.0,,6,0,6,,5,3851,-8.79848578409706,15.1098174886843,-18.5046274258981,1,,,,,,,,,,,,,,,,,,,,,,,,1,1,7ji4iger,,,,,0
243,wi1eb6kr,,0,0,11,,,,0,,,0.0,243,,0.0,,9,0,9,,5,3851,-8.79848578409706,15.1098174886843,-18.5046274258981,1,,,,,,,,,,,,,,,,,,,,,,,,1,1,7ji4iger,,,,,0
244,ibg195mp,,0,0,11,,,,0,,,0.0,244,,0.0,,3,1,2,,3,5385,16.8775714200622,14.5282644745692,7.35487993020429,1,,,,,,,,,,,,,,,,,,,,,,,,1,1,7ji4iger,,,,,0
245,8n6xdxcc,,0,0,11,,,,0,,,0.0,245,,0.0,,6,1,5,,5,3851,-8.79848578409706,15.1098174886843,-18.5046274258981,1,,,,,,,,,,,,,,,,,,,,,,,,1,1,7ji4iger,,,,,0
246,8s21ajyc,,0,0,11,,,,0,,,0.0,246,,0.0,,9,1,8,,4,11687,19.2982240105404,15.3352032889933,8.30613918663683,0,,,,,,,,,,,,,,,,,,,,,,,,1,1,7ji4iger,,,,,0
247,1fjovi44,,0,0,11,,,,0,,,0.0,247,,0.0,,6,4,2,,5,3851,-8.79848578409706,15.1098174886843,-18.5046274258981,1,,,,,,,,,,,,,,,,,,,,,,,,1,1,7ji4iger,,,,,0
248,o2owwtwq,,0,0,11,,,,0,,,0.0,248,,0.0,,9,4,5,,2,6,17.25651292143,15.6552619854883,-10.6145146455845,0,,,,,,,,,,,,,,,,,,,,,,,,1,1,7ji4iger,,,,,0
249,e9k5daoi,,0,0,11,,,,0,,,0.0,249,,0.0,,9,7,2,,2,6,17.25651292143,15.6552619854883,-10.6145146455845,0,,,,,,,,,,,,,,,,,,,,,,,,1,1,7ji4iger,,,,,0
250,t7hq4hlp,,0,0,11,,,,0,,,0.0,250,,0.0,,3,0,3,,5,3851,-8.79848578409706,15.1098174886843,-18.5046274258981,1,,,,,,,,,,,,,,,,,,,,,,,,1,1,7ji4iger,,,,,0
251,rcq2zngu,,0,0,11,,,,0,,,0.0,251,,0.0,,6,0,6,,4,11687,19.2982240105404,15.3352032889933,8.30613918663683,0,,,,,,,,,,,,,,,,,,,,,,,,1,1,7ji4iger,,,,,0
252,uwaa42hg,,0,0,11,,,,0,,,0.0,252,,0.0,,9,0,9,,5,3851,-8.79848578409706,15.1098174886843,-18.5046274258981,1,,,,,,,,,,,,,,,,,,,,,,,,1,1,7ji4iger,,,,,0
253,ofy23fc4,,0,0,11,,,,0,,,0.0,253,,0.0,,3,0,3,,5,3851,-8.79848578409706,15.1098174886843,-18.5046274258981,1,,,,,,,,,,,,,,,,,,,,,,,,1,1,7ji4iger,,,,,0
254,ik5nxwtk,,0,0,11,,,,0,,,0.0,254,,0.0,,6,0,6,,4,11687,19.2982240105404,15.3352032889933,8.30613918663683,0,,,,,,,,,,,,,,,,,,,,,,,,1,1,7ji4iger,,,,,0
255,pxsc7xiv,,0,0,11,,,,0,,,0.0,255,,0.0,,9,0,9,,5,3851,-8.79848578409706,15.1098174886843,-18.5046274258981,1,,,,,,,,,,,,,,,,,,,,,,,,1,1,7ji4iger,,,,,0
256,h3bcdw0v,,0,0,11,,,,0,,,0.0,256,,0.0,,3,1,2,,2,6,17.25651292143,15.6552619854883,-10.6145146455845,0,,,,,,,,,,,,,,,,,,,,,,,,1,1,7ji4iger,,,,,0
257,ip2cy2bo,,0,0,11,,,,0,,,0.0,257,,0.0,,6,1,5,,4,11687,19.2982240105404,15.3352032889933,8.30613918663683,0,,,,,,,,,,,,,,,,,,,,,,,,1,1,7ji4iger,,,,,0
258,ffuiw37a,,0,0,11,,,,0,,,0.0,258,,0.0,,9,1,8,,2,6,17.25651292143,15.6552619854883,-10.6145146455845,0,,,,,,,,,,,,,,,,,,,,,,,,1,1,7ji4iger,,,,,0
259,culrtrxw,,0,0,11,,,,0,,,0.0,259,,0.0,,6,4,2,,4,11687,19.2982240105404,15.3352032889933,8.30613918663683,0,,,,,,,,,,,,,,,,,,,,,,,,1,1,7ji4iger,,,,,0
260,c820631y,,0,0,11,,,,0,,,0.0,260,,0.0,,9,4,5,,5,3851,-8.79848578409706,15.1098174886843,-18.5046274258981,1,,,,,,,,,,,,,,,,,,,,,,,,1,1,7ji4iger,,,,,0
261,f577humg,,0,0,11,,,,0,,,0.0,261,,0.0,,9,7,2,,2,6,17.25651292143,15.6552619854883,-10.6145146455845,0,,,,,,,,,,,,,,,,,,,,,,,,1,1,7ji4iger,,,,,0
262,3v4m6hn0,,0,0,11,,,,0,,,0.0,262,,0.0,,3,0,3,,4,11687,19.2982240105404,15.3352032889933,8.30613918663683,0,,,,,,,,,,,,,,,,,,,,,,,,1,1,7ji4iger,,,,,0
263,kza1qafn,,0,0,11,,,,0,,,0.0,263,,0.0,,6,0,6,,2,6,17.25651292143,15.6552619854883,-10.6145146455845,0,,,,,,,,,,,,,,,,,,,,,,,,1,1,7ji4iger,,,,,0
264,nwumsxgu,,0,0,11,,,,0,,,0.0,264,,0.0,,9,0,9,,4,11687,19.2982240105404,15.3352032889933,8.30613918663683,0,,,,,,,,,,,,,,,,,,,,,,,,1,1,7ji4iger,,,,,0
265,jangz5k8,,0,0,11,,,,0,,,0.0,265,,0.0,,3,0,3,,4,11687,19.2982240105404,15.3352032889933,8.30613918663683,0,,,,,,,,,,,,,,,,,,,,,,,,1,1,7ji4iger,,,,,0
266,506ljwu3,,0,0,11,,,,0,,,0.0,266,,0.0,,6,0,6,,4,11687,19.2982240105404,15.3352032889933,8.30613918663683,0,,,,,,,,,,,,,,,,,,,,,,,,1,1,7ji4iger,,,,,0
267,816htkck,,0,0,11,,,,0,,,0.0,267,,0.0,,9,0,9,,4,11687,19.2982240105404,15.3352032889933,8.30613918663683,0,,,,,,,,,,,,,,,,,,,,,,,,1,1,7ji4iger,,,,,0
268,g50njakn,,0,0,11,,,,0,,,0.0,268,,0.0,,3,1,2,,5,3851,-8.79848578409706,15.1098174886843,-18.5046274258981,1,,,,,,,,,,,,,,,,,,,,,,,,1,1,7ji4iger,,,,,0
269,b2l4mtbt,,0,0,11,,,,0,,,0.0,269,,0.0,,6,1,5,,5,3851,-8.79848578409706,15.1098174886843,-18.5046274258981,1,,,,,,,,,,,,,,,,,,,,,,,,1,1,7ji4iger,,,,,0
270,1b7bpbp8,,0,0,11,,,,0,,,0.0,270,,0.0,,9,1,8,,2,6,17.25651292143,15.6552619854883,-10.6145146455845,0,,,,,,,,,,,,,,,,,,,,,,,,1,1,7ji4iger,,,,,0
271,u3ygpx26,,0,0,11,,,,0,,,0.0,271,,0.0,,6,4,2,,2,6,17.25651292143,15.6552619854883,-10.6145146455845,0,,,,,,,,,,,,,,,,,,,,,,,,1,1,7ji4iger,,,,,0
272,qwzsylik,,0,0,11,,,,0,,,0.0,272,,0.0,,9,4,5,,4,11687,19.2982240105404,15.3352032889933,8.30613918663683,0,,,,,,,,,,,,,,,,,,,,,,,,1,1,7ji4iger,,,,,0
273,18jguhig,,0,0,11,,,,0,,,0.0,273,,0.0,,9,7,2,,2,6,17.25651292143,15.6552619854883,-10.6145146455845,0,,,,,,,,,,,,,,,,,,,,,,,,1,1,7ji4iger,,,,,0
274,i0b9st99,,0,0,11,,,,0,,,0.0,274,,0.0,,3,0,3,,4,11687,19.2982240105404,15.3352032889933,8.30613918663683,0,,,,,,,,,,,,,,,,,,,,,,,,1,1,7ji4iger,,,,,0
275,hqm3r03r,,0,0,11,,,,0,,,0.0,275,,0.0,,6,0,6,,2,6,17.25651292143,15.6552619854883,-10.6145146455845,0,,,,,,,,,,,,,,,,,,,,,,,,1,1,7ji4iger,,,,,0
276,akck6pgp,,0,0,11,,,,0,,,0.0,276,,0.0,,9,0,9,,4,11687,19.2982240105404,15.3352032889933,8.30613918663683,0,,,,,,,,,,,,,,,,,,,,,,,,1,1,7ji4iger,,,,,0
277,jbw6vuao,,0,0,11,,,,0,,,0.0,277,,0.0,,3,0,3,,3,5385,16.8775714200622,14.5282644745692,7.35487993020429,1,,,,,,,,,,,,,,,,,,,,,,,,1,1,7ji4iger,,,,,0
278,av5pvbmz,,0,0,11,,,,0,,,0.0,278,,0.0,,6,0,6,,3,5385,16.8775714200622,14.5282644745692,7.35487993020429,1,,,,,,,,,,,,,,,,,,,,,,,,1,1,7ji4iger,,,,,0
279,c6belu75,,0,0,11,,,,0,,,0.0,279,,0.0,,9,0,9,,5,3851,-8.79848578409706,15.1098174886843,-18.5046274258981,1,,,,,,,,,,,,,,,,,,,,,,,,1,1,7ji4iger,,,,,0
280,oxcfz77z,,0,0,11,,,,0,,,0.0,280,,0.0,,3,1,2,,5,3851,-8.79848578409706,15.1098174886843,-18.5046274258981,1,,,,,,,,,,,,,,,,,,,,,,,,1,1,7ji4iger,,,,,0
281,2cgmu2m3,,0,0,11,,,,0,,,0.0,281,,0.0,,6,1,5,,2,6,17.25651292143,15.6552619854883,-10.6145146455845,0,,,,,,,,,,,,,,,,,,,,,,,,1,1,7ji4iger,,,,,0
282,zzs6macn,,0,0,11,,,,0,,,0.0,282,,0.0,,9,1,8,,5,3851,-8.79848578409706,15.1098174886843,-18.5046274258981,1,,,,,,,,,,,,,,,,,,,,,,,,1,1,7ji4iger,,,,,0
283,bovm9lt3,,0,0,11,,,,0,,,0.0,283,,0.0,,6,4,2,,2,6,17.25651292143,15.6552619854883,-10.6145146455845,0,,,,,,,,,,,,,,,,,,,,,,,,1,1,7ji4iger,,,,,0
284,0o8s4pv7,,0,0,11,,,,0,,,0.0,284,,0.0,,9,4,5,,3,5385,16.8775714200622,14.5282644745692,7.35487993020429,1,,,,,,,,,,,,,,,,,,,,,,,,1,1,7ji4iger,,,,,0
285,iejjqpo3,,0,0,11,,,,0,,,0.0,285,,0.0,,9,7,2,,4,11687,19.2982240105404,15.3352032889933,8.30613918663683,0,,,,,,,,,,,,,,,,,,,,,,,,1,1,7ji4iger,,,,,0
286,6kjo8rny,,0,0,11,,,,0,,,0.0,286,,0.0,,3,0,3,,5,3851,-8.79848578409706,15.1098174886843,-18.5046274258981,1,,,,,,,,,,,,,,,,,,,,,,,,1,1,7ji4iger,,,,,0
287,oufga5nn,,0,0,11,,,,0,,,0.0,287,,0.0,,6,0,6,,5,3851,-8.79848578409706,15.1098174886843,-18.5046274258981,1,,,,,,,,,,,,,,,,,,,,,,,,1,1,7ji4iger,,,,,0
288,8qvefc2j,,0,0,11,,,,0,,,0.0,288,,0.0,,9,0,9,,4,11687,19.2982240105404,15.3352032889933,8.30613918663683,0,,,,,,,,,,,,,,,,,,,,,,,,1,1,7ji4iger,,,,,0
289,8352e30w,,0,0,11,,,,0,,,0.0,289,,0.0,,3,0,3,,2,6,17.25651292143,15.6552619854883,-10.6145146455845,0,,,,,,,,,,,,,,,,,,,,,,,,1,1,7ji4iger,,,,,0
290,iiqm3c96,,0,0,11,,,,0,,,0.0,290,,0.0,,6,0,6,,2,6,17.25651292143,15.6552619854883,-10.6145146455845,0,,,,,,,,,,,,,,,,,,,,,,,,1,1,7ji4iger,,,,,0
291,fs7nq26n,,0,0,11,,,,0,,,0.0,291,,0.0,,9,0,9,,3,5385,16.8775714200622,14.5282644745692,7.35487993020429,1,,,,,,,,,,,,,,,,,,,,,,,,1,1,7ji4iger,,,,,0
292,vl8oi459,,0,0,11,,,,0,,,0.0,292,,0.0,,3,1,2,,4,11687,19.2982240105404,15.3352032889933,8.30613918663683,0,,,,,,,,,,,,,,,,,,,,,,,,1,1,7ji4iger,,,,,0
293,68cmppxp,,0,0,11,,,,0,,,0.0,293,,0.0,,6,1,5,,4,11687,19.2982240105404,15.3352032889933,8.30613918663683,0,,,,,,,,,,,,,,,,,,,,,,,,1,1,7ji4iger,,,,,0
294,ov3upb06,,0,0,11,,,,0,,,0.0,294,,0.0,,9,1,8,,2,6,17.25651292143,15.6552619854883,-10.6145146455845,0,,,,,,,,,,,,,,,,,,,,,,,,1,1,7ji4iger,,,,,0
295,9igozvr9,,0,0,11,,,,0,,,0.0,295,,0.0,,6,4,2,,3,5385,16.8775714200622,14.5282644745692,7.35487993020429,1,,,,,,,,,,,,,,,,,,,,,,,,1,1,7ji4iger,,,,,0
296,f9yg04sc,,0,0,11,,,,0,,,0.0,296,,0.0,,9,4,5,,3,5385,16.8775714200622,14.5282644745692,7.35487993020429,1,,,,,,,,,,,,,,,,,,,,,,,,1,1,7ji4iger,,,,,0
297,74zdkw5g,,0,0,11,,,,0,,,0.0,297,,0.0,,9,7,2,,3,5385,16.8775714200622,14.5282644745692,7.35487993020429,1,,,,,,,,,,,,,,,,,,,,,,,,1,1,7ji4iger,,,,,0
298,zjeeo4sw,,0,0,11,,,,0,,,0.0,298,,0.0,,3,0,3,,3,5385,16.8775714200622,14.5282644745692,7.35487993020429,1,,,,,,,,,,,,,,,,,,,,,,,,1,1,7ji4iger,,,,,0
299,gusk4mmq,,0,0,11,,,,0,,,0.0,299,,0.0,,6,0,6,,2,6,17.25651292143,15.6552619854883,-10.6145146455845,0,,,,,,,,,,,,,,,,,,,,,,,,1,1,7ji4iger,,,,,0
300,qnkbl4d2,,0,0,11,,,,0,,,0.0,300,,0.0,,9,0,9,,2,6,17.25651292143,15.6552619854883,-10.6145146455845,0,,,,,,,,,,,,,,,,,,,,,,,,1,1,7ji4iger,,,,,0
301,84du236h,,0,0,11,,,,0,,,0.0,301,,0.0,,3,0,3,,2,6,17.25651292143,15.6552619854883,-10.6145146455845,0,,,,,,,,,,,,,,,,,,,,,,,,1,1,7ji4iger,,,,,0
302,xe8wax5c,,0,0,11,,,,0,,,0.0,302,,0.0,,6,0,6,,5,3851,-8.79848578409706,15.1098174886843,-18.5046274258981,1,,,,,,,,,,,,,,,,,,,,,,,,1,1,7ji4iger,,,,,0
303,oqmbzmcv,,0,0,11,,,,0,,,0.0,303,,0.0,,9,0,9,,2,6,17.25651292143,15.6552619854883,-10.6145146455845,0,,,,,,,,,,,,,,,,,,,,,,,,1,1,7ji4iger,,,,,0
304,iwh81007,,0,0,11,,,,0,,,0.0,304,,0.0,,3,1,2,,3,5385,16.8775714200622,14.5282644745692,7.35487993020429,1,,,,,,,,,,,,,,,,,,,,,,,,1,1,7ji4iger,,,,,0
305,ra46s8f6,,0,0,11,,,,0,,,0.0,305,,0.0,,6,1,5,,2,6,17.25651292143,15.6552619854883,-10.6145146455845,0,,,,,,,,,,,,,,,,,,,,,,,,1,1,7ji4iger,,,,,0
306,ck4ev7se,,0,0,11,,,,0,,,0.0,306,,0.0,,9,1,8,,3,5385,16.8775714200622,14.5282644745692,7.35487993020429,1,,,,,,,,,,,,,,,,,,,,,,,,1,1,7ji4iger,,,,,0
307,mzj2dypw,,0,0,11,,,,0,,,0.0,307,,0.0,,6,4,2,,3,5385,16.8775714200622,14.5282644745692,7.35487993020429,1,,,,,,,,,,,,,,,,,,,,,,,,1,1,7ji4iger,,,,,0
308,6m8wyfqe,,0,0,11,,,,0,,,0.0,308,,0.0,,9,4,5,,5,3851,-8.79848578409706,15.1098174886843,-18.5046274258981,1,,,,,,,,,,,,,,,,,,,,,,,,1,1,7ji4iger,,,,,0
309,7mv8q9wc,,0,0,11,,,,0,,,0.0,309,,0.0,,9,7,2,,2,6,17.25651292143,15.6552619854883,-10.6145146455845,0,,,,,,,,,,,,,,,,,,,,,,,,1,1,7ji4iger,,,,,0
310,57v8k28y,,0,0,11,,,,0,,,0.0,310,,0.0,,3,0,3,,4,11687,19.2982240105404,15.3352032889933,8.30613918663683,0,,,,,,,,,,,,,,,,,,,,,,,,1,1,7ji4iger,,,,,0
311,xcxg1hrf,,0,0,11,,,,0,,,0.0,311,,0.0,,6,0,6,,5,3851,-8.79848578409706,15.1098174886843,-18.5046274258981,1,,,,,,,,,,,,,,,,,,,,,,,,1,1,7ji4iger,,,,,0
312,46y62f5u,,0,0,11,,,,0,,,0.0,312,,0.0,,9,0,9,,5,3851,-8.79848578409706,15.1098174886843,-18.5046274258981,1,,,,,,,,,,,,,,,,,,,,,,,,1,1,7ji4iger,,,,,0
313,7pd09c76,,0,0,11,,,,0,,,0.0,313,,0.0,,3,0,3,,3,5385,16.8775714200622,14.5282644745692,7.35487993020429,1,,,,,,,,,,,,,,,,,,,,,,,,1,1,7ji4iger,,,,,0
314,gziaasbi,,0,0,11,,,,0,,,0.0,314,,0.0,,6,0,6,,3,5385,16.8775714200622,14.5282644745692,7.35487993020429,1,,,,,,,,,,,,,,,,,,,,,,,,1,1,7ji4iger,,,,,0
315,zmkvco5v,,0,0,11,,,,0,,,0.0,315,,0.0,,9,0,9,,5,3851,-8.79848578409706,15.1098174886843,-18.5046274258981,1,,,,,,,,,,,,,,,,,,,,,,,,1,1,7ji4iger,,,,,0
316,j74zds4z,,0,0,11,,,,0,,,0.0,316,,0.0,,3,1,2,,3,5385,16.8775714200622,14.5282644745692,7.35487993020429,1,,,,,,,,,,,,,,,,,,,,,,,,1,1,7ji4iger,,,,,0
317,cit8mm7t,,0,0,11,,,,0,,,0.0,317,,0.0,,6,1,5,,2,6,17.25651292143,15.6552619854883,-10.6145146455845,0,,,,,,,,,,,,,,,,,,,,,,,,1,1,7ji4iger,,,,,0
318,ogxx5yn1,,0,0,11,,,,0,,,0.0,318,,0.0,,9,1,8,,5,3851,-8.79848578409706,15.1098174886843,-18.5046274258981,1,,,,,,,,,,,,,,,,,,,,,,,,1,1,7ji4iger,,,,,0
319,dlxcf92y,,0,0,11,,,,0,,,0.0,319,,0.0,,6,4,2,,3,5385,16.8775714200622,14.5282644745692,7.35487993020429,1,,,,,,,,,,,,,,,,,,,,,,,,1,1,7ji4iger,,,,,0
320,eia33w3d,,0,0,11,,,,0,,,0.0,320,,0.0,,9,4,5,,5,3851,-8.79848578409706,15.1098174886843,-18.5046274258981,1,,,,,,,,,,,,,,,,,,,,,,,,1,1,7ji4iger,,,,,0
321,m975nydh,,0,0,11,,,,0,,,0.0,321,,0.0,,9,7,2,,5,3851,-8.79848578409706,15.1098174886843,-18.5046274258981,1,,,,,,,,,,,,,,,,,,,,,,,,1,1,7ji4iger,,,,,0
322,5sd5nwzz,,0,0,11,,,,0,,,0.0,322,,0.0,,3,0,3,,3,5385,16.8775714200622,14.5282644745692,7.35487993020429,1,,,,,,,,,,,,,,,,,,,,,,,,1,1,7ji4iger,,,,,0
323,nb7unate,,0,0,11,,,,0,,,0.0,323,,0.0,,6,0,6,,4,11687,19.2982240105404,15.3352032889933,8.30613918663683,0,,,,,,,,,,,,,,,,,,,,,,,,1,1,7ji4iger,,,,,0
324,on8bmo2p,,0,0,11,,,,0,,,0.0,324,,0.0,,9,0,9,,2,6,17.25651292143,15.6552619854883,-10.6145146455845,0,,,,,,,,,,,,,,,,,,,,,,,,1,1,7ji4iger,,,,,0
325,9m6vcpyh,,0,0,11,,,,0,,,0.0,325,,0.0,,3,0,3,,2,6,17.25651292143,15.6552619854883,-10.6145146455845,0,,,,,,,,,,,,,,,,,,,,,,,,1,1,7ji4iger,,,,,0
326,9rzk76ez,,0,0,11,,,,0,,,0.0,326,,0.0,,6,0,6,,4,11687,19.2982240105404,15.3352032889933,8.30613918663683,0,,,,,,,,,,,,,,,,,,,,,,,,1,1,7ji4iger,,,,,0
327,7rg5rf87,,0,0,11,,,,0,,,0.0,327,,0.0,,9,0,9,,3,5385,16.8775714200622,14.5282644745692,7.35487993020429,1,,,,,,,,,,,,,,,,,,,,,,,,1,1,7ji4iger,,,,,0
328,41ao7ekd,,0,0,11,,,,0,,,0.0,328,,0.0,,3,1,2,,2,6,17.25651292143,15.6552619854883,-10.6145146455845,0,,,,,,,,,,,,,,,,,,,,,,,,1,1,7ji4iger,,,,,0
329,punlsll9,,0,0,11,,,,0,,,0.0,329,,0.0,,6,1,5,,2,6,17.25651292143,15.6552619854883,-10.6145146455845,0,,,,,,,,,,,,,,,,,,,,,,,,1,1,7ji4iger,,,,,0
330,jq5i20bq,,0,0,11,,,,0,,,0.0,330,,0.0,,9,1,8,,3,5385,16.8775714200622,14.5282644745692,7.35487993020429,1,,,,,,,,,,,,,,,,,,,,,,,,1,1,7ji4iger,,,,,0
331,wmw9rqxv,,0,0,11,,,,0,,,0.0,331,,0.0,,6,4,2,,4,11687,19.2982240105404,15.3352032889933,8.30613918663683,0,,,,,,,,,,,,,,,,,,,,,,,,1,1,7ji4iger,,,,,0
332,ekjwhnag,,0,0,11,,,,0,,,0.0,332,,0.0,,9,4,5,,3,5385,16.8775714200622,14.5282644745692,7.35487993020429,1,,,,,,,,,,,,,,,,,,,,,,,,1,1,7ji4iger,,,,,0
333,3okg4djx,,0,0,11,,,,0,,,0.0,333,,0.0,,9,7,2,,5,3851,-8.79848578409706,15.1098174886843,-18.5046274258981,1,,,,,,,,,,,,,,,,,,,,,,,,1,1,7ji4iger,,,,,0
334,dpby0u4o,,0,0,11,,,,0,,,0.0,334,,0.0,,3,0,3,,4,11687,19.2982240105404,15.3352032889933,8.30613918663683,0,,,,,,,,,,,,,,,,,,,,,,,,1,1,7ji4iger,,,,,0
335,bwx3rnko,,0,0,11,,,,0,,,0.0,335,,0.0,,6,0,6,,5,3851,-8.79848578409706,15.1098174886843,-18.5046274258981,1,,,,,,,,,,,,,,,,,,,,,,,,1,1,7ji4iger,,,,,0
336,h5fyv8hm,,0,0,11,,,,0,,,0.0,336,,0.0,,9,0,9,,3,5385,16.8775714200622,14.5282644745692,7.35487993020429,1,,,,,,,,,,,,,,,,,,,,,,,,1,1,7ji4iger,,,,,0
337,x8b6l3ww,,0,0,11,,,,0,,,0.0,337,,0.0,,3,0,3,,5,3851,-8.79848578409706,15.1098174886843,-18.5046274258981,1,,,,,,,,,,,,,,,,,,,,,,,,1,1,7ji4iger,,,,,0
338,fqzk61fd,,0,0,11,,,,0,,,0.0,338,,0.0,,6,0,6,,5,3851,-8.79848578409706,15.1098174886843,-18.5046274258981,1,,,,,,,,,,,,,,,,,,,,,,,,1,1,7ji4iger,,,,,0
339,ntycqkfy,,0,0,11,,,,0,,,0.0,339,,0.0,,9,0,9,,5,3851,-8.79848578409706,15.1098174886843,-18.5046274258981,1,,,,,,,,,,,,,,,,,,,,,,,,1,1,7ji4iger,,,,,0
340,99wt26tt,,0,0,11,,,,0,,,0.0,340,,0.0,,3,1,2,,2,6,17.25651292143,15.6552619854883,-10.6145146455845,0,,,,,,,,,,,,,,,,,,,,,,,,1,1,7ji4iger,,,,,0
341,8lm9wosc,,0,0,11,,,,0,,,0.0,341,,0.0,,6,1,5,,2,6,17.25651292143,15.6552619854883,-10.6145146455845,0,,,,,,,,,,,,,,,,,,,,,,,,1,1,7ji4iger,,,,,0
342,scl58w0s,,0,0,11,,,,0,,,0.0,342,,0.0,,9,1,8,,2,6,17.25651292143,15.6552619854883,-10.6145146455845,0,,,,,,,,,,,,,,,,,,,,,,,,1,1,7ji4iger,,,,,0
343,7rsl6a2f,,0,0,11,,,,0,,,0.0,343,,0.0,,6,4,2,,3,5385,16.8775714200622,14.5282644745692,7.35487993020429,1,,,,,,,,,,,,,,,,,,,,,,,,1,1,7ji4iger,,,,,0
344,m8q5gbne,,0,0,11,,,,0,,,0.0,344,,0.0,,9,4,5,,2,6,17.25651292143,15.6552619854883,-10.6145146455845,0,,,,,,,,,,,,,,,,,,,,,,,,1,1,7ji4iger,,,,,0
345,balnq2at,,0,0,11,,,,0,,,0.0,345,,0.0,,9,7,2,,2,6,17.25651292143,15.6552619854883,-10.6145146455845,0,,,,,,,,,,,,,,,,,,,,,,,,1,1,7ji4iger,,,,,0
346,3gnn29jq,,0,0,11,,,,0,,,0.0,346,,0.0,,3,0,3,,3,5385,16.8775714200622,14.5282644745692,7.35487993020429,1,,,,,,,,,,,,,,,,,,,,,,,,1,1,7ji4iger,,,,,0
347,lojn4fzx,,0,0,11,,,,0,,,0.0,347,,0.0,,6,0,6,,4,11687,19.2982240105404,15.3352032889933,8.30613918663683,0,,,,,,,,,,,,,,,,,,,,,,,,1,1,7ji4iger,,,,,0
348,glhwdgyg,,0,0,11,,,,0,,,0.0,348,,0.0,,9,0,9,,2,6,17.25651292143,15.6552619854883,-10.6145146455845,0,,,,,,,,,,,,,,,,,,,,,,,,1,1,7ji4iger,,,,,0
349,fno36bse,,0,0,11,,,,0,,,0.0,349,,0.0,,3,0,3,,4,11687,19.2982240105404,15.3352032889933,8.30613918663683,0,,,,,,,,,,,,,,,,,,,,,,,,1,1,7ji4iger,,,,,0
350,qx5rk4a0,,0,0,11,,,,0,,,0.0,350,,0.0,,6,0,6,,4,11687,19.2982240105404,15.3352032889933,8.30613918663683,0,,,,,,,,,,,,,,,,,,,,,,,,1,1,7ji4iger,,,,,0
351,qxel216r,,0,0,11,,,,0,,,0.0,351,,0.0,,9,0,9,,5,3851,-8.79848578409706,15.1098174886843,-18.5046274258981,1,,,,,,,,,,,,,,,,,,,,,,,,1,1,7ji4iger,,,,,0
352,xx1agqxl,,0,0,11,,,,0,,,0.0,352,,0.0,,3,1,2,,2,6,17.25651292143,15.6552619854883,-10.6145146455845,0,,,,,,,,,,,,,,,,,,,,,,,,1,1,7ji4iger,,,,,0
353,2u7o475m,,0,0,11,,,,0,,,0.0,353,,0.0,,6,1,5,,5,3851,-8.79848578409706,15.1098174886843,-18.5046274258981,1,,,,,,,,,,,,,,,,,,,,,,,,1,1,7ji4iger,,,,,0
354,t5t8i9it,,0,0,11,,,,0,,,0.0,354,,0.0,,9,1,8,,4,11687,19.2982240105404,15.3352032889933,8.30613918663683,0,,,,,,,,,,,,,,,,,,,,,,,,1,1,7ji4iger,,,,,0
355,8l4ipamg,,0,0,11,,,,0,,,0.0,355,,0.0,,6,4,2,,4,11687,19.2982240105404,15.3352032889933,8.30613918663683,0,,,,,,,,,,,,,,,,,,,,,,,,1,1,7ji4iger,,,,,0
356,d36fkxv4,,0,0,11,,,,0,,,0.0,356,,0.0,,9,4,5,,3,5385,16.8775714200622,14.5282644745692,7.35487993020429,1,,,,,,,,,,,,,,,,,,,,,,,,1,1,7ji4iger,,,,,0
357,rnojq3vb,,0,0,11,,,,0,,,0.0,357,,0.0,,9,7,2,,4,11687,19.2982240105404,15.3352032889933,8.30613918663683,0,,,,,,,,,,,,,,,,,,,,,,,,1,1,7ji4iger,,,,,0
358,cu5nr2gi,,0,0,11,,,,0,,,0.0,358,,0.0,,3,0,3,,2,6,17.25651292143,15.6552619854883,-10.6145146455845,0,,,,,,,,,,,,,,,,,,,,,,,,1,1,7ji4iger,,,,,0
359,3l2eu24b,,0,0,11,,,,0,,,0.0,359,,0.0,,6,0,6,,3,5385,16.8775714200622,14.5282644745692,7.35487993020429,1,,,,,,,,,,,,,,,,,,,,,,,,1,1,7ji4iger,,,,,0
360,idhv96hp,,0,0,11,,,,0,,,0.0,360,,0.0,,9,0,9,,2,6,17.25651292143,15.6552619854883,-10.6145146455845,0,,,,,,,,,,,,,,,,,,,,,,,,1,1,7ji4iger,,,,,0
361,p4f4wokr,,0,0,11,,,,0,,,0.0,361,,0.0,,3,0,3,,3,5385,16.8775714200622,14.5282644745692,7.35487993020429,1,,,,,,,,,,,,,,,,,,,,,,,,1,1,7ji4iger,,,,,0
362,j2bv5yzt,,0,0,11,,,,0,,,0.0,362,,0.0,,6,0,6,,3,5385,16.8775714200622,14.5282644745692,7.35487993020429,1,,,,,,,,,,,,,,,,,,,,,,,,1,1,7ji4iger,,,,,0
363,mmfn6p4g,,0,0,11,,,,0,,,0.0,363,,0.0,,9,0,9,,3,5385,16.8775714200622,14.5282644745692,7.35487993020429,1,,,,,,,,,,,,,,,,,,,,,,,,1,1,7ji4iger,,,,,0
364,egzlpxg0,,0,0,11,,,,0,,,0.0,364,,0.0,,3,1,2,,3,5385,16.8775714200622,14.5282644745692,7.35487993020429,1,,,,,,,,,,,,,,,,,,,,,,,,1,1,7ji4iger,,,,,0
365,wiojjtv4,,0,0,11,,,,0,,,0.0,365,,0.0,,6,1,5,,5,3851,-8.79848578409706,15.1098174886843,-18.5046274258981,1,,,,,,,,,,,,,,,,,,,,,,,,1,1,7ji4iger,,,,,0
366,1vr2kb5r,,0,0,11,,,,0,,,0.0,366,,0.0,,9,1,8,,3,5385,16.8775714200622,14.5282644745692,7.35487993020429,1,,,,,,,,,,,,,,,,,,,,,,,,1,1,7ji4iger,,,,,0
367,eimrk8r1,,0,0,11,,,,0,,,0.0,367,,0.0,,6,4,2,,5,3851,-8.79848578409706,15.1098174886843,-18.5046274258981,1,,,,,,,,,,,,,,,,,,,,,,,,1,1,7ji4iger,,,,,0
368,z2eyos6a,,0,0,11,,,,0,,,0.0,368,,0.0,,9,4,5,,2,6,17.25651292143,15.6552619854883,-10.6145146455845,0,,,,,,,,,,,,,,,,,,,,,,,,1,1,7ji4iger,,,,,0
369,65u3v62s,,0,0,11,,,,0,,,0.0,369,,0.0,,9,7,2,,2,6,17.25651292143,15.6552619854883,-10.6145146455845,0,,,,,,,,,,,,,,,,,,,,,,,,1,1,7ji4iger,,,,,0
370,ldvs670c,,0,0,11,,,,0,,,0.0,370,,0.0,,3,0,3,,2,6,17.25651292143,15.6552619854883,-10.6145146455845,0,,,,,,,,,,,,,,,,,,,,,,,,1,1,7ji4iger,,,,,0
371,51tdp2yb,,0,0,11,,,,0,,,0.0,371,,0.0,,6,0,6,,3,5385,16.8775714200622,14.5282644745692,7.35487993020429,1,,,,,,,,,,,,,,,,,,,,,,,,1,1,7ji4iger,,,,,0
372,1wwt9r21,,0,0,11,,,,0,,,0.0,372,,0.0,,9,0,9,,5,3851,-8.79848578409706,15.1098174886843,-18.5046274258981,1,,,,,,,,,,,,,,,,,,,,,,,,1,1,7ji4iger,,,,,0
373,5242xlrt,,0,0,11,,,,0,,,0.0,373,,0.0,,3,0,3,,5,3851,-8.79848578409706,15.1098174886843,-18.5046274258981,1,,,,,,,,,,,,,,,,,,,,,,,,1,1,7ji4iger,,,,,0
374,0dw8lc6w,,0,0,11,,,,0,,,0.0,374,,0.0,,6,0,6,,2,6,17.25651292143,15.6552619854883,-10.6145146455845,0,,,,,,,,,,,,,,,,,,,,,,,,1,1,7ji4iger,,,,,0
375,wu9oufox,,0,0,11,,,,0,,,0.0,375,,0.0,,9,0,9,,5,3851,-8.79848578409706,15.1098174886843,-18.5046274258981,1,,,,,,,,,,,,,,,,,,,,,,,,1,1,7ji4iger,,,,,0
376,k10d9lku,,0,0,11,,,,0,,,0.0,376,,0.0,,3,1,2,,3,5385,16.8775714200622,14.5282644745692,7.35487993020429,1,,,,,,,,,,,,,,,,,,,,,,,,1,1,7ji4iger,,,,,0
377,q3dwolnu,,0,0,11,,,,0,,,0.0,377,,0.0,,6,1,5,,3,5385,16.8775714200622,14.5282644745692,7.35487993020429,1,,,,,,,,,,,,,,,,,,,,,,,,1,1,7ji4iger,,,,,0
378,iieu99d7,,0,0,11,,,,0,,,0.0,378,,0.0,,9,1,8,,2,6,17.25651292143,15.6552619854883,-10.6145146455845,0,,,,,,,,,,,,,,,,,,,,,,,,1,1,7ji4iger,,,,,0
379,u91wxd18,,0,0,11,,,,0,,,0.0,379,,0.0,,6,4,2,,5,3851,-8.79848578409706,15.1098174886843,-18.5046274258981,1,,,,,,,,,,,,,,,,,,,,,,,,1,1,7ji4iger,,,,,0
380,jqp7unlz,,0,0,11,,,,0,,,0.0,380,,0.0,,9,4,5,,2,6,17.25651292143,15.6552619854883,-10.6145146455845,0,,,,,,,,,,,,,,,,,,,,,,,,1,1,7ji4iger,,,,,0
381,99u425wz,,0,0,11,,,,0,,,0.0,381,,0.0,,9,7,2,,4,11687,19.2982240105404,15.3352032889933,8.30613918663683,0,,,,,,,,,,,,,,,,,,,,,,,,1,1,7ji4iger,,,,,0
382,g8hisxi4,,0,0,11,,,,0,,,0.0,382,,0.0,,3,0,3,,4,11687,19.2982240105404,15.3352032889933,8.30613918663683,0,,,,,,,,,,,,,,,,,,,,,,,,1,1,7ji4iger,,,,,0
383,bbcg4a40,,0,0,11,,,,0,,,0.0,383,,0.0,,6,0,6,,5,3851,-8.79848578409706,15.1098174886843,-18.5046274258981,1,,,,,,,,,,,,,,,,,,,,,,,,1,1,7ji4iger,,,,,0
384,fq69r680,,0,0,11,,,,0,,,0.0,384,,0.0,,9,0,9,,3,5385,16.8775714200622,14.5282644745692,7.35487993020429,1,,,,,,,,,,,,,,,,,,,,,,,,1,1,7ji4iger,,,,,0
385,7upylyuk,,0,0,11,,,,0,,,0.0,385,,0.0,,3,0,3,,5,3851,-8.79848578409706,15.1098174886843,-18.5046274258981,1,,,,,,,,,,,,,,,,,,,,,,,,1,1,7ji4iger,,,,,0
386,9n0rmm7i,,0,0,11,,,,0,,,0.0,386,,0.0,,6,0,6,,3,5385,16.8775714200622,14.5282644745692,7.35487993020429,1,,,,,,,,,,,,,,,,,,,,,,,,1,1,7ji4iger,,,,,0
387,qmoeh9jg,,0,0,11,,,,0,,,0.0,387,,0.0,,9,0,9,,5,3851,-8.79848578409706,15.1098174886843,-18.5046274258981,1,,,,,,,,,,,,,,,,,,,,,,,,1,1,7ji4iger,,,,,0
388,xbjigvjb,,0,0,11,,,,0,,,0.0,388,,0.0,,3,1,2,,5,3851,-8.79848578409706,15.1098174886843,-18.5046274258981,1,,,,,,,,,,,,,,,,,,,,,,,,1,1,7ji4iger,,,,,0
389,dlx3t9m8,,0,0,11,,,,0,,,0.0,389,,0.0,,6,1,5,,4,11687,19.2982240105404,15.3352032889933,8.30613918663683,0,,,,,,,,,,,,,,,,,,,,,,,,1,1,7ji4iger,,,,,0
390,10n9culf,,0,0,11,,,,0,,,0.0,390,,0.0,,9,1,8,,3,5385,16.8775714200622,14.5282644745692,7.35487993020429,1,,,,,,,,,,,,,,,,,,,,,,,,1,1,7ji4iger,,,,,0
391,ot32xnfz,,0,0,11,,,,0,,,0.0,391,,0.0,,6,4,2,,5,3851,-8.79848578409706,15.1098174886843,-18.5046274258981,1,,,,,,,,,,,,,,,,,,,,,,,,1,1,7ji4iger,,,,,0
392,bt608lhf,,0,0,11,,,,0,,,0.0,392,,0.0,,9,4,5,,5,3851,-8.79848578409706,15.1098174886843,-18.5046274258981,1,,,,,,,,,,,,,,,,,,,,,,,,1,1,7ji4iger,,,,,0
393,wf9lzaop,,0,0,11,,,,0,,,0.0,393,,0.0,,9,7,2,,2,6,17.25651292143,15.6552619854883,-10.6145146455845,0,,,,,,,,,,,,,,,,,,,,,,,,1,1,7ji4iger,,,,,0
394,sqnqv431,,0,0,11,,,,0,,,0.0,394,,0.0,,3,0,3,,2,6,17.25651292143,15.6552619854883,-10.6145146455845,0,,,,,,,,,,,,,,,,,,,,,,,,1,1,7ji4iger,,,,,0
395,rfwz3fq1,,0,0,11,,,,0,,,0.0,395,,0.0,,6,0,6,,3,5385,16.8775714200622,14.5282644745692,7.35487993020429,1,,,,,,,,,,,,,,,,,,,,,,,,1,1,7ji4iger,,,,,0
396,sawmucuo,,0,0,11,,,,0,,,0.0,396,,0.0,,9,0,9,,4,11687,19.2982240105404,15.3352032889933,8.30613918663683,0,,,,,,,,,,,,,,,,,,,,,,,,1,1,7ji4iger,,,,,0
397,njltzl06,,0,0,11,,,,0,,,0.0,397,,0.0,,3,0,3,,4,11687,19.2982240105404,15.3352032889933,8.30613918663683,0,,,,,,,,,,,,,,,,,,,,,,,,1,1,7ji4iger,,,,,0
398,o6jk3ujt,,0,0,11,,,,0,,,0.0,398,,0.0,,6,0,6,,3,5385,16.8775714200622,14.5282644745692,7.35487993020429,1,,,,,,,,,,,,,,,,,,,,,,,,1,1,7ji4iger,,,,,0
399,wax0u01i,,0,0,11,,,,0,,,0.0,399,,0.0,,9,0,9,,3,5385,16.8775714200622,14.5282644745692,7.35487993020429,1,,,,,,,,,,,,,,,,,,,,,,,,1,1,7ji4iger,,,,,0
400,s01v8o68,,0,0,11,,,,0,,,0.0,400,,0.0,,3,1,2,,3,5385,16.8775714200622,14.5282644745692,7.35487993020429,1,,,,,,,,,,,,,,,,,,,,,,,,1,1,7ji4iger,,,,,0
401,uoldc79c,,0,0,11,,,,0,,,0.0,401,,0.0,,6,1,5,,3,5385,16.8775714200622,14.5282644745692,7.35487993020429,1,,,,,,,,,,,,,,,,,,,,,,,,1,1,7ji4iger,,,,,0
402,aztk8t4l,,0,0,11,,,,0,,,0.0,402,,0.0,,9,1,8,,2,6,17.25651292143,15.6552619854883,-10.6145146455845,0,,,,,,,,,,,,,,,,,,,,,,,,1,1,7ji4iger,,,,,0
403,9onxkmu1,,0,0,11,,,,0,,,0.0,403,,0.0,,6,4,2,,2,6,17.25651292143,15.6552619854883,-10.6145146455845,0,,,,,,,,,,,,,,,,,,,,,,,,1,1,7ji4iger,,,,,0
404,c5fr5a3v,,0,0,11,,,,0,,,0.0,404,,0.0,,9,4,5,,2,6,17.25651292143,15.6552619854883,-10.6145146455845,0,,,,,,,,,,,,,,,,,,,,,,,,1,1,7ji4iger,,,,,0
405,2q0es4u8,,0,0,11,,,,0,,,0.0,405,,0.0,,9,7,2,,5,3851,-8.79848578409706,15.1098174886843,-18.5046274258981,1,,,,,,,,,,,,,,,,,,,,,,,,1,1,7ji4iger,,,,,0
406,0f0s1klb,,0,0,11,,,,0,,,0.0,406,,0.0,,3,0,3,,2,6,17.25651292143,15.6552619854883,-10.6145146455845,0,,,,,,,,,,,,,,,,,,,,,,,,1,1,7ji4iger,,,,,0
407,ebm4q0bd,,0,0,11,,,,0,,,0.0,407,,0.0,,6,0,6,,2,6,17.25651292143,15.6552619854883,-10.6145146455845,0,,,,,,,,,,,,,,,,,,,,,,,,1,1,7ji4iger,,,,,0
408,dgns8era,,0,0,11,,,,0,,,0.0,408,,0.0,,9,0,9,,2,6,17.25651292143,15.6552619854883,-10.6145146455845,0,,,,,,,,,,,,,,,,,,,,,,,,1,1,7ji4iger,,,,,0
409,g297jto9,,0,0,11,,,,0,,,0.0,409,,0.0,,3,0,3,,2,6,17.25651292143,15.6552619854883,-10.6145146455845,0,,,,,,,,,,,,,,,,,,,,,,,,1,1,7ji4iger,,,,,0
410,jzpwmj95,,0,0,11,,,,0,,,0.0,410,,0.0,,6,0,6,,2,6,17.25651292143,15.6552619854883,-10.6145146455845,0,,,,,,,,,,,,,,,,,,,,,,,,1,1,7ji4iger,,,,,0
411,km8x6b7b,,0,0,11,,,,0,,,0.0,411,,0.0,,9,0,9,,2,6,17.25651292143,15.6552619854883,-10.6145146455845,0,,,,,,,,,,,,,,,,,,,,,,,,1,1,7ji4iger,,,,,0
412,qtedthss,,0,0,11,,,,0,,,0.0,412,,0.0,,3,1,2,,3,5385,16.8775714200622,14.5282644745692,7.35487993020429,1,,,,,,,,,,,,,,,,,,,,,,,,1,1,7ji4iger,,,,,0
413,jsftfzfr,,0,0,11,,,,0,,,0.0,413,,0.0,,6,1,5,,2,6,17.25651292143,15.6552619854883,-10.6145146455845,0,,,,,,,,,,,,,,,,,,,,,,,,1,1,7ji4iger,,,,,0
414,e62htqid,,0,0,11,,,,0,,,0.0,414,,0.0,,9,1,8,,2,6,17.25651292143,15.6552619854883,-10.6145146455845,0,,,,,,,,,,,,,,,,,,,,,,,,1,1,7ji4iger,,,,,0
415,6iwax076,,0,0,11,,,,0,,,0.0,415,,0.0,,6,4,2,,4,11687,19.2982240105404,15.3352032889933,8.30613918663683,0,,,,,,,,,,,,,,,,,,,,,,,,1,1,7ji4iger,,,,,0
416,ekqzyqed,,0,0,11,,,,0,,,0.0,416,,0.0,,9,4,5,,5,3851,-8.79848578409706,15.1098174886843,-18.5046274258981,1,,,,,,,,,,,,,,,,,,,,,,,,1,1,7ji4iger,,,,,0
417,1o78u881,,0,0,11,,,,0,,,0.0,417,,0.0,,9,7,2,,5,3851,-8.79848578409706,15.1098174886843,-18.5046274258981,1,,,,,,,,,,,,,,,,,,,,,,,,1,1,7ji4iger,,,,,0
418,lks0ww7t,,0,0,11,,,,0,,,0.0,418,,0.0,,3,0,3,,5,3851,-8.79848578409706,15.1098174886843,-18.5046274258981,1,,,,,,,,,,,,,,,,,,,,,,,,1,1,7ji4iger,,,,,0
419,swrosyzw,,0,0,11,,,,0,,,0.0,419,,0.0,,6,0,6,,4,11687,19.2982240105404,15.3352032889933,8.30613918663683,0,,,,,,,,,,,,,,,,,,,,,,,,1,1,7ji4iger,,,,,0
420,3t9xow71,,0,0,11,,,,0,,,0.0,420,,0.0,,9,0,9,,5,3851,-8.79848578409706,15.1098174886843,-18.5046274258981,1,,,,,,,,,,,,,,,,,,,,,,,,1,1,7ji4iger,,,,,0
421,rs4rmq77,,0,0,11,,,,0,,,0.0,421,,0.0,,3,0,3,,3,5385,16.8775714200622,14.5282644745692,7.35487993020429,1,,,,,,,,,,,,,,,,,,,,,,,,1,1,7ji4iger,,,,,0
422,vkr9dtbv,,0,0,11,,,,0,,,0.0,422,,0.0,,6,0,6,,4,11687,19.2982240105404,15.3352032889933,8.30613918663683,0,,,,,,,,,,,,,,,,,,,,,,,,1,1,7ji4iger,,,,,0
423,oddtphlt,,0,0,11,,,,0,,,0.0,423,,0.0,,9,0,9,,3,5385,16.8775714200622,14.5282644745692,7.35487993020429,1,,,,,,,,,,,,,,,,,,,,,,,,1,1,7ji4iger,,,,,0
424,i90ph17g,,0,0,11,,,,0,,,0.0,424,,0.0,,3,1,2,,2,6,17.25651292143,15.6552619854883,-10.6145146455845,0,,,,,,,,,,,,,,,,,,,,,,,,1,1,7ji4iger,,,,,0
425,d3xrgqoe,,0,0,11,,,,0,,,0.0,425,,0.0,,6,1,5,,4,11687,19.2982240105404,15.3352032889933,8.30613918663683,0,,,,,,,,,,,,,,,,,,,,,,,,1,1,7ji4iger,,,,,0
426,4kgnga2f,,0,0,11,,,,0,,,0.0,426,,0.0,,9,1,8,,2,6,17.25651292143,15.6552619854883,-10.6145146455845,0,,,,,,,,,,,,,,,,,,,,,,,,1,1,7ji4iger,,,,,0
427,f35y8s0v,,0,0,11,,,,0,,,0.0,427,,0.0,,6,4,2,,3,5385,16.8775714200622,14.5282644745692,7.35487993020429,1,,,,,,,,,,,,,,,,,,,,,,,,1,1,7ji4iger,,,,,0
428,3mvn15fg,,0,0,11,,,,0,,,0.0,428,,0.0,,9,4,5,,3,5385,16.8775714200622,14.5282644745692,7.35487993020429,1,,,,,,,,,,,,,,,,,,,,,,,,1,1,7ji4iger,,,,,0
429,88olt7x5,,0,0,11,,,,0,,,0.0,429,,0.0,,9,7,2,,5,3851,-8.79848578409706,15.1098174886843,-18.5046274258981,1,,,,,,,,,,,,,,,,,,,,,,,,1,1,7ji4iger,,,,,0
430,s85b4y38,,0,0,11,,,,0,,,0.0,430,,0.0,,3,0,3,,3,5385,16.8775714200622,14.5282644745692,7.35487993020429,1,,,,,,,,,,,,,,,,,,,,,,,,1,1,7ji4iger,,,,,0
431,rdlybq3u,,0,0,11,,,,0,,,0.0,431,,0.0,,6,0,6,,5,3851,-8.79848578409706,15.1098174886843,-18.5046274258981,1,,,,,,,,,,,,,,,,,,,,,,,,1,1,7ji4iger,,,,,0
432,wu28qvs7,,0,0,11,,,,0,,,0.0,432,,0.0,,9,0,9,,5,3851,-8.79848578409706,15.1098174886843,-18.5046274258981,1,,,,,,,,,,,,,,,,,,,,,,,,1,1,7ji4iger,,,,,0
433,qved2f9j,,0,0,11,,,,0,,,0.0,433,,0.0,,3,0,3,,4,11687,19.2982240105404,15.3352032889933,8.30613918663683,0,,,,,,,,,,,,,,,,,,,,,,,,1,1,7ji4iger,,,,,0
434,ohvh6ukf,,0,0,11,,,,0,,,0.0,434,,0.0,,6,0,6,,5,3851,-8.79848578409706,15.1098174886843,-18.5046274258981,1,,,,,,,,,,,,,,,,,,,,,,,,1,1,7ji4iger,,,,,0
435,a8xgybio,,0,0,11,,,,0,,,0.0,435,,0.0,,9,0,9,,3,5385,16.8775714200622,14.5282644745692,7.35487993020429,1,,,,,,,,,,,,,,,,,,,,,,,,1,1,7ji4iger,,,,,0
436,rudn70br,,0,0,11,,,,0,,,0.0,436,,0.0,,3,1,2,,4,11687,19.2982240105404,15.3352032889933,8.30613918663683,0,,,,,,,,,,,,,,,,,,,,,,,,1,1,7ji4iger,,,,,0
437,2g52fkst,,0,0,11,,,,0,,,0.0,437,,0.0,,6,1,5,,5,3851,-8.79848578409706,15.1098174886843,-18.5046274258981,1,,,,,,,,,,,,,,,,,,,,,,,,1,1,7ji4iger,,,,,0
438,s9gduwhx,,0,0,11,,,,0,,,0.0,438,,0.0,,9,1,8,,2,6,17.25651292143,15.6552619854883,-10.6145146455845,0,,,,,,,,,,,,,,,,,,,,,,,,1,1,7ji4iger,,,,,0
439,5d509vq4,,0,0,11,,,,0,,,0.0,439,,0.0,,6,4,2,,2,6,17.25651292143,15.6552619854883,-10.6145146455845,0,,,,,,,,,,,,,,,,,,,,,,,,1,1,7ji4iger,,,,,0
440,w6mqafq0,,0,0,11,,,,0,,,0.0,440,,0.0,,9,4,5,,5,3851,-8.79848578409706,15.1098174886843,-18.5046274258981,1,,,,,,,,,,,,,,,,,,,,,,,,1,1,7ji4iger,,,,,0
441,q6ceuvts,,0,0,11,,,,0,,,0.0,441,,0.0,,9,7,2,,3,5385,16.8775714200622,14.5282644745692,7.35487993020429,1,,,,,,,,,,,,,,,,,,,,,,,,1,1,7ji4iger,,,,,0
442,la379c2y,,0,0,11,,,,0,,,0.0,442,,0.0,,3,0,3,,3,5385,16.8775714200622,14.5282644745692,7.35487993020429,1,,,,,,,,,,,,,,,,,,,,,,,,1,1,7ji4iger,,,,,0
443,j4lu04hl,,0,0,11,,,,0,,,0.0,443,,0.0,,6,0,6,,3,5385,16.8775714200622,14.5282644745692,7.35487993020429,1,,,,,,,,,,,,,,,,,,,,,,,,1,1,7ji4iger,,,,,0
444,ujafm5o1,,0,0,11,,,,0,,,0.0,444,,0.0,,9,0,9,,2,6,17.25651292143,15.6552619854883,-10.6145146455845,0,,,,,,,,,,,,,,,,,,,,,,,,1,1,7ji4iger,,,,,0
445,tytq2lh0,,0,0,11,,,,0,,,0.0,445,,0.0,,3,0,3,,2,6,17.25651292143,15.6552619854883,-10.6145146455845,0,,,,,,,,,,,,,,,,,,,,,,,,1,1,7ji4iger,,,,,0
446,95lptg0w,,0,0,11,,,,0,,,0.0,446,,0.0,,6,0,6,,4,11687,19.2982240105404,15.3352032889933,8.30613918663683,0,,,,,,,,,,,,,,,,,,,,,,,,1,1,7ji4iger,,,,,0
447,zwwzpk7f,,0,0,11,,,,0,,,0.0,447,,0.0,,9,0,9,,2,6,17.25651292143,15.6552619854883,-10.6145146455845,0,,,,,,,,,,,,,,,,,,,,,,,,1,1,7ji4iger,,,,,0
448,e2bfy59p,,0,0,11,,,,0,,,0.0,448,,0.0,,3,1,2,,4,11687,19.2982240105404,15.3352032889933,8.30613918663683,0,,,,,,,,,,,,,,,,,,,,,,,,1,1,7ji4iger,,,,,0
449,va1wtiyr,,0,0,11,,,,0,,,0.0,449,,0.0,,6,1,5,,5,3851,-8.79848578409706,15.1098174886843,-18.5046274258981,1,,,,,,,,,,,,,,,,,,,,,,,,1,1,7ji4iger,,,,,0
450,h1n0ac8l,,0,0,11,,,,0,,,0.0,450,,0.0,,9,1,8,,5,3851,-8.79848578409706,15.1098174886843,-18.5046274258981,1,,,,,,,,,,,,,,,,,,,,,,,,1,1,7ji4iger,,,,,0
451,ejxjhfjq,,0,0,11,,,,0,,,0.0,451,,0.0,,6,4,2,,3,5385,16.8775714200622,14.5282644745692,7.35487993020429,1,,,,,,,,,,,,,,,,,,,,,,,,1,1,7ji4iger,,,,,0
452,be4kj7p2,,0,0,11,,,,0,,,0.0,452,,0.0,,9,4,5,,2,6,17.25651292143,15.6552619854883,-10.6145146455845,0,,,,,,,,,,,,,,,,,,,,,,,,1,1,7ji4iger,,,,,0
453,0ee6jd8q,,0,0,11,,,,0,,,0.0,453,,0.0,,9,7,2,,3,5385,16.8775714200622,14.5282644745692,7.35487993020429,1,,,,,,,,,,,,,,,,,,,,,,,,1,1,7ji4iger,,,,,0
454,vvtc2nci,,0,0,11,,,,0,,,0.0,454,,0.0,,3,0,3,,5,3851,-8.79848578409706,15.1098174886843,-18.5046274258981,1,,,,,,,,,,,,,,,,,,,,,,,,1,1,7ji4iger,,,,,0
455,x622j1j4,,0,0,11,,,,0,,,0.0,455,,0.0,,6,0,6,,5,3851,-8.79848578409706,15.1098174886843,-18.5046274258981,1,,,,,,,,,,,,,,,,,,,,,,,,1,1,7ji4iger,,,,,0
456,7kjqgd78,,0,0,11,,,,0,,,0.0,456,,0.0,,9,0,9,,3,5385,16.8775714200622,14.5282644745692,7.35487993020429,1,,,,,,,,,,,,,,,,,,,,,,,,1,1,7ji4iger,,,,,0
457,1pw9iavn,,0,0,11,,,,0,,,0.0,457,,0.0,,3,0,3,,5,3851,-8.79848578409706,15.1098174886843,-18.5046274258981,1,,,,,,,,,,,,,,,,,,,,,,,,1,1,7ji4iger,,,,,0
458,u43c6y8p,,0,0,11,,,,0,,,0.0,458,,0.0,,6,0,6,,4,11687,19.2982240105404,15.3352032889933,8.30613918663683,0,,,,,,,,,,,,,,,,,,,,,,,,1,1,7ji4iger,,,,,0
459,j4akosvm,,0,0,11,,,,0,,,0.0,459,,0.0,,9,0,9,,2,6,17.25651292143,15.6552619854883,-10.6145146455845,0,,,,,,,,,,,,,,,,,,,,,,,,1,1,7ji4iger,,,,,0
460,pt3abgh2,,0,0,11,,,,0,,,0.0,460,,0.0,,3,1,2,,4,11687,19.2982240105404,15.3352032889933,8.30613918663683,0,,,,,,,,,,,,,,,,,,,,,,,,1,1,7ji4iger,,,,,0
461,jlageaf3,,0,0,11,,,,0,,,0.0,461,,0.0,,6,1,5,,3,5385,16.8775714200622,14.5282644745692,7.35487993020429,1,,,,,,,,,,,,,,,,,,,,,,,,1,1,7ji4iger,,,,,0
462,gqn9ab35,,0,0,11,,,,0,,,0.0,462,,0.0,,9,1,8,,2,6,17.25651292143,15.6552619854883,-10.6145146455845,0,,,,,,,,,,,,,,,,,,,,,,,,1,1,7ji4iger,,,,,0
463,7pnko8v5,,0,0,11,,,,0,,,0.0,463,,0.0,,6,4,2,,2,6,17.25651292143,15.6552619854883,-10.6145146455845,0,,,,,,,,,,,,,,,,,,,,,,,,1,1,7ji4iger,,,,,0
464,i0ms6p24,,0,0,11,,,,0,,,0.0,464,,0.0,,9,4,5,,4,11687,19.2982240105404,15.3352032889933,8.30613918663683,0,,,,,,,,,,,,,,,,,,,,,,,,1,1,7ji4iger,,,,,0
465,wpx6os23,,0,0,11,,,,0,,,0.0,465,,0.0,,9,7,2,,5,3851,-8.79848578409706,15.1098174886843,-18.5046274258981,1,,,,,,,,,,,,,,,,,,,,,,,,1,1,7ji4iger,,,,,0
466,bcnc2pry,,0,0,11,,,,0,,,0.0,466,,0.0,,3,0,3,,4,11687,19.2982240105404,15.3352032889933,8.30613918663683,0,,,,,,,,,,,,,,,,,,,,,,,,1,1,7ji4iger,,,,,0
467,iiz1n1ly,,0,0,11,,,,0,,,0.0,467,,0.0,,6,0,6,,3,5385,16.8775714200622,14.5282644745692,7.35487993020429,1,,,,,,,,,,,,,,,,,,,,,,,,1,1,7ji4iger,,,,,0
468,4zt8mvok,,0,0,11,,,,0,,,0.0,468,,0.0,,9,0,9,,5,3851,-8.79848578409706,15.1098174886843,-18.5046274258981,1,,,,,,,,,,,,,,,,,,,,,,,,1,1,7ji4iger,,,,,0
469,y6m6cn64,,0,0,11,,,,0,,,0.0,469,,0.0,,3,0,3,,3,5385,16.8775714200622,14.5282644745692,7.35487993020429,1,,,,,,,,,,,,,,,,,,,,,,,,1,1,7ji4iger,,,,,0
470,eir7tcd9,,0,0,11,,,,0,,,0.0,470,,0.0,,6,0,6,,5,3851,-8.79848578409706,15.1098174886843,-18.5046274258981,1,,,,,,,,,,,,,,,,,,,,,,,,1,1,7ji4iger,,,,,0
471,9y6lgkzf,,0,0,11,,,,0,,,0.0,471,,0.0,,9,0,9,,2,6,17.25651292143,15.6552619854883,-10.6145146455845,0,,,,,,,,,,,,,,,,,,,,,,,,1,1,7ji4iger,,,,,0
472,buhh1cvd,,0,0,11,,,,0,,,0.0,472,,0.0,,3,1,2,,4,11687,19.2982240105404,15.3352032889933,8.30613918663683,0,,,,,,,,,,,,,,,,,,,,,,,,1,1,7ji4iger,,,,,0
473,fsrq0ac0,,0,0,11,,,,0,,,0.0,473,,0.0,,6,1,5,,3,5385,16.8775714200622,14.5282644745692,7.35487993020429,1,,,,,,,,,,,,,,,,,,,,,,,,1,1,7ji4iger,,,,,0
474,0ncsvsas,,0,0,11,,,,0,,,0.0,474,,0.0,,9,1,8,,3,5385,16.8775714200622,14.5282644745692,7.35487993020429,1,,,,,,,,,,,,,,,,,,,,,,,,1,1,7ji4iger,,,,,0
475,cpm8ocar,,0,0,11,,,,0,,,0.0,475,,0.0,,6,4,2,,5,3851,-8.79848578409706,15.1098174886843,-18.5046274258981,1,,,,,,,,,,,,,,,,,,,,,,,,1,1,7ji4iger,,,,,0
476,w2zq5ccb,,0,0,11,,,,0,,,0.0,476,,0.0,,9,4,5,,4,11687,19.2982240105404,15.3352032889933,8.30613918663683,0,,,,,,,,,,,,,,,,,,,,,,,,1,1,7ji4iger,,,,,0
477,akrt8qfh,,0,0,11,,,,0,,,0.0,477,,0.0,,9,7,2,,4,11687,19.2982240105404,15.3352032889933,8.30613918663683,0,,,,,,,,,,,,,,,,,,,,,,,,1,1,7ji4iger,,,,,0
478,qegp7gwr,,0,0,11,,,,0,,,0.0,478,,0.0,,3,0,3,,2,6,17.25651292143,15.6552619854883,-10.6145146455845,0,,,,,,,,,,,,,,,,,,,,,,,,1,1,7ji4iger,,,,,0
479,3lqo0jh9,,0,0,11,,,,0,,,0.0,479,,0.0,,6,0,6,,2,6,17.25651292143,15.6552619854883,-10.6145146455845,0,,,,,,,,,,,,,,,,,,,,,,,,1,1,7ji4iger,,,,,0
480,r2gkjjbc,,0,0,11,,,,0,,,0.0,480,,0.0,,9,0,9,,5,3851,-8.79848578409706,15.1098174886843,-18.5046274258981,1,,,,,,,,,,,,,,,,,,,,,,,,1,1,7ji4iger,,,,,0
481,cqgz8oqd,,0,0,11,,,,0,,,0.0,481,,0.0,,3,0,3,,3,5385,16.8775714200622,14.5282644745692,7.35487993020429,1,,,,,,,,,,,,,,,,,,,,,,,,1,1,7ji4iger,,,,,0
482,p8kg1pz5,,0,0,11,,,,0,,,0.0,482,,0.0,,6,0,6,,2,6,17.25651292143,15.6552619854883,-10.6145146455845,0,,,,,,,,,,,,,,,,,,,,,,,,1,1,7ji4iger,,,,,0
483,pdw3zve5,,0,0,11,,,,0,,,0.0,483,,0.0,,9,0,9,,4,11687,19.2982240105404,15.3352032889933,8.30613918663683,0,,,,,,,,,,,,,,,,,,,,,,,,1,1,7ji4iger,,,,,0
484,ppfaffww,,0,0,11,,,,0,,,0.0,484,,0.0,,3,1,2,,5,3851,-8.79848578409706,15.1098174886843,-18.5046274258981,1,,,,,,,,,,,,,,,,,,,,,,,,1,1,7ji4iger,,,,,0
485,frdmwbex,,0,0,11,,,,0,,,0.0,485,,0.0,,6,1,5,,3,5385,16.8775714200622,14.5282644745692,7.35487993020429,1,,,,,,,,,,,,,,,,,,,,,,,,1,1,7ji4iger,,,,,0
486,q8brwulx,,0,0,11,,,,0,,,0.0,486,,0.0,,9,1,8,,4,11687,19.2982240105404,15.3352032889933,8.30613918663683,0,,,,,,,,,,,,,,,,,,,,,,,,1,1,7ji4iger,,,,,0
487,u5rmky60,,0,0,11,,,,0,,,0.0,487,,0.0,,6,4,2,,3,5385,16.8775714200622,14.5282644745692,7.35487993020429,1,,,,,,,,,,,,,,,,,,,,,,,,1,1,7ji4iger,,,,,0
488,j9iduozp,,0,0,11,,,,0,,,0.0,488,,0.0,,9,4,5,,2,6,17.25651292143,15.6552619854883,-10.6145146455845,0,,,,,,,,,,,,,,,,,,,,,,,,1,1,7ji4iger,,,,,0
489,bt9mimcm,,0,0,11,,,,0,,,0.0,489,,0.0,,9,7,2,,4,11687,19.2982240105404,15.3352032889933,8.30613918663683,0,,,,,,,,,,,,,,,,,,,,,,,,1,1,7ji4iger,,,,,0
490,h3dpudvf,,0,0,11,,,,0,,,0.0,490,,0.0,,3,0,3,,3,5385,16.8775714200622,14.5282644745692,7.35487993020429,1,,,,,,,,,,,,,,,,,,,,,,,,1,1,7ji4iger,,,,,0
491,t2qwhjhy,,0,0,11,,,,0,,,0.0,491,,0.0,,6,0,6,,5,3851,-8.79848578409706,15.1098174886843,-18.5046274258981,1,,,,,,,,,,,,,,,,,,,,,,,,1,1,7ji4iger,,,,,0
492,4e645bac,,0,0,11,,,,0,,,0.0,492,,0.0,,9,0,9,,3,5385,16.8775714200622,14.5282644745692,7.35487993020429,1,,,,,,,,,,,,,,,,,,,,,,,,1,1,7ji4iger,,,,,0
493,b8rbggh2,,0,0,11,,,,0,,,0.0,493,,0.0,,3,0,3,,5,3851,-8.79848578409706,15.1098174886843,-18.5046274258981,1,,,,,,,,,,,,,,,,,,,,,,,,1,1,7ji4iger,,,,,0
494,8lk3tbjk,,0,0,11,,,,0,,,0.0,494,,0.0,,6,0,6,,5,3851,-8.79848578409706,15.1098174886843,-18.5046274258981,1,,,,,,,,,,,,,,,,,,,,,,,,1,1,7ji4iger,,,,,0
495,djhj1z0c,,0,0,11,,,,0,,,0.0,495,,0.0,,9,0,9,,2,6,17.25651292143,15.6552619854883,-10.6145146455845,0,,,,,,,,,,,,,,,,,,,,,,,,1,1,7ji4iger,,,,,0
496,4a3hfu27,,0,0,11,,,,0,,,0.0,496,,0.0,,3,1,2,,4,11687,19.2982240105404,15.3352032889933,8.30613918663683,0,,,,,,,,,,,,,,,,,,,,,,,,1,1,7ji4iger,,,,,0
497,qkwaitcp,,0,0,11,,,,0,,,0.0,497,,0.0,,6,1,5,,2,6,17.25651292143,15.6552619854883,-10.6145146455845,0,,,,,,,,,,,,,,,,,,,,,,,,1,1,7ji4iger,,,,,0
498,1yybjka6,,0,0,11,,,,0,,,0.0,498,,0.0,,9,1,8,,5,3851,-8.79848578409706,15.1098174886843,-18.5046274258981,1,,,,,,,,,,,,,,,,,,,,,,,,1,1,7ji4iger,,,,,0
499,xvvlxrg6,,0,0,11,,,,0,,,0.0,499,,0.0,,6,4,2,,5,3851,-8.79848578409706,15.1098174886843,-18.5046274258981,1,,,,,,,,,,,,,,,,,,,,,,,,1,1,7ji4iger,,,,,0
500,y37qwxev,,0,0,11,,,,0,,,0.0,500,,0.0,,9,4,5,,2,6,17.25651292143,15.6552619854883,-10.6145146455845,0,,,,,,,,,,,,,,,,,,,,,,,,1,1,7ji4iger,,,,,0
1,uiugdrft,,0,12,11,pricing,Results,2026-07-02 20:09:09.055807,1,,,100.44,1,,100.44,1,3,0,3,1,5,3851,-8.79848578409706,15.1098174886843,-18.5046274258981,1,sometimes,third_option,cash,12.0,11.0,2,1,4,1,3,22.0,4,15.0,more,less,dk,22,other,bachelor,1,1,98.94,2,1,1,q4uq52ol,,,,,0
2,41pkun2o,,0,0,11,,,,0,,,0.0,2,,0.0,,6,0,6,,3,5385,16.8775714200622,14.5282644745692,7.35487993020429,1,,,,,,,,,,,,,,,,,,,,,,,,1,1,q4uq52ol,,,,,0
3,19gnkcf6,,0,0,11,,,,0,,,0.0,3,,0.0,,9,0,9,,2,6,17.25651292143,15.6552619854883,-10.6145146455845,0,,,,,,,,,,,,,,,,,,,,,,,,1,1,q4uq52ol,,,,,0
4,rnunsf6n,,0,0,11,,,,0,,,0.0,4,,0.0,,3,1,2,,4,11687,19.2982240105404,15.3352032889933,8.30613918663683,0,,,,,,,,,,,,,,,,,,,,,,,,1,1,q4uq52ol,,,,,0
5,8az06o7z,,0,0,11,,,,0,,,0.0,5,,0.0,,6,1,5,,2,6,17.25651292143,15.6552619854883,-10.6145146455845,0,,,,,,,,,,,,,,,,,,,,,,,,1,1,q4uq52ol,,,,,0
6,bvaboeuc,,0,0,11,,,,0,,,0.0,6,,0.0,,9,1,8,,3,5385,16.8775714200622,14.5282644745692,7.35487993020429,1,,,,,,,,,,,,,,,,,,,,,,,,1,1,q4uq52ol,,,,,0
7,uv9dxng2,,0,0,11,,,,0,,,0.0,7,,0.0,,6,4,2,,3,5385,16.8775714200622,14.5282644745692,7.35487993020429,1,,,,,,,,,,,,,,,,,,,,,,,,1,1,q4uq52ol,,,,,0
8,hrfsd99h,,0,0,11,,,,0,,,0.0,8,,0.0,,9,4,5,,5,3851,-8.79848578409706,15.1098174886843,-18.5046274258981,1,,,,,,,,,,,,,,,,,,,,,,,,1,1,q4uq52ol,,,,,0
9,99ai2t17,,0,0,11,,,,0,,,0.0,9,,0.0,,9,7,2,,3,5385,16.8775714200622,14.5282644745692,7.35487993020429,1,,,,,,,,,,,,,,,,,,,,,,,,1,1,q4uq52ol,,,,,0
10,1yeie9ew,,0,0,11,,,,0,,,0.0,10,,0.0,,3,0,3,,5,3851,-8.79848578409706,15.1098174886843,-18.5046274258981,1,,,,,,,,,,,,,,,,,,,,,,,,1,1,q4uq52ol,,,,,0
11,bnafd958,,0,0,11,,,,0,,,0.0,11,,0.0,,6,0,6,,5,3851,-8.79848578409706,15.1098174886843,-18.5046274258981,1,,,,,,,,,,,,,,,,,,,,,,,,1,1,q4uq52ol,,,,,0
12,0ec269n9,,0,0,11,,,,0,,,0.0,12,,0.0,,9,0,9,,4,11687,19.2982240105404,15.3352032889933,8.30613918663683,0,,,,,,,,,,,,,,,,,,,,,,,,1,1,q4uq52ol,,,,,0
1,iwq226wl,,0,7,11,pricing,DiscountReveal,2026-07-02 20:11:09.594269,1,,,0.0,1,,0.0,1,5,0,5,1,2,6,17.25651292143,15.6552619854883,-10.6145146455845,0,sometimes,third_option,cash,,,,,,1,3,33.0,2,33.0,,,,,,,,1,,,1,1,rv8smdqb,,,,,0
2,0ouqjqnn,,0,2,11,pricing,Instructions,2026-07-02 20:13:11.211546,1,,,0.0,2,,0.0,1,10,0,10,,3,5385,16.8775714200622,14.5282644745692,7.35487993020429,1,,,,,,,,,,,,,,,,,,,,,,,,1,1,rv8smdqb,,,,,0
3,lad2auet,,0,8,11,pricing,Trade,2026-07-02 20:18:46.971809,1,,,0.0,3,,0.0,1,15,0,15,1,3,5385,16.8775714200622,14.5282644745692,7.35487993020429,1,sometimes,third_option,cash,,,,,,1,2,33.0,2,33.0,,,,,,,,1,,,1,1,rv8smdqb,,,,,0
4,7qiv8602,,0,0,11,,,,0,,,0.0,4,,0.0,,5,3,2,,5,3851,-8.79848578409706,15.1098174886843,-18.5046274258981,1,,,,,,,,,,,,,,,,,,,,,,,,1,1,rv8smdqb,,,,,0
5,mmxcw5lp,,0,0,11,,,,0,,,0.0,5,,0.0,,10,3,7,,5,3851,-8.79848578409706,15.1098174886843,-18.5046274258981,1,,,,,,,,,,,,,,,,,,,,,,,,1,1,rv8smdqb,,,,,0
1,tge24csu,,0,0,12,,,,0,,,0.0,1,,0.0,,5,0,5,,2,6,17.25651292143,15.6552619854883,-10.6145146455845,0,,,,,,,,,,,,,,,,,,,,,,,,1,1,1pfu9g7g,,,,,0
2,0pwrjuds,,0,0,12,,,,0,,,0.0,2,,0.0,,10,0,10,,5,3851,-8.79848578409706,15.1098174886843,-18.5046274258981,1,,,,,,,,,,,,,,,,,,,,,,,,1,1,1pfu9g7g,,,,,0
3,5pmft4ow,,0,0,12,,,,0,,,0.0,3,,0.0,,15,0,15,,2,6,17.25651292143,15.6552619854883,-10.6145146455845,0,,,,,,,,,,,,,,,,,,,,,,,,1,1,1pfu9g7g,,,,,0
4,g5w1cp57,,0,12,12,pricing,FinalForProlific,2026-07-02 20:15:12.910213,1,,,108.11,4,,108.11,1,5,3,2,1,4,11687,19.2982240105404,15.3352032889933,8.30613918663683,0,sometimes,third_option,cash,55.0,33.0,4,1,2,1,3,22.0,2,44.0,more,less,dk,33,other,some_college,1,1,107.61,2,1,1,1pfu9g7g,,,,,0
5,pgpj3keh,,0,0,12,,,,0,,,0.0,5,,0.0,,10,3,7,,2,6,17.25651292143,15.6552619854883,-10.6145146455845,0,,,,,,,,,,,,,,,,,,,,,,,,1,1,1pfu9g7g,,,,,0
6,zztqe9oe,,0,0,12,,,,0,,,0.0,6,,0.0,,15,3,12,,4,11687,19.2982240105404,15.3352032889933,8.30613918663683,0,,,,,,,,,,,,,,,,,,,,,,,,1,1,1pfu9g7g,,,,,0
7,vt3k9vjz,,0,0,12,,,,0,,,0.0,7,,0.0,,10,6,4,,5,3851,-8.79848578409706,15.1098174886843,-18.5046274258981,1,,,,,,,,,,,,,,,,,,,,,,,,1,1,1pfu9g7g,,,,,0
8,btuuq70m,,0,0,12,,,,0,,,0.0,8,,0.0,,15,6,9,,5,3851,-8.79848578409706,15.1098174886843,-18.5046274258981,1,,,,,,,,,,,,,,,,,,,,,,,,1,1,1pfu9g7g,,,,,0
9,wqyc715v,,0,0,12,,,,0,,,0.0,9,,0.0,,15,9,6,,4,11687,19.2982240105404,15.3352032889933,8.30613918663683,0,,,,,,,,,,,,,,,,,,,,,,,,1,1,1pfu9g7g,,,,,0
10,g0ljuxin,,0,0,12,,,,0,,,0.0,10,,0.0,,5,0,5,,4,11687,19.2982240105404,15.3352032889933,8.30613918663683,0,,,,,,,,,,,,,,,,,,,,,,,,1,1,1pfu9g7g,,,,,0
1,pjpncico,6a0315b62076e2e93c725db8,0,12,12,pricing,FinalForProlific,2026-07-02 20:20:25.722184,1,,,99.11,1,,99.11,1,5,0,5,1,5,3851,-8.79848578409706,15.1098174886843,-18.5046274258981,1,sometimes,third_option,cash,30.0,2.0,3,1,4,0,3,18.0,3,50.0,more,less,false,22,male,highschool,0,1,97.36,3,1,1,cbctgbhm,,,,,0
2,13q93lzq,6a12bf0b366723d739028ccb,0,12,12,pricing,FinalForProlific,2026-07-02 20:20:26.809809,1,,,111.19,2,,111.19,1,10,0,10,1,3,5385,16.8775714200622,14.5282644745692,7.35487993020429,1,sometimes,third_option,cash,50.0,15.0,4,1,4,0,,15.0,3,50.0,more,less,false,54,male,bachelor,0,1,108.44,3,1,1,cbctgbhm,,,,,0
3,699kl0nj,69dfba233431478474112c23,0,12,12,pricing,FinalForProlific,2026-07-02 20:20:27.139799,1,,,95.47,3,,95.47,1,15,0,15,0,5,3851,-8.79848578409706,15.1098174886843,-18.5046274258981,1,sometimes,third_option,cash,60.0,15.0,2,,,1,2,8.0,2,50.0,more,less,false,24,male,bachelor,1,0,94.72,3,1,1,cbctgbhm,,,,,0
4,8eeu0tqk,69f23d45b2c8d656912ee84a,0,12,12,pricing,FinalForProlific,2026-07-02 20:20:28.174564,1,,,109.1,4,,109.1,1,5,3,2,1,2,6,17.25651292143,15.6552619854883,-10.6145146455845,0,sometimes,third_option,cash,60.0,18.0,3,1,3,1,3,40.0,3,100.0,more,less,false,46,male,some_college,0,1,107.35,3,1,1,cbctgbhm,,,,,0
5,0zreh91w,6a22ba5dd922ac4ae29786fd,0,12,12,pricing,FinalForProlific,2026-07-02 20:20:32.103363,1,,,103.13,5,,103.13,1,10,3,7,1,3,5385,16.8775714200622,14.5282644745692,7.35487993020429,1,sometimes,third_option,cash,20.0,15.0,3,1,3,1,3,10.0,2,100.0,more,less,false,29,male,bachelor,1,1,100.38,3,1,1,cbctgbhm,,,,,0
6,k53ch1gp,677bf069c64e31606c2bd260,0,12,12,pricing,FinalForProlific,2026-07-02 20:20:36.029823,1,,,105.29,6,,105.29,1,15,3,12,1,4,11687,19.2982240105404,15.3352032889933,8.30613918663683,0,sometimes,third_option,cash,30.0,20.0,3,0,2,0,3,30.0,2,40.0,more,same,false,21,male,bachelor,0,1,102.79,2,1,1,cbctgbhm,,,,,0
7,noohoxwe,676dda2e34757c5868ccd91e,0,12,12,pricing,FinalForProlific,2026-07-02 20:20:37.110801,1,,,111.61,7,,111.61,1,10,6,4,1,3,5385,16.8775714200622,14.5282644745692,7.35487993020429,1,sometimes,third_option,cash,94.0,22.0,3,1,3,0,2,10.0,3,100.0,more,less,false,28,male,some_college,0,1,109.86,3,1,1,cbctgbhm,,,,,0
8,n4c1bryb,60cbd3ead9ef203f8e59d2c3,0,12,12,pricing,FinalForProlific,2026-07-02 20:20:42.583314,1,,,96.48,8,,96.48,1,15,6,9,1,2,6,17.25651292143,15.6552619854883,-10.6145146455845,0,sometimes,third_option,cash,10.0,12.0,3,1,3,1,3,10.0,3,10.0,more,less,false,29,female,bachelor,0,1,95.73,3,1,1,cbctgbhm,,,,,0
9,zy59ly48,6a08c0d947867c9d5657882b,0,12,12,pricing,FinalForProlific,2026-07-02 20:20:42.865727,1,,,105.97,9,,105.97,1,15,9,6,0,3,5385,16.8775714200622,14.5282644745692,7.35487993020429,1,sometimes,third_option,cash,25.0,15.0,1,,,1,4,-2.2,3,0.0,more,less,false,36,male,graduate,0,0,104.22,3,1,1,cbctgbhm,,,,,0
10,m9ek7y1s,6934790f575322bf478eafc3,0,12,12,pricing,FinalForProlific,2026-07-02 20:20:47.546149,1,,,102.48,10,,102.48,1,5,0,5,1,2,6,17.25651292143,15.6552619854883,-10.6145146455845,0,sometimes,third_option,cash,10.0,5.0,3,1,3,1,4,10.0,4,20.0,more,less,false,34,male,bachelor,0,1,101.73,3,1,1,cbctgbhm,,,,,0
11,5wngwyz8,6a09d8184f3f3f28310d3501,0,12,12,pricing,FinalForProlific,2026-07-02 20:20:52.167603,1,,,107.81,11,,107.81,1,10,0,10,1,3,5385,16.8775714200622,14.5282644745692,7.35487993020429,1,sometimes,third_option,cash,30.0,18.0,3,1,3,1,3,20.0,2,30.0,more,less,false,28,male,bachelor,0,1,105.06,3,1,1,cbctgbhm,,,,,0
12,dw4h7t40,69a396424c59826d1a132598,0,12,12,pricing,FinalForProlific,2026-07-02 20:20:54.394128,1,,,95.47,12,,95.47,1,15,0,15,0,5,3851,-8.79848578409706,15.1098174886843,-18.5046274258981,1,sometimes,third_option,cash,60.0,38.0,4,,,1,4,27.0,4,40.0,more,less,false,20,female,highschool,1,0,94.72,3,1,1,cbctgbhm,,,,,0
13,gecp6mgj,6a23d70ef736539838055228,0,12,12,pricing,FinalForProlific,2026-07-02 20:20:54.408016,1,,,102.48,13,,102.48,1,5,0,5,1,2,6,17.25651292143,15.6552619854883,-10.6145146455845,0,sometimes,third_option,cash,10.0,7.0,5,1,5,1,5,23.0,5,80.0,more,less,false,30,male,graduate,1,1,101.73,3,1,1,cbctgbhm,,,,,0
14,9pbq2fb8,6a10c0cc706d6029855602fa,0,12,12,pricing,FinalForProlific,2026-07-02 20:20:54.943111,1,,,117.76,14,,117.76,1,10,0,10,1,2,6,17.25651292143,15.6552619854883,-10.6145146455845,0,sometimes,third_option,cash,100.0,3.0,1,1,1,0,1,3.0,1,100.0,more,less,true,51,male,graduate,0,1,117.26,2,1,1,cbctgbhm,,,,,0
15,bfkf8e3d,694434cc3ce4e9803db3b212,0,5,12,pricing,PracticeFeedback,2026-07-02 20:20:54.899234,1,,,0.0,15,,0.0,1,15,0,15,,5,3851,-8.79848578409706,15.1098174886843,-18.5046274258981,1,sometimes,third_option,cash,,,,,,0,2,15.0,2,40.0,,,,,,,,,,,1,1,cbctgbhm,,,,,0
16,xfm4qs3p,6537daf5f37c314e287c7895,0,12,12,pricing,FinalForProlific,2026-07-02 20:20:57.448974,1,,,98.5,16,,98.5,1,5,3,2,1,5,3851,-8.79848578409706,15.1098174886843,-18.5046274258981,1,sometimes,third_option,cash,0.0,15.0,3,1,2,1,2,25.0,,5.0,more,less,dk,32,male,bachelor,0,1,97.0,2,1,1,cbctgbhm,,,,,0
17,tdamcs1i,6a09fbb7695f4775dd014be2,0,12,12,pricing,FinalForProlific,2026-07-02 20:20:57.631615,1,,,102.2,17,,102.2,1,10,3,7,1,2,6,17.25651292143,15.6552619854883,-10.6145146455845,0,sometimes,third_option,cash,20.0,10.0,1,0,1,1,2,10.0,2,50.0,more,less,false,39,male,bachelor,0,1,100.45,3,1,1,cbctgbhm,,,,,0
18,dvrk9vv8,69eb9cf2c6d7a10a41b0aa86,0,12,12,pricing,FinalForProlific,2026-07-02 20:20:58.701365,1,,,102.61,18,,102.61,1,15,3,12,1,4,11687,19.2982240105404,15.3352032889933,8.30613918663683,0,sometimes,third_option,cash,20.0,5.0,2,0,2,1,4,10.0,3,50.0,more,less,false,58,female,graduate,0,1,100.86,3,1,1,cbctgbhm,,,,,0
19,oqscve55,6a01acac7db3512bcfbbc5cd,0,12,12,pricing,FinalForProlific,2026-07-02 20:20:59.075966,1,,,119.01,19,,119.01,1,10,6,4,0,2,6,17.25651292143,15.6552619854883,-10.6145146455845,0,sometimes,third_option,cash,100.0,15.0,4,,,0,4,12.0,4,100.0,more,less,false,47,female,bachelor,0,0,117.26,3,1,1,cbctgbhm,,,,,0
20,0vxpwx4c,6672f90bec3bcf47c745e030,0,12,12,pricing,FinalForProlific,2026-07-02 20:20:59.567799,1,,,95.75,20,,95.75,1,15,6,9,1,5,3851,-8.79848578409706,15.1098174886843,-18.5046274258981,1,sometimes,third_option,cash,0.0,0.0,5,1,5,1,4,20.0,,40.0,more,less,false,28,male,some_college,1,1,94.0,3,1,1,cbctgbhm,,,,,0
21,fcrdwifx,6a226deb753b5cb0694f4fd3,0,3,12,pricing,ComprehensionQuiz,2026-07-02 20:21:00.710991,1,,,0.0,21,,0.0,1,15,9,6,,4,11687,19.2982240105404,15.3352032889933,8.30613918663683,0,,,,,,,,,,,,,,,,,,,,,,,,1,1,cbctgbhm,,,,,0
22,rkypmjce,6a025af191e4ef02d32e06bb,0,3,12,pricing,ComprehensionQuiz,2026-07-02 20:21:01.122828,1,,,0.0,22,,0.0,1,5,0,5,,3,5385,16.8775714200622,14.5282644745692,7.35487993020429,1,,,,,,,,,,,,,,,,,,,,,,,,1,1,cbctgbhm,,,,,0
23,jnf31vge,6a21935e44fa7ca6cd47ffd1,0,12,12,pricing,FinalForProlific,2026-07-02 20:21:01.518048,1,,,104.61,23,,104.61,1,10,0,10,1,4,11687,19.2982240105404,15.3352032889933,8.30613918663683,0,sometimes,third_option,cash,20.0,10.0,2,1,2,1,2,10.0,2,20.0,more,less,false,31,female,bachelor,0,1,103.86,3,1,1,cbctgbhm,,,,,0
24,dki17nmh,6a05df4d9ed540a28af23da7,0,12,12,pricing,FinalForProlific,2026-07-02 20:21:01.755281,1,,,99.87,24,,99.87,1,15,0,15,0,5,3851,-8.79848578409706,15.1098174886843,-18.5046274258981,1,sometimes,third_option,cash,10.0,3.0,1,,,1,4,10.0,2,50.0,more,less,false,37,male,bachelor,0,0,99.12,3,1,1,cbctgbhm,,,,,0
25,f28mui0p,6a01daab2b02408aef749ccb,0,12,12,pricing,FinalForProlific,2026-07-02 20:21:02.432552,1,,,112.83,25,,112.83,1,5,0,5,1,2,6,17.25651292143,15.6552619854883,-10.6145146455845,0,sometimes,third_option,cash,70.0,50.0,4,1,4,0,3,,3,70.0,more,less,false,37,female,graduate,1,1,112.08,3,1,1,cbctgbhm,,,,,0
26,3lmhy08m,6a08d7ebd6444314bbbf1112,0,12,12,pricing,FinalForProlific,2026-07-02 20:21:02.940503,1,,,119.12,26,,119.12,1,10,0,10,1,4,11687,19.2982240105404,15.3352032889933,8.30613918663683,0,sometimes,third_option,cash,90.0,24.0,3,1,4,1,4,12.0,4,60.0,more,less,false,37,male,bachelor,0,1,117.37,3,1,1,cbctgbhm,,,,,0
27,h7d7xr6m,6a0465dbc4519ab0aa7db764,0,12,12,pricing,FinalForProlific,2026-07-02 20:21:03.145434,1,,,105.13,27,,105.13,1,15,0,15,1,3,5385,16.8775714200622,14.5282644745692,7.35487993020429,1,sometimes,third_option,cash,20.0,5.0,4,1,4,1,4,5.0,,20.0,more,less,false,50,male,bachelor,1,1,103.38,3,1,1,cbctgbhm,,,,,0
28,8jp5whzx,69c72e6296385ebfb3882b46,0,12,12,pricing,FinalForProlific,2026-07-02 20:21:03.639706,1,,,96.55,28,,96.55,1,5,3,2,1,5,3851,-8.79848578409706,15.1098174886843,-18.5046274258981,1,sometimes,third_option,cash,25.0,8.0,3,1,4,0,2,15.0,2,50.0,more,less,false,26,female,graduate,0,1,94.8,3,1,1,cbctgbhm,,,,,0
29,6b5f0go0,699a3063c873647e41089dfe,0,12,12,pricing,FinalForProlific,2026-07-02 20:21:04.740903,1,,,99.33,29,,99.33,1,10,3,7,1,4,11687,19.2982240105404,15.3352032889933,8.30613918663683,0,sometimes,third_option,cash,3.0,0.0,4,0,5,1,5,10.0,5,0.0,more,less,false,34,male,some_college,0,1,97.58,3,1,1,cbctgbhm,,,,,0
30,rh2hmdh5,69e25d3fbabe9fd54c52f3f1,0,12,12,pricing,FinalForProlific,2026-07-02 20:21:04.825478,1,,,103.64,30,,103.64,1,15,3,12,0,4,11687,19.2982240105404,15.3352032889933,8.30613918663683,0,sometimes,third_option,cash,15.0,30.0,3,,,1,3,0.0,1,0.0,more,less,false,38,female,highschool,0,0,102.89,3,1,1,cbctgbhm,,,,,0
31,g87oct84,698d5b2a97685e002d118f6a,0,12,12,pricing,FinalForProlific,2026-07-02 20:21:06.078761,1,,,104.7,31,,104.7,1,10,6,4,0,2,6,17.25651292143,15.6552619854883,-10.6145146455845,0,sometimes,third_option,cash,20.0,15.0,4,,,1,3,25.0,4,10.0,more,same,true,35,male,highschool,1,0,103.45,1,1,1,cbctgbhm,,,,,0
32,t8lqivot,6696aaf3828b394d388a6b8e,0,12,12,pricing,FinalForProlific,2026-07-02 20:21:06.461599,1,,,103.44,32,,103.44,1,15,6,9,0,3,5385,16.8775714200622,14.5282644745692,7.35487993020429,1,sometimes,third_option,cash,10.0,20.0,3,,,1,3,10.0,3,5.0,more,less,false,35,male,graduate,1,0,101.69,3,1,1,cbctgbhm,,,,,0
33,b7c9mb4b,69b84ff5029fc6b133575311,0,12,12,pricing,FinalForProlific,2026-07-02 20:21:07.645032,1,,,90.99,33,,90.99,1,15,9,6,1,5,3851,-8.79848578409706,15.1098174886843,-18.5046274258981,1,sometimes,third_option,cash,20.0,15.0,1,1,3,0,3,5.0,1,20.0,more,less,false,27,female,bachelor,0,1,89.24,3,1,1,cbctgbhm,,,,,0
34,kflwf0m9,6a259da9717883959f50137c,0,12,12,pricing,FinalForProlific,2026-07-02 20:21:08.094078,1,,,102.71,34,,102.71,1,5,0,5,1,4,11687,19.2982240105404,15.3352032889933,8.30613918663683,0,sometimes,third_option,cash,5.0,17.0,3,1,4,0,4,5.0,2,0.0,more,less,false,39,male,graduate,0,1,100.96,3,1,1,cbctgbhm,,,,,0
35,kuknbn0n,6a0ef8132835009f548bb8e9,0,12,12,pricing,FinalForProlific,2026-07-02 20:21:10.327787,1,,,107.54,35,,107.54,1,10,0,10,1,4,11687,19.2982240105404,15.3352032889933,8.30613918663683,0,sometimes,third_option,cash,30.0,20.0,2,1,3,1,2,15.0,2,33.0,more,less,false,29,male,some_college,0,1,105.79,3,1,1,cbctgbhm,,,,,0
36,pt910w8u,6a2152ea56c8adb0cedd64f1,0,12,12,pricing,FinalForProlific,2026-07-02 20:21:12.191045,1,,,101.75,36,,101.75,1,15,0,15,1,5,3851,-8.79848578409706,15.1098174886843,-18.5046274258981,1,sometimes,third_option,cash,0.0,0.0,5,1,5,1,5,-5.0,4,0.0,more,less,false,39,male,bachelor,1,1,100.0,3,1,1,cbctgbhm,,,,,0
37,5pyowzk0,69f122552aae63bfcbfdbdb9,0,12,12,pricing,FinalForProlific,2026-07-02 20:21:12.261077,1,,,103.68,37,,103.68,1,5,0,5,1,4,11687,19.2982240105404,15.3352032889933,8.30613918663683,0,sometimes,third_option,cash,10.0,12.0,2,0,4,1,4,20.0,3,20.0,more,less,false,42,female,graduate,0,1,101.93,3,1,1,cbctgbhm,,,,,0
38,uxrngzm5,69eaf9067478de545dcf76df,0,12,12,pricing,FinalForProlific,2026-07-02 20:21:12.489978,1,,,113.33,38,,113.33,1,10,0,10,0,4,11687,19.2982240105404,15.3352032889933,8.30613918663683,0,sometimes,third_option,cash,60.0,20.0,3,,,1,4,28.0,4,90.0,more,less,false,38,female,graduate,1,0,111.58,3,1,1,cbctgbhm,,,,,0
39,83lms4e4,69da974b5579c441348bd35d,0,12,12,pricing,FinalForProlific,2026-07-02 20:21:13.936964,1,,,114.41,39,,114.41,1,15,0,15,0,3,5385,16.8775714200622,14.5282644745692,7.35487993020429,1,sometimes,third_option,cash,75.0,15.0,2,,,0,2,20.0,2,75.0,more,less,false,54,male,bachelor,1,0,112.66,3,1,1,cbctgbhm,,,,,0
40,3cy9lmeu,69fc6cb2a1db60b9ac7f7dc7,0,12,12,pricing,FinalForProlific,2026-07-02 20:21:15.145710,1,,,95.23,40,,95.23,1,5,3,2,1,5,3851,-8.79848578409706,15.1098174886843,-18.5046274258981,1,sometimes,third_option,cash,40.0,-15.0,5,1,5,0,4,14.0,4,50.0,more,less,false,27,male,graduate,0,1,93.48,3,1,1,cbctgbhm,,,,,0
41,jt0zhba6,6a0500a382398e9f823857eb,0,12,12,pricing,FinalForProlific,2026-07-02 20:21:15.739064,1,,,107.65,41,,107.65,1,10,3,7,0,2,6,17.25651292143,15.6552619854883,-10.6145146455845,0,sometimes,third_option,cash,40.0,8.0,3,,,1,3,10.0,4,50.0,more,less,false,33,female,graduate,0,0,106.9,3,1,1,cbctgbhm,,,,,0
42,b2ek0cpy,5b2426bb8b566f0001ba4610,0,12,12,pricing,FinalForProlific,2026-07-02 20:21:15.980885,1,,,108.88,42,,108.88,1,15,3,12,1,3,5385,16.8775714200622,14.5282644745692,7.35487993020429,1,sometimes,third_option,cash,60.0,15.0,2,0,4,0,4,10.0,2,55.0,more,less,false,34,male,some_college,0,1,107.13,3,1,1,cbctgbhm,,,,,0
43,ghrflk9q,6a084928742bea092a160489,0,12,12,pricing,FinalForProlific,2026-07-02 20:21:16.384018,1,,,101.81,43,,101.81,1,10,6,4,1,3,5385,16.8775714200622,14.5282644745692,7.35487993020429,1,sometimes,third_option,cash,30.0,15.0,5,1,5,1,5,-5.0,4,20.0,more,less,false,33,male,bachelor,0,1,99.06,3,1,1,cbctgbhm,,,,,0
44,ubfhp6or,69ed420a203f5e485f985d41,0,12,12,pricing,FinalForProlific,2026-07-02 20:21:16.854404,1,,,108.69,44,,108.69,1,15,6,9,1,2,6,17.25651292143,15.6552619854883,-10.6145146455845,0,sometimes,third_option,cash,75.0,25.0,4,0,5,1,5,3.0,5,30.0,more,less,false,27,male,graduate,1,1,106.94,3,1,1,cbctgbhm,,,,,0
45,n84tja0d,69fa6b4f0e55888f5edc1c87,0,12,12,pricing,FinalForProlific,2026-07-02 20:21:19.297653,1,,,99.47,45,,99.47,1,15,9,6,1,4,11687,19.2982240105404,15.3352032889933,8.30613918663683,0,sometimes,third_option,cash,40.0,10.0,3,1,3,1,3,5.0,3,50.0,more,less,false,32,female,bachelor,1,1,98.72,3,1,1,cbctgbhm,,,,,0
46,sartowhu,6a3545c080442440acd59c43,0,12,12,pricing,FinalForProlific,2026-07-02 20:21:21.678577,1,,,106.93,46,,106.93,1,5,0,5,1,2,6,17.25651292143,15.6552619854883,-10.6145146455845,0,sometimes,third_option,cash,30.0,17.0,3,1,3,1,4,22.0,4,40.0,more,less,false,27,male,bachelor,0,1,105.18,3,1,1,cbctgbhm,,,,,0
47,3xhzxwg8,664003b962a847c71db3ebb0,0,12,12,pricing,FinalForProlific,2026-07-02 20:21:21.634381,1,,,104.2,47,,104.2,1,10,0,10,0,2,6,17.25651292143,15.6552619854883,-10.6145146455845,0,sometimes,third_option,cash,20.0,3.0,4,,,1,5,20.0,5,10.0,more,less,false,40,female,graduate,1,0,103.45,3,1,1,cbctgbhm,,,,,0
48,dv183zbf,69e286d5f563dc04d7ab2bfb,0,2,12,pricing,Instructions,2026-07-02 20:21:23.541831,1,,,0.0,48,,0.0,1,15,0,15,,5,3851,-8.79848578409706,15.1098174886843,-18.5046274258981,1,,,,,,,,,,,,,,,,,,,,,,,,1,1,cbctgbhm,,,,,0
49,5ertzxro,6a4561fbbb4344e0807eea7a,0,12,12,pricing,FinalForProlific,2026-07-02 20:21:24.925539,1,,,113.33,49,,113.33,1,5,0,5,1,4,11687,19.2982240105404,15.3352032889933,8.30613918663683,0,sometimes,third_option,cash,60.0,15.0,2,1,3,1,4,18.0,3,70.0,more,less,false,36,female,graduate,1,1,111.58,3,1,1,cbctgbhm,,,,,0
50,wqc6ltc5,5908ee77d4b33900015cb3f7,0,12,12,pricing,FinalForProlific,2026-07-02 20:21:25.633544,1,,,101.71,50,,101.71,1,10,0,10,1,4,11687,19.2982240105404,15.3352032889933,8.30613918663683,0,sometimes,third_option,cash,5.0,10.0,1,1,3,1,3,20.0,,20.0,more,less,false,53,female,graduate,0,1,100.96,3,1,1,cbctgbhm,,,,,0
51,271ucyil,6151556ef73ba765c7ff55f6,0,12,12,pricing,FinalForProlific,2026-07-02 20:21:26.240546,1,,,108.5,51,,108.5,1,15,0,15,1,4,11687,19.2982240105404,15.3352032889933,8.30613918663683,0,sometimes,third_option,cash,35.0,20.0,4,1,4,1,4,25.0,3,20.0,more,less,false,43,male,bachelor,0,1,106.75,3,1,1,cbctgbhm,,,,,0
52,wjjiy3pz,69f9e793e0c5c584bb28d1d2,0,2,12,pricing,Instructions,2026-07-02 20:21:26.716461,1,,,0.0,52,,0.0,1,5,3,2,,5,3851,-8.79848578409706,15.1098174886843,-18.5046274258981,1,,,,,,,,,,,,,,,,,,,,,,,,1,1,cbctgbhm,,,,,0
53,g3wha868,6a04b533f6bbe91eda4df62b,0,4,12,pricing,Practice,2026-07-02 20:21:28.529646,1,,,0.0,53,,0.0,1,10,3,7,,5,3851,-8.79848578409706,15.1098174886843,-18.5046274258981,1,sometimes,third_option,cash,,,,,,,,,,,,,,,,,,,,,1,1,cbctgbhm,,,,,0
54,fkpykepq,69ca95a790c1d1aed071d5a1,0,12,12,pricing,FinalForProlific,2026-07-02 20:21:28.896466,1,,,99.59,54,,99.59,1,15,3,12,1,3,5385,16.8775714200622,14.5282644745692,7.35487993020429,1,sometimes,third_option,cash,5.0,10.0,4,1,5,0,3,20.0,2,0.0,more,less,false,34,female,bachelor,0,1,97.84,3,1,1,cbctgbhm,,,,,0
55,ulwv9emi,6a101b8d242422dd138e3d90,0,12,12,pricing,FinalForProlific,2026-07-02 20:21:29.093037,1,,,94.31,55,,94.31,1,10,6,4,1,5,3851,-8.79848578409706,15.1098174886843,-18.5046274258981,1,sometimes,third_option,cash,5.0,5.0,3,0,4,1,3,8.0,4,15.0,more,less,false,34,female,graduate,1,1,93.56,3,1,1,cbctgbhm,,,,,0
56,sd775ilz,6a0d2e69f3668b298724c4eb,0,12,12,pricing,FinalForProlific,2026-07-02 20:21:29.608656,1,,,93.99,56,,93.99,1,15,6,9,1,5,3851,-8.79848578409706,15.1098174886843,-18.5046274258981,1,sometimes,third_option,cash,20.0,17.0,2,1,2,1,3,3.0,2,20.0,more,less,false,29,male,bachelor,1,1,92.24,3,1,1,cbctgbhm,,,,,0
57,b5zg7t8z,6a15dcd14c68c56fac0960da,0,12,12,pricing,FinalForProlific,2026-07-02 20:21:29.725074,1,,,99.27,57,,99.27,1,15,9,6,1,2,6,17.25651292143,15.6552619854883,-10.6145146455845,0,sometimes,third_option,cash,45.0,10.0,3,1,3,,3,30.0,3,45.0,more,less,dk,45,male,bachelor,0,1,98.77,2,1,1,cbctgbhm,,,,,0
58,dxjlty95,650867877da3f9be1d13231f,0,12,12,pricing,FinalForProlific,2026-07-02 20:21:30.551598,1,,,105.61,58,,105.61,1,5,0,5,1,4,11687,19.2982240105404,15.3352032889933,8.30613918663683,0,sometimes,third_option,cash,20.0,16.0,2,1,2,0,2,18.0,2,25.0,more,less,false,23,female,bachelor,0,1,103.86,3,1,1,cbctgbhm,,,,,0
59,t1n5k8yu,6a180989aa16af733f575829,0,12,12,pricing,FinalForProlific,2026-07-02 20:21:30.731084,1,,,111.19,59,,111.19,1,10,0,10,1,3,5385,16.8775714200622,14.5282644745692,7.35487993020429,1,sometimes,third_option,cash,50.0,20.0,4,1,4,1,3,25.0,4,50.0,more,less,false,39,female,bachelor,0,1,108.44,3,1,1,cbctgbhm,,,,,0
60,nnckxffc,6a03891d33cbafe6c47e1aad,0,2,12,pricing,Instructions,2026-07-02 20:21:31.681199,1,,,0.0,60,,0.0,1,15,0,15,,3,5385,16.8775714200622,14.5282644745692,7.35487993020429,1,,,,,,,,,,,,,,,,,,,,,,,,1,1,cbctgbhm,,,,,0
61,7let9uwo,62e94b3be07988f8f0f814ca,0,12,12,pricing,FinalForProlific,2026-07-02 20:21:33.833102,1,,,103.44,61,,103.44,1,5,0,5,0,3,5385,16.8775714200622,14.5282644745692,7.35487993020429,1,sometimes,third_option,cash,10.0,15.0,3,,,1,4,15.0,3,50.0,more,less,false,32,male,bachelor,0,0,101.69,3,1,1,cbctgbhm,,,,,0
62,3auniwde,6a11dc583c809ccf3e12767b,0,12,12,pricing,FinalForProlific,2026-07-02 20:21:34.385137,1,,,116.25,62,,116.25,1,10,0,10,1,3,5385,16.8775714200622,14.5282644745692,7.35487993020429,1,sometimes,third_option,cash,80.0,15.0,3,1,4,,4,25.0,3,100.0,more,less,false,29,male,bachelor,1,1,113.5,3,1,1,cbctgbhm,,,,,0
63,a7b7j6ii,66b0f7bcfcbb463cd46cb71f,0,12,12,pricing,FinalForProlific,2026-07-02 20:21:34.271150,1,,,110.4,63,,110.4,1,15,0,15,1,4,11687,19.2982240105404,15.3352032889933,8.30613918663683,0,sometimes,third_option,cash,50.0,10.0,3,1,3,1,3,10.0,3,50.0,more,less,false,48,female,bachelor,0,1,109.65,3,1,1,cbctgbhm,,,,,0
64,xlyl8fd5,698cd43e00065b637782cc79,0,12,12,pricing,FinalForProlific,2026-07-02 20:21:34.251742,1,,,99.89,64,,99.89,1,5,3,2,1,4,11687,19.2982240105404,15.3352032889933,8.30613918663683,0,sometimes,third_option,cash,2.0,20.0,3,0,4,0,4,10.0,3,50.0,exactly,less,false,49,female,graduate,1,1,97.39,2,1,1,cbctgbhm,,,,,0
65,sngmdblf,69f1cef04898374f3c779ab0,0,12,12,pricing,FinalForProlific,2026-07-02 20:21:34.869932,1,,,98.75,65,,98.75,1,10,3,7,1,5,3851,-8.79848578409706,15.1098174886843,-18.5046274258981,1,sometimes,third_option,cash,0.0,5.0,4,1,5,1,4,15.0,4,160.0,more,less,false,39,female,bachelor,1,1,97.0,3,1,1,cbctgbhm,,,,,0
66,wgr2s0lg,69895874e38aa0ccbeef08ad,0,3,12,pricing,ComprehensionQuiz,2026-07-02 20:21:35.051424,1,,,0.0,66,,0.0,1,15,3,12,,2,6,17.25651292143,15.6552619854883,-10.6145146455845,0,,,,,,,,,,,,,,,,,,,,,,,,1,1,cbctgbhm,,,,,0
67,kuqm8zu2,69ac96e9cf57af07fdd54227,0,12,12,pricing,FinalForProlific,2026-07-02 20:21:35.487455,1,,,110.97,67,,110.97,1,10,6,4,1,2,6,17.25651292143,15.6552619854883,-10.6145146455845,0,sometimes,third_option,cash,94.0,10.0,4,1,4,1,3,-10.0,,0.0,more,less,false,53,female,bachelor,0,1,110.22,3,1,1,cbctgbhm,,,,,0
68,yjj87czm,695ffc16f7f331eefb4713c5,0,12,12,pricing,FinalForProlific,2026-07-02 20:21:37.847851,1,,,100.72,68,,100.72,1,15,6,9,1,3,5385,16.8775714200622,14.5282644745692,7.35487993020429,1,sometimes,third_option,cash,25.0,20.0,1,1,3,1,3,22.0,1,5.0,more,less,dk,30,female,bachelor,0,1,98.22,2,1,1,cbctgbhm,,,,,0
69,0fptsr2j,699f4a37111ddfd9e4c5d11a,0,12,12,pricing,FinalForProlific,2026-07-02 20:21:39.327845,1,,,103.83,69,,103.83,1,15,9,6,1,2,6,17.25651292143,15.6552619854883,-10.6145146455845,0,sometimes,third_option,cash,70.0,11.0,4,1,4,1,4,12.0,3,70.0,more,less,false,45,male,bachelor,1,1,103.08,3,1,1,cbctgbhm,,,,,0
70,idxw9c5d,60a2286e51973ae842a306ea,0,12,12,pricing,FinalForProlific,2026-07-02 20:21:39.150949,1,,,119.01,70,,119.01,1,5,0,5,1,2,6,17.25651292143,15.6552619854883,-10.6145146455845,0,sometimes,third_option,cash,100.0,15.0,4,1,4,1,4,25.0,4,89.0,more,less,false,48,male,bachelor,0,1,117.26,3,1,1,cbctgbhm,,,,,0
71,xftk1a3s,67307f87eac0c3717c72d175,0,12,12,pricing,FinalForProlific,2026-07-02 20:21:41.212201,1,,,115.41,71,,115.41,1,10,0,10,1,3,5385,16.8775714200622,14.5282644745692,7.35487993020429,1,sometimes,third_option,cash,75.0,18.0,3,1,3,1,,12.0,3,2.0,more,less,false,35,male,bachelor,1,1,112.66,3,1,1,cbctgbhm,,,,,0
72,ucwwa5l3,6a1602689050cce832321f97,0,12,12,pricing,FinalForProlific,2026-07-02 20:21:41.403061,1,,,116.19,72,,116.19,1,15,0,15,1,4,11687,19.2982240105404,15.3352032889933,8.30613918663683,0,sometimes,third_option,cash,80.0,28.0,3,1,3,0,2,15.0,2,50.0,more,less,false,30,female,graduate,1,1,115.44,3,1,1,cbctgbhm,,,,,0
73,dlr84bmn,6609e31201eebc9f6a2de74b,0,12,12,pricing,FinalForProlific,2026-07-02 20:21:41.953699,1,,,102.48,73,,102.48,1,5,0,5,1,2,6,17.25651292143,15.6552619854883,-10.6145146455845,0,sometimes,third_option,cash,10.0,10.0,2,1,3,1,4,45.0,4,50.0,more,less,false,21,male,bachelor,1,1,101.73,3,1,1,cbctgbhm,,,,,0
74,x8wfhtlo,659c0682d109f8537a89fdd3,0,12,12,pricing,FinalForProlific,2026-07-02 20:21:42.012402,1,,,106.97,74,,106.97,1,10,0,10,1,3,5385,16.8775714200622,14.5282644745692,7.35487993020429,1,sometimes,third_option,cash,25.0,20.0,3,1,4,1,3,-4.0,3,0.0,more,less,false,24,male,bachelor,1,1,104.22,3,1,1,cbctgbhm,,,,,0
75,yufw2e6r,69ffc6f620b31c75a8c503cc,0,12,12,pricing,FinalForProlific,2026-07-02 20:21:42.209362,1,,,115.25,75,,115.25,1,15,0,15,1,3,5385,16.8775714200622,14.5282644745692,7.35487993020429,1,sometimes,third_option,cash,80.0,25.0,4,1,4,1,4,0.0,4,20.0,more,less,false,29,male,bachelor,1,1,113.5,3,1,1,cbctgbhm,,,,,0
76,348tf35r,69e50de52946eb470117d257,0,12,12,pricing,FinalForProlific,2026-07-02 20:21:43.011316,1,,,97.75,76,,97.75,1,5,3,2,1,2,6,17.25651292143,15.6552619854883,-10.6145146455845,0,sometimes,third_option,cash,0.0,-10.0,2,1,4,1,4,-5.0,4,0.0,more,less,false,36,male,bachelor,0,1,97.0,3,1,1,cbctgbhm,,,,,0
77,7vn5xywq,6a1d4bf511b4b7265338d0be,0,12,12,pricing,FinalForProlific,2026-07-02 20:21:44.927540,1,,,103.36,77,,103.36,1,10,3,7,1,4,11687,19.2982240105404,15.3352032889933,8.30613918663683,0,sometimes,third_option,cash,20.0,15.0,3,0,4,1,4,30.0,4,50.0,less,less,false,20,male,some_college,0,1,100.86,2,1,1,cbctgbhm,,,,,0
78,i4xj11ku,6a11f89f62d2ed5f3cc85945,0,12,12,pricing,FinalForProlific,2026-07-02 20:21:45.785497,1,,,109.38,78,,109.38,1,15,3,12,0,2,6,17.25651292143,15.6552619854883,-10.6145146455845,0,sometimes,third_option,cash,50.0,30.0,2,,,1,2,12.0,1,0.0,more,less,false,20,male,some_college,0,0,108.63,3,1,1,cbctgbhm,,,,,0
79,mpd3u7mq,6a0f77b1cd2695c45e1d0c12,0,12,12,pricing,FinalForProlific,2026-07-02 20:21:46.050324,1,,,92.11,79,,92.11,1,10,6,4,1,5,3851,-8.79848578409706,15.1098174886843,-18.5046274258981,1,sometimes,third_option,cash,30.0,30.0,2,0,2,1,2,15.0,3,20.0,more,less,false,46,female,some_college,0,1,91.36,3,1,1,cbctgbhm,,,,,0
80,zkgv5w35,6a1de38369e39c20d2793963,0,12,12,pricing,FinalForProlific,2026-07-02 20:21:46.396016,1,,,95.75,80,,95.75,1,15,6,9,1,2,6,17.25651292143,15.6552619854883,-10.6145146455845,0,sometimes,third_option,cash,0.0,15.0,5,1,5,1,3,-5.0,,0.0,more,less,false,22,male,some_college,0,1,94.0,3,1,1,cbctgbhm,,,,,0
81,di3j8cr3,69d481835beb05c1208e60ad,0,12,12,pricing,FinalForProlific,2026-07-02 20:21:47.292037,1,,,117.32,81,,117.32,1,15,9,6,0,2,6,17.25651292143,15.6552619854883,-10.6145146455845,0,sometimes,third_option,cash,96.0,8.0,4,,,0,3,37.0,4,68.0,more,less,false,41,female,graduate,1,0,116.57,3,1,1,cbctgbhm,,,,,0
82,t0oak1oy,6a043fa78b732c28189b7498,0,3,12,pricing,ComprehensionQuiz,2026-07-02 20:21:47.128209,1,,,0.0,82,,0.0,1,5,0,5,,3,5385,16.8775714200622,14.5282644745692,7.35487993020429,1,,,,,,,,,,,,,,,,,,,,,,,,1,1,cbctgbhm,,,,,0
83,zcddontx,57f08d467f43070001c3a606,0,12,12,pricing,FinalForProlific,2026-07-02 20:21:47.594545,1,,,117.1,83,,117.1,1,10,0,10,1,3,5385,16.8775714200622,14.5282644745692,7.35487993020429,1,sometimes,third_option,cash,85.0,18.0,3,1,4,1,4,24.0,3,90.0,more,less,false,43,male,graduate,0,1,114.35,3,1,1,cbctgbhm,,,,,0
84,ajtg9lty,69887fb9f7141b9545c84497,0,12,12,pricing,FinalForProlific,2026-07-02 20:21:48.050290,1,,,113.83,84,,113.83,1,15,0,15,1,2,6,17.25651292143,15.6552619854883,-10.6145146455845,0,sometimes,third_option,cash,70.0,16.0,4,1,3,1,3,15.0,3,60.0,more,less,false,70,male,graduate,0,1,112.08,3,1,1,cbctgbhm,,,,,0
85,ccqyahvy,699b7f9a312265478249af42,0,12,12,pricing,FinalForProlific,2026-07-02 20:21:48.813577,1,,,91.95,85,,91.95,1,5,0,5,1,5,3851,-8.79848578409706,15.1098174886843,-18.5046274258981,1,sometimes,third_option,cash,100.0,10.0,3,0,5,,5,15.0,4,100.0,more,less,false,27,female,bachelor,0,1,91.2,3,1,1,cbctgbhm,,,,,0
86,kk7mqksf,69f5f249e367743b60390700,0,12,12,pricing,FinalForProlific,2026-07-02 20:21:49.254830,1,,,115.26,86,,115.26,1,10,0,10,1,4,11687,19.2982240105404,15.3352032889933,8.30613918663683,0,sometimes,third_option,cash,70.0,22.0,4,1,4,0,3,18.0,3,50.0,more,less,false,23,male,bachelor,1,1,113.51,3,1,1,cbctgbhm,,,,,0
87,g1ez8a0y,6a0f4a69f9ccf5a7b2a53a31,0,12,12,pricing,FinalForProlific,2026-07-02 20:21:49.283918,1,,,114.56,87,,114.56,1,15,0,15,1,2,6,17.25651292143,15.6552619854883,-10.6145146455845,0,sometimes,third_option,cash,80.0,5.0,3,1,4,1,3,20.0,4,60.0,more,less,false,20,female,some_college,1,1,113.81,3,1,1,cbctgbhm,,,,,0
88,5gk5vveb,63ced2ac873e8ce2bfbd9f0f,0,12,12,pricing,FinalForProlific,2026-07-02 20:21:49.652381,1,,,107.4,88,,107.4,1,5,3,2,1,4,11687,19.2982240105404,15.3352032889933,8.30613918663683,0,sometimes,third_option,cash,50.0,7.0,3,1,4,1,4,-5.0,4,0.0,more,less,false,39,male,bachelor,0,1,106.65,3,1,1,cbctgbhm,,,,,0
89,qyu99c5g,6a258a7d6e0347f651e254b9,0,12,12,pricing,FinalForProlific,2026-07-02 20:21:49.740822,1,,,115.87,89,,115.87,1,10,3,7,1,3,5385,16.8775714200622,14.5282644745692,7.35487993020429,1,sometimes,third_option,cash,97.0,15.0,3,1,5,0,2,25.0,2,100.0,more,more,false,40,male,bachelor,0,1,113.37,2,1,1,cbctgbhm,,,,,0
90,xxyp19no,566a19b57da035000fb39b89,0,12,12,pricing,FinalForProlific,2026-07-02 20:21:49.756986,1,,,107.5,90,,107.5,1,15,3,12,0,3,5385,16.8775714200622,14.5282644745692,7.35487993020429,1,sometimes,third_option,cash,40.0,3.2,1,,,1,1,-2.4,1,25.0,more,less,false,38,male,bachelor,1,0,106.75,3,1,1,cbctgbhm,,,,,0
91,4qy9jb68,6a1ad8acb7aacb2934685f0f,0,12,12,pricing,FinalForProlific,2026-07-02 20:21:49.977882,1,,,99.13,91,,99.13,1,10,6,4,1,3,5385,16.8775714200622,14.5282644745692,7.35487993020429,1,sometimes,third_option,cash,20.0,10.0,4,1,5,1,3,25.0,3,100.0,more,less,false,20,male,some_college,0,1,97.38,3,1,1,cbctgbhm,,,,,0
92,4q2d6etp,69ed80361ac67e060ad6e85e,0,12,12,pricing,FinalForProlific,2026-07-02 20:21:50.247442,1,,,105.1,92,,105.1,1,15,6,9,1,2,6,17.25651292143,15.6552619854883,-10.6145146455845,0,sometimes,third_option,cash,60.0,8.0,3,1,4,1,4,18.0,,70.0,more,less,false,40,male,bachelor,1,1,104.35,3,1,1,cbctgbhm,,,,,0
93,fff8uhec,6109eb08329f8084a5d35d03,0,12,12,pricing,FinalForProlific,2026-07-02 20:21:51.371020,1,,,106.93,93,,106.93,1,15,9,6,0,2,6,17.25651292143,15.6552619854883,-10.6145146455845,0,sometimes,third_option,cash,30.0,20.0,2,,,0,3,15.0,4,20.0,more,less,false,26,female,highschool,0,0,105.18,3,1,1,cbctgbhm,,,,,0
94,9y7orpx4,6a0677f5c189bdfa3dd7d1b3,0,12,12,pricing,FinalForProlific,2026-07-02 20:21:51.437670,1,,,100.31,94,,100.31,1,5,0,5,0,5,3851,-8.79848578409706,15.1098174886843,-18.5046274258981,1,sometimes,third_option,cash,5.0,20.0,3,,,1,3,-5.0,4,10.0,more,less,false,36,male,some_college,0,0,99.56,3,1,1,cbctgbhm,,,,,0
95,24him4bl,69aaf573d86186ca19a2fa16,0,12,12,pricing,FinalForProlific,2026-07-02 20:21:51.860948,1,,,97.35,95,,97.35,1,10,0,10,1,5,3851,-8.79848578409706,15.1098174886843,-18.5046274258981,1,sometimes,third_option,cash,50.0,20.0,4,1,4,0,3,15.0,2,0.0,more,less,false,30,male,bachelor,0,1,95.6,3,1,1,cbctgbhm,,,,,0
96,d7kmf5d4,6a2326ce6854d87c39560626,0,12,12,pricing,FinalForProlific,2026-07-02 20:21:52.186890,1,,,111.15,96,,111.15,1,15,0,15,1,4,11687,19.2982240105404,15.3352032889933,8.30613918663683,0,sometimes,third_option,cash,50.0,5.0,3,0,4,1,4,17.0,,20.0,more,less,dk,37,male,graduate,0,1,109.65,2,1,1,cbctgbhm,,,,,0
97,gwmr20ji,697d1aa75e4c8815242454f1,0,12,12,pricing,FinalForProlific,2026-07-02 20:21:52.552131,1,,,118.63,97,,118.63,1,5,0,5,1,3,5385,16.8775714200622,14.5282644745692,7.35487993020429,1,sometimes,third_option,cash,100.0,30.0,5,1,5,1,,10.0,5,80.0,more,less,false,35,female,bachelor,0,1,116.88,3,1,1,cbctgbhm,,,,,0
98,dt7z6i59,58bfee7de5869400018f5e9e,0,12,12,pricing,FinalForProlific,2026-07-02 20:21:52.763175,1,,,96.03,98,,96.03,1,10,0,10,1,5,3851,-8.79848578409706,15.1098174886843,-18.5046274258981,1,sometimes,third_option,cash,65.0,20.0,4,1,4,1,4,22.0,4,60.0,more,less,false,39,male,bachelor,0,1,94.28,3,1,1,cbctgbhm,,,,,0
99,2zd8pnbt,5f1122d775206730d77b60af,0,12,12,pricing,FinalForProlific,2026-07-02 20:21:52.836501,1,,,110.19,99,,110.19,1,15,0,15,1,3,5385,16.8775714200622,14.5282644745692,7.35487993020429,1,sometimes,third_option,cash,50.0,3.0,4,1,5,1,4,5.0,1,20.0,more,less,false,40,male,some_college,0,1,108.44,3,1,1,cbctgbhm,,,,,0
100,etst1lye,56ca3e3237d66c000c59a891,0,12,12,pricing,FinalForProlific,2026-07-02 20:21:53.580627,1,,,105.2,100,,105.2,1,5,3,2,0,2,6,17.25651292143,15.6552619854883,-10.6145146455845,0,sometimes,third_option,cash,20.0,15.0,2,,,0,2,18.0,2,2.0,more,less,false,46,male,bachelor,1,0,103.45,3,1,1,cbctgbhm,,,,,0
101,ifm6lcbz,662fd031c601697b79d63114,0,12,12,pricing,FinalForProlific,2026-07-02 20:21:54.180094,1,,,95.47,101,,95.47,1,10,3,7,0,5,3851,-8.79848578409706,15.1098174886843,-18.5046274258981,1,sometimes,third_option,cash,60.0,15.0,3,,,0,5,20.0,4,70.0,more,less,false,22,male,bachelor,0,0,94.72,3,1,1,cbctgbhm,,,,,0
102,34aij1f5,69bec9e450f5409fa80db94a,0,2,12,pricing,Instructions,2026-07-02 20:21:54.742896,1,,,0.0,102,,0.0,1,15,3,12,,4,11687,19.2982240105404,15.3352032889933,8.30613918663683,0,,,,,,,,,,,,,,,,,,,,,,,,1,1,cbctgbhm,,,,,0
103,y56lswkd,637e3bedd8c3601a81a65889,0,12,12,pricing,FinalForProlific,2026-07-02 20:21:55.569801,1,,,108.5,103,,108.5,1,10,6,4,0,3,5385,16.8775714200622,14.5282644745692,7.35487993020429,1,sometimes,third_option,cash,40.0,19.0,2,,,0,2,15.0,2,200.0,more,less,false,55,male,bachelor,0,0,106.75,3,1,1,cbctgbhm,,,,,0
104,jjbit70w,69ff927ac8072cb33ce2b0da,0,12,12,pricing,FinalForProlific,2026-07-02 20:21:55.759396,1,,,99.06,104,,99.06,1,15,6,9,1,2,6,17.25651292143,15.6552619854883,-10.6145146455845,0,sometimes,third_option,cash,25.0,4.0,3,1,4,1,4,1.0,3,10.0,more,less,false,23,male,graduate,0,1,98.31,3,1,1,cbctgbhm,,,,,0
105,cvexd4pu,63f6f02fe8066bd918051664,0,12,12,pricing,FinalForProlific,2026-07-02 20:21:56.544468,1,,,96.35,105,,96.35,1,15,9,6,0,5,3851,-8.79848578409706,15.1098174886843,-18.5046274258981,1,sometimes,third_option,cash,50.0,10.0,3,,,1,3,25.0,4,50.0,more,less,false,31,female,bachelor,0,0,95.6,3,1,1,cbctgbhm,,,,,0
106,m6rle2ro,654e3926a9f47dd3e0bd5471,0,12,12,pricing,FinalForProlific,2026-07-02 20:21:56.869567,1,,,101.75,106,,101.75,1,5,0,5,1,5,3851,-8.79848578409706,15.1098174886843,-18.5046274258981,1,sometimes,third_option,cash,0.0,-15.0,3,1,3,1,3,17.0,3,20.0,more,less,false,35,male,graduate,1,1,100.0,3,1,1,cbctgbhm,,,,,0
107,g8k43g8g,6a00b4ed3cd71b1ae582fbdf,0,4,12,pricing,Practice,2026-07-02 20:21:57.573386,1,,,0.0,107,,0.0,1,10,0,10,,5,3851,-8.79848578409706,15.1098174886843,-18.5046274258981,1,sometimes,third_option,cash,,,,,,,,,,,,,,,,,,,,,1,1,cbctgbhm,,,,,0
108,u6y2p5pv,69addf9be216ca97500a2d53,0,12,12,pricing,FinalForProlific,2026-07-02 20:21:58.539476,1,,,105.81,108,,105.81,1,15,0,15,0,3,5385,16.8775714200622,14.5282644745692,7.35487993020429,1,sometimes,third_option,cash,30.0,25.0,4,,,0,4,4.0,3,20.0,more,less,false,22,female,bachelor,0,0,105.06,3,1,1,cbctgbhm,,,,,0
109,m93r9llj,6a21eae4e7b372b3b41cc914,0,12,12,pricing,FinalForProlific,2026-07-02 20:21:59.164740,1,,,97.35,109,,97.35,1,5,0,5,1,5,3851,-8.79848578409706,15.1098174886843,-18.5046274258981,1,sometimes,third_option,cash,50.0,5.0,4,1,5,1,4,15.0,4,80.0,more,less,false,26,male,bachelor,1,1,95.6,3,1,1,cbctgbhm,,,,,0
110,f871lebx,616cf6f2576b89d81101bfe4,0,12,12,pricing,FinalForProlific,2026-07-02 20:21:59.429371,1,,,102.68,110,,102.68,1,10,0,10,0,4,11687,19.2982240105404,15.3352032889933,8.30613918663683,0,sometimes,third_option,cash,10.0,-5.0,3,,,,3,5.0,,100.0,more,less,false,30,male,some_college,1,0,101.93,3,1,1,cbctgbhm,,,,,0
111,4ytpkauo,607ca741fd54ce0bd3846328,0,12,12,pricing,FinalForProlific,2026-07-02 20:21:59.640818,1,,,102.68,111,,102.68,1,15,0,15,0,4,11687,19.2982240105404,15.3352032889933,8.30613918663683,0,sometimes,third_option,cash,10.0,-10.0,2,,,1,3,15.0,,20.0,more,less,false,33,female,bachelor,0,0,101.93,3,1,1,cbctgbhm,,,,,0
112,tabtrmjn,69c3272a73c8676aa3154115,0,12,12,pricing,FinalForProlific,2026-07-02 20:22:00.191492,1,,,91.46,112,,91.46,1,5,3,2,1,5,3851,-8.79848578409706,15.1098174886843,-18.5046274258981,1,sometimes,third_option,cash,80.0,30.0,5,1,5,1,5,30.0,5,70.0,more,less,true,26,male,bachelor,1,1,89.96,2,1,1,cbctgbhm,,,,,0
113,iphzio0w,6a0ef6737a27cd02d53c8175,0,3,12,pricing,ComprehensionQuiz,2026-07-02 20:22:00.222074,1,,,0.0,113,,0.0,1,10,3,7,,3,5385,16.8775714200622,14.5282644745692,7.35487993020429,1,,,,,,,,,,,,,,,,,,,,,,,,1,1,cbctgbhm,,,,,0
114,1qy556ki,696e46a86969ef2d97ba2031,0,12,12,pricing,FinalForProlific,2026-07-02 20:22:00.573488,1,,,102.93,114,,102.93,1,15,3,12,1,2,6,17.25651292143,15.6552619854883,-10.6145146455845,0,sometimes,third_option,cash,30.0,10.0,5,1,4,1,4,26.0,4,80.0,more,less,false,27,female,bachelor,1,1,102.18,3,1,1,cbctgbhm,,,,,0
115,qs818v4l,6a05c37ffa65471def84e817,0,12,12,pricing,FinalForProlific,2026-07-02 20:22:00.716424,1,,,110.93,115,,110.93,1,10,6,4,1,3,5385,16.8775714200622,14.5282644745692,7.35487993020429,1,sometimes,third_option,cash,84.0,15.0,5,1,5,1,5,10.0,5,50.0,more,less,false,37,male,graduate,0,1,108.18,3,1,1,cbctgbhm,,,,,0
116,cch35zmm,69c43feab93da7d8bd38f597,0,3,12,pricing,ComprehensionQuiz,2026-07-02 20:22:01.141079,1,,,0.0,116,,0.0,1,15,6,9,,5,3851,-8.79848578409706,15.1098174886843,-18.5046274258981,1,,,,,,,,,,,,,,,,,,,,,,,,1,1,cbctgbhm,,,,,0
117,alw182f0,69e9a87e69ca00fbcf59178e,0,4,12,pricing,Practice,2026-07-02 20:22:00.881442,1,,,0.0,117,,0.0,1,15,9,6,,4,11687,19.2982240105404,15.3352032889933,8.30613918663683,0,sometimes,third_option,cash,,,,,,,,,,,,,,,,,,,,,1,1,cbctgbhm,,,,,0
118,b91f63dm,69f3b6fec7c01b3f3e05ab91,0,12,12,pricing,FinalForProlific,2026-07-02 20:22:01.248676,1,,,111.19,118,,111.19,1,5,0,5,1,3,5385,16.8775714200622,14.5282644745692,7.35487993020429,1,sometimes,third_option,cash,50.0,15.0,4,1,4,1,4,25.0,4,50.0,more,less,false,65,female,bachelor,0,1,108.44,3,1,1,cbctgbhm,,,,,0
119,bq2akeyk,6a208ba6361624243018660b,0,12,12,pricing,FinalForProlific,2026-07-02 20:22:01.900083,1,,,110.15,119,,110.15,1,10,0,10,1,4,11687,19.2982240105404,15.3352032889933,8.30613918663683,0,sometimes,third_option,cash,50.0,12.0,3,1,3,1,2,-3.0,3,0.0,more,more,false,36,male,highschool,0,1,109.65,2,1,1,cbctgbhm,,,,,0
120,yt9xyow0,5fbf90f025a567296d943c7e,0,12,12,pricing,FinalForProlific,2026-07-02 20:22:02.534553,1,,,118.01,120,,118.01,1,15,0,15,0,2,6,17.25651292143,15.6552619854883,-10.6145146455845,0,sometimes,third_option,cash,100.0,10.0,3,,,1,4,1.0,3,100.0,more,less,false,43,male,bachelor,0,0,117.26,3,1,1,cbctgbhm,,,,,0
121,imb2ursw,6a088e7440d1e9c6b2686a19,0,12,12,pricing,FinalForProlific,2026-07-02 20:22:03.271543,1,,,110.94,121,,110.94,1,5,0,5,1,3,5385,16.8775714200622,14.5282644745692,7.35487993020429,1,sometimes,third_option,cash,50.0,15.0,3,1,3,1,3,20.0,3,50.0,more,more,false,30,male,bachelor,0,1,108.44,2,1,1,cbctgbhm,,,,,0
122,ubtsa10z,668586ed7dfc30f7480c57af,0,12,12,pricing,FinalForProlific,2026-07-02 20:22:03.396596,1,,,91.95,122,,91.95,1,10,0,10,0,5,3851,-8.79848578409706,15.1098174886843,-18.5046274258981,1,sometimes,third_option,cash,100.0,5.0,2,,,1,4,10.0,3,100.0,more,less,false,35,male,highschool,0,0,91.2,3,1,1,cbctgbhm,,,,,0
123,u8jpngry,6a01836a5b9dd1d277f9bb9b,0,12,12,pricing,FinalForProlific,2026-07-02 20:22:03.682218,1,,,109.5,123,,109.5,1,15,0,15,1,4,11687,19.2982240105404,15.3352032889933,8.30613918663683,0,sometimes,third_option,cash,35.0,15.0,4,0,4,1,2,20.0,3,20.0,more,less,false,46,male,some_college,0,1,106.75,3,1,1,cbctgbhm,,,,,0
124,eqq15cll,69f0facfb34205fe685cfb63,0,12,12,pricing,FinalForProlific,2026-07-02 20:22:05.661094,1,,,100.34,124,,100.34,1,5,3,2,1,2,6,17.25651292143,15.6552619854883,-10.6145146455845,0,sometimes,third_option,cash,15.0,25.0,4,1,2,0,1,30.0,3,25.0,more,less,false,26,male,bachelor,0,1,99.59,3,1,1,cbctgbhm,,,,,0
125,h6wcbc01,6a11e96e121c58edac86d8ae,0,12,12,pricing,FinalForProlific,2026-07-02 20:22:05.959405,1,,,98.87,125,,98.87,1,10,3,7,1,5,3851,-8.79848578409706,15.1098174886843,-18.5046274258981,1,sometimes,third_option,cash,10.0,-9.0,4,1,4,1,3,40.0,4,45.0,more,less,false,31,male,bachelor,1,1,96.12,3,1,1,cbctgbhm,,,,,0
126,yvxsp9xo,6a01a8e1bf13461cf466e130,0,12,12,pricing,FinalForProlific,2026-07-02 20:22:06.740196,1,,,101.2,126,,101.2,1,15,3,12,1,2,6,17.25651292143,15.6552619854883,-10.6145146455845,0,sometimes,third_option,cash,20.0,10.0,4,1,3,1,4,10.0,3,30.0,more,less,false,57,male,graduate,0,1,100.45,3,1,1,cbctgbhm,,,,,0
127,e3iv0s50,69baa27614b2c61d994a5fcc,0,12,12,pricing,FinalForProlific,2026-07-02 20:22:07.710257,1,,,104.13,127,,104.13,1,10,6,4,0,3,5385,16.8775714200622,14.5282644745692,7.35487993020429,1,sometimes,third_option,cash,20.0,4.0,2,,,0,3,2.0,3,10.0,more,less,false,47,male,graduate,1,0,103.38,3,1,1,cbctgbhm,,,,,0
128,azyfhfdz,6a240ec290b04eee3edfa5e8,0,12,12,pricing,FinalForProlific,2026-07-02 20:22:07.891472,1,,,103.5,128,,103.5,1,15,6,9,1,3,5385,16.8775714200622,14.5282644745692,7.35487993020429,1,sometimes,third_option,cash,40.0,17.0,4,1,4,1,3,27.0,4,50.0,more,less,false,48,male,graduate,0,1,100.75,3,1,1,cbctgbhm,,,,,0
129,j6m9yeed,,0,1,12,pricing,Consent,2026-07-02 20:22:10.015947,1,,,0.0,129,,0.0,,15,9,6,,2,6,17.25651292143,15.6552619854883,-10.6145146455845,0,,,,,,,,,,,,,,,,,,,,,,,,1,1,cbctgbhm,,,,,0
130,4tx2uh10,69cc50b7d8b69400a3cc5e0f,0,3,12,pricing,ComprehensionQuiz,2026-07-02 20:22:09.533974,1,,,0.0,130,,0.0,1,5,0,5,,4,11687,19.2982240105404,15.3352032889933,8.30613918663683,0,,,,,,,,,,,,,,,,,,,,,,,,1,1,cbctgbhm,,,,,0
131,9dl0dq4p,69da8c5734ba606b7cc6311c,0,12,12,pricing,FinalForProlific,2026-07-02 20:22:10.156179,1,,,118.38,131,,118.38,1,10,0,10,1,3,5385,16.8775714200622,14.5282644745692,7.35487993020429,1,sometimes,third_option,cash,100.0,50.0,4,1,4,1,3,45.0,3,45.0,exactly,less,false,52,male,highschool,0,1,116.88,2,1,1,cbctgbhm,,,,,0
132,apdb2hm6,6a1efb874a0367053a5fa11f,0,12,12,pricing,FinalForProlific,2026-07-02 20:22:10.836958,1,,,96.73,132,,96.73,1,15,0,15,1,5,3851,-8.79848578409706,15.1098174886843,-18.5046274258981,1,sometimes,third_option,cash,40.0,40.0,5,0,4,1,4,50.0,4,50.0,more,more,true,31,male,bachelor,1,1,96.48,1,1,1,cbctgbhm,,,,,0
133,fe5u2uuh,5a2175a6c3e60a0001780c63,0,12,12,pricing,FinalForProlific,2026-07-02 20:22:11.446504,1,,,98.11,133,,98.11,1,5,0,5,1,5,3851,-8.79848578409706,15.1098174886843,-18.5046274258981,1,sometimes,third_option,cash,30.0,15.0,2,0,4,0,3,15.0,2,25.0,more,less,false,33,male,bachelor,0,1,97.36,3,1,1,cbctgbhm,,,,,0
134,vq6hlm28,69f0cbf0be525433d7e504b9,0,12,12,pricing,FinalForProlific,2026-07-02 20:22:12.118384,1,,,105.2,134,,105.2,1,10,0,10,1,2,6,17.25651292143,15.6552619854883,-10.6145146455845,0,sometimes,third_option,cash,20.0,30.0,2,0,2,0,4,20.0,1,10.0,more,less,false,36,female,graduate,0,1,103.45,3,1,1,cbctgbhm,,,,,0
135,98rmtxbs,5d31bb8d67f7280001cd1159,0,12,12,pricing,FinalForProlific,2026-07-02 20:22:12.581500,1,,,111.38,135,,111.38,1,15,0,15,1,2,6,17.25651292143,15.6552619854883,-10.6145146455845,0,sometimes,third_option,cash,50.0,20.0,3,0,3,1,4,10.0,3,0.0,more,less,false,39,female,bachelor,0,1,108.63,3,1,1,cbctgbhm,,,,,0
136,qj9ejm54,6a29385457b72b27f1c09694,0,12,12,pricing,FinalForProlific,2026-07-02 20:22:12.959869,1,,,107.94,136,,107.94,1,5,3,2,1,3,5385,16.8775714200622,14.5282644745692,7.35487993020429,1,sometimes,third_option,cash,50.0,20.0,5,1,3,1,5,10.0,3,50.0,more,more,false,23,female,bachelor,0,1,105.44,2,1,1,cbctgbhm,,,,,0
137,c7a9k7yg,66e42249ff3f1be588b9bf04,0,12,12,pricing,FinalForProlific,2026-07-02 20:22:13.544650,1,,,95.23,137,,95.23,1,10,3,7,1,5,3851,-8.79848578409706,15.1098174886843,-18.5046274258981,1,sometimes,third_option,cash,40.0,12.0,3,1,3,0,4,-12.0,1,10.0,more,less,false,63,male,bachelor,0,1,93.48,3,1,1,cbctgbhm,,,,,0
138,whvoah4h,5b7bc048338a93000155167e,0,2,12,pricing,Instructions,2026-07-02 20:22:13.797729,1,,,0.0,138,,0.0,1,15,3,12,,4,11687,19.2982240105404,15.3352032889933,8.30613918663683,0,,,,,,,,,,,,,,,,,,,,,,,,1,1,cbctgbhm,,,,,0
139,fyhqq3sv,6a1c22ac307c89dd3e6eabfc,0,12,12,pricing,FinalForProlific,2026-07-02 20:22:16.085530,1,,,104.97,139,,104.97,1,10,6,4,0,3,5385,16.8775714200622,14.5282644745692,7.35487993020429,1,sometimes,third_option,cash,25.0,10.0,3,,,1,3,10.0,,20.0,more,less,false,20,male,some_college,0,0,104.22,3,1,1,cbctgbhm,,,,,0
140,zdrhv0km,6a1541afe4e83b6132b93ed8,0,12,12,pricing,FinalForProlific,2026-07-02 20:22:17.556726,1,,,109.41,140,,109.41,1,15,6,9,1,3,5385,16.8775714200622,14.5282644745692,7.35487993020429,1,sometimes,third_option,cash,75.0,16.0,3,1,4,1,3,14.0,3,70.0,more,less,false,36,male,graduate,1,1,106.66,3,1,1,cbctgbhm,,,,,0
141,fgw03yq6,614dd9c7fe3afb375e947a27,0,12,12,pricing,FinalForProlific,2026-07-02 20:22:18.403460,1,,,105.57,141,,105.57,1,15,9,6,0,4,11687,19.2982240105404,15.3352032889933,8.30613918663683,0,sometimes,third_option,cash,25.0,10.0,3,,,1,4,10.0,3,30.0,more,less,false,32,female,graduate,0,0,104.82,3,1,1,cbctgbhm,,,,,0
142,pcj02eds,674b8d22f0b8762b40a36278,0,12,12,pricing,FinalForProlific,2026-07-02 20:22:18.643926,1,,,97.61,142,,97.61,1,5,0,5,1,5,3851,-8.79848578409706,15.1098174886843,-18.5046274258981,1,sometimes,third_option,cash,30.0,10.0,2,0,3,1,3,30.0,3,100.0,more,more,dk,25,female,bachelor,0,1,97.36,1,1,1,cbctgbhm,,,,,0
143,juq8424u,6a16ce3667d00e038d3d2167,0,12,12,pricing,FinalForProlific,2026-07-02 20:22:19.378847,1,,,109.5,143,,109.5,1,10,0,10,1,3,5385,16.8775714200622,14.5282644745692,7.35487993020429,1,sometimes,third_option,cash,40.0,21.0,4,1,5,1,3,12.0,5,60.0,more,less,false,28,male,graduate,0,1,106.75,3,1,1,cbctgbhm,,,,,0
144,6s6fjun9,65dd39a3a41d2ed79a980537,0,12,12,pricing,FinalForProlific,2026-07-02 20:22:19.403718,1,,,107.65,144,,107.65,1,15,0,15,0,2,6,17.25651292143,15.6552619854883,-10.6145146455845,0,sometimes,third_option,cash,40.0,10.0,2,,,0,4,30.0,2,40.0,more,less,false,44,male,bachelor,0,0,106.9,3,1,1,cbctgbhm,,,,,0
145,7seyalmb,69ff3750d7ab3e31e2098bdd,0,12,12,pricing,FinalForProlific,2026-07-02 20:22:20.603748,1,,,119.63,145,,119.63,1,5,0,5,1,3,5385,16.8775714200622,14.5282644745692,7.35487993020429,1,sometimes,third_option,cash,100.0,20.0,3,1,3,1,3,-1.0,3,50.0,more,less,false,32,male,bachelor,0,1,116.88,3,1,1,cbctgbhm,,,,,0
146,xvccu8m7,699f801368dd0751386fb1a7,0,12,12,pricing,FinalForProlific,2026-07-02 20:22:20.899408,1,,,93.83,146,,93.83,1,10,0,10,1,5,3851,-8.79848578409706,15.1098174886843,-18.5046274258981,1,sometimes,third_option,cash,90.0,18.0,4,1,4,0,5,17.0,4,80.0,more,less,false,31,male,bachelor,1,1,92.08,3,1,1,cbctgbhm,,,,,0
147,zplu0a28,69d4658829219da9607fcf49,0,12,12,pricing,FinalForProlific,2026-07-02 20:22:21.161208,1,,,104.13,147,,104.13,1,15,0,15,1,3,5385,16.8775714200622,14.5282644745692,7.35487993020429,1,sometimes,third_option,cash,20.0,10.0,3,0,3,1,4,-5.0,3,0.0,more,less,false,24,female,bachelor,0,1,103.38,3,1,1,cbctgbhm,,,,,0
148,jwend8bc,6053e01a6a8e8516ba7d47a7,0,12,12,pricing,FinalForProlific,2026-07-02 20:22:21.454241,1,,,97.87,148,,97.87,1,5,3,2,1,5,3851,-8.79848578409706,15.1098174886843,-18.5046274258981,1,sometimes,third_option,cash,10.0,1.0,3,1,4,1,4,11.0,2,40.0,more,less,false,59,male,bachelor,0,1,96.12,3,1,1,cbctgbhm,,,,,0
149,jng94to2,6a0dcfa2952820761016b669,0,12,12,pricing,FinalForProlific,2026-07-02 20:22:23.522083,1,,,90.22,149,,90.22,1,10,3,7,1,5,3851,-8.79848578409706,15.1098174886843,-18.5046274258981,1,sometimes,third_option,cash,97.0,3.0,3,1,3,1,,2.0,3,50.0,more,less,false,29,male,highschool,1,1,88.47,3,1,1,cbctgbhm,,,,,0
150,rdgrgymj,6a06ffdfba5ebd8e537a426b,0,12,12,pricing,FinalForProlific,2026-07-02 20:22:23.551302,1,,,113.31,150,,113.31,1,15,3,12,0,3,5385,16.8775714200622,14.5282644745692,7.35487993020429,1,sometimes,third_option,cash,70.0,15.0,3,,,1,4,25.0,4,80.0,more,same,false,46,female,bachelor,0,0,111.81,2,1,1,cbctgbhm,,,,,0
151,sg424v4k,66fdadbaa3ff5e732278ad0e,0,12,12,pricing,FinalForProlific,2026-07-02 20:22:23.930950,1,,,114.41,151,,114.41,1,10,6,4,0,3,5385,16.8775714200622,14.5282644745692,7.35487993020429,1,sometimes,third_option,cash,75.0,15.0,4,,,1,4,25.0,3,50.0,more,less,false,67,male,bachelor,0,0,112.66,3,1,1,cbctgbhm,,,,,0
152,oyhb2pry,6a03661682fc04bc1402568f,0,12,12,pricing,FinalForProlific,2026-07-02 20:22:24.206968,1,,,108.0,152,,108.0,1,15,6,9,1,3,5385,16.8775714200622,14.5282644745692,7.35487993020429,1,sometimes,third_option,cash,80.0,30.0,5,0,5,1,5,50.0,5,250.0,more,less,true,29,male,bachelor,1,1,107.5,2,1,1,cbctgbhm,,,,,0
153,p9trvu7y,6767e7f3e5207336bfda8591,0,12,12,pricing,FinalForProlific,2026-07-02 20:22:24.352103,1,,,100.75,153,,100.75,1,15,9,6,0,2,6,17.25651292143,15.6552619854883,-10.6145146455845,0,sometimes,third_option,cash,0.0,0.0,2,,,1,1,-0.2,2,0.0,more,less,false,46,female,highschool,0,0,100.0,3,1,1,cbctgbhm,,,,,0
154,sy1c2sos,6a02a3d567b030856033eb52,0,12,12,pricing,FinalForProlific,2026-07-02 20:22:25.112963,1,,,112.33,154,,112.33,1,5,0,5,0,4,11687,19.2982240105404,15.3352032889933,8.30613918663683,0,sometimes,third_option,cash,60.0,12.0,3,,,1,5,18.0,3,80.0,more,less,false,27,female,bachelor,1,0,111.58,3,1,1,cbctgbhm,,,,,0
155,mjss6fnp,69f0a7be0a69ac3dce6ba042,0,12,12,pricing,FinalForProlific,2026-07-02 20:22:25.124047,1,,,98.99,155,,98.99,1,10,0,10,0,5,3851,-8.79848578409706,15.1098174886843,-18.5046274258981,1,sometimes,third_option,cash,20.0,16.0,2,,,1,5,12.0,2,30.0,more,less,false,57,female,bachelor,0,0,98.24,3,1,1,cbctgbhm,,,,,0
156,hls3tlay,69f904dced13443d34e72288,0,12,12,pricing,FinalForProlific,2026-07-02 20:22:26.931268,1,,,101.75,156,,101.75,1,15,0,15,1,5,3851,-8.79848578409706,15.1098174886843,-18.5046274258981,1,sometimes,third_option,cash,0.0,0.0,2,1,5,1,4,20.0,1,25.0,more,less,false,38,male,highschool,0,1,100.0,3,1,1,cbctgbhm,,,,,0
157,iy7ug43d,6a062356e11b977c2d0a0eef,0,12,12,pricing,FinalForProlific,2026-07-02 20:22:26.941258,1,,,101.31,157,,101.31,1,5,0,5,1,5,3851,-8.79848578409706,15.1098174886843,-18.5046274258981,1,sometimes,third_option,cash,5.0,3.0,1,1,4,1,4,-5.0,4,0.0,more,less,false,40,female,graduate,0,1,99.56,3,1,1,cbctgbhm,,,,,0
158,j80hrwap,6a026bf359241e6857548b73,0,2,12,pricing,Instructions,2026-07-02 20:22:27.326161,1,,,0.0,158,,0.0,1,10,0,10,,3,5385,16.8775714200622,14.5282644745692,7.35487993020429,1,,,,,,,,,,,,,,,,,,,,,,,,1,1,cbctgbhm,,,,,0
159,a7mrklx1,65f886037fc6f6212c9c41b1,0,12,12,pricing,FinalForProlific,2026-07-02 20:22:27.454275,1,,,110.7,159,,110.7,1,15,0,15,1,3,5385,16.8775714200622,14.5282644745692,7.35487993020429,1,sometimes,third_option,cash,53.0,28.0,4,1,4,1,3,22.0,3,48.0,more,less,false,53,female,some_college,0,1,108.95,3,1,1,cbctgbhm,,,,,0
160,9xqzwuul,69f2580d7ec093c43cd1569a,0,12,12,pricing,FinalForProlific,2026-07-02 20:22:27.895209,1,,,108.88,160,,108.88,1,5,3,2,1,3,5385,16.8775714200622,14.5282644745692,7.35487993020429,1,sometimes,third_option,cash,60.0,16.0,2,0,3,1,5,18.0,5,60.0,more,less,false,23,female,some_college,1,1,107.13,3,1,1,cbctgbhm,,,,,0
161,oltqk75z,6a00f09c620dea6cc23366dc,0,12,12,pricing,FinalForProlific,2026-07-02 20:22:28.011050,1,,,103.06,161,,103.06,1,10,3,7,1,2,6,17.25651292143,15.6552619854883,-10.6145146455845,0,sometimes,third_option,cash,25.0,12.0,3,0,3,1,3,18.0,4,25.0,more,less,false,33,male,graduate,0,1,101.31,3,1,1,cbctgbhm,,,,,0
162,6sldcquf,691371c5d552995298408398,0,12,12,pricing,FinalForProlific,2026-07-02 20:22:28.537901,1,,,89.22,162,,89.22,1,15,3,12,1,5,3851,-8.79848578409706,15.1098174886843,-18.5046274258981,1,sometimes,third_option,cash,97.0,15.0,3,0,4,1,4,23.0,3,100.0,more,less,false,26,female,bachelor,0,1,88.47,3,1,1,cbctgbhm,,,,,0
163,6f0v96yp,6034cb7ee10e21aaad71814a,0,2,12,pricing,Instructions,2026-07-02 20:22:28.955951,1,,,0.0,163,,0.0,1,10,6,4,,5,3851,-8.79848578409706,15.1098174886843,-18.5046274258981,1,,,,,,,,,,,,,,,,,,,,,,,,1,1,cbctgbhm,,,,,0
164,zigo4fqp,69aa16cae2b752d6035b6caa,0,4,12,pricing,Practice,2026-07-02 20:22:29.231313,1,,,0.0,164,,0.0,1,15,6,9,,2,6,17.25651292143,15.6552619854883,-10.6145146455845,0,sometimes,third_option,cash,,,,,,,,,,,,,,,,,,,,,1,1,cbctgbhm,,,,,0
165,q4mqxy2w,6a0b4fa8c69b7f8c74ef1238,0,12,12,pricing,FinalForProlific,2026-07-02 20:22:31.635781,1,,,101.43,165,,101.43,1,15,9,6,1,4,11687,19.2982240105404,15.3352032889933,8.30613918663683,0,sometimes,third_option,cash,45.0,16.0,2,1,3,1,3,8.0,2,40.0,more,less,false,29,female,bachelor,1,1,99.68,3,1,1,cbctgbhm,,,,,0
166,kdpevhy8,6507276e3e03370dcf6b1ffd,0,12,12,pricing,FinalForProlific,2026-07-02 20:22:31.221439,1,,,122.05,166,,122.05,1,5,0,5,1,4,11687,19.2982240105404,15.3352032889933,8.30613918663683,0,sometimes,third_option,cash,100.0,16.0,3,0,4,1,4,16.0,3,100.0,more,less,false,39,male,graduate,1,1,119.3,3,1,1,cbctgbhm,,,,,0
167,jwh262gr,6a00dbf1a704d2b901583edb,0,12,12,pricing,FinalForProlific,2026-07-02 20:22:31.295982,1,,,119.63,167,,119.63,1,10,0,10,1,3,5385,16.8775714200622,14.5282644745692,7.35487993020429,1,sometimes,third_option,cash,100.0,20.0,5,1,5,1,,20.0,3,50.0,more,less,false,64,male,some_college,0,1,116.88,3,1,1,cbctgbhm,,,,,0
168,249s463d,69862abbaa02cf8c414e57cb,0,12,12,pricing,FinalForProlific,2026-07-02 20:22:32.432547,1,,,102.43,168,,102.43,1,15,0,15,0,4,11687,19.2982240105404,15.3352032889933,8.30613918663683,0,sometimes,third_option,cash,10.0,5.0,2,,,1,2,10.0,2,10.0,more,same,false,48,female,some_college,0,0,101.93,2,1,1,cbctgbhm,,,,,0
169,u35qocp4,6a0494def069f2bf1fbabec6,0,12,12,pricing,FinalForProlific,2026-07-02 20:22:32.717838,1,,,99.81,169,,99.81,1,5,0,5,0,5,3851,-8.79848578409706,15.1098174886843,-18.5046274258981,1,sometimes,third_option,cash,5.0,50.0,4,,,1,3,30.0,3,50.0,less,dk,false,32,male,graduate,0,0,99.56,1,1,1,cbctgbhm,,,,,0
170,xsl7hvmk,67e0870d582edce0a2764d1f,0,12,12,pricing,FinalForProlific,2026-07-02 20:22:33.221067,1,,,106.93,170,,106.93,1,10,0,10,0,4,11687,19.2982240105404,15.3352032889933,8.30613918663683,0,sometimes,third_option,cash,32.0,26.0,3,,,1,3,28.0,,35.0,more,less,false,29,male,bachelor,1,0,106.18,3,1,1,cbctgbhm,,,,,0
171,i2q37hca,69ff93b104e586b42d8ca43b,0,2,12,pricing,Instructions,2026-07-02 20:22:33.328719,1,,,0.0,171,,0.0,1,15,0,15,,5,3851,-8.79848578409706,15.1098174886843,-18.5046274258981,1,,,,,,,,,,,,,,,,,,,,,,,,1,1,cbctgbhm,,,,,0
172,q8a2aa8e,6a170a6fd2b89769586920dd,0,12,12,pricing,FinalForProlific,2026-07-02 20:22:33.461268,1,,,99.75,172,,99.75,1,5,3,2,1,5,3851,-8.79848578409706,15.1098174886843,-18.5046274258981,1,sometimes,third_option,cash,0.0,-10.0,5,1,5,1,4,15.0,4,50.0,more,less,false,32,male,bachelor,0,1,97.0,3,1,1,cbctgbhm,,,,,0
173,rbcxqxsx,69efd6151ba08c73e53425b8,0,12,12,pricing,FinalForProlific,2026-07-02 20:22:34.718856,1,,,103.61,173,,103.61,1,10,3,7,1,4,11687,19.2982240105404,15.3352032889933,8.30613918663683,0,sometimes,third_option,cash,20.0,15.0,1,0,4,1,4,4.0,4,20.0,more,less,false,39,female,graduate,1,1,100.86,3,1,1,cbctgbhm,,,,,0
174,dw05u50m,6a05d361e5c107c390a6e223,0,12,12,pricing,FinalForProlific,2026-07-02 20:22:34.909329,1,,,104.56,174,,104.56,1,15,3,12,1,3,5385,16.8775714200622,14.5282644745692,7.35487993020429,1,sometimes,third_option,cash,30.0,20.0,4,1,4,1,4,25.0,4,20.0,more,less,dk,35,female,some_college,0,1,102.06,2,1,1,cbctgbhm,,,,,0
175,0tq1wqhs,6a1cfdd862ec2668a66d9180,0,12,12,pricing,FinalForProlific,2026-07-02 20:22:35.527770,1,,,99.97,175,,99.97,1,10,6,4,1,3,5385,16.8775714200622,14.5282644745692,7.35487993020429,1,sometimes,third_option,cash,25.0,18.0,3,0,4,0,2,25.0,2,10.0,more,less,false,43,female,graduate,0,1,98.22,3,1,1,cbctgbhm,,,,,0
176,3iqp0uyt,672569f544e290655c0ed766,0,12,12,pricing,FinalForProlific,2026-07-02 20:22:36.662290,1,,,108.56,176,,108.56,1,15,6,9,1,3,5385,16.8775714200622,14.5282644745692,7.35487993020429,1,sometimes,third_option,cash,70.0,20.0,3,1,4,1,4,15.0,3,60.0,more,less,false,31,female,bachelor,1,1,105.81,3,1,1,cbctgbhm,,,,,0
177,oxlv23te,611f6757f935f97babc092c5,0,12,12,pricing,FinalForProlific,2026-07-02 20:22:36.853022,1,,,104.97,177,,104.97,1,15,9,6,0,3,5385,16.8775714200622,14.5282644745692,7.35487993020429,1,sometimes,third_option,cash,25.0,5.0,2,,,1,2,-5.0,,1.0,more,less,false,57,female,some_college,0,0,104.22,3,1,1,cbctgbhm,,,,,0
178,osyntsy6,6a0aa037f7816b7befeb15e6,0,12,12,pricing,FinalForProlific,2026-07-02 20:22:38.019757,1,,,111.4,178,,111.4,1,5,0,5,1,4,11687,19.2982240105404,15.3352032889933,8.30613918663683,0,sometimes,third_option,cash,50.0,15.0,2,1,2,1,3,25.0,2,80.0,more,less,false,38,female,graduate,0,1,109.65,3,1,1,cbctgbhm,,,,,0
179,gbchzoup,6a19f16350864508dd2ceab3,0,12,12,pricing,FinalForProlific,2026-07-02 20:22:41.848925,1,,,104.09,179,,104.09,1,10,0,10,1,2,6,17.25651292143,15.6552619854883,-10.6145146455845,0,sometimes,third_option,cash,15.0,10.0,2,0,3,1,3,15.0,2,15.0,more,less,true,32,male,bachelor,0,1,102.59,2,1,1,cbctgbhm,,,,,0
180,ki9dd4lj,571b728d5d40840011c3d9df,0,12,12,pricing,FinalForProlific,2026-07-02 20:22:42.422428,1,,,104.95,180,,104.95,1,15,0,15,1,2,6,17.25651292143,15.6552619854883,-10.6145146455845,0,sometimes,third_option,cash,20.0,5.0,2,0,2,1,3,-2.0,2,1.0,exactly,less,false,47,female,graduate,0,1,103.45,2,1,1,cbctgbhm,,,,,0
181,dpo4gp6h,6a0cc6e51edbdde036765eaa,0,12,12,pricing,FinalForProlific,2026-07-02 20:22:44.095954,1,,,108.5,181,,108.5,1,5,0,5,1,3,5385,16.8775714200622,14.5282644745692,7.35487993020429,1,sometimes,third_option,cash,40.0,28.0,1,1,4,1,4,20.0,2,100.0,more,less,false,45,female,bachelor,1,1,106.75,3,1,1,cbctgbhm,,,,,0
182,zrw77g07,6a1c712ee592da9b94f02f92,0,12,12,pricing,FinalForProlific,2026-07-02 20:22:44.236722,1,,,111.1,182,,111.1,1,10,0,10,1,2,6,17.25651292143,15.6552619854883,-10.6145146455845,0,sometimes,third_option,cash,60.0,8.0,2,1,3,,2,9.0,2,50.0,more,less,false,26,female,graduate,1,1,110.35,3,1,1,cbctgbhm,,,,,0
183,uii4x5le,69b1913a9485294085a5c84b,0,12,12,pricing,FinalForProlific,2026-07-02 20:22:44.849369,1,,,110.94,183,,110.94,1,15,0,15,1,3,5385,16.8775714200622,14.5282644745692,7.35487993020429,1,sometimes,third_option,cash,50.0,20.0,4,1,4,1,4,10.0,4,100.0,more,less,dk,25,female,bachelor,0,1,108.44,2,1,1,cbctgbhm,,,,,0
184,dyxh02gj,637f7d10665738cfea163256,0,12,12,pricing,FinalForProlific,2026-07-02 20:22:45.073131,1,,,100.34,184,,100.34,1,5,3,2,1,2,6,17.25651292143,15.6552619854883,-10.6145146455845,0,sometimes,third_option,cash,15.0,-15.0,3,1,4,1,3,-10.0,3,10.0,more,less,false,55,male,bachelor,0,1,99.59,3,1,1,cbctgbhm,,,,,0
185,rxoz1o5o,6902407a6db9d8c18605980e,0,4,12,pricing,Practice,2026-07-02 20:22:45.820117,1,,,0.0,185,,0.0,1,10,3,7,,5,3851,-8.79848578409706,15.1098174886843,-18.5046274258981,1,sometimes,third_option,cash,,,,,,,,,,,,,,,,,,,,,1,1,cbctgbhm,,,,,0
186,2qpouzzc,66f691df57e6152d9e601e29,0,3,12,pricing,ComprehensionQuiz,2026-07-02 20:22:49.127299,1,,,0.0,186,,0.0,1,15,3,12,,5,3851,-8.79848578409706,15.1098174886843,-18.5046274258981,1,,,,,,,,,,,,,,,,,,,,,,,,1,1,cbctgbhm,,,,,0
187,upgpfjz8,6a1da7d2c9ed646f7af04f33,0,12,12,pricing,FinalForProlific,2026-07-02 20:22:49.357541,1,,,100.54,187,,100.54,1,10,6,4,1,4,11687,19.2982240105404,15.3352032889933,8.30613918663683,0,sometimes,third_option,cash,30.0,30.0,3,1,4,0,5,0.0,5,0.0,more,less,false,36,male,bachelor,1,1,99.79,3,1,1,cbctgbhm,,,,,0
188,2rsod6bh,67afa55fbc4aa45a19e07e11,0,12,12,pricing,FinalForProlific,2026-07-02 20:22:50.345895,1,,,109.86,188,,109.86,1,15,6,9,1,2,6,17.25651292143,15.6552619854883,-10.6145146455845,0,sometimes,third_option,cash,89.0,23.0,5,1,5,1,5,32.0,5,100.0,more,less,true,28,male,bachelor,1,1,109.36,2,1,1,cbctgbhm,,,,,0
189,cwxkkzbg,6a1d85424d36b4fa4de49ba3,0,12,12,pricing,FinalForProlific,2026-07-02 20:22:50.327206,1,,,91.75,189,,91.75,1,15,9,6,1,2,6,17.25651292143,15.6552619854883,-10.6145146455845,0,sometimes,third_option,cash,0.0,5.0,3,1,5,1,3,10.0,3,0.0,more,less,false,24,male,bachelor,1,1,91.0,3,1,1,cbctgbhm,,,,,0
190,m8voi9hd,64fdfa6fcc38ff0fd0b0f2a3,0,12,12,pricing,FinalForProlific,2026-07-02 20:22:50.433203,1,,,115.41,190,,115.41,1,5,0,5,1,3,5385,16.8775714200622,14.5282644745692,7.35487993020429,1,sometimes,third_option,cash,75.0,20.0,3,1,4,1,3,5.0,3,35.0,more,less,false,60,male,graduate,0,1,112.66,3,1,1,cbctgbhm,,,,,0
191,ozl13gsw,611a84cad4328e2779125bdd,0,4,12,pricing,Practice,2026-07-02 20:22:50.867789,1,,,0.0,191,,0.0,1,10,0,10,,4,11687,19.2982240105404,15.3352032889933,8.30613918663683,0,sometimes,third_option,cash,,,,,,,,,,,,,,,,,,,,,1,1,cbctgbhm,,,,,0
192,6ismerzv,69b39c752e256fe26eec9b29,0,12,12,pricing,FinalForProlific,2026-07-02 20:22:51.273907,1,,,98.11,192,,98.11,1,15,0,15,0,5,3851,-8.79848578409706,15.1098174886843,-18.5046274258981,1,sometimes,third_option,cash,30.0,22.0,2,,,0,4,15.0,4,100.0,more,less,false,33,male,bachelor,0,0,97.36,3,1,1,cbctgbhm,,,,,0
193,cm2eslcn,69d6cd3b88b20674082f8cef,0,12,12,pricing,FinalForProlific,2026-07-02 20:22:52.666357,1,,,101.71,193,,101.71,1,5,0,5,0,4,11687,19.2982240105404,15.3352032889933,8.30613918663683,0,sometimes,third_option,cash,5.0,25.0,4,,,0,2,10.0,3,10.0,more,less,false,28,female,graduate,0,0,100.96,3,1,1,cbctgbhm,,,,,0
194,xlcn02yj,682a1996cd2cfa1f1160cb71,0,12,12,pricing,FinalForProlific,2026-07-02 20:22:53.140376,1,,,112.83,194,,112.83,1,10,0,10,1,2,6,17.25651292143,15.6552619854883,-10.6145146455845,0,sometimes,third_option,cash,70.0,12.0,3,1,4,1,4,18.0,3,80.0,more,less,false,43,male,some_college,1,1,112.08,3,1,1,cbctgbhm,,,,,0
195,qy7au3ob,6a256986c630c70c37dade5d,0,12,12,pricing,FinalForProlific,2026-07-02 20:22:53.235127,1,,,118.63,195,,118.63,1,15,0,15,1,3,5385,16.8775714200622,14.5282644745692,7.35487993020429,1,sometimes,third_option,cash,100.0,10.0,5,1,5,1,5,10.0,5,100.0,more,less,false,31,male,bachelor,0,1,116.88,3,1,1,cbctgbhm,,,,,0
196,4vxih75y,698c72a1deced730e08ef56a,0,12,12,pricing,FinalForProlific,2026-07-02 20:22:53.208626,1,,,115.12,196,,115.12,1,5,3,2,1,3,5385,16.8775714200622,14.5282644745692,7.35487993020429,1,sometimes,third_option,cash,97.0,30.0,4,1,5,1,5,12.0,4,0.0,more,less,false,25,male,bachelor,1,1,113.37,3,1,1,cbctgbhm,,,,,0
197,7fazstu9,69ce6450b3637036934d748d,0,12,12,pricing,FinalForProlific,2026-07-02 20:22:54.593761,1,,,104.65,197,,104.65,1,10,3,7,1,2,6,17.25651292143,15.6552619854883,-10.6145146455845,0,sometimes,third_option,cash,40.0,3.0,3,1,5,0,5,25.0,5,50.0,more,less,false,27,male,bachelor,1,1,103.9,3,1,1,cbctgbhm,,,,,0
198,do45nkn8,600a878fa6fbbf1ba60bea36,0,12,12,pricing,FinalForProlific,2026-07-02 20:22:55.248102,1,,,104.2,198,,104.2,1,15,3,12,0,2,6,17.25651292143,15.6552619854883,-10.6145146455845,0,sometimes,third_option,cash,20.0,5.0,4,,,0,4,3.0,3,20.0,more,less,false,56,male,bachelor,0,0,103.45,3,1,1,cbctgbhm,,,,,0
199,g9vxajfn,69e6962b95c4d60293b01b4d,0,12,12,pricing,FinalForProlific,2026-07-02 20:22:57.051959,1,,,112.61,199,,112.61,1,10,6,4,1,3,5385,16.8775714200622,14.5282644745692,7.35487993020429,1,sometimes,third_option,cash,94.0,20.0,3,1,3,1,2,20.0,3,100.0,more,less,false,35,female,bachelor,0,1,109.86,3,1,1,cbctgbhm,,,,,0
200,xjh0pder,69f74c1bb1e5fc5a69ea0121,0,12,12,pricing,FinalForProlific,2026-07-02 20:22:58.502834,1,,,98.2,200,,98.2,1,15,6,9,1,2,6,17.25651292143,15.6552619854883,-10.6145146455845,0,sometimes,third_option,cash,20.0,10.0,5,1,5,1,5,5.0,5,15.0,more,less,false,36,male,graduate,1,1,97.45,3,1,1,cbctgbhm,,,,,0
201,zca5pn92,69bde4488c9f1c81fe37cb46,0,12,12,pricing,FinalForProlific,2026-07-02 20:22:59.264729,1,,,98.65,201,,98.65,1,15,9,6,1,2,6,17.25651292143,15.6552619854883,-10.6145146455845,0,sometimes,third_option,cash,40.0,35.0,4,1,5,0,4,-5.0,4,20.0,more,less,false,42,male,bachelor,1,1,97.9,3,1,1,cbctgbhm,,,,,0
202,0yob3mgk,69a7f38b36ee9d5acad39b24,0,12,12,pricing,FinalForProlific,2026-07-02 20:23:00.467188,1,,,117.1,202,,117.1,1,5,0,5,1,3,5385,16.8775714200622,14.5282644745692,7.35487993020429,1,sometimes,third_option,cash,85.0,15.0,4,1,4,1,5,20.0,4,80.0,more,less,false,35,male,graduate,1,1,114.35,3,1,1,cbctgbhm,,,,,0
203,ctfdvj0u,6a1fe4e929210b7108cef2c7,0,12,12,pricing,FinalForProlific,2026-07-02 20:23:01.550657,1,,,110.52,203,,110.52,1,10,0,10,1,2,6,17.25651292143,15.6552619854883,-10.6145146455845,0,sometimes,third_option,cash,45.0,14.0,3,0,4,1,3,14.0,3,65.0,more,less,false,35,female,bachelor,0,1,107.77,3,1,1,cbctgbhm,,,,,0
204,5xvelvn3,69aca3ff2a40d7e84d733778,0,12,12,pricing,FinalForProlific,2026-07-02 20:23:02.783024,1,,,104.28,204,,104.28,1,15,0,15,1,3,5385,16.8775714200622,14.5282644745692,7.35487993020429,1,sometimes,third_option,cash,15.0,10.0,4,1,4,1,3,10.0,3,50.0,more,less,false,34,male,bachelor,0,1,102.53,3,1,1,cbctgbhm,,,,,0
205,nzraznlg,67c60b46b619cad09b65ab51,0,7,12,pricing,DiscountReveal,2026-07-02 20:23:03.267169,1,,,0.0,205,,0.0,1,5,0,5,1,2,6,17.25651292143,15.6552619854883,-10.6145146455845,0,sometimes,third_option,cash,,,,,,,,,,,,,,,,,,1,,,1,1,cbctgbhm,,,,,0
206,3uqnyywp,69979de331e19c14f224f642,0,12,12,pricing,FinalForProlific,2026-07-02 20:23:03.824628,1,,,102.75,206,,102.75,1,10,0,10,1,5,3851,-8.79848578409706,15.1098174886843,-18.5046274258981,1,sometimes,third_option,cash,0.0,-10.0,4,1,4,1,4,15.0,3,50.0,more,less,false,48,male,bachelor,0,1,100.0,3,1,1,cbctgbhm,,,,,0
207,qqvl3tfr,66a5607efd296c15fb5e7fc4,0,12,12,pricing,FinalForProlific,2026-07-02 20:23:03.984123,1,,,105.13,207,,105.13,1,15,0,15,1,3,5385,16.8775714200622,14.5282644745692,7.35487993020429,1,sometimes,third_option,cash,20.0,17.0,2,0,4,1,3,15.0,,20.0,more,less,false,24,male,bachelor,0,1,103.38,3,1,1,cbctgbhm,,,,,0
208,rfeq0n8a,69b4bd344a21f3738d41995c,0,12,12,pricing,FinalForProlific,2026-07-02 20:23:05.810065,1,,,106.47,208,,106.47,1,5,3,2,1,4,11687,19.2982240105404,15.3352032889933,8.30613918663683,0,sometimes,third_option,cash,40.0,15.0,2,1,2,1,3,3.0,2,30.0,more,less,false,24,male,bachelor,1,1,104.72,3,1,1,cbctgbhm,,,,,0
209,h3s5w16w,6a205c1f133a642beb417600,0,2,12,pricing,Instructions,2026-07-02 20:23:08.660253,1,,,0.0,209,,0.0,1,10,3,7,,5,3851,-8.79848578409706,15.1098174886843,-18.5046274258981,1,,,,,,,,,,,,,,,,,,,,,,,,1,1,cbctgbhm,,,,,0
210,2x43nonv,6a095c508e3a0459efb7d49b,0,4,12,pricing,Practice,2026-07-02 20:23:11.434808,1,,,0.0,210,,0.0,1,15,3,12,,4,11687,19.2982240105404,15.3352032889933,8.30613918663683,0,sometimes,third_option,cash,,,,,,,,,,,,,,,,,,,,,1,1,cbctgbhm,,,,,0
211,46052zlk,69f8e53fc4a6a98ad7d12184,0,12,12,pricing,FinalForProlific,2026-07-02 20:23:15.314103,1,,,99.68,211,,99.68,1,10,6,4,1,2,6,17.25651292143,15.6552619854883,-10.6145146455845,0,sometimes,third_option,cash,30.0,5.0,3,1,4,0,3,15.0,3,70.0,more,less,dk,38,male,bachelor,0,1,99.18,2,1,1,cbctgbhm,,,,,0
212,1r5smf0i,69ff85bf9884bc1b41f3c565,0,12,12,pricing,FinalForProlific,2026-07-02 20:23:16.326244,1,,,91.88,212,,91.88,1,15,6,9,1,5,3851,-8.79848578409706,15.1098174886843,-18.5046274258981,1,sometimes,third_option,cash,44.0,10.0,4,1,4,1,5,10.0,5,50.0,more,less,false,29,female,graduate,0,1,90.13,3,1,1,cbctgbhm,,,,,0
213,hd04ef0d,69fe5858f55c6a80ba691640,0,2,12,pricing,Instructions,2026-07-02 20:23:15.927813,1,,,0.0,213,,0.0,1,15,9,6,,3,5385,16.8775714200622,14.5282644745692,7.35487993020429,1,,,,,,,,,,,,,,,,,,,,,,,,1,1,cbctgbhm,,,,,0
214,vy3pgg4a,6701f65ca63a3fae9d2e820e,0,12,12,pricing,FinalForProlific,2026-07-02 20:23:16.739529,1,,,99.04,214,,99.04,1,5,0,5,1,5,3851,-8.79848578409706,15.1098174886843,-18.5046274258981,1,sometimes,third_option,cash,28.0,45.0,3,1,3,1,3,30.0,,75.0,exactly,less,false,55,female,some_college,0,1,97.54,2,1,1,cbctgbhm,,,,,0
215,u49us8z7,69fdcbc64f26e383a4d66d2c,0,4,12,pricing,Practice,2026-07-02 20:23:17.258355,1,,,0.0,215,,0.0,1,10,0,10,,5,3851,-8.79848578409706,15.1098174886843,-18.5046274258981,1,sometimes,third_option,cash,,,,,,,,,,,,,,,,,,,,,1,1,cbctgbhm,,,,,0
216,ef01sb2j,676b1d6b2bdeb2fceba3e03b,0,12,12,pricing,FinalForProlific,2026-07-02 20:23:17.776755,1,,,91.95,216,,91.95,1,15,0,15,0,5,3851,-8.79848578409706,15.1098174886843,-18.5046274258981,1,sometimes,third_option,cash,100.0,15.0,1,,,0,2,10.0,1,20.0,more,less,false,50,male,graduate,0,0,91.2,3,1,1,cbctgbhm,,,,,0
217,xipknoz3,6a08afe4c07d382afc71bd58,0,12,12,pricing,FinalForProlific,2026-07-02 20:23:20.767741,1,,,103.19,217,,103.19,1,5,0,5,0,3,5385,16.8775714200622,14.5282644745692,7.35487993020429,1,sometimes,third_option,cash,10.0,18.0,3,,,1,3,30.0,2,40.0,more,less,true,31,male,bachelor,1,0,101.69,2,1,1,cbctgbhm,,,,,0
218,0q2xruee,678ddb5f75ad8c49b8347e79,0,3,12,pricing,ComprehensionQuiz,2026-07-02 20:23:21.846822,1,,,0.0,218,,0.0,1,10,0,10,,4,11687,19.2982240105404,15.3352032889933,8.30613918663683,0,,,,,,,,,,,,,,,,,,,,,,,,1,1,cbctgbhm,,,,,0
219,b2uipch9,69f24e38225e04f9d1ea49f4,0,12,12,pricing,FinalForProlific,2026-07-02 20:23:23.940291,1,,,111.1,219,,111.1,1,15,0,15,1,2,6,17.25651292143,15.6552619854883,-10.6145146455845,0,sometimes,third_option,cash,60.0,4.0,4,1,4,1,,50.0,4,40.0,more,less,false,28,female,graduate,1,1,110.35,3,1,1,cbctgbhm,,,,,0
220,apckfwtw,6a0afd1ca8651a662c016404,0,12,12,pricing,FinalForProlific,2026-07-02 20:23:23.463813,1,,,98.13,220,,98.13,1,5,3,2,1,5,3851,-8.79848578409706,15.1098174886843,-18.5046274258981,1,sometimes,third_option,cash,7.0,2.0,4,1,4,1,4,12.0,4,100.0,more,less,false,54,male,bachelor,0,1,96.38,3,1,1,cbctgbhm,,,,,0
221,djw5oxe3,6a43966ec91c7808dc886ed9,0,12,12,pricing,FinalForProlific,2026-07-02 20:23:23.734496,1,,,97.75,221,,97.75,1,10,3,7,1,2,6,17.25651292143,15.6552619854883,-10.6145146455845,0,sometimes,third_option,cash,0.0,-5.0,4,1,4,1,4,-2.0,4,0.0,more,less,false,25,male,graduate,1,1,97.0,3,1,1,cbctgbhm,,,,,0
222,9a0wfiu0,60154af277ec314fd8fe1449,0,12,12,pricing,FinalForProlific,2026-07-02 20:23:23.794482,1,,,93.71,222,,93.71,1,15,3,12,0,5,3851,-8.79848578409706,15.1098174886843,-18.5046274258981,1,sometimes,third_option,cash,80.0,20.0,4,,,1,4,20.0,4,80.0,more,less,false,29,female,bachelor,0,0,92.96,3,1,1,cbctgbhm,,,,,0
223,1aj2vczm,60e5cb4ca01a593fce9a379d,0,12,12,pricing,FinalForProlific,2026-07-02 20:23:23.900133,1,,,95.31,223,,95.31,1,10,6,4,1,5,3851,-8.79848578409706,15.1098174886843,-18.5046274258981,1,sometimes,third_option,cash,5.0,5.0,2,1,2,1,5,10.0,5,10.0,more,less,false,35,male,graduate,0,1,93.56,3,1,1,cbctgbhm,,,,,0
224,i8vrm3pv,6a0af982f25afb16b893c2b4,0,3,12,pricing,ComprehensionQuiz,2026-07-02 20:23:24.662914,1,,,0.0,224,,0.0,1,15,6,9,,2,6,17.25651292143,15.6552619854883,-10.6145146455845,0,,,,,,,,,,,,,,,,,,,,,,,,1,1,cbctgbhm,,,,,0
225,5nq9614a,69ea53a90c6cacb935a68043,0,12,12,pricing,FinalForProlific,2026-07-02 20:23:25.870297,1,,,90.99,225,,90.99,1,15,9,6,1,5,3851,-8.79848578409706,15.1098174886843,-18.5046274258981,1,sometimes,third_option,cash,20.0,16.0,3,1,4,1,4,35.0,5,50.0,more,less,false,36,male,bachelor,1,1,89.24,3,1,1,cbctgbhm,,,,,0
226,qt7lrq19,60a2d2ebffd69c952a981069,0,12,12,pricing,FinalForProlific,2026-07-02 20:23:32.574536,1,,,99.55,226,,99.55,1,5,0,5,1,5,3851,-8.79848578409706,15.1098174886843,-18.5046274258981,1,sometimes,third_option,cash,25.0,5.0,2,1,3,1,3,22.0,4,25.0,more,less,false,36,male,highschool,1,1,97.8,3,1,1,cbctgbhm,,,,,0
227,hg2h509x,699b6090e5d9282085ecdd57,0,12,12,pricing,FinalForProlific,2026-07-02 20:23:32.540720,1,,,101.75,227,,101.75,1,10,0,10,1,5,3851,-8.79848578409706,15.1098174886843,-18.5046274258981,1,sometimes,third_option,cash,0.0,-15.0,3,1,4,1,1,-5.0,1,0.0,more,less,false,35,male,bachelor,0,1,100.0,3,1,1,cbctgbhm,,,,,0
228,qi95vf6f,6a1e8e2c712acc47432b37fb,0,12,12,pricing,FinalForProlific,2026-07-02 20:23:33.482018,1,,,105.97,228,,105.97,1,15,0,15,1,3,5385,16.8775714200622,14.5282644745692,7.35487993020429,1,sometimes,third_option,cash,25.0,22.0,3,1,3,1,3,15.0,3,0.0,more,less,false,32,male,graduate,0,1,104.22,3,1,1,cbctgbhm,,,,,0
229,09vce9ix,652c77340589c14a4531e37e,0,12,12,pricing,FinalForProlific,2026-07-02 20:23:34.087394,1,,,119.63,229,,119.63,1,5,0,5,1,3,5385,16.8775714200622,14.5282644745692,7.35487993020429,1,sometimes,third_option,cash,100.0,15.0,4,1,5,1,,-10.0,3,50.0,more,less,false,32,male,graduate,1,1,116.88,3,1,1,cbctgbhm,,,,,0
230,ohzpgr5g,6a102f69c2aca69e072332c1,0,12,12,pricing,FinalForProlific,2026-07-02 20:23:34.683713,1,,,98.99,230,,98.99,1,10,0,10,0,5,3851,-8.79848578409706,15.1098174886843,-18.5046274258981,1,sometimes,third_option,cash,20.0,20.0,4,,,1,4,-20.0,4,0.0,more,less,false,27,male,graduate,1,0,98.24,3,1,1,cbctgbhm,,,,,0
231,11pdpdgk,6a033afd547f924ea88c8fab,0,12,12,pricing,FinalForProlific,2026-07-02 20:23:34.887612,1,,,112.4,231,,112.4,1,15,0,15,1,4,11687,19.2982240105404,15.3352032889933,8.30613918663683,0,sometimes,third_option,cash,50.0,20.0,3,0,3,1,3,25.0,4,50.0,more,less,false,23,female,graduate,0,1,109.65,3,1,1,cbctgbhm,,,,,0
232,v8nsvv7e,6996165a598a1cd9d3872ce7,0,12,12,pricing,FinalForProlific,2026-07-02 20:23:35.310534,1,,,96.11,232,,96.11,1,5,3,2,1,5,3851,-8.79848578409706,15.1098174886843,-18.5046274258981,1,sometimes,third_option,cash,30.0,25.0,3,1,3,1,3,30.0,,40.0,more,less,false,36,female,graduate,1,1,94.36,3,1,1,cbctgbhm,,,,,0
233,esld9d39,6502683ff5d26c3b0b616605,0,12,12,pricing,FinalForProlific,2026-07-02 20:23:36.640462,1,,,111.26,233,,111.26,1,10,3,7,1,4,11687,19.2982240105404,15.3352032889933,8.30613918663683,0,sometimes,third_option,cash,70.0,12.0,3,1,3,1,4,15.0,3,75.0,more,less,false,47,female,bachelor,1,1,110.51,3,1,1,cbctgbhm,,,,,0
234,tv4iru5c,6a08bf81da7a4690ab97c71b,0,12,12,pricing,FinalForProlific,2026-07-02 20:23:36.778277,1,,,101.36,234,,101.36,1,15,3,12,0,2,6,17.25651292143,15.6552619854883,-10.6145146455845,0,sometimes,third_option,cash,5.0,25.0,4,,,1,3,50.0,4,,more,less,dk,24,male,some_college,0,0,100.86,2,1,1,cbctgbhm,,,,,0
235,7tohzg3v,5ea824f580b9ef228f589930,0,12,12,pricing,FinalForProlific,2026-07-02 20:23:39.581144,1,,,103.5,235,,103.5,1,10,6,4,1,3,5385,16.8775714200622,14.5282644745692,7.35487993020429,1,sometimes,third_option,cash,40.0,20.0,3,1,3,1,4,20.0,4,25.0,more,less,false,67,female,bachelor,0,1,100.75,3,1,1,cbctgbhm,,,,,0
236,um6ywcug,66d4407f31981698998d25d8,0,3,12,pricing,ComprehensionQuiz,2026-07-02 20:23:40.039590,1,,,0.0,236,,0.0,1,15,6,9,,2,6,17.25651292143,15.6552619854883,-10.6145146455845,0,,,,,,,,,,,,,,,,,,,,,,,,1,1,cbctgbhm,,,,,0
237,dpdlla7p,6a185c5d62afebf400ab08ed,0,12,12,pricing,FinalForProlific,2026-07-02 20:23:41.109777,1,,,90.87,237,,90.87,1,15,9,6,1,5,3851,-8.79848578409706,15.1098174886843,-18.5046274258981,1,sometimes,third_option,cash,10.0,10.0,5,0,5,1,5,30.0,5,30.0,more,less,false,21,female,bachelor,1,1,90.12,3,1,1,cbctgbhm,,,,,0
238,pyp9a4rm,65830055257db95983265d5c,0,12,12,pricing,FinalForProlific,2026-07-02 20:23:41.245868,1,,,108.97,238,,108.97,1,5,0,5,0,4,11687,19.2982240105404,15.3352032889933,8.30613918663683,0,sometimes,third_option,cash,40.0,20.0,4,,,1,4,,5,50.0,more,more,true,30,male,some_college,0,0,107.72,1,1,1,cbctgbhm,,,,,0
239,ek0p325x,6a0f528b7efe7409a6f4b077,0,12,12,pricing,FinalForProlific,2026-07-02 20:23:43.272636,1,,,118.63,239,,118.63,1,10,0,10,1,3,5385,16.8775714200622,14.5282644745692,7.35487993020429,1,sometimes,third_option,cash,100.0,30.0,3,1,5,1,3,15.0,4,60.0,more,less,false,30,female,graduate,1,1,116.88,3,1,1,cbctgbhm,,,,,0
240,hru3uz99,6998d4d5fa7f96c4bcf784e0,0,12,12,pricing,FinalForProlific,2026-07-02 20:23:43.976681,1,,,105.97,240,,105.97,1,15,0,15,1,3,5385,16.8775714200622,14.5282644745692,7.35487993020429,1,sometimes,third_option,cash,25.0,25.0,3,1,4,1,,14.0,3,15.0,more,less,false,21,male,bachelor,0,1,104.22,3,1,1,cbctgbhm,,,,,0
241,veremfe3,69f2ee5ddb905013371b6383,0,12,12,pricing,FinalForProlific,2026-07-02 20:23:44.030712,1,,,96.03,241,,96.03,1,5,0,5,1,5,3851,-8.79848578409706,15.1098174886843,-18.5046274258981,1,sometimes,third_option,cash,65.0,15.0,4,1,4,1,,12.0,,65.0,more,less,false,37,male,bachelor,1,1,94.28,3,1,1,cbctgbhm,,,,,0
242,t3kw11ok,69ab9f5664a6fa203675624e,0,12,12,pricing,FinalForProlific,2026-07-02 20:23:44.683816,1,,,106.81,242,,106.81,1,10,0,10,1,3,5385,16.8775714200622,14.5282644745692,7.35487993020429,1,sometimes,third_option,cash,30.0,22.0,3,1,4,1,3,6.0,2,22.0,more,less,false,26,male,graduate,1,1,105.06,3,1,1,cbctgbhm,,,,,0
243,7rbfa5ag,65cf88a1a3887a237da61f94,0,12,12,pricing,FinalForProlific,2026-07-02 20:23:45.454270,1,,,104.2,243,,104.2,1,15,0,15,0,2,6,17.25651292143,15.6552619854883,-10.6145146455845,0,sometimes,third_option,cash,20.0,5.0,5,,,1,5,2.0,4,0.0,more,less,false,25,male,some_college,1,0,103.45,3,1,1,cbctgbhm,,,,,0
244,vtimvg3e,6a326549cff96ae66ede7dcb,0,12,12,pricing,FinalForProlific,2026-07-02 20:23:46.357156,1,,,111.36,244,,111.36,1,5,3,2,0,4,11687,19.2982240105404,15.3352032889933,8.30613918663683,0,sometimes,third_option,cash,55.0,2.0,3,,,1,2,20.0,2,50.0,more,less,false,26,female,graduate,0,0,110.61,3,1,1,cbctgbhm,,,,,0
245,v1jv8pif,5c8ee6c36ca70b0001fe979d,0,12,12,pricing,FinalForProlific,2026-07-02 20:23:47.297151,1,,,103.38,245,,103.38,1,10,3,7,1,4,11687,19.2982240105404,15.3352032889933,8.30613918663683,0,sometimes,third_option,cash,24.0,19.0,2,1,3,0,3,18.0,1,10.0,more,less,false,68,male,some_college,0,1,101.63,3,1,1,cbctgbhm,,,,,0
246,ag29ky4f,6a177da8b59d5576eaca4df0,0,12,12,pricing,FinalForProlific,2026-07-02 20:23:47.938269,1,,,108.19,246,,108.19,1,15,3,12,1,3,5385,16.8775714200622,14.5282644745692,7.35487993020429,1,sometimes,third_option,cash,50.0,15.0,3,1,2,1,2,25.0,3,100.0,more,less,false,34,female,bachelor,0,1,105.44,3,1,1,cbctgbhm,,,,,0
247,60s5pf54,6a21f71f2efa982c1e9b3e8b,0,12,12,pricing,FinalForProlific,2026-07-02 20:23:48.104510,1,,,99.68,247,,99.68,1,10,6,4,1,2,6,17.25651292143,15.6552619854883,-10.6145146455845,0,sometimes,third_option,cash,30.0,12.0,3,1,3,1,,16.0,3,55.0,more,same,false,31,female,bachelor,0,1,99.18,2,1,1,cbctgbhm,,,,,0
248,kx6fx4be,66da00b954451b948f184412,0,12,12,pricing,FinalForProlific,2026-07-02 20:23:49.031359,1,,,95.75,248,,95.75,1,15,6,9,1,5,3851,-8.79848578409706,15.1098174886843,-18.5046274258981,1,sometimes,third_option,cash,0.0,0.0,4,1,4,1,4,20.0,5,100.0,more,less,false,67,female,bachelor,1,1,94.0,3,1,1,cbctgbhm,,,,,0
249,73jghh3l,6813b4a742433801d98b2c6c,0,12,12,pricing,FinalForProlific,2026-07-02 20:23:53.269767,1,,,89.23,249,,89.23,1,15,9,6,1,5,3851,-8.79848578409706,15.1098174886843,-18.5046274258981,1,sometimes,third_option,cash,40.0,-1.0,3,1,4,1,4,10.0,3,70.0,more,less,false,60,male,graduate,1,1,87.48,3,1,1,cbctgbhm,,,,,0
250,no05s8l0,6445b13023ac3b3eb202881f,0,12,12,pricing,FinalForProlific,2026-07-02 20:23:54.091022,1,,,117.28,250,,117.28,1,5,0,5,1,2,6,17.25651292143,15.6552619854883,-10.6145146455845,0,sometimes,third_option,cash,90.0,15.0,5,1,5,,5,22.0,5,90.0,more,less,false,62,male,some_college,0,1,115.53,3,1,1,cbctgbhm,,,,,0
251,wt33eir3,6a1c6fad402a3cda72b62881,0,12,12,pricing,FinalForProlific,2026-07-02 20:23:54.431391,1,,,100.75,251,,100.75,1,10,0,10,1,2,6,17.25651292143,15.6552619854883,-10.6145146455845,0,sometimes,third_option,cash,0.0,12.0,2,1,4,1,4,20.0,2,0.0,more,less,false,43,male,graduate,1,1,100.0,3,1,1,cbctgbhm,,,,,0
252,j677rs5l,583fe092d639d0000142fb2e,0,12,12,pricing,FinalForProlific,2026-07-02 20:24:01.216954,1,,,102.44,252,,102.44,1,15,0,15,0,3,5385,16.8775714200622,14.5282644745692,7.35487993020429,1,sometimes,third_option,cash,10.0,10.0,3,,,,3,-4.0,3,0.0,more,less,false,56,male,graduate,0,0,101.69,3,1,1,cbctgbhm,,,,,0
253,9bxb8iuj,5e6387b1b7d70b10675e3a26,0,12,12,pricing,FinalForProlific,2026-07-02 20:24:01.257216,1,,,102.75,253,,102.75,1,5,0,5,1,5,3851,-8.79848578409706,15.1098174886843,-18.5046274258981,1,sometimes,third_option,cash,0.0,-5.0,4,1,4,1,4,2.0,4,10.0,more,less,false,49,male,bachelor,0,1,100.0,3,1,1,cbctgbhm,,,,,0
254,y56xei6m,6a246e10ba7cd9fe7efa788f,0,12,12,pricing,FinalForProlific,2026-07-02 20:24:02.529556,1,,,114.26,254,,114.26,1,10,0,10,1,4,11687,19.2982240105404,15.3352032889933,8.30613918663683,0,sometimes,third_option,cash,70.0,13.0,3,1,4,1,3,14.0,3,60.0,more,less,false,51,male,some_college,0,1,113.51,3,1,1,cbctgbhm,,,,,0
255,fazmrc0t,5c5b55ce32810e0001c3456b,0,12,12,pricing,FinalForProlific,2026-07-02 20:24:01.821648,1,,,103.48,255,,103.48,1,15,0,15,0,2,6,17.25651292143,15.6552619854883,-10.6145146455845,0,sometimes,third_option,cash,10.0,20.0,3,,,0,4,20.0,4,10.0,more,less,false,58,male,graduate,0,0,101.73,3,1,1,cbctgbhm,,,,,0
256,n4imrppg,69f364fca9d8506616b5feb2,0,12,12,pricing,FinalForProlific,2026-07-02 20:24:03.815440,1,,,106.93,256,,106.93,1,5,3,2,0,2,6,17.25651292143,15.6552619854883,-10.6145146455845,0,sometimes,third_option,cash,30.0,22.0,3,,,1,3,30.0,3,30.0,more,less,false,20,male,some_college,0,0,105.18,3,1,1,cbctgbhm,,,,,0
257,82u7807i,,0,12,12,pricing,FinalForProlific,2026-07-02 20:24:04.645931,1,,,116.22,257,,116.22,1,10,3,7,1,4,11687,19.2982240105404,15.3352032889933,8.30613918663683,0,sometimes,third_option,cash,100.0,50.0,3,1,4,,,,,,more,less,true,29,male,bachelor,1,1,115.72,2,1,1,cbctgbhm,,,,,0
258,z8atuwm3,6a19ca902f839418ee60c6b7,0,12,12,pricing,FinalForProlific,2026-07-02 20:24:07.700482,1,,,93.35,258,,93.35,1,15,3,12,1,5,3851,-8.79848578409706,15.1098174886843,-18.5046274258981,1,sometimes,third_option,cash,50.0,15.0,3,0,4,1,4,16.0,3,70.0,more,less,false,29,female,graduate,1,1,92.6,3,1,1,cbctgbhm,,,,,0
259,qy9tursj,69a63d3e9ea9ba7c05d2083f,0,12,12,pricing,FinalForProlific,2026-07-02 20:24:07.680813,1,,,100.97,259,,100.97,1,10,6,4,1,3,5385,16.8775714200622,14.5282644745692,7.35487993020429,1,sometimes,third_option,cash,25.0,20.0,3,1,4,1,4,20.0,4,20.0,more,less,false,55,male,bachelor,1,1,98.22,3,1,1,cbctgbhm,,,,,0
260,rj96p1b3,6a43ceb2783758885be5b49c,0,12,12,pricing,FinalForProlific,2026-07-02 20:24:08.887045,1,,,104.4,260,,104.4,1,15,6,9,1,4,11687,19.2982240105404,15.3352032889933,8.30613918663683,0,sometimes,third_option,cash,50.0,12.0,3,1,3,0,3,5.0,1,50.0,more,less,false,48,male,bachelor,1,1,103.65,3,1,1,cbctgbhm,,,,,0
261,go8xe2re,5d59a10aa17f570017307126,0,3,12,pricing,ComprehensionQuiz,2026-07-02 20:24:12.078763,1,,,0.0,261,,0.0,1,15,9,6,,3,5385,16.8775714200622,14.5282644745692,7.35487993020429,1,,,,,,,,,,,,,,,,,,,,,,,,1,1,cbctgbhm,,,,,0
262,d7mjj1r3,6a1e6c17cbede57173fc303c,0,12,12,pricing,FinalForProlific,2026-07-02 20:24:12.518044,1,,,99.99,262,,99.99,1,5,0,5,1,5,3851,-8.79848578409706,15.1098174886843,-18.5046274258981,1,sometimes,third_option,cash,20.0,10.0,3,1,2,0,2,30.0,2,30.0,more,less,false,35,female,graduate,0,1,98.24,3,1,1,cbctgbhm,,,,,0
263,n5hmtw58,62b4403257f7d42730f83394,0,12,12,pricing,FinalForProlific,2026-07-02 20:24:12.888495,1,,,97.35,263,,97.35,1,10,0,10,1,5,3851,-8.79848578409706,15.1098174886843,-18.5046274258981,1,sometimes,third_option,cash,50.0,18.5,4,1,4,1,4,22.0,4,65.0,more,less,false,42,male,some_college,1,1,95.6,3,1,1,cbctgbhm,,,,,0
264,x7rs9bg5,69dd1b1450426eeb0f9526aa,0,3,12,pricing,ComprehensionQuiz,2026-07-02 20:24:14.223045,1,,,0.0,264,,0.0,1,15,0,15,,5,3851,-8.79848578409706,15.1098174886843,-18.5046274258981,1,,,,,,,,,,,,,,,,,,,,,,,,1,1,cbctgbhm,,,,,0
265,5mw3yk5j,69f607e7e5df4a146511ed24,0,12,12,pricing,FinalForProlific,2026-07-02 20:24:15.537233,1,,,106.61,265,,106.61,1,5,0,5,1,4,11687,19.2982240105404,15.3352032889933,8.30613918663683,0,sometimes,third_option,cash,20.0,20.0,1,0,3,1,3,10.0,2,20.0,more,less,false,49,female,bachelor,1,1,103.86,3,1,1,cbctgbhm,,,,,0
266,yqa12wmw,5ead58cf86ea9b025ef6c153,0,3,12,pricing,ComprehensionQuiz,2026-07-02 20:24:15.755499,1,,,0.0,266,,0.0,1,10,0,10,,5,3851,-8.79848578409706,15.1098174886843,-18.5046274258981,1,,,,,,,,,,,,,,,,,,,,,,,,1,1,cbctgbhm,,,,,0
267,chaq1foc,6a1497259d26df68f0217f45,0,12,12,pricing,FinalForProlific,2026-07-02 20:24:16.738092,1,,,104.2,267,,104.2,1,15,0,15,0,2,6,17.25651292143,15.6552619854883,-10.6145146455845,0,sometimes,third_option,cash,20.0,2.0,2,,,1,2,2.0,2,50.0,more,less,false,48,female,graduate,0,0,103.45,3,1,1,cbctgbhm,,,,,0
268,80cdkqck,6a24075160115784d45503dd,0,12,12,pricing,FinalForProlific,2026-07-02 20:24:17.529435,1,,,96.11,268,,96.11,1,5,3,2,1,5,3851,-8.79848578409706,15.1098174886843,-18.5046274258981,1,sometimes,third_option,cash,30.0,-2.0,4,1,5,1,5,12.0,5,80.0,more,less,false,30,female,bachelor,1,1,94.36,3,1,1,cbctgbhm,,,,,0
269,n4ih4957,660c498fe2029b300dc010af,0,3,12,pricing,ComprehensionQuiz,2026-07-02 20:24:20.396574,1,,,0.0,269,,0.0,1,10,3,7,,2,6,17.25651292143,15.6552619854883,-10.6145146455845,0,,,,,,,,,,,,,,,,,,,,,,,,1,1,cbctgbhm,,,,,0
270,p7bv9rtf,6a0231a2ed683a3a43aec921,0,2,12,pricing,Instructions,2026-07-02 20:24:20.388222,1,,,0.0,270,,0.0,1,15,3,12,,2,6,17.25651292143,15.6552619854883,-10.6145146455845,0,,,,,,,,,,,,,,,,,,,,,,,,1,1,cbctgbhm,,,,,0
271,rq16asjh,6a102c5e27d4800179f2e992,0,12,12,pricing,FinalForProlific,2026-07-02 20:24:20.671978,1,,,114.41,271,,114.41,1,10,6,4,0,3,5385,16.8775714200622,14.5282644745692,7.35487993020429,1,sometimes,third_option,cash,75.0,21.0,2,,,0,3,7.0,2,50.0,more,less,false,39,male,graduate,1,0,112.66,3,1,1,cbctgbhm,,,,,0
272,nhdxivgt,6a0ed45d5a38168bc16f79ca,0,4,12,pricing,Practice,2026-07-02 20:24:21.418625,1,,,0.0,272,,0.0,1,15,6,9,,4,11687,19.2982240105404,15.3352032889933,8.30613918663683,0,sometimes,third_option,cash,,,,,,,,,,,,,,,,,,,,,1,1,cbctgbhm,,,,,0
273,60ltvplq,69d0ae05c080c6bb153f8016,0,12,12,pricing,FinalForProlific,2026-07-02 20:24:21.656461,1,,,110.19,273,,110.19,1,15,9,6,0,3,5385,16.8775714200622,14.5282644745692,7.35487993020429,1,sometimes,third_option,cash,50.0,15.0,2,,,1,3,15.0,,50.0,more,less,false,37,male,bachelor,1,0,108.44,3,1,1,cbctgbhm,,,,,0
274,fzdrbznh,5fb25a7e5960a87fb627c12b,0,12,12,pricing,FinalForProlific,2026-07-02 20:24:21.615565,1,,,105.93,274,,105.93,1,5,0,5,0,2,6,17.25651292143,15.6552619854883,-10.6145146455845,0,sometimes,third_option,cash,30.0,10.0,4,,,0,4,20.0,4,30.0,more,less,false,80,male,bachelor,0,0,105.18,3,1,1,cbctgbhm,,,,,0
275,2tb6svwd,67e97c83defde50e103c1f25,0,4,12,pricing,Practice,2026-07-02 20:24:22.627798,1,,,0.0,275,,0.0,1,10,0,10,,2,6,17.25651292143,15.6552619854883,-10.6145146455845,0,sometimes,third_option,cash,,,,,,,,,,,,,,,,,,,,,1,1,cbctgbhm,,,,,0
276,2r16tbnf,6a14c84872f3851ab32e8c01,0,12,12,pricing,FinalForProlific,2026-07-02 20:24:22.814873,1,,,117.63,276,,117.63,1,15,0,15,0,3,5385,16.8775714200622,14.5282644745692,7.35487993020429,1,sometimes,third_option,cash,100.0,22.0,3,,,1,3,-5.0,3,0.0,more,less,false,31,female,some_college,0,0,116.88,3,1,1,cbctgbhm,,,,,0
277,b28vgwr3,69e936361f6c512a8ed6f82e,0,12,12,pricing,FinalForProlific,2026-07-02 20:24:22.879623,1,,,100.99,277,,100.99,1,5,0,5,1,5,3851,-8.79848578409706,15.1098174886843,-18.5046274258981,1,sometimes,third_option,cash,20.0,-10.0,3,1,4,1,3,-5.0,4,20.0,more,less,false,46,male,bachelor,0,1,98.24,3,1,1,cbctgbhm,,,,,0
278,tumsnr75,67df2438f087a74ea30f779b,0,12,12,pricing,FinalForProlific,2026-07-02 20:24:24.402213,1,,,97.79,278,,97.79,1,10,0,10,1,5,3851,-8.79848578409706,15.1098174886843,-18.5046274258981,1,sometimes,third_option,cash,45.0,15.0,3,1,3,1,4,20.0,,70.0,more,less,false,34,female,graduate,1,1,96.04,3,1,1,cbctgbhm,,,,,0
279,qgbzshoe,60ba3ba230144fd3e30a1a85,0,12,12,pricing,FinalForProlific,2026-07-02 20:24:24.394414,1,,,110.4,279,,110.4,1,15,0,15,1,4,11687,19.2982240105404,15.3352032889933,8.30613918663683,0,sometimes,third_option,cash,50.0,10.0,2,1,3,1,1,5.0,1,50.0,more,less,false,52,male,bachelor,0,1,109.65,3,1,1,cbctgbhm,,,,,0
280,qw7v7ost,6a00a2edfe3cda340d616005,0,3,12,pricing,ComprehensionQuiz,2026-07-02 20:24:24.827117,1,,,0.0,280,,0.0,1,5,3,2,,2,6,17.25651292143,15.6552619854883,-10.6145146455845,0,,,,,,,,,,,,,,,,,,,,,,,,1,1,cbctgbhm,,,,,0
281,4k4iffch,696c14c4c7de2d012b0911cb,0,12,12,pricing,FinalForProlific,2026-07-02 20:24:26.872770,1,,,113.25,281,,113.25,1,10,3,7,1,3,5385,16.8775714200622,14.5282644745692,7.35487993020429,1,sometimes,third_option,cash,80.0,20.0,4,1,4,1,4,20.0,4,50.0,more,less,false,27,male,highschool,0,1,110.5,3,1,1,cbctgbhm,,,,,0
282,teoubldf,69b7b14dc338cae11749da9b,0,12,12,pricing,FinalForProlific,2026-07-02 20:24:26.984010,1,,,113.47,282,,113.47,1,15,3,12,1,2,6,17.25651292143,15.6552619854883,-10.6145146455845,0,sometimes,third_option,cash,94.0,30.0,2,1,2,1,1,20.0,4,100.0,more,same,true,30,female,graduate,1,1,113.22,1,1,1,cbctgbhm,,,,,0
283,en3dfukh,6a0f63175c9e7280ae6809a5,0,12,12,pricing,FinalForProlific,2026-07-02 20:24:27.566263,1,,,101.56,283,,101.56,1,10,6,4,1,3,5385,16.8775714200622,14.5282644745692,7.35487993020429,1,sometimes,third_option,cash,30.0,20.0,1,1,5,0,3,,1,10.0,more,dk,false,23,female,graduate,0,1,99.06,2,1,1,cbctgbhm,,,,,0
284,6gt3a6cm,5ecc5a663823de80ecbe966a,0,12,12,pricing,FinalForProlific,2026-07-02 20:24:28.192835,1,,,103.18,284,,103.18,1,15,6,9,1,4,11687,19.2982240105404,15.3352032889933,8.30613918663683,0,sometimes,third_option,cash,45.0,50.0,4,1,5,1,,25.0,4,35.0,exactly,less,false,64,male,bachelor,0,1,102.68,2,1,1,cbctgbhm,,,,,0
285,ubf5jn3m,69f2c57f4cb9c97ec2c455cc,0,12,12,pricing,FinalForProlific,2026-07-02 20:24:30.780536,1,,,101.19,285,,101.19,1,15,9,6,1,3,5385,16.8775714200622,14.5282644745692,7.35487993020429,1,sometimes,third_option,cash,50.0,20.0,4,0,3,1,4,19.0,4,20.0,more,less,false,36,male,some_college,1,1,99.44,3,1,1,cbctgbhm,,,,,0
286,9uruneaj,671bbaf1bec15d847b871b9b,0,12,12,pricing,FinalForProlific,2026-07-02 20:24:31.084210,1,,,115.26,286,,115.26,1,5,0,5,1,4,11687,19.2982240105404,15.3352032889933,8.30613918663683,0,sometimes,third_option,cash,70.0,18.0,3,1,4,1,3,14.0,4,60.0,more,less,false,34,male,bachelor,0,1,113.51,3,1,1,cbctgbhm,,,,,0
287,h888ta5l,69af0f27f4d04217e4e71484,0,12,12,pricing,FinalForProlific,2026-07-02 20:24:32.473886,1,,,96.35,287,,96.35,1,10,0,10,0,5,3851,-8.79848578409706,15.1098174886843,-18.5046274258981,1,sometimes,third_option,cash,50.0,5.0,2,,,0,2,10.0,2,25.0,more,less,false,32,male,some_college,0,0,95.6,3,1,1,cbctgbhm,,,,,0
288,ya4nsosv,6a0380b45dcd67bf7268763b,0,12,12,pricing,FinalForProlific,2026-07-02 20:24:32.527017,1,,,101.75,288,,101.75,1,15,0,15,1,5,3851,-8.79848578409706,15.1098174886843,-18.5046274258981,1,sometimes,third_option,cash,0.0,-15.0,4,1,5,1,4,15.0,3,100.0,more,less,false,51,male,graduate,0,1,100.0,3,1,1,cbctgbhm,,,,,0
289,0vrjsv6w,66c54542fde51396756cb576,0,12,12,pricing,FinalForProlific,2026-07-02 20:24:36.144727,1,,,118.63,289,,118.63,1,5,0,5,1,3,5385,16.8775714200622,14.5282644745692,7.35487993020429,1,sometimes,third_option,cash,100.0,6.0,3,1,4,1,3,15.0,3,25.0,more,less,false,54,female,some_college,0,1,116.88,3,1,1,cbctgbhm,,,,,0
290,wbcmjhks,6229fff149374541c22a95bf,0,12,12,pricing,FinalForProlific,2026-07-02 20:24:36.154541,1,,,98.35,290,,98.35,1,10,0,10,1,5,3851,-8.79848578409706,15.1098174886843,-18.5046274258981,1,sometimes,third_option,cash,50.0,-5.0,3,1,4,1,4,-10.0,,0.0,more,less,false,71,male,bachelor,1,1,95.6,3,1,1,cbctgbhm,,,,,0
291,qzt64mio,69fc57fcb55d5a7e838a5767,0,12,12,pricing,FinalForProlific,2026-07-02 20:24:38.521470,1,,,117.63,291,,117.63,1,15,0,15,0,3,5385,16.8775714200622,14.5282644745692,7.35487993020429,1,sometimes,third_option,cash,100.0,30.0,1,,,1,3,10.0,2,100.0,more,less,false,49,male,graduate,0,0,116.88,3,1,1,cbctgbhm,,,,,0
292,fp8ixhub,6a3090ec1a7afbd7da1b4dc6,0,12,12,pricing,FinalForProlific,2026-07-02 20:24:42.603625,1,,,105.47,292,,105.47,1,5,3,2,1,4,11687,19.2982240105404,15.3352032889933,8.30613918663683,0,sometimes,third_option,cash,40.0,0.0,4,1,3,1,4,40.0,4,70.0,more,less,false,35,male,bachelor,1,1,104.72,3,1,1,cbctgbhm,,,,,0
293,ftx6gkru,5978f6f009bdcf000153f43d,0,12,12,pricing,FinalForProlific,2026-07-02 20:24:47.118408,1,,,110.43,293,,110.43,1,10,3,7,0,4,11687,19.2982240105404,15.3352032889933,8.30613918663683,0,sometimes,third_option,cash,45.0,17.0,4,,,0,3,14.0,4,40.0,more,less,false,61,male,graduate,0,0,108.68,3,1,1,cbctgbhm,,,,,0
294,c4zp0ugb,572230173fbc810011c58a38,0,12,12,pricing,FinalForProlific,2026-07-02 20:24:48.382390,1,,,96.35,294,,96.35,1,15,3,12,0,5,3851,-8.79848578409706,15.1098174886843,-18.5046274258981,1,sometimes,third_option,cash,50.0,10.0,3,,,0,3,15.0,2,50.0,more,less,false,40,female,bachelor,0,0,95.6,3,1,1,cbctgbhm,,,,,0
295,h7ma0nhj,663d38dc09420dbd2ba3f617,0,12,12,pricing,FinalForProlific,2026-07-02 20:24:48.710434,1,,,106.4,295,,106.4,1,10,6,4,1,4,11687,19.2982240105404,15.3352032889933,8.30613918663683,0,sometimes,third_option,cash,50.0,15.0,2,0,2,1,,12.0,4,50.0,more,less,false,68,female,some_college,0,1,103.65,3,1,1,cbctgbhm,,,,,0
296,v2hy6fij,69b0c18da5fae9eb6f4a1fe4,0,12,12,pricing,FinalForProlific,2026-07-02 20:24:48.759575,1,,,103.64,296,,103.64,1,15,6,9,0,4,11687,19.2982240105404,15.3352032889933,8.30613918663683,0,sometimes,third_option,cash,15.0,8.0,3,,,1,4,8.0,3,10.0,more,less,false,29,male,bachelor,1,0,102.89,3,1,1,cbctgbhm,,,,,0
297,y593ex6j,6913eceb7b168aef2afc27a7,0,12,12,pricing,FinalForProlific,2026-07-02 20:24:50.311922,1,,,93.68,297,,93.68,1,15,9,6,1,4,11687,19.2982240105404,15.3352032889933,8.30613918663683,0,sometimes,third_option,cash,10.0,10.0,3,1,3,1,3,20.0,3,15.0,more,less,false,27,female,some_college,1,1,92.93,3,1,1,cbctgbhm,,,,,0
298,q6b8z6u1,69b501e7b0a43fef03b97fb3,0,12,12,pricing,FinalForProlific,2026-07-02 20:24:54.219911,1,,,98.67,298,,98.67,1,5,0,5,1,5,3851,-8.79848578409706,15.1098174886843,-18.5046274258981,1,sometimes,third_option,cash,35.0,10.0,1,1,1,0,2,3.0,2,20.0,more,less,false,20,male,highschool,0,1,96.92,3,1,1,cbctgbhm,,,,,0
299,avoikafc,6a00e97a8d9756b8785b6775,0,12,12,pricing,FinalForProlific,2026-07-02 20:24:54.651313,1,,,102.75,299,,102.75,1,10,0,10,1,2,6,17.25651292143,15.6552619854883,-10.6145146455845,0,sometimes,third_option,cash,0.0,16.0,1,0,5,1,5,22.0,4,100.0,more,less,false,32,male,bachelor,0,1,100.0,3,1,1,cbctgbhm,,,,,0
300,fmj46lwk,69f662693ba602a8bd8b148c,0,12,12,pricing,FinalForProlific,2026-07-02 20:24:57.074158,1,,,103.84,300,,103.84,1,15,0,15,1,2,6,17.25651292143,15.6552619854883,-10.6145146455845,0,sometimes,third_option,cash,15.0,15.0,3,1,4,1,3,20.0,3,25.0,more,dk,dk,67,female,some_college,0,1,102.59,1,1,1,cbctgbhm,,,,,0
301,zyl42t5e,66e1532449ef182981b6fc9e,0,12,12,pricing,FinalForProlific,2026-07-02 20:24:57.580785,1,,,120.55,301,,120.55,1,5,0,5,1,4,11687,19.2982240105404,15.3352032889933,8.30613918663683,0,sometimes,third_option,cash,1000.0,1.7,1,0,2,1,3,2.5,4,2500.0,less,less,true,38,male,highschool,0,1,119.3,1,1,1,cbctgbhm,,,,,0
302,i8hv10um,6a1d009b4117a2e737b798b4,0,12,12,pricing,FinalForProlific,2026-07-02 20:24:58.953818,1,,,111.13,302,,111.13,1,10,0,10,1,2,6,17.25651292143,15.6552619854883,-10.6145146455845,0,sometimes,third_option,cash,50.0,15.0,3,0,3,0,4,20.0,2,50.0,less,less,false,34,female,some_college,1,1,108.63,2,1,1,cbctgbhm,,,,,0
303,ziup6wd1,698582df6dd2af8826766dfd,0,12,12,pricing,FinalForProlific,2026-07-02 20:25:02.177660,1,,,94.89,303,,94.89,1,15,0,15,1,5,3851,-8.79848578409706,15.1098174886843,-18.5046274258981,1,sometimes,third_option,cash,78.0,29.0,5,1,5,1,4,25.0,5,20.0,more,less,false,21,other,highschool,1,1,93.14,3,1,1,cbctgbhm,,,,,0
304,1hcizhia,69e77b613d32dc5b1ff7e483,0,12,12,pricing,FinalForProlific,2026-07-02 20:25:03.708780,1,,,106.94,304,,106.94,1,5,3,2,1,3,5385,16.8775714200622,14.5282644745692,7.35487993020429,1,sometimes,third_option,cash,50.0,25.0,5,1,5,1,4,5.0,5,20.0,more,less,true,39,female,bachelor,0,1,105.44,2,1,1,cbctgbhm,,,,,0
305,b0wwozbz,654a44f0addb5f41f1705b75,0,12,12,pricing,FinalForProlific,2026-07-02 20:25:04.271062,1,,,101.75,305,,101.75,1,10,3,7,0,3,5385,16.8775714200622,14.5282644745692,7.35487993020429,1,sometimes,third_option,cash,0.0,20.0,4,,,1,4,22.0,4,0.0,more,less,false,46,male,graduate,0,0,100.0,3,1,1,cbctgbhm,,,,,0
306,m4p8iyqo,66072bcf065f7722b6e6ec0c,0,4,12,pricing,Practice,2026-07-02 20:25:05.904829,1,,,0.0,306,,0.0,1,15,3,12,,5,3851,-8.79848578409706,15.1098174886843,-18.5046274258981,1,sometimes,third_option,cash,,,,,,,,,,,,,,,,,,,,,1,1,cbctgbhm,,,,,0
307,yfp23cxh,697fbcfaae6bc29a56c28d58,0,12,12,pricing,FinalForProlific,2026-07-02 20:25:08.399993,1,,,102.5,307,,102.5,1,10,6,4,1,3,5385,16.8775714200622,14.5282644745692,7.35487993020429,1,sometimes,third_option,cash,40.0,10.0,4,1,5,1,4,15.0,4,50.0,more,less,false,29,female,bachelor,1,1,100.75,3,1,1,cbctgbhm,,,,,0
308,cni7o6cm,69f4e5fef0e9b310fc27ece7,0,12,12,pricing,FinalForProlific,2026-07-02 20:25:09.368780,1,,,98.64,308,,98.64,1,15,6,9,1,4,11687,19.2982240105404,15.3352032889933,8.30613918663683,0,sometimes,third_option,cash,15.0,7.0,4,0,4,1,3,20.0,4,50.0,more,less,false,22,male,highschool,1,1,96.89,3,1,1,cbctgbhm,,,,,0
309,w43i5t8n,6a14cafd01c7c48f83037c64,0,12,12,pricing,FinalForProlific,2026-07-02 20:25:10.884512,1,,,108.19,309,,108.19,1,15,9,6,1,4,11687,19.2982240105404,15.3352032889933,8.30613918663683,0,sometimes,third_option,cash,80.0,20.0,4,1,4,1,4,25.0,4,80.0,more,less,false,23,female,bachelor,1,1,106.44,3,1,1,cbctgbhm,,,,,0
310,mnfzyn25,66880bd9fc1509787faaa118,0,12,12,pricing,FinalForProlific,2026-07-02 20:25:10.774233,1,,,122.05,310,,122.05,1,5,0,5,1,4,11687,19.2982240105404,15.3352032889933,8.30613918663683,0,sometimes,third_option,cash,100.0,15.0,3,0,4,0,3,15.0,3,100.0,more,less,false,59,female,bachelor,1,1,119.3,3,1,1,cbctgbhm,,,,,0
311,jozqqv9s,6116f994419d66823ecd35b0,0,12,12,pricing,FinalForProlific,2026-07-02 20:25:11.482573,1,,,102.48,311,,102.48,1,10,0,10,1,2,6,17.25651292143,15.6552619854883,-10.6145146455845,0,sometimes,third_option,cash,10.0,2.0,3,1,4,1,3,3.0,,5.0,more,less,false,50,male,graduate,1,1,101.73,3,1,1,cbctgbhm,,,,,0
312,h2k0znkw,65084d7d30b8519e1126bdb3,0,12,12,pricing,FinalForProlific,2026-07-02 20:25:11.474130,1,,,106.57,312,,106.57,1,15,0,15,0,4,11687,19.2982240105404,15.3352032889933,8.30613918663683,0,sometimes,third_option,cash,25.0,20.0,2,,,0,4,10.0,3,50.0,more,less,false,23,male,bachelor,0,0,104.82,3,1,1,cbctgbhm,,,,,0
313,dj4hejwf,6a0f8be783a3cf6bc4f0fd11,0,12,12,pricing,FinalForProlific,2026-07-02 20:25:14.720914,1,,,106.81,313,,106.81,1,5,0,5,1,3,5385,16.8775714200622,14.5282644745692,7.35487993020429,1,sometimes,third_option,cash,30.0,1.08,3,1,3,1,3,1.05,3,20.0,more,less,false,36,male,bachelor,1,1,105.06,3,1,1,cbctgbhm,,,,,0
314,gyes2cu2,66b0ce6937f5b9ab41e825a7,0,2,12,pricing,Instructions,2026-07-02 20:25:16.575913,1,,,0.0,314,,0.0,1,10,0,10,,5,3851,-8.79848578409706,15.1098174886843,-18.5046274258981,1,,,,,,,,,,,,,,,,,,,,,,,,1,1,cbctgbhm,,,,,0
315,ya3qjx02,5f675a08b51c00065fdbe3db,0,3,12,pricing,ComprehensionQuiz,2026-07-02 20:25:18.090978,1,,,0.0,315,,0.0,1,15,0,15,,3,5385,16.8775714200622,14.5282644745692,7.35487993020429,1,,,,,,,,,,,,,,,,,,,,,,,,1,1,cbctgbhm,,,,,0
316,0bjpxvya,69ee75320f0aa6f59f196b96,0,12,12,pricing,FinalForProlific,2026-07-02 20:25:20.380797,1,,,100.61,316,,100.61,1,5,3,2,1,2,6,17.25651292143,15.6552619854883,-10.6145146455845,0,sometimes,third_option,cash,5.0,20.0,1,0,5,1,5,10.0,4,70.0,more,less,false,31,male,bachelor,1,1,97.86,3,1,1,cbctgbhm,,,,,0
317,g6bhuet0,,0,12,12,pricing,FinalForProlific,2026-07-02 20:25:20.750516,1,,,117.47,317,,117.47,1,10,3,7,1,4,11687,19.2982240105404,15.3352032889933,8.30613918663683,0,sometimes,third_option,cash,97.0,22.0,4,1,4,1,5,30.0,5,100.0,more,less,false,29,female,graduate,1,1,115.72,3,1,1,cbctgbhm,,,,,0
318,fhsrncmd,6a0c11f2fffe99a65d77a7b9,0,2,12,pricing,Instructions,2026-07-02 20:25:20.552186,1,,,0.0,318,,0.0,1,15,3,12,,5,3851,-8.79848578409706,15.1098174886843,-18.5046274258981,1,,,,,,,,,,,,,,,,,,,,,,,,1,1,cbctgbhm,,,,,0
319,o5twz4zq,69b0a76a5391ab8c0e6d8e21,0,12,12,pricing,FinalForProlific,2026-07-02 20:25:23.555866,1,,,107.33,319,,107.33,1,10,6,4,1,4,11687,19.2982240105404,15.3352032889933,8.30613918663683,0,sometimes,third_option,cash,60.0,10.0,3,0,4,1,4,15.0,3,50.0,more,less,false,37,male,bachelor,1,1,105.58,3,1,1,cbctgbhm,,,,,0
320,pq18z2k9,69f15019a799c1d83e971642,0,12,12,pricing,FinalForProlific,2026-07-02 20:25:23.626192,1,,,96.23,320,,96.23,1,15,6,9,1,2,6,17.25651292143,15.6552619854883,-10.6145146455845,0,sometimes,third_option,cash,10.0,-10.0,3,1,4,1,4,-5.0,3,50.0,more,less,true,24,male,some_college,0,1,95.73,2,1,1,cbctgbhm,,,,,0
321,55le948o,69f27611bd86f7418fba0854,0,12,12,pricing,FinalForProlific,2026-07-02 20:25:25.198543,1,,,95.91,321,,95.91,1,15,9,6,0,5,3851,-8.79848578409706,15.1098174886843,-18.5046274258981,1,sometimes,third_option,cash,55.0,23.0,5,,,1,4,12.0,5,50.0,more,less,false,22,female,some_college,0,0,95.16,3,1,1,cbctgbhm,,,,,0
322,wj8w3bib,6a16ea7037fa5cfc2dbda395,0,12,12,pricing,FinalForProlific,2026-07-02 20:25:26.111275,1,,,110.19,322,,110.19,1,5,0,5,1,3,5385,16.8775714200622,14.5282644745692,7.35487993020429,1,sometimes,third_option,cash,50.0,10.0,3,1,3,1,3,15.0,3,0.5,more,less,false,21,female,bachelor,1,1,108.44,3,1,1,cbctgbhm,,,,,0
323,48dlf1qo,6a08c18bc216568d1f088d26,0,2,12,pricing,Instructions,2026-07-02 20:25:26.520750,1,,,0.0,323,,0.0,1,10,0,10,,2,6,17.25651292143,15.6552619854883,-10.6145146455845,0,,,,,,,,,,,,,,,,,,,,,,,,1,1,cbctgbhm,,,,,0
324,9o7hxoef,6a0c78f8d312d22c13af2005,0,12,12,pricing,FinalForProlific,2026-07-02 20:25:28.978870,1,,,96.79,324,,96.79,1,15,0,15,0,5,3851,-8.79848578409706,15.1098174886843,-18.5046274258981,1,sometimes,third_option,cash,45.0,40.0,4,,,,4,45.0,3,40.0,more,less,false,40,female,bachelor,1,0,96.04,3,1,1,cbctgbhm,,,,,0
325,6p92xd9a,69cc19a2449f9d4df4a878d6,0,12,12,pricing,FinalForProlific,2026-07-02 20:25:28.689143,1,,,111.19,325,,111.19,1,5,0,5,1,3,5385,16.8775714200622,14.5282644745692,7.35487993020429,1,sometimes,third_option,cash,50.0,15.0,4,1,4,0,3,5.0,1,5.0,more,less,false,55,male,bachelor,0,1,108.44,3,1,1,cbctgbhm,,,,,0
326,1hiick0e,6a00d3c31e08150e1a3876a8,0,12,12,pricing,FinalForProlific,2026-07-02 20:25:30.951704,1,,,105.06,326,,105.06,1,10,0,10,1,2,6,17.25651292143,15.6552619854883,-10.6145146455845,0,sometimes,third_option,cash,25.0,10.0,2,1,3,0,4,15.0,3,50.0,more,less,false,24,male,bachelor,0,1,104.31,3,1,1,cbctgbhm,,,,,0
327,myf2xlwv,6a03970bcb1c8bc853d651f7,0,12,12,pricing,FinalForProlific,2026-07-02 20:25:32.185728,1,,,106.13,327,,106.13,1,15,0,15,1,3,5385,16.8775714200622,14.5282644745692,7.35487993020429,1,sometimes,third_option,cash,20.0,20.0,3,1,3,1,3,-5.0,3,0.0,more,less,false,38,male,graduate,0,1,103.38,3,1,1,cbctgbhm,,,,,0
328,jzjxu2rw,69c39624fc6205cf84be7a0c,0,12,12,pricing,FinalForProlific,2026-07-02 20:25:33.329140,1,,,101.61,328,,101.61,1,5,3,2,1,4,11687,19.2982240105404,15.3352032889933,8.30613918663683,0,sometimes,third_option,cash,20.0,10.0,4,1,5,1,4,-5.0,4,0.0,more,less,false,37,male,highschool,0,1,100.86,3,1,1,cbctgbhm,,,,,0
329,j3vrcqc5,69e92ef089df5978f5529082,0,12,12,pricing,FinalForProlific,2026-07-02 20:25:35.108666,1,,,96.55,329,,96.55,1,10,3,7,1,5,3851,-8.79848578409706,15.1098174886843,-18.5046274258981,1,sometimes,third_option,cash,25.0,17.3,3,1,2,0,2,25.0,3,50.0,more,less,false,43,female,bachelor,0,1,94.8,3,1,1,cbctgbhm,,,,,0
330,clp2aq4q,6a0b755a88b3aa117275120b,0,12,12,pricing,FinalForProlific,2026-07-02 20:25:37.082066,1,,,108.09,330,,108.09,1,15,3,12,1,2,6,17.25651292143,15.6552619854883,-10.6145146455845,0,sometimes,third_option,cash,57.0,15.0,4,1,4,1,4,25.0,,70.0,more,same,true,37,male,bachelor,1,1,106.84,1,1,1,cbctgbhm,,,,,0
331,r1swwxiz,6a02ec0baeae7fa4cfd63326,0,12,12,pricing,FinalForProlific,2026-07-02 20:25:38.994547,1,,,100.75,331,,100.75,1,10,6,4,0,2,6,17.25651292143,15.6552619854883,-10.6145146455845,0,sometimes,third_option,cash,0.0,-15.0,1,,,1,1,10.0,1,25.0,more,less,false,22,male,bachelor,0,0,100.0,3,1,1,cbctgbhm,,,,,0
332,ou1h1xiy,6a2726631c191ae3664464de,0,12,12,pricing,FinalForProlific,2026-07-02 20:25:41.618315,1,,,91.35,332,,91.35,1,15,6,9,1,5,3851,-8.79848578409706,15.1098174886843,-18.5046274258981,1,sometimes,third_option,cash,50.0,5.0,4,1,4,0,5,15.0,3,50.0,more,less,false,34,male,some_college,0,1,89.6,3,1,1,cbctgbhm,,,,,0
333,ac4irlv0,6a080b06c993b34c8d034340,0,12,12,pricing,FinalForProlific,2026-07-02 20:25:41.785021,1,,,92.75,333,,92.75,1,15,9,6,1,5,3851,-8.79848578409706,15.1098174886843,-18.5046274258981,1,sometimes,third_option,cash,0.0,-15.0,3,1,3,1,3,10.0,2,100.0,more,less,false,51,female,graduate,0,1,91.0,3,1,1,cbctgbhm,,,,,0
334,6l9szk0r,5dc4c22f0389e438ac69eac9,0,12,12,pricing,FinalForProlific,2026-07-02 20:25:42.492807,1,,,103.7,334,,103.7,1,5,0,5,1,2,6,17.25651292143,15.6552619854883,-10.6145146455845,0,sometimes,third_option,cash,20.0,5.0,2,1,4,1,4,10.0,3,50.0,more,same,true,39,female,some_college,0,1,103.45,1,1,1,cbctgbhm,,,,,0
335,uzzvxobn,6172430a2fbf1383e0493223,0,3,12,pricing,ComprehensionQuiz,2026-07-02 20:25:44.720141,1,,,0.0,335,,0.0,1,10,0,10,,2,6,17.25651292143,15.6552619854883,-10.6145146455845,0,,,,,,,,,,,,,,,,,,,,,,,,1,1,cbctgbhm,,,,,0
336,yczf03su,6a1897db42be7cd1b4b3e2bf,0,12,12,pricing,FinalForProlific,2026-07-02 20:25:46.669361,1,,,112.4,336,,112.4,1,15,0,15,1,4,11687,19.2982240105404,15.3352032889933,8.30613918663683,0,sometimes,third_option,cash,50.0,15.0,2,0,4,0,4,15.0,2,50.0,more,less,false,38,female,bachelor,0,1,109.65,3,1,1,cbctgbhm,,,,,0
337,y1qlhfiw,69fdda7b1de3674cc53ee356,0,12,12,pricing,FinalForProlific,2026-07-02 20:25:46.909146,1,,,118.01,337,,118.01,1,5,0,5,1,2,6,17.25651292143,15.6552619854883,-10.6145146455845,0,sometimes,third_option,cash,100.0,5.0,2,1,2,1,2,10.0,2,100.0,more,less,false,35,male,bachelor,1,1,117.26,3,1,1,cbctgbhm,,,,,0
338,9gilcp5m,6a26311766436b2345c944e1,0,12,12,pricing,FinalForProlific,2026-07-02 20:25:51.248802,1,,,119.01,338,,119.01,1,10,0,10,1,2,6,17.25651292143,15.6552619854883,-10.6145146455845,0,sometimes,third_option,cash,100.0,17.0,4,1,4,,4,18.0,3,100.0,more,less,false,31,female,graduate,0,1,117.26,3,1,1,cbctgbhm,,,,,0
339,xhs6wkvc,5cd8996bdf739100011b1f3e,0,12,12,pricing,FinalForProlific,2026-07-02 20:25:51.994989,1,,,100.31,339,,100.31,1,15,0,15,0,5,3851,-8.79848578409706,15.1098174886843,-18.5046274258981,1,sometimes,third_option,cash,5.0,10.0,3,,,1,4,15.0,3,5.0,more,less,false,44,female,some_college,0,0,99.56,3,1,1,cbctgbhm,,,,,0
340,9hjokfy5,6a213f0eb3b7243fd20dd1ae,0,12,12,pricing,FinalForProlific,2026-07-02 20:25:53.733833,1,,,99.34,340,,99.34,1,5,3,2,1,3,5385,16.8775714200622,14.5282644745692,7.35487993020429,1,sometimes,third_option,cash,5.0,15.0,2,0,2,1,4,25.0,4,10.0,more,less,dk,21,female,highschool,0,1,97.84,2,1,1,cbctgbhm,,,,,0
341,b6odak9m,5d5580165514d80017cd1999,0,12,12,pricing,FinalForProlific,2026-07-02 20:25:54.741819,1,,,107.54,341,,107.54,1,10,3,7,0,4,11687,19.2982240105404,15.3352032889933,8.30613918663683,0,sometimes,third_option,cash,30.0,20.0,4,,,1,5,10.0,4,20.0,more,less,false,40,male,bachelor,0,0,105.79,3,1,1,cbctgbhm,,,,,0
342,rjw9c6yf,665637a539f6f3b6ea793f96,0,12,12,pricing,FinalForProlific,2026-07-02 20:25:54.759544,1,,,118.63,342,,118.63,1,15,3,12,0,3,5385,16.8775714200622,14.5282644745692,7.35487993020429,1,sometimes,third_option,cash,100.0,12.0,3,,,1,4,6.0,3,100.0,more,less,false,59,female,some_college,0,0,116.88,3,1,1,cbctgbhm,,,,,0
343,6trbnrco,6a03623f9fdc400ed4228e81,0,2,12,pricing,Instructions,2026-07-02 20:25:55.859940,1,,,0.0,343,,0.0,1,10,6,4,,5,3851,-8.79848578409706,15.1098174886843,-18.5046274258981,1,,,,,,,,,,,,,,,,,,,,,,,,1,1,cbctgbhm,,,,,0
344,rtefl4rd,6a1027ad463fb77cfee91b51,0,12,12,pricing,FinalForProlific,2026-07-02 20:25:57.841611,1,,,92.76,344,,92.76,1,15,6,9,1,5,3851,-8.79848578409706,15.1098174886843,-18.5046274258981,1,sometimes,third_option,cash,34.0,9.0,3,1,4,1,4,27.0,4,30.0,more,less,false,66,male,graduate,0,1,91.01,3,1,1,cbctgbhm,,,,,0
345,73ozxsdh,67acd3de8b917fb0c3418d9a,0,12,12,pricing,FinalForProlific,2026-07-02 20:25:59.806946,1,,,101.61,345,,101.61,1,15,9,6,0,2,6,17.25651292143,15.6552619854883,-10.6145146455845,0,sometimes,third_option,cash,5.0,10.0,1,,,1,2,10.0,1,10.0,more,less,false,42,female,bachelor,0,0,100.86,3,1,1,cbctgbhm,,,,,0
346,w4yipfz2,6394e32126ebbdc7b10c6748,0,12,12,pricing,FinalForProlific,2026-07-02 20:25:59.910332,1,,,100.31,346,,100.31,1,5,0,5,0,5,3851,-8.79848578409706,15.1098174886843,-18.5046274258981,1,sometimes,third_option,cash,5.0,-2.0,1,,,1,4,-8.0,2,0.0,more,less,false,63,male,bachelor,1,0,99.56,3,1,1,cbctgbhm,,,,,0
347,tbzua42o,691235d712168992886b5114,0,12,12,pricing,FinalForProlific,2026-07-02 20:26:00.242260,1,,,97.23,347,,97.23,1,10,0,10,1,5,3851,-8.79848578409706,15.1098174886843,-18.5046274258981,1,sometimes,third_option,cash,40.0,15.0,2,0,3,0,2,16.0,2,35.0,more,less,false,48,male,bachelor,0,1,96.48,3,1,1,cbctgbhm,,,,,0
348,8rdw85g1,69e917ab72f7105f082dbca0,0,12,12,pricing,FinalForProlific,2026-07-02 20:26:02.630417,1,,,120.8,348,,120.8,1,15,0,15,1,4,11687,19.2982240105404,15.3352032889933,8.30613918663683,0,sometimes,third_option,cash,100.0,20.0,2,1,3,1,3,50.0,2,50.0,more,same,false,36,male,highschool,0,1,119.3,2,1,1,cbctgbhm,,,,,0
349,seyg7qbc,673b8d1448db4a031a4a90b2,0,4,12,pricing,Practice,2026-07-02 20:26:02.901763,1,,,0.0,349,,0.0,1,5,0,5,,3,5385,16.8775714200622,14.5282644745692,7.35487993020429,1,sometimes,third_option,cash,,,,,,,,,,,,,,,,,,,,,1,1,cbctgbhm,,,,,0
350,oz4jdxqv,58f0fca0d40252000192f201,0,12,12,pricing,FinalForProlific,2026-07-02 20:26:06.391407,1,,,97.23,350,,97.23,1,10,0,10,0,5,3851,-8.79848578409706,15.1098174886843,-18.5046274258981,1,sometimes,third_option,cash,40.0,15.0,4,,,1,4,3.0,2,10.0,more,less,false,45,male,graduate,0,0,96.48,3,1,1,cbctgbhm,,,,,0
351,twn5g62g,60abdc82ec2d1e548b986424,0,12,12,pricing,FinalForProlific,2026-07-02 20:26:07.299391,1,,,110.38,351,,110.38,1,15,0,15,0,2,6,17.25651292143,15.6552619854883,-10.6145146455845,0,sometimes,third_option,cash,50.0,17.5,3,,,1,4,25.0,4,100.0,more,less,false,63,male,graduate,1,0,108.63,3,1,1,cbctgbhm,,,,,0
352,83xog5ov,6a1ef512fd22c5aeb0f054b9,0,3,12,pricing,ComprehensionQuiz,2026-07-02 20:26:08.921618,1,,,0.0,352,,0.0,1,5,3,2,,2,6,17.25651292143,15.6552619854883,-10.6145146455845,0,,,,,,,,,,,,,,,,,,,,,,,,1,1,cbctgbhm,,,,,0
353,e19h3pnk,6a037c8004388cb6252fee45,0,12,12,pricing,FinalForProlific,2026-07-02 20:26:12.871991,1,,,97.75,353,,97.75,1,10,3,7,1,4,11687,19.2982240105404,15.3352032889933,8.30613918663683,0,sometimes,third_option,cash,0.0,0.0,5,1,5,1,5,25.0,5,100.0,more,less,false,37,male,some_college,1,1,97.0,3,1,1,cbctgbhm,,,,,0
354,2lor0mgm,609551c1ade88f8463666fb8,0,12,12,pricing,FinalForProlific,2026-07-02 20:26:13.979457,1,,,105.93,354,,105.93,1,15,3,12,0,2,6,17.25651292143,15.6552619854883,-10.6145146455845,0,sometimes,third_option,cash,30.0,-10.0,3,,,1,4,-20.0,4,20.0,more,less,false,26,male,bachelor,0,0,105.18,3,1,1,cbctgbhm,,,,,0
355,c6c27rka,669bea454c1e89496d925394,0,12,12,pricing,FinalForProlific,2026-07-02 20:26:14.695813,1,,,87.48,355,,87.48,1,10,6,4,1,5,3851,-8.79848578409706,15.1098174886843,-18.5046274258981,1,sometimes,third_option,cash,94.0,5.0,3,1,3,1,2,15.0,2,100.0,more,less,false,38,male,some_college,1,1,85.73,3,1,1,cbctgbhm,,,,,0
356,m2ntwujd,69ea4e18db0c9b99fce9fb62,0,12,12,pricing,FinalForProlific,2026-07-02 20:26:17.250303,1,,,107.83,356,,107.83,1,15,6,9,1,2,6,17.25651292143,15.6552619854883,-10.6145146455845,0,sometimes,third_option,cash,70.0,18.0,3,1,4,1,3,25.0,3,50.0,more,less,false,42,male,graduate,1,1,106.08,3,1,1,cbctgbhm,,,,,0
357,ryha7ku5,6a18771b16233347810eecd3,0,12,12,pricing,FinalForProlific,2026-07-02 20:26:17.846680,1,,,105.2,357,,105.2,1,15,9,6,0,2,6,17.25651292143,15.6552619854883,-10.6145146455845,0,sometimes,third_option,cash,20.0,17.0,3,,,1,4,10.0,1,50.0,more,less,false,25,male,bachelor,1,0,103.45,3,1,1,cbctgbhm,,,,,0
358,h143puy8,67803b5508f3d995ef13696b,0,12,12,pricing,FinalForProlific,2026-07-02 20:26:18.362651,1,,,107.65,358,,107.65,1,5,0,5,1,2,6,17.25651292143,15.6552619854883,-10.6145146455845,0,sometimes,third_option,cash,40.0,10.0,3,1,2,0,3,2.0,2,20.0,more,less,false,57,female,bachelor,0,1,106.9,3,1,1,cbctgbhm,,,,,0
359,f7qlzk2j,67b8f459f36ac348b98d6cad,0,12,12,pricing,FinalForProlific,2026-07-02 20:26:18.705257,1,,,98.74,359,,98.74,1,10,0,10,0,5,3851,-8.79848578409706,15.1098174886843,-18.5046274258981,1,sometimes,third_option,cash,20.0,15.0,3,,,,3,,3,,exactly,less,false,24,female,graduate,0,0,98.24,2,1,1,cbctgbhm,,,,,0
360,iswy8gah,69f75cdf3d9a0b6f3b9a07a6,0,12,12,pricing,FinalForProlific,2026-07-02 20:26:19.205674,1,,,98.24,360,,98.24,1,15,0,15,1,5,3851,-8.79848578409706,15.1098174886843,-18.5046274258981,1,sometimes,third_option,cash,20.0,10.0,3,0,2,1,3,,3,10.0,exactly,same,true,36,male,bachelor,1,1,98.24,0,1,1,cbctgbhm,,,,,0
361,n3jsizgi,69bcd49ce95af67521ac752f,0,12,12,pricing,FinalForProlific,2026-07-02 20:26:21.737653,1,,,110.19,361,,110.19,1,5,0,5,1,3,5385,16.8775714200622,14.5282644745692,7.35487993020429,1,sometimes,third_option,cash,50.0,25.0,4,1,4,1,4,20.0,3,30.0,more,less,false,28,male,bachelor,0,1,108.44,3,1,1,cbctgbhm,,,,,0
362,74syzcad,5bda1da4d6fef5000181aab2,0,3,12,pricing,ComprehensionQuiz,2026-07-02 20:26:22.141522,1,,,0.0,362,,0.0,1,10,0,10,,3,5385,16.8775714200622,14.5282644745692,7.35487993020429,1,,,,,,,,,,,,,,,,,,,,,,,,1,1,cbctgbhm,,,,,0
363,zad7ggzo,6a0c4d6621fdd33feb20bf2e,0,12,12,pricing,FinalForProlific,2026-07-02 20:26:22.965009,1,,,111.53,363,,111.53,1,15,0,15,1,3,5385,16.8775714200622,14.5282644745692,7.35487993020429,1,sometimes,third_option,cash,55.0,15.0,5,1,5,1,5,20.0,4,50.0,more,more,true,31,female,bachelor,1,1,109.28,1,1,1,cbctgbhm,,,,,0
364,aa01guai,676c45d92368330a2c254895,0,12,12,pricing,FinalForProlific,2026-07-02 20:26:23.229470,1,,,98.49,364,,98.49,1,5,3,2,1,5,3851,-8.79848578409706,15.1098174886843,-18.5046274258981,1,sometimes,third_option,cash,3.0,13.0,3,1,3,1,3,25.0,3,11.0,more,less,false,34,na,graduate,0,1,96.74,3,1,1,cbctgbhm,,,,,0
365,featdu2m,6a255fa6a876fc03e686d78a,0,12,12,pricing,FinalForProlific,2026-07-02 20:26:23.656207,1,,,114.1,365,,114.1,1,10,3,7,1,3,5385,16.8775714200622,14.5282644745692,7.35487993020429,1,sometimes,third_option,cash,85.0,18.0,4,1,4,1,3,20.0,3,100.0,more,less,false,34,female,graduate,0,1,111.35,3,1,1,cbctgbhm,,,,,0
366,mv57pcuh,69136b6afac806738d43ce79,0,12,12,pricing,FinalForProlific,2026-07-02 20:26:24.291246,1,,,90.22,366,,90.22,1,15,3,12,1,5,3851,-8.79848578409706,15.1098174886843,-18.5046274258981,1,sometimes,third_option,cash,97.0,10.0,4,1,4,1,5,30.0,5,100.0,more,less,false,30,male,highschool,0,1,88.47,3,1,1,cbctgbhm,,,,,0
367,ziccrl0w,6a0367e8bb1072871d75f72a,0,12,12,pricing,FinalForProlific,2026-07-02 20:26:25.792370,1,,,94.87,367,,94.87,1,10,6,4,1,5,3851,-8.79848578409706,15.1098174886843,-18.5046274258981,1,sometimes,third_option,cash,10.0,-3.0,3,1,4,1,4,-5.0,2,10.0,more,less,false,39,male,graduate,0,1,93.12,3,1,1,cbctgbhm,,,,,0
368,kc3sc4kv,59d4fb316cc82800013e32d3,0,12,12,pricing,FinalForProlific,2026-07-02 20:26:30.778478,1,,,98.89,368,,98.89,1,15,6,9,1,2,6,17.25651292143,15.6552619854883,-10.6145146455845,0,sometimes,third_option,cash,24.0,2.0,2,1,3,1,3,-5.0,1,10.0,more,less,false,67,male,bachelor,0,1,98.14,3,1,1,cbctgbhm,,,,,0
369,16v9t5m7,6695801cedcf7fed85019050,0,12,12,pricing,FinalForProlific,2026-07-02 20:26:32.740473,1,,,93.71,369,,93.71,1,15,9,6,0,5,3851,-8.79848578409706,15.1098174886843,-18.5046274258981,1,sometimes,third_option,cash,80.0,18.0,4,,,1,4,22.0,4,75.0,more,less,false,49,male,bachelor,1,0,92.96,3,1,1,cbctgbhm,,,,,0
370,i1vq3f0q,641386b1cb9a9c1e3569d4ee,0,2,12,pricing,Instructions,2026-07-02 20:26:33.291581,1,,,0.0,370,,0.0,1,5,0,5,,3,5385,16.8775714200622,14.5282644745692,7.35487993020429,1,,,,,,,,,,,,,,,,,,,,,,,,1,1,cbctgbhm,,,,,0
371,xm88iqu2,6a19b02cc3e2451bfcb38c48,0,12,12,pricing,FinalForProlific,2026-07-02 20:26:35.989573,1,,,119.01,371,,119.01,1,10,0,10,0,2,6,17.25651292143,15.6552619854883,-10.6145146455845,0,sometimes,third_option,cash,100.0,15.0,4,,,1,4,25.0,,95.0,more,less,false,27,male,graduate,0,0,117.26,3,1,1,cbctgbhm,,,,,0
372,5b4eqss6,6a1b258ff8d3406f726eea12,0,12,12,pricing,FinalForProlific,2026-07-02 20:26:36.390622,1,,,102.75,372,,102.75,1,15,0,15,1,5,3851,-8.79848578409706,15.1098174886843,-18.5046274258981,1,sometimes,third_option,cash,0.0,-5.0,3,1,4,1,4,15.0,3,75.0,more,less,false,36,female,bachelor,0,1,100.0,3,1,1,cbctgbhm,,,,,0
373,ip53f5nc,699484a7ce06889d9531c706,0,12,12,pricing,FinalForProlific,2026-07-02 20:26:42.315242,1,,,104.11,373,,104.11,1,5,0,5,1,4,11687,19.2982240105404,15.3352032889933,8.30613918663683,0,sometimes,third_option,cash,20.0,5.0,3,1,4,1,4,25.0,2,65.0,exactly,more,false,35,female,graduate,1,1,103.86,1,1,1,cbctgbhm,,,,,0
374,zcca0m6i,6a0cc09cefa033b16beb190e,0,4,12,pricing,Practice,2026-07-02 20:26:44.114522,1,,,0.0,374,,0.0,1,10,0,10,,5,3851,-8.79848578409706,15.1098174886843,-18.5046274258981,1,sometimes,third_option,cash,,,,,,,,,,,,,,,,,,,,,1,1,cbctgbhm,,,,,0
375,ap51ba8j,6a1d952949ba8e88b067ddde,0,12,12,pricing,FinalForProlific,2026-07-02 20:26:44.526003,1,,,108.15,375,,108.15,1,15,0,15,1,2,6,17.25651292143,15.6552619854883,-10.6145146455845,0,sometimes,third_option,cash,40.0,16.0,4,1,4,0,1,3.0,1,0.0,more,more,true,60,female,some_college,0,1,106.9,1,1,1,cbctgbhm,,,,,0
376,pgr1w0th,6a170b89d6c2004c1547dc7a,0,12,12,pricing,FinalForProlific,2026-07-02 20:26:47.825274,1,,,101.61,376,,101.61,1,5,3,2,1,4,11687,19.2982240105404,15.3352032889933,8.30613918663683,0,sometimes,third_option,cash,20.0,10.0,4,1,4,1,4,15.0,3,20.0,more,less,false,35,female,bachelor,1,1,100.86,3,1,1,cbctgbhm,,,,,0
377,5vc1p2kz,69fe60e39f52f5474d39d764,0,12,12,pricing,FinalForProlific,2026-07-02 20:26:48.030994,1,,,104.65,377,,104.65,1,10,3,7,1,2,6,17.25651292143,15.6552619854883,-10.6145146455845,0,sometimes,third_option,cash,40.0,-8.0,3,1,4,1,3,5.0,4,60.0,more,less,false,40,female,bachelor,1,1,103.9,3,1,1,cbctgbhm,,,,,0
378,rq8zpxdq,5e3544949202d94f38929176,0,2,12,pricing,Instructions,2026-07-02 20:26:48.595918,1,,,0.0,378,,0.0,1,15,3,12,,3,5385,16.8775714200622,14.5282644745692,7.35487993020429,1,,,,,,,,,,,,,,,,,,,,,,,,1,1,cbctgbhm,,,,,0
379,wwulyt4j,138007j3dE60959L5969n667,0,1,12,pricing,Consent,2026-07-02 20:26:48.789123,1,,,0.0,379,,0.0,,10,6,4,,5,3851,-8.79848578409706,15.1098174886843,-18.5046274258981,1,,,,,,,,,,,,,,,,,,,,,,,,1,1,cbctgbhm,,,,,0
380,3q50toep,607a1916608816aafa36bdd7,0,12,12,pricing,FinalForProlific,2026-07-02 20:26:48.732885,1,,,87.23,380,,87.23,1,15,6,9,1,5,3851,-8.79848578409706,15.1098174886843,-18.5046274258981,1,sometimes,third_option,cash,94.0,40.0,3,1,5,1,4,50.0,5,100.0,more,less,true,46,female,bachelor,1,1,85.73,2,1,1,cbctgbhm,,,,,0
381,vl7xokto,6a00a6ad4f16ab8a8462ae93,0,12,12,pricing,FinalForProlific,2026-07-02 20:26:49.530629,1,,,87.47,381,,87.47,1,15,9,6,1,5,3851,-8.79848578409706,15.1098174886843,-18.5046274258981,1,sometimes,third_option,cash,60.0,12.0,2,1,3,0,4,-5.0,4,0.0,more,less,false,34,male,graduate,0,1,85.72,3,1,1,cbctgbhm,,,,,0
382,ifbud17n,6a11601203137aea7dacc186,0,12,12,pricing,FinalForProlific,2026-07-02 20:26:49.736051,1,,,98.86,382,,98.86,1,5,0,5,1,5,3851,-8.79848578409706,15.1098174886843,-18.5046274258981,1,sometimes,third_option,cash,30.0,3.0,3,1,4,1,4,20.0,3,50.0,more,more,false,37,male,bachelor,0,1,97.36,2,1,1,cbctgbhm,,,,,0
383,fopgd0jf,6a05c346ba8940abb47aa329,0,12,12,pricing,FinalForProlific,2026-07-02 20:26:54.733311,1,,,120.12,383,,120.12,1,10,0,10,1,4,11687,19.2982240105404,15.3352032889933,8.30613918663683,0,sometimes,third_option,cash,90.0,20.0,4,0,4,0,,15.0,,100.0,more,less,false,46,female,bachelor,1,1,117.37,3,1,1,cbctgbhm,,,,,0
384,h6d8m9k7,6a04543737cffc537210677b,0,3,12,pricing,ComprehensionQuiz,2026-07-02 20:26:58.101387,1,,,0.0,384,,0.0,1,15,0,15,,3,5385,16.8775714200622,14.5282644745692,7.35487993020429,1,,,,,,,,,,,,,,,,,,,,,,,,1,1,cbctgbhm,,,,,0
385,2jivpix4,667f6be670daab105348afb2,0,12,12,pricing,FinalForProlific,2026-07-02 20:27:03.482763,1,,,118.63,385,,118.63,1,5,0,5,0,3,5385,16.8775714200622,14.5282644745692,7.35487993020429,1,sometimes,third_option,cash,100.0,16.0,2,,,0,1,15.0,1,0.0,more,less,false,33,male,bachelor,1,0,116.88,3,1,1,cbctgbhm,,,,,0
386,hbas0ec9,6942be653353c6d4c4e798a2,0,12,12,pricing,FinalForProlific,2026-07-02 20:27:03.587795,1,,,116.17,386,,116.17,1,10,0,10,1,2,6,17.25651292143,15.6552619854883,-10.6145146455845,0,sometimes,third_option,cash,85.0,15.0,3,1,3,1,4,25.0,3,50.0,exactly,less,false,41,female,bachelor,1,1,114.67,2,1,1,cbctgbhm,,,,,0
387,u3hn9qqn,69b566f73236bc66f0b1d400,0,12,12,pricing,FinalForProlific,2026-07-02 20:27:04.044826,1,,,97.36,387,,97.36,1,15,0,15,1,5,3851,-8.79848578409706,15.1098174886843,-18.5046274258981,1,sometimes,third_option,cash,30.0,15.0,3,0,2,1,4,5.0,3,50.0,less,same,true,25,male,highschool,1,1,97.36,0,1,1,cbctgbhm,,,,,0
388,lavqm0j9,667987c18f34110073ae20b7,0,12,12,pricing,FinalForProlific,2026-07-02 20:27:07.834363,1,,,120.05,388,,120.05,1,5,3,2,0,4,11687,19.2982240105404,15.3352032889933,8.30613918663683,0,sometimes,third_option,cash,100.0,28.0,4,,,1,5,15.0,4,100.0,more,less,false,46,male,bachelor,0,0,119.3,3,1,1,cbctgbhm,,,,,0
389,cp2ppi85,69f39c02faa92a381fcab86b,0,12,12,pricing,FinalForProlific,2026-07-02 20:27:10.991469,1,,,100.48,389,,100.48,1,10,3,7,1,2,6,17.25651292143,15.6552619854883,-10.6145146455845,0,sometimes,third_option,cash,10.0,15.0,3,1,2,1,3,10.0,,0.0,more,less,false,35,female,graduate,0,1,98.73,3,1,1,cbctgbhm,,,,,0
390,6ne4hwpb,5f48dab70aa4ce3aa1914003,0,12,12,pricing,FinalForProlific,2026-07-02 20:27:13.747985,1,,,99.75,390,,99.75,1,15,3,12,1,5,3851,-8.79848578409706,15.1098174886843,-18.5046274258981,1,sometimes,third_option,cash,0.0,-10.0,2,1,3,1,1,15.0,1,10.0,more,less,false,29,male,graduate,0,1,97.0,3,1,1,cbctgbhm,,,,,0
391,cbypphcp,6630f2a2c5912d7f4d93938b,0,2,12,pricing,Instructions,2026-07-02 20:27:21.828528,1,,,0.0,391,,0.0,1,10,6,4,,2,6,17.25651292143,15.6552619854883,-10.6145146455845,0,,,,,,,,,,,,,,,,,,,,,,,,1,1,cbctgbhm,,,,,0
392,0e1wfvwt,698277a139692c547b33094c,0,12,12,pricing,FinalForProlific,2026-07-02 20:27:23.137270,1,,,91.35,392,,91.35,1,15,6,9,1,5,3851,-8.79848578409706,15.1098174886843,-18.5046274258981,1,sometimes,third_option,cash,50.0,15.0,1,1,1,1,1,25.0,1,50.0,more,less,false,23,female,bachelor,1,1,89.6,3,1,1,cbctgbhm,,,,,0
393,qis8odfg,69cdabe316038f0f3b399391,0,12,12,pricing,FinalForProlific,2026-07-02 20:27:23.762323,1,,,109.11,393,,109.11,1,15,9,6,1,3,5385,16.8775714200622,14.5282644745692,7.35487993020429,1,sometimes,third_option,cash,91.0,15.0,2,1,4,1,3,23.0,4,100.0,more,less,false,25,male,some_college,1,1,106.36,3,1,1,cbctgbhm,,,,,0
394,3n10ic4i,6a052213cf95b4c40176b3f7,0,12,12,pricing,FinalForProlific,2026-07-02 20:27:23.883380,1,,,92.95,394,,92.95,1,5,0,5,1,5,3851,-8.79848578409706,15.1098174886843,-18.5046274258981,1,sometimes,third_option,cash,100.0,2.0,4,1,3,1,4,15.0,4,50.0,more,less,false,27,na,bachelor,1,1,91.2,3,1,1,cbctgbhm,,,,,0
395,o35mq6vs,69efc4d983b69a718ecd058e,0,12,12,pricing,FinalForProlific,2026-07-02 20:27:24.486218,1,,,99.99,395,,99.99,1,10,0,10,1,5,3851,-8.79848578409706,15.1098174886843,-18.5046274258981,1,sometimes,third_option,cash,20.0,20.0,3,1,2,0,2,20.0,2,40.0,more,less,false,37,female,bachelor,0,1,98.24,3,1,1,cbctgbhm,,,,,0
396,uxtct0ps,67a9034388a7629d47fdd89e,0,12,12,pricing,FinalForProlific,2026-07-02 20:27:26.362055,1,,,104.2,396,,104.2,1,15,0,15,0,2,6,17.25651292143,15.6552619854883,-10.6145146455845,0,sometimes,third_option,cash,20.0,5.0,2,,,1,2,10.0,2,25.0,more,less,false,44,male,bachelor,0,0,103.45,3,1,1,cbctgbhm,,,,,0
397,7xtgpi5k,6a177f7ec67996448d9c7d41,0,2,12,pricing,Instructions,2026-07-02 20:27:28.022426,1,,,0.0,397,,0.0,1,5,0,5,,2,6,17.25651292143,15.6552619854883,-10.6145146455845,0,,,,,,,,,,,,,,,,,,,,,,,,1,1,cbctgbhm,,,,,0
398,cgm528pq,5f4a7a00dc1bde60ab8f7ac5,0,12,12,pricing,FinalForProlific,2026-07-02 20:27:29.592007,1,,,119.63,398,,119.63,1,10,0,10,1,3,5385,16.8775714200622,14.5282644745692,7.35487993020429,1,sometimes,third_option,cash,100.0,12.0,3,1,4,1,3,-5.0,1,0.0,more,less,false,32,male,bachelor,1,1,116.88,3,1,1,cbctgbhm,,,,,0
399,rr34tlh7,6a04a5a7e230bb73b88bd6e6,0,3,12,pricing,ComprehensionQuiz,2026-07-02 20:27:30.342361,1,,,0.0,399,,0.0,1,15,0,15,,2,6,17.25651292143,15.6552619854883,-10.6145146455845,0,,,,,,,,,,,,,,,,,,,,,,,,1,1,cbctgbhm,,,,,0
400,gzx6wp4j,6a0bccbda0e8d7bb8e72c283,0,12,12,pricing,FinalForProlific,2026-07-02 20:27:31.364134,1,,,111.69,400,,111.69,1,5,3,2,1,2,6,17.25651292143,15.6552619854883,-10.6145146455845,0,sometimes,third_option,cash,75.0,15.0,5,1,5,1,5,18.0,5,70.0,more,less,false,41,male,bachelor,1,1,109.94,3,1,1,cbctgbhm,,,,,0
401,plybhuu0,67e18df3adc77c0702ba396b,0,12,12,pricing,FinalForProlific,2026-07-02 20:27:31.807999,1,,,111.29,401,,111.29,1,10,3,7,1,4,11687,19.2982240105404,15.3352032889933,8.30613918663683,0,sometimes,third_option,cash,65.0,18.0,3,1,3,,3,15.0,3,60.0,more,less,false,63,male,graduate,1,1,109.54,3,1,1,cbctgbhm,,,,,0
402,0sqjcwa8,5c2da96d0091e40001cb708c,0,12,12,pricing,FinalForProlific,2026-07-02 20:27:31.950104,1,,,98.55,402,,98.55,1,15,3,12,0,5,3851,-8.79848578409706,15.1098174886843,-18.5046274258981,1,sometimes,third_option,cash,25.0,20.0,1,,,1,2,20.0,2,50.0,more,less,false,42,male,bachelor,1,0,97.8,3,1,1,cbctgbhm,,,,,0
403,0d7clw04,6a0a29e9cec81be82fcf9b7c,0,12,12,pricing,FinalForProlific,2026-07-02 20:27:32.777236,1,,,105.1,403,,105.1,1,10,6,4,1,2,6,17.25651292143,15.6552619854883,-10.6145146455845,0,sometimes,third_option,cash,60.0,12.0,4,1,4,,,22.0,4,100.0,more,less,false,29,male,graduate,1,1,104.35,3,1,1,cbctgbhm,,,,,0
404,suouv5c1,69f7ca88a84c611cc81c7b96,0,12,12,pricing,FinalForProlific,2026-07-02 20:27:35.643860,1,,,105.13,404,,105.13,1,15,6,9,0,3,5385,16.8775714200622,14.5282644745692,7.35487993020429,1,sometimes,third_option,cash,20.0,15.0,5,,,1,5,20.0,5,50.0,more,less,false,26,male,some_college,0,0,103.38,3,1,1,cbctgbhm,,,,,0
405,5e7p3nru,69f63c887d8133dc046897fa,0,12,12,pricing,FinalForProlific,2026-07-02 20:27:36.013413,1,,,101.53,405,,101.53,1,15,9,6,1,3,5385,16.8775714200622,14.5282644745692,7.35487993020429,1,sometimes,third_option,cash,52.0,15.0,2,0,3,0,3,17.0,3,50.0,more,less,false,29,male,graduate,1,1,99.78,3,1,1,cbctgbhm,,,,,0
406,le0x1f38,69e26631825dbbcd8a513fbb,0,12,12,pricing,FinalForProlific,2026-07-02 20:27:36.326645,1,,,101.75,406,,101.75,1,5,0,5,1,4,11687,19.2982240105404,15.3352032889933,8.30613918663683,0,sometimes,third_option,cash,0.0,-10.0,3,0,4,1,4,-5.0,3,100.0,more,less,false,42,female,bachelor,1,1,100.0,3,1,1,cbctgbhm,,,,,0
407,fh73it83,69d41ca4a9ff77328042207d,0,3,12,pricing,ComprehensionQuiz,2026-07-02 20:27:38.139987,1,,,0.0,407,,0.0,1,10,0,10,,3,5385,16.8775714200622,14.5282644745692,7.35487993020429,1,,,,,,,,,,,,,,,,,,,,,,,,1,1,cbctgbhm,,,,,0
408,wcsrtg8y,60d3136e74b1871646e72544,0,12,12,pricing,FinalForProlific,2026-07-02 20:27:38.776465,1,,,104.34,408,,104.34,1,15,0,15,0,2,6,17.25651292143,15.6552619854883,-10.6145146455845,0,sometimes,third_option,cash,15.0,18.2,1,,,0,3,16.0,3,10.0,more,less,false,48,male,graduate,0,0,102.59,3,1,1,cbctgbhm,,,,,0
409,nj16cifm,69f1068f6fcbec8383810256,0,12,12,pricing,FinalForProlific,2026-07-02 20:27:46.151049,1,,,104.2,409,,104.2,1,5,0,5,1,2,6,17.25651292143,15.6552619854883,-10.6145146455845,0,sometimes,third_option,cash,20.0,5.0,4,1,4,1,5,28.0,4,100.0,more,less,false,49,female,bachelor,0,1,103.45,3,1,1,cbctgbhm,,,,,0
410,xc98qi0u,6a1a00586a8aadd5e1977caa,0,12,12,pricing,FinalForProlific,2026-07-02 20:27:48.051764,1,,,105.57,410,,105.57,1,10,0,10,0,4,11687,19.2982240105404,15.3352032889933,8.30613918663683,0,sometimes,third_option,cash,25.0,10.0,2,,,1,3,27.0,3,50.0,more,less,false,33,male,bachelor,0,0,104.82,3,1,1,cbctgbhm,,,,,0
411,znraydz2,6a00a20eacf1b2dac2537d06,0,12,12,pricing,FinalForProlific,2026-07-02 20:27:51.785918,1,,,102.75,411,,102.75,1,15,0,15,1,5,3851,-8.79848578409706,15.1098174886843,-18.5046274258981,1,sometimes,third_option,cash,0.0,-8.0,4,1,5,0,3,15.0,4,25.0,more,less,false,25,male,bachelor,1,1,100.0,3,1,1,cbctgbhm,,,,,0
412,awmj2125,61572aeab6ac8a5fe94b43b4,0,12,12,pricing,FinalForProlific,2026-07-02 20:27:52.517947,1,,,116.49,412,,116.49,1,5,3,2,1,2,6,17.25651292143,15.6552619854883,-10.6145146455845,0,sometimes,third_option,cash,97.0,20.0,4,0,5,1,5,20.0,4,100.0,more,less,false,67,male,some_college,0,1,113.74,3,1,1,cbctgbhm,,,,,0
413,qj0f8utx,69c29ecdf9a92efab6908a2c,0,12,12,pricing,FinalForProlific,2026-07-02 20:27:58.979174,1,,,105.5,413,,105.5,1,10,3,7,1,3,5385,16.8775714200622,14.5282644745692,7.35487993020429,1,sometimes,third_option,cash,40.0,2.0,4,1,4,1,4,15.0,4,80.0,more,less,false,29,male,bachelor,1,1,103.75,3,1,1,cbctgbhm,,,,,0
414,0e86uiqz,63ea751b7686e752f5ef78b2,0,12,12,pricing,FinalForProlific,2026-07-02 20:28:02.203288,1,,,102.97,414,,102.97,1,15,3,12,1,3,5385,16.8775714200622,14.5282644745692,7.35487993020429,1,sometimes,third_option,cash,25.0,5.0,5,1,5,1,5,2.0,5,20.0,more,less,false,66,male,bachelor,1,1,101.22,3,1,1,cbctgbhm,,,,,0
415,xhju1r5e,5adcefb65f327e0001fb4c05,0,12,12,pricing,FinalForProlific,2026-07-02 20:28:02.658637,1,,,111.88,415,,111.88,1,10,6,4,0,3,5385,16.8775714200622,14.5282644745692,7.35487993020429,1,sometimes,third_option,cash,60.0,18.0,2,,,1,4,17.0,2,70.0,more,less,false,45,male,bachelor,1,0,110.13,3,1,1,cbctgbhm,,,,,0
416,bfa5frfa,6a0e01ca042c9f7da7106c7b,0,12,12,pricing,FinalForProlific,2026-07-02 20:28:03.326707,1,,,90.91,416,,90.91,1,15,6,9,1,5,3851,-8.79848578409706,15.1098174886843,-18.5046274258981,1,sometimes,third_option,cash,55.0,18.0,3,1,4,1,4,22.0,4,50.0,more,less,false,40,female,graduate,1,1,89.16,3,1,1,cbctgbhm,,,,,0
417,x2fou8hu,6a13661cce27cd1e4166e1f0,0,12,12,pricing,FinalForProlific,2026-07-02 20:28:03.314064,1,,,102.48,417,,102.48,1,15,9,6,0,2,6,17.25651292143,15.6552619854883,-10.6145146455845,0,sometimes,third_option,cash,10.0,25.0,2,,,0,4,10.0,4,10.0,more,less,false,35,male,graduate,0,0,101.73,3,1,1,cbctgbhm,,,,,0
418,8v16z8dx,6a085b76d95d9619044995ad,0,12,12,pricing,FinalForProlific,2026-07-02 20:28:10.021091,1,,,105.61,418,,105.61,1,5,0,5,1,4,11687,19.2982240105404,15.3352032889933,8.30613918663683,0,sometimes,third_option,cash,20.0,20.0,4,1,4,1,3,0.0,3,0.0,more,less,false,40,male,graduate,0,1,103.86,3,1,1,cbctgbhm,,,,,0
419,z0gmo4gy,6a1893b938af07f113ef5685,0,12,12,pricing,FinalForProlific,2026-07-02 20:28:10.807609,1,,,118.01,419,,118.01,1,10,0,10,1,2,6,17.25651292143,15.6552619854883,-10.6145146455845,0,sometimes,third_option,cash,100.0,10.0,4,1,3,1,5,-5.0,4,0.0,more,less,false,32,male,bachelor,1,1,117.26,3,1,1,cbctgbhm,,,,,0
420,9huxiu70,6a1f12ccd85b337a7b2b0275,0,12,12,pricing,FinalForProlific,2026-07-02 20:28:17.555112,1,,,104.2,420,,104.2,1,15,0,15,1,2,6,17.25651292143,15.6552619854883,-10.6145146455845,0,sometimes,third_option,cash,20.0,5.0,5,1,4,1,4,30.0,5,50.0,more,less,false,35,male,bachelor,1,1,103.45,3,1,1,cbctgbhm,,,,,0
421,gviw7vq1,6a16a850d2171801a188dc1c,0,12,12,pricing,FinalForProlific,2026-07-02 20:28:18.816271,1,,,110.38,421,,110.38,1,5,0,5,1,2,6,17.25651292143,15.6552619854883,-10.6145146455845,0,sometimes,third_option,cash,50.0,20.0,5,1,5,1,5,30.0,5,50.0,more,less,false,26,female,graduate,0,1,108.63,3,1,1,cbctgbhm,,,,,0
422,i2zlo96u,6a18a7b11a33781e2fdffec4,0,12,12,pricing,FinalForProlific,2026-07-02 20:28:22.257845,1,,,102.48,422,,102.48,1,10,0,10,1,2,6,17.25651292143,15.6552619854883,-10.6145146455845,0,sometimes,third_option,cash,10.0,8.0,3,1,4,1,4,10.0,4,10.0,more,less,false,23,male,graduate,0,1,101.73,3,1,1,cbctgbhm,,,,,0
423,tdveqvcm,69fed01e4e13f1dbbf837beb,0,12,12,pricing,FinalForProlific,2026-07-02 20:28:23.836940,1,,,91.95,423,,91.95,1,15,0,15,0,5,3851,-8.79848578409706,15.1098174886843,-18.5046274258981,1,sometimes,third_option,cash,100.0,15.0,3,,,1,5,15.0,3,100.0,more,less,false,34,male,bachelor,0,0,91.2,3,1,1,cbctgbhm,,,,,0
424,bwdp6tjp,6a1e2063088b067b6f59e16f,0,12,12,pricing,FinalForProlific,2026-07-02 20:28:25.325706,1,,,99.43,424,,99.43,1,5,3,2,1,4,11687,19.2982240105404,15.3352032889933,8.30613918663683,0,sometimes,third_option,cash,10.0,12.0,2,1,2,1,3,27.0,3,30.0,more,dk,false,29,female,bachelor,0,1,98.93,2,1,1,cbctgbhm,,,,,0
425,w179bc2l,69d67e558286a0e5a947c5e4,0,12,12,pricing,FinalForProlific,2026-07-02 20:28:27.909624,1,,,112.56,425,,112.56,1,10,3,7,1,2,6,17.25651292143,15.6552619854883,-10.6145146455845,0,sometimes,third_option,cash,80.0,15.0,3,1,3,1,4,18.0,3,100.0,more,less,false,39,male,highschool,0,1,110.81,3,1,1,cbctgbhm,,,,,0
426,lml7scnn,6995e770a024450c89b5cc47,0,12,12,pricing,FinalForProlific,2026-07-02 20:28:29.132410,1,,,118.63,426,,118.63,1,15,3,12,0,3,5385,16.8775714200622,14.5282644745692,7.35487993020429,1,sometimes,third_option,cash,100.0,20.0,3,,,0,4,20.0,3,100.0,more,less,false,68,male,graduate,0,0,116.88,3,1,1,cbctgbhm,,,,,0
427,no4kvfwh,6a261383ec74018d9eec07e7,0,12,12,pricing,FinalForProlific,2026-07-02 20:28:33.456179,1,,,104.19,427,,104.19,1,10,6,4,1,3,5385,16.8775714200622,14.5282644745692,7.35487993020429,1,sometimes,third_option,cash,50.0,50.0,5,1,5,1,5,50.0,5,50.0,more,less,false,35,male,graduate,1,1,102.44,3,1,1,cbctgbhm,,,,,0
428,1nkukb0v,69a6f31da8afde8854c002a8,0,12,12,pricing,FinalForProlific,2026-07-02 20:28:38.900980,1,,,103.38,428,,103.38,1,15,6,9,1,2,6,17.25651292143,15.6552619854883,-10.6145146455845,0,sometimes,third_option,cash,50.0,3.0,2,1,2,0,2,10.0,2,50.0,more,less,false,43,female,graduate,0,1,102.63,3,1,1,cbctgbhm,,,,,0
429,8t5hymdc,6a03e49a2b083f8fa115a457,0,12,12,pricing,FinalForProlific,2026-07-02 20:28:40.855775,1,,,109.31,429,,109.31,1,15,9,6,1,4,11687,19.2982240105404,15.3352032889933,8.30613918663683,0,sometimes,third_option,cash,91.0,12.0,3,1,2,1,2,30.0,2,50.0,more,less,false,33,male,graduate,1,1,108.56,3,1,1,cbctgbhm,,,,,0
430,x1lnpcna,6698f6841ea17860f25b306d,0,3,12,pricing,ComprehensionQuiz,2026-07-02 20:28:44.278826,1,,,0.0,430,,0.0,1,5,0,5,,5,3851,-8.79848578409706,15.1098174886843,-18.5046274258981,1,,,,,,,,,,,,,,,,,,,,,,,,1,1,cbctgbhm,,,,,0
431,hmfek0rf,675cf75e3c237ff931f4a43e,0,12,12,pricing,FinalForProlific,2026-07-02 20:28:44.190483,1,,,96.35,431,,96.35,1,10,0,10,0,5,3851,-8.79848578409706,15.1098174886843,-18.5046274258981,1,sometimes,third_option,cash,50.0,13.0,2,,,0,1,14.0,2,100.0,more,less,false,60,female,graduate,1,0,95.6,3,1,1,cbctgbhm,,,,,0
432,zcbdi4ff,6a0664fd0ed01e790744d610,0,12,12,pricing,FinalForProlific,2026-07-02 20:28:53.264883,1,,,99.62,432,,99.62,1,15,0,15,0,5,3851,-8.79848578409706,15.1098174886843,-18.5046274258981,1,sometimes,third_option,cash,10.0,13.0,3,,,1,4,25.0,3,10.0,exactly,less,false,41,male,bachelor,1,0,99.12,2,1,1,cbctgbhm,,,,,0
433,dzo0iac7,69f64fcbf421f73f9d50b883,0,12,12,pricing,FinalForProlific,2026-07-02 20:28:55.087284,1,,,92.2,433,,92.2,1,5,0,5,1,5,3851,-8.79848578409706,15.1098174886843,-18.5046274258981,1,sometimes,third_option,cash,100.0,20.0,4,1,3,1,4,18.0,3,80.0,exactly,same,true,58,male,bachelor,1,1,91.2,0,1,1,cbctgbhm,,,,,0
434,d1fer9bi,69f74bd4e40b584e3cba2d50,0,12,12,pricing,FinalForProlific,2026-07-02 20:28:55.628711,1,,,101.75,434,,101.75,1,10,0,10,1,5,3851,-8.79848578409706,15.1098174886843,-18.5046274258981,1,sometimes,third_option,cash,0.0,-15.0,4,1,5,1,4,-5.0,4,0.0,more,less,false,44,female,graduate,1,1,100.0,3,1,1,cbctgbhm,,,,,0
435,a97up4my,6a2492801d607c09b829b947,0,12,12,pricing,FinalForProlific,2026-07-02 20:29:01.480487,1,,,106.57,435,,106.57,1,15,0,15,1,4,11687,19.2982240105404,15.3352032889933,8.30613918663683,0,sometimes,third_option,cash,25.0,19.0,3,1,3,0,4,27.0,3,100.0,more,less,false,47,female,bachelor,0,1,104.82,3,1,1,cbctgbhm,,,,,0
436,wcrhyfhc,6776ff8423305566de4ec90e,0,12,12,pricing,FinalForProlific,2026-07-02 20:29:08.046057,1,,,101.2,436,,101.2,1,5,3,2,1,2,6,17.25651292143,15.6552619854883,-10.6145146455845,0,sometimes,third_option,cash,20.0,10.0,2,1,3,1,4,12.0,2,20.0,more,less,false,47,male,graduate,0,1,100.45,3,1,1,cbctgbhm,,,,,0
437,u6rulfet,6a0f2231aa9cf7945dda9d9d,0,12,12,pricing,FinalForProlific,2026-07-02 20:29:08.907316,1,,,102.61,437,,102.61,1,10,3,7,1,4,11687,19.2982240105404,15.3352032889933,8.30613918663683,0,sometimes,third_option,cash,20.0,20.0,3,1,3,1,4,15.0,4,50.0,more,less,false,45,male,graduate,0,1,100.86,3,1,1,cbctgbhm,,,,,0
438,lncmeevz,69c63a2f86741c4f0f2cc573,0,12,12,pricing,FinalForProlific,2026-07-02 20:29:10.146823,1,,,109.58,438,,109.58,1,15,3,12,1,2,6,17.25651292143,15.6552619854883,-10.6145146455845,0,sometimes,third_option,cash,70.0,30.0,3,1,3,1,3,14.0,3,70.0,less,less,false,34,male,graduate,1,1,109.08,2,1,1,cbctgbhm,,,,,0
439,kyfoi1hk,6a22d7fa25ca84716c2b7950,0,12,12,pricing,FinalForProlific,2026-07-02 20:29:10.417489,1,,,99.61,439,,99.61,1,10,6,4,1,4,11687,19.2982240105404,15.3352032889933,8.30613918663683,0,sometimes,third_option,cash,20.0,20.0,3,1,3,1,2,5.0,1,10.0,more,less,false,41,male,some_college,0,1,97.86,3,1,1,cbctgbhm,,,,,0
440,1izev0pd,6a1560a417182f41fbfa4d33,0,12,12,pricing,FinalForProlific,2026-07-02 20:29:12.153924,1,,,108.56,440,,108.56,1,15,6,9,1,3,5385,16.8775714200622,14.5282644745692,7.35487993020429,1,sometimes,third_option,cash,70.0,21.0,4,1,4,1,3,18.0,,20.0,more,less,false,41,male,graduate,1,1,105.81,3,1,1,cbctgbhm,,,,,0
441,auo4cxxx,6a19d997629becc6e70d4df3,0,12,12,pricing,FinalForProlific,2026-07-02 20:29:13.495812,1,,,101.75,441,,101.75,1,15,9,6,0,5,3851,-8.79848578409706,15.1098174886843,-18.5046274258981,1,sometimes,third_option,cash,0.0,-5.0,4,,,1,4,5.0,3,50.0,more,less,false,18,male,some_college,1,0,100.0,3,1,1,cbctgbhm,,,,,0
442,vtcwc8il,6a08d2d0da73771a674fb0ad,0,2,12,pricing,Instructions,2026-07-02 20:29:21.372817,1,,,0.0,442,,0.0,1,5,0,5,,2,6,17.25651292143,15.6552619854883,-10.6145146455845,0,,,,,,,,,,,,,,,,,,,,,,,,1,1,cbctgbhm,,,,,0
443,hl7d3dax,6a20ad1240d89e1a722d7ad9,0,12,12,pricing,FinalForProlific,2026-07-02 20:29:33.245653,1,,,110.38,443,,110.38,1,10,0,10,1,2,6,17.25651292143,15.6552619854883,-10.6145146455845,0,sometimes,third_option,cash,50.0,7.0,3,0,2,0,2,0.5,2,20.0,more,less,false,50,female,bachelor,1,1,108.63,3,1,1,cbctgbhm,,,,,0
444,1bk454pg,69b181765d8007b984a2325d,0,12,12,pricing,FinalForProlific,2026-07-02 20:29:39.930734,1,,,117.28,444,,117.28,1,15,0,15,1,2,6,17.25651292143,15.6552619854883,-10.6145146455845,0,sometimes,third_option,cash,90.0,14.0,4,1,4,1,4,12.0,3,80.0,more,less,false,38,male,bachelor,0,1,115.53,3,1,1,cbctgbhm,,,,,0
445,8p3nv8r1,69fd3e574bc5f080f24d2514,0,3,12,pricing,ComprehensionQuiz,2026-07-02 20:29:42.178039,1,,,0.0,445,,0.0,1,5,0,5,,3,5385,16.8775714200622,14.5282644745692,7.35487993020429,1,,,,,,,,,,,,,,,,,,,,,,,,1,1,cbctgbhm,,,,,0
446,nu2m2u8z,6993a8f8d63073ac0203d4f5,0,12,12,pricing,FinalForProlific,2026-07-02 20:29:41.030882,1,,,94.89,446,,94.89,1,10,0,10,1,5,3851,-8.79848578409706,15.1098174886843,-18.5046274258981,1,sometimes,third_option,cash,78.0,6.0,4,1,4,1,4,5.0,4,60.0,more,less,false,22,male,some_college,1,1,93.14,3,1,1,cbctgbhm,,,,,0
447,byqdza5q,6a0b015fa2949015e9afbf61,0,12,12,pricing,FinalForProlific,2026-07-02 20:29:41.808113,1,,,104.28,447,,104.28,1,15,0,15,0,3,5385,16.8775714200622,14.5282644745692,7.35487993020429,1,sometimes,third_option,cash,15.0,20.0,1,,,1,4,0.0,2,0.0,more,less,false,36,female,graduate,0,0,102.53,3,1,1,cbctgbhm,,,,,0
448,nzoddto7,6a02795fea4febbd42d3aa4a,0,3,12,pricing,ComprehensionQuiz,2026-07-02 20:29:43.984078,1,,,0.0,448,,0.0,1,5,3,2,,5,3851,-8.79848578409706,15.1098174886843,-18.5046274258981,1,,,,,,,,,,,,,,,,,,,,,,,,1,1,cbctgbhm,,,,,0
449,hwqzd6sc,654a56ff9b8baf6c84eb9b69,0,12,12,pricing,FinalForProlific,2026-07-02 20:29:44.781034,1,,,105.13,449,,105.13,1,10,3,7,0,3,5385,16.8775714200622,14.5282644745692,7.35487993020429,1,sometimes,third_option,cash,20.0,20.0,4,,,0,4,3.0,4,20.0,more,less,false,35,male,graduate,0,0,103.38,3,1,1,cbctgbhm,,,,,0
450,guemkqgx,6a0cbcd560a932526e45bba8,0,3,12,pricing,ComprehensionQuiz,2026-07-02 20:29:49.167964,1,,,0.0,450,,0.0,1,15,3,12,,2,6,17.25651292143,15.6552619854883,-10.6145146455845,0,,,,,,,,,,,,,,,,,,,,,,,,1,1,cbctgbhm,,,,,0
451,yk1s0mwq,6a1f0669dba4d5bde1d8393e,0,12,12,pricing,FinalForProlific,2026-07-02 20:29:52.078255,1,,,87.23,451,,87.23,1,10,6,4,1,5,3851,-8.79848578409706,15.1098174886843,-18.5046274258981,1,sometimes,third_option,cash,94.0,15.0,4,1,4,1,4,25.0,,100.0,more,more,false,45,male,bachelor,1,1,85.73,2,1,1,cbctgbhm,,,,,0
452,06ls8frx,67111caa29489997ddc13d0f,0,12,12,pricing,FinalForProlific,2026-07-02 20:29:52.689117,1,,,97.23,452,,97.23,1,15,6,9,0,5,3851,-8.79848578409706,15.1098174886843,-18.5046274258981,1,sometimes,third_option,cash,40.0,10.0,4,,,1,5,15.0,5,50.0,more,less,false,33,male,some_college,1,0,96.48,3,1,1,cbctgbhm,,,,,0
453,kg1uwnou,63cdf894c118ad4f84489c1a,0,12,12,pricing,FinalForProlific,2026-07-02 20:30:01.790235,1,,,102.72,453,,102.72,1,15,9,6,1,3,5385,16.8775714200622,14.5282644745692,7.35487993020429,1,sometimes,third_option,cash,65.0,30.0,4,0,5,1,4,40.0,4,50.0,more,less,false,52,male,graduate,0,1,101.97,3,1,1,cbctgbhm,,,,,0
454,15je9ob6,6a43d2478529fe1a88d3cd86,0,3,12,pricing,ComprehensionQuiz,2026-07-02 20:30:09.591620,1,,,0.0,454,,0.0,1,5,0,5,,4,11687,19.2982240105404,15.3352032889933,8.30613918663683,0,,,,,,,,,,,,,,,,,,,,,,,,1,1,cbctgbhm,,,,,0
455,vxnczin8,6a0daf62ec01cd69c04d1da8,0,12,12,pricing,FinalForProlific,2026-07-02 20:30:09.580167,1,,,98.23,455,,98.23,1,10,0,10,1,5,3851,-8.79848578409706,15.1098174886843,-18.5046274258981,1,sometimes,third_option,cash,40.0,15.0,3,1,4,1,3,25.0,3,30.0,more,less,false,35,male,bachelor,0,1,96.48,3,1,1,cbctgbhm,,,,,0
456,5p2u1nnu,694c4917f64907c59ec1ddc5,0,12,12,pricing,FinalForProlific,2026-07-02 20:30:11.129728,1,,,113.33,456,,113.33,1,15,0,15,1,4,11687,19.2982240105404,15.3352032889933,8.30613918663683,0,sometimes,third_option,cash,60.0,20.0,3,1,3,1,3,15.0,3,50.0,more,less,false,24,male,bachelor,0,1,111.58,3,1,1,cbctgbhm,,,,,0
457,c3ki34x4,69e65ed281d0592f4133950f,0,12,12,pricing,FinalForProlific,2026-07-02 20:30:17.646899,1,,,110.85,457,,110.85,1,5,0,5,1,2,6,17.25651292143,15.6552619854883,-10.6145146455845,0,sometimes,third_option,cash,60.0,30.0,4,1,4,1,5,25.0,5,40.0,more,less,true,39,female,bachelor,1,1,110.35,2,1,1,cbctgbhm,,,,,0
458,rvq4awsp,6a0778c99af13300366b063e,0,12,12,pricing,FinalForProlific,2026-07-02 20:30:19.105054,1,,,99.99,458,,99.99,1,10,0,10,1,5,3851,-8.79848578409706,15.1098174886843,-18.5046274258981,1,sometimes,third_option,cash,20.0,10.0,3,1,4,1,4,15.0,3,50.0,more,less,false,37,female,graduate,0,1,98.24,3,1,1,cbctgbhm,,,,,0
459,vnrdi8p1,659efc83b9591e73cd37405d,0,3,12,pricing,ComprehensionQuiz,2026-07-02 20:30:27.135398,1,,,0.0,459,,0.0,1,15,0,15,,3,5385,16.8775714200622,14.5282644745692,7.35487993020429,1,,,,,,,,,,,,,,,,,,,,,,,,1,1,cbctgbhm,,,,,0
460,cmya9mrl,6a203b8bc986a2b83c7c57dd,0,12,12,pricing,FinalForProlific,2026-07-02 20:30:28.553220,1,,,93.35,460,,93.35,1,5,3,2,1,5,3851,-8.79848578409706,15.1098174886843,-18.5046274258981,1,sometimes,third_option,cash,50.0,20.0,4,0,4,1,5,30.0,5,100.0,more,less,false,45,male,bachelor,0,1,92.6,3,1,1,cbctgbhm,,,,,0
461,4l0jiql8,67ee50bbaa206db46d5e94c2,0,4,12,pricing,Practice,2026-07-02 20:30:35.915724,1,,,0.0,461,,0.0,1,10,3,7,,3,5385,16.8775714200622,14.5282644745692,7.35487993020429,1,sometimes,third_option,cash,,,,,,,,,,,,,,,,,,,,,1,1,cbctgbhm,,,,,0
462,m2z9n7r8,6718fa3043e1839e51351385,0,12,12,pricing,FinalForProlific,2026-07-02 20:30:36.652427,1,,,109.33,462,,109.33,1,15,3,12,1,4,11687,19.2982240105404,15.3352032889933,8.30613918663683,0,sometimes,third_option,cash,60.0,30.0,4,1,4,1,4,,4,40.0,more,less,false,35,female,graduate,1,1,108.58,3,1,1,cbctgbhm,,,,,0
463,ps0stxx7,69a84166aed9e34fae5669e3,0,12,12,pricing,FinalForProlific,2026-07-02 20:30:53.450930,1,,,110.94,463,,110.94,1,10,6,4,1,3,5385,16.8775714200622,14.5282644745692,7.35487993020429,1,sometimes,third_option,cash,90.0,26.0,4,1,5,1,5,18.0,4,80.0,more,less,false,20,male,some_college,1,1,109.19,3,1,1,cbctgbhm,,,,,0
464,7gogb5vk,69b72377cc9f5fa628e6dfbb,0,12,12,pricing,FinalForProlific,2026-07-02 20:31:00.564998,1,,,108.24,464,,108.24,1,15,6,9,1,3,5385,16.8775714200622,14.5282644745692,7.35487993020429,1,sometimes,third_option,cash,74.0,5.0,4,1,4,1,4,10.0,4,30.0,more,less,false,40,female,some_college,0,1,106.49,3,1,1,cbctgbhm,,,,,0
465,mkqzlq57,6a00ec95def2f000fd898a48,0,12,12,pricing,FinalForProlific,2026-07-02 20:31:01.600087,1,,,105.46,465,,105.46,1,15,9,6,0,3,5385,16.8775714200622,14.5282644745692,7.35487993020429,1,sometimes,third_option,cash,22.0,20.0,1,,,1,4,10.0,4,0.0,more,less,false,26,male,some_college,0,0,103.71,3,1,1,cbctgbhm,,,,,0
466,1938c3g8,66908468a367218ba2c439be,0,3,12,pricing,ComprehensionQuiz,2026-07-02 20:31:02.790296,1,,,0.0,466,,0.0,1,5,0,5,,4,11687,19.2982240105404,15.3352032889933,8.30613918663683,0,,,,,,,,,,,,,,,,,,,,,,,,1,1,cbctgbhm,,,,,0
467,scf5tldz,5d54683b3e80200018bbf5ec,0,12,12,pricing,FinalForProlific,2026-07-02 20:31:06.448290,1,,,103.68,467,,103.68,1,10,0,10,1,4,11687,19.2982240105404,15.3352032889933,8.30613918663683,0,sometimes,third_option,cash,10.0,15.0,3,1,2,0,2,4.0,2,10.0,more,less,false,33,male,bachelor,1,1,101.93,3,1,1,cbctgbhm,,,,,0
468,39bd2f5d,6a1f2df1e09a81b25f63fc2c,0,2,12,pricing,Instructions,2026-07-02 20:31:11.101161,1,,,0.0,468,,0.0,1,15,0,15,,3,5385,16.8775714200622,14.5282644745692,7.35487993020429,1,,,,,,,,,,,,,,,,,,,,,,,,1,1,cbctgbhm,,,,,0
469,cxki159p,6a1b0d0752aac3ae3568e1d8,0,12,12,pricing,FinalForProlific,2026-07-02 20:31:12.890906,1,,,101.31,469,,101.31,1,5,0,5,1,5,3851,-8.79848578409706,15.1098174886843,-18.5046274258981,1,sometimes,third_option,cash,5.0,15.0,5,1,5,1,4,5.0,4,5.0,more,less,false,44,male,graduate,0,1,99.56,3,1,1,cbctgbhm,,,,,0
470,aid3hfcr,6a1f352229023ec866b538be,0,12,12,pricing,FinalForProlific,2026-07-02 20:31:13.046769,1,,,105.97,470,,105.97,1,10,0,10,1,3,5385,16.8775714200622,14.5282644745692,7.35487993020429,1,sometimes,third_option,cash,25.0,5.0,2,1,2,1,2,12.0,2,45.0,more,less,false,29,male,graduate,1,1,104.22,3,1,1,cbctgbhm,,,,,0
471,bz9fas6u,66c13cc0c9ba487034df285c,0,12,12,pricing,FinalForProlific,2026-07-02 20:31:14.147642,1,,,100.87,471,,100.87,1,15,0,15,1,5,3851,-8.79848578409706,15.1098174886843,-18.5046274258981,1,sometimes,third_option,cash,10.0,10.0,4,1,4,1,4,17.0,4,20.0,more,less,false,51,female,bachelor,0,1,99.12,3,1,1,cbctgbhm,,,,,0
472,d5nwj8vj,6a0b6d0045f790bc19929a00,0,12,12,pricing,FinalForProlific,2026-07-02 20:31:15.603754,1,,,116.12,472,,116.12,1,5,3,2,1,3,5385,16.8775714200622,14.5282644745692,7.35487993020429,1,sometimes,third_option,cash,97.0,14.0,3,1,4,1,4,23.0,4,95.0,more,less,false,28,female,graduate,1,1,113.37,3,1,1,cbctgbhm,,,,,0
473,39s29umj,6a0aa1fdd55cf58408ab9735,0,12,12,pricing,FinalForProlific,2026-07-02 20:31:16.090850,1,,,109.83,473,,109.83,1,10,3,7,1,2,6,17.25651292143,15.6552619854883,-10.6145146455845,0,sometimes,third_option,cash,70.0,12.0,3,1,4,1,3,20.0,3,70.0,more,less,false,30,male,graduate,1,1,109.08,3,1,1,cbctgbhm,,,,,0
474,r03kpyei,67bb91a04f5f96b7ac52242d,0,12,12,pricing,FinalForProlific,2026-07-02 20:31:19.400114,1,,,100.68,474,,100.68,1,15,3,12,1,4,11687,19.2982240105404,15.3352032889933,8.30613918663683,0,sometimes,third_option,cash,10.0,15.0,5,1,5,1,4,15.0,4,10.0,more,less,false,24,male,graduate,0,1,98.93,3,1,1,cbctgbhm,,,,,0
475,u3hfjum3,62d2bca2c9485e173382c839,0,12,12,pricing,FinalForProlific,2026-07-02 20:31:18.412597,1,,,119.01,475,,119.01,1,10,6,4,0,2,6,17.25651292143,15.6552619854883,-10.6145146455845,0,sometimes,third_option,cash,100.0,18.0,2,,,0,4,20.0,2,100.0,more,less,false,51,male,highschool,0,0,117.26,3,1,1,cbctgbhm,,,,,0
476,1txubq4i,69c1f5423b7df4e2f7066e46,0,12,12,pricing,FinalForProlific,2026-07-02 20:31:26.004857,1,,,113.87,476,,113.87,1,15,6,9,1,4,11687,19.2982240105404,15.3352032889933,8.30613918663683,0,sometimes,third_option,cash,90.0,15.0,3,0,3,1,4,20.0,4,100.0,more,same,false,32,female,bachelor,0,1,111.37,2,1,1,cbctgbhm,,,,,0
477,qekw749d,5c635a08e30ff200016badb9,0,12,12,pricing,FinalForProlific,2026-07-02 20:31:28.460582,1,,,109.19,477,,109.19,1,15,9,6,0,3,5385,16.8775714200622,14.5282644745692,7.35487993020429,1,sometimes,third_option,cash,50.0,22.0,2,,,1,2,17.0,2,30.0,more,less,false,58,male,bachelor,0,0,108.44,3,1,1,cbctgbhm,,,,,0
478,nao9w2li,69dfc561ed70d9a2f53d5df9,0,12,12,pricing,FinalForProlific,2026-07-02 20:31:30.224604,1,,,117.19,478,,117.19,1,5,0,5,1,4,11687,19.2982240105404,15.3352032889933,8.30613918663683,0,sometimes,third_option,cash,80.0,22.0,4,1,3,1,3,15.0,,75.0,more,less,false,44,male,bachelor,0,1,115.44,3,1,1,cbctgbhm,,,,,0
479,h05hl3gm,60628138bcaf1a1ee218738e,0,3,12,pricing,ComprehensionQuiz,2026-07-02 20:31:33.281972,1,,,0.0,479,,0.0,1,10,0,10,,5,3851,-8.79848578409706,15.1098174886843,-18.5046274258981,1,,,,,,,,,,,,,,,,,,,,,,,,1,1,cbctgbhm,,,,,0
480,bzvi0g8m,69ff184eabba1ba8cff39d3a,0,12,12,pricing,FinalForProlific,2026-07-02 20:31:33.928251,1,,,106.57,480,,106.57,1,15,0,15,1,4,11687,19.2982240105404,15.3352032889933,8.30613918663683,0,sometimes,third_option,cash,25.0,12.0,1,0,1,1,3,0.0,2,0.0,more,less,false,47,male,highschool,0,1,104.82,3,1,1,cbctgbhm,,,,,0
481,q2qln5v7,69ba4da9b6318051246d3594,0,12,12,pricing,FinalForProlific,2026-07-02 20:31:41.989556,1,,,120.05,481,,120.05,1,5,0,5,1,4,11687,19.2982240105404,15.3352032889933,8.30613918663683,0,sometimes,third_option,cash,100.0,25.0,4,1,4,1,4,21.0,4,90.0,more,less,false,29,male,bachelor,0,1,119.3,3,1,1,cbctgbhm,,,,,0
482,6najgp62,595d3824fe4a4700017a0777,0,12,12,pricing,FinalForProlific,2026-07-02 20:31:44.984132,1,,,107.57,482,,107.57,1,10,0,10,1,4,11687,19.2982240105404,15.3352032889933,8.30613918663683,0,sometimes,third_option,cash,25.0,20.0,1,0,2,1,3,12.0,1,50.0,more,less,false,27,male,highschool,0,1,104.82,3,1,1,cbctgbhm,,,,,0
483,t01s872s,5ebaa1ff940078000b52ebf4,0,12,12,pricing,FinalForProlific,2026-07-02 20:31:45.381747,1,,,98.67,483,,98.67,1,15,0,15,1,5,3851,-8.79848578409706,15.1098174886843,-18.5046274258981,1,sometimes,third_option,cash,35.0,5.0,4,1,4,1,4,-5.0,3,0.0,more,less,false,59,male,some_college,0,1,96.92,3,1,1,cbctgbhm,,,,,0
484,aj1lr7zh,6605b8594712ef8c392bcae7,0,12,12,pricing,FinalForProlific,2026-07-02 20:31:46.567706,1,,,94.79,484,,94.79,1,5,3,2,1,5,3851,-8.79848578409706,15.1098174886843,-18.5046274258981,1,sometimes,third_option,cash,45.0,10.0,2,1,2,1,2,18.0,2,50.0,more,less,false,21,female,some_college,1,1,93.04,3,1,1,cbctgbhm,,,,,0
485,t959npo4,69add622261fffd15f23efb1,0,12,12,pricing,FinalForProlific,2026-07-02 20:31:49.262847,1,,,90.22,485,,90.22,1,10,3,7,1,5,3851,-8.79848578409706,15.1098174886843,-18.5046274258981,1,sometimes,third_option,cash,97.0,16.0,4,1,4,1,4,25.0,3,100.0,more,less,false,20,male,highschool,0,1,88.47,3,1,1,cbctgbhm,,,,,0
486,1gcyuyea,69a197c448eae1a674cf921a,0,12,12,pricing,FinalForProlific,2026-07-02 20:31:54.615384,1,,,97.25,486,,97.25,1,15,3,12,1,4,11687,19.2982240105404,15.3352032889933,8.30613918663683,0,sometimes,third_option,cash,0.0,-20.0,5,1,5,1,4,-5.0,3,0.0,exactly,same,false,24,male,bachelor,0,1,97.0,1,1,1,cbctgbhm,,,,,0
487,re2yk1fb,69f75285469c9906f0b8af09,0,12,12,pricing,FinalForProlific,2026-07-02 20:31:56.022071,1,,,110.38,487,,110.38,1,10,6,4,0,2,6,17.25651292143,15.6552619854883,-10.6145146455845,0,sometimes,third_option,cash,50.0,20.0,3,,,0,3,10.0,3,50.0,more,less,false,51,male,graduate,0,0,108.63,3,1,1,cbctgbhm,,,,,0
488,qn8wv72j,6072f8908ca848cb61dcce5d,0,12,12,pricing,FinalForProlific,2026-07-02 20:31:58.396474,1,,,96.79,488,,96.79,1,15,6,9,1,2,6,17.25651292143,15.6552619854883,-10.6145146455845,0,sometimes,third_option,cash,6.0,14.0,3,1,3,1,2,25.0,3,70.0,more,less,false,33,female,bachelor,0,1,95.04,3,1,1,cbctgbhm,,,,,0
489,pq7jn4fu,5c4c57609446be00017e6746,0,12,12,pricing,FinalForProlific,2026-07-02 20:32:01.844168,1,,,100.75,489,,100.75,1,15,9,6,0,2,6,17.25651292143,15.6552619854883,-10.6145146455845,0,sometimes,third_option,cash,0.0,-10.0,1,,,0,5,5.0,1,100.0,more,less,false,47,male,bachelor,0,0,100.0,3,1,1,cbctgbhm,,,,,0
490,tug0bkfl,6a33b6f5e3d9dff938626d9d,0,12,12,pricing,FinalForProlific,2026-07-02 20:32:02.469104,1,,,99.11,490,,99.11,1,5,0,5,1,5,3851,-8.79848578409706,15.1098174886843,-18.5046274258981,1,sometimes,third_option,cash,30.0,5.0,3,1,4,1,4,9.0,3,20.0,more,less,false,46,male,graduate,0,1,97.36,3,1,1,cbctgbhm,,,,,0
491,zeg0ta0e,699b607e5ff32fbd2775e425,0,12,12,pricing,FinalForProlific,2026-07-02 20:32:05.096494,1,,,99.99,491,,99.99,1,10,0,10,1,5,3851,-8.79848578409706,15.1098174886843,-18.5046274258981,1,sometimes,third_option,cash,20.0,10.0,3,1,5,1,,10.0,2,50.0,more,less,false,29,female,highschool,0,1,98.24,3,1,1,cbctgbhm,,,,,0
492,byf9l4iu,69c3412c3db69fe9a89b270b,0,12,12,pricing,FinalForProlific,2026-07-02 20:32:05.535862,1,,,101.75,492,,101.75,1,15,0,15,1,3,5385,16.8775714200622,14.5282644745692,7.35487993020429,1,sometimes,third_option,cash,0.0,0.0,4,1,4,1,4,0.0,4,0.0,more,less,false,40,male,graduate,0,1,100.0,3,1,1,cbctgbhm,,,,,0
493,tnnih4wr,6a0481d68cad0002136fcc3a,0,12,12,pricing,FinalForProlific,2026-07-02 20:32:07.453303,1,,,107.81,493,,107.81,1,5,0,5,1,3,5385,16.8775714200622,14.5282644745692,7.35487993020429,1,sometimes,third_option,cash,30.0,16.0,3,1,3,1,4,30.0,3,50.0,more,less,false,25,female,bachelor,0,1,105.06,3,1,1,cbctgbhm,,,,,0
494,2afqxd7p,6a01113ec203bbb263d34929,0,3,12,pricing,ComprehensionQuiz,2026-07-02 20:32:08.666770,1,,,0.0,494,,0.0,1,10,0,10,,4,11687,19.2982240105404,15.3352032889933,8.30613918663683,0,,,,,,,,,,,,,,,,,,,,,,,,1,1,cbctgbhm,,,,,0
495,1u9cci57,68c8429b543e388858991bbc,0,12,12,pricing,FinalForProlific,2026-07-02 20:32:10.142124,1,,,99.11,495,,99.11,1,15,0,15,1,5,3851,-8.79848578409706,15.1098174886843,-18.5046274258981,1,sometimes,third_option,cash,30.0,15.0,4,1,4,1,4,25.0,4,50.0,more,less,false,29,female,bachelor,1,1,97.36,3,1,1,cbctgbhm,,,,,0
496,dbhtp5d1,66a7ec9834078bfe12db687d,0,12,12,pricing,FinalForProlific,2026-07-02 20:32:11.334978,1,,,107.38,496,,107.38,1,5,3,2,1,2,6,17.25651292143,15.6552619854883,-10.6145146455845,0,sometimes,third_option,cash,50.0,2.0,3,0,3,1,3,5.0,3,100.0,more,less,false,21,male,highschool,0,1,105.63,3,1,1,cbctgbhm,,,,,0
497,wr3thpxz,6a0b2e634890878fbf46baad,0,12,12,pricing,FinalForProlific,2026-07-02 20:32:11.654735,1,,,117.47,497,,117.47,1,10,3,7,1,4,11687,19.2982240105404,15.3352032889933,8.30613918663683,0,sometimes,third_option,cash,97.0,15.0,4,1,4,1,4,20.0,4,90.0,more,less,false,47,male,graduate,0,1,115.72,3,1,1,cbctgbhm,,,,,0
498,hq31z378,6a00d17b87147fb2a0ea76a8,0,3,12,pricing,ComprehensionQuiz,2026-07-02 20:32:14.202022,1,,,0.0,498,,0.0,1,15,3,12,,5,3851,-8.79848578409706,15.1098174886843,-18.5046274258981,1,,,,,,,,,,,,,,,,,,,,,,,,1,1,cbctgbhm,,,,,0
499,nbagv9ir,601fd27860b197531ca7bdcc,0,12,12,pricing,FinalForProlific,2026-07-02 20:32:14.309722,1,,,111.61,499,,111.61,1,10,6,4,1,3,5385,16.8775714200622,14.5282644745692,7.35487993020429,1,sometimes,third_option,cash,94.0,30.0,3,1,3,1,2,10.0,2,100.0,more,less,false,37,male,graduate,0,1,109.86,3,1,1,cbctgbhm,,,,,0
500,yogr6tc4,5d7085f70a426200186bc676,0,12,12,pricing,FinalForProlific,2026-07-02 20:32:15.340577,1,,,105.57,500,,105.57,1,15,6,9,0,4,11687,19.2982240105404,15.3352032889933,8.30613918663683,0,sometimes,third_option,cash,25.0,10.0,3,,,1,3,15.0,3,25.0,more,less,false,31,male,graduate,1,0,104.82,3,1,1,cbctgbhm,,,,,0
501,zubr0v7h,697fc71173c91425f3d369c3,0,12,12,pricing,FinalForProlific,2026-07-02 20:32:17.157264,1,,,96.61,501,,96.61,1,15,9,6,1,4,11687,19.2982240105404,15.3352032889933,8.30613918663683,0,sometimes,third_option,cash,20.0,20.0,5,1,5,1,5,20.0,,100.0,more,less,false,36,female,highschool,0,1,94.86,3,1,1,cbctgbhm,,,,,0
502,s86gklp9,5bd2a0799afb5b00015be460,0,12,12,pricing,FinalForProlific,2026-07-02 20:32:17.301360,1,,,105.93,502,,105.93,1,5,0,5,0,2,6,17.25651292143,15.6552619854883,-10.6145146455845,0,sometimes,third_option,cash,30.0,11.0,1,,,0,1,2.0,1,100.0,more,less,false,53,female,highschool,0,0,105.18,3,1,1,cbctgbhm,,,,,0
503,ajkbxcdl,6a10664c0ee6ccbf5f73bdbc,0,4,12,pricing,Practice,2026-07-02 20:32:17.742893,1,,,0.0,503,,0.0,1,10,0,10,,3,5385,16.8775714200622,14.5282644745692,7.35487993020429,1,sometimes,third_option,cash,,,,,,,,,,,,,,,,,,,,,1,1,cbctgbhm,,,,,0
504,li6wzwqr,69f4e0a61df7b7adb13e9847,0,12,12,pricing,FinalForProlific,2026-07-02 20:32:20.619735,1,,,109.86,504,,109.86,1,15,0,15,1,2,6,17.25651292143,15.6552619854883,-10.6145146455845,0,sometimes,third_option,cash,47.0,13.0,3,1,3,1,2,17.0,3,60.0,more,less,false,51,male,bachelor,1,1,108.11,3,1,1,cbctgbhm,,,,,0
505,w9xvh38y,6a21f3ec20ac6ad000db057e,0,12,12,pricing,FinalForProlific,2026-07-02 20:32:22.644899,1,,,111.38,505,,111.38,1,5,0,5,1,2,6,17.25651292143,15.6552619854883,-10.6145146455845,0,sometimes,third_option,cash,50.0,15.0,2,0,4,0,2,1.0,1,20.0,more,less,false,27,female,bachelor,0,1,108.63,3,1,1,cbctgbhm,,,,,0
506,sw41xdqf,69ad70ad170abae499d1e32f,0,12,12,pricing,FinalForProlific,2026-07-02 20:32:26.165116,1,,,108.47,506,,108.47,1,10,0,10,1,4,11687,19.2982240105404,15.3352032889933,8.30613918663683,0,sometimes,third_option,cash,40.0,40.0,4,1,5,1,5,50.0,4,50.0,more,less,false,44,female,graduate,1,1,107.72,3,1,1,cbctgbhm,,,,,0
507,e7xjqfjj,6a0497c25c04f83a27e1f07a,0,12,12,pricing,FinalForProlific,2026-07-02 20:32:25.897478,1,,,104.13,507,,104.13,1,15,0,15,0,3,5385,16.8775714200622,14.5282644745692,7.35487993020429,1,sometimes,third_option,cash,20.0,8.0,3,,,1,4,15.0,3,20.0,more,less,false,46,male,graduate,1,0,103.38,3,1,1,cbctgbhm,,,,,0
508,h6otwz1m,5df5b73cd52c7b4021e0d0b6,0,12,12,pricing,FinalForProlific,2026-07-02 20:32:26.147276,1,,,108.4,508,,108.4,1,5,3,2,1,4,11687,19.2982240105404,15.3352032889933,8.30613918663683,0,sometimes,third_option,cash,50.0,20.0,3,1,4,1,4,20.0,2,50.0,more,less,false,45,female,graduate,0,1,106.65,3,1,1,cbctgbhm,,,,,0
509,lopzzuhb,69c4026a5cde878384490796,0,12,12,pricing,FinalForProlific,2026-07-02 20:32:26.222666,1,,,115.25,509,,115.25,1,10,3,7,0,3,5385,16.8775714200622,14.5282644745692,7.35487993020429,1,sometimes,third_option,cash,80.0,20.0,4,,,1,4,25.0,4,30.0,more,less,false,37,female,graduate,0,0,113.5,3,1,1,cbctgbhm,,,,,0
510,z3kf7hvu,6a0dd2bb948191cc5166f584,0,12,12,pricing,FinalForProlific,2026-07-02 20:32:27.736045,1,,,103.79,510,,103.79,1,15,3,12,1,2,6,17.25651292143,15.6552619854883,-10.6145146455845,0,sometimes,third_option,cash,35.0,12.0,3,1,4,1,4,10.0,3,40.0,more,less,false,21,female,bachelor,1,1,103.04,3,1,1,cbctgbhm,,,,,0
511,w1vca42u,65dcfc8cb5a870c7880bd8cc,0,12,12,pricing,FinalForProlific,2026-07-02 20:32:29.532829,1,,,102.5,511,,102.5,1,10,6,4,1,3,5385,16.8775714200622,14.5282644745692,7.35487993020429,1,sometimes,third_option,cash,40.0,15.0,3,0,4,1,,10.0,,50.0,more,less,false,50,male,bachelor,0,1,100.75,3,1,1,cbctgbhm,,,,,0
512,3mtqby1u,5f51529b15e36638fe535eae,0,3,12,pricing,ComprehensionQuiz,2026-07-02 20:32:36.125937,1,,,0.0,512,,0.0,1,15,6,9,,5,3851,-8.79848578409706,15.1098174886843,-18.5046274258981,1,,,,,,,,,,,,,,,,,,,,,,,,1,1,cbctgbhm,,,,,0
513,5ggghdo5,6a2343549e35d0b3592b1578,0,12,12,pricing,FinalForProlific,2026-07-02 20:32:36.292312,1,,,102.68,513,,102.68,1,15,9,6,0,4,11687,19.2982240105404,15.3352032889933,8.30613918663683,0,sometimes,third_option,cash,10.0,-10.0,2,,,1,2,-5.0,3,10.0,more,less,false,24,male,bachelor,0,0,101.93,3,1,1,cbctgbhm,,,,,0
514,4sv556lw,6a09e70ed4f900f0db78254f,0,12,12,pricing,FinalForProlific,2026-07-02 20:32:46.592815,1,,,102.75,514,,102.75,1,5,0,5,1,5,3851,-8.79848578409706,15.1098174886843,-18.5046274258981,1,sometimes,third_option,cash,0.0,-11.0,5,1,4,1,5,10.0,4,15.0,more,less,false,35,male,bachelor,0,1,100.0,3,1,1,cbctgbhm,,,,,0
515,xcq2664n,69f3e5f34844a66c277aefdd,0,12,12,pricing,FinalForProlific,2026-07-02 20:32:49.279184,1,,,120.01,515,,120.01,1,10,0,10,1,2,6,17.25651292143,15.6552619854883,-10.6145146455845,0,sometimes,third_option,cash,100.0,22.0,2,0,5,1,5,18.0,4,100.0,more,less,false,30,male,bachelor,1,1,117.26,3,1,1,cbctgbhm,,,,,0
516,rvls5041,6a1d926968e06225e92ddb0a,0,12,12,pricing,FinalForProlific,2026-07-02 20:32:49.634133,1,,,101.75,516,,101.75,1,15,0,15,1,5,3851,-8.79848578409706,15.1098174886843,-18.5046274258981,1,sometimes,third_option,cash,0.0,-20.0,4,1,5,1,4,-10.0,4,0.0,more,less,false,49,male,bachelor,0,1,100.0,3,1,1,cbctgbhm,,,,,0
517,ahqpipht,5e79448b2645050ebe52051c,0,12,12,pricing,FinalForProlific,2026-07-02 20:32:53.900811,1,,,108.47,517,,108.47,1,5,0,5,1,4,11687,19.2982240105404,15.3352032889933,8.30613918663683,0,sometimes,third_option,cash,40.0,30.0,3,1,4,0,5,15.0,3,40.0,more,less,false,63,male,graduate,1,1,107.72,3,1,1,cbctgbhm,,,,,0
518,iq6bciuh,5c2d3ba4731cd10001b647d7,0,12,12,pricing,FinalForProlific,2026-07-02 20:32:56.729992,1,,,103.48,518,,103.48,1,10,0,10,0,2,6,17.25651292143,15.6552619854883,-10.6145146455845,0,sometimes,third_option,cash,10.0,15.0,4,,,1,4,25.0,3,50.0,more,less,false,43,male,bachelor,0,0,101.73,3,1,1,cbctgbhm,,,,,0
519,vqrcm55d,69dd4b93f3df8cf7a8f04c62,0,12,12,pricing,FinalForProlific,2026-07-02 20:33:06.776659,1,,,120.05,519,,120.05,1,15,0,15,1,4,11687,19.2982240105404,15.3352032889933,8.30613918663683,0,sometimes,third_option,cash,100.0,25.0,4,1,4,1,4,15.0,4,50.0,more,less,false,34,male,bachelor,1,1,119.3,3,1,1,cbctgbhm,,,,,0
520,x6j6er23,69a1ce874d4ba6506a55275b,0,12,12,pricing,FinalForProlific,2026-07-02 20:33:08.738960,1,,,107.19,520,,107.19,1,5,3,2,1,3,5385,16.8775714200622,14.5282644745692,7.35487993020429,1,sometimes,third_option,cash,50.0,25.0,3,1,4,1,4,10.0,3,20.0,more,less,false,25,female,some_college,0,1,105.44,3,1,1,cbctgbhm,,,,,0
521,e36n3twn,6780c4abb37bba622673bd03,0,12,12,pricing,FinalForProlific,2026-07-02 20:33:11.490497,1,,,98.75,521,,98.75,1,10,3,7,1,5,3851,-8.79848578409706,15.1098174886843,-18.5046274258981,1,sometimes,third_option,cash,0.0,0.0,4,1,5,1,4,10.0,4,100.0,more,less,false,57,male,bachelor,0,1,97.0,3,1,1,cbctgbhm,,,,,0
522,y9uxyk6n,6a05d785f447abca311f1246,0,12,12,pricing,FinalForProlific,2026-07-02 20:33:16.004094,1,,,111.4,522,,111.4,1,15,3,12,0,4,11687,19.2982240105404,15.3352032889933,8.30613918663683,0,sometimes,third_option,cash,50.0,20.0,3,,,0,,15.0,2,10.0,more,less,false,27,other,bachelor,1,0,109.65,3,1,1,cbctgbhm,,,,,0
523,z46pjrzh,69d48aa809f91dc34aa71565,0,12,12,pricing,FinalForProlific,2026-07-02 20:33:18.121914,1,,,107.54,523,,107.54,1,10,6,4,0,4,11687,19.2982240105404,15.3352032889933,8.30613918663683,0,sometimes,third_option,cash,30.0,20.0,3,,,1,,20.0,3,50.0,more,less,false,34,male,graduate,1,0,105.79,3,1,1,cbctgbhm,,,,,0
524,v65upjyc,67eff0475e43d9a5390ff55e,0,12,12,pricing,FinalForProlific,2026-07-02 20:33:18.668846,1,,,96.54,524,,96.54,1,15,6,9,0,5,3851,-8.79848578409706,15.1098174886843,-18.5046274258981,1,sometimes,third_option,cash,45.0,50.0,4,,,1,3,15.0,4,25.0,more,same,false,25,female,graduate,0,0,96.04,2,1,1,cbctgbhm,,,,,0
525,3gtsrbrn,6073e0d481953bbd2cd61145,0,12,12,pricing,FinalForProlific,2026-07-02 20:33:23.928763,1,,,104.47,525,,104.47,1,15,9,6,1,3,5385,16.8775714200622,14.5282644745692,7.35487993020429,1,sometimes,third_option,cash,65.0,21.0,4,1,5,1,4,18.0,3,75.0,exactly,less,false,28,male,bachelor,0,1,101.97,2,1,1,cbctgbhm,,,,,0
526,jbnri4q8,69eb4083e374d95eb30419a5,0,12,12,pricing,FinalForProlific,2026-07-02 20:33:44.513095,1,,,97.23,526,,97.23,1,5,0,5,1,5,3851,-8.79848578409706,15.1098174886843,-18.5046274258981,1,sometimes,third_option,cash,40.0,9.0,2,0,3,1,4,10.0,3,40.0,more,less,false,36,male,bachelor,0,1,96.48,3,1,1,cbctgbhm,,,,,0
527,jnixi9h4,66d0e8813c0a69291c362cba,0,12,12,pricing,FinalForProlific,2026-07-02 20:33:47.509650,1,,,109.13,527,,109.13,1,10,0,10,1,2,6,17.25651292143,15.6552619854883,-10.6145146455845,0,sometimes,third_option,cash,50.0,50.0,5,1,5,1,5,50.0,5,50.0,more,more,false,25,male,highschool,0,1,108.63,2,1,1,cbctgbhm,,,,,0
528,yqbir86p,66e641a57e7f41866f9e705f,0,12,12,pricing,FinalForProlific,2026-07-02 20:33:54.191458,1,,,93.27,528,,93.27,1,15,0,15,0,5,3851,-8.79848578409706,15.1098174886843,-18.5046274258981,1,sometimes,third_option,cash,85.0,6.0,4,,,1,,5.0,4,90.0,more,less,false,33,male,bachelor,1,0,92.52,3,1,1,cbctgbhm,,,,,0
529,yu1ax8d9,6a13809a55a9d81e74345a8e,0,12,12,pricing,FinalForProlific,2026-07-02 20:34:16.638845,1,,,92.95,529,,92.95,1,5,0,5,1,5,3851,-8.79848578409706,15.1098174886843,-18.5046274258981,1,sometimes,third_option,cash,100.0,25.0,4,1,4,1,4,25.0,,100.0,more,less,false,27,male,bachelor,1,1,91.2,3,1,1,cbctgbhm,,,,,0
530,vggaf8ph,69f65f307f0cb39638d0000d,0,12,12,pricing,FinalForProlific,2026-07-02 20:34:20.972904,1,,,95.15,530,,95.15,1,10,0,10,1,5,3851,-8.79848578409706,15.1098174886843,-18.5046274258981,1,sometimes,third_option,cash,75.0,25.0,4,1,4,1,4,15.0,4,50.0,more,less,false,29,female,graduate,1,1,93.4,3,1,1,cbctgbhm,,,,,0
531,6to4pizj,5e6fc1d5d6d43357de8e6edc,0,12,12,pricing,FinalForProlific,2026-07-02 20:34:23.361805,1,,,100.75,531,,100.75,1,15,0,15,0,4,11687,19.2982240105404,15.3352032889933,8.30613918663683,0,sometimes,third_option,cash,0.0,7.0,2,,,1,3,4.0,3,5.0,more,less,false,44,male,highschool,0,0,100.0,3,1,1,cbctgbhm,,,,,0
532,da9dmo4v,6a0c93436c009b0e6c8a3fda,0,12,12,pricing,FinalForProlific,2026-07-02 20:34:24.133680,1,,,97.87,532,,97.87,1,5,3,2,1,5,3851,-8.79848578409706,15.1098174886843,-18.5046274258981,1,sometimes,third_option,cash,10.0,10.0,2,1,4,1,3,5.0,4,30.0,more,less,false,25,female,bachelor,1,1,96.12,3,1,1,cbctgbhm,,,,,0
533,wkz87lkk,66e62716a40afa9a9b4d23c6,0,12,12,pricing,FinalForProlific,2026-07-02 20:34:28.938356,1,,,105.61,533,,105.61,1,10,3,7,0,4,11687,19.2982240105404,15.3352032889933,8.30613918663683,0,sometimes,third_option,cash,20.0,15.0,4,,,1,4,26.0,4,20.0,more,less,false,39,male,graduate,0,0,103.86,3,1,1,cbctgbhm,,,,,0
534,fbow9q62,65d942ce4ea2fe978c283416,0,12,12,pricing,FinalForProlific,2026-07-02 20:34:31.409623,1,,,107.54,534,,107.54,1,15,3,12,0,4,11687,19.2982240105404,15.3352032889933,8.30613918663683,0,sometimes,third_option,cash,30.0,20.0,3,,,1,3,-2.0,,20.0,more,less,false,60,female,graduate,0,0,105.79,3,1,1,cbctgbhm,,,,,0
535,p943s3ks,6a079171443af666ae986d90,0,3,12,pricing,ComprehensionQuiz,2026-07-02 20:34:31.832531,1,,,0.0,535,,0.0,1,10,6,4,,3,5385,16.8775714200622,14.5282644745692,7.35487993020429,1,,,,,,,,,,,,,,,,,,,,,,,,1,1,cbctgbhm,,,,,0
536,yvei4il3,69bcfd38ab399b8c203e9dfe,0,12,12,pricing,FinalForProlific,2026-07-02 20:35:04.258269,1,,,112.15,536,,112.15,1,15,6,9,1,4,11687,19.2982240105404,15.3352032889933,8.30613918663683,0,sometimes,third_option,cash,85.0,18.0,4,1,4,1,4,18.0,4,80.0,more,less,false,22,male,highschool,1,1,110.4,3,1,1,cbctgbhm,,,,,0
537,dbz7q5ya,6a16bea9a29977f7fd34c31f,0,12,12,pricing,FinalForProlific,2026-07-02 20:35:41.490164,1,,,103.03,537,,103.03,1,15,9,6,1,3,5385,16.8775714200622,14.5282644745692,7.35487993020429,1,sometimes,third_option,cash,55.0,20.0,4,1,4,1,4,35.0,4,50.0,more,less,false,28,female,graduate,1,1,100.28,3,1,1,cbctgbhm,,,,,0
538,47fiibl2,6a15d35d97c9ae5e06f572af,0,12,12,pricing,FinalForProlific,2026-07-02 20:35:42.310784,1,,,107.65,538,,107.65,1,5,0,5,1,2,6,17.25651292143,15.6552619854883,-10.6145146455845,0,sometimes,third_option,cash,40.0,2.0,4,1,4,1,4,14.0,4,80.0,more,less,false,31,male,graduate,1,1,106.9,3,1,1,cbctgbhm,,,,,0
539,llwpnnyk,6a07ad9f94a1303e0ca1448b,0,12,12,pricing,FinalForProlific,2026-07-02 20:36:30.605111,1,,,111.4,539,,111.4,1,10,0,10,0,4,11687,19.2982240105404,15.3352032889933,8.30613918663683,0,sometimes,third_option,cash,50.0,22.0,2,,,1,4,0.0,4,0.0,more,less,false,36,male,bachelor,0,0,109.65,3,1,1,cbctgbhm,,,,,0
540,r9nr06kv,69bd43b3638c297e98b9f8df,0,12,12,pricing,FinalForProlific,2026-07-02 20:36:40.788023,1,,,110.4,540,,110.4,1,15,0,15,1,4,11687,19.2982240105404,15.3352032889933,8.30613918663683,0,sometimes,third_option,cash,50.0,5.0,2,1,2,1,3,20.0,3,100.0,more,less,false,24,male,bachelor,0,1,109.65,3,1,1,cbctgbhm,,,,,0
541,mfj4xvdo,5dd3e852b988873c617cd21a,0,12,12,pricing,FinalForProlific,2026-07-02 20:37:26.900311,1,,,118.63,541,,118.63,1,5,0,5,1,3,5385,16.8775714200622,14.5282644745692,7.35487993020429,1,sometimes,third_option,cash,100.0,25.0,5,1,5,1,4,10.0,4,35.0,more,less,false,58,male,bachelor,1,1,116.88,3,1,1,cbctgbhm,,,,,0
542,vsb7udny,69fded1b5d37ff18df17d676,0,12,12,pricing,FinalForProlific,2026-07-02 20:37:33.498959,1,,,111.1,542,,111.1,1,10,0,10,1,2,6,17.25651292143,15.6552619854883,-10.6145146455845,0,sometimes,third_option,cash,60.0,39.0,4,1,4,1,4,13.0,4,70.0,more,less,false,27,male,graduate,1,1,110.35,3,1,1,cbctgbhm,,,,,0
543,lf4m5wut,616c056b42e788ef31efc4b0,0,3,12,pricing,ComprehensionQuiz,2026-07-02 20:38:06.041254,1,,,0.0,543,,0.0,1,15,0,15,,5,3851,-8.79848578409706,15.1098174886843,-18.5046274258981,1,,,,,,,,,,,,,,,,,,,,,,,,1,1,cbctgbhm,,,,,0
544,6ski6at5,6a1b15e662fadd6f4bb1b02c,0,12,12,pricing,FinalForProlific,2026-07-02 20:38:15.908135,1,,,106.03,544,,106.03,1,5,3,2,1,2,6,17.25651292143,15.6552619854883,-10.6145146455845,0,sometimes,third_option,cash,48.0,0.0,2,1,3,1,3,2.0,3,50.0,more,less,false,21,female,highschool,0,1,105.28,3,1,1,cbctgbhm,,,,,0
545,4gz1mj4b,69ff730afdb8c80dde5c8fac,0,12,12,pricing,FinalForProlific,2026-07-02 20:39:33.101855,1,,,95.47,545,,95.47,1,10,3,7,0,5,3851,-8.79848578409706,15.1098174886843,-18.5046274258981,1,sometimes,third_option,cash,60.0,20.0,3,,,1,4,20.0,4,50.0,more,less,false,24,male,bachelor,0,0,94.72,3,1,1,cbctgbhm,,,,,0
546,98j09mdd,69fca484237ccf6839f55328,0,3,12,pricing,ComprehensionQuiz,2026-07-02 20:39:49.780108,1,,,0.0,546,,0.0,1,15,3,12,,3,5385,16.8775714200622,14.5282644745692,7.35487993020429,1,,,,,,,,,,,,,,,,,,,,,,,,1,1,cbctgbhm,,,,,0
547,axj7kzey,6a2484cbe8a1b14c5b29b94f,0,12,12,pricing,FinalForProlific,2026-07-02 20:41:41.118268,1,,,100.75,547,,100.75,1,10,6,4,0,3,5385,16.8775714200622,14.5282644745692,7.35487993020429,1,sometimes,third_option,cash,0.0,-15.0,5,,,1,,5.0,4,10.0,more,less,false,24,male,graduate,0,0,100.0,3,1,1,cbctgbhm,,,,,0
548,mn7tcdyf,69ecc65326b279b91101fec3,0,12,12,pricing,FinalForProlific,2026-07-02 20:43:56.621195,1,,,95.14,548,,95.14,1,15,6,9,1,4,11687,19.2982240105404,15.3352032889933,8.30613918663683,0,sometimes,third_option,cash,2.0,10.0,2,1,2,0,5,20.0,4,40.0,more,less,false,21,female,highschool,1,1,94.39,3,1,1,cbctgbhm,,,,,0
549,28u5p6l8,69ab6514db60034d9c1ea74c,0,12,12,pricing,FinalForProlific,2026-07-02 20:44:48.967325,1,,,98.93,549,,98.93,1,15,9,6,1,2,6,17.25651292143,15.6552619854883,-10.6145146455845,0,sometimes,third_option,cash,30.0,17.0,2,0,4,1,4,12.0,4,100.0,more,less,false,18,male,highschool,0,1,96.18,3,1,1,cbctgbhm,,,,,0
550,l36zgvpp,6a178b91b1f36b5b71ba83d7,0,12,12,pricing,FinalForProlific,2026-07-02 20:44:56.986474,1,,,92.95,550,,92.95,1,5,0,5,1,5,3851,-8.79848578409706,15.1098174886843,-18.5046274258981,1,sometimes,third_option,cash,100.0,15.0,4,1,4,1,4,25.0,4,0.0,more,less,false,32,female,some_college,1,1,91.2,3,1,1,cbctgbhm,,,,,0
551,f4al4mc6,628781515f29a0394e23b15b,0,12,12,pricing,FinalForProlific,2026-07-02 20:45:41.422498,1,,,118.63,551,,118.63,1,10,0,10,0,3,5385,16.8775714200622,14.5282644745692,7.35487993020429,1,sometimes,third_option,cash,100.0,20.0,4,,,1,4,-2.0,4,0.0,more,less,false,34,male,bachelor,0,0,116.88,3,1,1,cbctgbhm,,,,,0
552,0o3sbzha,69fcb4f7d4cafc7e7bd94934,0,3,12,pricing,ComprehensionQuiz,2026-07-02 20:47:17.588527,1,,,0.0,552,,0.0,1,15,0,15,,2,6,17.25651292143,15.6552619854883,-10.6145146455845,0,,,,,,,,,,,,,,,,,,,,,,,,1,1,cbctgbhm,,,,,0
553,hue10roo,5f778d553167a12eae0e1c00,0,12,12,pricing,FinalForProlific,2026-07-02 20:47:46.158114,1,,,117.51,553,,117.51,1,5,0,5,0,2,6,17.25651292143,15.6552619854883,-10.6145146455845,0,sometimes,third_option,cash,200.0,4.0,1,,,1,1,6.0,1,500.0,dk,dk,false,33,female,bachelor,0,0,117.26,1,1,1,cbctgbhm,,,,,0
554,m6k10uu2,69b1146836f8ed08a0fbc7c1,0,12,12,pricing,FinalForProlific,2026-07-02 20:48:04.814942,1,,,118.51,554,,118.51,1,10,0,10,1,2,6,17.25651292143,15.6552619854883,-10.6145146455845,0,sometimes,third_option,cash,100.0,22.0,3,1,4,1,5,50.0,3,100.0,more,more,true,28,male,bachelor,1,1,117.26,1,1,1,cbctgbhm,,,,,0
555,jqozulsz,6a25ecbf7bb0c8852ddbf839,0,12,12,pricing,FinalForProlific,2026-07-02 20:48:58.642357,1,,,101.75,555,,101.75,1,15,0,15,1,5,3851,-8.79848578409706,15.1098174886843,-18.5046274258981,1,sometimes,third_option,cash,0.0,-3.0,4,1,5,1,4,14.0,4,0.0,more,less,false,18,male,some_college,0,1,100.0,3,1,1,cbctgbhm,,,,,0
556,g7yqkgae,6a1da9018a847dd20f0890c2,0,4,12,pricing,Practice,2026-07-02 20:49:43.532035,1,,,0.0,556,,0.0,1,5,3,2,,5,3851,-8.79848578409706,15.1098174886843,-18.5046274258981,1,sometimes,third_option,cash,,,,,,,,,,,,,,,,,,,,,1,1,cbctgbhm,,,,,0
557,r91ij4n0,6a09bbd2615201736f2231f9,0,12,12,pricing,FinalForProlific,2026-07-02 20:50:54.883777,1,,,95.99,557,,95.99,1,10,3,7,1,5,3851,-8.79848578409706,15.1098174886843,-18.5046274258981,1,sometimes,third_option,cash,20.0,15.0,5,0,5,1,5,35.0,5,75.0,more,less,false,28,male,bachelor,0,1,95.24,3,1,1,cbctgbhm,,,,,0
558,19qqiuwd,5df967d2f6191f6e87b236e6,0,12,12,pricing,FinalForProlific,2026-07-02 20:51:13.973034,1,,,109.38,558,,109.38,1,15,3,12,0,2,6,17.25651292143,15.6552619854883,-10.6145146455845,0,sometimes,third_option,cash,50.0,5.0,4,,,1,4,-1.0,4,0.0,more,less,false,30,male,bachelor,1,0,108.63,3,1,1,cbctgbhm,,,,,0
559,p7cxrh5l,65cba761b3d48a22dfc65d2f,0,12,12,pricing,FinalForProlific,2026-07-02 20:52:45.215087,1,,,95.31,559,,95.31,1,10,6,4,1,5,3851,-8.79848578409706,15.1098174886843,-18.5046274258981,1,sometimes,third_option,cash,5.0,8.0,3,1,3,1,4,2.0,3,20.0,more,less,false,45,female,graduate,0,1,93.56,3,1,1,cbctgbhm,,,,,0
560,bd7rzq88,,0,0,12,,,,0,,,0.0,560,,0.0,,15,6,9,,4,11687,19.2982240105404,15.3352032889933,8.30613918663683,0,,,,,,,,,,,,,,,,,,,,,,,,1,1,cbctgbhm,,,,,0
561,wn970veu,,0,0,12,,,,0,,,0.0,561,,0.0,,15,9,6,,4,11687,19.2982240105404,15.3352032889933,8.30613918663683,0,,,,,,,,,,,,,,,,,,,,,,,,1,1,cbctgbhm,,,,,0
562,7itkn17h,,0,0,12,,,,0,,,0.0,562,,0.0,,5,0,5,,3,5385,16.8775714200622,14.5282644745692,7.35487993020429,1,,,,,,,,,,,,,,,,,,,,,,,,1,1,cbctgbhm,,,,,0
563,eeg87c41,,0,0,12,,,,0,,,0.0,563,,0.0,,10,0,10,,3,5385,16.8775714200622,14.5282644745692,7.35487993020429,1,,,,,,,,,,,,,,,,,,,,,,,,1,1,cbctgbhm,,,,,0
564,9vah8h50,,0,0,12,,,,0,,,0.0,564,,0.0,,15,0,15,,5,3851,-8.79848578409706,15.1098174886843,-18.5046274258981,1,,,,,,,,,,,,,,,,,,,,,,,,1,1,cbctgbhm,,,,,0
565,k3que2tc,,0,0,12,,,,0,,,0.0,565,,0.0,,5,0,5,,2,6,17.25651292143,15.6552619854883,-10.6145146455845,0,,,,,,,,,,,,,,,,,,,,,,,,1,1,cbctgbhm,,,,,0
566,11g875h7,,0,0,12,,,,0,,,0.0,566,,0.0,,10,0,10,,3,5385,16.8775714200622,14.5282644745692,7.35487993020429,1,,,,,,,,,,,,,,,,,,,,,,,,1,1,cbctgbhm,,,,,0
567,ulgwiitq,,0,0,12,,,,0,,,0.0,567,,0.0,,15,0,15,,2,6,17.25651292143,15.6552619854883,-10.6145146455845,0,,,,,,,,,,,,,,,,,,,,,,,,1,1,cbctgbhm,,,,,0
568,zpuilwgg,,0,0,12,,,,0,,,0.0,568,,0.0,,5,3,2,,5,3851,-8.79848578409706,15.1098174886843,-18.5046274258981,1,,,,,,,,,,,,,,,,,,,,,,,,1,1,cbctgbhm,,,,,0
569,woub43j8,,0,0,12,,,,0,,,0.0,569,,0.0,,10,3,7,,5,3851,-8.79848578409706,15.1098174886843,-18.5046274258981,1,,,,,,,,,,,,,,,,,,,,,,,,1,1,cbctgbhm,,,,,0
570,dd6fwvqd,,0,0,12,,,,0,,,0.0,570,,0.0,,15,3,12,,3,5385,16.8775714200622,14.5282644745692,7.35487993020429,1,,,,,,,,,,,,,,,,,,,,,,,,1,1,cbctgbhm,,,,,0
571,d782u8gc,,0,0,12,,,,0,,,0.0,571,,0.0,,10,6,4,,4,11687,19.2982240105404,15.3352032889933,8.30613918663683,0,,,,,,,,,,,,,,,,,,,,,,,,1,1,cbctgbhm,,,,,0
572,3vmgrout,,0,0,12,,,,0,,,0.0,572,,0.0,,15,6,9,,2,6,17.25651292143,15.6552619854883,-10.6145146455845,0,,,,,,,,,,,,,,,,,,,,,,,,1,1,cbctgbhm,,,,,0
573,vokuunui,,0,0,12,,,,0,,,0.0,573,,0.0,,15,9,6,,5,3851,-8.79848578409706,15.1098174886843,-18.5046274258981,1,,,,,,,,,,,,,,,,,,,,,,,,1,1,cbctgbhm,,,,,0
574,lvudjzzf,,0,0,12,,,,0,,,0.0,574,,0.0,,5,0,5,,3,5385,16.8775714200622,14.5282644745692,7.35487993020429,1,,,,,,,,,,,,,,,,,,,,,,,,1,1,cbctgbhm,,,,,0
575,u4cstttg,,0,0,12,,,,0,,,0.0,575,,0.0,,10,0,10,,2,6,17.25651292143,15.6552619854883,-10.6145146455845,0,,,,,,,,,,,,,,,,,,,,,,,,1,1,cbctgbhm,,,,,0
576,lm7ac3d0,,0,0,12,,,,0,,,0.0,576,,0.0,,15,0,15,,5,3851,-8.79848578409706,15.1098174886843,-18.5046274258981,1,,,,,,,,,,,,,,,,,,,,,,,,1,1,cbctgbhm,,,,,0
577,ghc71ggq,,0,0,12,,,,0,,,0.0,577,,0.0,,5,0,5,,5,3851,-8.79848578409706,15.1098174886843,-18.5046274258981,1,,,,,,,,,,,,,,,,,,,,,,,,1,1,cbctgbhm,,,,,0
578,svht34zp,,0,0,12,,,,0,,,0.0,578,,0.0,,10,0,10,,5,3851,-8.79848578409706,15.1098174886843,-18.5046274258981,1,,,,,,,,,,,,,,,,,,,,,,,,1,1,cbctgbhm,,,,,0
579,nsplbdrc,,0,0,12,,,,0,,,0.0,579,,0.0,,15,0,15,,5,3851,-8.79848578409706,15.1098174886843,-18.5046274258981,1,,,,,,,,,,,,,,,,,,,,,,,,1,1,cbctgbhm,,,,,0
580,e5eujfz9,,0,0,12,,,,0,,,0.0,580,,0.0,,5,3,2,,3,5385,16.8775714200622,14.5282644745692,7.35487993020429,1,,,,,,,,,,,,,,,,,,,,,,,,1,1,cbctgbhm,,,,,0
581,xw1zqzc1,,0,0,12,,,,0,,,0.0,581,,0.0,,10,3,7,,5,3851,-8.79848578409706,15.1098174886843,-18.5046274258981,1,,,,,,,,,,,,,,,,,,,,,,,,1,1,cbctgbhm,,,,,0
582,rhns5h1a,,0,0,12,,,,0,,,0.0,582,,0.0,,15,3,12,,5,3851,-8.79848578409706,15.1098174886843,-18.5046274258981,1,,,,,,,,,,,,,,,,,,,,,,,,1,1,cbctgbhm,,,,,0
583,5mw1laqa,,0,0,12,,,,0,,,0.0,583,,0.0,,10,6,4,,4,11687,19.2982240105404,15.3352032889933,8.30613918663683,0,,,,,,,,,,,,,,,,,,,,,,,,1,1,cbctgbhm,,,,,0
584,apohu3eh,,0,0,12,,,,0,,,0.0,584,,0.0,,15,6,9,,5,3851,-8.79848578409706,15.1098174886843,-18.5046274258981,1,,,,,,,,,,,,,,,,,,,,,,,,1,1,cbctgbhm,,,,,0
585,ax6lhmdo,,0,0,12,,,,0,,,0.0,585,,0.0,,15,9,6,,2,6,17.25651292143,15.6552619854883,-10.6145146455845,0,,,,,,,,,,,,,,,,,,,,,,,,1,1,cbctgbhm,,,,,0
586,ygms6azo,,0,0,12,,,,0,,,0.0,586,,0.0,,5,0,5,,4,11687,19.2982240105404,15.3352032889933,8.30613918663683,0,,,,,,,,,,,,,,,,,,,,,,,,1,1,cbctgbhm,,,,,0
587,867hkcer,,0,0,12,,,,0,,,0.0,587,,0.0,,10,0,10,,5,3851,-8.79848578409706,15.1098174886843,-18.5046274258981,1,,,,,,,,,,,,,,,,,,,,,,,,1,1,cbctgbhm,,,,,0
588,aj11uyje,,0,0,12,,,,0,,,0.0,588,,0.0,,15,0,15,,2,6,17.25651292143,15.6552619854883,-10.6145146455845,0,,,,,,,,,,,,,,,,,,,,,,,,1,1,cbctgbhm,,,,,0
589,nz94myd9,,0,0,12,,,,0,,,0.0,589,,0.0,,5,0,5,,3,5385,16.8775714200622,14.5282644745692,7.35487993020429,1,,,,,,,,,,,,,,,,,,,,,,,,1,1,cbctgbhm,,,,,0
590,02rr19su,,0,0,12,,,,0,,,0.0,590,,0.0,,10,0,10,,5,3851,-8.79848578409706,15.1098174886843,-18.5046274258981,1,,,,,,,,,,,,,,,,,,,,,,,,1,1,cbctgbhm,,,,,0
591,1m1ozp0g,,0,0,12,,,,0,,,0.0,591,,0.0,,15,0,15,,3,5385,16.8775714200622,14.5282644745692,7.35487993020429,1,,,,,,,,,,,,,,,,,,,,,,,,1,1,cbctgbhm,,,,,0
592,tjz39gau,,0,0,12,,,,0,,,0.0,592,,0.0,,5,3,2,,5,3851,-8.79848578409706,15.1098174886843,-18.5046274258981,1,,,,,,,,,,,,,,,,,,,,,,,,1,1,cbctgbhm,,,,,0
593,umymfgqa,,0,0,12,,,,0,,,0.0,593,,0.0,,10,3,7,,4,11687,19.2982240105404,15.3352032889933,8.30613918663683,0,,,,,,,,,,,,,,,,,,,,,,,,1,1,cbctgbhm,,,,,0
594,tavryzvx,,0,0,12,,,,0,,,0.0,594,,0.0,,15,3,12,,5,3851,-8.79848578409706,15.1098174886843,-18.5046274258981,1,,,,,,,,,,,,,,,,,,,,,,,,1,1,cbctgbhm,,,,,0
595,ayzziodc,,0,0,12,,,,0,,,0.0,595,,0.0,,10,6,4,,2,6,17.25651292143,15.6552619854883,-10.6145146455845,0,,,,,,,,,,,,,,,,,,,,,,,,1,1,cbctgbhm,,,,,0
596,if261fm6,,0,0,12,,,,0,,,0.0,596,,0.0,,15,6,9,,5,3851,-8.79848578409706,15.1098174886843,-18.5046274258981,1,,,,,,,,,,,,,,,,,,,,,,,,1,1,cbctgbhm,,,,,0
597,prp5x27e,,0,0,12,,,,0,,,0.0,597,,0.0,,15,9,6,,3,5385,16.8775714200622,14.5282644745692,7.35487993020429,1,,,,,,,,,,,,,,,,,,,,,,,,1,1,cbctgbhm,,,,,0
598,p3baz32y,,0,0,12,,,,0,,,0.0,598,,0.0,,5,0,5,,3,5385,16.8775714200622,14.5282644745692,7.35487993020429,1,,,,,,,,,,,,,,,,,,,,,,,,1,1,cbctgbhm,,,,,0
599,k3d4wouc,,0,0,12,,,,0,,,0.0,599,,0.0,,10,0,10,,2,6,17.25651292143,15.6552619854883,-10.6145146455845,0,,,,,,,,,,,,,,,,,,,,,,,,1,1,cbctgbhm,,,,,0
600,v2555w3b,,0,0,12,,,,0,,,0.0,600,,0.0,,15,0,15,,5,3851,-8.79848578409706,15.1098174886843,-18.5046274258981,1,,,,,,,,,,,,,,,,,,,,,,,,1,1,cbctgbhm,,,,,0
601,cuvvksgu,,0,0,12,,,,0,,,0.0,601,,0.0,,5,0,5,,3,5385,16.8775714200622,14.5282644745692,7.35487993020429,1,,,,,,,,,,,,,,,,,,,,,,,,1,1,cbctgbhm,,,,,0
602,qctmj1u2,,0,0,12,,,,0,,,0.0,602,,0.0,,10,0,10,,5,3851,-8.79848578409706,15.1098174886843,-18.5046274258981,1,,,,,,,,,,,,,,,,,,,,,,,,1,1,cbctgbhm,,,,,0
603,rsltmotq,,0,0,12,,,,0,,,0.0,603,,0.0,,15,0,15,,2,6,17.25651292143,15.6552619854883,-10.6145146455845,0,,,,,,,,,,,,,,,,,,,,,,,,1,1,cbctgbhm,,,,,0
604,tnujc6xv,,0,0,12,,,,0,,,0.0,604,,0.0,,5,3,2,,5,3851,-8.79848578409706,15.1098174886843,-18.5046274258981,1,,,,,,,,,,,,,,,,,,,,,,,,1,1,cbctgbhm,,,,,0
605,e0xl4rwk,,0,0,12,,,,0,,,0.0,605,,0.0,,10,3,7,,2,6,17.25651292143,15.6552619854883,-10.6145146455845,0,,,,,,,,,,,,,,,,,,,,,,,,1,1,cbctgbhm,,,,,0
606,h96z90rp,,0,0,12,,,,0,,,0.0,606,,0.0,,15,3,12,,3,5385,16.8775714200622,14.5282644745692,7.35487993020429,1,,,,,,,,,,,,,,,,,,,,,,,,1,1,cbctgbhm,,,,,0
607,p8mv724a,,0,0,12,,,,0,,,0.0,607,,0.0,,10,6,4,,2,6,17.25651292143,15.6552619854883,-10.6145146455845,0,,,,,,,,,,,,,,,,,,,,,,,,1,1,cbctgbhm,,,,,0
608,bflwrjce,,0,0,12,,,,0,,,0.0,608,,0.0,,15,6,9,,5,3851,-8.79848578409706,15.1098174886843,-18.5046274258981,1,,,,,,,,,,,,,,,,,,,,,,,,1,1,cbctgbhm,,,,,0
609,zpzj08pm,,0,0,12,,,,0,,,0.0,609,,0.0,,15,9,6,,3,5385,16.8775714200622,14.5282644745692,7.35487993020429,1,,,,,,,,,,,,,,,,,,,,,,,,1,1,cbctgbhm,,,,,0
610,y1iidnok,,0,0,12,,,,0,,,0.0,610,,0.0,,5,0,5,,4,11687,19.2982240105404,15.3352032889933,8.30613918663683,0,,,,,,,,,,,,,,,,,,,,,,,,1,1,cbctgbhm,,,,,0
611,6gpe3fph,,0,0,12,,,,0,,,0.0,611,,0.0,,10,0,10,,5,3851,-8.79848578409706,15.1098174886843,-18.5046274258981,1,,,,,,,,,,,,,,,,,,,,,,,,1,1,cbctgbhm,,,,,0
612,9p2gsehv,,0,0,12,,,,0,,,0.0,612,,0.0,,15,0,15,,2,6,17.25651292143,15.6552619854883,-10.6145146455845,0,,,,,,,,,,,,,,,,,,,,,,,,1,1,cbctgbhm,,,,,0
613,1rshmkdf,,0,0,12,,,,0,,,0.0,613,,0.0,,5,0,5,,5,3851,-8.79848578409706,15.1098174886843,-18.5046274258981,1,,,,,,,,,,,,,,,,,,,,,,,,1,1,cbctgbhm,,,,,0
614,rhqybh9e,,0,0,12,,,,0,,,0.0,614,,0.0,,10,0,10,,2,6,17.25651292143,15.6552619854883,-10.6145146455845,0,,,,,,,,,,,,,,,,,,,,,,,,1,1,cbctgbhm,,,,,0
615,b2otw8ol,,0,0,12,,,,0,,,0.0,615,,0.0,,15,0,15,,4,11687,19.2982240105404,15.3352032889933,8.30613918663683,0,,,,,,,,,,,,,,,,,,,,,,,,1,1,cbctgbhm,,,,,0
616,wmlrs7ev,,0,0,12,,,,0,,,0.0,616,,0.0,,5,3,2,,3,5385,16.8775714200622,14.5282644745692,7.35487993020429,1,,,,,,,,,,,,,,,,,,,,,,,,1,1,cbctgbhm,,,,,0
617,br85anzv,,0,0,12,,,,0,,,0.0,617,,0.0,,10,3,7,,3,5385,16.8775714200622,14.5282644745692,7.35487993020429,1,,,,,,,,,,,,,,,,,,,,,,,,1,1,cbctgbhm,,,,,0
618,w9xkpnbe,,0,0,12,,,,0,,,0.0,618,,0.0,,15,3,12,,2,6,17.25651292143,15.6552619854883,-10.6145146455845,0,,,,,,,,,,,,,,,,,,,,,,,,1,1,cbctgbhm,,,,,0
619,64wqu4gv,,0,0,12,,,,0,,,0.0,619,,0.0,,10,6,4,,2,6,17.25651292143,15.6552619854883,-10.6145146455845,0,,,,,,,,,,,,,,,,,,,,,,,,1,1,cbctgbhm,,,,,0
620,dbauo6b4,,0,0,12,,,,0,,,0.0,620,,0.0,,15,6,9,,3,5385,16.8775714200622,14.5282644745692,7.35487993020429,1,,,,,,,,,,,,,,,,,,,,,,,,1,1,cbctgbhm,,,,,0
621,65s6c2qf,,0,0,12,,,,0,,,0.0,621,,0.0,,15,9,6,,2,6,17.25651292143,15.6552619854883,-10.6145146455845,0,,,,,,,,,,,,,,,,,,,,,,,,1,1,cbctgbhm,,,,,0
622,amqmp7sl,,0,0,12,,,,0,,,0.0,622,,0.0,,5,0,5,,5,3851,-8.79848578409706,15.1098174886843,-18.5046274258981,1,,,,,,,,,,,,,,,,,,,,,,,,1,1,cbctgbhm,,,,,0
623,cf7ireoc,,0,0,12,,,,0,,,0.0,623,,0.0,,10,0,10,,4,11687,19.2982240105404,15.3352032889933,8.30613918663683,0,,,,,,,,,,,,,,,,,,,,,,,,1,1,cbctgbhm,,,,,0
624,jlgfg0k4,,0,0,12,,,,0,,,0.0,624,,0.0,,15,0,15,,3,5385,16.8775714200622,14.5282644745692,7.35487993020429,1,,,,,,,,,,,,,,,,,,,,,,,,1,1,cbctgbhm,,,,,0
625,55qps7uj,,0,0,12,,,,0,,,0.0,625,,0.0,,5,0,5,,5,3851,-8.79848578409706,15.1098174886843,-18.5046274258981,1,,,,,,,,,,,,,,,,,,,,,,,,1,1,cbctgbhm,,,,,0
626,w5nrturk,,0,0,12,,,,0,,,0.0,626,,0.0,,10,0,10,,5,3851,-8.79848578409706,15.1098174886843,-18.5046274258981,1,,,,,,,,,,,,,,,,,,,,,,,,1,1,cbctgbhm,,,,,0
627,20xopfhp,,0,0,12,,,,0,,,0.0,627,,0.0,,15,0,15,,4,11687,19.2982240105404,15.3352032889933,8.30613918663683,0,,,,,,,,,,,,,,,,,,,,,,,,1,1,cbctgbhm,,,,,0
628,ks5h6gkh,,0,0,12,,,,0,,,0.0,628,,0.0,,5,3,2,,2,6,17.25651292143,15.6552619854883,-10.6145146455845,0,,,,,,,,,,,,,,,,,,,,,,,,1,1,cbctgbhm,,,,,0
629,0ummzyv9,,0,0,12,,,,0,,,0.0,629,,0.0,,10,3,7,,5,3851,-8.79848578409706,15.1098174886843,-18.5046274258981,1,,,,,,,,,,,,,,,,,,,,,,,,1,1,cbctgbhm,,,,,0
630,9s94rqa4,,0,0,12,,,,0,,,0.0,630,,0.0,,15,3,12,,5,3851,-8.79848578409706,15.1098174886843,-18.5046274258981,1,,,,,,,,,,,,,,,,,,,,,,,,1,1,cbctgbhm,,,,,0
631,zbwycmix,,0,0,12,,,,0,,,0.0,631,,0.0,,10,6,4,,4,11687,19.2982240105404,15.3352032889933,8.30613918663683,0,,,,,,,,,,,,,,,,,,,,,,,,1,1,cbctgbhm,,,,,0
632,g4rni9za,,0,0,12,,,,0,,,0.0,632,,0.0,,15,6,9,,4,11687,19.2982240105404,15.3352032889933,8.30613918663683,0,,,,,,,,,,,,,,,,,,,,,,,,1,1,cbctgbhm,,,,,0
633,88ii7b1j,,0,0,12,,,,0,,,0.0,633,,0.0,,15,9,6,,3,5385,16.8775714200622,14.5282644745692,7.35487993020429,1,,,,,,,,,,,,,,,,,,,,,,,,1,1,cbctgbhm,,,,,0
634,kajm72yz,,0,0,12,,,,0,,,0.0,634,,0.0,,5,0,5,,2,6,17.25651292143,15.6552619854883,-10.6145146455845,0,,,,,,,,,,,,,,,,,,,,,,,,1,1,cbctgbhm,,,,,0
635,7i5n9a29,,0,0,12,,,,0,,,0.0,635,,0.0,,10,0,10,,5,3851,-8.79848578409706,15.1098174886843,-18.5046274258981,1,,,,,,,,,,,,,,,,,,,,,,,,1,1,cbctgbhm,,,,,0
636,vn55i8sd,,0,0,12,,,,0,,,0.0,636,,0.0,,15,0,15,,3,5385,16.8775714200622,14.5282644745692,7.35487993020429,1,,,,,,,,,,,,,,,,,,,,,,,,1,1,cbctgbhm,,,,,0
637,4dflyumd,,0,0,12,,,,0,,,0.0,637,,0.0,,5,0,5,,4,11687,19.2982240105404,15.3352032889933,8.30613918663683,0,,,,,,,,,,,,,,,,,,,,,,,,1,1,cbctgbhm,,,,,0
638,wxd35dzu,,0,0,12,,,,0,,,0.0,638,,0.0,,10,0,10,,5,3851,-8.79848578409706,15.1098174886843,-18.5046274258981,1,,,,,,,,,,,,,,,,,,,,,,,,1,1,cbctgbhm,,,,,0
639,98wbgirn,,0,0,12,,,,0,,,0.0,639,,0.0,,15,0,15,,5,3851,-8.79848578409706,15.1098174886843,-18.5046274258981,1,,,,,,,,,,,,,,,,,,,,,,,,1,1,cbctgbhm,,,,,0
640,g93b9oct,,0,0,12,,,,0,,,0.0,640,,0.0,,5,3,2,,5,3851,-8.79848578409706,15.1098174886843,-18.5046274258981,1,,,,,,,,,,,,,,,,,,,,,,,,1,1,cbctgbhm,,,,,0
641,mm5q6nmx,,0,0,12,,,,0,,,0.0,641,,0.0,,10,3,7,,5,3851,-8.79848578409706,15.1098174886843,-18.5046274258981,1,,,,,,,,,,,,,,,,,,,,,,,,1,1,cbctgbhm,,,,,0
642,rxfgbza7,,0,0,12,,,,0,,,0.0,642,,0.0,,15,3,12,,4,11687,19.2982240105404,15.3352032889933,8.30613918663683,0,,,,,,,,,,,,,,,,,,,,,,,,1,1,cbctgbhm,,,,,0
643,8cqp8d5e,,0,0,12,,,,0,,,0.0,643,,0.0,,10,6,4,,3,5385,16.8775714200622,14.5282644745692,7.35487993020429,1,,,,,,,,,,,,,,,,,,,,,,,,1,1,cbctgbhm,,,,,0
644,8n0ii0dv,,0,0,12,,,,0,,,0.0,644,,0.0,,15,6,9,,2,6,17.25651292143,15.6552619854883,-10.6145146455845,0,,,,,,,,,,,,,,,,,,,,,,,,1,1,cbctgbhm,,,,,0
645,dn3nanle,,0,0,12,,,,0,,,0.0,645,,0.0,,15,9,6,,5,3851,-8.79848578409706,15.1098174886843,-18.5046274258981,1,,,,,,,,,,,,,,,,,,,,,,,,1,1,cbctgbhm,,,,,0
646,2zg3swi6,,0,0,12,,,,0,,,0.0,646,,0.0,,5,0,5,,3,5385,16.8775714200622,14.5282644745692,7.35487993020429,1,,,,,,,,,,,,,,,,,,,,,,,,1,1,cbctgbhm,,,,,0
647,gktzs0zm,,0,0,12,,,,0,,,0.0,647,,0.0,,10,0,10,,5,3851,-8.79848578409706,15.1098174886843,-18.5046274258981,1,,,,,,,,,,,,,,,,,,,,,,,,1,1,cbctgbhm,,,,,0
648,4s4fpsra,,0,0,12,,,,0,,,0.0,648,,0.0,,15,0,15,,4,11687,19.2982240105404,15.3352032889933,8.30613918663683,0,,,,,,,,,,,,,,,,,,,,,,,,1,1,cbctgbhm,,,,,0
649,410cm2k8,,0,0,12,,,,0,,,0.0,649,,0.0,,5,0,5,,4,11687,19.2982240105404,15.3352032889933,8.30613918663683,0,,,,,,,,,,,,,,,,,,,,,,,,1,1,cbctgbhm,,,,,0
650,dhga3dx3,,0,0,12,,,,0,,,0.0,650,,0.0,,10,0,10,,2,6,17.25651292143,15.6552619854883,-10.6145146455845,0,,,,,,,,,,,,,,,,,,,,,,,,1,1,cbctgbhm,,,,,0
651,d3p42ub6,,0,0,12,,,,0,,,0.0,651,,0.0,,15,0,15,,5,3851,-8.79848578409706,15.1098174886843,-18.5046274258981,1,,,,,,,,,,,,,,,,,,,,,,,,1,1,cbctgbhm,,,,,0
652,k9pi2iqm,,0,0,12,,,,0,,,0.0,652,,0.0,,5,3,2,,4,11687,19.2982240105404,15.3352032889933,8.30613918663683,0,,,,,,,,,,,,,,,,,,,,,,,,1,1,cbctgbhm,,,,,0
653,sxnt34zl,,0,0,12,,,,0,,,0.0,653,,0.0,,10,3,7,,4,11687,19.2982240105404,15.3352032889933,8.30613918663683,0,,,,,,,,,,,,,,,,,,,,,,,,1,1,cbctgbhm,,,,,0
654,a9ucih5m,,0,0,12,,,,0,,,0.0,654,,0.0,,15,3,12,,4,11687,19.2982240105404,15.3352032889933,8.30613918663683,0,,,,,,,,,,,,,,,,,,,,,,,,1,1,cbctgbhm,,,,,0
655,qeee15we,,0,0,12,,,,0,,,0.0,655,,0.0,,10,6,4,,4,11687,19.2982240105404,15.3352032889933,8.30613918663683,0,,,,,,,,,,,,,,,,,,,,,,,,1,1,cbctgbhm,,,,,0
656,bf3lapse,,0,0,12,,,,0,,,0.0,656,,0.0,,15,6,9,,5,3851,-8.79848578409706,15.1098174886843,-18.5046274258981,1,,,,,,,,,,,,,,,,,,,,,,,,1,1,cbctgbhm,,,,,0
657,xm5mqtzp,,0,0,12,,,,0,,,0.0,657,,0.0,,15,9,6,,4,11687,19.2982240105404,15.3352032889933,8.30613918663683,0,,,,,,,,,,,,,,,,,,,,,,,,1,1,cbctgbhm,,,,,0
658,qmls6bjb,,0,0,12,,,,0,,,0.0,658,,0.0,,5,0,5,,4,11687,19.2982240105404,15.3352032889933,8.30613918663683,0,,,,,,,,,,,,,,,,,,,,,,,,1,1,cbctgbhm,,,,,0
659,o618yctq,,0,0,12,,,,0,,,0.0,659,,0.0,,10,0,10,,5,3851,-8.79848578409706,15.1098174886843,-18.5046274258981,1,,,,,,,,,,,,,,,,,,,,,,,,1,1,cbctgbhm,,,,,0
660,03t55f4p,,0,0,12,,,,0,,,0.0,660,,0.0,,15,0,15,,4,11687,19.2982240105404,15.3352032889933,8.30613918663683,0,,,,,,,,,,,,,,,,,,,,,,,,1,1,cbctgbhm,,,,,0
661,iucayjk4,,0,0,12,,,,0,,,0.0,661,,0.0,,5,0,5,,3,5385,16.8775714200622,14.5282644745692,7.35487993020429,1,,,,,,,,,,,,,,,,,,,,,,,,1,1,cbctgbhm,,,,,0
662,7tpsx086,,0,0,12,,,,0,,,0.0,662,,0.0,,10,0,10,,5,3851,-8.79848578409706,15.1098174886843,-18.5046274258981,1,,,,,,,,,,,,,,,,,,,,,,,,1,1,cbctgbhm,,,,,0
663,ig355ghn,,0,0,12,,,,0,,,0.0,663,,0.0,,15,0,15,,3,5385,16.8775714200622,14.5282644745692,7.35487993020429,1,,,,,,,,,,,,,,,,,,,,,,,,1,1,cbctgbhm,,,,,0
664,awuo3vya,,0,0,12,,,,0,,,0.0,664,,0.0,,5,3,2,,2,6,17.25651292143,15.6552619854883,-10.6145146455845,0,,,,,,,,,,,,,,,,,,,,,,,,1,1,cbctgbhm,,,,,0
665,q7zlxd75,,0,0,12,,,,0,,,0.0,665,,0.0,,10,3,7,,4,11687,19.2982240105404,15.3352032889933,8.30613918663683,0,,,,,,,,,,,,,,,,,,,,,,,,1,1,cbctgbhm,,,,,0
666,mbigqsjr,,0,0,12,,,,0,,,0.0,666,,0.0,,15,3,12,,4,11687,19.2982240105404,15.3352032889933,8.30613918663683,0,,,,,,,,,,,,,,,,,,,,,,,,1,1,cbctgbhm,,,,,0
667,yvbcy3uc,,0,0,12,,,,0,,,0.0,667,,0.0,,10,6,4,,4,11687,19.2982240105404,15.3352032889933,8.30613918663683,0,,,,,,,,,,,,,,,,,,,,,,,,1,1,cbctgbhm,,,,,0
668,l5uw3abo,,0,0,12,,,,0,,,0.0,668,,0.0,,15,6,9,,3,5385,16.8775714200622,14.5282644745692,7.35487993020429,1,,,,,,,,,,,,,,,,,,,,,,,,1,1,cbctgbhm,,,,,0
669,mdfvw9oz,,0,0,12,,,,0,,,0.0,669,,0.0,,15,9,6,,2,6,17.25651292143,15.6552619854883,-10.6145146455845,0,,,,,,,,,,,,,,,,,,,,,,,,1,1,cbctgbhm,,,,,0
670,wxn2o1nm,,0,0,12,,,,0,,,0.0,670,,0.0,,5,0,5,,2,6,17.25651292143,15.6552619854883,-10.6145146455845,0,,,,,,,,,,,,,,,,,,,,,,,,1,1,cbctgbhm,,,,,0
671,8dy8561u,,0,0,12,,,,0,,,0.0,671,,0.0,,10,0,10,,2,6,17.25651292143,15.6552619854883,-10.6145146455845,0,,,,,,,,,,,,,,,,,,,,,,,,1,1,cbctgbhm,,,,,0
672,y24f10bm,,0,0,12,,,,0,,,0.0,672,,0.0,,15,0,15,,4,11687,19.2982240105404,15.3352032889933,8.30613918663683,0,,,,,,,,,,,,,,,,,,,,,,,,1,1,cbctgbhm,,,,,0
673,nvjxj5vt,,0,0,12,,,,0,,,0.0,673,,0.0,,5,0,5,,3,5385,16.8775714200622,14.5282644745692,7.35487993020429,1,,,,,,,,,,,,,,,,,,,,,,,,1,1,cbctgbhm,,,,,0
674,khvlc7ns,,0,0,12,,,,0,,,0.0,674,,0.0,,10,0,10,,5,3851,-8.79848578409706,15.1098174886843,-18.5046274258981,1,,,,,,,,,,,,,,,,,,,,,,,,1,1,cbctgbhm,,,,,0
675,pm0fkrv5,,0,0,12,,,,0,,,0.0,675,,0.0,,15,0,15,,4,11687,19.2982240105404,15.3352032889933,8.30613918663683,0,,,,,,,,,,,,,,,,,,,,,,,,1,1,cbctgbhm,,,,,0
676,8a9i0vgh,,0,0,12,,,,0,,,0.0,676,,0.0,,5,3,2,,4,11687,19.2982240105404,15.3352032889933,8.30613918663683,0,,,,,,,,,,,,,,,,,,,,,,,,1,1,cbctgbhm,,,,,0
677,orprqdzf,,0,0,12,,,,0,,,0.0,677,,0.0,,10,3,7,,5,3851,-8.79848578409706,15.1098174886843,-18.5046274258981,1,,,,,,,,,,,,,,,,,,,,,,,,1,1,cbctgbhm,,,,,0
678,eh0xr08k,,0,0,12,,,,0,,,0.0,678,,0.0,,15,3,12,,4,11687,19.2982240105404,15.3352032889933,8.30613918663683,0,,,,,,,,,,,,,,,,,,,,,,,,1,1,cbctgbhm,,,,,0
679,wulun1ez,,0,0,12,,,,0,,,0.0,679,,0.0,,10,6,4,,5,3851,-8.79848578409706,15.1098174886843,-18.5046274258981,1,,,,,,,,,,,,,,,,,,,,,,,,1,1,cbctgbhm,,,,,0
680,sappkd06,,0,0,12,,,,0,,,0.0,680,,0.0,,15,6,9,,4,11687,19.2982240105404,15.3352032889933,8.30613918663683,0,,,,,,,,,,,,,,,,,,,,,,,,1,1,cbctgbhm,,,,,0
681,m8k2mr0q,,0,0,12,,,,0,,,0.0,681,,0.0,,15,9,6,,3,5385,16.8775714200622,14.5282644745692,7.35487993020429,1,,,,,,,,,,,,,,,,,,,,,,,,1,1,cbctgbhm,,,,,0
682,tzlm75mh,,0,0,12,,,,0,,,0.0,682,,0.0,,5,0,5,,2,6,17.25651292143,15.6552619854883,-10.6145146455845,0,,,,,,,,,,,,,,,,,,,,,,,,1,1,cbctgbhm,,,,,0
683,et0mw3tu,,0,0,12,,,,0,,,0.0,683,,0.0,,10,0,10,,5,3851,-8.79848578409706,15.1098174886843,-18.5046274258981,1,,,,,,,,,,,,,,,,,,,,,,,,1,1,cbctgbhm,,,,,0
684,2mbr789m,,0,0,12,,,,0,,,0.0,684,,0.0,,15,0,15,,3,5385,16.8775714200622,14.5282644745692,7.35487993020429,1,,,,,,,,,,,,,,,,,,,,,,,,1,1,cbctgbhm,,,,,0
685,f1h844ss,,0,0,12,,,,0,,,0.0,685,,0.0,,5,0,5,,4,11687,19.2982240105404,15.3352032889933,8.30613918663683,0,,,,,,,,,,,,,,,,,,,,,,,,1,1,cbctgbhm,,,,,0
686,ywwj4i1s,,0,0,12,,,,0,,,0.0,686,,0.0,,10,0,10,,3,5385,16.8775714200622,14.5282644745692,7.35487993020429,1,,,,,,,,,,,,,,,,,,,,,,,,1,1,cbctgbhm,,,,,0
687,sl2hjwsc,,0,0,12,,,,0,,,0.0,687,,0.0,,15,0,15,,4,11687,19.2982240105404,15.3352032889933,8.30613918663683,0,,,,,,,,,,,,,,,,,,,,,,,,1,1,cbctgbhm,,,,,0
688,p4fkkc3l,,0,0,12,,,,0,,,0.0,688,,0.0,,5,3,2,,5,3851,-8.79848578409706,15.1098174886843,-18.5046274258981,1,,,,,,,,,,,,,,,,,,,,,,,,1,1,cbctgbhm,,,,,0
689,903e9ipt,,0,0,12,,,,0,,,0.0,689,,0.0,,10,3,7,,2,6,17.25651292143,15.6552619854883,-10.6145146455845,0,,,,,,,,,,,,,,,,,,,,,,,,1,1,cbctgbhm,,,,,0
690,buv38ehq,,0,0,12,,,,0,,,0.0,690,,0.0,,15,3,12,,2,6,17.25651292143,15.6552619854883,-10.6145146455845,0,,,,,,,,,,,,,,,,,,,,,,,,1,1,cbctgbhm,,,,,0
691,3biixgfx,,0,0,12,,,,0,,,0.0,691,,0.0,,10,6,4,,4,11687,19.2982240105404,15.3352032889933,8.30613918663683,0,,,,,,,,,,,,,,,,,,,,,,,,1,1,cbctgbhm,,,,,0
692,m1rx8a2m,,0,0,12,,,,0,,,0.0,692,,0.0,,15,6,9,,2,6,17.25651292143,15.6552619854883,-10.6145146455845,0,,,,,,,,,,,,,,,,,,,,,,,,1,1,cbctgbhm,,,,,0
693,51d9m5s5,,0,0,12,,,,0,,,0.0,693,,0.0,,15,9,6,,5,3851,-8.79848578409706,15.1098174886843,-18.5046274258981,1,,,,,,,,,,,,,,,,,,,,,,,,1,1,cbctgbhm,,,,,0
694,6gnaczui,,0,0,12,,,,0,,,0.0,694,,0.0,,5,0,5,,2,6,17.25651292143,15.6552619854883,-10.6145146455845,0,,,,,,,,,,,,,,,,,,,,,,,,1,1,cbctgbhm,,,,,0
695,4hhmwsea,,0,0,12,,,,0,,,0.0,695,,0.0,,10,0,10,,2,6,17.25651292143,15.6552619854883,-10.6145146455845,0,,,,,,,,,,,,,,,,,,,,,,,,1,1,cbctgbhm,,,,,0
696,lmtdsnuj,,0,0,12,,,,0,,,0.0,696,,0.0,,15,0,15,,3,5385,16.8775714200622,14.5282644745692,7.35487993020429,1,,,,,,,,,,,,,,,,,,,,,,,,1,1,cbctgbhm,,,,,0
697,9sswm1e3,,0,0,12,,,,0,,,0.0,697,,0.0,,5,0,5,,2,6,17.25651292143,15.6552619854883,-10.6145146455845,0,,,,,,,,,,,,,,,,,,,,,,,,1,1,cbctgbhm,,,,,0
698,smi8uhso,,0,0,12,,,,0,,,0.0,698,,0.0,,10,0,10,,4,11687,19.2982240105404,15.3352032889933,8.30613918663683,0,,,,,,,,,,,,,,,,,,,,,,,,1,1,cbctgbhm,,,,,0
699,1mxb5pq8,,0,0,12,,,,0,,,0.0,699,,0.0,,15,0,15,,2,6,17.25651292143,15.6552619854883,-10.6145146455845,0,,,,,,,,,,,,,,,,,,,,,,,,1,1,cbctgbhm,,,,,0
700,8c3vugaq,,0,0,12,,,,0,,,0.0,700,,0.0,,5,3,2,,3,5385,16.8775714200622,14.5282644745692,7.35487993020429,1,,,,,,,,,,,,,,,,,,,,,,,,1,1,cbctgbhm,,,,,0
701,v7uyfgcv,,0,0,12,,,,0,,,0.0,701,,0.0,,10,3,7,,3,5385,16.8775714200622,14.5282644745692,7.35487993020429,1,,,,,,,,,,,,,,,,,,,,,,,,1,1,cbctgbhm,,,,,0
702,wz2316pu,,0,0,12,,,,0,,,0.0,702,,0.0,,15,3,12,,4,11687,19.2982240105404,15.3352032889933,8.30613918663683,0,,,,,,,,,,,,,,,,,,,,,,,,1,1,cbctgbhm,,,,,0
703,q9xcebgm,,0,0,12,,,,0,,,0.0,703,,0.0,,10,6,4,,2,6,17.25651292143,15.6552619854883,-10.6145146455845,0,,,,,,,,,,,,,,,,,,,,,,,,1,1,cbctgbhm,,,,,0
704,7ooeznp4,,0,0,12,,,,0,,,0.0,704,,0.0,,15,6,9,,2,6,17.25651292143,15.6552619854883,-10.6145146455845,0,,,,,,,,,,,,,,,,,,,,,,,,1,1,cbctgbhm,,,,,0
705,5isexdam,,0,0,12,,,,0,,,0.0,705,,0.0,,15,9,6,,4,11687,19.2982240105404,15.3352032889933,8.30613918663683,0,,,,,,,,,,,,,,,,,,,,,,,,1,1,cbctgbhm,,,,,0
706,59dy4qn6,,0,0,12,,,,0,,,0.0,706,,0.0,,5,0,5,,3,5385,16.8775714200622,14.5282644745692,7.35487993020429,1,,,,,,,,,,,,,,,,,,,,,,,,1,1,cbctgbhm,,,,,0
707,fl7j904h,,0,0,12,,,,0,,,0.0,707,,0.0,,10,0,10,,2,6,17.25651292143,15.6552619854883,-10.6145146455845,0,,,,,,,,,,,,,,,,,,,,,,,,1,1,cbctgbhm,,,,,0
708,ie7hc8nf,,0,0,12,,,,0,,,0.0,708,,0.0,,15,0,15,,3,5385,16.8775714200622,14.5282644745692,7.35487993020429,1,,,,,,,,,,,,,,,,,,,,,,,,1,1,cbctgbhm,,,,,0
709,ngplplzv,,0,0,12,,,,0,,,0.0,709,,0.0,,5,0,5,,2,6,17.25651292143,15.6552619854883,-10.6145146455845,0,,,,,,,,,,,,,,,,,,,,,,,,1,1,cbctgbhm,,,,,0
710,6n5obnxy,,0,0,12,,,,0,,,0.0,710,,0.0,,10,0,10,,2,6,17.25651292143,15.6552619854883,-10.6145146455845,0,,,,,,,,,,,,,,,,,,,,,,,,1,1,cbctgbhm,,,,,0
711,zbsj5pwe,,0,0,12,,,,0,,,0.0,711,,0.0,,15,0,15,,5,3851,-8.79848578409706,15.1098174886843,-18.5046274258981,1,,,,,,,,,,,,,,,,,,,,,,,,1,1,cbctgbhm,,,,,0
712,t1tiuu7u,,0,0,12,,,,0,,,0.0,712,,0.0,,5,3,2,,2,6,17.25651292143,15.6552619854883,-10.6145146455845,0,,,,,,,,,,,,,,,,,,,,,,,,1,1,cbctgbhm,,,,,0
713,3f93b33f,,0,0,12,,,,0,,,0.0,713,,0.0,,10,3,7,,5,3851,-8.79848578409706,15.1098174886843,-18.5046274258981,1,,,,,,,,,,,,,,,,,,,,,,,,1,1,cbctgbhm,,,,,0
714,cwq3uy2j,,0,0,12,,,,0,,,0.0,714,,0.0,,15,3,12,,2,6,17.25651292143,15.6552619854883,-10.6145146455845,0,,,,,,,,,,,,,,,,,,,,,,,,1,1,cbctgbhm,,,,,0
715,2otrarpi,,0,0,12,,,,0,,,0.0,715,,0.0,,10,6,4,,5,3851,-8.79848578409706,15.1098174886843,-18.5046274258981,1,,,,,,,,,,,,,,,,,,,,,,,,1,1,cbctgbhm,,,,,0
716,n8se8g91,,0,0,12,,,,0,,,0.0,716,,0.0,,15,6,9,,4,11687,19.2982240105404,15.3352032889933,8.30613918663683,0,,,,,,,,,,,,,,,,,,,,,,,,1,1,cbctgbhm,,,,,0
717,ewxsr15l,,0,0,12,,,,0,,,0.0,717,,0.0,,15,9,6,,4,11687,19.2982240105404,15.3352032889933,8.30613918663683,0,,,,,,,,,,,,,,,,,,,,,,,,1,1,cbctgbhm,,,,,0
718,u4539qae,,0,0,12,,,,0,,,0.0,718,,0.0,,5,0,5,,4,11687,19.2982240105404,15.3352032889933,8.30613918663683,0,,,,,,,,,,,,,,,,,,,,,,,,1,1,cbctgbhm,,,,,0
719,s5g21hah,,0,0,12,,,,0,,,0.0,719,,0.0,,10,0,10,,4,11687,19.2982240105404,15.3352032889933,8.30613918663683,0,,,,,,,,,,,,,,,,,,,,,,,,1,1,cbctgbhm,,,,,0
720,qr32vn7n,,0,0,12,,,,0,,,0.0,720,,0.0,,15,0,15,,5,3851,-8.79848578409706,15.1098174886843,-18.5046274258981,1,,,,,,,,,,,,,,,,,,,,,,,,1,1,cbctgbhm,,,,,0
721,9tjbvrbp,,0,0,12,,,,0,,,0.0,721,,0.0,,5,0,5,,5,3851,-8.79848578409706,15.1098174886843,-18.5046274258981,1,,,,,,,,,,,,,,,,,,,,,,,,1,1,cbctgbhm,,,,,0
722,xnpk51h2,,0,0,12,,,,0,,,0.0,722,,0.0,,10,0,10,,2,6,17.25651292143,15.6552619854883,-10.6145146455845,0,,,,,,,,,,,,,,,,,,,,,,,,1,1,cbctgbhm,,,,,0
723,ssrv3b7j,,0,0,12,,,,0,,,0.0,723,,0.0,,15,0,15,,3,5385,16.8775714200622,14.5282644745692,7.35487993020429,1,,,,,,,,,,,,,,,,,,,,,,,,1,1,cbctgbhm,,,,,0
724,qdeuft47,,0,0,12,,,,0,,,0.0,724,,0.0,,5,3,2,,5,3851,-8.79848578409706,15.1098174886843,-18.5046274258981,1,,,,,,,,,,,,,,,,,,,,,,,,1,1,cbctgbhm,,,,,0
725,kcfshlql,,0,0,12,,,,0,,,0.0,725,,0.0,,10,3,7,,5,3851,-8.79848578409706,15.1098174886843,-18.5046274258981,1,,,,,,,,,,,,,,,,,,,,,,,,1,1,cbctgbhm,,,,,0
726,fb9vpmtv,,0,0,12,,,,0,,,0.0,726,,0.0,,15,3,12,,5,3851,-8.79848578409706,15.1098174886843,-18.5046274258981,1,,,,,,,,,,,,,,,,,,,,,,,,1,1,cbctgbhm,,,,,0
727,bvianu0y,,0,0,12,,,,0,,,0.0,727,,0.0,,10,6,4,,4,11687,19.2982240105404,15.3352032889933,8.30613918663683,0,,,,,,,,,,,,,,,,,,,,,,,,1,1,cbctgbhm,,,,,0
728,8ew8oiig,,0,0,12,,,,0,,,0.0,728,,0.0,,15,6,9,,5,3851,-8.79848578409706,15.1098174886843,-18.5046274258981,1,,,,,,,,,,,,,,,,,,,,,,,,1,1,cbctgbhm,,,,,0
729,5kuwhk0b,,0,0,12,,,,0,,,0.0,729,,0.0,,15,9,6,,2,6,17.25651292143,15.6552619854883,-10.6145146455845,0,,,,,,,,,,,,,,,,,,,,,,,,1,1,cbctgbhm,,,,,0
730,g5s53cth,,0,0,12,,,,0,,,0.0,730,,0.0,,5,0,5,,4,11687,19.2982240105404,15.3352032889933,8.30613918663683,0,,,,,,,,,,,,,,,,,,,,,,,,1,1,cbctgbhm,,,,,0
731,vmz9cdqr,,0,0,12,,,,0,,,0.0,731,,0.0,,10,0,10,,4,11687,19.2982240105404,15.3352032889933,8.30613918663683,0,,,,,,,,,,,,,,,,,,,,,,,,1,1,cbctgbhm,,,,,0
732,rqykteso,,0,0,12,,,,0,,,0.0,732,,0.0,,15,0,15,,3,5385,16.8775714200622,14.5282644745692,7.35487993020429,1,,,,,,,,,,,,,,,,,,,,,,,,1,1,cbctgbhm,,,,,0
733,6viblujf,,0,0,12,,,,0,,,0.0,733,,0.0,,5,0,5,,2,6,17.25651292143,15.6552619854883,-10.6145146455845,0,,,,,,,,,,,,,,,,,,,,,,,,1,1,cbctgbhm,,,,,0
734,iece0okv,,0,0,12,,,,0,,,0.0,734,,0.0,,10,0,10,,5,3851,-8.79848578409706,15.1098174886843,-18.5046274258981,1,,,,,,,,,,,,,,,,,,,,,,,,1,1,cbctgbhm,,,,,0
735,1a8enuas,,0,0,12,,,,0,,,0.0,735,,0.0,,15,0,15,,2,6,17.25651292143,15.6552619854883,-10.6145146455845,0,,,,,,,,,,,,,,,,,,,,,,,,1,1,cbctgbhm,,,,,0
736,ve0ix6vb,,0,0,12,,,,0,,,0.0,736,,0.0,,5,3,2,,3,5385,16.8775714200622,14.5282644745692,7.35487993020429,1,,,,,,,,,,,,,,,,,,,,,,,,1,1,cbctgbhm,,,,,0
737,j0w8qstu,,0,0,12,,,,0,,,0.0,737,,0.0,,10,3,7,,2,6,17.25651292143,15.6552619854883,-10.6145146455845,0,,,,,,,,,,,,,,,,,,,,,,,,1,1,cbctgbhm,,,,,0
738,5mzn2wpa,,0,0,12,,,,0,,,0.0,738,,0.0,,15,3,12,,3,5385,16.8775714200622,14.5282644745692,7.35487993020429,1,,,,,,,,,,,,,,,,,,,,,,,,1,1,cbctgbhm,,,,,0
739,qgh6s1ry,,0,0,12,,,,0,,,0.0,739,,0.0,,10,6,4,,4,11687,19.2982240105404,15.3352032889933,8.30613918663683,0,,,,,,,,,,,,,,,,,,,,,,,,1,1,cbctgbhm,,,,,0
740,bhnfcgq6,,0,0,12,,,,0,,,0.0,740,,0.0,,15,6,9,,2,6,17.25651292143,15.6552619854883,-10.6145146455845,0,,,,,,,,,,,,,,,,,,,,,,,,1,1,cbctgbhm,,,,,0
741,9vpokrd6,,0,0,12,,,,0,,,0.0,741,,0.0,,15,9,6,,5,3851,-8.79848578409706,15.1098174886843,-18.5046274258981,1,,,,,,,,,,,,,,,,,,,,,,,,1,1,cbctgbhm,,,,,0
742,ki2izv5o,,0,0,12,,,,0,,,0.0,742,,0.0,,5,0,5,,3,5385,16.8775714200622,14.5282644745692,7.35487993020429,1,,,,,,,,,,,,,,,,,,,,,,,,1,1,cbctgbhm,,,,,0
743,rzfmqc9c,,0,0,12,,,,0,,,0.0,743,,0.0,,10,0,10,,3,5385,16.8775714200622,14.5282644745692,7.35487993020429,1,,,,,,,,,,,,,,,,,,,,,,,,1,1,cbctgbhm,,,,,0
744,idlzmlq3,,0,0,12,,,,0,,,0.0,744,,0.0,,15,0,15,,3,5385,16.8775714200622,14.5282644745692,7.35487993020429,1,,,,,,,,,,,,,,,,,,,,,,,,1,1,cbctgbhm,,,,,0
745,4dyytsqz,,0,0,12,,,,0,,,0.0,745,,0.0,,5,0,5,,5,3851,-8.79848578409706,15.1098174886843,-18.5046274258981,1,,,,,,,,,,,,,,,,,,,,,,,,1,1,cbctgbhm,,,,,0
746,nq5o1iml,,0,0,12,,,,0,,,0.0,746,,0.0,,10,0,10,,4,11687,19.2982240105404,15.3352032889933,8.30613918663683,0,,,,,,,,,,,,,,,,,,,,,,,,1,1,cbctgbhm,,,,,0
747,rd2m0kf9,,0,0,12,,,,0,,,0.0,747,,0.0,,15,0,15,,4,11687,19.2982240105404,15.3352032889933,8.30613918663683,0,,,,,,,,,,,,,,,,,,,,,,,,1,1,cbctgbhm,,,,,0
748,tw7g6qkr,,0,0,12,,,,0,,,0.0,748,,0.0,,5,3,2,,2,6,17.25651292143,15.6552619854883,-10.6145146455845,0,,,,,,,,,,,,,,,,,,,,,,,,1,1,cbctgbhm,,,,,0
749,9869326k,,0,0,12,,,,0,,,0.0,749,,0.0,,10,3,7,,5,3851,-8.79848578409706,15.1098174886843,-18.5046274258981,1,,,,,,,,,,,,,,,,,,,,,,,,1,1,cbctgbhm,,,,,0
750,dfrdudy0,,0,0,12,,,,0,,,0.0,750,,0.0,,15,3,12,,2,6,17.25651292143,15.6552619854883,-10.6145146455845,0,,,,,,,,,,,,,,,,,,,,,,,,1,1,cbctgbhm,,,,,0
751,of23869y,,0,0,12,,,,0,,,0.0,751,,0.0,,10,6,4,,5,3851,-8.79848578409706,15.1098174886843,-18.5046274258981,1,,,,,,,,,,,,,,,,,,,,,,,,1,1,cbctgbhm,,,,,0
752,z4wn56u2,,0,0,12,,,,0,,,0.0,752,,0.0,,15,6,9,,4,11687,19.2982240105404,15.3352032889933,8.30613918663683,0,,,,,,,,,,,,,,,,,,,,,,,,1,1,cbctgbhm,,,,,0
753,xg2boy5j,,0,0,12,,,,0,,,0.0,753,,0.0,,15,9,6,,4,11687,19.2982240105404,15.3352032889933,8.30613918663683,0,,,,,,,,,,,,,,,,,,,,,,,,1,1,cbctgbhm,,,,,0
754,fs3v29b8,,0,0,12,,,,0,,,0.0,754,,0.0,,5,0,5,,3,5385,16.8775714200622,14.5282644745692,7.35487993020429,1,,,,,,,,,,,,,,,,,,,,,,,,1,1,cbctgbhm,,,,,0
755,edznj14x,,0,0,12,,,,0,,,0.0,755,,0.0,,10,0,10,,5,3851,-8.79848578409706,15.1098174886843,-18.5046274258981,1,,,,,,,,,,,,,,,,,,,,,,,,1,1,cbctgbhm,,,,,0
756,rx49zmzn,,0,0,12,,,,0,,,0.0,756,,0.0,,15,0,15,,3,5385,16.8775714200622,14.5282644745692,7.35487993020429,1,,,,,,,,,,,,,,,,,,,,,,,,1,1,cbctgbhm,,,,,0
757,weso87e9,,0,0,12,,,,0,,,0.0,757,,0.0,,5,0,5,,2,6,17.25651292143,15.6552619854883,-10.6145146455845,0,,,,,,,,,,,,,,,,,,,,,,,,1,1,cbctgbhm,,,,,0
758,7vq3hytx,,0,0,12,,,,0,,,0.0,758,,0.0,,10,0,10,,3,5385,16.8775714200622,14.5282644745692,7.35487993020429,1,,,,,,,,,,,,,,,,,,,,,,,,1,1,cbctgbhm,,,,,0
759,ly13msel,,0,0,12,,,,0,,,0.0,759,,0.0,,15,0,15,,2,6,17.25651292143,15.6552619854883,-10.6145146455845,0,,,,,,,,,,,,,,,,,,,,,,,,1,1,cbctgbhm,,,,,0
760,ijrlbzhp,,0,0,12,,,,0,,,0.0,760,,0.0,,5,3,2,,4,11687,19.2982240105404,15.3352032889933,8.30613918663683,0,,,,,,,,,,,,,,,,,,,,,,,,1,1,cbctgbhm,,,,,0
761,l34op8rj,,0,0,12,,,,0,,,0.0,761,,0.0,,10,3,7,,4,11687,19.2982240105404,15.3352032889933,8.30613918663683,0,,,,,,,,,,,,,,,,,,,,,,,,1,1,cbctgbhm,,,,,0
762,1wb70q82,,0,0,12,,,,0,,,0.0,762,,0.0,,15,3,12,,2,6,17.25651292143,15.6552619854883,-10.6145146455845,0,,,,,,,,,,,,,,,,,,,,,,,,1,1,cbctgbhm,,,,,0
763,nc28mtsw,,0,0,12,,,,0,,,0.0,763,,0.0,,10,6,4,,3,5385,16.8775714200622,14.5282644745692,7.35487993020429,1,,,,,,,,,,,,,,,,,,,,,,,,1,1,cbctgbhm,,,,,0
764,0nme9s4k,,0,0,12,,,,0,,,0.0,764,,0.0,,15,6,9,,2,6,17.25651292143,15.6552619854883,-10.6145146455845,0,,,,,,,,,,,,,,,,,,,,,,,,1,1,cbctgbhm,,,,,0
765,tg10zy1e,,0,0,12,,,,0,,,0.0,765,,0.0,,15,9,6,,4,11687,19.2982240105404,15.3352032889933,8.30613918663683,0,,,,,,,,,,,,,,,,,,,,,,,,1,1,cbctgbhm,,,,,0
766,lhjs31z7,,0,0,12,,,,0,,,0.0,766,,0.0,,5,0,5,,5,3851,-8.79848578409706,15.1098174886843,-18.5046274258981,1,,,,,,,,,,,,,,,,,,,,,,,,1,1,cbctgbhm,,,,,0
767,vn8dvgov,,0,0,12,,,,0,,,0.0,767,,0.0,,10,0,10,,5,3851,-8.79848578409706,15.1098174886843,-18.5046274258981,1,,,,,,,,,,,,,,,,,,,,,,,,1,1,cbctgbhm,,,,,0
768,dap58dho,,0,0,12,,,,0,,,0.0,768,,0.0,,15,0,15,,5,3851,-8.79848578409706,15.1098174886843,-18.5046274258981,1,,,,,,,,,,,,,,,,,,,,,,,,1,1,cbctgbhm,,,,,0
769,duc83l3q,,0,0,12,,,,0,,,0.0,769,,0.0,,5,0,5,,3,5385,16.8775714200622,14.5282644745692,7.35487993020429,1,,,,,,,,,,,,,,,,,,,,,,,,1,1,cbctgbhm,,,,,0
770,107zhrkg,,0,0,12,,,,0,,,0.0,770,,0.0,,10,0,10,,2,6,17.25651292143,15.6552619854883,-10.6145146455845,0,,,,,,,,,,,,,,,,,,,,,,,,1,1,cbctgbhm,,,,,0
771,27b6e4pv,,0,0,12,,,,0,,,0.0,771,,0.0,,15,0,15,,4,11687,19.2982240105404,15.3352032889933,8.30613918663683,0,,,,,,,,,,,,,,,,,,,,,,,,1,1,cbctgbhm,,,,,0
772,zwlx9ofm,,0,0,12,,,,0,,,0.0,772,,0.0,,5,3,2,,2,6,17.25651292143,15.6552619854883,-10.6145146455845,0,,,,,,,,,,,,,,,,,,,,,,,,1,1,cbctgbhm,,,,,0
773,kaq32ndj,,0,0,12,,,,0,,,0.0,773,,0.0,,10,3,7,,5,3851,-8.79848578409706,15.1098174886843,-18.5046274258981,1,,,,,,,,,,,,,,,,,,,,,,,,1,1,cbctgbhm,,,,,0
774,5aofyvcq,,0,0,12,,,,0,,,0.0,774,,0.0,,15,3,12,,2,6,17.25651292143,15.6552619854883,-10.6145146455845,0,,,,,,,,,,,,,,,,,,,,,,,,1,1,cbctgbhm,,,,,0
775,tugffhs5,,0,0,12,,,,0,,,0.0,775,,0.0,,10,6,4,,2,6,17.25651292143,15.6552619854883,-10.6145146455845,0,,,,,,,,,,,,,,,,,,,,,,,,1,1,cbctgbhm,,,,,0
776,5ar0sxn1,,0,0,12,,,,0,,,0.0,776,,0.0,,15,6,9,,3,5385,16.8775714200622,14.5282644745692,7.35487993020429,1,,,,,,,,,,,,,,,,,,,,,,,,1,1,cbctgbhm,,,,,0
777,150z703d,,0,0,12,,,,0,,,0.0,777,,0.0,,15,9,6,,3,5385,16.8775714200622,14.5282644745692,7.35487993020429,1,,,,,,,,,,,,,,,,,,,,,,,,1,1,cbctgbhm,,,,,0
778,jwondrv0,,0,0,12,,,,0,,,0.0,778,,0.0,,5,0,5,,2,6,17.25651292143,15.6552619854883,-10.6145146455845,0,,,,,,,,,,,,,,,,,,,,,,,,1,1,cbctgbhm,,,,,0
779,i4sqz2po,,0,0,12,,,,0,,,0.0,779,,0.0,,10,0,10,,2,6,17.25651292143,15.6552619854883,-10.6145146455845,0,,,,,,,,,,,,,,,,,,,,,,,,1,1,cbctgbhm,,,,,0
780,ut7uil7z,,0,0,12,,,,0,,,0.0,780,,0.0,,15,0,15,,3,5385,16.8775714200622,14.5282644745692,7.35487993020429,1,,,,,,,,,,,,,,,,,,,,,,,,1,1,cbctgbhm,,,,,0
781,kt0k2s4u,,0,0,12,,,,0,,,0.0,781,,0.0,,5,0,5,,5,3851,-8.79848578409706,15.1098174886843,-18.5046274258981,1,,,,,,,,,,,,,,,,,,,,,,,,1,1,cbctgbhm,,,,,0
782,llz27yb5,,0,0,12,,,,0,,,0.0,782,,0.0,,10,0,10,,5,3851,-8.79848578409706,15.1098174886843,-18.5046274258981,1,,,,,,,,,,,,,,,,,,,,,,,,1,1,cbctgbhm,,,,,0
783,jpvj0bkz,,0,0,12,,,,0,,,0.0,783,,0.0,,15,0,15,,5,3851,-8.79848578409706,15.1098174886843,-18.5046274258981,1,,,,,,,,,,,,,,,,,,,,,,,,1,1,cbctgbhm,,,,,0
784,kbqx9w0k,,0,0,12,,,,0,,,0.0,784,,0.0,,5,3,2,,3,5385,16.8775714200622,14.5282644745692,7.35487993020429,1,,,,,,,,,,,,,,,,,,,,,,,,1,1,cbctgbhm,,,,,0
785,et36xi9j,,0,0,12,,,,0,,,0.0,785,,0.0,,10,3,7,,3,5385,16.8775714200622,14.5282644745692,7.35487993020429,1,,,,,,,,,,,,,,,,,,,,,,,,1,1,cbctgbhm,,,,,0
786,fl55imrv,,0,0,12,,,,0,,,0.0,786,,0.0,,15,3,12,,3,5385,16.8775714200622,14.5282644745692,7.35487993020429,1,,,,,,,,,,,,,,,,,,,,,,,,1,1,cbctgbhm,,,,,0
787,rkopzki0,,0,0,12,,,,0,,,0.0,787,,0.0,,10,6,4,,3,5385,16.8775714200622,14.5282644745692,7.35487993020429,1,,,,,,,,,,,,,,,,,,,,,,,,1,1,cbctgbhm,,,,,0
788,xuc3u8t9,,0,0,12,,,,0,,,0.0,788,,0.0,,15,6,9,,5,3851,-8.79848578409706,15.1098174886843,-18.5046274258981,1,,,,,,,,,,,,,,,,,,,,,,,,1,1,cbctgbhm,,,,,0
789,o4bjehz1,,0,0,12,,,,0,,,0.0,789,,0.0,,15,9,6,,3,5385,16.8775714200622,14.5282644745692,7.35487993020429,1,,,,,,,,,,,,,,,,,,,,,,,,1,1,cbctgbhm,,,,,0
790,pipp701o,,0,0,12,,,,0,,,0.0,790,,0.0,,5,0,5,,5,3851,-8.79848578409706,15.1098174886843,-18.5046274258981,1,,,,,,,,,,,,,,,,,,,,,,,,1,1,cbctgbhm,,,,,0
791,k3rhk45p,,0,0,12,,,,0,,,0.0,791,,0.0,,10,0,10,,2,6,17.25651292143,15.6552619854883,-10.6145146455845,0,,,,,,,,,,,,,,,,,,,,,,,,1,1,cbctgbhm,,,,,0
792,rc52vfjm,,0,0,12,,,,0,,,0.0,792,,0.0,,15,0,15,,3,5385,16.8775714200622,14.5282644745692,7.35487993020429,1,,,,,,,,,,,,,,,,,,,,,,,,1,1,cbctgbhm,,,,,0
793,wi68z3ol,,0,0,12,,,,0,,,0.0,793,,0.0,,5,0,5,,2,6,17.25651292143,15.6552619854883,-10.6145146455845,0,,,,,,,,,,,,,,,,,,,,,,,,1,1,cbctgbhm,,,,,0
794,v58ruua2,,0,0,12,,,,0,,,0.0,794,,0.0,,10,0,10,,3,5385,16.8775714200622,14.5282644745692,7.35487993020429,1,,,,,,,,,,,,,,,,,,,,,,,,1,1,cbctgbhm,,,,,0
795,ukcap7vi,,0,0,12,,,,0,,,0.0,795,,0.0,,15,0,15,,5,3851,-8.79848578409706,15.1098174886843,-18.5046274258981,1,,,,,,,,,,,,,,,,,,,,,,,,1,1,cbctgbhm,,,,,0
796,o7he99n6,,0,0,12,,,,0,,,0.0,796,,0.0,,5,3,2,,3,5385,16.8775714200622,14.5282644745692,7.35487993020429,1,,,,,,,,,,,,,,,,,,,,,,,,1,1,cbctgbhm,,,,,0
797,73javy1h,,0,0,12,,,,0,,,0.0,797,,0.0,,10,3,7,,5,3851,-8.79848578409706,15.1098174886843,-18.5046274258981,1,,,,,,,,,,,,,,,,,,,,,,,,1,1,cbctgbhm,,,,,0
798,id4bziy3,,0,0,12,,,,0,,,0.0,798,,0.0,,15,3,12,,5,3851,-8.79848578409706,15.1098174886843,-18.5046274258981,1,,,,,,,,,,,,,,,,,,,,,,,,1,1,cbctgbhm,,,,,0
799,4gyyfp7t,,0,0,12,,,,0,,,0.0,799,,0.0,,10,6,4,,2,6,17.25651292143,15.6552619854883,-10.6145146455845,0,,,,,,,,,,,,,,,,,,,,,,,,1,1,cbctgbhm,,,,,0
800,sc263c26,,0,0,12,,,,0,,,0.0,800,,0.0,,15,6,9,,4,11687,19.2982240105404,15.3352032889933,8.30613918663683,0,,,,,,,,,,,,,,,,,,,,,,,,1,1,cbctgbhm,,,,,0
801,g2zs04mr,,0,0,12,,,,0,,,0.0,801,,0.0,,15,9,6,,2,6,17.25651292143,15.6552619854883,-10.6145146455845,0,,,,,,,,,,,,,,,,,,,,,,,,1,1,cbctgbhm,,,,,0
802,4jdm7f4r,,0,0,12,,,,0,,,0.0,802,,0.0,,5,0,5,,5,3851,-8.79848578409706,15.1098174886843,-18.5046274258981,1,,,,,,,,,,,,,,,,,,,,,,,,1,1,cbctgbhm,,,,,0
803,b7khhse0,,0,0,12,,,,0,,,0.0,803,,0.0,,10,0,10,,4,11687,19.2982240105404,15.3352032889933,8.30613918663683,0,,,,,,,,,,,,,,,,,,,,,,,,1,1,cbctgbhm,,,,,0
804,qmqvhpjd,,0,0,12,,,,0,,,0.0,804,,0.0,,15,0,15,,5,3851,-8.79848578409706,15.1098174886843,-18.5046274258981,1,,,,,,,,,,,,,,,,,,,,,,,,1,1,cbctgbhm,,,,,0
805,isa1pb95,,0,0,12,,,,0,,,0.0,805,,0.0,,5,0,5,,5,3851,-8.79848578409706,15.1098174886843,-18.5046274258981,1,,,,,,,,,,,,,,,,,,,,,,,,1,1,cbctgbhm,,,,,0
806,hg1wu67w,,0,0,12,,,,0,,,0.0,806,,0.0,,10,0,10,,4,11687,19.2982240105404,15.3352032889933,8.30613918663683,0,,,,,,,,,,,,,,,,,,,,,,,,1,1,cbctgbhm,,,,,0
807,69hqyhts,,0,0,12,,,,0,,,0.0,807,,0.0,,15,0,15,,4,11687,19.2982240105404,15.3352032889933,8.30613918663683,0,,,,,,,,,,,,,,,,,,,,,,,,1,1,cbctgbhm,,,,,0
808,g9rylf5n,,0,0,12,,,,0,,,0.0,808,,0.0,,5,3,2,,2,6,17.25651292143,15.6552619854883,-10.6145146455845,0,,,,,,,,,,,,,,,,,,,,,,,,1,1,cbctgbhm,,,,,0
809,en2z7za4,,0,0,12,,,,0,,,0.0,809,,0.0,,10,3,7,,3,5385,16.8775714200622,14.5282644745692,7.35487993020429,1,,,,,,,,,,,,,,,,,,,,,,,,1,1,cbctgbhm,,,,,0
810,zx47pv8t,,0,0,12,,,,0,,,0.0,810,,0.0,,15,3,12,,2,6,17.25651292143,15.6552619854883,-10.6145146455845,0,,,,,,,,,,,,,,,,,,,,,,,,1,1,cbctgbhm,,,,,0
811,g0u5lilt,,0,0,12,,,,0,,,0.0,811,,0.0,,10,6,4,,2,6,17.25651292143,15.6552619854883,-10.6145146455845,0,,,,,,,,,,,,,,,,,,,,,,,,1,1,cbctgbhm,,,,,0
812,30vu91f3,,0,0,12,,,,0,,,0.0,812,,0.0,,15,6,9,,5,3851,-8.79848578409706,15.1098174886843,-18.5046274258981,1,,,,,,,,,,,,,,,,,,,,,,,,1,1,cbctgbhm,,,,,0
813,3251bs3n,,0,0,12,,,,0,,,0.0,813,,0.0,,15,9,6,,3,5385,16.8775714200622,14.5282644745692,7.35487993020429,1,,,,,,,,,,,,,,,,,,,,,,,,1,1,cbctgbhm,,,,,0
814,umzxtcam,,0,0,12,,,,0,,,0.0,814,,0.0,,5,0,5,,5,3851,-8.79848578409706,15.1098174886843,-18.5046274258981,1,,,,,,,,,,,,,,,,,,,,,,,,1,1,cbctgbhm,,,,,0
815,13mjfoyo,,0,0,12,,,,0,,,0.0,815,,0.0,,10,0,10,,3,5385,16.8775714200622,14.5282644745692,7.35487993020429,1,,,,,,,,,,,,,,,,,,,,,,,,1,1,cbctgbhm,,,,,0
816,yteei22q,,0,0,12,,,,0,,,0.0,816,,0.0,,15,0,15,,2,6,17.25651292143,15.6552619854883,-10.6145146455845,0,,,,,,,,,,,,,,,,,,,,,,,,1,1,cbctgbhm,,,,,0
817,o8cskt7x,,0,0,12,,,,0,,,0.0,817,,0.0,,5,0,5,,5,3851,-8.79848578409706,15.1098174886843,-18.5046274258981,1,,,,,,,,,,,,,,,,,,,,,,,,1,1,cbctgbhm,,,,,0
818,ly5h7axl,,0,0,12,,,,0,,,0.0,818,,0.0,,10,0,10,,3,5385,16.8775714200622,14.5282644745692,7.35487993020429,1,,,,,,,,,,,,,,,,,,,,,,,,1,1,cbctgbhm,,,,,0
819,00o33w75,,0,0,12,,,,0,,,0.0,819,,0.0,,15,0,15,,3,5385,16.8775714200622,14.5282644745692,7.35487993020429,1,,,,,,,,,,,,,,,,,,,,,,,,1,1,cbctgbhm,,,,,0
820,njbm84bk,,0,0,12,,,,0,,,0.0,820,,0.0,,5,3,2,,4,11687,19.2982240105404,15.3352032889933,8.30613918663683,0,,,,,,,,,,,,,,,,,,,,,,,,1,1,cbctgbhm,,,,,0
821,j64b1lhm,,0,0,12,,,,0,,,0.0,821,,0.0,,10,3,7,,3,5385,16.8775714200622,14.5282644745692,7.35487993020429,1,,,,,,,,,,,,,,,,,,,,,,,,1,1,cbctgbhm,,,,,0
822,ntl00q37,,0,0,12,,,,0,,,0.0,822,,0.0,,15,3,12,,5,3851,-8.79848578409706,15.1098174886843,-18.5046274258981,1,,,,,,,,,,,,,,,,,,,,,,,,1,1,cbctgbhm,,,,,0
823,t8vrg6av,,0,0,12,,,,0,,,0.0,823,,0.0,,10,6,4,,2,6,17.25651292143,15.6552619854883,-10.6145146455845,0,,,,,,,,,,,,,,,,,,,,,,,,1,1,cbctgbhm,,,,,0
824,q6zhns2d,,0,0,12,,,,0,,,0.0,824,,0.0,,15,6,9,,5,3851,-8.79848578409706,15.1098174886843,-18.5046274258981,1,,,,,,,,,,,,,,,,,,,,,,,,1,1,cbctgbhm,,,,,0
825,93bq02yc,,0,0,12,,,,0,,,0.0,825,,0.0,,15,9,6,,2,6,17.25651292143,15.6552619854883,-10.6145146455845,0,,,,,,,,,,,,,,,,,,,,,,,,1,1,cbctgbhm,,,,,0
826,mdcob7ji,,0,0,12,,,,0,,,0.0,826,,0.0,,5,0,5,,4,11687,19.2982240105404,15.3352032889933,8.30613918663683,0,,,,,,,,,,,,,,,,,,,,,,,,1,1,cbctgbhm,,,,,0
827,snm1bcw6,,0,0,12,,,,0,,,0.0,827,,0.0,,10,0,10,,5,3851,-8.79848578409706,15.1098174886843,-18.5046274258981,1,,,,,,,,,,,,,,,,,,,,,,,,1,1,cbctgbhm,,,,,0
828,jaxkie06,,0,0,12,,,,0,,,0.0,828,,0.0,,15,0,15,,3,5385,16.8775714200622,14.5282644745692,7.35487993020429,1,,,,,,,,,,,,,,,,,,,,,,,,1,1,cbctgbhm,,,,,0
829,39dv0m1z,,0,0,12,,,,0,,,0.0,829,,0.0,,5,0,5,,4,11687,19.2982240105404,15.3352032889933,8.30613918663683,0,,,,,,,,,,,,,,,,,,,,,,,,1,1,cbctgbhm,,,,,0
830,aqqix7cn,,0,0,12,,,,0,,,0.0,830,,0.0,,10,0,10,,3,5385,16.8775714200622,14.5282644745692,7.35487993020429,1,,,,,,,,,,,,,,,,,,,,,,,,1,1,cbctgbhm,,,,,0
831,y3uf1moy,,0,0,12,,,,0,,,0.0,831,,0.0,,15,0,15,,4,11687,19.2982240105404,15.3352032889933,8.30613918663683,0,,,,,,,,,,,,,,,,,,,,,,,,1,1,cbctgbhm,,,,,0
832,sbudu7mr,,0,0,12,,,,0,,,0.0,832,,0.0,,5,3,2,,5,3851,-8.79848578409706,15.1098174886843,-18.5046274258981,1,,,,,,,,,,,,,,,,,,,,,,,,1,1,cbctgbhm,,,,,0
833,odrilznq,,0,0,12,,,,0,,,0.0,833,,0.0,,10,3,7,,3,5385,16.8775714200622,14.5282644745692,7.35487993020429,1,,,,,,,,,,,,,,,,,,,,,,,,1,1,cbctgbhm,,,,,0
834,aw95gg59,,0,0,12,,,,0,,,0.0,834,,0.0,,15,3,12,,2,6,17.25651292143,15.6552619854883,-10.6145146455845,0,,,,,,,,,,,,,,,,,,,,,,,,1,1,cbctgbhm,,,,,0
835,2za731v1,,0,0,12,,,,0,,,0.0,835,,0.0,,10,6,4,,3,5385,16.8775714200622,14.5282644745692,7.35487993020429,1,,,,,,,,,,,,,,,,,,,,,,,,1,1,cbctgbhm,,,,,0
836,5lxgtlno,,0,0,12,,,,0,,,0.0,836,,0.0,,15,6,9,,5,3851,-8.79848578409706,15.1098174886843,-18.5046274258981,1,,,,,,,,,,,,,,,,,,,,,,,,1,1,cbctgbhm,,,,,0
837,a5dy8o5y,,0,0,12,,,,0,,,0.0,837,,0.0,,15,9,6,,2,6,17.25651292143,15.6552619854883,-10.6145146455845,0,,,,,,,,,,,,,,,,,,,,,,,,1,1,cbctgbhm,,,,,0
838,ejo8rzio,,0,0,12,,,,0,,,0.0,838,,0.0,,5,0,5,,3,5385,16.8775714200622,14.5282644745692,7.35487993020429,1,,,,,,,,,,,,,,,,,,,,,,,,1,1,cbctgbhm,,,,,0
839,ubxvitsh,,0,0,12,,,,0,,,0.0,839,,0.0,,10,0,10,,2,6,17.25651292143,15.6552619854883,-10.6145146455845,0,,,,,,,,,,,,,,,,,,,,,,,,1,1,cbctgbhm,,,,,0
840,ikxv9u78,,0,0,12,,,,0,,,0.0,840,,0.0,,15,0,15,,3,5385,16.8775714200622,14.5282644745692,7.35487993020429,1,,,,,,,,,,,,,,,,,,,,,,,,1,1,cbctgbhm,,,,,0
841,9nrwy5w5,,0,0,12,,,,0,,,0.0,841,,0.0,,5,0,5,,4,11687,19.2982240105404,15.3352032889933,8.30613918663683,0,,,,,,,,,,,,,,,,,,,,,,,,1,1,cbctgbhm,,,,,0
842,gjhf41fe,,0,0,12,,,,0,,,0.0,842,,0.0,,10,0,10,,2,6,17.25651292143,15.6552619854883,-10.6145146455845,0,,,,,,,,,,,,,,,,,,,,,,,,1,1,cbctgbhm,,,,,0
843,479ym5c4,,0,0,12,,,,0,,,0.0,843,,0.0,,15,0,15,,3,5385,16.8775714200622,14.5282644745692,7.35487993020429,1,,,,,,,,,,,,,,,,,,,,,,,,1,1,cbctgbhm,,,,,0
844,nvz5xk7y,,0,0,12,,,,0,,,0.0,844,,0.0,,5,3,2,,2,6,17.25651292143,15.6552619854883,-10.6145146455845,0,,,,,,,,,,,,,,,,,,,,,,,,1,1,cbctgbhm,,,,,0
845,40b8bq13,,0,0,12,,,,0,,,0.0,845,,0.0,,10,3,7,,5,3851,-8.79848578409706,15.1098174886843,-18.5046274258981,1,,,,,,,,,,,,,,,,,,,,,,,,1,1,cbctgbhm,,,,,0
846,dnq4f3an,,0,0,12,,,,0,,,0.0,846,,0.0,,15,3,12,,3,5385,16.8775714200622,14.5282644745692,7.35487993020429,1,,,,,,,,,,,,,,,,,,,,,,,,1,1,cbctgbhm,,,,,0
847,9h36g0r7,,0,0,12,,,,0,,,0.0,847,,0.0,,10,6,4,,5,3851,-8.79848578409706,15.1098174886843,-18.5046274258981,1,,,,,,,,,,,,,,,,,,,,,,,,1,1,cbctgbhm,,,,,0
848,xqp38l1m,,0,0,12,,,,0,,,0.0,848,,0.0,,15,6,9,,4,11687,19.2982240105404,15.3352032889933,8.30613918663683,0,,,,,,,,,,,,,,,,,,,,,,,,1,1,cbctgbhm,,,,,0
849,nki36qma,,0,0,12,,,,0,,,0.0,849,,0.0,,15,9,6,,4,11687,19.2982240105404,15.3352032889933,8.30613918663683,0,,,,,,,,,,,,,,,,,,,,,,,,1,1,cbctgbhm,,,,,0
850,zblqgo2n,,0,0,12,,,,0,,,0.0,850,,0.0,,5,0,5,,3,5385,16.8775714200622,14.5282644745692,7.35487993020429,1,,,,,,,,,,,,,,,,,,,,,,,,1,1,cbctgbhm,,,,,0
851,xrqdyeuj,,0,0,12,,,,0,,,0.0,851,,0.0,,10,0,10,,2,6,17.25651292143,15.6552619854883,-10.6145146455845,0,,,,,,,,,,,,,,,,,,,,,,,,1,1,cbctgbhm,,,,,0
852,gyummys0,,0,0,12,,,,0,,,0.0,852,,0.0,,15,0,15,,4,11687,19.2982240105404,15.3352032889933,8.30613918663683,0,,,,,,,,,,,,,,,,,,,,,,,,1,1,cbctgbhm,,,,,0
853,8thoft0e,,0,0,12,,,,0,,,0.0,853,,0.0,,5,0,5,,3,5385,16.8775714200622,14.5282644745692,7.35487993020429,1,,,,,,,,,,,,,,,,,,,,,,,,1,1,cbctgbhm,,,,,0
854,gw2a1ags,,0,0,12,,,,0,,,0.0,854,,0.0,,10,0,10,,5,3851,-8.79848578409706,15.1098174886843,-18.5046274258981,1,,,,,,,,,,,,,,,,,,,,,,,,1,1,cbctgbhm,,,,,0
855,7b5bl5d3,,0,0,12,,,,0,,,0.0,855,,0.0,,15,0,15,,2,6,17.25651292143,15.6552619854883,-10.6145146455845,0,,,,,,,,,,,,,,,,,,,,,,,,1,1,cbctgbhm,,,,,0
856,qzf07ef0,,0,0,12,,,,0,,,0.0,856,,0.0,,5,3,2,,5,3851,-8.79848578409706,15.1098174886843,-18.5046274258981,1,,,,,,,,,,,,,,,,,,,,,,,,1,1,cbctgbhm,,,,,0
857,fqzseu5w,,0,0,12,,,,0,,,0.0,857,,0.0,,10,3,7,,2,6,17.25651292143,15.6552619854883,-10.6145146455845,0,,,,,,,,,,,,,,,,,,,,,,,,1,1,cbctgbhm,,,,,0
858,kmlsuxmp,,0,0,12,,,,0,,,0.0,858,,0.0,,15,3,12,,5,3851,-8.79848578409706,15.1098174886843,-18.5046274258981,1,,,,,,,,,,,,,,,,,,,,,,,,1,1,cbctgbhm,,,,,0
859,eq0kszof,,0,0,12,,,,0,,,0.0,859,,0.0,,10,6,4,,2,6,17.25651292143,15.6552619854883,-10.6145146455845,0,,,,,,,,,,,,,,,,,,,,,,,,1,1,cbctgbhm,,,,,0
860,wi9svo3f,,0,0,12,,,,0,,,0.0,860,,0.0,,15,6,9,,2,6,17.25651292143,15.6552619854883,-10.6145146455845,0,,,,,,,,,,,,,,,,,,,,,,,,1,1,cbctgbhm,,,,,0
861,svamly6b,,0,0,12,,,,0,,,0.0,861,,0.0,,15,9,6,,3,5385,16.8775714200622,14.5282644745692,7.35487993020429,1,,,,,,,,,,,,,,,,,,,,,,,,1,1,cbctgbhm,,,,,0
862,6knkf98g,,0,0,12,,,,0,,,0.0,862,,0.0,,5,0,5,,2,6,17.25651292143,15.6552619854883,-10.6145146455845,0,,,,,,,,,,,,,,,,,,,,,,,,1,1,cbctgbhm,,,,,0
863,gia18owx,,0,0,12,,,,0,,,0.0,863,,0.0,,10,0,10,,4,11687,19.2982240105404,15.3352032889933,8.30613918663683,0,,,,,,,,,,,,,,,,,,,,,,,,1,1,cbctgbhm,,,,,0
864,dwxp7885,,0,0,12,,,,0,,,0.0,864,,0.0,,15,0,15,,3,5385,16.8775714200622,14.5282644745692,7.35487993020429,1,,,,,,,,,,,,,,,,,,,,,,,,1,1,cbctgbhm,,,,,0
865,mav0xxwe,,0,0,12,,,,0,,,0.0,865,,0.0,,5,0,5,,3,5385,16.8775714200622,14.5282644745692,7.35487993020429,1,,,,,,,,,,,,,,,,,,,,,,,,1,1,cbctgbhm,,,,,0
866,9lxexidj,,0,0,12,,,,0,,,0.0,866,,0.0,,10,0,10,,5,3851,-8.79848578409706,15.1098174886843,-18.5046274258981,1,,,,,,,,,,,,,,,,,,,,,,,,1,1,cbctgbhm,,,,,0
867,01hzaj7h,,0,0,12,,,,0,,,0.0,867,,0.0,,15,0,15,,5,3851,-8.79848578409706,15.1098174886843,-18.5046274258981,1,,,,,,,,,,,,,,,,,,,,,,,,1,1,cbctgbhm,,,,,0
868,ij1my4yn,,0,0,12,,,,0,,,0.0,868,,0.0,,5,3,2,,4,11687,19.2982240105404,15.3352032889933,8.30613918663683,0,,,,,,,,,,,,,,,,,,,,,,,,1,1,cbctgbhm,,,,,0
869,uv8uqgam,,0,0,12,,,,0,,,0.0,869,,0.0,,10,3,7,,3,5385,16.8775714200622,14.5282644745692,7.35487993020429,1,,,,,,,,,,,,,,,,,,,,,,,,1,1,cbctgbhm,,,,,0
870,gfyny66o,,0,0,12,,,,0,,,0.0,870,,0.0,,15,3,12,,5,3851,-8.79848578409706,15.1098174886843,-18.5046274258981,1,,,,,,,,,,,,,,,,,,,,,,,,1,1,cbctgbhm,,,,,0
871,i4qc8luj,,0,0,12,,,,0,,,0.0,871,,0.0,,10,6,4,,2,6,17.25651292143,15.6552619854883,-10.6145146455845,0,,,,,,,,,,,,,,,,,,,,,,,,1,1,cbctgbhm,,,,,0
872,b4b5abl4,,0,0,12,,,,0,,,0.0,872,,0.0,,15,6,9,,2,6,17.25651292143,15.6552619854883,-10.6145146455845,0,,,,,,,,,,,,,,,,,,,,,,,,1,1,cbctgbhm,,,,,0
873,2ilenme1,,0,0,12,,,,0,,,0.0,873,,0.0,,15,9,6,,5,3851,-8.79848578409706,15.1098174886843,-18.5046274258981,1,,,,,,,,,,,,,,,,,,,,,,,,1,1,cbctgbhm,,,,,0
874,lnaldaa2,,0,0,12,,,,0,,,0.0,874,,0.0,,5,0,5,,3,5385,16.8775714200622,14.5282644745692,7.35487993020429,1,,,,,,,,,,,,,,,,,,,,,,,,1,1,cbctgbhm,,,,,0
875,d9aqmj2q,,0,0,12,,,,0,,,0.0,875,,0.0,,10,0,10,,4,11687,19.2982240105404,15.3352032889933,8.30613918663683,0,,,,,,,,,,,,,,,,,,,,,,,,1,1,cbctgbhm,,,,,0
876,997as2no,,0,0,12,,,,0,,,0.0,876,,0.0,,15,0,15,,4,11687,19.2982240105404,15.3352032889933,8.30613918663683,0,,,,,,,,,,,,,,,,,,,,,,,,1,1,cbctgbhm,,,,,0
877,ovegctam,,0,0,12,,,,0,,,0.0,877,,0.0,,5,0,5,,3,5385,16.8775714200622,14.5282644745692,7.35487993020429,1,,,,,,,,,,,,,,,,,,,,,,,,1,1,cbctgbhm,,,,,0
878,hbw7ha2v,,0,0,12,,,,0,,,0.0,878,,0.0,,10,0,10,,2,6,17.25651292143,15.6552619854883,-10.6145146455845,0,,,,,,,,,,,,,,,,,,,,,,,,1,1,cbctgbhm,,,,,0
879,cfwh6xsx,,0,0,12,,,,0,,,0.0,879,,0.0,,15,0,15,,3,5385,16.8775714200622,14.5282644745692,7.35487993020429,1,,,,,,,,,,,,,,,,,,,,,,,,1,1,cbctgbhm,,,,,0
880,dx2v7csz,,0,0,12,,,,0,,,0.0,880,,0.0,,5,3,2,,3,5385,16.8775714200622,14.5282644745692,7.35487993020429,1,,,,,,,,,,,,,,,,,,,,,,,,1,1,cbctgbhm,,,,,0
881,c07v0vxd,,0,0,12,,,,0,,,0.0,881,,0.0,,10,3,7,,3,5385,16.8775714200622,14.5282644745692,7.35487993020429,1,,,,,,,,,,,,,,,,,,,,,,,,1,1,cbctgbhm,,,,,0
882,f1m27dlr,,0,0,12,,,,0,,,0.0,882,,0.0,,15,3,12,,3,5385,16.8775714200622,14.5282644745692,7.35487993020429,1,,,,,,,,,,,,,,,,,,,,,,,,1,1,cbctgbhm,,,,,0
883,i0btfbxv,,0,0,12,,,,0,,,0.0,883,,0.0,,10,6,4,,2,6,17.25651292143,15.6552619854883,-10.6145146455845,0,,,,,,,,,,,,,,,,,,,,,,,,1,1,cbctgbhm,,,,,0
884,bkjunqu5,,0,0,12,,,,0,,,0.0,884,,0.0,,15,6,9,,2,6,17.25651292143,15.6552619854883,-10.6145146455845,0,,,,,,,,,,,,,,,,,,,,,,,,1,1,cbctgbhm,,,,,0
885,fyjdxww8,,0,0,12,,,,0,,,0.0,885,,0.0,,15,9,6,,4,11687,19.2982240105404,15.3352032889933,8.30613918663683,0,,,,,,,,,,,,,,,,,,,,,,,,1,1,cbctgbhm,,,,,0
886,dqh7wku2,,0,0,12,,,,0,,,0.0,886,,0.0,,5,0,5,,4,11687,19.2982240105404,15.3352032889933,8.30613918663683,0,,,,,,,,,,,,,,,,,,,,,,,,1,1,cbctgbhm,,,,,0
887,30loji0h,,0,0,12,,,,0,,,0.0,887,,0.0,,10,0,10,,2,6,17.25651292143,15.6552619854883,-10.6145146455845,0,,,,,,,,,,,,,,,,,,,,,,,,1,1,cbctgbhm,,,,,0
888,tjo9zwai,,0,0,12,,,,0,,,0.0,888,,0.0,,15,0,15,,3,5385,16.8775714200622,14.5282644745692,7.35487993020429,1,,,,,,,,,,,,,,,,,,,,,,,,1,1,cbctgbhm,,,,,0
889,89q25bnr,,0,0,12,,,,0,,,0.0,889,,0.0,,5,0,5,,4,11687,19.2982240105404,15.3352032889933,8.30613918663683,0,,,,,,,,,,,,,,,,,,,,,,,,1,1,cbctgbhm,,,,,0
890,ide5tw9o,,0,0,12,,,,0,,,0.0,890,,0.0,,10,0,10,,4,11687,19.2982240105404,15.3352032889933,8.30613918663683,0,,,,,,,,,,,,,,,,,,,,,,,,1,1,cbctgbhm,,,,,0
891,3alrnp8m,,0,0,12,,,,0,,,0.0,891,,0.0,,15,0,15,,5,3851,-8.79848578409706,15.1098174886843,-18.5046274258981,1,,,,,,,,,,,,,,,,,,,,,,,,1,1,cbctgbhm,,,,,0
892,0x6yt9jm,,0,0,12,,,,0,,,0.0,892,,0.0,,5,3,2,,4,11687,19.2982240105404,15.3352032889933,8.30613918663683,0,,,,,,,,,,,,,,,,,,,,,,,,1,1,cbctgbhm,,,,,0
893,cg1o0mpa,,0,0,12,,,,0,,,0.0,893,,0.0,,10,3,7,,2,6,17.25651292143,15.6552619854883,-10.6145146455845,0,,,,,,,,,,,,,,,,,,,,,,,,1,1,cbctgbhm,,,,,0
894,1i2tm3pt,,0,0,12,,,,0,,,0.0,894,,0.0,,15,3,12,,2,6,17.25651292143,15.6552619854883,-10.6145146455845,0,,,,,,,,,,,,,,,,,,,,,,,,1,1,cbctgbhm,,,,,0
895,bk3piw4a,,0,0,12,,,,0,,,0.0,895,,0.0,,10,6,4,,2,6,17.25651292143,15.6552619854883,-10.6145146455845,0,,,,,,,,,,,,,,,,,,,,,,,,1,1,cbctgbhm,,,,,0
896,sxqrrsx7,,0,0,12,,,,0,,,0.0,896,,0.0,,15,6,9,,3,5385,16.8775714200622,14.5282644745692,7.35487993020429,1,,,,,,,,,,,,,,,,,,,,,,,,1,1,cbctgbhm,,,,,0
897,yoyrhm49,,0,0,12,,,,0,,,0.0,897,,0.0,,15,9,6,,5,3851,-8.79848578409706,15.1098174886843,-18.5046274258981,1,,,,,,,,,,,,,,,,,,,,,,,,1,1,cbctgbhm,,,,,0
898,p0i6htu9,,0,0,12,,,,0,,,0.0,898,,0.0,,5,0,5,,4,11687,19.2982240105404,15.3352032889933,8.30613918663683,0,,,,,,,,,,,,,,,,,,,,,,,,1,1,cbctgbhm,,,,,0
899,2lj3frtj,,0,0,12,,,,0,,,0.0,899,,0.0,,10,0,10,,3,5385,16.8775714200622,14.5282644745692,7.35487993020429,1,,,,,,,,,,,,,,,,,,,,,,,,1,1,cbctgbhm,,,,,0
900,k5i8fcsg,,0,0,12,,,,0,,,0.0,900,,0.0,,15,0,15,,2,6,17.25651292143,15.6552619854883,-10.6145146455845,0,,,,,,,,,,,,,,,,,,,,,,,,1,1,cbctgbhm,,,,,0
901,c6r33jx7,,0,0,12,,,,0,,,0.0,901,,0.0,,5,0,5,,4,11687,19.2982240105404,15.3352032889933,8.30613918663683,0,,,,,,,,,,,,,,,,,,,,,,,,1,1,cbctgbhm,,,,,0
902,752w98yf,,0,0,12,,,,0,,,0.0,902,,0.0,,10,0,10,,3,5385,16.8775714200622,14.5282644745692,7.35487993020429,1,,,,,,,,,,,,,,,,,,,,,,,,1,1,cbctgbhm,,,,,0
903,hucr00xb,,0,0,12,,,,0,,,0.0,903,,0.0,,15,0,15,,5,3851,-8.79848578409706,15.1098174886843,-18.5046274258981,1,,,,,,,,,,,,,,,,,,,,,,,,1,1,cbctgbhm,,,,,0
904,sr8q87bz,,0,0,12,,,,0,,,0.0,904,,0.0,,5,3,2,,3,5385,16.8775714200622,14.5282644745692,7.35487993020429,1,,,,,,,,,,,,,,,,,,,,,,,,1,1,cbctgbhm,,,,,0
905,4rynfiys,,0,0,12,,,,0,,,0.0,905,,0.0,,10,3,7,,3,5385,16.8775714200622,14.5282644745692,7.35487993020429,1,,,,,,,,,,,,,,,,,,,,,,,,1,1,cbctgbhm,,,,,0
906,xu1qrwfh,,0,0,12,,,,0,,,0.0,906,,0.0,,15,3,12,,3,5385,16.8775714200622,14.5282644745692,7.35487993020429,1,,,,,,,,,,,,,,,,,,,,,,,,1,1,cbctgbhm,,,,,0
907,8vbu5yo9,,0,0,12,,,,0,,,0.0,907,,0.0,,10,6,4,,2,6,17.25651292143,15.6552619854883,-10.6145146455845,0,,,,,,,,,,,,,,,,,,,,,,,,1,1,cbctgbhm,,,,,0
908,mttvrz0e,,0,0,12,,,,0,,,0.0,908,,0.0,,15,6,9,,5,3851,-8.79848578409706,15.1098174886843,-18.5046274258981,1,,,,,,,,,,,,,,,,,,,,,,,,1,1,cbctgbhm,,,,,0
909,h1b2y1wm,,0,0,12,,,,0,,,0.0,909,,0.0,,15,9,6,,4,11687,19.2982240105404,15.3352032889933,8.30613918663683,0,,,,,,,,,,,,,,,,,,,,,,,,1,1,cbctgbhm,,,,,0
910,p4qr5ofi,,0,0,12,,,,0,,,0.0,910,,0.0,,5,0,5,,4,11687,19.2982240105404,15.3352032889933,8.30613918663683,0,,,,,,,,,,,,,,,,,,,,,,,,1,1,cbctgbhm,,,,,0
911,rhxzt0r2,,0,0,12,,,,0,,,0.0,911,,0.0,,10,0,10,,4,11687,19.2982240105404,15.3352032889933,8.30613918663683,0,,,,,,,,,,,,,,,,,,,,,,,,1,1,cbctgbhm,,,,,0
912,7vjttms5,,0,0,12,,,,0,,,0.0,912,,0.0,,15,0,15,,3,5385,16.8775714200622,14.5282644745692,7.35487993020429,1,,,,,,,,,,,,,,,,,,,,,,,,1,1,cbctgbhm,,,,,0
913,ount1yvc,,0,0,12,,,,0,,,0.0,913,,0.0,,5,0,5,,3,5385,16.8775714200622,14.5282644745692,7.35487993020429,1,,,,,,,,,,,,,,,,,,,,,,,,1,1,cbctgbhm,,,,,0
914,x9vbbkoq,,0,0,12,,,,0,,,0.0,914,,0.0,,10,0,10,,4,11687,19.2982240105404,15.3352032889933,8.30613918663683,0,,,,,,,,,,,,,,,,,,,,,,,,1,1,cbctgbhm,,,,,0
915,vrthd4jb,,0,0,12,,,,0,,,0.0,915,,0.0,,15,0,15,,5,3851,-8.79848578409706,15.1098174886843,-18.5046274258981,1,,,,,,,,,,,,,,,,,,,,,,,,1,1,cbctgbhm,,,,,0
916,yyzd6rlz,,0,0,12,,,,0,,,0.0,916,,0.0,,5,3,2,,2,6,17.25651292143,15.6552619854883,-10.6145146455845,0,,,,,,,,,,,,,,,,,,,,,,,,1,1,cbctgbhm,,,,,0
917,uyqys3d2,,0,0,12,,,,0,,,0.0,917,,0.0,,10,3,7,,4,11687,19.2982240105404,15.3352032889933,8.30613918663683,0,,,,,,,,,,,,,,,,,,,,,,,,1,1,cbctgbhm,,,,,0
918,wpzlnsn8,,0,0,12,,,,0,,,0.0,918,,0.0,,15,3,12,,2,6,17.25651292143,15.6552619854883,-10.6145146455845,0,,,,,,,,,,,,,,,,,,,,,,,,1,1,cbctgbhm,,,,,0
919,ykt86nph,,0,0,12,,,,0,,,0.0,919,,0.0,,10,6,4,,3,5385,16.8775714200622,14.5282644745692,7.35487993020429,1,,,,,,,,,,,,,,,,,,,,,,,,1,1,cbctgbhm,,,,,0
920,r75rws1a,,0,0,12,,,,0,,,0.0,920,,0.0,,15,6,9,,5,3851,-8.79848578409706,15.1098174886843,-18.5046274258981,1,,,,,,,,,,,,,,,,,,,,,,,,1,1,cbctgbhm,,,,,0
921,y0doz7dy,,0,0,12,,,,0,,,0.0,921,,0.0,,15,9,6,,4,11687,19.2982240105404,15.3352032889933,8.30613918663683,0,,,,,,,,,,,,,,,,,,,,,,,,1,1,cbctgbhm,,,,,0
922,15d7lwww,,0,0,12,,,,0,,,0.0,922,,0.0,,5,0,5,,4,11687,19.2982240105404,15.3352032889933,8.30613918663683,0,,,,,,,,,,,,,,,,,,,,,,,,1,1,cbctgbhm,,,,,0
923,krusby3x,,0,0,12,,,,0,,,0.0,923,,0.0,,10,0,10,,2,6,17.25651292143,15.6552619854883,-10.6145146455845,0,,,,,,,,,,,,,,,,,,,,,,,,1,1,cbctgbhm,,,,,0
924,dot010dc,,0,0,12,,,,0,,,0.0,924,,0.0,,15,0,15,,5,3851,-8.79848578409706,15.1098174886843,-18.5046274258981,1,,,,,,,,,,,,,,,,,,,,,,,,1,1,cbctgbhm,,,,,0
925,xzvmk9qk,,0,0,12,,,,0,,,0.0,925,,0.0,,5,0,5,,5,3851,-8.79848578409706,15.1098174886843,-18.5046274258981,1,,,,,,,,,,,,,,,,,,,,,,,,1,1,cbctgbhm,,,,,0
926,bh06l625,,0,0,12,,,,0,,,0.0,926,,0.0,,10,0,10,,5,3851,-8.79848578409706,15.1098174886843,-18.5046274258981,1,,,,,,,,,,,,,,,,,,,,,,,,1,1,cbctgbhm,,,,,0
927,sejqdqvd,,0,0,12,,,,0,,,0.0,927,,0.0,,15,0,15,,2,6,17.25651292143,15.6552619854883,-10.6145146455845,0,,,,,,,,,,,,,,,,,,,,,,,,1,1,cbctgbhm,,,,,0
928,6tshwygn,,0,0,12,,,,0,,,0.0,928,,0.0,,5,3,2,,3,5385,16.8775714200622,14.5282644745692,7.35487993020429,1,,,,,,,,,,,,,,,,,,,,,,,,1,1,cbctgbhm,,,,,0
929,llfvmlmx,,0,0,12,,,,0,,,0.0,929,,0.0,,10,3,7,,2,6,17.25651292143,15.6552619854883,-10.6145146455845,0,,,,,,,,,,,,,,,,,,,,,,,,1,1,cbctgbhm,,,,,0
930,jdsvra12,,0,0,12,,,,0,,,0.0,930,,0.0,,15,3,12,,5,3851,-8.79848578409706,15.1098174886843,-18.5046274258981,1,,,,,,,,,,,,,,,,,,,,,,,,1,1,cbctgbhm,,,,,0
931,lfsoi2er,,0,0,12,,,,0,,,0.0,931,,0.0,,10,6,4,,4,11687,19.2982240105404,15.3352032889933,8.30613918663683,0,,,,,,,,,,,,,,,,,,,,,,,,1,1,cbctgbhm,,,,,0
932,kzshuio8,,0,0,12,,,,0,,,0.0,932,,0.0,,15,6,9,,5,3851,-8.79848578409706,15.1098174886843,-18.5046274258981,1,,,,,,,,,,,,,,,,,,,,,,,,1,1,cbctgbhm,,,,,0
933,e3yun4bd,,0,0,12,,,,0,,,0.0,933,,0.0,,15,9,6,,5,3851,-8.79848578409706,15.1098174886843,-18.5046274258981,1,,,,,,,,,,,,,,,,,,,,,,,,1,1,cbctgbhm,,,,,0
934,iqrkepkj,,0,0,12,,,,0,,,0.0,934,,0.0,,5,0,5,,3,5385,16.8775714200622,14.5282644745692,7.35487993020429,1,,,,,,,,,,,,,,,,,,,,,,,,1,1,cbctgbhm,,,,,0
935,5q6mmz8m,,0,0,12,,,,0,,,0.0,935,,0.0,,10,0,10,,4,11687,19.2982240105404,15.3352032889933,8.30613918663683,0,,,,,,,,,,,,,,,,,,,,,,,,1,1,cbctgbhm,,,,,0
936,cndwugpd,,0,0,12,,,,0,,,0.0,936,,0.0,,15,0,15,,2,6,17.25651292143,15.6552619854883,-10.6145146455845,0,,,,,,,,,,,,,,,,,,,,,,,,1,1,cbctgbhm,,,,,0
937,w7fc5etg,,0,0,12,,,,0,,,0.0,937,,0.0,,5,0,5,,3,5385,16.8775714200622,14.5282644745692,7.35487993020429,1,,,,,,,,,,,,,,,,,,,,,,,,1,1,cbctgbhm,,,,,0
938,pfl84jh3,,0,0,12,,,,0,,,0.0,938,,0.0,,10,0,10,,3,5385,16.8775714200622,14.5282644745692,7.35487993020429,1,,,,,,,,,,,,,,,,,,,,,,,,1,1,cbctgbhm,,,,,0
939,d9jgip6b,,0,0,12,,,,0,,,0.0,939,,0.0,,15,0,15,,5,3851,-8.79848578409706,15.1098174886843,-18.5046274258981,1,,,,,,,,,,,,,,,,,,,,,,,,1,1,cbctgbhm,,,,,0
940,eicxwlw2,,0,0,12,,,,0,,,0.0,940,,0.0,,5,3,2,,3,5385,16.8775714200622,14.5282644745692,7.35487993020429,1,,,,,,,,,,,,,,,,,,,,,,,,1,1,cbctgbhm,,,,,0
941,cwj7hekj,,0,0,12,,,,0,,,0.0,941,,0.0,,10,3,7,,3,5385,16.8775714200622,14.5282644745692,7.35487993020429,1,,,,,,,,,,,,,,,,,,,,,,,,1,1,cbctgbhm,,,,,0
942,25o6lt3m,,0,0,12,,,,0,,,0.0,942,,0.0,,15,3,12,,5,3851,-8.79848578409706,15.1098174886843,-18.5046274258981,1,,,,,,,,,,,,,,,,,,,,,,,,1,1,cbctgbhm,,,,,0
943,zlszgzt6,,0,0,12,,,,0,,,0.0,943,,0.0,,10,6,4,,5,3851,-8.79848578409706,15.1098174886843,-18.5046274258981,1,,,,,,,,,,,,,,,,,,,,,,,,1,1,cbctgbhm,,,,,0
944,f5b969y0,,0,0,12,,,,0,,,0.0,944,,0.0,,15,6,9,,5,3851,-8.79848578409706,15.1098174886843,-18.5046274258981,1,,,,,,,,,,,,,,,,,,,,,,,,1,1,cbctgbhm,,,,,0
945,uto65njy,,0,0,12,,,,0,,,0.0,945,,0.0,,15,9,6,,2,6,17.25651292143,15.6552619854883,-10.6145146455845,0,,,,,,,,,,,,,,,,,,,,,,,,1,1,cbctgbhm,,,,,0
946,x37c6oxl,,0,0,12,,,,0,,,0.0,946,,0.0,,5,0,5,,2,6,17.25651292143,15.6552619854883,-10.6145146455845,0,,,,,,,,,,,,,,,,,,,,,,,,1,1,cbctgbhm,,,,,0
947,fm469git,,0,0,12,,,,0,,,0.0,947,,0.0,,10,0,10,,4,11687,19.2982240105404,15.3352032889933,8.30613918663683,0,,,,,,,,,,,,,,,,,,,,,,,,1,1,cbctgbhm,,,,,0
948,lx25mm86,,0,0,12,,,,0,,,0.0,948,,0.0,,15,0,15,,3,5385,16.8775714200622,14.5282644745692,7.35487993020429,1,,,,,,,,,,,,,,,,,,,,,,,,1,1,cbctgbhm,,,,,0
949,snz55nmh,,0,0,12,,,,0,,,0.0,949,,0.0,,5,0,5,,5,3851,-8.79848578409706,15.1098174886843,-18.5046274258981,1,,,,,,,,,,,,,,,,,,,,,,,,1,1,cbctgbhm,,,,,0
950,6llod8iv,,0,0,12,,,,0,,,0.0,950,,0.0,,10,0,10,,3,5385,16.8775714200622,14.5282644745692,7.35487993020429,1,,,,,,,,,,,,,,,,,,,,,,,,1,1,cbctgbhm,,,,,0
951,hebgoc20,,0,0,12,,,,0,,,0.0,951,,0.0,,15,0,15,,2,6,17.25651292143,15.6552619854883,-10.6145146455845,0,,,,,,,,,,,,,,,,,,,,,,,,1,1,cbctgbhm,,,,,0
952,9gul9nwz,,0,0,12,,,,0,,,0.0,952,,0.0,,5,3,2,,4,11687,19.2982240105404,15.3352032889933,8.30613918663683,0,,,,,,,,,,,,,,,,,,,,,,,,1,1,cbctgbhm,,,,,0
953,326aoldz,,0,0,12,,,,0,,,0.0,953,,0.0,,10,3,7,,3,5385,16.8775714200622,14.5282644745692,7.35487993020429,1,,,,,,,,,,,,,,,,,,,,,,,,1,1,cbctgbhm,,,,,0
954,i8sg8su4,,0,0,12,,,,0,,,0.0,954,,0.0,,15,3,12,,5,3851,-8.79848578409706,15.1098174886843,-18.5046274258981,1,,,,,,,,,,,,,,,,,,,,,,,,1,1,cbctgbhm,,,,,0
955,zqd7zaf1,,0,0,12,,,,0,,,0.0,955,,0.0,,10,6,4,,3,5385,16.8775714200622,14.5282644745692,7.35487993020429,1,,,,,,,,,,,,,,,,,,,,,,,,1,1,cbctgbhm,,,,,0
956,nkrayu2r,,0,0,12,,,,0,,,0.0,956,,0.0,,15,6,9,,4,11687,19.2982240105404,15.3352032889933,8.30613918663683,0,,,,,,,,,,,,,,,,,,,,,,,,1,1,cbctgbhm,,,,,0
957,gwcjezut,,0,0,12,,,,0,,,0.0,957,,0.0,,15,9,6,,5,3851,-8.79848578409706,15.1098174886843,-18.5046274258981,1,,,,,,,,,,,,,,,,,,,,,,,,1,1,cbctgbhm,,,,,0
958,zy3tkrhx,,0,0,12,,,,0,,,0.0,958,,0.0,,5,0,5,,3,5385,16.8775714200622,14.5282644745692,7.35487993020429,1,,,,,,,,,,,,,,,,,,,,,,,,1,1,cbctgbhm,,,,,0
959,dqkuh92j,,0,0,12,,,,0,,,0.0,959,,0.0,,10,0,10,,4,11687,19.2982240105404,15.3352032889933,8.30613918663683,0,,,,,,,,,,,,,,,,,,,,,,,,1,1,cbctgbhm,,,,,0
960,cz1vhcpc,,0,0,12,,,,0,,,0.0,960,,0.0,,15,0,15,,4,11687,19.2982240105404,15.3352032889933,8.30613918663683,0,,,,,,,,,,,,,,,,,,,,,,,,1,1,cbctgbhm,,,,,0
961,hboyq4kd,,0,0,12,,,,0,,,0.0,961,,0.0,,5,0,5,,2,6,17.25651292143,15.6552619854883,-10.6145146455845,0,,,,,,,,,,,,,,,,,,,,,,,,1,1,cbctgbhm,,,,,0
962,h4a7hd0u,,0,0,12,,,,0,,,0.0,962,,0.0,,10,0,10,,2,6,17.25651292143,15.6552619854883,-10.6145146455845,0,,,,,,,,,,,,,,,,,,,,,,,,1,1,cbctgbhm,,,,,0
963,cs8nbpbg,,0,0,12,,,,0,,,0.0,963,,0.0,,15,0,15,,3,5385,16.8775714200622,14.5282644745692,7.35487993020429,1,,,,,,,,,,,,,,,,,,,,,,,,1,1,cbctgbhm,,,,,0
964,7htel58f,,0,0,12,,,,0,,,0.0,964,,0.0,,5,3,2,,2,6,17.25651292143,15.6552619854883,-10.6145146455845,0,,,,,,,,,,,,,,,,,,,,,,,,1,1,cbctgbhm,,,,,0
965,mlm6dfht,,0,0,12,,,,0,,,0.0,965,,0.0,,10,3,7,,2,6,17.25651292143,15.6552619854883,-10.6145146455845,0,,,,,,,,,,,,,,,,,,,,,,,,1,1,cbctgbhm,,,,,0
966,0m8p4j5p,,0,0,12,,,,0,,,0.0,966,,0.0,,15,3,12,,4,11687,19.2982240105404,15.3352032889933,8.30613918663683,0,,,,,,,,,,,,,,,,,,,,,,,,1,1,cbctgbhm,,,,,0
967,ub04j1k9,,0,0,12,,,,0,,,0.0,967,,0.0,,10,6,4,,3,5385,16.8775714200622,14.5282644745692,7.35487993020429,1,,,,,,,,,,,,,,,,,,,,,,,,1,1,cbctgbhm,,,,,0
968,lbj3kpp9,,0,0,12,,,,0,,,0.0,968,,0.0,,15,6,9,,4,11687,19.2982240105404,15.3352032889933,8.30613918663683,0,,,,,,,,,,,,,,,,,,,,,,,,1,1,cbctgbhm,,,,,0
969,t5qjh7sd,,0,0,12,,,,0,,,0.0,969,,0.0,,15,9,6,,5,3851,-8.79848578409706,15.1098174886843,-18.5046274258981,1,,,,,,,,,,,,,,,,,,,,,,,,1,1,cbctgbhm,,,,,0
970,nrqzrecc,,0,0,12,,,,0,,,0.0,970,,0.0,,5,0,5,,2,6,17.25651292143,15.6552619854883,-10.6145146455845,0,,,,,,,,,,,,,,,,,,,,,,,,1,1,cbctgbhm,,,,,0
971,pmzlxrws,,0,0,12,,,,0,,,0.0,971,,0.0,,10,0,10,,5,3851,-8.79848578409706,15.1098174886843,-18.5046274258981,1,,,,,,,,,,,,,,,,,,,,,,,,1,1,cbctgbhm,,,,,0
972,9surghyl,,0,0,12,,,,0,,,0.0,972,,0.0,,15,0,15,,2,6,17.25651292143,15.6552619854883,-10.6145146455845,0,,,,,,,,,,,,,,,,,,,,,,,,1,1,cbctgbhm,,,,,0
973,9nyya6gn,,0,0,12,,,,0,,,0.0,973,,0.0,,5,0,5,,4,11687,19.2982240105404,15.3352032889933,8.30613918663683,0,,,,,,,,,,,,,,,,,,,,,,,,1,1,cbctgbhm,,,,,0
974,8h2v6yq5,,0,0,12,,,,0,,,0.0,974,,0.0,,10,0,10,,2,6,17.25651292143,15.6552619854883,-10.6145146455845,0,,,,,,,,,,,,,,,,,,,,,,,,1,1,cbctgbhm,,,,,0
975,olfltald,,0,0,12,,,,0,,,0.0,975,,0.0,,15,0,15,,4,11687,19.2982240105404,15.3352032889933,8.30613918663683,0,,,,,,,,,,,,,,,,,,,,,,,,1,1,cbctgbhm,,,,,0
976,icqk3laf,,0,0,12,,,,0,,,0.0,976,,0.0,,5,3,2,,3,5385,16.8775714200622,14.5282644745692,7.35487993020429,1,,,,,,,,,,,,,,,,,,,,,,,,1,1,cbctgbhm,,,,,0
977,7068aeoz,,0,0,12,,,,0,,,0.0,977,,0.0,,10,3,7,,5,3851,-8.79848578409706,15.1098174886843,-18.5046274258981,1,,,,,,,,,,,,,,,,,,,,,,,,1,1,cbctgbhm,,,,,0
978,oi83xd49,,0,0,12,,,,0,,,0.0,978,,0.0,,15,3,12,,5,3851,-8.79848578409706,15.1098174886843,-18.5046274258981,1,,,,,,,,,,,,,,,,,,,,,,,,1,1,cbctgbhm,,,,,0
979,31v9mhds,,0,0,12,,,,0,,,0.0,979,,0.0,,10,6,4,,4,11687,19.2982240105404,15.3352032889933,8.30613918663683,0,,,,,,,,,,,,,,,,,,,,,,,,1,1,cbctgbhm,,,,,0
980,vr7k3izh,,0,0,12,,,,0,,,0.0,980,,0.0,,15,6,9,,2,6,17.25651292143,15.6552619854883,-10.6145146455845,0,,,,,,,,,,,,,,,,,,,,,,,,1,1,cbctgbhm,,,,,0
981,dz7kiyes,,0,0,12,,,,0,,,0.0,981,,0.0,,15,9,6,,4,11687,19.2982240105404,15.3352032889933,8.30613918663683,0,,,,,,,,,,,,,,,,,,,,,,,,1,1,cbctgbhm,,,,,0
982,yvnmzc1w,,0,0,12,,,,0,,,0.0,982,,0.0,,5,0,5,,4,11687,19.2982240105404,15.3352032889933,8.30613918663683,0,,,,,,,,,,,,,,,,,,,,,,,,1,1,cbctgbhm,,,,,0
983,c1jl8adc,,0,0,12,,,,0,,,0.0,983,,0.0,,10,0,10,,3,5385,16.8775714200622,14.5282644745692,7.35487993020429,1,,,,,,,,,,,,,,,,,,,,,,,,1,1,cbctgbhm,,,,,0
984,crfsgwvo,,0,0,12,,,,0,,,0.0,984,,0.0,,15,0,15,,5,3851,-8.79848578409706,15.1098174886843,-18.5046274258981,1,,,,,,,,,,,,,,,,,,,,,,,,1,1,cbctgbhm,,,,,0
985,liu8n6uo,,0,0,12,,,,0,,,0.0,985,,0.0,,5,0,5,,5,3851,-8.79848578409706,15.1098174886843,-18.5046274258981,1,,,,,,,,,,,,,,,,,,,,,,,,1,1,cbctgbhm,,,,,0
986,kxxwtajr,,0,0,12,,,,0,,,0.0,986,,0.0,,10,0,10,,4,11687,19.2982240105404,15.3352032889933,8.30613918663683,0,,,,,,,,,,,,,,,,,,,,,,,,1,1,cbctgbhm,,,,,0
987,jyfj8t22,,0,0,12,,,,0,,,0.0,987,,0.0,,15,0,15,,5,3851,-8.79848578409706,15.1098174886843,-18.5046274258981,1,,,,,,,,,,,,,,,,,,,,,,,,1,1,cbctgbhm,,,,,0
988,sbvv11ax,,0,0,12,,,,0,,,0.0,988,,0.0,,5,3,2,,4,11687,19.2982240105404,15.3352032889933,8.30613918663683,0,,,,,,,,,,,,,,,,,,,,,,,,1,1,cbctgbhm,,,,,0
989,gvs8ktmv,,0,0,12,,,,0,,,0.0,989,,0.0,,10,3,7,,4,11687,19.2982240105404,15.3352032889933,8.30613918663683,0,,,,,,,,,,,,,,,,,,,,,,,,1,1,cbctgbhm,,,,,0
990,itfeclfz,,0,0,12,,,,0,,,0.0,990,,0.0,,15,3,12,,2,6,17.25651292143,15.6552619854883,-10.6145146455845,0,,,,,,,,,,,,,,,,,,,,,,,,1,1,cbctgbhm,,,,,0
991,385i3ucg,,0,0,12,,,,0,,,0.0,991,,0.0,,10,6,4,,4,11687,19.2982240105404,15.3352032889933,8.30613918663683,0,,,,,,,,,,,,,,,,,,,,,,,,1,1,cbctgbhm,,,,,0
992,9utb7xo8,,0,0,12,,,,0,,,0.0,992,,0.0,,15,6,9,,2,6,17.25651292143,15.6552619854883,-10.6145146455845,0,,,,,,,,,,,,,,,,,,,,,,,,1,1,cbctgbhm,,,,,0
993,kpfvpx7m,,0,0,12,,,,0,,,0.0,993,,0.0,,15,9,6,,4,11687,19.2982240105404,15.3352032889933,8.30613918663683,0,,,,,,,,,,,,,,,,,,,,,,,,1,1,cbctgbhm,,,,,0
994,hy448ppa,,0,0,12,,,,0,,,0.0,994,,0.0,,5,0,5,,5,3851,-8.79848578409706,15.1098174886843,-18.5046274258981,1,,,,,,,,,,,,,,,,,,,,,,,,1,1,cbctgbhm,,,,,0
995,a9qhsrhs,,0,0,12,,,,0,,,0.0,995,,0.0,,10,0,10,,3,5385,16.8775714200622,14.5282644745692,7.35487993020429,1,,,,,,,,,,,,,,,,,,,,,,,,1,1,cbctgbhm,,,,,0
996,2mon1hh1,,0,0,12,,,,0,,,0.0,996,,0.0,,15,0,15,,4,11687,19.2982240105404,15.3352032889933,8.30613918663683,0,,,,,,,,,,,,,,,,,,,,,,,,1,1,cbctgbhm,,,,,0
997,u6d3p303,,0,0,12,,,,0,,,0.0,997,,0.0,,5,0,5,,5,3851,-8.79848578409706,15.1098174886843,-18.5046274258981,1,,,,,,,,,,,,,,,,,,,,,,,,1,1,cbctgbhm,,,,,0
998,h7thuows,,0,0,12,,,,0,,,0.0,998,,0.0,,10,0,10,,3,5385,16.8775714200622,14.5282644745692,7.35487993020429,1,,,,,,,,,,,,,,,,,,,,,,,,1,1,cbctgbhm,,,,,0
999,203sd4z4,,0,0,12,,,,0,,,0.0,999,,0.0,,15,0,15,,4,11687,19.2982240105404,15.3352032889933,8.30613918663683,0,,,,,,,,,,,,,,,,,,,,,,,,1,1,cbctgbhm,,,,,0
1000,2w72419r,,0,0,12,,,,0,,,0.0,1000,,0.0,,5,3,2,,3,5385,16.8775714200622,14.5282644745692,7.35487993020429,1,,,,,,,,,,,,,,,,,,,,,,,,1,1,cbctgbhm,,,,,0
