participant.id_in_session,participant_code,participant.label,participant._is_bot,participant._index_in_pages,participant._max_page_index,participant._current_app_name,participant._current_page_name,participant.time_started_utc,participant.visited,participant.mturk_worker_id,participant.mturk_assignment_id,participant.payoff,player.id_in_group,player.role,player.payoff,round_number,player.series_round,player.session_name,condition,player.block_order,player.trade_payoff,player.payable_round,data_available,pay_for_data,player.ack_brokerage_fee,round_type,investment_amount,return_forecast,forecast_confidence,belief_informative,belief_confidence,realized_return,informative,investment_payoff,cumulative_bonuses,round_payoff,player.self_assesment,group.id_in_subsession,subsession.round_number,subsession.training,session_code,session.label,session.mturk_HITId,session.mturk_HITGroupId,session.comment,session.is_demo,treated,paid_round
2,ttbhrq7x,,0,71,70,post_exp,FinalForProlific,2026-08-24 19:04:02.785387,1,,,125.21,2,,96.96,3,8,,treatment,,0.0,10,1,1.0,,paid_data,5.0,17.0,3.0,1.0,3.0,19.2982240105404,0.0,95.96,1.0,96.96,,1,3,0,9vfoiax5,,,,,0,1,1
3,h6ra9n61,,0,71,70,post_exp,FinalForProlific,2026-08-24 19:04:04.680764,1,,,144.01,3,,97.18,3,7,,treatment,,0.0,8,1,1.0,,free_data,80.0,20.0,3.0,1.0,5.0,-4.77007384032043,1.0,96.18,1.0,97.18,,1,3,0,9vfoiax5,,,,,0,1,0
4,4tucoz6l,,0,71,70,post_exp,FinalForProlific,2026-08-24 19:04:07.603497,1,,,119.79,4,,98.6,3,18,,treatment,,0.0,6,1,1.0,,paid_data,20.0,25.0,2.0,1.0,3.0,17.9942787562462,0.0,98.6,0.0,98.6,,1,3,0,9vfoiax5,,,,,0,1,1
5,47cbw4kl,,0,71,70,post_exp,FinalForProlific,2026-08-24 19:04:07.882773,1,,,141.4,5,,97.84,3,13,,treatment,,0.0,10,1,1.0,,paid_data,15.0,20.0,2.0,1.0,3.0,12.2928746925969,1.0,96.84,1.0,97.84,,1,3,0,9vfoiax5,,,,,0,1,1
6,w1hg4dq2,,0,71,70,post_exp,FinalForProlific,2026-08-24 19:04:08.230442,1,,,121.45,6,,102.36,3,19,,treatment,,0.0,18,1,1.0,,free_data,5.0,15.0,2.0,0.0,2.0,27.2611152781865,0.0,101.36,1.0,102.36,,1,3,0,9vfoiax5,,,,,0,1,0
7,2am1bt7m,,0,71,70,post_exp,FinalForProlific,2026-08-24 19:04:08.487174,1,,,118.16,7,,102.21,3,9,,treatment,,0.0,14,1,1.0,,free_data,5.0,12.0,3.0,1.0,3.0,24.2659454381039,1.0,101.21,1.0,102.21,,1,3,0,9vfoiax5,,,,,0,1,0
8,f0dtgw15,,0,71,70,post_exp,FinalForProlific,2026-08-24 19:04:08.729020,1,,,129.55,8,,114.5,3,18,,treatment,,0.0,5,1,1.0,,free_data,75.0,25.0,3.0,0.0,4.0,17.9942787562462,0.0,113.5,1.0,114.5,,1,3,0,9vfoiax5,,,,,0,1,0
9,gtr4o4u4,,0,71,70,post_exp,FinalForProlific,2026-08-24 19:04:09.330479,1,,,126.75,9,,96.0,3,11,,treatment,,0.0,3,1,1.0,,paid_data,0.0,5.0,2.0,0.0,4.0,37.6588629338984,0.0,95.0,1.0,96.0,,1,3,0,9vfoiax5,,,,,0,1,1
10,edlvyy4x,,0,71,70,post_exp,FinalForProlific,2026-08-24 19:04:09.368408,1,,,131.35,10,,101.85,3,9,,treatment,,0.0,6,1,1.0,,paid_data,20.0,20.0,5.0,1.0,5.0,24.2659454381039,1.0,99.85,2.0,101.85,,1,3,0,9vfoiax5,,,,,0,1,1
11,454urtzl,,0,71,70,post_exp,FinalForProlific,2026-08-24 19:04:09.375937,1,,,149.46,11,,95.12,3,20,,treatment,,0.0,8,1,1.0,,paid_data,10.0,4.0,5.0,1.0,4.0,-8.79848578409706,1.0,94.12,1.0,95.12,,1,3,0,9vfoiax5,,,,,0,1,1
12,y7r9sa4u,,0,71,70,post_exp,FinalForProlific,2026-08-24 19:04:10.658299,1,,,119.6,12,,101.0,3,5,,treatment,,0.0,15,1,0.0,,free_data,0.0,12.0,3.0,1.0,3.0,-11.0647641062684,1.0,100.0,1.0,101.0,,1,3,0,9vfoiax5,,,,,0,1,0
13,pm665xdw,,0,71,70,post_exp,FinalForProlific,2026-08-24 19:04:10.667922,1,,,125.96,13,,99.96,3,15,,treatment,,0.0,16,1,1.0,,free_data,5.0,12.0,3.0,1.0,2.0,-0.723989516491677,0.0,99.96,0.0,99.96,,1,3,0,9vfoiax5,,,,,0,1,0
14,qgszrtu9,,0,71,70,post_exp,FinalForProlific,2026-08-24 19:04:11.147052,1,,,121.99,14,,104.89,3,8,,treatment,,0.0,3,1,1.0,,free_data,15.0,18.0,3.0,0.0,4.0,19.2982240105404,0.0,102.89,2.0,104.89,,1,3,0,9vfoiax5,,,,,0,1,0
15,0z4ddbix,,0,71,70,post_exp,FinalForProlific,2026-08-24 19:04:11.337225,1,,,143.86,15,,112.09,3,18,,treatment,,0.0,10,1,1.0,,paid_data,95.0,4.0,4.0,1.0,5.0,17.9942787562462,0.0,112.09,0.0,112.09,,1,3,0,9vfoiax5,,,,,0,1,1
16,t6rthajw,,0,71,70,post_exp,FinalForProlific,2026-08-24 19:04:12.015053,1,,,132.66,16,,101.79,3,8,,treatment,,0.0,10,1,1.0,,paid_data,30.0,20.0,2.0,1.0,2.0,19.2982240105404,0.0,100.79,1.0,101.79,,1,3,0,9vfoiax5,,,,,0,1,1
17,wel7w6gg,,0,71,70,post_exp,FinalForProlific,2026-08-24 19:04:13.709515,1,,,155.98,17,,97.85,3,4,,treatment,,0.0,18,1,1.0,,paid_data,5.0,15.0,4.0,1.0,4.0,16.9752110267725,1.0,95.85,2.0,97.85,,1,3,0,9vfoiax5,,,,,0,1,1
18,u4dpd5wy,,0,71,70,post_exp,FinalForProlific,2026-08-24 19:04:14.397432,1,,,122.85,18,,102.86,3,10,,treatment,,0.0,14,1,1.0,,free_data,10.0,20.0,1.0,1.0,2.0,28.6089312735897,0.0,102.86,0.0,102.86,,1,3,0,9vfoiax5,,,,,0,1,0
19,y3uiqp3t,,0,71,70,post_exp,FinalForProlific,2026-08-24 19:04:14.803975,1,,,133.98,19,,111.3,3,11,,treatment,,0.0,16,1,1.0,,free_data,30.0,15.0,4.0,1.0,4.0,37.6588629338984,0.0,111.3,0.0,111.3,,1,3,0,9vfoiax5,,,,,0,1,0
20,atqtlu6a,,0,71,70,post_exp,FinalForProlific,2026-08-24 19:04:15.002851,1,,,126.01,20,,100.91,3,19,,treatment,,0.0,14,1,1.0,,paid_data,18.0,18.0,2.0,0.0,2.0,27.2611152781865,0.0,99.91,1.0,100.91,,1,3,0,9vfoiax5,,,,,0,1,1
21,cuq5iz33,,0,71,70,post_exp,FinalForProlific,2026-08-24 19:04:15.286301,1,,,111.24,21,,104.6,3,18,,treatment,,0.0,15,1,1.0,,free_data,20.0,15.0,2.0,1.0,3.0,17.9942787562462,0.0,103.6,1.0,104.6,,1,3,0,9vfoiax5,,,,,0,1,0
22,4yux8e22,,0,71,70,post_exp,FinalForProlific,2026-08-24 19:04:16.409415,1,,,121.61,22,,97.36,3,19,,treatment,,0.0,16,1,1.0,,paid_data,5.0,25.0,4.0,1.0,4.0,27.2611152781865,0.0,96.36,1.0,97.36,,1,3,0,9vfoiax5,,,,,0,1,1
23,f291tr7u,,0,71,70,post_exp,FinalForProlific,2026-08-24 19:04:17.330849,1,,,136.85,23,,116.45,3,19,,treatment,,0.0,4,1,1.0,,paid_data,75.0,17.0,3.0,0.0,3.0,27.2611152781865,0.0,115.45,1.0,116.45,,1,3,0,9vfoiax5,,,,,0,1,1
24,w3cukoe0,,0,71,70,post_exp,FinalForProlific,2026-08-24 19:04:23.181196,1,,,123.6,24,,105.29,3,10,,treatment,,0.0,17,1,1.0,,free_data,15.0,17.0,4.0,0.0,4.0,28.6089312735897,0.0,104.29,1.0,105.29,,1,3,0,9vfoiax5,,,,,0,1,0
26,4zd5ned9,,0,71,70,post_exp,FinalForProlific,2026-08-24 19:04:26.439460,1,,,135.3,26,,101.52,3,12,,treatment,,0.0,16,0,0.0,,paid_data,5.0,11.0,3.0,,,30.3829281992374,1.0,101.52,0.0,101.52,,1,3,0,9vfoiax5,,,,,0,1,1
27,mknb67le,,0,71,70,post_exp,FinalForProlific,2026-08-24 19:04:27.321536,1,,,130.06,27,,101.45,3,5,,treatment,,0.0,15,1,1.0,,free_data,5.0,-8.0,2.0,1.0,2.0,-11.0647641062684,1.0,99.45,2.0,101.45,,1,3,0,9vfoiax5,,,,,0,1,0
28,sp03734d,,0,71,70,post_exp,FinalForProlific,2026-08-24 19:04:30.219444,1,,,128.17,28,,96.75,3,11,,treatment,,0.0,13,1,1.0,,paid_data,2.0,10.0,3.0,0.0,4.0,37.6588629338984,0.0,95.75,1.0,96.75,,1,3,0,9vfoiax5,,,,,0,1,1
29,m7hitpc7,,0,71,70,post_exp,FinalForProlific,2026-08-24 19:04:32.107936,1,,,139.39,29,,99.89,3,5,,treatment,,0.0,15,1,1.0,,free_data,10.0,10.0,3.0,1.0,3.0,-11.0647641062684,1.0,98.89,1.0,99.89,,1,3,0,9vfoiax5,,,,,0,1,0
30,92y585sb,,0,71,70,post_exp,FinalForProlific,2026-08-24 19:04:32.444838,1,,,122.81,30,,100.3,3,13,,treatment,,0.0,6,1,1.0,,paid_data,35.0,21.5,4.0,1.0,5.0,12.2928746925969,1.0,99.3,1.0,100.3,,1,3,0,9vfoiax5,,,,,0,1,1
31,ki9t1ots,,0,71,70,post_exp,FinalForProlific,2026-08-24 19:04:33.838151,1,,,113.81,31,,103.73,3,19,,treatment,,0.0,19,1,1.0,,free_data,10.0,14.0,3.0,0.0,2.0,27.2611152781865,0.0,102.73,1.0,103.73,,1,3,0,9vfoiax5,,,,,0,1,0
32,8ygvklh3,,0,71,70,post_exp,FinalForProlific,2026-08-24 19:04:35.859366,1,,,149.01,32,,104.53,3,3,,treatment,,0.0,17,1,1.0,,free_data,15.0,20.0,5.0,1.0,5.0,16.8775714200622,1.0,102.53,2.0,104.53,,1,3,0,9vfoiax5,,,,,0,1,0
33,j6pfvo4x,,0,71,70,post_exp,FinalForProlific,2026-08-24 19:04:41.745324,1,,,129.0,33,,101.88,3,11,,treatment,,0.0,13,1,1.0,,free_data,5.0,16.0,1.0,1.0,2.0,37.6588629338984,0.0,101.88,0.0,101.88,,1,3,0,9vfoiax5,,,,,0,1,0
34,mrwqmc94,,0,71,70,post_exp,FinalForProlific,2026-08-24 19:04:49.104405,1,,,140.54,34,,100.56,3,12,,treatment,,0.0,8,1,1.0,,paid_data,15.0,18.0,3.0,1.0,4.0,30.3829281992374,1.0,99.56,1.0,100.56,,1,3,0,9vfoiax5,,,,,0,1,1
35,8lotxa0v,,0,71,70,post_exp,FinalForProlific,2026-08-24 19:05:04.989442,1,,,142.84,35,,86.64,3,20,,treatment,,0.0,19,1,1.0,,paid_data,95.0,16.0,3.0,0.0,3.0,-8.79848578409706,1.0,86.64,0.0,86.64,,1,3,0,9vfoiax5,,,,,0,1,1
36,zy0t07g5,,0,71,70,post_exp,FinalForProlific,2026-08-24 19:05:06.605976,1,,,137.36,36,,118.99,3,18,,treatment,,0.0,6,1,1.0,,free_data,100.0,20.0,4.0,1.0,4.0,17.9942787562462,0.0,117.99,1.0,118.99,,1,3,0,9vfoiax5,,,,,0,1,0
37,zs0yllk7,,0,71,70,post_exp,FinalForProlific,2026-08-24 19:07:16.492104,1,,,113.91,37,,95.31,3,15,,treatment,,0.0,3,1,1.0,,paid_data,95.0,25.0,1.0,0.0,1.0,-0.723989516491677,0.0,94.31,1.0,95.31,,1,3,0,9vfoiax5,,,,,0,1,1
38,9ozs75r2,,0,71,70,post_exp,FinalForProlific,2026-08-24 19:07:56.656898,1,,,107.53,38,,106.65,3,11,,treatment,,0.0,19,1,1.0,,free_data,15.0,12.0,2.0,0.0,5.0,37.6588629338984,0.0,105.65,1.0,106.65,,1,3,0,9vfoiax5,,,,,0,1,0
39,nn4f2puj,,0,71,70,post_exp,FinalForProlific,2026-08-24 19:14:35.491322,1,,,117.76,39,,99.09,3,7,,treatment,,0.0,14,1,1.0,,free_data,40.0,15.0,4.0,1.0,4.0,-4.77007384032043,1.0,98.09,1.0,99.09,,1,3,0,9vfoiax5,,,,,0,1,0
2,ttbhrq7x,,0,71,70,post_exp,FinalForProlific,2026-08-24 19:04:02.785387,1,,,125.21,2,,102.73,4,19,,treatment,,0.0,10,0,0.0,,paid_data,10.0,15.0,3.0,,,27.2611152781865,0.0,102.73,1.0,102.73,,1,4,0,9vfoiax5,,,,,0,1,1
3,h6ra9n61,,0,71,70,post_exp,FinalForProlific,2026-08-24 19:04:04.680764,1,,,144.01,3,,125.31,4,12,,treatment,,0.0,8,1,1.0,,free_data,80.0,20.0,3.0,1.0,4.0,30.3829281992374,1.0,124.31,2.0,125.31,,1,4,0,9vfoiax5,,,,,0,1,0
4,4tucoz6l,,0,71,70,post_exp,FinalForProlific,2026-08-24 19:04:07.603497,1,,,119.79,4,,101.88,4,14,,treatment,,0.0,6,1,0.0,,free_data,15.0,8.95,3.0,1.0,3.0,5.87642608043333,0.0,100.88,1.0,101.88,,1,4,0,9vfoiax5,,,,,0,1,0
5,47cbw4kl,,0,71,70,post_exp,FinalForProlific,2026-08-24 19:04:07.882773,1,,,141.4,5,,124.86,4,12,,treatment,,0.0,10,1,1.0,,paid_data,95.0,19.0,3.0,1.0,3.0,30.3829281992374,1.0,123.86,2.0,124.86,,1,4,0,9vfoiax5,,,,,0,1,1
6,w1hg4dq2,,0,71,70,post_exp,FinalForProlific,2026-08-24 19:04:08.230442,1,,,121.45,6,,102.52,4,12,,treatment,,0.0,18,1,1.0,,free_data,5.0,20.0,3.0,1.0,4.0,30.3829281992374,1.0,101.52,2.0,102.52,,1,4,0,9vfoiax5,,,,,0,1,0
7,2am1bt7m,,0,71,70,post_exp,FinalForProlific,2026-08-24 19:04:08.487174,1,,,118.16,7,,97.23,4,13,,treatment,,0.0,14,1,1.0,,paid_data,10.0,22.0,3.0,1.0,5.0,12.2928746925969,1.0,96.23,2.0,97.23,,1,4,0,9vfoiax5,,,,,0,1,1
8,f0dtgw15,,0,71,70,post_exp,FinalForProlific,2026-08-24 19:04:08.729020,1,,,129.55,8,,105.22,4,13,,treatment,,0.0,5,1,1.0,,paid_data,75.0,25.0,4.0,1.0,4.0,12.2928746925969,1.0,104.22,2.0,105.22,,1,4,0,9vfoiax5,,,,,0,1,1
9,gtr4o4u4,,0,71,70,post_exp,FinalForProlific,2026-08-24 19:04:09.330479,1,,,126.75,9,,101.0,4,10,,treatment,,0.0,3,1,1.0,,free_data,0.0,10.0,1.0,0.0,4.0,28.6089312735897,0.0,100.0,2.0,101.0,,1,4,0,9vfoiax5,,,,,0,1,0
10,edlvyy4x,,0,71,70,post_exp,FinalForProlific,2026-08-24 19:04:09.368408,1,,,131.35,10,,99.68,4,20,,treatment,,0.0,6,1,1.0,,free_data,15.0,5.0,3.0,1.0,5.0,-8.79848578409706,1.0,98.68,3.0,99.68,,1,4,0,9vfoiax5,,,,,0,1,0
11,454urtzl,,0,71,70,post_exp,FinalForProlific,2026-08-24 19:04:09.375937,1,,,149.46,11,,105.88,4,14,,treatment,,0.0,8,0,0.0,,paid_data,100.0,20.0,5.0,,,5.87642608043333,0.0,105.88,1.0,105.88,,1,4,0,9vfoiax5,,,,,0,1,1
12,y7r9sa4u,,0,71,70,post_exp,FinalForProlific,2026-08-24 19:04:10.658299,1,,,119.6,12,,111.45,4,17,,treatment,,0.0,15,0,0.0,,paid_data,50.0,17.0,2.0,,,22.9090225541578,0.0,111.45,1.0,111.45,,1,4,0,9vfoiax5,,,,,0,1,1
13,pm665xdw,,0,71,70,post_exp,FinalForProlific,2026-08-24 19:04:10.667922,1,,,125.96,13,,103.6,4,18,,treatment,,0.0,16,1,0.0,,free_data,20.0,10.0,3.0,1.0,4.0,17.9942787562462,0.0,103.6,0.0,103.6,,1,4,0,9vfoiax5,,,,,0,1,0
14,qgszrtu9,,0,71,70,post_exp,FinalForProlific,2026-08-24 19:04:11.147052,1,,,121.99,14,,100.65,4,11,,treatment,,0.0,3,1,1.0,,paid_data,15.0,17.0,3.0,1.0,3.0,37.6588629338984,0.0,100.65,2.0,100.65,,1,4,0,9vfoiax5,,,,,0,1,1
15,0z4ddbix,,0,71,70,post_exp,FinalForProlific,2026-08-24 19:04:11.337225,1,,,143.86,15,,112.29,4,13,,treatment,,0.0,10,1,1.0,,free_data,100.0,5.0,3.0,0.0,5.0,12.2928746925969,1.0,112.29,0.0,112.29,,1,4,0,9vfoiax5,,,,,0,1,0
16,t6rthajw,,0,71,70,post_exp,FinalForProlific,2026-08-24 19:04:12.015053,1,,,132.66,16,,101.0,4,15,,treatment,,0.0,10,0,0.0,,paid_data,0.0,-5.0,2.0,,,-0.723989516491677,0.0,100.0,2.0,101.0,,1,4,0,9vfoiax5,,,,,0,1,1
17,wel7w6gg,,0,71,70,post_exp,FinalForProlific,2026-08-24 19:04:13.709515,1,,,155.98,17,,102.23,4,13,,treatment,,0.0,18,0,0.0,,paid_data,10.0,15.0,3.0,,,12.2928746925969,1.0,101.23,3.0,102.23,,1,4,0,9vfoiax5,,,,,0,1,1
18,u4dpd5wy,,0,71,70,post_exp,FinalForProlific,2026-08-24 19:04:14.397432,1,,,122.85,18,,97.84,4,13,,treatment,,0.0,14,1,1.0,,paid_data,15.0,25.0,2.0,1.0,3.0,12.2928746925969,1.0,96.84,1.0,97.84,,1,4,0,9vfoiax5,,,,,0,1,1
19,y3uiqp3t,,0,71,70,post_exp,FinalForProlific,2026-08-24 19:04:14.803975,1,,,133.98,19,,93.36,4,5,,treatment,,0.0,16,0,0.0,,paid_data,60.0,25.0,4.0,,,-11.0647641062684,1.0,93.36,0.0,93.36,,1,4,0,9vfoiax5,,,,,0,1,1
20,atqtlu6a,,0,71,70,post_exp,FinalForProlific,2026-08-24 19:04:15.002851,1,,,126.01,20,,112.88,4,4,,treatment,,0.0,14,1,0.0,,free_data,70.0,23.0,4.0,1.0,4.0,16.9752110267725,1.0,111.88,2.0,112.88,,1,4,0,9vfoiax5,,,,,0,1,0
21,cuq5iz33,,0,71,70,post_exp,FinalForProlific,2026-08-24 19:04:15.286301,1,,,111.24,21,,98.86,4,10,,treatment,,0.0,15,1,1.0,,paid_data,10.0,8.0,2.0,0.0,3.0,28.6089312735897,0.0,97.86,2.0,98.86,,1,4,0,9vfoiax5,,,,,0,1,1
22,4yux8e22,,0,71,70,post_exp,FinalForProlific,2026-08-24 19:04:16.409415,1,,,121.61,22,,99.95,4,15,,treatment,,0.0,16,1,1.0,,free_data,7.0,20.0,4.0,1.0,4.0,-0.723989516491677,0.0,99.95,1.0,99.95,,1,4,0,9vfoiax5,,,,,0,1,0
23,f291tr7u,,0,71,70,post_exp,FinalForProlific,2026-08-24 19:04:17.330849,1,,,136.85,23,,110.5,4,18,,treatment,,0.0,4,1,1.0,,paid_data,75.0,20.0,2.0,0.0,3.0,17.9942787562462,0.0,108.5,3.0,110.5,,1,4,0,9vfoiax5,,,,,0,1,1
24,w3cukoe0,,0,71,70,post_exp,FinalForProlific,2026-08-24 19:04:23.181196,1,,,123.6,24,,104.04,4,12,,treatment,,0.0,17,1,1.0,,free_data,10.0,15.0,3.0,1.0,5.0,30.3829281992374,1.0,103.04,2.0,104.04,,1,4,0,9vfoiax5,,,,,0,1,0
26,4zd5ned9,,0,71,70,post_exp,FinalForProlific,2026-08-24 19:04:26.439460,1,,,135.3,26,,104.22,4,3,,treatment,,0.0,16,0,0.0,,paid_data,25.0,25.0,4.0,,,16.8775714200622,1.0,104.22,0.0,104.22,,1,4,0,9vfoiax5,,,,,0,1,1
27,mknb67le,,0,71,70,post_exp,FinalForProlific,2026-08-24 19:04:27.321536,1,,,130.06,27,,96.61,4,13,,treatment,,0.0,15,1,1.0,,paid_data,5.0,18.0,3.0,1.0,3.0,12.2928746925969,1.0,95.61,3.0,96.61,,1,4,0,9vfoiax5,,,,,0,1,1
28,sp03734d,,0,71,70,post_exp,FinalForProlific,2026-08-24 19:04:30.219444,1,,,128.17,28,,103.69,4,3,,treatment,,0.0,13,1,0.0,,free_data,10.0,18.0,3.0,1.0,4.0,16.8775714200622,1.0,101.69,3.0,103.69,,1,4,0,9vfoiax5,,,,,0,1,0
29,m7hitpc7,,0,71,70,post_exp,FinalForProlific,2026-08-24 19:04:32.107936,1,,,139.39,29,,101.8,4,18,,treatment,,0.0,15,1,0.0,,free_data,10.0,10.0,3.0,1.0,3.0,17.9942787562462,0.0,101.8,1.0,101.8,,1,4,0,9vfoiax5,,,,,0,1,0
30,92y585sb,,0,71,70,post_exp,FinalForProlific,2026-08-24 19:04:32.444838,1,,,122.81,30,,122.81,4,19,,treatment,,0.0,6,1,1.0,,free_data,80.0,18.5,3.0,0.0,5.0,27.2611152781865,0.0,121.81,2.0,122.81,,1,4,0,9vfoiax5,,,,,0,1,0
31,ki9t1ots,,0,71,70,post_exp,FinalForProlific,2026-08-24 19:04:33.838151,1,,,113.81,31,,101.84,4,3,,treatment,,0.0,19,0,0.0,,paid_data,5.0,21.0,4.0,,,16.8775714200622,1.0,100.84,2.0,101.84,,1,4,0,9vfoiax5,,,,,0,1,1
32,8ygvklh3,,0,71,70,post_exp,FinalForProlific,2026-08-24 19:04:35.859366,1,,,149.01,32,,100.96,4,15,,treatment,,0.0,17,1,0.0,,free_data,5.0,7.0,5.0,0.0,5.0,-0.723989516491677,0.0,99.96,3.0,100.96,,1,4,0,9vfoiax5,,,,,0,1,0
33,j6pfvo4x,,0,71,70,post_exp,FinalForProlific,2026-08-24 19:04:41.745324,1,,,129.0,33,,100.06,4,16,,treatment,,0.0,13,0,0.0,,paid_data,1.0,25.0,1.0,,,6.32159774566318,1.0,100.06,0.0,100.06,,1,4,0,9vfoiax5,,,,,0,1,1
34,mrwqmc94,,0,71,70,post_exp,FinalForProlific,2026-08-24 19:04:49.104405,1,,,140.54,34,,102.0,4,14,,treatment,,0.0,8,1,1.0,,free_data,0.0,10.0,2.0,0.0,4.0,5.87642608043333,0.0,100.0,3.0,102.0,,1,4,0,9vfoiax5,,,,,0,1,0
35,8lotxa0v,,0,71,70,post_exp,FinalForProlific,2026-08-24 19:05:04.989442,1,,,142.84,35,,116.88,4,3,,treatment,,0.0,19,0,0.0,,paid_data,100.0,8.0,3.0,,,16.8775714200622,1.0,116.88,0.0,116.88,,1,4,0,9vfoiax5,,,,,0,1,1
36,zy0t07g5,,0,71,70,post_exp,FinalForProlific,2026-08-24 19:05:06.605976,1,,,137.36,36,,96.0,4,16,,treatment,,0.0,6,1,1.0,,paid_data,0.0,0.0,3.0,1.0,4.0,6.32159774566318,1.0,95.0,2.0,96.0,,1,4,0,9vfoiax5,,,,,0,1,1
37,zs0yllk7,,0,71,70,post_exp,FinalForProlific,2026-08-24 19:07:16.492104,1,,,113.91,37,,118.05,4,9,,treatment,,0.0,3,1,1.0,,paid_data,95.0,15.0,1.0,0.0,1.0,24.2659454381039,1.0,118.05,1.0,118.05,,1,4,0,9vfoiax5,,,,,0,1,1
38,9ozs75r2,,0,71,70,post_exp,FinalForProlific,2026-08-24 19:07:56.656898,1,,,107.53,38,,100.0,4,14,,treatment,,0.0,19,0,0.0,,paid_data,0.0,-5.0,4.0,,,5.87642608043333,0.0,100.0,1.0,100.0,,1,4,0,9vfoiax5,,,,,0,1,1
39,nn4f2puj,,0,71,70,post_exp,FinalForProlific,2026-08-24 19:14:35.491322,1,,,117.76,39,,97.79,4,5,,treatment,,0.0,14,0,0.0,,paid_data,20.0,15.0,3.0,,,-11.0647641062684,1.0,97.79,1.0,97.79,,1,4,0,9vfoiax5,,,,,0,1,1
2,ttbhrq7x,,0,71,70,post_exp,FinalForProlific,2026-08-24 19:04:02.785387,1,,,125.21,2,,103.69,5,3,,treatment,,0.0,10,1,0.0,,free_data,10.0,20.0,1.0,1.0,3.0,16.8775714200622,1.0,101.69,3.0,103.69,,1,5,0,9vfoiax5,,,,,0,1,0
3,h6ra9n61,,0,71,70,post_exp,FinalForProlific,2026-08-24 19:04:04.680764,1,,,144.01,3,,87.64,5,20,,treatment,,0.0,8,1,1.0,,paid_data,95.0,20.0,2.0,1.0,5.0,-8.79848578409706,1.0,86.64,3.0,87.64,,1,5,0,9vfoiax5,,,,,0,1,1
4,4tucoz6l,,0,71,70,post_exp,FinalForProlific,2026-08-24 19:04:07.603497,1,,,119.79,4,,98.68,5,20,,treatment,,0.0,6,0,0.0,,paid_data,15.0,15.0,4.0,,,-8.79848578409706,1.0,98.68,1.0,98.68,,1,5,0,9vfoiax5,,,,,0,1,1
5,47cbw4kl,,0,71,70,post_exp,FinalForProlific,2026-08-24 19:04:07.882773,1,,,141.4,5,,100.0,5,6,,treatment,,0.0,10,1,1.0,,free_data,0.0,12.0,2.0,1.0,2.0,22.4078126217597,0.0,100.0,2.0,100.0,,1,5,0,9vfoiax5,,,,,0,1,0
6,w1hg4dq2,,0,71,70,post_exp,FinalForProlific,2026-08-24 19:04:08.230442,1,,,121.45,6,,102.12,5,6,,treatment,,0.0,18,1,1.0,,free_data,5.0,15.0,2.0,0.0,3.0,22.4078126217597,0.0,101.12,3.0,102.12,,1,5,0,9vfoiax5,,,,,0,1,0
7,2am1bt7m,,0,71,70,post_exp,FinalForProlific,2026-08-24 19:04:08.487174,1,,,118.16,7,,101.84,5,3,,treatment,,0.0,14,0,0.0,,paid_data,5.0,20.0,3.0,,,16.8775714200622,1.0,100.84,3.0,101.84,,1,5,0,9vfoiax5,,,,,0,1,1
8,f0dtgw15,,0,71,70,post_exp,FinalForProlific,2026-08-24 19:04:08.729020,1,,,129.55,8,,106.45,5,19,,treatment,,0.0,5,1,1.0,,free_data,20.0,12.0,3.0,0.0,4.0,27.2611152781865,0.0,105.45,3.0,106.45,,1,5,0,9vfoiax5,,,,,0,1,0
9,gtr4o4u4,,0,71,70,post_exp,FinalForProlific,2026-08-24 19:04:09.330479,1,,,126.75,9,,103.15,5,17,,treatment,,0.0,3,1,1.0,,free_data,5.0,20.0,2.0,0.0,4.0,22.9090225541578,0.0,101.15,4.0,103.15,,1,5,0,9vfoiax5,,,,,0,1,0
10,edlvyy4x,,0,71,70,post_exp,FinalForProlific,2026-08-24 19:04:09.368408,1,,,131.35,10,,102.08,5,12,,treatment,,0.0,6,1,1.0,,paid_data,20.0,10.0,5.0,1.0,5.0,30.3829281992374,1.0,101.08,4.0,102.08,,1,5,0,9vfoiax5,,,,,0,1,1
11,454urtzl,,0,71,70,post_exp,FinalForProlific,2026-08-24 19:04:09.375937,1,,,149.46,11,,130.38,5,12,,treatment,,0.0,8,1,1.0,,free_data,100.0,15.0,2.0,0.0,5.0,30.3829281992374,1.0,130.38,1.0,130.38,,1,5,0,9vfoiax5,,,,,0,1,0
12,y7r9sa4u,,0,71,70,post_exp,FinalForProlific,2026-08-24 19:04:10.658299,1,,,119.6,12,,110.0,5,18,,treatment,,0.0,15,1,1.0,,free_data,50.0,18.0,3.0,1.0,3.0,17.9942787562462,0.0,109.0,2.0,110.0,,1,5,0,9vfoiax5,,,,,0,1,0
13,pm665xdw,,0,71,70,post_exp,FinalForProlific,2026-08-24 19:04:10.667922,1,,,125.96,13,,101.21,5,9,,treatment,,0.0,16,1,1.0,,free_data,5.0,15.0,3.0,0.0,3.0,24.2659454381039,1.0,101.21,0.0,101.21,,1,5,0,9vfoiax5,,,,,0,1,0
14,qgszrtu9,,0,71,70,post_exp,FinalForProlific,2026-08-24 19:04:11.147052,1,,,121.99,14,,99.93,5,15,,treatment,,0.0,3,0,0.0,,paid_data,10.0,20.0,2.0,,,-0.723989516491677,0.0,99.93,2.0,99.93,,1,5,0,9vfoiax5,,,,,0,1,1
15,0z4ddbix,,0,71,70,post_exp,FinalForProlific,2026-08-24 19:04:11.337225,1,,,143.86,15,,113.13,5,4,,treatment,,0.0,10,1,1.0,,paid_data,95.0,15.0,5.0,1.0,5.0,16.9752110267725,1.0,111.13,2.0,113.13,,1,5,0,9vfoiax5,,,,,0,1,1
16,t6rthajw,,0,71,70,post_exp,FinalForProlific,2026-08-24 19:04:12.015053,1,,,132.66,16,,107.6,5,12,,treatment,,0.0,10,1,1.0,,free_data,25.0,18.0,2.0,0.0,2.0,30.3829281992374,1.0,107.6,2.0,107.6,,1,5,0,9vfoiax5,,,,,0,1,0
17,wel7w6gg,,0,71,70,post_exp,FinalForProlific,2026-08-24 19:04:13.709515,1,,,155.98,17,,104.53,5,3,,treatment,,0.0,18,1,1.0,,free_data,15.0,15.0,4.0,1.0,4.0,16.8775714200622,1.0,102.53,5.0,104.53,,1,5,0,9vfoiax5,,,,,0,1,0
18,u4dpd5wy,,0,71,70,post_exp,FinalForProlific,2026-08-24 19:04:14.397432,1,,,122.85,18,,103.24,5,6,,treatment,,0.0,14,1,1.0,,free_data,10.0,10.0,1.0,0.0,2.0,22.4078126217597,0.0,102.24,2.0,103.24,,1,5,0,9vfoiax5,,,,,0,1,0
19,y3uiqp3t,,0,71,70,post_exp,FinalForProlific,2026-08-24 19:04:14.803975,1,,,133.98,19,,110.56,5,9,,treatment,,0.0,16,1,1.0,,paid_data,60.0,20.0,3.0,0.0,5.0,24.2659454381039,1.0,109.56,1.0,110.56,,1,5,0,9vfoiax5,,,,,0,1,1
20,atqtlu6a,,0,71,70,post_exp,FinalForProlific,2026-08-24 19:04:15.002851,1,,,126.01,20,,106.4,5,18,,treatment,,0.0,14,0,0.0,,paid_data,30.0,20.0,4.0,,,17.9942787562462,0.0,105.4,3.0,106.4,,1,5,0,9vfoiax5,,,,,0,1,1
21,cuq5iz33,,0,71,70,post_exp,FinalForProlific,2026-08-24 19:04:15.286301,1,,,111.24,21,,90.6,5,20,,treatment,,0.0,15,1,1.0,,paid_data,50.0,10.0,2.0,0.0,3.0,-8.79848578409706,1.0,90.6,2.0,90.6,,1,5,0,9vfoiax5,,,,,0,1,1
22,4yux8e22,,0,71,70,post_exp,FinalForProlific,2026-08-24 19:04:16.409415,1,,,121.61,22,,95.29,5,14,,treatment,,0.0,16,1,1.0,,paid_data,5.0,25.0,4.0,1.0,4.0,5.87642608043333,0.0,95.29,1.0,95.29,,1,5,0,9vfoiax5,,,,,0,1,1
23,f291tr7u,,0,71,70,post_exp,FinalForProlific,2026-08-24 19:04:17.330849,1,,,136.85,23,,123.18,5,10,,treatment,,0.0,4,1,1.0,,paid_data,95.0,15.0,2.0,0.0,3.0,28.6089312735897,0.0,122.18,4.0,123.18,,1,5,0,9vfoiax5,,,,,0,1,1
24,w3cukoe0,,0,71,70,post_exp,FinalForProlific,2026-08-24 19:04:23.181196,1,,,123.6,24,,102.8,5,18,,treatment,,0.0,17,1,1.0,,free_data,10.0,0.0,4.0,0.0,5.0,17.9942787562462,0.0,101.8,3.0,102.8,,1,5,0,9vfoiax5,,,,,0,1,0
26,4zd5ned9,,0,71,70,post_exp,FinalForProlific,2026-08-24 19:04:26.439460,1,,,135.3,26,,100.52,5,7,,treatment,,0.0,16,1,1.0,,free_data,10.0,5.0,4.0,1.0,5.0,-4.77007384032043,1.0,99.52,1.0,100.52,,1,5,0,9vfoiax5,,,,,0,1,0
27,mknb67le,,0,71,70,post_exp,FinalForProlific,2026-08-24 19:04:27.321536,1,,,130.06,27,,100.52,5,7,,treatment,,0.0,15,1,1.0,,free_data,10.0,10.0,2.0,1.0,3.0,-4.77007384032043,1.0,99.52,4.0,100.52,,1,5,0,9vfoiax5,,,,,0,1,0
28,sp03734d,,0,71,70,post_exp,FinalForProlific,2026-08-24 19:04:30.219444,1,,,128.17,28,,100.86,5,15,,treatment,,0.0,13,1,1.0,,free_data,20.0,10.0,3.0,0.0,4.0,-0.723989516491677,0.0,99.86,4.0,100.86,,1,5,0,9vfoiax5,,,,,0,1,0
29,m7hitpc7,,0,71,70,post_exp,FinalForProlific,2026-08-24 19:04:32.107936,1,,,139.39,29,,103.69,5,3,,treatment,,0.0,15,1,1.0,,free_data,10.0,17.0,4.0,1.0,4.0,16.8775714200622,1.0,101.69,3.0,103.69,,1,5,0,9vfoiax5,,,,,0,1,0
30,92y585sb,,0,71,70,post_exp,FinalForProlific,2026-08-24 19:04:32.444838,1,,,122.81,30,,99.52,5,14,,treatment,,0.0,6,1,1.0,,paid_data,77.0,-5.0,4.0,1.0,4.0,5.87642608043333,0.0,99.52,2.0,99.52,,1,5,0,9vfoiax5,,,,,0,1,1
31,ki9t1ots,,0,71,70,post_exp,FinalForProlific,2026-08-24 19:04:33.838151,1,,,113.81,31,,102.21,5,9,,treatment,,0.0,19,1,0.0,,free_data,5.0,14.0,3.0,1.0,2.0,24.2659454381039,1.0,101.21,3.0,102.21,,1,5,0,9vfoiax5,,,,,0,1,0
32,8ygvklh3,,0,71,70,post_exp,FinalForProlific,2026-08-24 19:04:35.859366,1,,,149.01,32,,102.43,5,9,,treatment,,0.0,17,0,0.0,,paid_data,10.0,15.0,3.0,,,24.2659454381039,1.0,102.43,3.0,102.43,,1,5,0,9vfoiax5,,,,,0,1,1
33,j6pfvo4x,,0,71,70,post_exp,FinalForProlific,2026-08-24 19:04:41.745324,1,,,129.0,33,,96.29,5,14,,treatment,,0.0,13,1,1.0,,paid_data,5.0,20.0,1.0,0.0,2.0,5.87642608043333,0.0,95.29,1.0,96.29,,1,5,0,9vfoiax5,,,,,0,1,1
34,mrwqmc94,,0,71,70,post_exp,FinalForProlific,2026-08-24 19:04:49.104405,1,,,140.54,34,,109.58,5,4,,treatment,,0.0,8,1,1.0,,paid_data,80.0,30.0,4.0,1.0,4.0,16.9752110267725,1.0,108.58,4.0,109.58,,1,5,0,9vfoiax5,,,,,0,1,1
35,8lotxa0v,,0,71,70,post_exp,FinalForProlific,2026-08-24 19:05:04.989442,1,,,142.84,35,,123.41,5,6,,treatment,,0.0,19,1,0.0,,free_data,100.0,18.0,3.0,1.0,3.0,22.4078126217597,0.0,122.41,1.0,123.41,,1,5,0,9vfoiax5,,,,,0,1,0
36,zy0t07g5,,0,71,70,post_exp,FinalForProlific,2026-08-24 19:05:06.605976,1,,,137.36,36,,102.94,5,14,,treatment,,0.0,6,0,0.0,,paid_data,50.0,12.0,1.0,,,5.87642608043333,0.0,102.94,2.0,102.94,,1,5,0,9vfoiax5,,,,,0,1,1
37,zs0yllk7,,0,71,70,post_exp,FinalForProlific,2026-08-24 19:07:16.492104,1,,,113.91,37,,113.29,5,13,,treatment,,0.0,3,1,1.0,,free_data,100.0,25.0,1.0,1.0,1.0,12.2928746925969,1.0,112.29,2.0,113.29,,1,5,0,9vfoiax5,,,,,0,1,0
38,9ozs75r2,,0,71,70,post_exp,FinalForProlific,2026-08-24 19:07:56.656898,1,,,107.53,38,,100.38,5,3,,treatment,,0.0,19,1,1.0,,paid_data,20.0,20.0,4.0,1.0,3.0,16.8775714200622,1.0,98.38,3.0,100.38,,1,5,0,9vfoiax5,,,,,0,1,1
39,nn4f2puj,,0,71,70,post_exp,FinalForProlific,2026-08-24 19:14:35.491322,1,,,117.76,39,,101.06,5,3,,treatment,,0.0,14,1,1.0,,paid_data,30.0,11.0,4.0,1.0,4.0,16.8775714200622,1.0,100.06,2.0,101.06,,1,5,0,9vfoiax5,,,,,0,1,1
2,ttbhrq7x,,0,71,70,post_exp,FinalForProlific,2026-08-24 19:04:02.785387,1,,,125.21,2,,103.04,6,12,,treatment,,0.0,10,1,1.0,,free_data,10.0,15.0,2.0,0.0,3.0,30.3829281992374,1.0,103.04,3.0,103.04,,1,6,0,9vfoiax5,,,,,0,1,0
3,h6ra9n61,,0,71,70,post_exp,FinalForProlific,2026-08-24 19:04:04.680764,1,,,144.01,3,,121.9,6,19,,treatment,,0.0,8,1,1.0,,paid_data,95.0,20.0,2.0,0.0,5.0,27.2611152781865,0.0,120.9,4.0,121.9,,1,6,0,9vfoiax5,,,,,0,1,1
4,4tucoz6l,,0,71,70,post_exp,FinalForProlific,2026-08-24 19:04:07.603497,1,,,119.79,4,,101.94,6,4,,treatment,,0.0,6,1,1.0,,paid_data,35.0,27.0,4.0,1.0,3.0,16.9752110267725,1.0,100.94,2.0,101.94,,1,6,0,9vfoiax5,,,,,0,1,1
5,47cbw4kl,,0,71,70,post_exp,FinalForProlific,2026-08-24 19:04:07.882773,1,,,141.4,5,,101.88,6,14,,treatment,,0.0,10,1,1.0,,free_data,15.0,17.0,1.0,0.0,3.0,5.87642608043333,0.0,100.88,3.0,101.88,,1,6,0,9vfoiax5,,,,,0,1,0
6,w1hg4dq2,,0,71,70,post_exp,FinalForProlific,2026-08-24 19:04:08.230442,1,,,121.45,6,,102.88,6,11,,treatment,,0.0,18,1,1.0,,free_data,5.0,12.0,2.0,0.0,4.0,37.6588629338984,0.0,101.88,4.0,102.88,,1,6,0,9vfoiax5,,,,,0,1,0
7,2am1bt7m,,0,71,70,post_exp,FinalForProlific,2026-08-24 19:04:08.487174,1,,,118.16,7,,103.77,6,11,,treatment,,0.0,14,0,0.0,,paid_data,10.0,27.0,4.0,,,37.6588629338984,0.0,103.77,3.0,103.77,,1,6,0,9vfoiax5,,,,,0,1,1
8,f0dtgw15,,0,71,70,post_exp,FinalForProlific,2026-08-24 19:04:08.729020,1,,,129.55,8,,117.98,6,4,,treatment,,0.0,5,1,1.0,,free_data,100.0,30.0,4.0,1.0,4.0,16.9752110267725,1.0,116.98,4.0,117.98,,1,6,0,9vfoiax5,,,,,0,1,0
9,gtr4o4u4,,0,71,70,post_exp,FinalForProlific,2026-08-24 19:04:09.330479,1,,,126.75,9,,104.4,6,4,,treatment,,0.0,3,1,1.0,,free_data,20.0,25.0,4.0,1.0,3.0,16.9752110267725,1.0,103.4,5.0,104.4,,1,6,0,9vfoiax5,,,,,0,1,0
10,edlvyy4x,,0,71,70,post_exp,FinalForProlific,2026-08-24 19:04:09.368408,1,,,131.35,10,,106.5,6,18,,treatment,,0.0,6,1,1.0,,free_data,25.0,20.0,3.0,0.0,5.0,17.9942787562462,0.0,104.5,6.0,106.5,,1,6,0,9vfoiax5,,,,,0,1,0
11,454urtzl,,0,71,70,post_exp,FinalForProlific,2026-08-24 19:04:09.375937,1,,,149.46,11,,117.98,6,4,,treatment,,0.0,8,1,1.0,,free_data,100.0,33.0,5.0,1.0,5.0,16.9752110267725,1.0,116.98,2.0,117.98,,1,6,0,9vfoiax5,,,,,0,1,0
12,y7r9sa4u,,0,71,70,post_exp,FinalForProlific,2026-08-24 19:04:10.658299,1,,,119.6,12,,121.3,6,8,,treatment,,0.0,15,1,1.0,,free_data,100.0,19.0,3.0,0.0,3.0,19.2982240105404,0.0,119.3,4.0,121.3,,1,6,0,9vfoiax5,,,,,0,1,0
13,pm665xdw,,0,71,70,post_exp,FinalForProlific,2026-08-24 19:04:10.667922,1,,,125.96,13,,96.0,6,14,,treatment,,0.0,16,1,1.0,,paid_data,0.0,5.0,2.0,1.0,4.0,5.87642608043333,0.0,95.0,1.0,96.0,,1,6,0,9vfoiax5,,,,,0,1,1
14,qgszrtu9,,0,71,70,post_exp,FinalForProlific,2026-08-24 19:04:11.147052,1,,,121.99,14,,98.7,6,18,,treatment,,0.0,3,1,1.0,,paid_data,15.0,16.0,3.0,1.0,3.0,17.9942787562462,0.0,97.7,3.0,98.7,,1,6,0,9vfoiax5,,,,,0,1,1
15,0z4ddbix,,0,71,70,post_exp,FinalForProlific,2026-08-24 19:04:11.337225,1,,,143.86,15,,101.0,6,7,,treatment,,0.0,10,1,1.0,,free_data,0.0,-10.0,4.0,1.0,5.0,-4.77007384032043,1.0,100.0,3.0,101.0,,1,6,0,9vfoiax5,,,,,0,1,0
16,t6rthajw,,0,71,70,post_exp,FinalForProlific,2026-08-24 19:04:12.015053,1,,,132.66,16,,96.04,6,20,,treatment,,0.0,10,0,0.0,,paid_data,45.0,22.0,2.0,,,-8.79848578409706,1.0,96.04,2.0,96.04,,1,6,0,9vfoiax5,,,,,0,1,1
17,wel7w6gg,,0,71,70,post_exp,FinalForProlific,2026-08-24 19:04:13.709515,1,,,155.98,17,,100.05,6,7,,treatment,,0.0,18,1,0.0,,free_data,20.0,10.0,4.0,1.0,4.0,-4.77007384032043,1.0,99.05,6.0,100.05,,1,6,0,9vfoiax5,,,,,0,1,0
18,u4dpd5wy,,0,71,70,post_exp,FinalForProlific,2026-08-24 19:04:14.397432,1,,,122.85,18,,95.89,6,15,,treatment,,0.0,14,1,1.0,,paid_data,15.0,20.0,1.0,0.0,1.0,-0.723989516491677,0.0,94.89,3.0,95.89,,1,6,0,9vfoiax5,,,,,0,1,1
19,y3uiqp3t,,0,71,70,post_exp,FinalForProlific,2026-08-24 19:04:14.803975,1,,,133.98,19,,107.68,6,13,,treatment,,0.0,16,1,1.0,,paid_data,95.0,25.0,5.0,1.0,5.0,12.2928746925969,1.0,106.68,2.0,107.68,,1,6,0,9vfoiax5,,,,,0,1,1
20,atqtlu6a,,0,71,70,post_exp,FinalForProlific,2026-08-24 19:04:15.002851,1,,,126.01,20,,113.99,6,9,,treatment,,0.0,14,1,1.0,,paid_data,70.0,25.0,4.0,1.0,4.0,24.2659454381039,1.0,111.99,5.0,113.99,,1,6,0,9vfoiax5,,,,,0,1,1
21,cuq5iz33,,0,71,70,post_exp,FinalForProlific,2026-08-24 19:04:15.286301,1,,,111.24,21,,104.79,6,16,,treatment,,0.0,15,1,1.0,,free_data,60.0,20.0,3.0,1.0,3.0,6.32159774566318,1.0,103.79,3.0,104.79,,1,6,0,9vfoiax5,,,,,0,1,0
22,4yux8e22,,0,71,70,post_exp,FinalForProlific,2026-08-24 19:04:16.409415,1,,,121.61,22,,101.84,6,3,,treatment,,0.0,16,1,1.0,,free_data,5.0,10.0,4.0,1.0,4.0,16.8775714200622,1.0,100.84,2.0,101.84,,1,6,0,9vfoiax5,,,,,0,1,0
23,f291tr7u,,0,71,70,post_exp,FinalForProlific,2026-08-24 19:04:17.330849,1,,,136.85,23,,124.91,6,17,,treatment,,0.0,4,1,1.0,,free_data,100.0,20.0,2.0,0.0,2.0,22.9090225541578,0.0,122.91,6.0,124.91,,1,6,0,9vfoiax5,,,,,0,1,0
24,w3cukoe0,,0,71,70,post_exp,FinalForProlific,2026-08-24 19:04:23.181196,1,,,123.6,24,,97.36,6,19,,treatment,,0.0,17,1,1.0,,paid_data,5.0,5.88,5.0,0.0,5.0,27.2611152781865,0.0,96.36,4.0,97.36,,1,6,0,9vfoiax5,,,,,0,1,1
26,4zd5ned9,,0,71,70,post_exp,FinalForProlific,2026-08-24 19:04:26.439460,1,,,135.3,26,,112.3,6,11,,treatment,,0.0,16,1,1.0,,free_data,30.0,28.0,4.0,0.0,4.0,37.6588629338984,0.0,111.3,2.0,112.3,,1,6,0,9vfoiax5,,,,,0,1,0
27,mknb67le,,0,71,70,post_exp,FinalForProlific,2026-08-24 19:04:27.321536,1,,,130.06,27,,102.12,6,6,,treatment,,0.0,15,0,0.0,,paid_data,5.0,20.0,1.0,,,22.4078126217597,0.0,101.12,5.0,102.12,,1,6,0,9vfoiax5,,,,,0,1,1
28,sp03734d,,0,71,70,post_exp,FinalForProlific,2026-08-24 19:04:30.219444,1,,,128.17,28,,102.47,6,14,,treatment,,0.0,13,1,1.0,,free_data,25.0,5.0,4.0,1.0,4.0,5.87642608043333,0.0,101.47,5.0,102.47,,1,6,0,9vfoiax5,,,,,0,1,0
29,m7hitpc7,,0,71,70,post_exp,FinalForProlific,2026-08-24 19:04:32.107936,1,,,139.39,29,,102.88,6,11,,treatment,,0.0,15,1,1.0,,free_data,5.0,10.0,4.0,0.0,4.0,37.6588629338984,0.0,101.88,4.0,102.88,,1,6,0,9vfoiax5,,,,,0,1,0
30,92y585sb,,0,71,70,post_exp,FinalForProlific,2026-08-24 19:04:32.444838,1,,,122.81,30,,96.71,6,7,,treatment,,0.0,6,1,1.0,,free_data,90.0,10.0,4.0,1.0,5.0,-4.77007384032043,1.0,95.71,3.0,96.71,,1,6,0,9vfoiax5,,,,,0,1,0
31,ki9t1ots,,0,71,70,post_exp,FinalForProlific,2026-08-24 19:04:33.838151,1,,,113.81,31,,102.12,6,6,,treatment,,0.0,19,1,0.0,,free_data,5.0,13.0,4.0,0.0,3.0,22.4078126217597,0.0,101.12,4.0,102.12,,1,6,0,9vfoiax5,,,,,0,1,0
32,8ygvklh3,,0,71,70,post_exp,FinalForProlific,2026-08-24 19:04:35.859366,1,,,149.01,32,,95.76,6,7,,treatment,,0.0,17,1,1.0,,paid_data,5.0,10.0,5.0,1.0,5.0,-4.77007384032043,1.0,94.76,4.0,95.76,,1,6,0,9vfoiax5,,,,,0,1,1
33,j6pfvo4x,,0,71,70,post_exp,FinalForProlific,2026-08-24 19:04:41.745324,1,,,129.0,33,,105.06,6,3,,treatment,,0.0,13,1,0.0,,free_data,30.0,35.0,1.0,0.0,2.0,16.8775714200622,1.0,105.06,1.0,105.06,,1,6,0,9vfoiax5,,,,,0,1,0
34,mrwqmc94,,0,71,70,post_exp,FinalForProlific,2026-08-24 19:04:49.104405,1,,,140.54,34,,100.29,6,10,,treatment,,0.0,8,1,1.0,,paid_data,15.0,12.0,4.0,0.0,4.0,28.6089312735897,0.0,99.29,5.0,100.29,,1,6,0,9vfoiax5,,,,,0,1,1
35,8lotxa0v,,0,71,70,post_exp,FinalForProlific,2026-08-24 19:05:04.989442,1,,,142.84,35,,88.94,6,5,,treatment,,0.0,19,0,0.0,,paid_data,100.0,16.0,3.0,,,-11.0647641062684,1.0,88.94,1.0,88.94,,1,6,0,9vfoiax5,,,,,0,1,1
36,zy0t07g5,,0,71,70,post_exp,FinalForProlific,2026-08-24 19:05:06.605976,1,,,137.36,36,,117.76,6,17,,treatment,,0.0,6,1,1.0,,paid_data,95.0,20.0,3.0,1.0,4.0,22.9090225541578,0.0,116.76,3.0,117.76,,1,6,0,9vfoiax5,,,,,0,1,1
37,zs0yllk7,,0,71,70,post_exp,FinalForProlific,2026-08-24 19:07:16.492104,1,,,113.91,37,,130.61,6,10,,treatment,,0.0,3,1,1.0,,free_data,100.0,25.0,1.0,0.0,1.0,28.6089312735897,0.0,128.61,4.0,130.61,,1,6,0,9vfoiax5,,,,,0,1,0
38,9ozs75r2,,0,71,70,post_exp,FinalForProlific,2026-08-24 19:07:56.656898,1,,,107.53,38,,105.48,6,6,,treatment,,0.0,19,0,0.0,,paid_data,20.0,25.0,4.0,,,22.4078126217597,0.0,104.48,4.0,105.48,,1,6,0,9vfoiax5,,,,,0,1,1
39,nn4f2puj,,0,71,70,post_exp,FinalForProlific,2026-08-24 19:14:35.491322,1,,,117.76,39,,110.49,6,4,,treatment,,0.0,14,1,1.0,,free_data,50.0,14.0,4.0,1.0,4.0,16.9752110267725,1.0,108.49,4.0,110.49,,1,6,0,9vfoiax5,,,,,0,1,0
2,ttbhrq7x,,0,71,70,post_exp,FinalForProlific,2026-08-24 19:04:02.785387,1,,,125.21,2,,94.89,7,5,,treatment,,0.0,10,1,1.0,,paid_data,10.0,10.0,1.0,1.0,2.0,-11.0647641062684,1.0,93.89,4.0,94.89,,1,7,0,9vfoiax5,,,,,0,1,1
3,h6ra9n61,,0,71,70,post_exp,FinalForProlific,2026-08-24 19:04:04.680764,1,,,144.01,3,,105.88,7,14,,treatment,,0.0,8,0,0.0,,paid_data,100.0,20.0,2.0,,,5.87642608043333,0.0,105.88,4.0,105.88,,1,7,0,9vfoiax5,,,,,0,1,1
4,4tucoz6l,,0,71,70,post_exp,FinalForProlific,2026-08-24 19:04:07.603497,1,,,119.79,4,,93.23,7,5,,treatment,,0.0,6,1,1.0,,paid_data,25.0,11.0,3.0,1.0,3.0,-11.0647641062684,1.0,92.23,3.0,93.23,,1,7,0,9vfoiax5,,,,,0,1,1
5,47cbw4kl,,0,71,70,post_exp,FinalForProlific,2026-08-24 19:04:07.882773,1,,,141.4,5,,115.4,7,18,,treatment,,0.0,10,1,1.0,,free_data,80.0,25.0,2.0,0.0,2.0,17.9942787562462,0.0,114.4,4.0,115.4,,1,7,0,9vfoiax5,,,,,0,1,0
6,w1hg4dq2,,0,71,70,post_exp,FinalForProlific,2026-08-24 19:04:08.230442,1,,,121.45,6,,100.45,7,5,,treatment,,0.0,18,1,1.0,,free_data,5.0,20.0,1.0,1.0,1.0,-11.0647641062684,1.0,99.45,5.0,100.45,,1,7,0,9vfoiax5,,,,,0,1,0
7,2am1bt7m,,0,71,70,post_exp,FinalForProlific,2026-08-24 19:04:08.487174,1,,,118.16,7,,103.15,7,17,,treatment,,0.0,14,1,0.0,,free_data,5.0,25.0,4.0,0.0,3.0,22.9090225541578,0.0,101.15,5.0,103.15,,1,7,0,9vfoiax5,,,,,0,1,0
8,f0dtgw15,,0,71,70,post_exp,FinalForProlific,2026-08-24 19:04:08.729020,1,,,129.55,8,,120.2,7,9,,treatment,,0.0,5,1,1.0,,free_data,75.0,20.0,3.0,1.0,3.0,24.2659454381039,1.0,118.2,6.0,120.2,,1,7,0,9vfoiax5,,,,,0,1,0
9,gtr4o4u4,,0,71,70,post_exp,FinalForProlific,2026-08-24 19:04:09.330479,1,,,126.75,9,,102.12,7,6,,treatment,,0.0,3,1,1.0,,free_data,5.0,5.0,2.0,0.0,3.0,22.4078126217597,0.0,101.12,6.0,102.12,,1,7,0,9vfoiax5,,,,,0,1,0
10,edlvyy4x,,0,71,70,post_exp,FinalForProlific,2026-08-24 19:04:09.368408,1,,,131.35,10,,107.73,7,17,,treatment,,0.0,6,1,1.0,,free_data,25.0,25.0,3.0,0.0,5.0,22.9090225541578,0.0,105.73,8.0,107.73,,1,7,0,9vfoiax5,,,,,0,1,0
11,454urtzl,,0,71,70,post_exp,FinalForProlific,2026-08-24 19:04:09.375937,1,,,149.46,11,,95.31,7,15,,treatment,,0.0,8,1,1.0,,paid_data,95.0,11.0,1.0,0.0,4.0,-0.723989516491677,0.0,94.31,3.0,95.31,,1,7,0,9vfoiax5,,,,,0,1,1
12,y7r9sa4u,,0,71,70,post_exp,FinalForProlific,2026-08-24 19:04:10.658299,1,,,119.6,12,,95.0,7,10,,treatment,,0.0,15,1,1.0,,paid_data,0.0,13.0,3.0,1.0,4.0,28.6089312735897,0.0,95.0,4.0,95.0,,1,7,0,9vfoiax5,,,,,0,1,1
13,pm665xdw,,0,71,70,post_exp,FinalForProlific,2026-08-24 19:04:10.667922,1,,,125.96,13,,114.63,7,19,,treatment,,0.0,16,1,0.0,,free_data,50.0,15.0,2.0,0.0,2.0,27.2611152781865,0.0,113.63,2.0,114.63,,1,7,0,9vfoiax5,,,,,0,1,0
14,qgszrtu9,,0,71,70,post_exp,FinalForProlific,2026-08-24 19:04:11.147052,1,,,121.99,14,,105.45,7,19,,treatment,,0.0,3,1,1.0,,free_data,20.0,20.0,5.0,1.0,5.0,27.2611152781865,0.0,105.45,3.0,105.45,,1,7,0,9vfoiax5,,,,,0,1,0
15,0z4ddbix,,0,71,70,post_exp,FinalForProlific,2026-08-24 19:04:11.337225,1,,,143.86,15,,96.0,7,10,,treatment,,0.0,10,1,1.0,,paid_data,0.0,-4.0,4.0,0.0,5.0,28.6089312735897,0.0,95.0,4.0,96.0,,1,7,0,9vfoiax5,,,,,0,1,1
16,t6rthajw,,0,71,70,post_exp,FinalForProlific,2026-08-24 19:04:12.015053,1,,,132.66,16,,111.08,7,6,,treatment,,0.0,10,1,1.0,,free_data,45.0,30.0,2.0,0.0,2.0,22.4078126217597,0.0,110.08,3.0,111.08,,1,7,0,9vfoiax5,,,,,0,1,0
17,wel7w6gg,,0,71,70,post_exp,FinalForProlific,2026-08-24 19:04:13.709515,1,,,155.98,17,,100.5,7,18,,treatment,,0.0,18,1,1.0,,paid_data,25.0,12.5,3.0,0.0,3.0,17.9942787562462,0.0,99.5,7.0,100.5,,1,7,0,9vfoiax5,,,,,0,1,1
18,u4dpd5wy,,0,71,70,post_exp,FinalForProlific,2026-08-24 19:04:14.397432,1,,,122.85,18,,105.22,7,3,,treatment,,0.0,14,1,1.0,,free_data,25.0,25.0,1.0,1.0,3.0,16.8775714200622,1.0,104.22,4.0,105.22,,1,7,0,9vfoiax5,,,,,0,1,0
19,y3uiqp3t,,0,71,70,post_exp,FinalForProlific,2026-08-24 19:04:14.803975,1,,,133.98,19,,107.72,7,6,,treatment,,0.0,16,1,1.0,,free_data,30.0,10.0,4.0,0.0,4.0,22.4078126217597,0.0,106.72,3.0,107.72,,1,7,0,9vfoiax5,,,,,0,1,0
20,atqtlu6a,,0,71,70,post_exp,FinalForProlific,2026-08-24 19:04:15.002851,1,,,126.01,20,,106.65,7,8,,treatment,,0.0,14,1,1.0,,paid_data,50.0,18.0,2.0,0.0,5.0,19.2982240105404,0.0,104.65,7.0,106.65,,1,7,0,9vfoiax5,,,,,0,1,1
21,cuq5iz33,,0,71,70,post_exp,FinalForProlific,2026-08-24 19:04:15.286301,1,,,111.24,21,,119.41,7,9,,treatment,,0.0,15,0,0.0,,paid_data,80.0,10.0,3.0,,,24.2659454381039,1.0,119.41,3.0,119.41,,1,7,0,9vfoiax5,,,,,0,1,1
22,4yux8e22,,0,71,70,post_exp,FinalForProlific,2026-08-24 19:04:16.409415,1,,,121.61,22,,102.52,7,12,,treatment,,0.0,16,1,1.0,,free_data,5.0,12.0,4.0,1.0,4.0,30.3829281992374,1.0,101.52,3.0,102.52,,1,7,0,9vfoiax5,,,,,0,1,0
23,f291tr7u,,0,71,70,post_exp,FinalForProlific,2026-08-24 19:04:17.330849,1,,,136.85,23,,131.78,7,11,,treatment,,0.0,4,1,1.0,,paid_data,95.0,15.0,2.0,0.0,2.0,37.6588629338984,0.0,130.78,7.0,131.78,,1,7,0,9vfoiax5,,,,,0,1,1
24,w3cukoe0,,0,71,70,post_exp,FinalForProlific,2026-08-24 19:04:23.181196,1,,,123.6,24,,96.0,7,5,,treatment,,0.0,17,1,1.0,,paid_data,0.0,2.0,4.0,1.0,4.0,-11.0647641062684,1.0,95.0,5.0,96.0,,1,7,0,9vfoiax5,,,,,0,1,1
26,4zd5ned9,,0,71,70,post_exp,FinalForProlific,2026-08-24 19:04:26.439460,1,,,135.3,26,,107.44,7,10,,treatment,,0.0,16,1,1.0,,paid_data,40.0,10.0,3.0,0.0,5.0,28.6089312735897,0.0,106.44,3.0,107.44,,1,7,0,9vfoiax5,,,,,0,1,1
27,mknb67le,,0,71,70,post_exp,FinalForProlific,2026-08-24 19:04:27.321536,1,,,130.06,27,,97.88,7,11,,treatment,,0.0,15,1,1.0,,paid_data,5.0,12.0,3.0,0.0,4.0,37.6588629338984,0.0,96.88,6.0,97.88,,1,7,0,9vfoiax5,,,,,0,1,1
28,sp03734d,,0,71,70,post_exp,FinalForProlific,2026-08-24 19:04:30.219444,1,,,128.17,28,,97.68,7,5,,treatment,,0.0,13,1,1.0,,free_data,30.0,7.5,4.0,1.0,5.0,-11.0647641062684,1.0,96.68,6.0,97.68,,1,7,0,9vfoiax5,,,,,0,1,0
29,m7hitpc7,,0,71,70,post_exp,FinalForProlific,2026-08-24 19:04:32.107936,1,,,139.39,29,,102.0,7,16,,treatment,,0.0,15,1,0.0,,free_data,0.0,5.0,3.0,1.0,3.0,6.32159774566318,1.0,100.0,6.0,102.0,,1,7,0,9vfoiax5,,,,,0,1,0
30,92y585sb,,0,71,70,post_exp,FinalForProlific,2026-08-24 19:04:32.444838,1,,,122.81,30,,125.37,7,11,,treatment,,0.0,6,1,1.0,,paid_data,78.0,15.0,4.0,0.0,5.0,37.6588629338984,0.0,124.37,4.0,125.37,,1,7,0,9vfoiax5,,,,,0,1,1
31,ki9t1ots,,0,71,70,post_exp,FinalForProlific,2026-08-24 19:04:33.838151,1,,,113.81,31,,100.91,7,12,,treatment,,0.0,19,0,0.0,,paid_data,3.0,13.0,4.0,,,30.3829281992374,1.0,100.91,4.0,100.91,,1,7,0,9vfoiax5,,,,,0,1,1
32,8ygvklh3,,0,71,70,post_exp,FinalForProlific,2026-08-24 19:04:35.859366,1,,,149.01,32,,114.33,7,8,,treatment,,0.0,17,1,1.0,,paid_data,95.0,23.0,5.0,1.0,5.0,19.2982240105404,0.0,113.33,5.0,114.33,,1,7,0,9vfoiax5,,,,,0,1,1
33,j6pfvo4x,,0,71,70,post_exp,FinalForProlific,2026-08-24 19:04:41.745324,1,,,129.0,33,,110.3,7,10,,treatment,,0.0,13,1,1.0,,paid_data,50.0,15.0,3.0,0.0,3.0,28.6089312735897,0.0,109.3,2.0,110.3,,1,7,0,9vfoiax5,,,,,0,1,1
34,mrwqmc94,,0,71,70,post_exp,FinalForProlific,2026-08-24 19:04:49.104405,1,,,140.54,34,,119.33,7,17,,treatment,,0.0,8,1,1.0,,free_data,80.0,27.0,2.0,1.0,4.0,22.9090225541578,0.0,118.33,6.0,119.33,,1,7,0,9vfoiax5,,,,,0,1,0
35,8lotxa0v,,0,71,70,post_exp,FinalForProlific,2026-08-24 19:05:04.989442,1,,,142.84,35,,121.3,7,8,,treatment,,0.0,19,1,0.0,,free_data,100.0,20.0,3.0,0.0,3.0,19.2982240105404,0.0,119.3,3.0,121.3,,1,7,0,9vfoiax5,,,,,0,1,0
36,zy0t07g5,,0,71,70,post_exp,FinalForProlific,2026-08-24 19:05:06.605976,1,,,137.36,36,,117.88,7,3,,treatment,,0.0,6,1,1.0,,free_data,100.0,26.0,4.0,1.0,4.0,16.8775714200622,1.0,116.88,4.0,117.88,,1,7,0,9vfoiax5,,,,,0,1,0
37,zs0yllk7,,0,71,70,post_exp,FinalForProlific,2026-08-24 19:07:16.492104,1,,,113.91,37,,113.03,7,3,,treatment,,0.0,3,1,1.0,,paid_data,95.0,15.0,1.0,1.0,1.0,16.8775714200622,1.0,111.03,6.0,113.03,,1,7,0,9vfoiax5,,,,,0,1,1
38,9ozs75r2,,0,71,70,post_exp,FinalForProlific,2026-08-24 19:07:56.656898,1,,,107.53,38,,101.0,7,18,,treatment,,0.0,19,1,0.0,,free_data,0.0,-15.0,2.0,0.0,5.0,17.9942787562462,0.0,100.0,5.0,101.0,,1,7,0,9vfoiax5,,,,,0,1,0
39,nn4f2puj,,0,71,70,post_exp,FinalForProlific,2026-08-24 19:14:35.491322,1,,,117.76,39,,91.6,7,20,,treatment,,0.0,14,1,1.0,,paid_data,50.0,-17.5,4.0,1.0,4.0,-8.79848578409706,1.0,90.6,5.0,91.6,,1,7,0,9vfoiax5,,,,,0,1,1
2,ttbhrq7x,,0,71,70,post_exp,FinalForProlific,2026-08-24 19:04:02.785387,1,,,125.21,2,,103.8,8,18,,treatment,,0.0,10,1,0.0,,free_data,10.0,20.0,1.0,0.0,4.0,17.9942787562462,0.0,101.8,6.0,103.8,,1,8,0,9vfoiax5,,,,,0,1,0
3,h6ra9n61,,0,71,70,post_exp,FinalForProlific,2026-08-24 19:04:04.680764,1,,,144.01,3,,124.41,8,6,,treatment,,0.0,8,1,0.0,,free_data,100.0,20.0,3.0,0.0,5.0,22.4078126217597,0.0,122.41,6.0,124.41,,1,8,0,9vfoiax5,,,,,0,1,0
4,4tucoz6l,,0,71,70,post_exp,FinalForProlific,2026-08-24 19:04:07.603497,1,,,119.79,4,,103.43,8,9,,treatment,,0.0,6,0,0.0,,paid_data,10.0,24.0,3.0,,,24.2659454381039,1.0,102.43,4.0,103.43,,1,8,0,9vfoiax5,,,,,0,1,1
5,47cbw4kl,,0,71,70,post_exp,FinalForProlific,2026-08-24 19:04:07.882773,1,,,141.4,5,,95.28,8,7,,treatment,,0.0,10,1,1.0,,paid_data,15.0,8.0,3.0,1.0,5.0,-4.77007384032043,1.0,94.28,5.0,95.28,,1,8,0,9vfoiax5,,,,,0,1,1
6,w1hg4dq2,,0,71,70,post_exp,FinalForProlific,2026-08-24 19:04:08.230442,1,,,121.45,6,,96.61,8,13,,treatment,,0.0,18,1,1.0,,paid_data,5.0,20.0,2.0,1.0,1.0,12.2928746925969,1.0,95.61,6.0,96.61,,1,8,0,9vfoiax5,,,,,0,1,1
7,2am1bt7m,,0,71,70,post_exp,FinalForProlific,2026-08-24 19:04:08.487174,1,,,118.16,7,,101.59,8,14,,treatment,,0.0,14,1,0.0,,free_data,10.0,7.0,4.0,1.0,3.0,5.87642608043333,0.0,100.59,6.0,101.59,,1,8,0,9vfoiax5,,,,,0,1,0
8,f0dtgw15,,0,71,70,post_exp,FinalForProlific,2026-08-24 19:04:08.729020,1,,,129.55,8,,114.66,8,3,,treatment,,0.0,5,1,1.0,,free_data,75.0,20.0,4.0,1.0,4.0,16.8775714200622,1.0,112.66,8.0,114.66,,1,8,0,9vfoiax5,,,,,0,1,0
9,gtr4o4u4,,0,71,70,post_exp,FinalForProlific,2026-08-24 19:04:09.330479,1,,,126.75,9,,110.44,8,3,,treatment,,0.0,3,1,1.0,,free_data,50.0,20.0,4.0,1.0,4.0,16.8775714200622,1.0,108.44,8.0,110.44,,1,8,0,9vfoiax5,,,,,0,1,0
10,edlvyy4x,,0,71,70,post_exp,FinalForProlific,2026-08-24 19:04:09.368408,1,,,131.35,10,,111.65,8,8,,treatment,,0.0,6,1,0.0,,free_data,50.0,20.0,3.0,0.0,5.0,19.2982240105404,0.0,109.65,10.0,111.65,,1,8,0,9vfoiax5,,,,,0,1,0
11,454urtzl,,0,71,70,post_exp,FinalForProlific,2026-08-24 19:04:09.375937,1,,,149.46,11,,129.61,8,10,,treatment,,0.0,8,1,1.0,,free_data,100.0,5.0,5.0,0.0,2.0,28.6089312735897,0.0,128.61,4.0,129.61,,1,8,0,9vfoiax5,,,,,0,1,0
12,y7r9sa4u,,0,71,70,post_exp,FinalForProlific,2026-08-24 19:04:10.658299,1,,,119.6,12,,96.0,8,16,,treatment,,0.0,15,1,1.0,,paid_data,0.0,13.0,3.0,1.0,3.0,6.32159774566318,1.0,95.0,5.0,96.0,,1,8,0,9vfoiax5,,,,,0,1,1
13,pm665xdw,,0,71,70,post_exp,FinalForProlific,2026-08-24 19:04:10.667922,1,,,125.96,13,,111.19,8,4,,treatment,,0.0,16,1,1.0,,free_data,60.0,25.0,3.0,1.0,2.0,16.9752110267725,1.0,110.19,3.0,111.19,,1,8,0,9vfoiax5,,,,,0,1,0
14,qgszrtu9,,0,71,70,post_exp,FinalForProlific,2026-08-24 19:04:11.147052,1,,,121.99,14,,101.61,8,12,,treatment,,0.0,3,1,1.0,,free_data,2.0,12.0,4.0,1.0,4.0,30.3829281992374,1.0,100.61,4.0,101.61,,1,8,0,9vfoiax5,,,,,0,1,0
15,0z4ddbix,,0,71,70,post_exp,FinalForProlific,2026-08-24 19:04:11.337225,1,,,143.86,15,,118.05,8,9,,treatment,,0.0,10,1,1.0,,paid_data,95.0,10.0,3.0,0.0,5.0,24.2659454381039,1.0,118.05,4.0,118.05,,1,8,0,9vfoiax5,,,,,0,1,1
16,t6rthajw,,0,71,70,post_exp,FinalForProlific,2026-08-24 19:04:12.015053,1,,,132.66,16,,107.53,8,13,,treatment,,0.0,10,1,1.0,,free_data,45.0,8.0,2.0,1.0,2.0,12.2928746925969,1.0,105.53,5.0,107.53,,1,8,0,9vfoiax5,,,,,0,1,0
17,wel7w6gg,,0,71,70,post_exp,FinalForProlific,2026-08-24 19:04:13.709515,1,,,155.98,17,,102.82,8,19,,treatment,,0.0,18,1,1.0,,paid_data,25.0,11.0,3.0,0.0,4.0,27.2611152781865,0.0,101.82,8.0,102.82,,1,8,0,9vfoiax5,,,,,0,1,1
18,u4dpd5wy,,0,71,70,post_exp,FinalForProlific,2026-08-24 19:04:14.397432,1,,,122.85,18,,114.83,8,11,,treatment,,0.0,14,1,1.0,,paid_data,50.0,10.0,1.0,0.0,1.0,37.6588629338984,0.0,113.83,5.0,114.83,,1,8,0,9vfoiax5,,,,,0,1,1
19,y3uiqp3t,,0,71,70,post_exp,FinalForProlific,2026-08-24 19:04:14.803975,1,,,133.98,19,,131.38,8,12,,treatment,,0.0,16,1,1.0,,free_data,100.0,18.0,4.0,1.0,5.0,30.3829281992374,1.0,130.38,4.0,131.38,,1,8,0,9vfoiax5,,,,,0,1,0
20,atqtlu6a,,0,71,70,post_exp,FinalForProlific,2026-08-24 19:04:15.002851,1,,,126.01,20,,103.99,8,13,,treatment,,0.0,14,1,1.0,,paid_data,65.0,19.5,2.0,1.0,3.0,12.2928746925969,1.0,102.99,8.0,103.99,,1,8,0,9vfoiax5,,,,,0,1,1
21,cuq5iz33,,0,71,70,post_exp,FinalForProlific,2026-08-24 19:04:15.286301,1,,,111.24,21,,100.0,8,6,,treatment,,0.0,15,1,0.0,,free_data,0.0,-2.0,3.0,1.0,3.0,22.4078126217597,0.0,100.0,3.0,100.0,,1,8,0,9vfoiax5,,,,,0,1,0
22,4yux8e22,,0,71,70,post_exp,FinalForProlific,2026-08-24 19:04:16.409415,1,,,121.61,22,,98.23,8,13,,treatment,,0.0,16,1,1.0,,paid_data,10.0,10.0,4.0,1.0,4.0,12.2928746925969,1.0,96.23,5.0,98.23,,1,8,0,9vfoiax5,,,,,0,1,1
23,f291tr7u,,0,71,70,post_exp,FinalForProlific,2026-08-24 19:04:17.330849,1,,,136.85,23,,106.88,8,14,,treatment,,0.0,4,1,1.0,,free_data,100.0,20.0,3.0,0.0,3.0,5.87642608043333,0.0,105.88,8.0,106.88,,1,8,0,9vfoiax5,,,,,0,1,0
24,w3cukoe0,,0,71,70,post_exp,FinalForProlific,2026-08-24 19:04:23.181196,1,,,123.6,24,,101.0,8,6,,treatment,,0.0,17,1,1.0,,free_data,0.0,0.0,5.0,0.0,5.0,22.4078126217597,0.0,100.0,6.0,101.0,,1,8,0,9vfoiax5,,,,,0,1,0
26,4zd5ned9,,0,71,70,post_exp,FinalForProlific,2026-08-24 19:04:26.439460,1,,,135.3,26,,106.79,8,8,,treatment,,0.0,16,1,1.0,,free_data,30.0,12.0,4.0,0.0,5.0,19.2982240105404,0.0,105.79,4.0,106.79,,1,8,0,9vfoiax5,,,,,0,1,0
27,mknb67le,,0,71,70,post_exp,FinalForProlific,2026-08-24 19:04:27.321536,1,,,130.06,27,,101.12,8,20,,treatment,,0.0,15,1,1.0,,free_data,10.0,-5.0,3.0,1.0,4.0,-8.79848578409706,1.0,99.12,8.0,101.12,,1,8,0,9vfoiax5,,,,,0,1,0
28,sp03734d,,0,71,70,post_exp,FinalForProlific,2026-08-24 19:04:30.219444,1,,,128.17,28,,105.58,8,17,,treatment,,0.0,13,0,0.0,,paid_data,20.0,18.5,4.0,,,22.9090225541578,0.0,104.58,7.0,105.58,,1,8,0,9vfoiax5,,,,,0,1,1
29,m7hitpc7,,0,71,70,post_exp,FinalForProlific,2026-08-24 19:04:32.107936,1,,,139.39,29,,99.04,8,12,,treatment,,0.0,15,1,1.0,,paid_data,10.0,16.0,3.0,1.0,3.0,30.3829281992374,1.0,98.04,7.0,99.04,,1,8,0,9vfoiax5,,,,,0,1,1
30,92y585sb,,0,71,70,post_exp,FinalForProlific,2026-08-24 19:04:32.444838,1,,,122.81,30,,111.44,8,8,,treatment,,0.0,6,1,1.0,,paid_data,80.0,5.0,4.0,0.0,5.0,19.2982240105404,0.0,110.44,5.0,111.44,,1,8,0,9vfoiax5,,,,,0,1,1
31,ki9t1ots,,0,71,70,post_exp,FinalForProlific,2026-08-24 19:04:33.838151,1,,,113.81,31,,102.15,8,17,,treatment,,0.0,19,1,0.0,,free_data,5.0,23.0,4.0,1.0,3.0,22.9090225541578,0.0,101.15,5.0,102.15,,1,8,0,9vfoiax5,,,,,0,1,0
32,8ygvklh3,,0,71,70,post_exp,FinalForProlific,2026-08-24 19:04:35.859366,1,,,149.01,32,,93.34,8,5,,treatment,,0.0,17,1,1.0,,paid_data,15.0,-4.0,5.0,0.0,5.0,-11.0647641062684,1.0,93.34,5.0,93.34,,1,8,0,9vfoiax5,,,,,0,1,1
33,j6pfvo4x,,0,71,70,post_exp,FinalForProlific,2026-08-24 19:04:41.745324,1,,,129.0,33,,98.79,8,5,,treatment,,0.0,13,1,1.0,,free_data,20.0,10.0,2.0,1.0,2.0,-11.0647641062684,1.0,97.79,3.0,98.79,,1,8,0,9vfoiax5,,,,,0,1,0
34,mrwqmc94,,0,71,70,post_exp,FinalForProlific,2026-08-24 19:04:49.104405,1,,,140.54,34,,117.19,8,18,,treatment,,0.0,8,1,1.0,,free_data,90.0,26.0,2.0,0.0,2.0,17.9942787562462,0.0,116.19,7.0,117.19,,1,8,0,9vfoiax5,,,,,0,1,0
35,8lotxa0v,,0,71,70,post_exp,FinalForProlific,2026-08-24 19:05:04.989442,1,,,142.84,35,,103.07,8,13,,treatment,,0.0,19,1,0.0,,free_data,25.0,-8.0,3.0,0.0,3.0,12.2928746925969,1.0,103.07,3.0,103.07,,1,8,0,9vfoiax5,,,,,0,1,0
36,zy0t07g5,,0,71,70,post_exp,FinalForProlific,2026-08-24 19:05:06.605976,1,,,137.36,36,,130.78,8,11,,treatment,,0.0,6,1,1.0,,paid_data,95.0,8.0,4.0,1.0,4.0,37.6588629338984,0.0,130.78,4.0,130.78,,1,8,0,9vfoiax5,,,,,0,1,1
37,zs0yllk7,,0,71,70,post_exp,FinalForProlific,2026-08-24 19:07:16.492104,1,,,113.91,37,,119.3,8,8,,treatment,,0.0,3,1,1.0,,free_data,100.0,5.0,1.0,1.0,1.0,19.2982240105404,0.0,119.3,6.0,119.3,,1,8,0,9vfoiax5,,,,,0,1,0
38,9ozs75r2,,0,71,70,post_exp,FinalForProlific,2026-08-24 19:07:56.656898,1,,,107.53,38,,100.0,8,13,,treatment,,0.0,19,1,0.0,,free_data,0.0,-5.0,4.0,0.0,3.0,12.2928746925969,1.0,100.0,5.0,100.0,,1,8,0,9vfoiax5,,,,,0,1,0
39,nn4f2puj,,0,71,70,post_exp,FinalForProlific,2026-08-24 19:14:35.491322,1,,,117.76,39,,108.13,8,9,,treatment,,0.0,14,1,1.0,,paid_data,50.0,5.0,3.0,1.0,3.0,24.2659454381039,1.0,107.13,6.0,108.13,,1,8,0,9vfoiax5,,,,,0,1,1
2,ttbhrq7x,,0,71,70,post_exp,FinalForProlific,2026-08-24 19:04:02.785387,1,,,125.21,2,,99.24,9,20,,treatment,,0.0,10,1,0.0,,free_data,20.0,17.0,1.0,1.0,4.0,-8.79848578409706,1.0,98.24,7.0,99.24,,1,9,0,9vfoiax5,,,,,0,1,0
3,h6ra9n61,,0,71,70,post_exp,FinalForProlific,2026-08-24 19:04:04.680764,1,,,144.01,3,,116.88,9,3,,treatment,,0.0,8,0,0.0,,paid_data,100.0,22.0,2.0,,,16.8775714200622,1.0,116.88,6.0,116.88,,1,9,0,9vfoiax5,,,,,0,1,1
4,4tucoz6l,,0,71,70,post_exp,FinalForProlific,2026-08-24 19:04:07.603497,1,,,119.79,4,,101.39,9,3,,treatment,,0.0,6,1,1.0,,paid_data,26.0,19.0,3.0,1.0,3.0,16.8775714200622,1.0,99.39,6.0,101.39,,1,9,0,9vfoiax5,,,,,0,1,1
5,47cbw4kl,,0,71,70,post_exp,FinalForProlific,2026-08-24 19:04:07.882773,1,,,141.4,5,,128.26,9,19,,treatment,,0.0,10,1,1.0,,free_data,100.0,15.0,1.0,0.0,2.0,27.2611152781865,0.0,127.26,6.0,128.26,,1,9,0,9vfoiax5,,,,,0,1,0
6,w1hg4dq2,,0,71,70,post_exp,FinalForProlific,2026-08-24 19:04:08.230442,1,,,121.45,6,,100.9,9,18,,treatment,,0.0,18,0,0.0,,paid_data,5.0,12.0,2.0,,,17.9942787562462,0.0,100.9,6.0,100.9,,1,9,0,9vfoiax5,,,,,0,1,1
7,2am1bt7m,,0,71,70,post_exp,FinalForProlific,2026-08-24 19:04:08.487174,1,,,118.16,7,,103.73,9,19,,treatment,,0.0,14,0,0.0,,paid_data,10.0,23.0,4.0,,,27.2611152781865,0.0,102.73,7.0,103.73,,1,9,0,9vfoiax5,,,,,0,1,1
8,f0dtgw15,,0,71,70,post_exp,FinalForProlific,2026-08-24 19:04:08.729020,1,,,129.55,8,,98.16,9,16,,treatment,,0.0,5,1,1.0,,paid_data,50.0,15.0,3.0,0.0,4.0,6.32159774566318,1.0,98.16,8.0,98.16,,1,9,0,9vfoiax5,,,,,0,1,1
9,gtr4o4u4,,0,71,70,post_exp,FinalForProlific,2026-08-24 19:04:09.330479,1,,,126.75,9,,109.13,9,9,,treatment,,0.0,3,1,1.0,,paid_data,50.0,20.0,4.0,1.0,4.0,24.2659454381039,1.0,107.13,10.0,109.13,,1,9,0,9vfoiax5,,,,,0,1,1
10,edlvyy4x,,0,71,70,post_exp,FinalForProlific,2026-08-24 19:04:09.368408,1,,,131.35,10,,100.86,9,15,,treatment,,0.0,6,1,0.0,,free_data,20.0,15.0,3.0,0.0,5.0,-0.723989516491677,0.0,99.86,11.0,100.86,,1,9,0,9vfoiax5,,,,,0,1,0
11,454urtzl,,0,71,70,post_exp,FinalForProlific,2026-08-24 19:04:09.375937,1,,,149.46,11,,118.83,9,11,,treatment,,0.0,8,1,1.0,,free_data,50.0,4.0,2.0,1.0,4.0,37.6588629338984,0.0,118.83,4.0,118.83,,1,9,0,9vfoiax5,,,,,0,1,0
12,y7r9sa4u,,0,71,70,post_exp,FinalForProlific,2026-08-24 19:04:10.658299,1,,,119.6,12,,96.0,9,11,,treatment,,0.0,15,1,1.0,,paid_data,0.0,12.0,4.0,0.0,3.0,37.6588629338984,0.0,95.0,6.0,96.0,,1,9,0,9vfoiax5,,,,,0,1,1
13,pm665xdw,,0,71,70,post_exp,FinalForProlific,2026-08-24 19:04:10.667922,1,,,125.96,13,,96.6,9,20,,treatment,,0.0,16,1,1.0,,free_data,50.0,5.0,3.0,1.0,2.0,-8.79848578409706,1.0,95.6,4.0,96.6,,1,9,0,9vfoiax5,,,,,0,1,0
14,qgszrtu9,,0,71,70,post_exp,FinalForProlific,2026-08-24 19:04:11.147052,1,,,121.99,14,,101.0,9,20,,treatment,,0.0,3,1,1.0,,free_data,0.0,0.0,4.0,1.0,5.0,-8.79848578409706,1.0,100.0,5.0,101.0,,1,9,0,9vfoiax5,,,,,0,1,0
15,0z4ddbix,,0,71,70,post_exp,FinalForProlific,2026-08-24 19:04:11.337225,1,,,143.86,15,,101.0,9,20,,treatment,,0.0,10,1,1.0,,free_data,0.0,-20.0,5.0,1.0,5.0,-8.79848578409706,1.0,100.0,5.0,101.0,,1,9,0,9vfoiax5,,,,,0,1,0
16,t6rthajw,,0,71,70,post_exp,FinalForProlific,2026-08-24 19:04:12.015053,1,,,132.66,16,,100.0,9,5,,treatment,,0.0,10,0,0.0,,paid_data,0.0,-2.0,2.0,,,-11.0647641062684,1.0,100.0,5.0,100.0,,1,9,0,9vfoiax5,,,,,0,1,1
17,wel7w6gg,,0,71,70,post_exp,FinalForProlific,2026-08-24 19:04:13.709515,1,,,155.98,17,,105.6,9,6,,treatment,,0.0,18,1,1.0,,free_data,25.0,-5.0,3.0,1.0,3.0,22.4078126217597,0.0,105.6,8.0,105.6,,1,9,0,9vfoiax5,,,,,0,1,0
18,u4dpd5wy,,0,71,70,post_exp,FinalForProlific,2026-08-24 19:04:14.397432,1,,,122.85,18,,105.16,9,17,,treatment,,0.0,14,1,1.0,,paid_data,40.0,10.0,2.0,0.0,1.0,22.9090225541578,0.0,104.16,6.0,105.16,,1,9,0,9vfoiax5,,,,,0,1,1
19,y3uiqp3t,,0,71,70,post_exp,FinalForProlific,2026-08-24 19:04:14.803975,1,,,133.98,19,,128.61,9,10,,treatment,,0.0,16,1,1.0,,free_data,100.0,20.0,4.0,1.0,4.0,28.6089312735897,0.0,128.61,4.0,128.61,,1,9,0,9vfoiax5,,,,,0,1,0
20,atqtlu6a,,0,71,70,post_exp,FinalForProlific,2026-08-24 19:04:15.002851,1,,,126.01,20,,102.59,9,14,,treatment,,0.0,14,1,0.0,,free_data,10.0,8.0,4.0,0.0,5.0,5.87642608043333,0.0,100.59,10.0,102.59,,1,9,0,9vfoiax5,,,,,0,1,0
21,cuq5iz33,,0,71,70,post_exp,FinalForProlific,2026-08-24 19:04:15.286301,1,,,111.24,21,,130.13,9,11,,treatment,,0.0,15,0,0.0,,paid_data,80.0,25.0,3.0,,,37.6588629338984,0.0,130.13,3.0,130.13,,1,9,0,9vfoiax5,,,,,0,1,1
22,4yux8e22,,0,71,70,post_exp,FinalForProlific,2026-08-24 19:04:16.409415,1,,,121.61,22,,102.93,9,8,,treatment,,0.0,16,1,1.0,,free_data,10.0,23.0,4.0,1.0,5.0,19.2982240105404,0.0,101.93,6.0,102.93,,1,9,0,9vfoiax5,,,,,0,1,0
23,f291tr7u,,0,71,70,post_exp,FinalForProlific,2026-08-24 19:04:17.330849,1,,,136.85,23,,91.2,9,20,,treatment,,0.0,4,1,1.0,,free_data,100.0,20.0,2.0,0.0,2.0,-8.79848578409706,1.0,91.2,8.0,91.2,,1,9,0,9vfoiax5,,,,,0,1,0
24,w3cukoe0,,0,71,70,post_exp,FinalForProlific,2026-08-24 19:04:23.181196,1,,,123.6,24,,119.18,9,17,,treatment,,0.0,17,1,1.0,,free_data,75.0,25.0,4.0,0.0,5.0,22.9090225541578,0.0,117.18,8.0,119.18,,1,9,0,9vfoiax5,,,,,0,1,0
26,4zd5ned9,,0,71,70,post_exp,FinalForProlific,2026-08-24 19:04:26.439460,1,,,135.3,26,,109.6,9,17,,treatment,,0.0,16,1,1.0,,paid_data,55.0,25.0,4.0,0.0,5.0,22.9090225541578,0.0,107.6,6.0,109.6,,1,9,0,9vfoiax5,,,,,0,1,1
27,mknb67le,,0,71,70,post_exp,FinalForProlific,2026-08-24 19:04:27.321536,1,,,130.06,27,,99.53,9,3,,treatment,,0.0,15,1,1.0,,paid_data,15.0,20.0,3.0,1.0,4.0,16.8775714200622,1.0,97.53,10.0,99.53,,1,9,0,9vfoiax5,,,,,0,1,1
28,sp03734d,,0,71,70,post_exp,FinalForProlific,2026-08-24 19:04:30.219444,1,,,128.17,28,,105.72,9,10,,treatment,,0.0,13,0,0.0,,paid_data,20.0,20.0,3.0,,,28.6089312735897,0.0,105.72,7.0,105.72,,1,9,0,9vfoiax5,,,,,0,1,1
29,m7hitpc7,,0,71,70,post_exp,FinalForProlific,2026-08-24 19:04:32.107936,1,,,139.39,29,,99.96,9,15,,treatment,,0.0,15,0,0.0,,paid_data,5.0,6.0,2.0,,,-0.723989516491677,0.0,99.96,7.0,99.96,,1,9,0,9vfoiax5,,,,,0,1,1
30,92y585sb,,0,71,70,post_exp,FinalForProlific,2026-08-24 19:04:32.444838,1,,,122.81,30,,117.35,9,9,,treatment,,0.0,6,1,1.0,,paid_data,88.0,18.5,4.0,1.0,5.0,24.2659454381039,1.0,116.35,6.0,117.35,,1,9,0,9vfoiax5,,,,,0,1,1
31,ki9t1ots,,0,71,70,post_exp,FinalForProlific,2026-08-24 19:04:33.838151,1,,,113.81,31,,95.29,9,14,,treatment,,0.0,19,1,1.0,,paid_data,5.0,13.0,4.0,1.0,3.0,5.87642608043333,0.0,95.29,5.0,95.29,,1,9,0,9vfoiax5,,,,,0,1,1
32,8ygvklh3,,0,71,70,post_exp,FinalForProlific,2026-08-24 19:04:35.859366,1,,,149.01,32,,131.38,9,12,,treatment,,0.0,17,1,0.0,,free_data,100.0,22.0,5.0,1.0,5.0,30.3829281992374,1.0,130.38,6.0,131.38,,1,9,0,9vfoiax5,,,,,0,1,0
33,j6pfvo4x,,0,71,70,post_exp,FinalForProlific,2026-08-24 19:04:41.745324,1,,,129.0,33,,108.45,9,17,,treatment,,0.0,13,1,1.0,,paid_data,50.0,25.0,1.0,0.0,2.0,22.9090225541578,0.0,106.45,5.0,108.45,,1,9,0,9vfoiax5,,,,,0,1,1
34,mrwqmc94,,0,71,70,post_exp,FinalForProlific,2026-08-24 19:04:49.104405,1,,,140.54,34,,120.05,9,9,,treatment,,0.0,8,1,1.0,,paid_data,95.0,27.5,4.0,1.0,5.0,24.2659454381039,1.0,118.05,9.0,120.05,,1,9,0,9vfoiax5,,,,,0,1,1
35,8lotxa0v,,0,71,70,post_exp,FinalForProlific,2026-08-24 19:05:04.989442,1,,,142.84,35,,128.61,9,10,,treatment,,0.0,19,1,0.0,,free_data,100.0,18.0,3.0,1.0,3.0,28.6089312735897,0.0,128.61,3.0,128.61,,1,9,0,9vfoiax5,,,,,0,1,0
36,zy0t07g5,,0,71,70,post_exp,FinalForProlific,2026-08-24 19:05:06.605976,1,,,137.36,36,,96.0,9,20,,treatment,,0.0,6,1,1.0,,paid_data,0.0,0.0,3.0,1.0,3.0,-8.79848578409706,1.0,95.0,5.0,96.0,,1,9,0,9vfoiax5,,,,,0,1,1
37,zs0yllk7,,0,71,70,post_exp,FinalForProlific,2026-08-24 19:07:16.492104,1,,,113.91,37,,124.41,9,6,,treatment,,0.0,3,1,1.0,,free_data,100.0,25.0,1.0,0.0,1.0,22.4078126217597,0.0,122.41,8.0,124.41,,1,9,0,9vfoiax5,,,,,0,1,0
38,9ozs75r2,,0,71,70,post_exp,FinalForProlific,2026-08-24 19:07:56.656898,1,,,107.53,38,,102.26,9,16,,treatment,,0.0,19,0,0.0,,paid_data,20.0,5.0,3.0,,,6.32159774566318,1.0,101.26,6.0,102.26,,1,9,0,9vfoiax5,,,,,0,1,1
39,nn4f2puj,,0,71,70,post_exp,FinalForProlific,2026-08-24 19:14:35.491322,1,,,117.76,39,,102.94,9,14,,treatment,,0.0,14,1,1.0,,free_data,50.0,-17.0,3.0,1.0,3.0,5.87642608043333,0.0,102.94,6.0,102.94,,1,9,0,9vfoiax5,,,,,0,1,0
2,ttbhrq7x,,0,71,70,post_exp,FinalForProlific,2026-08-24 19:04:02.785387,1,,,125.21,2,,102.86,10,10,,treatment,,0.0,10,0,0.0,,paid_data,10.0,7.0,1.0,,,28.6089312735897,0.0,102.86,7.0,102.86,,1,10,0,9vfoiax5,,,,,0,1,1
3,h6ra9n61,,0,71,70,post_exp,FinalForProlific,2026-08-24 19:04:04.680764,1,,,144.01,3,,123.91,10,17,,treatment,,0.0,8,0,0.0,,paid_data,100.0,20.0,3.0,,,22.9090225541578,0.0,122.91,7.0,123.91,,1,10,0,9vfoiax5,,,,,0,1,1
4,4tucoz6l,,0,71,70,post_exp,FinalForProlific,2026-08-24 19:04:07.603497,1,,,119.79,4,,104.69,10,13,,treatment,,0.0,6,1,1.0,,free_data,30.0,21.0,3.0,1.0,4.0,12.2928746925969,1.0,103.69,7.0,104.69,,1,10,0,9vfoiax5,,,,,0,1,0
5,47cbw4kl,,0,71,70,post_exp,FinalForProlific,2026-08-24 19:04:07.882773,1,,,141.4,5,,120.05,10,9,,treatment,,0.0,10,1,1.0,,paid_data,95.0,20.0,2.0,1.0,2.0,24.2659454381039,1.0,118.05,8.0,120.05,,1,10,0,9vfoiax5,,,,,0,1,1
6,w1hg4dq2,,0,71,70,post_exp,FinalForProlific,2026-08-24 19:04:08.230442,1,,,121.45,6,,94.76,10,7,,treatment,,0.0,18,1,1.0,,paid_data,5.0,15.0,2.0,0.0,2.0,-4.77007384032043,1.0,94.76,6.0,94.76,,1,10,0,9vfoiax5,,,,,0,1,1
7,2am1bt7m,,0,71,70,post_exp,FinalForProlific,2026-08-24 19:04:08.487174,1,,,118.16,7,,101.12,10,6,,treatment,,0.0,14,0,0.0,,paid_data,5.0,15.0,3.0,,,22.4078126217597,0.0,101.12,7.0,101.12,,1,10,0,9vfoiax5,,,,,0,1,1
8,f0dtgw15,,0,71,70,post_exp,FinalForProlific,2026-08-24 19:04:08.729020,1,,,129.55,8,,107.2,10,6,,treatment,,0.0,5,1,1.0,,paid_data,50.0,15.0,3.0,0.0,4.0,22.4078126217597,0.0,106.2,9.0,107.2,,1,10,0,9vfoiax5,,,,,0,1,1
9,gtr4o4u4,,0,71,70,post_exp,FinalForProlific,2026-08-24 19:04:09.330479,1,,,126.75,9,,97.0,10,20,,treatment,,0.0,3,1,1.0,,paid_data,0.0,-10.0,4.0,1.0,3.0,-8.79848578409706,1.0,95.0,12.0,97.0,,1,10,0,9vfoiax5,,,,,0,1,1
10,edlvyy4x,,0,71,70,post_exp,FinalForProlific,2026-08-24 19:04:09.368408,1,,,131.35,10,,101.69,10,3,,treatment,,0.0,6,0,0.0,,paid_data,10.0,5.0,3.0,,,16.8775714200622,1.0,101.69,11.0,101.69,,1,10,0,9vfoiax5,,,,,0,1,1
11,454urtzl,,0,71,70,post_exp,FinalForProlific,2026-08-24 19:04:09.375937,1,,,149.46,11,,120.9,10,19,,treatment,,0.0,8,1,1.0,,paid_data,95.0,8.0,5.0,1.0,5.0,27.2611152781865,0.0,120.9,4.0,120.9,,1,10,0,9vfoiax5,,,,,0,1,1
12,y7r9sa4u,,0,71,70,post_exp,FinalForProlific,2026-08-24 19:04:10.658299,1,,,119.6,12,,124.86,10,12,,treatment,,0.0,15,1,1.0,,paid_data,95.0,22.0,3.0,1.0,5.0,30.3829281992374,1.0,123.86,7.0,124.86,,1,10,0,9vfoiax5,,,,,0,1,1
13,pm665xdw,,0,71,70,post_exp,FinalForProlific,2026-08-24 19:04:10.667922,1,,,125.96,13,,105.58,10,17,,treatment,,0.0,16,1,1.0,,free_data,20.0,15.0,1.0,0.0,4.0,22.9090225541578,0.0,104.58,5.0,105.58,,1,10,0,9vfoiax5,,,,,0,1,0
14,qgszrtu9,,0,71,70,post_exp,FinalForProlific,2026-08-24 19:04:11.147052,1,,,121.99,14,,104.44,10,17,,treatment,,0.0,3,1,1.0,,free_data,15.0,23.0,4.0,1.0,4.0,22.9090225541578,0.0,103.44,6.0,104.44,,1,10,0,9vfoiax5,,,,,0,1,0
15,0z4ddbix,,0,71,70,post_exp,FinalForProlific,2026-08-24 19:04:11.337225,1,,,143.86,15,,127.26,10,19,,treatment,,0.0,10,1,0.0,,free_data,100.0,10.0,4.0,1.0,5.0,27.2611152781865,0.0,127.26,5.0,127.26,,1,10,0,9vfoiax5,,,,,0,1,0
16,t6rthajw,,0,71,70,post_exp,FinalForProlific,2026-08-24 19:04:12.015053,1,,,132.66,16,,115.06,10,11,,treatment,,0.0,10,1,1.0,,free_data,40.0,22.0,2.0,1.0,2.0,37.6588629338984,0.0,115.06,5.0,115.06,,1,10,0,9vfoiax5,,,,,0,1,0
17,wel7w6gg,,0,71,70,post_exp,FinalForProlific,2026-08-24 19:04:13.709515,1,,,155.98,17,,109.41,10,11,,treatment,,0.0,18,1,1.0,,free_data,25.0,5.0,3.0,1.0,3.0,37.6588629338984,0.0,109.41,8.0,109.41,,1,10,0,9vfoiax5,,,,,0,1,0
18,u4dpd5wy,,0,71,70,post_exp,FinalForProlific,2026-08-24 19:04:14.397432,1,,,122.85,18,,99.09,10,7,,treatment,,0.0,14,1,1.0,,free_data,40.0,5.0,2.0,1.0,4.0,-4.77007384032043,1.0,98.09,7.0,99.09,,1,10,0,9vfoiax5,,,,,0,1,0
19,y3uiqp3t,,0,71,70,post_exp,FinalForProlific,2026-08-24 19:04:14.803975,1,,,133.98,19,,100.86,10,15,,treatment,,0.0,16,1,1.0,,free_data,20.0,5.0,3.0,0.0,5.0,-0.723989516491677,0.0,99.86,5.0,100.86,,1,10,0,9vfoiax5,,,,,0,1,0
20,atqtlu6a,,0,71,70,post_exp,FinalForProlific,2026-08-24 19:04:15.002851,1,,,126.01,20,,100.0,10,11,,treatment,,0.0,14,1,0.0,,free_data,0.0,8.5,4.0,1.0,4.0,37.6588629338984,0.0,100.0,10.0,100.0,,1,10,0,9vfoiax5,,,,,0,1,0
21,cuq5iz33,,0,71,70,post_exp,FinalForProlific,2026-08-24 19:04:15.286301,1,,,111.24,21,,91.15,10,5,,treatment,,0.0,15,0,0.0,,paid_data,80.0,5.0,3.0,,,-11.0647641062684,1.0,91.15,3.0,91.15,,1,10,0,9vfoiax5,,,,,0,1,1
22,4yux8e22,,0,71,70,post_exp,FinalForProlific,2026-08-24 19:04:16.409415,1,,,121.61,22,,100.28,10,7,,treatment,,0.0,16,1,0.0,,free_data,15.0,10.0,5.0,1.0,5.0,-4.77007384032043,1.0,99.28,7.0,100.28,,1,10,0,9vfoiax5,,,,,0,1,0
23,f291tr7u,,0,71,70,post_exp,FinalForProlific,2026-08-24 19:04:17.330849,1,,,136.85,23,,84.49,10,5,,treatment,,0.0,4,1,1.0,,paid_data,95.0,12.0,3.0,0.0,3.0,-11.0647641062684,1.0,84.49,8.0,84.49,,1,10,0,9vfoiax5,,,,,0,1,1
24,w3cukoe0,,0,71,70,post_exp,FinalForProlific,2026-08-24 19:04:23.181196,1,,,123.6,24,,96.0,10,15,,treatment,,0.0,17,1,1.0,,paid_data,0.0,-15.0,5.0,0.0,5.0,-0.723989516491677,0.0,95.0,9.0,96.0,,1,10,0,9vfoiax5,,,,,0,1,1
26,4zd5ned9,,0,71,70,post_exp,FinalForProlific,2026-08-24 19:04:26.439460,1,,,135.3,26,,104.43,10,16,,treatment,,0.0,16,1,1.0,,free_data,70.0,30.0,4.0,0.0,5.0,6.32159774566318,1.0,104.43,6.0,104.43,,1,10,0,9vfoiax5,,,,,0,1,0
27,mknb67le,,0,71,70,post_exp,FinalForProlific,2026-08-24 19:04:27.321536,1,,,130.06,27,,98.7,10,4,,treatment,,0.0,15,1,1.0,,paid_data,10.0,18.0,2.0,1.0,3.0,16.9752110267725,1.0,96.7,12.0,98.7,,1,10,0,9vfoiax5,,,,,0,1,1
28,sp03734d,,0,71,70,post_exp,FinalForProlific,2026-08-24 19:04:30.219444,1,,,128.17,28,,103.73,10,19,,treatment,,0.0,13,1,1.0,,free_data,10.0,-5.0,2.0,0.0,5.0,27.2611152781865,0.0,102.73,8.0,103.73,,1,10,0,9vfoiax5,,,,,0,1,0
29,m7hitpc7,,0,71,70,post_exp,FinalForProlific,2026-08-24 19:04:32.107936,1,,,139.39,29,,97.0,10,7,,treatment,,0.0,15,1,1.0,,paid_data,0.0,0.0,3.0,1.0,3.0,-4.77007384032043,1.0,95.0,9.0,97.0,,1,10,0,9vfoiax5,,,,,0,1,1
30,92y585sb,,0,71,70,post_exp,FinalForProlific,2026-08-24 19:04:32.444838,1,,,122.81,30,,93.2,10,20,,treatment,,0.0,6,1,1.0,,free_data,100.0,-12.5,4.0,1.0,5.0,-8.79848578409706,1.0,91.2,8.0,93.2,,1,10,0,9vfoiax5,,,,,0,1,0
31,ki9t1ots,,0,71,70,post_exp,FinalForProlific,2026-08-24 19:04:33.838151,1,,,113.81,31,,99.76,10,7,,treatment,,0.0,19,0,0.0,,paid_data,5.0,21.0,4.0,,,-4.77007384032043,1.0,99.76,5.0,99.76,,1,10,0,9vfoiax5,,,,,0,1,1
32,8ygvklh3,,0,71,70,post_exp,FinalForProlific,2026-08-24 19:04:35.859366,1,,,149.01,32,,100.41,10,14,,treatment,,0.0,17,1,1.0,,paid_data,75.0,-10.0,5.0,0.0,5.0,5.87642608043333,0.0,99.41,7.0,100.41,,1,10,0,9vfoiax5,,,,,0,1,1
33,j6pfvo4x,,0,71,70,post_exp,FinalForProlific,2026-08-24 19:04:41.745324,1,,,129.0,33,,96.6,10,20,,treatment,,0.0,13,1,1.0,,free_data,50.0,36.0,2.0,1.0,2.0,-8.79848578409706,1.0,95.6,6.0,96.6,,1,10,0,9vfoiax5,,,,,0,1,0
34,mrwqmc94,,0,71,70,post_exp,FinalForProlific,2026-08-24 19:04:49.104405,1,,,140.54,34,,92.66,10,7,,treatment,,0.0,8,1,1.0,,paid_data,70.0,13.0,4.0,1.0,2.0,-4.77007384032043,1.0,91.66,10.0,92.66,,1,10,0,9vfoiax5,,,,,0,1,1
35,8lotxa0v,,0,71,70,post_exp,FinalForProlific,2026-08-24 19:05:04.989442,1,,,142.84,35,,105.88,10,14,,treatment,,0.0,19,0,0.0,,paid_data,100.0,30.0,3.0,,,5.87642608043333,0.0,105.88,3.0,105.88,,1,10,0,9vfoiax5,,,,,0,1,1
36,zy0t07g5,,0,71,70,post_exp,FinalForProlific,2026-08-24 19:05:06.605976,1,,,137.36,36,,100.28,10,15,,treatment,,0.0,6,1,1.0,,free_data,100.0,20.0,4.0,0.0,4.0,-0.723989516491677,0.0,99.28,6.0,100.28,,1,10,0,9vfoiax5,,,,,0,1,0
37,zs0yllk7,,0,71,70,post_exp,FinalForProlific,2026-08-24 19:07:16.492104,1,,,113.91,37,,95.0,10,4,,treatment,,0.0,3,1,1.0,,paid_data,0.0,10.0,1.0,0.0,1.0,16.9752110267725,1.0,95.0,8.0,95.0,,1,10,0,9vfoiax5,,,,,0,1,1
38,9ozs75r2,,0,71,70,post_exp,FinalForProlific,2026-08-24 19:07:56.656898,1,,,107.53,38,,100.0,10,9,,treatment,,0.0,19,1,0.0,,free_data,0.0,-3.0,4.0,0.0,3.0,24.2659454381039,1.0,100.0,6.0,100.0,,1,10,0,9vfoiax5,,,,,0,1,0
39,nn4f2puj,,0,71,70,post_exp,FinalForProlific,2026-08-24 19:14:35.491322,1,,,117.76,39,,105.72,10,10,,treatment,,0.0,14,1,1.0,,free_data,20.0,-5.0,3.0,1.0,3.0,28.6089312735897,0.0,105.72,6.0,105.72,,1,10,0,9vfoiax5,,,,,0,1,0
2,ttbhrq7x,,0,71,70,post_exp,FinalForProlific,2026-08-24 19:04:02.785387,1,,,125.21,2,,100.24,11,4,,treatment,,0.0,10,1,1.0,,paid_data,25.0,25.0,3.0,1.0,4.0,16.9752110267725,1.0,99.24,8.0,100.24,,1,11,0,9vfoiax5,,,,,0,1,1
3,h6ra9n61,,0,71,70,post_exp,FinalForProlific,2026-08-24 19:04:04.680764,1,,,144.01,3,,129.61,11,10,,treatment,,0.0,8,1,0.0,,free_data,100.0,10.0,4.0,0.0,5.0,28.6089312735897,0.0,128.61,8.0,129.61,,1,11,0,9vfoiax5,,,,,0,1,0
4,4tucoz6l,,0,71,70,post_exp,FinalForProlific,2026-08-24 19:04:07.603497,1,,,119.79,4,,103.26,11,16,,treatment,,0.0,6,1,0.0,,free_data,20.0,5.0,3.0,1.0,3.0,6.32159774566318,1.0,101.26,9.0,103.26,,1,11,0,9vfoiax5,,,,,0,1,0
5,47cbw4kl,,0,71,70,post_exp,FinalForProlific,2026-08-24 19:04:07.882773,1,,,141.4,5,,138.66,11,11,,treatment,,0.0,10,1,1.0,,free_data,100.0,17.0,2.0,0.0,2.0,37.6588629338984,0.0,137.66,9.0,138.66,,1,11,0,9vfoiax5,,,,,0,1,0
6,w1hg4dq2,,0,71,70,post_exp,FinalForProlific,2026-08-24 19:04:08.230442,1,,,121.45,6,,101.32,11,16,,treatment,,0.0,18,0,0.0,,paid_data,5.0,11.0,2.0,,,6.32159774566318,1.0,100.32,7.0,101.32,,1,11,0,9vfoiax5,,,,,0,1,1
7,2am1bt7m,,0,71,70,post_exp,FinalForProlific,2026-08-24 19:04:08.487174,1,,,118.16,7,,101.93,11,8,,treatment,,0.0,14,1,0.0,,free_data,10.0,25.0,4.0,1.0,4.0,19.2982240105404,0.0,101.93,7.0,101.93,,1,11,0,9vfoiax5,,,,,0,1,0
8,f0dtgw15,,0,71,70,post_exp,FinalForProlific,2026-08-24 19:04:08.729020,1,,,129.55,8,,97.0,11,20,,treatment,,0.0,5,1,1.0,,paid_data,0.0,-5.0,4.0,1.0,4.0,-8.79848578409706,1.0,95.0,11.0,97.0,,1,11,0,9vfoiax5,,,,,0,1,1
9,gtr4o4u4,,0,71,70,post_exp,FinalForProlific,2026-08-24 19:04:09.330479,1,,,126.75,9,,97.0,11,8,,treatment,,0.0,3,1,1.0,,paid_data,0.0,15.0,2.0,0.0,4.0,19.2982240105404,0.0,95.0,14.0,97.0,,1,11,0,9vfoiax5,,,,,0,1,1
10,edlvyy4x,,0,71,70,post_exp,FinalForProlific,2026-08-24 19:04:09.368408,1,,,131.35,10,,93.61,11,7,,treatment,,0.0,6,1,1.0,,paid_data,50.0,10.0,5.0,1.0,5.0,-4.77007384032043,1.0,92.61,12.0,93.61,,1,11,0,9vfoiax5,,,,,0,1,1
11,454urtzl,,0,71,70,post_exp,FinalForProlific,2026-08-24 19:04:09.375937,1,,,149.46,11,,112.03,11,3,,treatment,,0.0,8,1,1.0,,paid_data,95.0,24.0,5.0,1.0,4.0,16.8775714200622,1.0,111.03,5.0,112.03,,1,11,0,9vfoiax5,,,,,0,1,1
12,y7r9sa4u,,0,71,70,post_exp,FinalForProlific,2026-08-24 19:04:10.658299,1,,,119.6,12,,113.29,11,13,,treatment,,0.0,15,1,1.0,,free_data,100.0,28.0,4.0,1.0,5.0,12.2928746925969,1.0,112.29,8.0,113.29,,1,11,0,9vfoiax5,,,,,0,1,0
13,pm665xdw,,0,71,70,post_exp,FinalForProlific,2026-08-24 19:04:10.667922,1,,,125.96,13,,104.58,11,10,,treatment,,0.0,16,1,1.0,,paid_data,30.0,15.0,1.0,0.0,4.0,28.6089312735897,0.0,103.58,6.0,104.58,,1,11,0,9vfoiax5,,,,,0,1,1
14,qgszrtu9,,0,71,70,post_exp,FinalForProlific,2026-08-24 19:04:11.147052,1,,,121.99,14,,102.06,11,3,,treatment,,0.0,3,1,1.0,,paid_data,30.0,20.0,5.0,1.0,5.0,16.8775714200622,1.0,100.06,8.0,102.06,,1,11,0,9vfoiax5,,,,,0,1,1
15,0z4ddbix,,0,71,70,post_exp,FinalForProlific,2026-08-24 19:04:11.337225,1,,,143.86,15,,95.0,11,16,,treatment,,0.0,10,1,1.0,,paid_data,0.0,-10.0,4.0,0.0,5.0,6.32159774566318,1.0,95.0,5.0,95.0,,1,11,0,9vfoiax5,,,,,0,1,1
16,t6rthajw,,0,71,70,post_exp,FinalForProlific,2026-08-24 19:04:12.015053,1,,,132.66,16,,114.2,11,9,,treatment,,0.0,10,1,1.0,,paid_data,75.0,30.0,2.0,1.0,2.0,24.2659454381039,1.0,113.2,6.0,114.2,,1,11,0,9vfoiax5,,,,,0,1,1
17,wel7w6gg,,0,71,70,post_exp,FinalForProlific,2026-08-24 19:04:13.709515,1,,,155.98,17,,102.47,11,14,,treatment,,0.0,18,1,1.0,,free_data,25.0,2.0,4.0,1.0,4.0,5.87642608043333,0.0,101.47,9.0,102.47,,1,11,0,9vfoiax5,,,,,0,1,0
18,u4dpd5wy,,0,71,70,post_exp,FinalForProlific,2026-08-24 19:04:14.397432,1,,,122.85,18,,119.23,11,12,,treatment,,0.0,14,1,1.0,,free_data,60.0,14.0,3.0,1.0,4.0,30.3829281992374,1.0,118.23,8.0,119.23,,1,11,0,9vfoiax5,,,,,0,1,0
19,y3uiqp3t,,0,71,70,post_exp,FinalForProlific,2026-08-24 19:04:14.803975,1,,,133.98,19,,114.5,11,18,,treatment,,0.0,16,1,1.0,,free_data,75.0,20.0,3.0,1.0,4.0,17.9942787562462,0.0,113.5,6.0,114.5,,1,11,0,9vfoiax5,,,,,0,1,0
20,atqtlu6a,,0,71,70,post_exp,FinalForProlific,2026-08-24 19:04:15.002851,1,,,126.01,20,,103.9,11,16,,treatment,,0.0,14,1,1.0,,free_data,30.0,5.5,4.0,1.0,5.0,6.32159774566318,1.0,101.9,12.0,103.9,,1,11,0,9vfoiax5,,,,,0,1,0
21,cuq5iz33,,0,71,70,post_exp,FinalForProlific,2026-08-24 19:04:15.286301,1,,,111.24,21,,102.46,11,13,,treatment,,0.0,15,0,0.0,,paid_data,20.0,0.0,3.0,,,12.2928746925969,1.0,102.46,3.0,102.46,,1,11,0,9vfoiax5,,,,,0,1,1
22,4yux8e22,,0,71,70,post_exp,FinalForProlific,2026-08-24 19:04:16.409415,1,,,121.61,22,,98.29,11,17,,treatment,,0.0,16,1,1.0,,paid_data,10.0,20.0,4.0,1.0,4.0,22.9090225541578,0.0,97.29,8.0,98.29,,1,11,0,9vfoiax5,,,,,0,1,1
23,f291tr7u,,0,71,70,post_exp,FinalForProlific,2026-08-24 19:04:17.330849,1,,,136.85,23,,126.27,11,9,,treatment,,0.0,4,1,1.0,,free_data,100.0,20.0,3.0,1.0,3.0,24.2659454381039,1.0,124.27,10.0,126.27,,1,11,0,9vfoiax5,,,,,0,1,0
24,w3cukoe0,,0,71,70,post_exp,FinalForProlific,2026-08-24 19:04:23.181196,1,,,123.6,24,,95.0,11,16,,treatment,,0.0,17,1,1.0,,paid_data,0.0,-15.0,5.0,0.0,5.0,6.32159774566318,1.0,95.0,9.0,95.0,,1,11,0,9vfoiax5,,,,,0,1,1
26,4zd5ned9,,0,71,70,post_exp,FinalForProlific,2026-08-24 19:04:26.439460,1,,,135.3,26,,97.0,11,20,,treatment,,0.0,16,1,1.0,,paid_data,0.0,-5.0,4.0,1.0,4.0,-8.79848578409706,1.0,95.0,8.0,97.0,,1,11,0,9vfoiax5,,,,,0,1,1
27,mknb67le,,0,71,70,post_exp,FinalForProlific,2026-08-24 19:04:27.321536,1,,,130.06,27,,95.32,11,16,,treatment,,0.0,15,1,1.0,,paid_data,5.0,-2.0,3.0,0.0,4.0,6.32159774566318,1.0,95.32,12.0,95.32,,1,11,0,9vfoiax5,,,,,0,1,1
28,sp03734d,,0,71,70,post_exp,FinalForProlific,2026-08-24 19:04:30.219444,1,,,128.17,28,,94.81,11,7,,treatment,,0.0,13,1,1.0,,paid_data,25.0,3.0,4.0,1.0,5.0,-4.77007384032043,1.0,93.81,9.0,94.81,,1,11,0,9vfoiax5,,,,,0,1,1
29,m7hitpc7,,0,71,70,post_exp,FinalForProlific,2026-08-24 19:04:32.107936,1,,,139.39,29,,100.64,11,9,,treatment,,0.0,15,1,1.0,,paid_data,15.0,20.0,4.0,1.0,4.0,24.2659454381039,1.0,98.64,11.0,100.64,,1,11,0,9vfoiax5,,,,,0,1,1
30,92y585sb,,0,71,70,post_exp,FinalForProlific,2026-08-24 19:04:32.444838,1,,,122.81,30,,117.28,11,4,,treatment,,0.0,6,1,1.0,,free_data,90.0,20.0,4.0,1.0,4.0,16.9752110267725,1.0,115.28,10.0,117.28,,1,11,0,9vfoiax5,,,,,0,1,0
31,ki9t1ots,,0,71,70,post_exp,FinalForProlific,2026-08-24 19:04:33.838151,1,,,113.81,31,,102.84,11,13,,treatment,,0.0,19,1,0.0,,free_data,15.0,22.0,4.0,1.0,4.0,12.2928746925969,1.0,101.84,6.0,102.84,,1,11,0,9vfoiax5,,,,,0,1,0
32,8ygvklh3,,0,71,70,post_exp,FinalForProlific,2026-08-24 19:04:35.859366,1,,,149.01,32,,112.45,11,17,,treatment,,0.0,17,0,0.0,,paid_data,50.0,20.0,4.0,,,22.9090225541578,0.0,111.45,8.0,112.45,,1,11,0,9vfoiax5,,,,,0,1,1
33,j6pfvo4x,,0,71,70,post_exp,FinalForProlific,2026-08-24 19:04:41.745324,1,,,129.0,33,,101.0,11,12,,treatment,,0.0,13,1,1.0,,free_data,0.0,-8.0,2.0,1.0,2.0,30.3829281992374,1.0,100.0,7.0,101.0,,1,11,0,9vfoiax5,,,,,0,1,0
34,mrwqmc94,,0,71,70,post_exp,FinalForProlific,2026-08-24 19:04:49.104405,1,,,140.54,34,,138.66,11,11,,treatment,,0.0,8,1,1.0,,free_data,100.0,22.0,2.0,0.0,1.0,37.6588629338984,0.0,137.66,11.0,138.66,,1,11,0,9vfoiax5,,,,,0,1,0
35,8lotxa0v,,0,71,70,post_exp,FinalForProlific,2026-08-24 19:05:04.989442,1,,,142.84,35,,106.32,11,16,,treatment,,0.0,19,0,0.0,,paid_data,100.0,15.0,3.0,,,6.32159774566318,1.0,106.32,3.0,106.32,,1,11,0,9vfoiax5,,,,,0,1,1
36,zy0t07g5,,0,71,70,post_exp,FinalForProlific,2026-08-24 19:05:06.605976,1,,,137.36,36,,113.29,11,13,,treatment,,0.0,6,1,1.0,,free_data,100.0,18.0,2.0,1.0,4.0,12.2928746925969,1.0,112.29,7.0,113.29,,1,11,0,9vfoiax5,,,,,0,1,0
37,zs0yllk7,,0,71,70,post_exp,FinalForProlific,2026-08-24 19:07:16.492104,1,,,113.91,37,,101.0,11,19,,treatment,,0.0,3,1,1.0,,free_data,0.0,10.0,1.0,0.0,1.0,27.2611152781865,0.0,100.0,9.0,101.0,,1,11,0,9vfoiax5,,,,,0,1,0
38,9ozs75r2,,0,71,70,post_exp,FinalForProlific,2026-08-24 19:07:56.656898,1,,,107.53,38,,105.24,11,4,,treatment,,0.0,19,1,0.0,,free_data,25.0,30.0,4.0,1.0,4.0,16.9752110267725,1.0,104.24,7.0,105.24,,1,11,0,9vfoiax5,,,,,0,1,0
39,nn4f2puj,,0,71,70,post_exp,FinalForProlific,2026-08-24 19:14:35.491322,1,,,117.76,39,,112.45,11,17,,treatment,,0.0,14,1,1.0,,free_data,50.0,14.0,2.0,0.0,2.0,22.9090225541578,0.0,111.45,7.0,112.45,,1,11,0,9vfoiax5,,,,,0,1,0
2,ttbhrq7x,,0,71,70,post_exp,FinalForProlific,2026-08-24 19:04:02.785387,1,,,125.21,2,,98.29,12,17,,treatment,,0.0,10,1,1.0,,paid_data,10.0,15.0,3.0,0.0,4.0,22.9090225541578,0.0,97.29,9.0,98.29,,1,12,0,9vfoiax5,,,,,0,1,1
3,h6ra9n61,,0,71,70,post_exp,FinalForProlific,2026-08-24 19:04:04.680764,1,,,144.01,3,,113.29,12,13,,treatment,,0.0,8,0,0.0,,paid_data,100.0,10.0,1.0,,,12.2928746925969,1.0,112.29,9.0,113.29,,1,12,0,9vfoiax5,,,,,0,1,1
4,4tucoz6l,,0,71,70,post_exp,FinalForProlific,2026-08-24 19:04:07.603497,1,,,119.79,4,,109.41,12,11,,treatment,,0.0,6,0,0.0,,paid_data,25.0,16.0,3.0,,,37.6588629338984,0.0,109.41,9.0,109.41,,1,12,0,9vfoiax5,,,,,0,1,1
5,47cbw4kl,,0,71,70,post_exp,FinalForProlific,2026-08-24 19:04:07.882773,1,,,141.4,5,,101.0,12,16,,treatment,,0.0,10,1,1.0,,free_data,0.0,-5.0,2.0,1.0,3.0,6.32159774566318,1.0,100.0,10.0,101.0,,1,12,0,9vfoiax5,,,,,0,1,0
6,w1hg4dq2,,0,71,70,post_exp,FinalForProlific,2026-08-24 19:04:08.230442,1,,,121.45,6,,102.96,12,8,,treatment,,0.0,18,1,1.0,,free_data,5.0,17.0,3.0,0.0,3.0,19.2982240105404,0.0,100.96,9.0,102.96,,1,12,0,9vfoiax5,,,,,0,1,0
7,2am1bt7m,,0,71,70,post_exp,FinalForProlific,2026-08-24 19:04:08.487174,1,,,118.16,7,,101.8,12,18,,treatment,,0.0,14,1,0.0,,free_data,10.0,10.0,4.0,1.0,3.0,17.9942787562462,0.0,101.8,7.0,101.8,,1,12,0,9vfoiax5,,,,,0,1,0
8,f0dtgw15,,0,71,70,post_exp,FinalForProlific,2026-08-24 19:04:08.729020,1,,,129.55,8,,97.61,12,7,,treatment,,0.0,5,1,1.0,,free_data,50.0,10.0,4.0,0.0,4.0,-4.77007384032043,1.0,97.61,11.0,97.61,,1,12,0,9vfoiax5,,,,,0,1,0
9,gtr4o4u4,,0,71,70,post_exp,FinalForProlific,2026-08-24 19:04:09.330479,1,,,126.75,9,,104.46,12,13,,treatment,,0.0,3,1,1.0,,free_data,20.0,15.0,3.0,1.0,2.0,12.2928746925969,1.0,102.46,16.0,104.46,,1,12,0,9vfoiax5,,,,,0,1,0
10,edlvyy4x,,0,71,70,post_exp,FinalForProlific,2026-08-24 19:04:09.368408,1,,,131.35,10,,104.49,12,4,,treatment,,0.0,6,1,1.0,,paid_data,50.0,25.0,5.0,1.0,5.0,16.9752110267725,1.0,103.49,13.0,104.49,,1,12,0,9vfoiax5,,,,,0,1,1
11,454urtzl,,0,71,70,post_exp,FinalForProlific,2026-08-24 19:04:09.375937,1,,,149.46,11,,113.29,12,13,,treatment,,0.0,8,0,0.0,,paid_data,100.0,12.0,5.0,,,12.2928746925969,1.0,112.29,6.0,113.29,,1,12,0,9vfoiax5,,,,,0,1,1
12,y7r9sa4u,,0,71,70,post_exp,FinalForProlific,2026-08-24 19:04:10.658299,1,,,119.6,12,,96.0,12,20,,treatment,,0.0,15,1,1.0,,paid_data,0.0,10.0,2.0,1.0,3.0,-8.79848578409706,1.0,95.0,9.0,96.0,,1,12,0,9vfoiax5,,,,,0,1,1
13,pm665xdw,,0,71,70,post_exp,FinalForProlific,2026-08-24 19:04:10.667922,1,,,125.96,13,,95.95,12,16,,treatment,,0.0,16,1,1.0,,paid_data,15.0,15.0,1.0,0.0,3.0,6.32159774566318,1.0,95.95,6.0,95.95,,1,12,0,9vfoiax5,,,,,0,1,1
14,qgszrtu9,,0,71,70,post_exp,FinalForProlific,2026-08-24 19:04:11.147052,1,,,121.99,14,,96.0,12,13,,treatment,,0.0,3,1,1.0,,paid_data,0.0,3.0,5.0,1.0,5.0,12.2928746925969,1.0,95.0,9.0,96.0,,1,12,0,9vfoiax5,,,,,0,1,1
15,0z4ddbix,,0,71,70,post_exp,FinalForProlific,2026-08-24 19:04:11.337225,1,,,143.86,15,,95.0,12,15,,treatment,,0.0,10,1,1.0,,paid_data,0.0,-8.0,4.0,1.0,5.0,-0.723989516491677,0.0,95.0,5.0,95.0,,1,12,0,9vfoiax5,,,,,0,1,1
16,t6rthajw,,0,71,70,post_exp,FinalForProlific,2026-08-24 19:04:12.015053,1,,,132.66,16,,112.13,12,4,,treatment,,0.0,10,1,1.0,,paid_data,95.0,33.0,3.0,1.0,3.0,16.9752110267725,1.0,111.13,7.0,112.13,,1,12,0,9vfoiax5,,,,,0,1,1
17,wel7w6gg,,0,71,70,post_exp,FinalForProlific,2026-08-24 19:04:13.709515,1,,,155.98,17,,107.45,12,17,,treatment,,0.0,18,1,1.0,,paid_data,50.0,20.0,3.0,1.0,3.0,22.9090225541578,0.0,106.45,10.0,107.45,,1,12,0,9vfoiax5,,,,,0,1,1
18,u4dpd5wy,,0,71,70,post_exp,FinalForProlific,2026-08-24 19:04:14.397432,1,,,122.85,18,,102.0,12,20,,treatment,,0.0,14,1,1.0,,free_data,0.0,-10.0,3.0,1.0,4.0,-8.79848578409706,1.0,100.0,10.0,102.0,,1,12,0,9vfoiax5,,,,,0,1,0
19,y3uiqp3t,,0,71,70,post_exp,FinalForProlific,2026-08-24 19:04:14.803975,1,,,133.98,19,,106.45,12,17,,treatment,,0.0,16,1,1.0,,paid_data,50.0,10.0,3.0,1.0,3.0,22.9090225541578,0.0,106.45,6.0,106.45,,1,12,0,9vfoiax5,,,,,0,1,1
20,atqtlu6a,,0,71,70,post_exp,FinalForProlific,2026-08-24 19:04:15.002851,1,,,126.01,20,,113.2,12,6,,treatment,,0.0,14,1,0.0,,free_data,50.0,18.0,3.0,0.0,5.0,22.4078126217597,0.0,111.2,14.0,113.2,,1,12,0,9vfoiax5,,,,,0,1,0
21,cuq5iz33,,0,71,70,post_exp,FinalForProlific,2026-08-24 19:04:15.286301,1,,,111.24,21,,114.58,12,4,,treatment,,0.0,15,1,0.0,,free_data,80.0,23.0,3.0,1.0,3.0,16.9752110267725,1.0,113.58,4.0,114.58,,1,12,0,9vfoiax5,,,,,0,1,0
22,4yux8e22,,0,71,70,post_exp,FinalForProlific,2026-08-24 19:04:16.409415,1,,,121.61,22,,102.8,12,18,,treatment,,0.0,16,0,0.0,,paid_data,10.0,20.0,4.0,,,17.9942787562462,0.0,101.8,9.0,102.8,,1,12,0,9vfoiax5,,,,,0,1,1
23,f291tr7u,,0,71,70,post_exp,FinalForProlific,2026-08-24 19:04:17.330849,1,,,136.85,23,,121.3,12,8,,treatment,,0.0,4,1,1.0,,free_data,100.0,17.0,3.0,0.0,3.0,19.2982240105404,0.0,119.3,12.0,121.3,,1,12,0,9vfoiax5,,,,,0,1,0
24,w3cukoe0,,0,71,70,post_exp,FinalForProlific,2026-08-24 19:04:23.181196,1,,,123.6,24,,120.05,12,9,,treatment,,0.0,17,1,1.0,,paid_data,95.0,25.0,5.0,1.0,4.0,24.2659454381039,1.0,118.05,11.0,120.05,,1,12,0,9vfoiax5,,,,,0,1,1
26,4zd5ned9,,0,71,70,post_exp,FinalForProlific,2026-08-24 19:04:26.439460,1,,,135.3,26,,103.15,12,13,,treatment,,0.0,16,1,1.0,,paid_data,50.0,10.0,4.0,1.0,4.0,12.2928746925969,1.0,101.15,10.0,103.15,,1,12,0,9vfoiax5,,,,,0,1,1
27,mknb67le,,0,71,70,post_exp,FinalForProlific,2026-08-24 19:04:27.321536,1,,,130.06,27,,101.9,12,18,,treatment,,0.0,15,1,1.0,,free_data,5.0,5.0,2.0,0.0,3.0,17.9942787562462,0.0,100.9,13.0,101.9,,1,12,0,9vfoiax5,,,,,0,1,0
28,sp03734d,,0,71,70,post_exp,FinalForProlific,2026-08-24 19:04:30.219444,1,,,128.17,28,,96.9,12,18,,treatment,,0.0,13,1,1.0,,paid_data,5.0,5.0,2.0,0.0,5.0,17.9942787562462,0.0,95.9,10.0,96.9,,1,12,0,9vfoiax5,,,,,0,1,1
29,m7hitpc7,,0,71,70,post_exp,FinalForProlific,2026-08-24 19:04:32.107936,1,,,139.39,29,,96.0,12,10,,treatment,,0.0,15,1,1.0,,paid_data,0.0,7.0,1.0,0.0,4.0,28.6089312735897,0.0,95.0,12.0,96.0,,1,12,0,9vfoiax5,,,,,0,1,1
30,92y585sb,,0,71,70,post_exp,FinalForProlific,2026-08-24 19:04:32.444838,1,,,122.81,30,,100.31,12,15,,treatment,,0.0,6,1,1.0,,free_data,95.0,10.0,4.0,0.0,5.0,-0.723989516491677,0.0,99.31,11.0,100.31,,1,12,0,9vfoiax5,,,,,0,1,0
31,ki9t1ots,,0,71,70,post_exp,FinalForProlific,2026-08-24 19:04:33.838151,1,,,113.81,31,,97.68,12,5,,treatment,,0.0,19,1,1.0,,free_data,30.0,9.0,4.0,1.0,5.0,-11.0647641062684,1.0,96.68,7.0,97.68,,1,12,0,9vfoiax5,,,,,0,1,0
32,8ygvklh3,,0,71,70,post_exp,FinalForProlific,2026-08-24 19:04:35.859366,1,,,149.01,32,,114.3,12,10,,treatment,,0.0,17,1,1.0,,free_data,50.0,2.0,5.0,1.0,5.0,28.6089312735897,0.0,114.3,8.0,114.3,,1,12,0,9vfoiax5,,,,,0,1,0
33,j6pfvo4x,,0,71,70,post_exp,FinalForProlific,2026-08-24 19:04:41.745324,1,,,129.0,33,,110.43,12,4,,treatment,,0.0,13,1,1.0,,paid_data,85.0,27.0,2.0,1.0,2.0,16.9752110267725,1.0,109.43,8.0,110.43,,1,12,0,9vfoiax5,,,,,0,1,1
34,mrwqmc94,,0,71,70,post_exp,FinalForProlific,2026-08-24 19:04:49.104405,1,,,140.54,34,,111.9,12,19,,treatment,,0.0,8,1,1.0,,free_data,40.0,6.0,4.0,0.0,1.0,27.2611152781865,0.0,110.9,12.0,111.9,,1,12,0,9vfoiax5,,,,,0,1,0
35,8lotxa0v,,0,71,70,post_exp,FinalForProlific,2026-08-24 19:05:04.989442,1,,,142.84,35,,114.5,12,18,,treatment,,0.0,19,1,0.0,,free_data,75.0,8.0,3.0,0.0,3.0,17.9942787562462,0.0,113.5,4.0,114.5,,1,12,0,9vfoiax5,,,,,0,1,0
36,zy0t07g5,,0,71,70,post_exp,FinalForProlific,2026-08-24 19:05:06.605976,1,,,137.36,36,,120.3,12,8,,treatment,,0.0,6,1,1.0,,free_data,100.0,20.0,3.0,1.0,3.0,19.2982240105404,0.0,119.3,8.0,120.3,,1,12,0,9vfoiax5,,,,,0,1,0
37,zs0yllk7,,0,71,70,post_exp,FinalForProlific,2026-08-24 19:07:16.492104,1,,,113.91,37,,100.0,12,11,,treatment,,0.0,3,1,1.0,,free_data,0.0,10.0,1.0,1.0,1.0,37.6588629338984,0.0,100.0,9.0,100.0,,1,12,0,9vfoiax5,,,,,0,1,0
38,9ozs75r2,,0,71,70,post_exp,FinalForProlific,2026-08-24 19:07:56.656898,1,,,107.53,38,,97.8,12,20,,treatment,,0.0,19,0,0.0,,paid_data,25.0,30.0,4.0,,,-8.79848578409706,1.0,97.8,7.0,97.8,,1,12,0,9vfoiax5,,,,,0,1,1
39,nn4f2puj,,0,71,70,post_exp,FinalForProlific,2026-08-24 19:14:35.491322,1,,,117.76,39,,108.15,12,13,,treatment,,0.0,14,1,1.0,,free_data,50.0,10.0,3.0,1.0,3.0,12.2928746925969,1.0,106.15,9.0,108.15,,1,12,0,9vfoiax5,,,,,0,1,0
2,ttbhrq7x,,0,71,70,post_exp,FinalForProlific,2026-08-24 19:04:02.785387,1,,,125.21,2,,100.52,13,7,,treatment,,0.0,10,1,1.0,,free_data,10.0,10.0,3.0,1.0,5.0,-4.77007384032043,1.0,99.52,10.0,100.52,,1,13,0,9vfoiax5,,,,,0,1,0
3,h6ra9n61,,0,71,70,post_exp,FinalForProlific,2026-08-24 19:04:04.680764,1,,,144.01,3,,118.99,13,18,,treatment,,0.0,8,1,0.0,,free_data,100.0,10.0,4.0,0.0,5.0,17.9942787562462,0.0,117.99,10.0,118.99,,1,13,0,9vfoiax5,,,,,0,1,0
4,4tucoz6l,,0,71,70,post_exp,FinalForProlific,2026-08-24 19:04:07.603497,1,,,119.79,4,,99.78,13,15,,treatment,,0.0,6,1,0.0,,free_data,30.0,7.0,4.0,1.0,3.0,-0.723989516491677,0.0,99.78,9.0,99.78,,1,13,0,9vfoiax5,,,,,0,1,0
5,47cbw4kl,,0,71,70,post_exp,FinalForProlific,2026-08-24 19:04:07.882773,1,,,141.4,5,,123.91,13,17,,treatment,,0.0,10,1,1.0,,free_data,100.0,25.0,3.0,1.0,2.0,22.9090225541578,0.0,122.91,11.0,123.91,,1,13,0,9vfoiax5,,,,,0,1,0
6,w1hg4dq2,,0,71,70,post_exp,FinalForProlific,2026-08-24 19:04:08.230442,1,,,121.45,6,,98.21,13,9,,treatment,,0.0,18,1,1.0,,paid_data,5.0,22.0,3.0,1.0,3.0,24.2659454381039,1.0,96.21,11.0,98.21,,1,13,0,9vfoiax5,,,,,0,1,1
7,2am1bt7m,,0,71,70,post_exp,FinalForProlific,2026-08-24 19:04:08.487174,1,,,118.16,7,,102.63,13,16,,treatment,,0.0,14,1,0.0,,free_data,10.0,10.0,4.0,1.0,4.0,6.32159774566318,1.0,100.63,9.0,102.63,,1,13,0,9vfoiax5,,,,,0,1,0
8,f0dtgw15,,0,71,70,post_exp,FinalForProlific,2026-08-24 19:04:08.729020,1,,,129.55,8,,95.46,13,15,,treatment,,0.0,5,1,1.0,,paid_data,75.0,20.0,4.0,0.0,4.0,-0.723989516491677,0.0,94.46,12.0,95.46,,1,13,0,9vfoiax5,,,,,0,1,1
9,gtr4o4u4,,0,71,70,post_exp,FinalForProlific,2026-08-24 19:04:09.330479,1,,,126.75,9,,105.6,13,18,,treatment,,0.0,3,1,1.0,,free_data,20.0,15.0,2.0,0.0,4.0,17.9942787562462,0.0,103.6,18.0,105.6,,1,13,0,9vfoiax5,,,,,0,1,0
10,edlvyy4x,,0,71,70,post_exp,FinalForProlific,2026-08-24 19:04:09.368408,1,,,131.35,10,,103.46,13,13,,treatment,,0.0,6,1,1.0,,free_data,20.0,10.0,3.0,0.0,5.0,12.2928746925969,1.0,102.46,14.0,103.46,,1,13,0,9vfoiax5,,,,,0,1,0
11,454urtzl,,0,71,70,post_exp,FinalForProlific,2026-08-24 19:04:09.375937,1,,,149.46,11,,97.63,13,16,,treatment,,0.0,8,1,1.0,,paid_data,10.0,2.0,5.0,1.0,5.0,6.32159774566318,1.0,95.63,8.0,97.63,,1,13,0,9vfoiax5,,,,,0,1,1
12,y7r9sa4u,,0,71,70,post_exp,FinalForProlific,2026-08-24 19:04:10.658299,1,,,119.6,12,,95.0,13,14,,treatment,,0.0,15,1,1.0,,paid_data,0.0,-10.0,2.0,1.0,5.0,5.87642608043333,0.0,95.0,9.0,95.0,,1,13,0,9vfoiax5,,,,,0,1,1
13,pm665xdw,,0,71,70,post_exp,FinalForProlific,2026-08-24 19:04:10.667922,1,,,125.96,13,,114.51,13,8,,treatment,,0.0,16,0,0.0,,paid_data,70.0,20.0,1.0,,,19.2982240105404,0.0,113.51,7.0,114.51,,1,13,0,9vfoiax5,,,,,0,1,1
14,qgszrtu9,,0,71,70,post_exp,FinalForProlific,2026-08-24 19:04:11.147052,1,,,121.99,14,,105.72,13,10,,treatment,,0.0,3,1,1.0,,free_data,20.0,18.0,4.0,1.0,5.0,28.6089312735897,0.0,105.72,9.0,105.72,,1,13,0,9vfoiax5,,,,,0,1,0
15,0z4ddbix,,0,71,70,post_exp,FinalForProlific,2026-08-24 19:04:11.337225,1,,,143.86,15,,92.15,13,5,,treatment,,0.0,10,1,1.0,,free_data,80.0,-5.0,5.0,1.0,5.0,-11.0647641062684,1.0,91.15,6.0,92.15,,1,13,0,9vfoiax5,,,,,0,1,0
16,t6rthajw,,0,71,70,post_exp,FinalForProlific,2026-08-24 19:04:12.015053,1,,,132.66,16,,115.73,13,10,,treatment,,0.0,10,0,0.0,,paid_data,55.0,12.0,2.0,,,28.6089312735897,0.0,115.73,7.0,115.73,,1,13,0,9vfoiax5,,,,,0,1,1
17,wel7w6gg,,0,71,70,post_exp,FinalForProlific,2026-08-24 19:04:13.709515,1,,,155.98,17,,107.79,13,8,,treatment,,0.0,18,1,1.0,,free_data,30.0,20.0,3.0,0.0,4.0,19.2982240105404,0.0,105.79,12.0,107.79,,1,13,0,9vfoiax5,,,,,0,1,0
18,u4dpd5wy,,0,71,70,post_exp,FinalForProlific,2026-08-24 19:04:14.397432,1,,,122.85,18,,109.72,13,8,,treatment,,0.0,14,1,1.0,,free_data,40.0,15.0,1.0,0.0,4.0,19.2982240105404,0.0,107.72,12.0,109.72,,1,13,0,9vfoiax5,,,,,0,1,0
19,y3uiqp3t,,0,71,70,post_exp,FinalForProlific,2026-08-24 19:04:14.803975,1,,,133.98,19,,117.36,13,19,,treatment,,0.0,16,1,1.0,,free_data,60.0,10.0,3.0,0.0,3.0,27.2611152781865,0.0,116.36,7.0,117.36,,1,13,0,9vfoiax5,,,,,0,1,0
20,atqtlu6a,,0,71,70,post_exp,FinalForProlific,2026-08-24 19:04:15.002851,1,,,126.01,20,,113.17,13,10,,treatment,,0.0,14,1,1.0,,paid_data,60.0,19.2,3.0,0.0,4.0,28.6089312735897,0.0,112.17,15.0,113.17,,1,13,0,9vfoiax5,,,,,0,1,1
21,cuq5iz33,,0,71,70,post_exp,FinalForProlific,2026-08-24 19:04:15.286301,1,,,111.24,21,,106.08,13,12,,treatment,,0.0,15,1,0.0,,free_data,20.0,10.0,3.0,0.0,2.0,30.3829281992374,1.0,106.08,4.0,106.08,,1,13,0,9vfoiax5,,,,,0,1,0
22,4yux8e22,,0,71,70,post_exp,FinalForProlific,2026-08-24 19:04:16.409415,1,,,121.61,22,,100.12,13,20,,treatment,,0.0,16,1,0.0,,free_data,10.0,10.0,4.0,1.0,4.0,-8.79848578409706,1.0,99.12,10.0,100.12,,1,13,0,9vfoiax5,,,,,0,1,0
23,f291tr7u,,0,71,70,post_exp,FinalForProlific,2026-08-24 19:04:17.330849,1,,,136.85,23,,124.86,13,12,,treatment,,0.0,4,1,1.0,,paid_data,95.0,17.0,3.0,1.0,3.0,30.3829281992374,1.0,123.86,13.0,124.86,,1,13,0,9vfoiax5,,,,,0,1,1
24,w3cukoe0,,0,71,70,post_exp,FinalForProlific,2026-08-24 19:04:23.181196,1,,,123.6,24,,96.0,13,14,,treatment,,0.0,17,1,1.0,,paid_data,0.0,-20.0,5.0,0.0,5.0,5.87642608043333,0.0,95.0,12.0,96.0,,1,13,0,9vfoiax5,,,,,0,1,1
26,4zd5ned9,,0,71,70,post_exp,FinalForProlific,2026-08-24 19:04:26.439460,1,,,135.3,26,,100.49,13,15,,treatment,,0.0,16,1,1.0,,free_data,70.0,5.0,4.0,0.0,5.0,-0.723989516491677,0.0,99.49,11.0,100.49,,1,13,0,9vfoiax5,,,,,0,1,0
27,mknb67le,,0,71,70,post_exp,FinalForProlific,2026-08-24 19:04:27.321536,1,,,130.06,27,,103.43,13,9,,treatment,,0.0,15,1,1.0,,free_data,10.0,20.0,2.0,0.0,3.0,24.2659454381039,1.0,102.43,14.0,103.43,,1,13,0,9vfoiax5,,,,,0,1,0
28,sp03734d,,0,71,70,post_exp,FinalForProlific,2026-08-24 19:04:30.219444,1,,,128.17,28,,104.07,13,13,,treatment,,0.0,13,1,1.0,,free_data,25.0,25.0,3.0,1.0,3.0,12.2928746925969,1.0,103.07,11.0,104.07,,1,13,0,9vfoiax5,,,,,0,1,0
29,m7hitpc7,,0,71,70,post_exp,FinalForProlific,2026-08-24 19:04:32.107936,1,,,139.39,29,,115.99,13,19,,treatment,,0.0,15,1,1.0,,free_data,55.0,17.0,2.0,0.0,5.0,27.2611152781865,0.0,114.99,13.0,115.99,,1,13,0,9vfoiax5,,,,,0,1,0
30,92y585sb,,0,71,70,post_exp,FinalForProlific,2026-08-24 19:04:32.444838,1,,,122.81,30,,117.19,13,3,,treatment,,0.0,6,1,1.0,,free_data,90.0,17.5,4.0,1.0,5.0,16.8775714200622,1.0,115.19,13.0,117.19,,1,13,0,9vfoiax5,,,,,0,1,0
31,ki9t1ots,,0,71,70,post_exp,FinalForProlific,2026-08-24 19:04:33.838151,1,,,113.81,31,,101.96,13,8,,treatment,,0.0,19,1,0.0,,free_data,5.0,19.0,4.0,1.0,4.0,19.2982240105404,0.0,100.96,8.0,101.96,,1,13,0,9vfoiax5,,,,,0,1,0
32,8ygvklh3,,0,71,70,post_exp,FinalForProlific,2026-08-24 19:04:35.859366,1,,,149.01,32,,93.4,13,20,,treatment,,0.0,17,0,0.0,,paid_data,75.0,7.0,5.0,,,-8.79848578409706,1.0,93.4,8.0,93.4,,1,13,0,9vfoiax5,,,,,0,1,1
33,j6pfvo4x,,0,71,70,post_exp,FinalForProlific,2026-08-24 19:04:41.745324,1,,,129.0,33,,111.65,13,8,,treatment,,0.0,13,1,1.0,,free_data,50.0,18.0,1.0,0.0,3.0,19.2982240105404,0.0,109.65,10.0,111.65,,1,13,0,9vfoiax5,,,,,0,1,0
34,mrwqmc94,,0,71,70,post_exp,FinalForProlific,2026-08-24 19:04:49.104405,1,,,140.54,34,,96.95,13,16,,treatment,,0.0,8,1,1.0,,paid_data,15.0,-6.0,4.0,1.0,4.0,6.32159774566318,1.0,95.95,13.0,96.95,,1,13,0,9vfoiax5,,,,,0,1,1
35,8lotxa0v,,0,71,70,post_exp,FinalForProlific,2026-08-24 19:05:04.989442,1,,,142.84,35,,118.98,13,4,,treatment,,0.0,19,1,0.0,,free_data,100.0,18.0,3.0,1.0,3.0,16.9752110267725,1.0,116.98,6.0,118.98,,1,13,0,9vfoiax5,,,,,0,1,0
36,zy0t07g5,,0,71,70,post_exp,FinalForProlific,2026-08-24 19:05:06.605976,1,,,137.36,36,,124.86,13,12,,treatment,,0.0,6,1,1.0,,paid_data,95.0,16.0,4.0,1.0,4.0,30.3829281992374,1.0,123.86,9.0,124.86,,1,13,0,9vfoiax5,,,,,0,1,1
37,zs0yllk7,,0,71,70,post_exp,FinalForProlific,2026-08-24 19:07:16.492104,1,,,113.91,37,,88.94,13,5,,treatment,,0.0,3,1,1.0,,free_data,100.0,30.0,1.0,0.0,1.0,-11.0647641062684,1.0,88.94,9.0,88.94,,1,13,0,9vfoiax5,,,,,0,1,0
38,9ozs75r2,,0,71,70,post_exp,FinalForProlific,2026-08-24 19:07:56.656898,1,,,107.53,38,,97.79,13,5,,treatment,,0.0,19,0,0.0,,paid_data,20.0,15.0,4.0,,,-11.0647641062684,1.0,97.79,7.0,97.79,,1,13,0,9vfoiax5,,,,,0,1,1
39,nn4f2puj,,0,71,70,post_exp,FinalForProlific,2026-08-24 19:14:35.491322,1,,,117.76,39,,94.78,13,15,,treatment,,0.0,14,1,1.0,,paid_data,30.0,-10.0,3.0,1.0,3.0,-0.723989516491677,0.0,94.78,9.0,94.78,,1,13,0,9vfoiax5,,,,,0,1,1
2,ttbhrq7x,,0,71,70,post_exp,FinalForProlific,2026-08-24 19:04:02.785387,1,,,125.21,2,,98.23,14,13,,treatment,,0.0,10,1,1.0,,paid_data,10.0,12.0,3.0,1.0,4.0,12.2928746925969,1.0,96.23,12.0,98.23,,1,14,0,9vfoiax5,,,,,0,1,1
3,h6ra9n61,,0,71,70,post_exp,FinalForProlific,2026-08-24 19:04:04.680764,1,,,144.01,3,,121.3,14,8,,treatment,,0.0,8,1,0.0,,free_data,100.0,15.0,2.0,0.0,5.0,19.2982240105404,0.0,119.3,12.0,121.3,,1,14,0,9vfoiax5,,,,,0,1,0
4,4tucoz6l,,0,71,70,post_exp,FinalForProlific,2026-08-24 19:04:07.603497,1,,,119.79,4,,106.08,14,12,,treatment,,0.0,6,1,0.0,,free_data,20.0,15.0,3.0,0.0,3.0,30.3829281992374,1.0,106.08,9.0,106.08,,1,14,0,9vfoiax5,,,,,0,1,0
5,47cbw4kl,,0,71,70,post_exp,FinalForProlific,2026-08-24 19:04:07.882773,1,,,141.4,5,,87.64,14,20,,treatment,,0.0,10,1,1.0,,paid_data,95.0,8.0,3.0,1.0,5.0,-8.79848578409706,1.0,86.64,12.0,87.64,,1,14,0,9vfoiax5,,,,,0,1,1
6,w1hg4dq2,,0,71,70,post_exp,FinalForProlific,2026-08-24 19:04:08.230442,1,,,121.45,6,,97.15,14,17,,treatment,,0.0,18,1,1.0,,paid_data,5.0,25.0,3.0,1.0,3.0,22.9090225541578,0.0,96.15,12.0,97.15,,1,14,0,9vfoiax5,,,,,0,1,1
7,2am1bt7m,,0,71,70,post_exp,FinalForProlific,2026-08-24 19:04:08.487174,1,,,118.16,7,,99.56,14,20,,treatment,,0.0,14,0,0.0,,paid_data,5.0,10.0,4.0,,,-8.79848578409706,1.0,99.56,9.0,99.56,,1,14,0,9vfoiax5,,,,,0,1,1
8,f0dtgw15,,0,71,70,post_exp,FinalForProlific,2026-08-24 19:04:08.729020,1,,,129.55,8,,112.95,14,11,,treatment,,0.0,5,1,1.0,,paid_data,45.0,15.0,4.0,0.0,4.0,37.6588629338984,0.0,111.95,13.0,112.95,,1,14,0,9vfoiax5,,,,,0,1,1
9,gtr4o4u4,,0,71,70,post_exp,FinalForProlific,2026-08-24 19:04:09.330479,1,,,126.75,9,,97.0,14,5,,treatment,,0.0,3,1,1.0,,paid_data,0.0,-10.0,4.0,1.0,3.0,-11.0647641062684,1.0,95.0,20.0,97.0,,1,14,0,9vfoiax5,,,,,0,1,1
10,edlvyy4x,,0,71,70,post_exp,FinalForProlific,2026-08-24 19:04:09.368408,1,,,131.35,10,,103.53,14,11,,treatment,,0.0,6,1,1.0,,paid_data,20.0,10.0,3.0,0.0,3.0,37.6588629338984,0.0,102.53,15.0,103.53,,1,14,0,9vfoiax5,,,,,0,1,1
11,454urtzl,,0,71,70,post_exp,FinalForProlific,2026-08-24 19:04:09.375937,1,,,149.46,11,,85.49,14,5,,treatment,,0.0,8,1,1.0,,paid_data,95.0,4.0,5.0,1.0,5.0,-11.0647641062684,1.0,84.49,9.0,85.49,,1,14,0,9vfoiax5,,,,,0,1,1
12,y7r9sa4u,,0,71,70,post_exp,FinalForProlific,2026-08-24 19:04:10.658299,1,,,119.6,12,,95.23,14,7,,treatment,,0.0,15,1,1.0,,free_data,100.0,18.0,3.0,0.0,3.0,-4.77007384032043,1.0,95.23,9.0,95.23,,1,14,0,9vfoiax5,,,,,0,1,0
13,pm665xdw,,0,71,70,post_exp,FinalForProlific,2026-08-24 19:04:10.667922,1,,,125.96,13,,95.47,14,5,,treatment,,0.0,16,1,1.0,,free_data,50.0,5.0,3.0,1.0,4.0,-11.0647641062684,1.0,94.47,8.0,95.47,,1,14,0,9vfoiax5,,,,,0,1,0
14,qgszrtu9,,0,71,70,post_exp,FinalForProlific,2026-08-24 19:04:11.147052,1,,,121.99,14,,95.0,14,14,,treatment,,0.0,3,1,1.0,,paid_data,0.0,-3.0,4.0,1.0,4.0,5.87642608043333,0.0,95.0,9.0,95.0,,1,14,0,9vfoiax5,,,,,0,1,1
15,0z4ddbix,,0,71,70,post_exp,FinalForProlific,2026-08-24 19:04:11.337225,1,,,143.86,15,,113.33,14,8,,treatment,,0.0,10,1,1.0,,paid_data,95.0,10.0,5.0,1.0,5.0,19.2982240105404,0.0,113.33,6.0,113.33,,1,14,0,9vfoiax5,,,,,0,1,1
16,t6rthajw,,0,71,70,post_exp,FinalForProlific,2026-08-24 19:04:12.015053,1,,,132.66,16,,99.16,14,16,,treatment,,0.0,10,1,1.0,,paid_data,50.0,8.0,1.0,0.0,2.0,6.32159774566318,1.0,98.16,8.0,99.16,,1,14,0,9vfoiax5,,,,,0,1,1
17,wel7w6gg,,0,71,70,post_exp,FinalForProlific,2026-08-24 19:04:13.709515,1,,,155.98,17,,90.47,14,5,,treatment,,0.0,18,1,1.0,,paid_data,50.0,7.0,3.0,1.0,3.0,-11.0647641062684,1.0,89.47,13.0,90.47,,1,14,0,9vfoiax5,,,,,0,1,1
18,u4dpd5wy,,0,71,70,post_exp,FinalForProlific,2026-08-24 19:04:14.397432,1,,,122.85,18,,96.0,14,16,,treatment,,0.0,14,1,1.0,,paid_data,0.0,-5.0,3.0,1.0,3.0,6.32159774566318,1.0,95.0,13.0,96.0,,1,14,0,9vfoiax5,,,,,0,1,1
19,y3uiqp3t,,0,71,70,post_exp,FinalForProlific,2026-08-24 19:04:14.803975,1,,,133.98,19,,104.11,14,14,,treatment,,0.0,16,0,0.0,,paid_data,70.0,15.0,4.0,,,5.87642608043333,0.0,104.11,7.0,104.11,,1,14,0,9vfoiax5,,,,,0,1,1
20,atqtlu6a,,0,71,70,post_exp,FinalForProlific,2026-08-24 19:04:15.002851,1,,,126.01,20,,96.66,14,7,,treatment,,0.0,14,0,0.0,,paid_data,70.0,18.0,4.0,,,-4.77007384032043,1.0,96.66,15.0,96.66,,1,14,0,9vfoiax5,,,,,0,1,1
21,cuq5iz33,,0,71,70,post_exp,FinalForProlific,2026-08-24 19:04:15.286301,1,,,111.24,21,,116.44,14,8,,treatment,,0.0,15,0,0.0,,paid_data,80.0,20.0,3.0,,,19.2982240105404,0.0,115.44,5.0,116.44,,1,14,0,9vfoiax5,,,,,0,1,1
22,4yux8e22,,0,71,70,post_exp,FinalForProlific,2026-08-24 19:04:16.409415,1,,,121.61,22,,103.77,14,11,,treatment,,0.0,16,0,0.0,,paid_data,10.0,30.0,5.0,,,37.6588629338984,0.0,103.77,10.0,103.77,,1,14,0,9vfoiax5,,,,,0,1,1
23,f291tr7u,,0,71,70,post_exp,FinalForProlific,2026-08-24 19:04:17.330849,1,,,136.85,23,,100.28,14,15,,treatment,,0.0,4,1,1.0,,free_data,100.0,10.0,2.0,0.0,3.0,-0.723989516491677,0.0,99.28,14.0,100.28,,1,14,0,9vfoiax5,,,,,0,1,0
24,w3cukoe0,,0,71,70,post_exp,FinalForProlific,2026-08-24 19:04:23.181196,1,,,123.6,24,,113.29,14,13,,treatment,,0.0,17,1,1.0,,free_data,100.0,18.0,5.0,1.0,4.0,12.2928746925969,1.0,112.29,13.0,113.29,,1,14,0,9vfoiax5,,,,,0,1,0
26,4zd5ned9,,0,71,70,post_exp,FinalForProlific,2026-08-24 19:04:26.439460,1,,,135.3,26,,101.0,14,5,,treatment,,0.0,16,1,1.0,,free_data,0.0,0.0,4.0,1.0,4.0,-11.0647641062684,1.0,100.0,12.0,101.0,,1,14,0,9vfoiax5,,,,,0,1,0
27,mknb67le,,0,71,70,post_exp,FinalForProlific,2026-08-24 19:04:27.321536,1,,,130.06,27,,102.36,14,19,,treatment,,0.0,15,1,1.0,,free_data,5.0,12.0,3.0,0.0,4.0,27.2611152781865,0.0,101.36,15.0,102.36,,1,14,0,9vfoiax5,,,,,0,1,0
28,sp03734d,,0,71,70,post_exp,FinalForProlific,2026-08-24 19:04:30.219444,1,,,128.17,28,,99.12,14,20,,treatment,,0.0,13,0,0.0,,paid_data,10.0,3.0,2.0,,,-8.79848578409706,1.0,99.12,11.0,99.12,,1,14,0,9vfoiax5,,,,,0,1,1
29,m7hitpc7,,0,71,70,post_exp,FinalForProlific,2026-08-24 19:04:32.107936,1,,,139.39,29,,107.58,14,8,,treatment,,0.0,15,1,1.0,,paid_data,60.0,14.0,4.0,0.0,4.0,19.2982240105404,0.0,106.58,14.0,107.58,,1,14,0,9vfoiax5,,,,,0,1,1
30,92y585sb,,0,71,70,post_exp,FinalForProlific,2026-08-24 19:04:32.444838,1,,,122.81,30,,120.31,14,12,,treatment,,0.0,6,1,1.0,,paid_data,80.0,20.0,4.0,1.0,5.0,30.3829281992374,1.0,119.31,14.0,120.31,,1,14,0,9vfoiax5,,,,,0,1,1
31,ki9t1ots,,0,71,70,post_exp,FinalForProlific,2026-08-24 19:04:33.838151,1,,,113.81,31,,101.85,14,4,,treatment,,0.0,19,1,0.0,,free_data,5.0,25.0,5.0,1.0,3.0,16.9752110267725,1.0,100.85,9.0,101.85,,1,14,0,9vfoiax5,,,,,0,1,0
32,8ygvklh3,,0,71,70,post_exp,FinalForProlific,2026-08-24 19:04:35.859366,1,,,149.01,32,,114.29,14,13,,treatment,,0.0,17,1,1.0,,free_data,100.0,17.0,4.0,1.0,5.0,12.2928746925969,1.0,112.29,10.0,114.29,,1,14,0,9vfoiax5,,,,,0,1,0
33,j6pfvo4x,,0,71,70,post_exp,FinalForProlific,2026-08-24 19:04:41.745324,1,,,129.0,33,,104.38,14,13,,treatment,,0.0,13,1,1.0,,paid_data,60.0,17.0,2.0,1.0,2.0,12.2928746925969,1.0,102.38,12.0,104.38,,1,14,0,9vfoiax5,,,,,0,1,1
34,mrwqmc94,,0,71,70,post_exp,FinalForProlific,2026-08-24 19:04:49.104405,1,,,140.54,34,,100.42,14,15,,treatment,,0.0,8,1,1.0,,free_data,80.0,21.0,3.0,0.0,5.0,-0.723989516491677,0.0,99.42,14.0,100.42,,1,14,0,9vfoiax5,,,,,0,1,0
35,8lotxa0v,,0,71,70,post_exp,FinalForProlific,2026-08-24 19:05:04.989442,1,,,142.84,35,,122.79,14,12,,treatment,,0.0,19,0,0.0,,paid_data,75.0,10.0,3.0,,,30.3829281992374,1.0,122.79,6.0,122.79,,1,14,0,9vfoiax5,,,,,0,1,1
36,zy0t07g5,,0,71,70,post_exp,FinalForProlific,2026-08-24 19:05:06.605976,1,,,137.36,36,,129.61,14,10,,treatment,,0.0,6,1,1.0,,free_data,100.0,5.0,2.0,0.0,4.0,28.6089312735897,0.0,128.61,10.0,129.61,,1,14,0,9vfoiax5,,,,,0,1,0
37,zs0yllk7,,0,71,70,post_exp,FinalForProlific,2026-08-24 19:07:16.492104,1,,,113.91,37,,106.88,14,14,,treatment,,0.0,3,1,1.0,,free_data,100.0,25.0,1.0,0.0,1.0,5.87642608043333,0.0,105.88,10.0,106.88,,1,14,0,9vfoiax5,,,,,0,1,0
38,9ozs75r2,,0,71,70,post_exp,FinalForProlific,2026-08-24 19:07:56.656898,1,,,107.53,38,,100.72,14,10,,treatment,,0.0,19,1,1.0,,paid_data,20.0,15.0,3.0,1.0,4.0,28.6089312735897,0.0,100.72,7.0,100.72,,1,14,0,9vfoiax5,,,,,0,1,1
39,nn4f2puj,,0,71,70,post_exp,FinalForProlific,2026-08-24 19:14:35.491322,1,,,117.76,39,,104.16,14,16,,treatment,,0.0,14,1,1.0,,free_data,50.0,0.2,4.0,1.0,2.0,6.32159774566318,1.0,103.16,10.0,104.16,,1,14,0,9vfoiax5,,,,,0,1,0
2,ttbhrq7x,,0,71,70,post_exp,FinalForProlific,2026-08-24 19:04:02.785387,1,,,125.21,2,,101.0,15,11,,treatment,,0.0,10,1,1.0,,free_data,0.0,-5.0,2.0,0.0,4.0,37.6588629338984,0.0,100.0,13.0,101.0,,1,15,0,9vfoiax5,,,,,0,1,0
3,h6ra9n61,,0,71,70,post_exp,FinalForProlific,2026-08-24 19:04:04.680764,1,,,144.01,3,,106.32,15,16,,treatment,,0.0,8,1,0.0,,free_data,100.0,16.0,2.0,0.0,3.0,6.32159774566318,1.0,106.32,12.0,106.32,,1,15,0,9vfoiax5,,,,,0,1,0
4,4tucoz6l,,0,71,70,post_exp,FinalForProlific,2026-08-24 19:04:07.603497,1,,,119.79,4,,106.58,15,17,,treatment,,0.0,6,1,0.0,,free_data,20.0,22.0,3.0,0.0,3.0,22.9090225541578,0.0,104.58,11.0,106.58,,1,15,0,9vfoiax5,,,,,0,1,0
5,47cbw4kl,,0,71,70,post_exp,FinalForProlific,2026-08-24 19:04:07.882773,1,,,141.4,5,,123.18,15,10,,treatment,,0.0,10,1,1.0,,paid_data,95.0,19.0,1.0,0.0,2.0,28.6089312735897,0.0,122.18,13.0,123.18,,1,15,0,9vfoiax5,,,,,0,1,1
6,w1hg4dq2,,0,71,70,post_exp,FinalForProlific,2026-08-24 19:04:08.230442,1,,,121.45,6,,96.84,15,3,,treatment,,0.0,18,1,1.0,,paid_data,5.0,25.0,3.0,1.0,2.0,16.8775714200622,1.0,95.84,13.0,96.84,,1,15,0,9vfoiax5,,,,,0,1,1
7,2am1bt7m,,0,71,70,post_exp,FinalForProlific,2026-08-24 19:04:08.487174,1,,,118.16,7,,101.52,15,12,,treatment,,0.0,14,0,0.0,,paid_data,5.0,20.0,4.0,,,30.3829281992374,1.0,101.52,9.0,101.52,,1,15,0,9vfoiax5,,,,,0,1,1
8,f0dtgw15,,0,71,70,post_exp,FinalForProlific,2026-08-24 19:04:08.729020,1,,,129.55,8,,118.18,15,17,,treatment,,0.0,5,1,1.0,,free_data,75.0,25.0,4.0,1.0,3.0,22.9090225541578,0.0,117.18,14.0,118.18,,1,15,0,9vfoiax5,,,,,0,1,0
9,gtr4o4u4,,0,71,70,post_exp,FinalForProlific,2026-08-24 19:04:09.330479,1,,,126.75,9,,97.18,15,14,,treatment,,0.0,3,1,1.0,,paid_data,20.0,15.0,2.0,0.0,4.0,5.87642608043333,0.0,96.18,21.0,97.18,,1,15,0,9vfoiax5,,,,,0,1,1
10,edlvyy4x,,0,71,70,post_exp,FinalForProlific,2026-08-24 19:04:09.368408,1,,,131.35,10,,100.09,15,19,,treatment,,0.0,6,1,1.0,,paid_data,15.0,20.0,2.0,0.0,3.0,27.2611152781865,0.0,99.09,16.0,100.09,,1,15,0,9vfoiax5,,,,,0,1,1
11,454urtzl,,0,71,70,post_exp,FinalForProlific,2026-08-24 19:04:09.375937,1,,,149.46,11,,121.3,15,8,,treatment,,0.0,8,1,1.0,,free_data,100.0,18.0,4.0,0.0,3.0,19.2982240105404,0.0,119.3,11.0,121.3,,1,15,0,9vfoiax5,,,,,0,1,0
12,y7r9sa4u,,0,71,70,post_exp,FinalForProlific,2026-08-24 19:04:10.658299,1,,,119.6,12,,100.0,15,6,,treatment,,0.0,15,1,1.0,,free_data,0.0,10.0,2.0,1.0,2.0,22.4078126217597,0.0,100.0,9.0,100.0,,1,15,0,9vfoiax5,,,,,0,1,0
13,pm665xdw,,0,71,70,post_exp,FinalForProlific,2026-08-24 19:04:10.667922,1,,,125.96,13,,94.57,15,7,,treatment,,0.0,16,1,1.0,,paid_data,30.0,7.0,2.0,1.0,2.0,-4.77007384032043,1.0,93.57,9.0,94.57,,1,15,0,9vfoiax5,,,,,0,1,1
14,qgszrtu9,,0,71,70,post_exp,FinalForProlific,2026-08-24 19:04:11.147052,1,,,121.99,14,,104.64,15,9,,treatment,,0.0,3,1,1.0,,free_data,15.0,11.0,3.0,1.0,5.0,24.2659454381039,1.0,103.64,10.0,104.64,,1,15,0,9vfoiax5,,,,,0,1,0
15,0z4ddbix,,0,71,70,post_exp,FinalForProlific,2026-08-24 19:04:11.337225,1,,,143.86,15,,122.6,15,11,,treatment,,0.0,10,1,1.0,,free_data,60.0,-8.0,5.0,1.0,5.0,37.6588629338984,0.0,122.6,6.0,122.6,,1,15,0,9vfoiax5,,,,,0,1,0
16,t6rthajw,,0,71,70,post_exp,FinalForProlific,2026-08-24 19:04:12.015053,1,,,132.66,16,,115.35,15,3,,treatment,,0.0,10,1,1.0,,free_data,85.0,23.0,1.0,1.0,2.0,16.8775714200622,1.0,114.35,9.0,115.35,,1,15,0,9vfoiax5,,,,,0,1,0
17,wel7w6gg,,0,71,70,post_exp,FinalForProlific,2026-08-24 19:04:13.709515,1,,,155.98,17,,118.05,15,9,,treatment,,0.0,18,1,1.0,,paid_data,95.0,17.5,4.0,0.0,4.0,24.2659454381039,1.0,118.05,13.0,118.05,,1,15,0,9vfoiax5,,,,,0,1,1
18,u4dpd5wy,,0,71,70,post_exp,FinalForProlific,2026-08-24 19:04:14.397432,1,,,122.85,18,,126.27,15,9,,treatment,,0.0,14,1,1.0,,free_data,100.0,25.0,3.0,1.0,3.0,24.2659454381039,1.0,124.27,15.0,126.27,,1,15,0,9vfoiax5,,,,,0,1,0
19,y3uiqp3t,,0,71,70,post_exp,FinalForProlific,2026-08-24 19:04:14.803975,1,,,133.98,19,,112.13,15,4,,treatment,,0.0,16,1,1.0,,paid_data,95.0,25.0,5.0,1.0,5.0,16.9752110267725,1.0,111.13,8.0,112.13,,1,15,0,9vfoiax5,,,,,0,1,1
20,atqtlu6a,,0,71,70,post_exp,FinalForProlific,2026-08-24 19:04:15.002851,1,,,126.01,20,,125.31,15,12,,treatment,,0.0,14,1,1.0,,free_data,80.0,18.0,4.0,1.0,5.0,30.3829281992374,1.0,124.31,16.0,125.31,,1,15,0,9vfoiax5,,,,,0,1,0
21,cuq5iz33,,0,71,70,post_exp,FinalForProlific,2026-08-24 19:04:15.286301,1,,,111.24,21,,99.64,15,15,,treatment,,0.0,15,1,1.0,,free_data,50.0,10.0,3.0,1.0,3.0,-0.723989516491677,0.0,99.64,5.0,99.64,,1,15,0,9vfoiax5,,,,,0,1,0
22,4yux8e22,,0,71,70,post_exp,FinalForProlific,2026-08-24 19:04:16.409415,1,,,121.61,22,,101.63,15,16,,treatment,,0.0,16,1,0.0,,free_data,10.0,12.0,4.0,1.0,4.0,6.32159774566318,1.0,100.63,11.0,101.63,,1,15,0,9vfoiax5,,,,,0,1,0
23,f291tr7u,,0,71,70,post_exp,FinalForProlific,2026-08-24 19:04:17.330849,1,,,136.85,23,,112.03,15,3,,treatment,,0.0,4,1,1.0,,paid_data,95.0,22.0,3.0,1.0,3.0,16.8775714200622,1.0,111.03,15.0,112.03,,1,15,0,9vfoiax5,,,,,0,1,1
24,w3cukoe0,,0,71,70,post_exp,FinalForProlific,2026-08-24 19:04:23.181196,1,,,123.6,24,,117.98,15,4,,treatment,,0.0,17,1,1.0,,free_data,100.0,35.0,5.0,1.0,5.0,16.9752110267725,1.0,116.98,14.0,117.98,,1,15,0,9vfoiax5,,,,,0,1,0
26,4zd5ned9,,0,71,70,post_exp,FinalForProlific,2026-08-24 19:04:26.439460,1,,,135.3,26,,122.81,15,19,,treatment,,0.0,16,1,1.0,,free_data,80.0,15.0,4.0,0.0,5.0,27.2611152781865,0.0,121.81,13.0,122.81,,1,15,0,9vfoiax5,,,,,0,1,0
27,mknb67le,,0,71,70,post_exp,FinalForProlific,2026-08-24 19:04:27.321536,1,,,130.06,27,,102.96,15,8,,treatment,,0.0,15,1,1.0,,free_data,5.0,17.0,1.0,0.0,3.0,19.2982240105404,0.0,100.96,17.0,102.96,,1,15,0,9vfoiax5,,,,,0,1,0
28,sp03734d,,0,71,70,post_exp,FinalForProlific,2026-08-24 19:04:30.219444,1,,,128.17,28,,98.89,15,8,,treatment,,0.0,13,1,1.0,,paid_data,15.0,-5.0,4.0,0.0,4.0,19.2982240105404,0.0,97.89,12.0,98.89,,1,15,0,9vfoiax5,,,,,0,1,1
29,m7hitpc7,,0,71,70,post_exp,FinalForProlific,2026-08-24 19:04:32.107936,1,,,139.39,29,,117.04,15,17,,treatment,,0.0,15,1,1.0,,free_data,70.0,19.0,3.0,1.0,4.0,22.9090225541578,0.0,116.04,15.0,117.04,,1,15,0,9vfoiax5,,,,,0,1,0
30,92y585sb,,0,71,70,post_exp,FinalForProlific,2026-08-24 19:04:32.444838,1,,,122.81,30,,123.76,15,17,,treatment,,0.0,6,1,1.0,,free_data,95.0,18.0,4.0,0.0,5.0,22.9090225541578,0.0,121.76,16.0,123.76,,1,15,0,9vfoiax5,,,,,0,1,0
31,ki9t1ots,,0,71,70,post_exp,FinalForProlific,2026-08-24 19:04:33.838151,1,,,113.81,31,,102.88,15,11,,treatment,,0.0,19,1,0.0,,free_data,5.0,18.0,2.0,0.0,2.0,37.6588629338984,0.0,101.88,10.0,102.88,,1,15,0,9vfoiax5,,,,,0,1,0
32,8ygvklh3,,0,71,70,post_exp,FinalForProlific,2026-08-24 19:04:35.859366,1,,,149.01,32,,106.6,15,6,,treatment,,0.0,17,1,0.0,,free_data,25.0,15.0,3.0,0.0,5.0,22.4078126217597,0.0,105.6,11.0,106.6,,1,15,0,9vfoiax5,,,,,0,1,0
33,j6pfvo4x,,0,71,70,post_exp,FinalForProlific,2026-08-24 19:04:41.745324,1,,,129.0,33,,100.86,15,15,,treatment,,0.0,13,1,1.0,,free_data,20.0,8.0,2.0,0.0,2.0,-0.723989516491677,0.0,99.86,13.0,100.86,,1,15,0,9vfoiax5,,,,,0,1,0
34,mrwqmc94,,0,71,70,post_exp,FinalForProlific,2026-08-24 19:04:49.104405,1,,,140.54,34,,117.88,15,3,,treatment,,0.0,8,1,1.0,,free_data,100.0,22.75,4.0,1.0,5.0,16.8775714200622,1.0,116.88,15.0,117.88,,1,15,0,9vfoiax5,,,,,0,1,0
35,8lotxa0v,,0,71,70,post_exp,FinalForProlific,2026-08-24 19:05:04.989442,1,,,142.84,35,,99.86,15,15,,treatment,,0.0,19,1,0.0,,free_data,20.0,-10.0,3.0,1.0,3.0,-0.723989516491677,0.0,99.86,6.0,99.86,,1,15,0,9vfoiax5,,,,,0,1,0
36,zy0t07g5,,0,71,70,post_exp,FinalForProlific,2026-08-24 19:05:06.605976,1,,,137.36,36,,117.98,15,4,,treatment,,0.0,6,1,1.0,,free_data,100.0,35.0,5.0,1.0,5.0,16.9752110267725,1.0,116.98,11.0,117.98,,1,15,0,9vfoiax5,,,,,0,1,0
37,zs0yllk7,,0,71,70,post_exp,FinalForProlific,2026-08-24 19:07:16.492104,1,,,113.91,37,,113.09,15,18,,treatment,,0.0,3,1,1.0,,paid_data,95.0,25.0,1.0,0.0,1.0,17.9942787562462,0.0,112.09,11.0,113.09,,1,15,0,9vfoiax5,,,,,0,1,1
38,9ozs75r2,,0,71,70,post_exp,FinalForProlific,2026-08-24 19:07:56.656898,1,,,107.53,38,,100.0,15,17,,treatment,,0.0,19,1,1.0,,free_data,0.0,-5.0,3.0,1.0,4.0,22.9090225541578,0.0,100.0,7.0,100.0,,1,15,0,9vfoiax5,,,,,0,1,0
39,nn4f2puj,,0,71,70,post_exp,FinalForProlific,2026-08-24 19:14:35.491322,1,,,117.76,39,,105.79,15,8,,treatment,,0.0,14,1,1.0,,free_data,30.0,-5.0,3.0,1.0,3.0,19.2982240105404,0.0,105.79,10.0,105.79,,1,15,0,9vfoiax5,,,,,0,1,0
2,ttbhrq7x,,0,71,70,post_exp,FinalForProlific,2026-08-24 19:04:02.785387,1,,,125.21,2,,100.0,16,16,,treatment,,0.0,10,1,1.0,,free_data,0.0,-10.0,2.0,0.0,2.0,6.32159774566318,1.0,100.0,13.0,100.0,,1,16,0,9vfoiax5,,,,,0,1,0
3,h6ra9n61,,0,71,70,post_exp,FinalForProlific,2026-08-24 19:04:04.680764,1,,,144.01,3,,99.28,16,15,,treatment,,0.0,8,0,0.0,,paid_data,100.0,17.0,2.0,,,-0.723989516491677,0.0,99.28,12.0,99.28,,1,16,0,9vfoiax5,,,,,0,1,1
4,4tucoz6l,,0,71,70,post_exp,FinalForProlific,2026-08-24 19:04:07.603497,1,,,119.79,4,,100.28,16,7,,treatment,,0.0,6,1,0.0,,free_data,15.0,5.0,3.0,1.0,3.0,-4.77007384032043,1.0,99.28,12.0,100.28,,1,16,0,9vfoiax5,,,,,0,1,0
5,47cbw4kl,,0,71,70,post_exp,FinalForProlific,2026-08-24 19:04:07.882773,1,,,141.4,5,,112.03,16,3,,treatment,,0.0,10,1,1.0,,paid_data,95.0,25.0,3.0,1.0,4.0,16.8775714200622,1.0,111.03,14.0,112.03,,1,16,0,9vfoiax5,,,,,0,1,1
6,w1hg4dq2,,0,71,70,post_exp,FinalForProlific,2026-08-24 19:04:08.230442,1,,,121.45,6,,100.96,16,15,,treatment,,0.0,18,1,0.0,,free_data,5.0,8.0,3.0,0.0,3.0,-0.723989516491677,0.0,99.96,14.0,100.96,,1,16,0,9vfoiax5,,,,,0,1,0
7,2am1bt7m,,0,71,70,post_exp,FinalForProlific,2026-08-24 19:04:08.487174,1,,,118.16,7,,99.52,16,7,,treatment,,0.0,14,0,0.0,,paid_data,10.0,22.0,4.0,,,-4.77007384032043,1.0,99.52,9.0,99.52,,1,16,0,9vfoiax5,,,,,0,1,1
8,f0dtgw15,,0,71,70,post_exp,FinalForProlific,2026-08-24 19:04:08.729020,1,,,129.55,8,,98.23,16,5,,treatment,,0.0,5,1,1.0,,free_data,25.0,5.0,4.0,1.0,4.0,-11.0647641062684,1.0,97.23,15.0,98.23,,1,16,0,9vfoiax5,,,,,0,1,0
9,gtr4o4u4,,0,71,70,post_exp,FinalForProlific,2026-08-24 19:04:09.330479,1,,,126.75,9,,95.82,16,15,,treatment,,0.0,3,1,1.0,,paid_data,25.0,15.0,2.0,0.0,4.0,-0.723989516491677,0.0,94.82,22.0,95.82,,1,16,0,9vfoiax5,,,,,0,1,1
10,edlvyy4x,,0,71,70,post_exp,FinalForProlific,2026-08-24 19:04:09.368408,1,,,131.35,10,,95.88,16,14,,treatment,,0.0,6,1,1.0,,paid_data,15.0,-5.0,3.0,1.0,3.0,5.87642608043333,0.0,95.88,16.0,95.88,,1,16,0,9vfoiax5,,,,,0,1,1
11,454urtzl,,0,71,70,post_exp,FinalForProlific,2026-08-24 19:04:09.375937,1,,,149.46,11,,91.47,16,7,,treatment,,0.0,8,1,1.0,,paid_data,95.0,6.0,3.0,1.0,5.0,-4.77007384032043,1.0,90.47,12.0,91.47,,1,16,0,9vfoiax5,,,,,0,1,1
12,y7r9sa4u,,0,71,70,post_exp,FinalForProlific,2026-08-24 19:04:10.658299,1,,,119.6,12,,112.13,16,4,,treatment,,0.0,15,1,1.0,,paid_data,95.0,23.0,3.0,1.0,3.0,16.9752110267725,1.0,111.13,10.0,112.13,,1,16,0,9vfoiax5,,,,,0,1,1
13,pm665xdw,,0,71,70,post_exp,FinalForProlific,2026-08-24 19:04:10.667922,1,,,125.96,13,,105.61,16,13,,treatment,,0.0,16,1,1.0,,paid_data,70.0,17.0,2.0,1.0,4.0,12.2928746925969,1.0,103.61,11.0,105.61,,1,16,0,9vfoiax5,,,,,0,1,1
14,qgszrtu9,,0,71,70,post_exp,FinalForProlific,2026-08-24 19:04:11.147052,1,,,121.99,14,,99.89,16,5,,treatment,,0.0,3,1,1.0,,free_data,10.0,10.0,3.0,1.0,4.0,-11.0647641062684,1.0,98.89,11.0,99.89,,1,16,0,9vfoiax5,,,,,0,1,0
15,0z4ddbix,,0,71,70,post_exp,FinalForProlific,2026-08-24 19:04:11.337225,1,,,143.86,15,,96.18,16,14,,treatment,,0.0,10,1,1.0,,paid_data,20.0,-20.0,5.0,1.0,5.0,5.87642608043333,0.0,96.18,6.0,96.18,,1,16,0,9vfoiax5,,,,,0,1,1
16,t6rthajw,,0,71,70,post_exp,FinalForProlific,2026-08-24 19:04:12.015053,1,,,132.66,16,,96.42,16,7,,treatment,,0.0,10,1,1.0,,free_data,75.0,15.0,1.0,0.0,2.0,-4.77007384032043,1.0,96.42,9.0,96.42,,1,16,0,9vfoiax5,,,,,0,1,0
17,wel7w6gg,,0,71,70,post_exp,FinalForProlific,2026-08-24 19:04:13.709515,1,,,155.98,17,,102.63,16,16,,treatment,,0.0,18,1,1.0,,free_data,10.0,5.0,4.0,1.0,4.0,6.32159774566318,1.0,100.63,15.0,102.63,,1,16,0,9vfoiax5,,,,,0,1,0
18,u4dpd5wy,,0,71,70,post_exp,FinalForProlific,2026-08-24 19:04:14.397432,1,,,122.85,18,,99.34,16,5,,treatment,,0.0,14,1,1.0,,free_data,15.0,0.0,2.0,1.0,3.0,-11.0647641062684,1.0,98.34,16.0,99.34,,1,16,0,9vfoiax5,,,,,0,1,0
19,y3uiqp3t,,0,71,70,post_exp,FinalForProlific,2026-08-24 19:04:14.803975,1,,,133.98,19,,118.88,16,3,,treatment,,0.0,16,1,1.0,,free_data,100.0,20.0,5.0,1.0,5.0,16.8775714200622,1.0,116.88,10.0,118.88,,1,16,0,9vfoiax5,,,,,0,1,0
20,atqtlu6a,,0,71,70,post_exp,FinalForProlific,2026-08-24 19:04:15.002851,1,,,126.01,20,,95.38,16,15,,treatment,,0.0,14,1,1.0,,paid_data,85.0,20.0,4.0,0.0,4.0,-0.723989516491677,0.0,94.38,17.0,95.38,,1,16,0,9vfoiax5,,,,,0,1,1
21,cuq5iz33,,0,71,70,post_exp,FinalForProlific,2026-08-24 19:04:15.286301,1,,,111.24,21,,122.81,16,19,,treatment,,0.0,15,1,1.0,,free_data,80.0,24.0,3.0,1.0,3.0,27.2611152781865,0.0,121.81,6.0,122.81,,1,16,0,9vfoiax5,,,,,0,1,0
22,4yux8e22,,0,71,70,post_exp,FinalForProlific,2026-08-24 19:04:16.409415,1,,,121.61,22,,102.86,16,10,,treatment,,0.0,16,1,0.0,,free_data,10.0,20.0,5.0,1.0,5.0,28.6089312735897,0.0,102.86,11.0,102.86,,1,16,0,9vfoiax5,,,,,0,1,0
23,f291tr7u,,0,71,70,post_exp,FinalForProlific,2026-08-24 19:04:17.330849,1,,,136.85,23,,108.68,16,13,,treatment,,0.0,4,1,1.0,,paid_data,95.0,17.0,3.0,1.0,3.0,12.2928746925969,1.0,106.68,17.0,108.68,,1,16,0,9vfoiax5,,,,,0,1,1
24,w3cukoe0,,0,71,70,post_exp,FinalForProlific,2026-08-24 19:04:23.181196,1,,,123.6,24,,96.0,16,7,,treatment,,0.0,17,1,1.0,,paid_data,0.0,0.0,5.0,0.0,5.0,-4.77007384032043,1.0,95.0,15.0,96.0,,1,16,0,9vfoiax5,,,,,0,1,1
26,4zd5ned9,,0,71,70,post_exp,FinalForProlific,2026-08-24 19:04:26.439460,1,,,135.3,26,,112.2,16,6,,treatment,,0.0,16,1,1.0,,free_data,50.0,12.0,4.0,0.0,5.0,22.4078126217597,0.0,111.2,14.0,112.2,,1,16,0,9vfoiax5,,,,,0,1,0
27,mknb67le,,0,71,70,post_exp,FinalForProlific,2026-08-24 19:04:27.321536,1,,,130.06,27,,97.43,16,10,,treatment,,0.0,15,1,1.0,,paid_data,5.0,20.0,2.0,0.0,4.0,28.6089312735897,0.0,96.43,18.0,97.43,,1,16,0,9vfoiax5,,,,,0,1,1
28,sp03734d,,0,71,70,post_exp,FinalForProlific,2026-08-24 19:04:30.219444,1,,,128.17,28,,108.07,16,9,,treatment,,0.0,13,1,1.0,,free_data,25.0,22.0,4.0,1.0,5.0,24.2659454381039,1.0,106.07,14.0,108.07,,1,16,0,9vfoiax5,,,,,0,1,0
29,m7hitpc7,,0,71,70,post_exp,FinalForProlific,2026-08-24 19:04:32.107936,1,,,139.39,29,,105.83,16,13,,treatment,,0.0,15,1,1.0,,paid_data,80.0,14.0,3.0,0.0,2.0,12.2928746925969,1.0,104.83,16.0,105.83,,1,16,0,9vfoiax5,,,,,0,1,1
30,92y585sb,,0,71,70,post_exp,FinalForProlific,2026-08-24 19:04:32.444838,1,,,122.81,30,,128.18,16,10,,treatment,,0.0,6,1,1.0,,free_data,95.0,14.0,4.0,0.0,5.0,28.6089312735897,0.0,127.18,17.0,128.18,,1,16,0,9vfoiax5,,,,,0,1,0
31,ki9t1ots,,0,71,70,post_exp,FinalForProlific,2026-08-24 19:04:33.838151,1,,,113.81,31,,94.93,16,15,,treatment,,0.0,19,1,1.0,,paid_data,10.0,8.0,3.0,1.0,3.0,-0.723989516491677,0.0,94.93,10.0,94.93,,1,16,0,9vfoiax5,,,,,0,1,1
32,8ygvklh3,,0,71,70,post_exp,FinalForProlific,2026-08-24 19:04:35.859366,1,,,149.01,32,,107.32,16,16,,treatment,,0.0,17,1,1.0,,free_data,100.0,-4.0,5.0,1.0,5.0,6.32159774566318,1.0,106.32,12.0,107.32,,1,16,0,9vfoiax5,,,,,0,1,0
33,j6pfvo4x,,0,71,70,post_exp,FinalForProlific,2026-08-24 19:04:41.745324,1,,,129.0,33,,102.72,16,6,,treatment,,0.0,13,1,1.0,,paid_data,30.0,15.0,3.0,0.0,2.0,22.4078126217597,0.0,101.72,14.0,102.72,,1,16,0,9vfoiax5,,,,,0,1,1
34,mrwqmc94,,0,71,70,post_exp,FinalForProlific,2026-08-24 19:04:49.104405,1,,,140.54,34,,96.0,16,6,,treatment,,0.0,8,1,1.0,,paid_data,0.0,7.0,2.0,0.0,5.0,22.4078126217597,0.0,95.0,16.0,96.0,,1,16,0,9vfoiax5,,,,,0,1,1
35,8lotxa0v,,0,71,70,post_exp,FinalForProlific,2026-08-24 19:05:04.989442,1,,,142.84,35,,96.42,16,7,,treatment,,0.0,19,0,0.0,,paid_data,75.0,13.0,3.0,,,-4.77007384032043,1.0,96.42,6.0,96.42,,1,16,0,9vfoiax5,,,,,0,1,1
36,zy0t07g5,,0,71,70,post_exp,FinalForProlific,2026-08-24 19:05:06.605976,1,,,137.36,36,,121.9,16,19,,treatment,,0.0,6,1,1.0,,paid_data,95.0,10.0,2.0,0.0,5.0,27.2611152781865,0.0,120.9,12.0,121.9,,1,16,0,9vfoiax5,,,,,0,1,1
37,zs0yllk7,,0,71,70,post_exp,FinalForProlific,2026-08-24 19:07:16.492104,1,,,113.91,37,,130.38,16,12,,treatment,,0.0,3,1,1.0,,free_data,100.0,24.0,1.0,0.0,1.0,30.3829281992374,1.0,130.38,11.0,130.38,,1,16,0,9vfoiax5,,,,,0,1,0
38,9ozs75r2,,0,71,70,post_exp,FinalForProlific,2026-08-24 19:07:56.656898,1,,,107.53,38,,99.64,16,15,,treatment,,0.0,19,1,1.0,,free_data,50.0,25.0,4.0,1.0,4.0,-0.723989516491677,0.0,99.64,7.0,99.64,,1,16,0,9vfoiax5,,,,,0,1,0
39,nn4f2puj,,0,71,70,post_exp,FinalForProlific,2026-08-24 19:14:35.491322,1,,,117.76,39,,111.19,16,12,,treatment,,0.0,14,1,1.0,,paid_data,50.0,20.0,3.0,1.0,3.0,30.3829281992374,1.0,110.19,11.0,111.19,,1,16,0,9vfoiax5,,,,,0,1,1
2,ttbhrq7x,,0,71,70,post_exp,FinalForProlific,2026-08-24 19:04:02.785387,1,,,125.21,2,,103.43,17,9,,treatment,,0.0,10,1,1.0,,free_data,10.0,8.0,3.0,1.0,4.0,24.2659454381039,1.0,102.43,14.0,103.43,,1,17,0,9vfoiax5,,,,,0,1,0
3,h6ra9n61,,0,71,70,post_exp,FinalForProlific,2026-08-24 19:04:04.680764,1,,,144.01,3,,137.66,17,11,,treatment,,0.0,8,0,0.0,,paid_data,100.0,16.0,5.0,,,37.6588629338984,0.0,137.66,12.0,137.66,,1,17,0,9vfoiax5,,,,,0,1,1
4,4tucoz6l,,0,71,70,post_exp,FinalForProlific,2026-08-24 19:04:07.603497,1,,,119.79,4,,110.65,17,8,,treatment,,0.0,6,1,0.0,,free_data,50.0,23.0,3.0,1.0,3.0,19.2982240105404,0.0,109.65,13.0,110.65,,1,17,0,9vfoiax5,,,,,0,1,0
5,47cbw4kl,,0,71,70,post_exp,FinalForProlific,2026-08-24 19:04:07.882773,1,,,141.4,5,,112.13,17,4,,treatment,,0.0,10,1,1.0,,paid_data,95.0,29.0,3.0,1.0,4.0,16.9752110267725,1.0,111.13,15.0,112.13,,1,17,0,9vfoiax5,,,,,0,1,1
6,w1hg4dq2,,0,71,70,post_exp,FinalForProlific,2026-08-24 19:04:08.230442,1,,,121.45,6,,100.56,17,20,,treatment,,0.0,18,1,0.0,,free_data,5.0,0.7,2.0,1.0,4.0,-8.79848578409706,1.0,99.56,15.0,100.56,,1,17,0,9vfoiax5,,,,,0,1,0
7,2am1bt7m,,0,71,70,post_exp,FinalForProlific,2026-08-24 19:04:08.487174,1,,,118.16,7,,103.86,17,10,,treatment,,0.0,14,1,0.0,,free_data,10.0,17.0,3.0,0.0,4.0,28.6089312735897,0.0,102.86,10.0,103.86,,1,17,0,9vfoiax5,,,,,0,1,0
8,f0dtgw15,,0,71,70,post_exp,FinalForProlific,2026-08-24 19:04:08.729020,1,,,129.55,8,,113.33,17,8,,treatment,,0.0,5,1,1.0,,paid_data,95.0,25.0,4.0,1.0,4.0,19.2982240105404,0.0,113.33,15.0,113.33,,1,17,0,9vfoiax5,,,,,0,1,1
9,gtr4o4u4,,0,71,70,post_exp,FinalForProlific,2026-08-24 19:04:09.330479,1,,,126.75,9,,120.08,17,19,,treatment,,0.0,3,1,1.0,,free_data,70.0,15.0,2.0,0.0,4.0,27.2611152781865,0.0,119.08,23.0,120.08,,1,17,0,9vfoiax5,,,,,0,1,0
10,edlvyy4x,,0,71,70,post_exp,FinalForProlific,2026-08-24 19:04:09.368408,1,,,131.35,10,,97.26,17,16,,treatment,,0.0,6,1,1.0,,paid_data,20.0,0.0,3.0,1.0,3.0,6.32159774566318,1.0,96.26,17.0,97.26,,1,17,0,9vfoiax5,,,,,0,1,1
11,454urtzl,,0,71,70,post_exp,FinalForProlific,2026-08-24 19:04:09.375937,1,,,149.46,11,,101.0,17,6,,treatment,,0.0,8,1,1.0,,free_data,0.0,-2.0,3.0,0.0,5.0,22.4078126217597,0.0,100.0,13.0,101.0,,1,17,0,9vfoiax5,,,,,0,1,0
12,y7r9sa4u,,0,71,70,post_exp,FinalForProlific,2026-08-24 19:04:10.658299,1,,,119.6,12,,118.88,17,3,,treatment,,0.0,15,1,1.0,,free_data,100.0,17.0,2.0,1.0,5.0,16.8775714200622,1.0,116.88,12.0,118.88,,1,17,0,9vfoiax5,,,,,0,1,0
13,pm665xdw,,0,71,70,post_exp,FinalForProlific,2026-08-24 19:04:10.667922,1,,,125.96,13,,105.44,17,3,,treatment,,0.0,16,1,1.0,,paid_data,50.0,20.0,3.0,1.0,4.0,16.8775714200622,1.0,103.44,13.0,105.44,,1,17,0,9vfoiax5,,,,,0,1,1
14,qgszrtu9,,0,71,70,post_exp,FinalForProlific,2026-08-24 19:04:11.147052,1,,,121.99,14,,101.58,17,16,,treatment,,0.0,3,0,0.0,,paid_data,25.0,23.0,5.0,,,6.32159774566318,1.0,101.58,11.0,101.58,,1,17,0,9vfoiax5,,,,,0,1,1
15,0z4ddbix,,0,71,70,post_exp,FinalForProlific,2026-08-24 19:04:11.337225,1,,,143.86,15,,98.53,17,3,,treatment,,0.0,10,1,1.0,,paid_data,15.0,6.0,5.0,1.0,5.0,16.8775714200622,1.0,97.53,7.0,98.53,,1,17,0,9vfoiax5,,,,,0,1,1
16,t6rthajw,,0,71,70,post_exp,FinalForProlific,2026-08-24 19:04:12.015053,1,,,132.66,16,,97.88,17,14,,treatment,,0.0,10,1,1.0,,paid_data,15.0,2.0,2.0,0.0,1.0,5.87642608043333,0.0,95.88,11.0,97.88,,1,17,0,9vfoiax5,,,,,0,1,1
17,wel7w6gg,,0,71,70,post_exp,FinalForProlific,2026-08-24 19:04:13.709515,1,,,155.98,17,,95.93,17,15,,treatment,,0.0,18,1,1.0,,paid_data,10.0,5.0,4.0,0.0,4.0,-0.723989516491677,0.0,94.93,16.0,95.93,,1,17,0,9vfoiax5,,,,,0,1,1
18,u4dpd5wy,,0,71,70,post_exp,FinalForProlific,2026-08-24 19:04:14.397432,1,,,122.85,18,,117.81,17,19,,treatment,,0.0,14,1,1.0,,paid_data,80.0,20.0,2.0,0.0,4.0,27.2611152781865,0.0,116.81,17.0,117.81,,1,17,0,9vfoiax5,,,,,0,1,1
19,y3uiqp3t,,0,71,70,post_exp,FinalForProlific,2026-08-24 19:04:14.803975,1,,,133.98,19,,92.42,17,7,,treatment,,0.0,16,1,1.0,,paid_data,75.0,15.0,5.0,1.0,5.0,-4.77007384032043,1.0,91.42,11.0,92.42,,1,17,0,9vfoiax5,,,,,0,1,1
20,atqtlu6a,,0,71,70,post_exp,FinalForProlific,2026-08-24 19:04:15.002851,1,,,126.01,20,,115.75,17,17,,treatment,,0.0,14,1,1.0,,free_data,60.0,20.0,2.0,0.0,4.0,22.9090225541578,0.0,113.75,19.0,115.75,,1,17,0,9vfoiax5,,,,,0,1,0
21,cuq5iz33,,0,71,70,post_exp,FinalForProlific,2026-08-24 19:04:15.286301,1,,,111.24,21,,113.33,17,17,,treatment,,0.0,15,1,1.0,,paid_data,80.0,32.0,3.0,1.0,3.0,22.9090225541578,0.0,113.33,6.0,113.33,,1,17,0,9vfoiax5,,,,,0,1,1
22,4yux8e22,,0,71,70,post_exp,FinalForProlific,2026-08-24 19:04:16.409415,1,,,121.61,22,,105.48,17,6,,treatment,,0.0,16,0,0.0,,paid_data,20.0,20.0,5.0,,,22.4078126217597,0.0,104.48,12.0,105.48,,1,17,0,9vfoiax5,,,,,0,1,1
23,f291tr7u,,0,71,70,post_exp,FinalForProlific,2026-08-24 19:04:17.330849,1,,,136.85,23,,123.41,17,6,,treatment,,0.0,4,1,1.0,,free_data,100.0,10.0,3.0,0.0,3.0,22.4078126217597,0.0,122.41,18.0,123.41,,1,17,0,9vfoiax5,,,,,0,1,0
24,w3cukoe0,,0,71,70,post_exp,FinalForProlific,2026-08-24 19:04:23.181196,1,,,123.6,24,,101.0,17,20,,treatment,,0.0,17,1,1.0,,free_data,0.0,-15.0,5.0,1.0,5.0,-8.79848578409706,1.0,100.0,16.0,101.0,,1,17,0,9vfoiax5,,,,,0,1,0
26,4zd5ned9,,0,71,70,post_exp,FinalForProlific,2026-08-24 19:04:26.439460,1,,,135.3,26,,110.43,17,4,,treatment,,0.0,16,1,1.0,,paid_data,85.0,27.0,4.0,1.0,4.0,16.9752110267725,1.0,109.43,15.0,110.43,,1,17,0,9vfoiax5,,,,,0,1,1
27,mknb67le,,0,71,70,post_exp,FinalForProlific,2026-08-24 19:04:27.321536,1,,,130.06,27,,100.96,17,15,,treatment,,0.0,15,1,1.0,,free_data,5.0,20.0,2.0,0.0,4.0,-0.723989516491677,0.0,99.96,19.0,100.96,,1,17,0,9vfoiax5,,,,,0,1,0
28,sp03734d,,0,71,70,post_exp,FinalForProlific,2026-08-24 19:04:30.219444,1,,,128.17,28,,101.95,17,16,,treatment,,0.0,13,1,1.0,,free_data,15.0,-10.0,3.0,1.0,4.0,6.32159774566318,1.0,100.95,15.0,101.95,,1,17,0,9vfoiax5,,,,,0,1,0
29,m7hitpc7,,0,71,70,post_exp,FinalForProlific,2026-08-24 19:04:32.107936,1,,,139.39,29,,98.94,17,14,,treatment,,0.0,15,1,1.0,,paid_data,50.0,12.0,4.0,0.0,5.0,5.87642608043333,0.0,97.94,17.0,98.94,,1,17,0,9vfoiax5,,,,,0,1,1
30,92y585sb,,0,71,70,post_exp,FinalForProlific,2026-08-24 19:04:32.444838,1,,,122.81,30,,112.83,17,18,,treatment,,0.0,6,1,1.0,,paid_data,88.0,20.0,3.0,0.0,5.0,17.9942787562462,0.0,110.83,19.0,112.83,,1,17,0,9vfoiax5,,,,,0,1,1
31,ki9t1ots,,0,71,70,post_exp,FinalForProlific,2026-08-24 19:04:33.838151,1,,,113.81,31,,100.9,17,18,,treatment,,0.0,19,0,0.0,,paid_data,5.0,-4.0,3.0,,,17.9942787562462,0.0,100.9,10.0,100.9,,1,17,0,9vfoiax5,,,,,0,1,1
32,8ygvklh3,,0,71,70,post_exp,FinalForProlific,2026-08-24 19:04:35.859366,1,,,149.01,32,,128.26,17,19,,treatment,,0.0,17,1,0.0,,free_data,100.0,17.0,4.0,0.0,4.0,27.2611152781865,0.0,127.26,13.0,128.26,,1,17,0,9vfoiax5,,,,,0,1,0
33,j6pfvo4x,,0,71,70,post_exp,FinalForProlific,2026-08-24 19:04:41.745324,1,,,129.0,33,,99.28,17,7,,treatment,,0.0,13,1,1.0,,free_data,15.0,11.0,2.0,0.0,3.0,-4.77007384032043,1.0,99.28,14.0,99.28,,1,17,0,9vfoiax5,,,,,0,1,0
34,mrwqmc94,,0,71,70,post_exp,FinalForProlific,2026-08-24 19:04:49.104405,1,,,140.54,34,,107.06,17,13,,treatment,,0.0,8,1,1.0,,paid_data,90.0,25.0,4.0,1.0,5.0,12.2928746925969,1.0,106.06,17.0,107.06,,1,17,0,9vfoiax5,,,,,0,1,1
35,8lotxa0v,,0,71,70,post_exp,FinalForProlific,2026-08-24 19:05:04.989442,1,,,142.84,35,,117.18,17,17,,treatment,,0.0,19,0,0.0,,paid_data,75.0,13.0,3.0,,,22.9090225541578,0.0,117.18,6.0,117.18,,1,17,0,9vfoiax5,,,,,0,1,1
36,zy0t07g5,,0,71,70,post_exp,FinalForProlific,2026-08-24 19:05:06.605976,1,,,137.36,36,,85.49,17,5,,treatment,,0.0,6,1,1.0,,paid_data,95.0,5.0,3.0,1.0,4.0,-11.0647641062684,1.0,84.49,13.0,85.49,,1,17,0,9vfoiax5,,,,,0,1,1
37,zs0yllk7,,0,71,70,post_exp,FinalForProlific,2026-08-24 19:07:16.492104,1,,,113.91,37,,101.01,17,16,,treatment,,0.0,3,1,1.0,,paid_data,95.0,25.0,1.0,0.0,1.0,6.32159774566318,1.0,101.01,11.0,101.01,,1,17,0,9vfoiax5,,,,,0,1,1
38,9ozs75r2,,0,71,70,post_exp,FinalForProlific,2026-08-24 19:07:56.656898,1,,,107.53,38,,117.19,17,12,,treatment,,0.0,19,1,1.0,,free_data,50.0,30.0,3.0,1.0,4.0,30.3829281992374,1.0,115.19,9.0,117.19,,1,17,0,9vfoiax5,,,,,0,1,0
39,nn4f2puj,,0,71,70,post_exp,FinalForProlific,2026-08-24 19:14:35.491322,1,,,117.76,39,,108.63,17,19,,treatment,,0.0,14,1,1.0,,paid_data,50.0,16.0,3.0,1.0,3.0,27.2611152781865,0.0,108.63,11.0,108.63,,1,17,0,9vfoiax5,,,,,0,1,1
2,ttbhrq7x,,0,71,70,post_exp,FinalForProlific,2026-08-24 19:04:02.785387,1,,,125.21,2,,101.0,18,6,,treatment,,0.0,10,1,1.0,,free_data,0.0,-5.0,2.0,0.0,4.0,22.4078126217597,0.0,100.0,15.0,101.0,,1,18,0,9vfoiax5,,,,,0,1,0
3,h6ra9n61,,0,71,70,post_exp,FinalForProlific,2026-08-24 19:04:04.680764,1,,,144.01,3,,88.94,18,5,,treatment,,0.0,8,0,0.0,,paid_data,100.0,13.0,2.0,,,-11.0647641062684,1.0,88.94,12.0,88.94,,1,18,0,9vfoiax5,,,,,0,1,1
4,4tucoz6l,,0,71,70,post_exp,FinalForProlific,2026-08-24 19:04:07.603497,1,,,119.79,4,,102.86,18,10,,treatment,,0.0,6,1,0.0,,free_data,10.0,9.0,3.0,1.0,3.0,28.6089312735897,0.0,102.86,13.0,102.86,,1,18,0,9vfoiax5,,,,,0,1,0
5,47cbw4kl,,0,71,70,post_exp,FinalForProlific,2026-08-24 19:04:07.882773,1,,,141.4,5,,121.3,18,8,,treatment,,0.0,10,1,0.0,,free_data,100.0,16.0,1.0,0.0,3.0,19.2982240105404,0.0,119.3,17.0,121.3,,1,18,0,9vfoiax5,,,,,0,1,0
6,w1hg4dq2,,0,71,70,post_exp,FinalForProlific,2026-08-24 19:04:08.230442,1,,,121.45,6,,100.85,18,4,,treatment,,0.0,18,0,0.0,,paid_data,5.0,22.0,3.0,,,16.9752110267725,1.0,100.85,15.0,100.85,,1,18,0,9vfoiax5,,,,,0,1,1
7,2am1bt7m,,0,71,70,post_exp,FinalForProlific,2026-08-24 19:04:08.487174,1,,,118.16,7,,99.89,18,5,,treatment,,0.0,14,1,0.0,,free_data,10.0,12.0,4.0,1.0,4.0,-11.0647641062684,1.0,98.89,11.0,99.89,,1,18,0,9vfoiax5,,,,,0,1,0
8,f0dtgw15,,0,71,70,post_exp,FinalForProlific,2026-08-24 19:04:08.729020,1,,,129.55,8,,97.0,18,14,,treatment,,0.0,5,1,1.0,,paid_data,0.0,5.0,4.0,0.0,4.0,5.87642608043333,0.0,95.0,17.0,97.0,,1,18,0,9vfoiax5,,,,,0,1,1
9,gtr4o4u4,,0,71,70,post_exp,FinalForProlific,2026-08-24 19:04:09.330479,1,,,126.75,9,,103.26,18,16,,treatment,,0.0,3,1,1.0,,free_data,20.0,5.0,3.0,1.0,3.0,6.32159774566318,1.0,101.26,25.0,103.26,,1,18,0,9vfoiax5,,,,,0,1,0
10,edlvyy4x,,0,71,70,post_exp,FinalForProlific,2026-08-24 19:04:09.368408,1,,,131.35,10,,106.72,18,10,,treatment,,0.0,6,1,1.0,,free_data,20.0,10.0,3.0,0.0,3.0,28.6089312735897,0.0,105.72,18.0,106.72,,1,18,0,9vfoiax5,,,,,0,1,0
11,454urtzl,,0,71,70,post_exp,FinalForProlific,2026-08-24 19:04:09.375937,1,,,149.46,11,,126.27,18,9,,treatment,,0.0,8,1,1.0,,free_data,100.0,22.0,5.0,1.0,5.0,24.2659454381039,1.0,124.27,15.0,126.27,,1,18,0,9vfoiax5,,,,,0,1,0
12,y7r9sa4u,,0,71,70,post_exp,FinalForProlific,2026-08-24 19:04:10.658299,1,,,119.6,12,,119.05,18,9,,treatment,,0.0,15,1,1.0,,paid_data,95.0,16.0,2.0,1.0,3.0,24.2659454381039,1.0,118.05,13.0,119.05,,1,18,0,9vfoiax5,,,,,0,1,1
13,pm665xdw,,0,71,70,post_exp,FinalForProlific,2026-08-24 19:04:10.667922,1,,,125.96,13,,100.48,18,6,,treatment,,0.0,16,1,1.0,,paid_data,20.0,8.0,1.0,0.0,1.0,22.4078126217597,0.0,99.48,14.0,100.48,,1,18,0,9vfoiax5,,,,,0,1,1
14,qgszrtu9,,0,71,70,post_exp,FinalForProlific,2026-08-24 19:04:11.147052,1,,,121.99,14,,100.24,18,4,,treatment,,0.0,3,1,1.0,,paid_data,25.0,26.0,5.0,1.0,5.0,16.9752110267725,1.0,99.24,12.0,100.24,,1,18,0,9vfoiax5,,,,,0,1,1
15,0z4ddbix,,0,71,70,post_exp,FinalForProlific,2026-08-24 19:04:11.337225,1,,,143.86,15,,131.38,18,12,,treatment,,0.0,10,1,1.0,,free_data,100.0,15.0,5.0,1.0,5.0,30.3829281992374,1.0,130.38,8.0,131.38,,1,18,0,9vfoiax5,,,,,0,1,0
16,t6rthajw,,0,71,70,post_exp,FinalForProlific,2026-08-24 19:04:12.015053,1,,,132.66,16,,110.31,18,17,,treatment,,0.0,10,1,1.0,,free_data,45.0,17.0,2.0,1.0,2.0,22.9090225541578,0.0,110.31,11.0,110.31,,1,18,0,9vfoiax5,,,,,0,1,0
17,wel7w6gg,,0,71,70,post_exp,FinalForProlific,2026-08-24 19:04:13.709515,1,,,155.98,17,,131.38,18,12,,treatment,,0.0,18,1,1.0,,free_data,100.0,20.0,4.0,1.0,4.0,30.3829281992374,1.0,130.38,17.0,131.38,,1,18,0,9vfoiax5,,,,,0,1,0
18,u4dpd5wy,,0,71,70,post_exp,FinalForProlific,2026-08-24 19:04:14.397432,1,,,122.85,18,,112.13,18,4,,treatment,,0.0,14,1,1.0,,paid_data,95.0,30.0,3.0,1.0,4.0,16.9752110267725,1.0,111.13,18.0,112.13,,1,18,0,9vfoiax5,,,,,0,1,1
19,y3uiqp3t,,0,71,70,post_exp,FinalForProlific,2026-08-24 19:04:14.803975,1,,,133.98,19,,87.64,18,20,,treatment,,0.0,16,1,1.0,,paid_data,95.0,30.0,4.0,1.0,5.0,-8.79848578409706,1.0,86.64,12.0,87.64,,1,18,0,9vfoiax5,,,,,0,1,1
20,atqtlu6a,,0,71,70,post_exp,FinalForProlific,2026-08-24 19:04:15.002851,1,,,126.01,20,,99.89,18,5,,treatment,,0.0,14,1,0.0,,free_data,10.0,2.0,4.0,1.0,3.0,-11.0647641062684,1.0,98.89,20.0,99.89,,1,18,0,9vfoiax5,,,,,0,1,0
21,cuq5iz33,,0,71,70,post_exp,FinalForProlific,2026-08-24 19:04:15.286301,1,,,111.24,21,,98.61,18,7,,treatment,,0.0,15,1,1.0,,free_data,50.0,22.0,3.0,1.0,3.0,-4.77007384032043,1.0,97.61,7.0,98.61,,1,18,0,9vfoiax5,,,,,0,1,0
22,4yux8e22,,0,71,70,post_exp,FinalForProlific,2026-08-24 19:04:16.409415,1,,,121.61,22,,103.7,18,4,,treatment,,0.0,16,1,0.0,,free_data,10.0,15.0,5.0,1.0,5.0,16.9752110267725,1.0,101.7,14.0,103.7,,1,18,0,9vfoiax5,,,,,0,1,0
23,f291tr7u,,0,71,70,post_exp,FinalForProlific,2026-08-24 19:04:17.330849,1,,,136.85,23,,102.0,18,7,,treatment,,0.0,4,1,1.0,,free_data,0.0,0.0,2.0,1.0,3.0,-4.77007384032043,1.0,100.0,20.0,102.0,,1,18,0,9vfoiax5,,,,,0,1,0
24,w3cukoe0,,0,71,70,post_exp,FinalForProlific,2026-08-24 19:04:23.181196,1,,,123.6,24,,110.51,18,8,,treatment,,0.0,17,1,1.0,,paid_data,70.0,20.0,4.0,0.0,5.0,19.2982240105404,0.0,108.51,18.0,110.51,,1,18,0,9vfoiax5,,,,,0,1,1
26,4zd5ned9,,0,71,70,post_exp,FinalForProlific,2026-08-24 19:04:26.439460,1,,,135.3,26,,113.6,18,18,,treatment,,0.0,16,1,1.0,,free_data,70.0,7.0,4.0,0.0,4.0,17.9942787562462,0.0,112.6,16.0,113.6,,1,18,0,9vfoiax5,,,,,0,1,0
27,mknb67le,,0,71,70,post_exp,FinalForProlific,2026-08-24 19:04:27.321536,1,,,130.06,27,,98.15,18,17,,treatment,,0.0,15,1,1.0,,paid_data,5.0,25.0,2.0,0.0,4.0,22.9090225541578,0.0,96.15,21.0,98.15,,1,18,0,9vfoiax5,,,,,0,1,1
28,sp03734d,,0,71,70,post_exp,FinalForProlific,2026-08-24 19:04:30.219444,1,,,128.17,28,,100.36,18,6,,treatment,,0.0,13,1,1.0,,paid_data,15.0,20.0,3.0,0.0,5.0,22.4078126217597,0.0,98.36,17.0,100.36,,1,18,0,9vfoiax5,,,,,0,1,1
29,m7hitpc7,,0,71,70,post_exp,FinalForProlific,2026-08-24 19:04:32.107936,1,,,139.39,29,,97.0,18,20,,treatment,,0.0,15,1,1.0,,paid_data,0.0,-5.0,5.0,1.0,5.0,-8.79848578409706,1.0,95.0,19.0,97.0,,1,18,0,9vfoiax5,,,,,0,1,1
30,92y585sb,,0,71,70,post_exp,FinalForProlific,2026-08-24 19:04:32.444838,1,,,122.81,30,,122.29,18,6,,treatment,,0.0,6,1,1.0,,free_data,95.0,8.0,3.0,0.0,5.0,22.4078126217597,0.0,121.29,20.0,122.29,,1,18,0,9vfoiax5,,,,,0,1,0
31,ki9t1ots,,0,71,70,post_exp,FinalForProlific,2026-08-24 19:04:33.838151,1,,,113.81,31,,101.43,18,10,,treatment,,0.0,19,0,0.0,,paid_data,5.0,17.0,4.0,,,28.6089312735897,0.0,101.43,10.0,101.43,,1,18,0,9vfoiax5,,,,,0,1,1
32,8ygvklh3,,0,71,70,post_exp,FinalForProlific,2026-08-24 19:04:35.859366,1,,,149.01,32,,112.13,18,4,,treatment,,0.0,17,1,1.0,,paid_data,95.0,30.0,5.0,1.0,5.0,16.9752110267725,1.0,111.13,14.0,112.13,,1,18,0,9vfoiax5,,,,,0,1,1
33,j6pfvo4x,,0,71,70,post_exp,FinalForProlific,2026-08-24 19:04:41.745324,1,,,129.0,33,,100.45,18,19,,treatment,,0.0,13,1,1.0,,paid_data,20.0,5.0,3.0,1.0,3.0,27.2611152781865,0.0,100.45,14.0,100.45,,1,18,0,9vfoiax5,,,,,0,1,1
34,mrwqmc94,,0,71,70,post_exp,FinalForProlific,2026-08-24 19:04:49.104405,1,,,140.54,34,,99.89,18,5,,treatment,,0.0,8,1,1.0,,free_data,10.0,3.0,3.0,1.0,5.0,-11.0647641062684,1.0,98.89,18.0,99.89,,1,18,0,9vfoiax5,,,,,0,1,0
35,8lotxa0v,,0,71,70,post_exp,FinalForProlific,2026-08-24 19:05:04.989442,1,,,142.84,35,,125.27,18,9,,treatment,,0.0,19,1,0.0,,free_data,100.0,15.0,3.0,1.0,3.0,24.2659454381039,1.0,124.27,7.0,125.27,,1,18,0,9vfoiax5,,,,,0,1,0
36,zy0t07g5,,0,71,70,post_exp,FinalForProlific,2026-08-24 19:05:06.605976,1,,,137.36,36,,91.47,18,7,,treatment,,0.0,6,1,1.0,,paid_data,95.0,8.0,2.0,1.0,4.0,-4.77007384032043,1.0,90.47,14.0,91.47,,1,18,0,9vfoiax5,,,,,0,1,1
37,zs0yllk7,,0,71,70,post_exp,FinalForProlific,2026-08-24 19:07:16.492104,1,,,113.91,37,,87.64,18,20,,treatment,,0.0,3,1,1.0,,paid_data,95.0,40.0,1.0,1.0,1.0,-8.79848578409706,1.0,86.64,12.0,87.64,,1,18,0,9vfoiax5,,,,,0,1,1
38,9ozs75r2,,0,71,70,post_exp,FinalForProlific,2026-08-24 19:07:56.656898,1,,,107.53,38,,112.54,18,8,,treatment,,0.0,19,1,1.0,,free_data,65.0,25.0,5.0,1.0,4.0,19.2982240105404,0.0,112.54,9.0,112.54,,1,18,0,9vfoiax5,,,,,0,1,0
39,nn4f2puj,,0,71,70,post_exp,FinalForProlific,2026-08-24 19:14:35.491322,1,,,117.76,39,,118.83,18,11,,treatment,,0.0,14,1,1.0,,free_data,50.0,10.0,3.0,1.0,3.0,37.6588629338984,0.0,118.83,11.0,118.83,,1,18,0,9vfoiax5,,,,,0,1,0
2,ttbhrq7x,,0,71,70,post_exp,FinalForProlific,2026-08-24 19:04:02.785387,1,,,125.21,2,,95.93,19,15,,treatment,,0.0,10,1,1.0,,paid_data,10.0,15.0,2.0,0.0,4.0,-0.723989516491677,0.0,94.93,16.0,95.93,,1,19,0,9vfoiax5,,,,,0,1,1
3,h6ra9n61,,0,71,70,post_exp,FinalForProlific,2026-08-24 19:04:04.680764,1,,,144.01,3,,118.98,19,4,,treatment,,0.0,8,1,0.0,,free_data,100.0,12.0,3.0,1.0,5.0,16.9752110267725,1.0,116.98,14.0,118.98,,1,19,0,9vfoiax5,,,,,0,1,0
4,4tucoz6l,,0,71,70,post_exp,FinalForProlific,2026-08-24 19:04:07.603497,1,,,119.79,4,,104.48,19,6,,treatment,,0.0,6,0,0.0,,paid_data,20.0,15.0,4.0,,,22.4078126217597,0.0,104.48,13.0,104.48,,1,19,0,9vfoiax5,,,,,0,1,1
5,47cbw4kl,,0,71,70,post_exp,FinalForProlific,2026-08-24 19:04:07.882773,1,,,141.4,5,,100.28,19,15,,treatment,,0.0,10,1,1.0,,free_data,100.0,17.0,1.0,0.0,3.0,-0.723989516491677,0.0,99.28,18.0,100.28,,1,19,0,9vfoiax5,,,,,0,1,0
6,w1hg4dq2,,0,71,70,post_exp,FinalForProlific,2026-08-24 19:04:08.230442,1,,,121.45,6,,102.29,19,14,,treatment,,0.0,18,1,0.0,,free_data,5.0,2.0,3.0,0.0,3.0,5.87642608043333,0.0,100.29,17.0,102.29,,1,19,0,9vfoiax5,,,,,0,1,0
7,2am1bt7m,,0,71,70,post_exp,FinalForProlific,2026-08-24 19:04:08.487174,1,,,118.16,7,,100.93,19,15,,treatment,,0.0,14,1,0.0,,free_data,10.0,20.0,3.0,0.0,3.0,-0.723989516491677,0.0,99.93,12.0,100.93,,1,19,0,9vfoiax5,,,,,0,1,0
8,f0dtgw15,,0,71,70,post_exp,FinalForProlific,2026-08-24 19:04:08.729020,1,,,129.55,8,,130.61,19,10,,treatment,,0.0,5,1,1.0,,free_data,100.0,25.0,4.0,0.0,5.0,28.6089312735897,0.0,128.61,19.0,130.61,,1,19,0,9vfoiax5,,,,,0,1,0
9,gtr4o4u4,,0,71,70,post_exp,FinalForProlific,2026-08-24 19:04:09.330479,1,,,126.75,9,,105.11,19,12,,treatment,,0.0,3,1,1.0,,paid_data,30.0,15.0,4.0,1.0,4.0,30.3829281992374,1.0,104.11,26.0,105.11,,1,19,0,9vfoiax5,,,,,0,1,1
10,edlvyy4x,,0,71,70,post_exp,FinalForProlific,2026-08-24 19:04:09.368408,1,,,131.35,10,,105.48,19,6,,treatment,,0.0,6,1,1.0,,free_data,20.0,22.0,3.0,1.0,4.0,22.4078126217597,0.0,104.48,19.0,105.48,,1,19,0,9vfoiax5,,,,,0,1,0
11,454urtzl,,0,71,70,post_exp,FinalForProlific,2026-08-24 19:04:09.375937,1,,,149.46,11,,118.99,19,18,,treatment,,0.0,8,1,1.0,,free_data,100.0,24.0,2.0,0.0,4.0,17.9942787562462,0.0,117.99,16.0,118.99,,1,19,0,9vfoiax5,,,,,0,1,0
12,y7r9sa4u,,0,71,70,post_exp,FinalForProlific,2026-08-24 19:04:10.658299,1,,,119.6,12,,127.26,19,19,,treatment,,0.0,15,1,1.0,,free_data,100.0,17.0,3.0,1.0,3.0,27.2611152781865,0.0,127.26,13.0,127.26,,1,19,0,9vfoiax5,,,,,0,1,0
13,pm665xdw,,0,71,70,post_exp,FinalForProlific,2026-08-24 19:04:10.667922,1,,,125.96,13,,116.19,19,12,,treatment,,0.0,16,1,1.0,,free_data,50.0,17.0,3.0,1.0,2.0,30.3829281992374,1.0,115.19,15.0,116.19,,1,19,0,9vfoiax5,,,,,0,1,0
14,qgszrtu9,,0,71,70,post_exp,FinalForProlific,2026-08-24 19:04:11.147052,1,,,121.99,14,,100.28,19,7,,treatment,,0.0,3,1,1.0,,free_data,15.0,13.0,4.0,1.0,5.0,-4.77007384032043,1.0,99.28,13.0,100.28,,1,19,0,9vfoiax5,,,,,0,1,0
15,0z4ddbix,,0,71,70,post_exp,FinalForProlific,2026-08-24 19:04:11.337225,1,,,143.86,15,,122.91,19,17,,treatment,,0.0,10,1,0.0,,free_data,100.0,10.0,5.0,1.0,5.0,22.9090225541578,0.0,122.91,8.0,122.91,,1,19,0,9vfoiax5,,,,,0,1,0
16,t6rthajw,,0,71,70,post_exp,FinalForProlific,2026-08-24 19:04:12.015053,1,,,132.66,16,,129.26,19,19,,treatment,,0.0,10,1,0.0,,free_data,100.0,28.0,1.0,0.0,3.0,27.2611152781865,0.0,127.26,13.0,129.26,,1,19,0,9vfoiax5,,,,,0,1,0
17,wel7w6gg,,0,71,70,post_exp,FinalForProlific,2026-08-24 19:04:13.709515,1,,,155.98,17,,123.18,19,10,,treatment,,0.0,18,1,1.0,,paid_data,95.0,17.0,4.0,0.0,4.0,28.6089312735897,0.0,122.18,18.0,123.18,,1,19,0,9vfoiax5,,,,,0,1,1
18,u4dpd5wy,,0,71,70,post_exp,FinalForProlific,2026-08-24 19:04:14.397432,1,,,122.85,18,,96.0,19,14,,treatment,,0.0,14,1,1.0,,paid_data,0.0,-5.0,2.0,0.0,4.0,5.87642608043333,0.0,95.0,19.0,96.0,,1,19,0,9vfoiax5,,,,,0,1,1
19,y3uiqp3t,,0,71,70,post_exp,FinalForProlific,2026-08-24 19:04:14.803975,1,,,133.98,19,,120.3,19,8,,treatment,,0.0,16,1,1.0,,free_data,100.0,20.0,4.0,1.0,5.0,19.2982240105404,0.0,119.3,13.0,120.3,,1,19,0,9vfoiax5,,,,,0,1,0
20,atqtlu6a,,0,71,70,post_exp,FinalForProlific,2026-08-24 19:04:15.002851,1,,,126.01,20,,101.0,19,20,,treatment,,0.0,14,1,1.0,,free_data,0.0,-1.0,4.0,1.0,5.0,-8.79848578409706,1.0,100.0,21.0,101.0,,1,19,0,9vfoiax5,,,,,0,1,0
21,cuq5iz33,,0,71,70,post_exp,FinalForProlific,2026-08-24 19:04:15.286301,1,,,111.24,21,,100.0,19,14,,treatment,,0.0,15,1,0.0,,free_data,0.0,-5.0,3.0,1.0,3.0,5.87642608043333,0.0,100.0,7.0,100.0,,1,19,0,9vfoiax5,,,,,0,1,0
22,4yux8e22,,0,71,70,post_exp,FinalForProlific,2026-08-24 19:04:16.409415,1,,,121.61,22,,102.43,19,9,,treatment,,0.0,16,0,0.0,,paid_data,10.0,15.0,5.0,,,24.2659454381039,1.0,102.43,14.0,102.43,,1,19,0,9vfoiax5,,,,,0,1,1
23,f291tr7u,,0,71,70,post_exp,FinalForProlific,2026-08-24 19:04:17.330849,1,,,136.85,23,,112.13,19,4,,treatment,,0.0,4,1,1.0,,paid_data,95.0,28.0,3.0,1.0,3.0,16.9752110267725,1.0,111.13,21.0,112.13,,1,19,0,9vfoiax5,,,,,0,1,1
24,w3cukoe0,,0,71,70,post_exp,FinalForProlific,2026-08-24 19:04:23.181196,1,,,123.6,24,,116.19,19,3,,treatment,,0.0,17,1,1.0,,free_data,90.0,25.0,5.0,1.0,3.0,16.8775714200622,1.0,115.19,19.0,116.19,,1,19,0,9vfoiax5,,,,,0,1,0
26,4zd5ned9,,0,71,70,post_exp,FinalForProlific,2026-08-24 19:04:26.439460,1,,,135.3,26,,95.0,19,14,,treatment,,0.0,16,1,1.0,,paid_data,0.0,0.0,4.0,1.0,4.0,5.87642608043333,0.0,95.0,16.0,95.0,,1,19,0,9vfoiax5,,,,,0,1,1
27,mknb67le,,0,71,70,post_exp,FinalForProlific,2026-08-24 19:04:27.321536,1,,,130.06,27,,99.04,19,12,,treatment,,0.0,15,1,1.0,,paid_data,10.0,15.0,3.0,1.0,4.0,30.3829281992374,1.0,98.04,22.0,99.04,,1,19,0,9vfoiax5,,,,,0,1,1
28,sp03734d,,0,71,70,post_exp,FinalForProlific,2026-08-24 19:04:30.219444,1,,,128.17,28,,106.63,19,12,,treatment,,0.0,13,1,1.0,,paid_data,35.0,22.0,4.0,1.0,4.0,30.3829281992374,1.0,105.63,18.0,106.63,,1,19,0,9vfoiax5,,,,,0,1,1
29,m7hitpc7,,0,71,70,post_exp,FinalForProlific,2026-08-24 19:04:32.107936,1,,,139.39,29,,112.88,19,4,,treatment,,0.0,15,1,1.0,,free_data,70.0,22.0,4.0,1.0,5.0,16.9752110267725,1.0,111.88,20.0,112.88,,1,19,0,9vfoiax5,,,,,0,1,0
30,92y585sb,,0,71,70,post_exp,FinalForProlific,2026-08-24 19:04:32.444838,1,,,122.81,30,,101.74,19,16,,treatment,,0.0,6,1,1.0,,paid_data,75.0,5.0,3.0,1.0,3.0,6.32159774566318,1.0,99.74,22.0,101.74,,1,19,0,9vfoiax5,,,,,0,1,1
31,ki9t1ots,,0,71,70,post_exp,FinalForProlific,2026-08-24 19:04:33.838151,1,,,113.81,31,,99.56,19,20,,treatment,,0.0,19,0,0.0,,paid_data,5.0,28.0,2.0,,,-8.79848578409706,1.0,99.56,10.0,99.56,,1,19,0,9vfoiax5,,,,,0,1,1
32,8ygvklh3,,0,71,70,post_exp,FinalForProlific,2026-08-24 19:04:35.859366,1,,,149.01,32,,138.66,19,11,,treatment,,0.0,17,1,0.0,,free_data,100.0,5.0,5.0,0.0,4.0,37.6588629338984,0.0,137.66,15.0,138.66,,1,19,0,9vfoiax5,,,,,0,1,0
33,j6pfvo4x,,0,71,70,post_exp,FinalForProlific,2026-08-24 19:04:41.745324,1,,,129.0,33,,100.0,19,9,,treatment,,0.0,13,1,1.0,,free_data,0.0,2.0,2.0,0.0,2.0,24.2659454381039,1.0,100.0,14.0,100.0,,1,19,0,9vfoiax5,,,,,0,1,0
34,mrwqmc94,,0,71,70,post_exp,FinalForProlific,2026-08-24 19:04:49.104405,1,,,140.54,34,,103.89,19,8,,treatment,,0.0,8,1,1.0,,free_data,15.0,5.0,1.0,0.0,4.0,19.2982240105404,0.0,102.89,19.0,103.89,,1,19,0,9vfoiax5,,,,,0,1,0
35,8lotxa0v,,0,71,70,post_exp,FinalForProlific,2026-08-24 19:05:04.989442,1,,,142.84,35,,129.24,19,11,,treatment,,0.0,19,1,0.0,,free_data,75.0,10.0,3.0,0.0,3.0,37.6588629338984,0.0,128.24,8.0,129.24,,1,19,0,9vfoiax5,,,,,0,1,0
36,zy0t07g5,,0,71,70,post_exp,FinalForProlific,2026-08-24 19:05:06.605976,1,,,137.36,36,,126.27,19,9,,treatment,,0.0,6,1,1.0,,free_data,100.0,28.0,3.0,1.0,5.0,24.2659454381039,1.0,124.27,16.0,126.27,,1,19,0,9vfoiax5,,,,,0,1,0
37,zs0yllk7,,0,71,70,post_exp,FinalForProlific,2026-08-24 19:07:16.492104,1,,,113.91,37,,118.76,19,17,,treatment,,0.0,3,1,1.0,,paid_data,95.0,20.0,1.0,0.0,1.0,22.9090225541578,0.0,116.76,14.0,118.76,,1,19,0,9vfoiax5,,,,,0,1,1
38,9ozs75r2,,0,71,70,post_exp,FinalForProlific,2026-08-24 19:07:56.656898,1,,,107.53,38,,91.18,19,7,,treatment,,0.0,19,1,1.0,,paid_data,80.0,30.0,5.0,0.0,4.0,-4.77007384032043,1.0,91.18,9.0,91.18,,1,19,0,9vfoiax5,,,,,0,1,1
39,nn4f2puj,,0,71,70,post_exp,FinalForProlific,2026-08-24 19:14:35.491322,1,,,117.76,39,,106.2,19,6,,treatment,,0.0,14,1,1.0,,paid_data,50.0,-3.0,3.0,1.0,3.0,22.4078126217597,0.0,106.2,11.0,106.2,,1,19,0,9vfoiax5,,,,,0,1,1
2,ttbhrq7x,,0,71,70,post_exp,FinalForProlific,2026-08-24 19:04:02.785387,1,,,125.21,2,,95.0,20,14,,treatment,,0.0,10,1,1.0,,paid_data,0.0,-15.0,2.0,1.0,3.0,5.87642608043333,0.0,95.0,16.0,95.0,,1,20,0,9vfoiax5,,,,,0,1,1
3,h6ra9n61,,0,71,70,post_exp,FinalForProlific,2026-08-24 19:04:04.680764,1,,,144.01,3,,125.27,20,9,,treatment,,0.0,8,1,0.0,,free_data,100.0,15.0,4.0,1.0,5.0,24.2659454381039,1.0,124.27,15.0,125.27,,1,20,0,9vfoiax5,,,,,0,1,0
4,4tucoz6l,,0,71,70,post_exp,FinalForProlific,2026-08-24 19:04:07.603497,1,,,119.79,4,,105.45,20,19,,treatment,,0.0,6,0,0.0,,paid_data,20.0,15.0,3.0,,,27.2611152781865,0.0,105.45,13.0,105.45,,1,20,0,9vfoiax5,,,,,0,1,1
5,47cbw4kl,,0,71,70,post_exp,FinalForProlific,2026-08-24 19:04:07.882773,1,,,141.4,5,,96.0,20,5,,treatment,,0.0,10,1,1.0,,paid_data,0.0,0.0,2.0,1.0,3.0,-11.0647641062684,1.0,95.0,19.0,96.0,,1,20,0,9vfoiax5,,,,,0,1,1
6,w1hg4dq2,,0,71,70,post_exp,FinalForProlific,2026-08-24 19:04:08.230442,1,,,121.45,6,,101.43,20,10,,treatment,,0.0,18,0,0.0,,paid_data,5.0,7.0,3.0,,,28.6089312735897,0.0,101.43,17.0,101.43,,1,20,0,9vfoiax5,,,,,0,1,1
7,2am1bt7m,,0,71,70,post_exp,FinalForProlific,2026-08-24 19:04:08.487174,1,,,118.16,7,,102.7,20,4,,treatment,,0.0,14,0,0.0,,paid_data,10.0,20.0,5.0,,,16.9752110267725,1.0,101.7,13.0,102.7,,1,20,0,9vfoiax5,,,,,0,1,1
8,f0dtgw15,,0,71,70,post_exp,FinalForProlific,2026-08-24 19:04:08.729020,1,,,129.55,8,,118.79,20,12,,treatment,,0.0,5,1,1.0,,paid_data,75.0,12.5,4.0,1.0,4.0,30.3829281992374,1.0,117.79,20.0,118.79,,1,20,0,9vfoiax5,,,,,0,1,1
9,gtr4o4u4,,0,71,70,post_exp,FinalForProlific,2026-08-24 19:04:09.330479,1,,,126.75,9,,93.61,20,7,,treatment,,0.0,3,1,1.0,,paid_data,50.0,15.0,3.0,1.0,3.0,-4.77007384032043,1.0,92.61,27.0,93.61,,1,20,0,9vfoiax5,,,,,0,1,1
10,edlvyy4x,,0,71,70,post_exp,FinalForProlific,2026-08-24 19:04:09.368408,1,,,131.35,10,,98.79,20,5,,treatment,,0.0,6,1,1.0,,free_data,20.0,10.0,4.0,1.0,5.0,-11.0647641062684,1.0,97.79,20.0,98.79,,1,20,0,9vfoiax5,,,,,0,1,0
11,454urtzl,,0,71,70,post_exp,FinalForProlific,2026-08-24 19:04:09.375937,1,,,149.46,11,,124.91,20,17,,treatment,,0.0,8,1,1.0,,free_data,100.0,19.0,4.0,0.0,5.0,22.9090225541578,0.0,122.91,18.0,124.91,,1,20,0,9vfoiax5,,,,,0,1,0
12,y7r9sa4u,,0,71,70,post_exp,FinalForProlific,2026-08-24 19:04:10.658299,1,,,119.6,12,,100.0,20,15,,treatment,,0.0,15,1,1.0,,free_data,0.0,5.0,2.0,1.0,4.0,-0.723989516491677,0.0,100.0,13.0,100.0,,1,20,0,9vfoiax5,,,,,0,1,0
13,pm665xdw,,0,71,70,post_exp,FinalForProlific,2026-08-24 19:04:10.667922,1,,,125.96,13,,103.53,20,11,,treatment,,0.0,16,1,1.0,,paid_data,20.0,12.0,2.0,0.0,4.0,37.6588629338984,0.0,102.53,16.0,103.53,,1,20,0,9vfoiax5,,,,,0,1,1
14,qgszrtu9,,0,71,70,post_exp,FinalForProlific,2026-08-24 19:04:11.147052,1,,,121.99,14,,99.24,20,6,,treatment,,0.0,3,1,1.0,,paid_data,10.0,18.0,2.0,0.0,5.0,22.4078126217597,0.0,97.24,15.0,99.24,,1,20,0,9vfoiax5,,,,,0,1,1
15,0z4ddbix,,0,71,70,post_exp,FinalForProlific,2026-08-24 19:04:11.337225,1,,,143.86,15,,124.41,20,6,,treatment,,0.0,10,1,1.0,,free_data,100.0,21.0,4.0,0.0,5.0,22.4078126217597,0.0,122.41,10.0,124.41,,1,20,0,9vfoiax5,,,,,0,1,0
16,t6rthajw,,0,71,70,post_exp,FinalForProlific,2026-08-24 19:04:12.015053,1,,,132.66,16,,104.6,20,18,,treatment,,0.0,10,1,1.0,,free_data,20.0,3.0,1.0,0.0,3.0,17.9942787562462,0.0,103.6,14.0,104.6,,1,20,0,9vfoiax5,,,,,0,1,0
17,wel7w6gg,,0,71,70,post_exp,FinalForProlific,2026-08-24 19:04:13.709515,1,,,155.98,17,,92.2,20,20,,treatment,,0.0,18,1,1.0,,free_data,100.0,10.0,4.0,1.0,4.0,-8.79848578409706,1.0,91.2,19.0,92.2,,1,20,0,9vfoiax5,,,,,0,1,0
18,u4dpd5wy,,0,71,70,post_exp,FinalForProlific,2026-08-24 19:04:14.397432,1,,,122.85,18,,111.4,20,18,,treatment,,0.0,14,1,1.0,,paid_data,80.0,15.0,1.0,0.0,3.0,17.9942787562462,0.0,109.4,21.0,111.4,,1,20,0,9vfoiax5,,,,,0,1,1
19,y3uiqp3t,,0,71,70,post_exp,FinalForProlific,2026-08-24 19:04:14.803975,1,,,133.98,19,,101.01,20,16,,treatment,,0.0,16,1,1.0,,paid_data,95.0,25.0,4.0,0.0,5.0,6.32159774566318,1.0,101.01,13.0,101.01,,1,20,0,9vfoiax5,,,,,0,1,1
20,atqtlu6a,,0,71,70,post_exp,FinalForProlific,2026-08-24 19:04:15.002851,1,,,126.01,20,,112.19,20,3,,treatment,,0.0,14,1,1.0,,paid_data,90.0,19.0,5.0,1.0,4.0,16.8775714200622,1.0,110.19,23.0,112.19,,1,20,0,9vfoiax5,,,,,0,1,1
21,cuq5iz33,,0,71,70,post_exp,FinalForProlific,2026-08-24 19:04:15.286301,1,,,111.24,21,,114.5,20,3,,treatment,,0.0,15,0,0.0,,paid_data,80.0,18.0,3.0,,,16.8775714200622,1.0,113.5,8.0,114.5,,1,20,0,9vfoiax5,,,,,0,1,1
22,4yux8e22,,0,71,70,post_exp,FinalForProlific,2026-08-24 19:04:16.409415,1,,,121.61,22,,97.79,20,5,,treatment,,0.0,16,0,0.0,,paid_data,20.0,15.0,5.0,,,-11.0647641062684,1.0,97.79,14.0,97.79,,1,20,0,9vfoiax5,,,,,0,1,1
23,f291tr7u,,0,71,70,post_exp,FinalForProlific,2026-08-24 19:04:17.330849,1,,,136.85,23,,101.0,20,16,,treatment,,0.0,4,1,1.0,,free_data,0.0,0.0,2.0,1.0,3.0,6.32159774566318,1.0,100.0,22.0,101.0,,1,20,0,9vfoiax5,,,,,0,1,0
24,w3cukoe0,,0,71,70,post_exp,FinalForProlific,2026-08-24 19:04:23.181196,1,,,123.6,24,,96.0,20,11,,treatment,,0.0,17,1,1.0,,paid_data,0.0,0.0,5.0,0.0,5.0,37.6588629338984,0.0,95.0,20.0,96.0,,1,20,0,9vfoiax5,,,,,0,1,1
26,4zd5ned9,,0,71,70,post_exp,FinalForProlific,2026-08-24 19:04:26.439460,1,,,135.3,26,,120.05,20,9,,treatment,,0.0,16,1,1.0,,paid_data,95.0,28.0,4.0,1.0,5.0,24.2659454381039,1.0,118.05,18.0,120.05,,1,20,0,9vfoiax5,,,,,0,1,1
27,mknb67le,,0,71,70,post_exp,FinalForProlific,2026-08-24 19:04:27.321536,1,,,130.06,27,,101.29,20,14,,treatment,,0.0,15,1,1.0,,free_data,5.0,21.0,1.0,0.0,4.0,5.87642608043333,0.0,100.29,23.0,101.29,,1,20,0,9vfoiax5,,,,,0,1,0
28,sp03734d,,0,71,70,post_exp,FinalForProlific,2026-08-24 19:04:30.219444,1,,,128.17,28,,106.94,20,4,,treatment,,0.0,13,1,1.0,,free_data,35.0,25.0,4.0,1.0,4.0,16.9752110267725,1.0,105.94,19.0,106.94,,1,20,0,9vfoiax5,,,,,0,1,0
29,m7hitpc7,,0,71,70,post_exp,FinalForProlific,2026-08-24 19:04:32.107936,1,,,139.39,29,,111.08,20,6,,treatment,,0.0,15,1,1.0,,free_data,45.0,8.0,3.0,0.0,5.0,22.4078126217597,0.0,110.08,21.0,111.08,,1,20,0,9vfoiax5,,,,,0,1,0
30,92y585sb,,0,71,70,post_exp,FinalForProlific,2026-08-24 19:04:32.444838,1,,,122.81,30,,86.04,20,5,,treatment,,0.0,6,1,1.0,,paid_data,90.0,7.5,4.0,1.0,5.0,-11.0647641062684,1.0,85.04,23.0,86.04,,1,20,0,9vfoiax5,,,,,0,1,1
31,ki9t1ots,,0,71,70,post_exp,FinalForProlific,2026-08-24 19:04:33.838151,1,,,113.81,31,,100.44,20,16,,treatment,,0.0,19,0,0.0,,paid_data,7.0,-4.0,3.0,,,6.32159774566318,1.0,100.44,10.0,100.44,,1,20,0,9vfoiax5,,,,,0,1,1
32,8ygvklh3,,0,71,70,post_exp,FinalForProlific,2026-08-24 19:04:35.859366,1,,,149.01,32,,114.09,20,18,,treatment,,0.0,17,1,1.0,,paid_data,95.0,22.0,4.0,0.0,5.0,17.9942787562462,0.0,112.09,17.0,114.09,,1,20,0,9vfoiax5,,,,,0,1,1
33,j6pfvo4x,,0,71,70,post_exp,FinalForProlific,2026-08-24 19:04:41.745324,1,,,129.0,33,,100.6,20,18,,treatment,,0.0,13,1,1.0,,paid_data,20.0,18.0,1.0,0.0,2.0,17.9942787562462,0.0,98.6,16.0,100.6,,1,20,0,9vfoiax5,,,,,0,1,1
34,mrwqmc94,,0,71,70,post_exp,FinalForProlific,2026-08-24 19:04:49.104405,1,,,140.54,34,,97.0,20,20,,treatment,,0.0,8,1,1.0,,paid_data,0.0,-12.0,4.0,1.0,5.0,-8.79848578409706,1.0,95.0,21.0,97.0,,1,20,0,9vfoiax5,,,,,0,1,1
35,8lotxa0v,,0,71,70,post_exp,FinalForProlific,2026-08-24 19:05:04.989442,1,,,142.84,35,,120.45,20,19,,treatment,,0.0,19,0,0.0,,paid_data,75.0,15.0,3.0,,,27.2611152781865,0.0,120.45,8.0,120.45,,1,20,0,9vfoiax5,,,,,0,1,1
36,zy0t07g5,,0,71,70,post_exp,FinalForProlific,2026-08-24 19:05:06.605976,1,,,137.36,36,,101.0,20,6,,treatment,,0.0,6,1,1.0,,free_data,0.0,0.0,4.0,0.0,2.0,22.4078126217597,0.0,100.0,17.0,101.0,,1,20,0,9vfoiax5,,,,,0,1,0
37,zs0yllk7,,0,71,70,post_exp,FinalForProlific,2026-08-24 19:07:16.492104,1,,,113.91,37,,90.47,20,7,,treatment,,0.0,3,1,1.0,,paid_data,95.0,40.0,1.0,0.0,1.0,-4.77007384032043,1.0,90.47,14.0,90.47,,1,20,0,9vfoiax5,,,,,0,1,1
38,9ozs75r2,,0,71,70,post_exp,FinalForProlific,2026-08-24 19:07:56.656898,1,,,107.53,38,,113.72,20,19,,treatment,,0.0,19,1,1.0,,paid_data,65.0,25.0,4.0,1.0,4.0,27.2611152781865,0.0,112.72,10.0,113.72,,1,20,0,9vfoiax5,,,,,0,1,1
39,nn4f2puj,,0,71,70,post_exp,FinalForProlific,2026-08-24 19:14:35.491322,1,,,117.76,39,,104.0,20,18,,treatment,,0.0,14,1,1.0,,paid_data,50.0,-10.0,3.0,1.0,3.0,17.9942787562462,0.0,104.0,11.0,104.0,,1,20,0,9vfoiax5,,,,,0,1,1
